timestamp,node,ax,ay,az,gx,gy,gz,t_ms
2026-05-19 20:16:32,lombar,16760,336,-772,-275,-534,500,1371299
2026-05-19 20:16:32,esterno,1284,15704,-4296,-508,-159,-13,713866
2026-05-19 20:16:32,lombar,16696,148,-1032,-350,-397,461,1371321
2026-05-19 20:16:32,esterno,1396,15780,-4340,-525,-307,68,713888
2026-05-19 20:16:32,lombar,16656,80,-556,-287,-480,316,1371343
2026-05-19 20:16:32,esterno,1500,15588,-4456,-554,-361,142,713910
2026-05-19 20:16:32,lombar,16800,88,-644,-308,-500,474,1371365
2026-05-19 20:16:32,esterno,1492,15488,-4516,-646,-492,264,713932
2026-05-19 20:16:32,lombar,16648,196,-916,-439,-521,494,1371387
2026-05-19 20:16:32,esterno,1580,15540,-4660,-836,-448,201,713954
2026-05-19 20:16:32,lombar,16752,256,-620,-607,-640,506,1371409
2026-05-19 20:16:32,esterno,1576,15628,-4148,-930,-315,127,713976
2026-05-19 20:16:32,lombar,16764,244,-628,-536,-624,373,1371431
2026-05-19 20:16:32,esterno,1744,15584,-4224,-996,-496,189,713998
2026-05-19 20:16:32,lombar,16748,64,-620,-496,-415,371,1371453
2026-05-19 20:16:32,esterno,1624,15380,-4532,-753,-403,208,714020
2026-05-19 20:16:32,lombar,16800,224,-880,-447,-477,405,1371475
2026-05-19 20:16:32,esterno,1472,15412,-4344,-628,-475,128,714042
2026-05-19 20:16:32,lombar,16740,260,-692,-371,-514,457,1371497
2026-05-19 20:16:32,esterno,1224,15368,-4024,-564,-532,-27,714064
2026-05-19 20:16:32,lombar,16632,104,-620,-495,-409,489,1371519
2026-05-19 20:16:32,esterno,1240,15392,-4076,-389,-754,-55,714086
2026-05-19 20:16:32,lombar,16680,276,-468,-514,-297,551,1371541
2026-05-19 20:16:32,esterno,1352,15220,-4200,-271,-846,-91,714108
2026-05-19 20:16:32,lombar,16660,564,-796,-745,-130,603,1371563
2026-05-19 20:16:32,esterno,1372,15292,-4276,-411,-1032,-98,714130
2026-05-19 20:16:32,lombar,16732,564,-816,-944,-45,647,1371585
2026-05-19 20:16:32,esterno,1476,15452,-4240,-528,-1138,-191,714152
2026-05-19 20:16:32,lombar,16704,392,-716,-1166,-373,718,1371607
2026-05-19 20:16:32,esterno,1644,15704,-4056,-559,-1224,-312,714174
2026-05-19 20:16:32,lombar,16644,168,-1016,-1205,-497,862,1371629
2026-05-19 20:16:32,esterno,1424,15604,-4236,-559,-1293,-414,714196
2026-05-19 20:16:32,lombar,16672,48,-916,-1224,-373,909,1371651
2026-05-19 20:16:32,esterno,1412,15560,-4192,-484,-1220,-429,714218
2026-05-19 20:16:32,lombar,16648,200,-704,-1136,-207,895,1371673
2026-05-19 20:16:32,esterno,1516,15516,-4288,-442,-1110,-388,714240
2026-05-19 20:16:32,lombar,16624,236,-768,-1130,-217,894,1371695
2026-05-19 20:16:32,esterno,1444,15640,-4256,-274,-1079,-447,714262
2026-05-19 20:16:32,lombar,16672,208,-720,-1280,-160,854,1371717
2026-05-19 20:16:32,esterno,1316,15572,-4312,-273,-575,-564,714284
2026-05-19 20:16:32,lombar,16668,68,-876,-1327,-263,671,1371739
2026-05-19 20:16:32,esterno,1364,15744,-3764,-565,-1175,-385,714306
2026-05-19 20:16:32,lombar,16852,-152,-908,-1207,-264,722,1371761
2026-05-19 20:16:32,esterno,1460,15660,-4368,-407,-1202,-105,714328
2026-05-19 20:16:32,lombar,16744,-208,-732,-1045,-58,737,1371783
2026-05-19 20:16:32,esterno,1128,15484,-4436,-47,-585,-167,714350
2026-05-19 20:16:32,lombar,16796,-232,-884,-822,-96,709,1371805
2026-05-19 20:16:32,esterno,1164,15588,-4088,46,-627,-253,714372
2026-05-19 20:16:32,lombar,16736,-228,-900,-703,-82,640,1371827
2026-05-19 20:16:32,esterno,992,15700,-4084,23,-659,-169,714394
2026-05-19 20:16:32,lombar,16692,-288,-808,-628,26,709,1371849
2026-05-19 20:16:32,esterno,944,15720,-3796,-241,-794,-86,714416
2026-05-19 20:16:32,lombar,16708,-224,-696,-431,-60,687,1371871
2026-05-19 20:16:32,esterno,1036,15640,-4084,-307,-908,57,714438
2026-05-19 20:16:32,lombar,16756,-136,-728,-311,-111,699,1371893
2026-05-19 20:16:32,esterno,1124,15476,-4176,-39,-857,-47,714460
2026-05-19 20:16:32,lombar,16600,-180,-656,-134,-124,540,1371915
2026-05-19 20:16:32,esterno,1016,15500,-4256,-60,-770,-151,714482
2026-05-19 20:16:32,lombar,16764,-84,-640,-104,-168,522,1371937
2026-05-19 20:16:32,esterno,968,15620,-4252,-214,-642,-237,714504
2026-05-19 20:16:32,lombar,16668,-76,-860,-223,-151,554,1371959
2026-05-19 20:16:33,esterno,1108,15596,-4128,-159,-643,-158,714526
2026-05-19 20:16:33,lombar,16676,-76,-768,-191,-97,438,1371981
2026-05-19 20:16:33,esterno,1128,15684,-4180,-238,-605,-114,714548
2026-05-19 20:16:33,lombar,16600,-204,-744,-278,-292,414,1372003
2026-05-19 20:16:33,esterno,1296,15772,-4344,-452,-336,-127,714570
2026-05-19 20:16:33,lombar,16620,-256,-596,-244,-391,360,1372025
2026-05-19 20:16:33,esterno,1236,15716,-4192,-461,-158,-94,714592
2026-05-19 20:16:33,lombar,16416,-468,-328,-121,-625,297,1372047
2026-05-19 20:16:33,esterno,1148,15588,-4360,-382,3,-69,714614
2026-05-19 20:16:33,lombar,16636,-268,-704,-139,-400,390,1372069
2026-05-19 20:16:33,esterno,912,15540,-4112,-414,171,-79,714636
2026-05-19 20:16:33,lombar,16660,-244,-816,-178,-259,328,1372091
2026-05-19 20:16:33,esterno,848,15664,-4092,-568,165,39,714658
2026-05-19 20:16:33,lombar,16700,-336,-852,-31,-378,275,1372113
2026-05-19 20:16:33,esterno,800,15736,-4012,-569,1,4,714680
2026-05-19 20:16:33,lombar,16740,-292,-764,-83,-609,340,1372135
2026-05-19 20:16:33,esterno,988,15836,-3892,-601,-27,68,714702
2026-05-19 20:16:33,lombar,16736,-348,-840,-41,-569,329,1372157
2026-05-19 20:16:33,esterno,940,15708,-3924,-668,45,125,714724
2026-05-19 20:16:33,lombar,16628,-360,-740,35,-455,320,1372179
2026-05-19 20:16:33,esterno,1108,15600,-4068,-543,87,226,714746
2026-05-19 20:16:33,lombar,16708,-80,-708,134,-357,363,1372201
2026-05-19 20:16:33,esterno,1196,15544,-4228,-531,179,117,714768
2026-05-19 20:16:33,lombar,16696,-80,-772,149,-521,264,1372223
2026-05-19 20:16:33,esterno,1076,15712,-4012,-645,206,61,714790
2026-05-19 20:16:33,lombar,16576,-4,-568,119,-530,354,1372245
2026-05-19 20:16:33,esterno,1136,15712,-4248,-707,462,95,714812
2026-05-19 20:16:33,lombar,16668,-108,-896,147,-519,274,1372267
2026-05-19 20:16:33,esterno,1276,15712,-4056,-693,621,134,714834
2026-05-19 20:16:33,lombar,16748,-68,-760,157,-513,232,1372289
2026-05-19 20:16:33,esterno,1224,15796,-4000,-798,618,186,714856
2026-05-19 20:16:33,lombar,16628,-216,-632,97,-600,235,1372311
2026-05-19 20:16:33,esterno,1176,15656,-4048,-641,764,146,714878
2026-05-19 20:16:33,lombar,16740,-160,-860,176,-646,281,1372333
2026-05-19 20:16:33,esterno,896,15736,-3644,-631,759,32,714900
2026-05-19 20:16:33,lombar,16720,-40,-924,188,-572,291,1372355
2026-05-19 20:16:33,esterno,1032,15968,-3360,-909,202,230,714922
2026-05-19 20:16:33,lombar,16724,-196,-1016,316,-598,206,1372377
2026-05-19 20:16:33,esterno,1084,15836,-3864,-954,56,466,714944
2026-05-19 20:16:33,lombar,16616,-120,-1356,297,-380,249,1372399
2026-05-19 20:16:33,esterno,1188,15696,-3808,-817,486,373,714966
2026-05-19 20:16:33,lombar,16524,12,-1168,328,-170,235,1372421
2026-05-19 20:16:33,esterno,1444,15836,-3404,-724,286,245,714988
2026-05-19 20:16:33,lombar,16408,-16,-548,285,-560,334,1372443
2026-05-19 20:16:33,esterno,1284,15716,-3076,-632,303,205,715010
2026-05-19 20:16:33,lombar,16612,-148,-1000,109,-849,477,1372465
2026-05-19 20:16:33,esterno,1104,15972,-3332,-940,372,220,715032
2026-05-19 20:16:33,lombar,16484,24,-1012,93,-175,324,1372487
2026-05-19 20:16:33,esterno,976,15988,-3720,-1196,175,276,715054
2026-05-19 20:16:33,lombar,16564,12,-908,94,-265,344,1372509
2026-05-19 20:16:33,esterno,1068,15888,-3556,-986,-78,400,715076
2026-05-19 20:16:33,lombar,16680,12,-900,-26,-973,423,1372531
2026-05-19 20:16:33,esterno,1192,15764,-3312,-1066,-113,329,715098
2026-05-19 20:16:33,lombar,16584,-40,-840,-5,-1082,460,1372553
2026-05-19 20:16:33,esterno,1088,15696,-3524,-1363,35,251,715120
2026-05-19 20:16:33,lombar,16484,-64,-960,67,-461,427,1372575
2026-05-19 20:16:33,esterno,1224,15536,-3684,-1414,-50,299,715142
2026-05-19 20:16:33,lombar,16528,48,-724,-179,-619,502,1372597
2026-05-19 20:16:33,esterno,1188,15716,-3428,-1293,-193,372,715164
2026-05-19 20:16:33,lombar,16840,-28,-592,-273,-1326,510,1372619
2026-05-19 20:16:33,esterno,1188,15568,-3404,-1229,-75,291,715186
2026-05-19 20:16:33,lombar,16940,-112,-632,-179,-1236,437,1372641
2026-05-19 20:16:33,esterno,1444,15684,-3544,-1416,34,194,715208
2026-05-19 20:16:33,lombar,16796,-192,-780,34,-743,417,1372663
2026-05-19 20:16:33,esterno,1512,15492,-3424,-1224,92,75,715230
2026-05-19 20:16:33,lombar,16772,28,-1000,-24,-603,594,1372685
2026-05-19 20:16:33,esterno,1244,15372,-3160,-959,188,-7,715252
2026-05-19 20:16:33,lombar,16768,-180,-792,-194,-896,545,1372707
2026-05-19 20:16:33,esterno,1300,15516,-3472,-814,203,-33,715274
2026-05-19 20:16:33,lombar,16816,-112,-1072,36,-1162,440,1372729
2026-05-19 20:16:33,esterno,1224,15540,-3156,-624,208,-213,715296
2026-05-19 20:16:33,lombar,16748,-336,-1056,256,-735,491,1372751
2026-05-19 20:16:33,esterno,1124,15492,-3172,-587,23,-276,715318
2026-05-19 20:16:33,lombar,16732,-180,-868,232,-583,579,1372773
2026-05-19 20:16:33,esterno,1060,15572,-3008,-415,-143,-202,715340
2026-05-19 20:16:33,lombar,16724,-48,-1096,155,-795,512,1372795
2026-05-19 20:16:33,esterno,1036,15460,-2836,-128,-332,-51,715362
2026-05-19 20:16:33,lombar,16744,-48,-1036,31,-546,416,1372817
2026-05-19 20:16:33,esterno,1160,15500,-2760,-34,-422,-29,715384
2026-05-19 20:16:33,lombar,16784,-192,-1148,-149,-491,409,1372839
2026-05-19 20:16:33,esterno,1228,15740,-2920,21,-415,-21,715406
2026-05-19 20:16:33,lombar,16820,-176,-1216,-157,-606,372,1372861
2026-05-19 20:16:33,esterno,1228,15764,-3140,0,-311,-90,715428
2026-05-19 20:16:33,lombar,16628,-292,-1136,-200,-585,389,1372883
2026-05-19 20:16:33,esterno,1392,15976,-2924,-199,-364,-59,715450
2026-05-19 20:16:33,lombar,16644,-228,-964,-168,-575,390,1372905
2026-05-19 20:16:33,esterno,1028,15748,-3372,-46,-559,0,715472
2026-05-19 20:16:33,lombar,16708,-252,-748,-64,-885,347,1372927
2026-05-19 20:16:33,esterno,888,15512,-3224,148,-87,-204,715494
2026-05-19 20:16:33,lombar,16704,-252,-1028,-27,-869,377,1372949
2026-05-19 20:16:33,esterno,1056,15504,-3040,-50,-534,-282,715516
2026-05-19 20:16:34,lombar,16640,-320,-992,-11,-527,405,1372971
2026-05-19 20:16:34,esterno,1244,15428,-3056,-148,-576,-150,715538
2026-05-19 20:16:34,lombar,16580,-120,-1112,301,-414,402,1372993
2026-05-19 20:16:34,esterno,1356,15588,-3496,30,-43,-28,715560
2026-05-19 20:16:34,lombar,16456,-216,-1684,206,17,301,1373015
2026-05-19 20:16:34,esterno,1112,15840,-3452,235,23,-146,715582
2026-05-19 20:16:34,lombar,16820,-448,-1140,187,-514,296,1373037
2026-05-19 20:16:34,esterno,1128,15996,-3188,450,-49,-252,715604
2026-05-19 20:16:34,lombar,16904,-548,-1328,204,-378,407,1373059
2026-05-19 20:16:34,esterno,1096,15948,-2888,201,241,-241,715626
2026-05-19 20:16:34,lombar,16536,-476,-1884,97,336,342,1373081
2026-05-19 20:16:34,esterno,1044,15996,-3108,-128,106,-36,715648
2026-05-19 20:16:34,lombar,16384,-284,-1256,249,-7,193,1373103
2026-05-19 20:16:34,esterno,1068,16060,-3440,130,314,167,715670
2026-05-19 20:16:34,lombar,16912,-244,-1196,318,-595,123,1373125
2026-05-19 20:16:34,esterno,1044,16044,-3040,256,353,30,715692
2026-05-19 20:16:34,lombar,16552,-356,-1284,190,-421,192,1373147
2026-05-19 20:16:34,esterno,1096,15920,-3116,-92,374,-94,715714
2026-05-19 20:16:34,lombar,16408,-376,-1144,177,-14,124,1373169
2026-05-19 20:16:34,esterno,1096,15728,-3240,-95,417,-59,715736
2026-05-19 20:16:34,lombar,16512,-216,-1524,351,-1,114,1373191
2026-05-19 20:16:34,esterno,1220,15660,-3348,-56,508,139,715758
2026-05-19 20:16:34,lombar,16156,-148,-1580,201,-273,107,1373213
2026-05-19 20:16:34,esterno,1052,15636,-3176,-49,650,154,715780
2026-05-19 20:16:34,lombar,16368,-204,-1272,228,-230,7,1373235
2026-05-19 20:16:34,esterno,1416,15664,-3120,-25,515,193,715802
2026-05-19 20:16:34,lombar,16532,-288,-1328,419,-401,76,1373257
2026-05-19 20:16:34,esterno,1248,15632,-3344,-19,501,122,715824
2026-05-19 20:16:34,lombar,16388,-340,-1440,499,-417,140,1373279
2026-05-19 20:16:34,esterno,1080,15808,-3120,-222,618,55,715846
2026-05-19 20:16:34,lombar,15916,-1024,-1572,377,-672,880,1373301
2026-05-19 20:16:34,esterno,1172,15844,-2964,-396,507,217,715868
2026-05-19 20:16:34,lombar,16400,448,-1932,568,-621,48,1373323
2026-05-19 20:16:34,esterno,1232,15908,-2868,-447,465,336,715890
2026-05-19 20:16:34,lombar,16500,-16,-1776,380,-1052,-8,1373345
2026-05-19 20:16:34,esterno,1480,16076,-2884,-542,492,357,715912
2026-05-19 20:16:34,lombar,16768,-252,-2028,147,-730,93,1373367
2026-05-19 20:16:34,esterno,1664,16424,-2608,-701,693,257,715934
2026-05-19 20:16:34,lombar,16684,-152,-1876,257,-739,-23,1373389
2026-05-19 20:16:34,esterno,1628,16428,-2560,-696,734,289,715956
2026-05-19 20:16:34,lombar,16688,-204,-2128,489,-841,123,1373411
2026-05-19 20:16:34,esterno,1464,16260,-2480,-747,649,284,715978
2026-05-19 20:16:34,lombar,16664,-148,-2028,453,-661,235,1373433
2026-05-19 20:16:34,esterno,1212,16072,-2604,-742,377,308,716000
2026-05-19 20:16:34,lombar,16644,-64,-1572,462,-848,320,1373455
2026-05-19 20:16:34,esterno,988,15860,-2576,-713,120,239,716022
2026-05-19 20:16:34,lombar,16608,120,-1784,354,-879,260,1373477
2026-05-19 20:16:34,esterno,1100,15956,-2640,-879,88,214,716044
2026-05-19 20:16:34,lombar,16428,-28,-1616,391,-599,281,1373499
2026-05-19 20:16:34,esterno,1276,15820,-2896,-956,-73,301,716066
2026-05-19 20:16:34,lombar,16520,24,-1716,288,-785,286,1373521
2026-05-19 20:16:34,esterno,1608,15628,-3364,-792,236,155,716088
2026-05-19 20:16:34,lombar,16532,4,-1540,137,-947,440,1373543
2026-05-19 20:16:34,esterno,1692,15432,-2692,-829,73,-5,716110
2026-05-19 20:16:34,lombar,16532,-36,-1512,101,-1084,467,1373565
2026-05-19 20:16:34,esterno,1284,15680,-2592,-1029,-409,-27,716132
2026-05-19 20:16:34,lombar,16492,56,-1808,173,-980,490,1373587
2026-05-19 20:16:34,esterno,1260,15656,-3268,-951,-25,78,716154
2026-05-19 20:16:34,lombar,16632,-16,-1740,-45,-1131,619,1373609
2026-05-19 20:16:34,esterno,1364,15692,-2888,-929,144,-15,716176
2026-05-19 20:16:34,lombar,16704,-32,-1820,-120,-1088,653,1373631
2026-05-19 20:16:34,esterno,1476,15748,-2772,-747,119,-54,716198
2026-05-19 20:16:34,lombar,16500,-56,-2096,-203,-1017,666,1373653
2026-05-19 20:16:34,esterno,1260,16152,-1868,-854,81,-189,716220
2026-05-19 20:16:34,lombar,16516,-84,-2004,-311,-991,629,1373675
2026-05-19 20:16:34,esterno,1268,16236,-2180,-1062,-97,-144,716242
2026-05-19 20:16:34,lombar,16600,-56,-1832,-279,-862,600,1373697
2026-05-19 20:16:34,esterno,1236,15748,-2760,-995,-72,-135,716264
2026-05-19 20:16:34,lombar,16668,-156,-1896,-216,-865,526,1373719
2026-05-19 20:16:34,esterno,1400,15552,-2872,-822,68,-148,716286
2026-05-19 20:16:34,lombar,16520,-248,-1928,-218,-892,565,1373741
2026-05-19 20:16:34,esterno,1324,15716,-2436,-826,55,-272,716308
2026-05-19 20:16:34,lombar,16496,-252,-2172,-247,-793,730,1373763
2026-05-19 20:16:34,esterno,1168,16028,-2168,-728,-64,-362,716330
2026-05-19 20:16:34,lombar,16500,-392,-1980,-225,-797,618,1373785
2026-05-19 20:16:34,esterno,1240,15844,-2384,-822,-3,-148,716352
2026-05-19 20:16:34,lombar,16404,-276,-1900,-311,-745,597,1373807
2026-05-19 20:16:34,esterno,1216,15724,-2656,-664,84,-100,716374
2026-05-19 20:16:34,lombar,16532,-300,-2032,-371,-721,528,1373829
2026-05-19 20:16:34,esterno,1112,15812,-2076,-213,-167,-161,716396
2026-05-19 20:16:34,lombar,16472,-460,-2216,-88,-781,561,1373851
2026-05-19 20:16:34,esterno,1248,16012,-1920,-357,-92,-228,716418
2026-05-19 20:16:34,lombar,16356,-436,-2184,65,-655,454,1373873
2026-05-19 20:16:34,esterno,1212,16180,-2340,-1095,287,-53,716440
2026-05-19 20:16:34,lombar,16496,-176,-2656,251,-358,436,1373895
2026-05-19 20:16:34,esterno,1372,16112,-1848,-758,-106,143,716462
2026-05-19 20:16:34,lombar,16584,-284,-2492,263,-436,224,1373917
2026-05-19 20:16:34,esterno,1244,16056,-1516,-183,-215,80,716484
2026-05-19 20:16:34,lombar,16752,-216,-2452,264,-133,286,1373939
2026-05-19 20:16:34,esterno,1276,16360,-1612,-440,-245,45,716506
2026-05-19 20:16:34,lombar,16552,-336,-2396,84,186,254,1373961
2026-05-19 20:16:35,esterno,1364,16408,-1848,-815,-212,82,716528
2026-05-19 20:16:35,lombar,16536,-312,-2188,99,195,225,1373983
2026-05-19 20:16:35,esterno,1196,15936,-2076,-881,-436,114,716550
2026-05-19 20:16:35,lombar,16668,-456,-2540,250,-244,318,1374005
2026-05-19 20:16:35,esterno,1072,15692,-2360,-932,-372,30,716572
2026-05-19 20:16:35,lombar,16668,-416,-2104,269,-399,388,1374027
2026-05-19 20:16:35,esterno,1220,15892,-2328,-1136,-212,20,716594
2026-05-19 20:16:35,lombar,16508,-272,-2232,347,-424,537,1374049
2026-05-19 20:16:35,esterno,1436,15816,-2080,-985,-2,-182,716616
2026-05-19 20:16:35,lombar,16296,-104,-1844,161,-683,513,1374071
2026-05-19 20:16:35,esterno,1188,15892,-1920,-880,-145,-365,716638
2026-05-19 20:16:35,lombar,16456,-196,-2164,61,-752,603,1374093
2026-05-19 20:16:35,esterno,1044,16120,-2672,-1141,-60,-541,716660
2026-05-19 20:16:35,lombar,16392,-332,-2480,316,-397,523,1374115
2026-05-19 20:16:35,esterno,652,16148,-2852,-2824,422,-701,716682
2026-05-19 20:16:35,lombar,16396,-360,-2156,396,-645,577,1374137
2026-05-19 20:16:35,esterno,1360,16532,-1392,-4463,-65,-141,716704
2026-05-19 20:16:35,lombar,16796,-544,-2308,169,-1032,542,1374159
2026-05-19 20:16:35,esterno,1736,16280,-1192,-4491,137,606,716726
2026-05-19 20:16:35,lombar,16680,-444,-2160,-11,-836,441,1374181
2026-05-19 20:16:35,esterno,1412,15412,-928,-3082,547,124,716748
2026-05-19 20:16:35,lombar,16712,-344,-2644,7,-147,324,1374203
2026-05-19 20:16:35,esterno,1432,15356,-1392,-1653,915,-163,716770
2026-05-19 20:16:35,lombar,16496,-508,-2644,212,202,264,1374225
2026-05-19 20:16:35,esterno,1224,15432,-768,-1402,1415,-33,716792
2026-05-19 20:16:35,lombar,16124,-560,-2924,-82,257,370,1374247
2026-05-19 20:16:35,esterno,580,14944,-480,-1012,530,-329,716814
2026-05-19 20:16:35,lombar,16532,-508,-1932,-573,-124,394,1374269
2026-05-19 20:16:35,esterno,980,14896,-1088,970,-96,-293,716836
2026-05-19 20:16:35,lombar,16544,-452,-1512,-447,-653,385,1374291
2026-05-19 20:16:35,esterno,1480,15156,-1008,2337,-519,43,716858
2026-05-19 20:16:35,lombar,16448,-344,-1556,-95,-225,237,1374313
2026-05-19 20:16:35,esterno,1568,15500,-2032,2286,-354,30,716880
2026-05-19 20:16:35,lombar,16376,-400,-1744,215,87,274,1374335
2026-05-19 20:16:35,esterno,1480,15620,-2284,2079,-416,-68,716902
2026-05-19 20:16:35,lombar,16328,-300,-2152,466,-257,551,1374357
2026-05-19 20:16:35,esterno,1368,15800,-1920,1936,-254,52,716924
2026-05-19 20:16:35,lombar,16604,-104,-2544,350,-600,585,1374379
2026-05-19 20:16:35,esterno,1204,16156,-1952,1551,-191,111,716946
2026-05-19 20:16:35,lombar,16492,-108,-2232,94,-1066,710,1374401
2026-05-19 20:16:35,esterno,1068,15812,-2008,1139,72,-82,716968
2026-05-19 20:16:35,lombar,16748,-300,-2372,68,-1052,654,1374423
2026-05-19 20:16:35,esterno,904,16104,-1732,1256,-91,-272,716990
2026-05-19 20:16:35,lombar,16688,-308,-2536,343,-517,622,1374445
2026-05-19 20:16:35,esterno,1136,16472,-1612,1161,119,-132,717012
2026-05-19 20:16:35,lombar,16664,-152,-2372,416,-736,673,1374467
2026-05-19 20:16:35,esterno,1216,16788,-1168,555,50,-143,717034
2026-05-19 20:16:35,lombar,16468,-252,-2368,-52,-593,717,1374489
2026-05-19 20:16:35,esterno,1080,16340,-1556,195,-133,-144,717056
2026-05-19 20:16:35,lombar,16360,-344,-2436,-236,-329,535,1374511
2026-05-19 20:16:35,esterno,936,15980,-1976,139,-179,-131,717078
2026-05-19 20:16:35,lombar,16576,-420,-2136,-201,-334,403,1374533
2026-05-19 20:16:35,esterno,1020,15960,-1908,77,-309,48,717100
2026-05-19 20:16:35,lombar,16436,-504,-2336,-469,-436,339,1374555
2026-05-19 20:16:35,esterno,880,15900,-2164,-180,-286,34,717122
2026-05-19 20:16:35,lombar,16348,-396,-2308,-445,-548,368,1374577
2026-05-19 20:16:35,esterno,1012,15764,-2396,-353,-213,-167,717144
2026-05-19 20:16:35,lombar,16496,-548,-2480,-279,-472,290,1374599
2026-05-19 20:16:35,esterno,992,15736,-2516,-493,-273,-35,717166
2026-05-19 20:16:35,lombar,16528,-572,-2168,-254,-362,384,1374621
2026-05-19 20:16:35,esterno,1128,15436,-2052,-455,-130,-17,717188
2026-05-19 20:16:35,lombar,16352,-400,-2192,-261,-354,417,1374643
2026-05-19 20:16:35,esterno,1036,15744,-1696,-59,-208,-127,717210
2026-05-19 20:16:35,lombar,16520,-536,-2340,-231,-216,334,1374665
2026-05-19 20:16:35,esterno,1092,15832,-2068,-129,-316,-219,717232
2026-05-19 20:16:35,lombar,16440,-612,-2264,-187,-450,371,1374687
2026-05-19 20:16:35,esterno,1032,15688,-2416,90,74,-287,717254
2026-05-19 20:16:35,lombar,16552,-496,-2284,-55,-559,451,1374709
2026-05-19 20:16:35,esterno,1220,16080,-1496,373,-27,-201,717276
2026-05-19 20:16:35,lombar,16516,-372,-2108,107,-400,334,1374731
2026-05-19 20:16:35,esterno,1172,16148,-1816,407,-288,-24,717298
2026-05-19 20:16:35,lombar,16444,-504,-2240,-41,-386,318,1374753
2026-05-19 20:16:35,esterno,840,15700,-2168,538,-139,-82,717320
2026-05-19 20:16:35,lombar,16576,-444,-2508,95,-243,282,1374775
2026-05-19 20:16:35,esterno,832,15688,-2540,596,121,-185,717342
2026-05-19 20:16:35,lombar,16556,-320,-2452,55,-308,330,1374797
2026-05-19 20:16:35,esterno,1056,15848,-2116,611,172,-252,717364
2026-05-19 20:16:35,lombar,16448,-376,-2504,-40,-409,284,1374819
2026-05-19 20:16:35,esterno,1264,15676,-2312,508,428,-338,717386
2026-05-19 20:16:35,lombar,16528,-692,-2504,-19,-257,204,1374841
2026-05-19 20:16:35,esterno,844,15996,-2072,461,313,-127,717408
2026-05-19 20:16:35,lombar,16608,-676,-2372,110,-120,194,1374863
2026-05-19 20:16:35,esterno,804,16040,-1932,753,182,79,717430
2026-05-19 20:16:35,lombar,16500,-500,-2260,118,-20,135,1374885
2026-05-19 20:16:35,esterno,1072,16024,-1968,845,414,124,717452
2026-05-19 20:16:35,lombar,16352,-416,-2668,128,90,133,1374907
2026-05-19 20:16:35,esterno,928,16020,-2192,514,447,-144,717474
2026-05-19 20:16:35,lombar,16300,-576,-2664,17,-36,125,1374929
2026-05-19 20:16:35,esterno,1196,15840,-2236,353,555,-320,717496
2026-05-19 20:16:35,lombar,16544,-668,-2628,287,-274,270,1374951
2026-05-19 20:16:35,esterno,1284,15828,-2192,479,431,-227,717518
2026-05-19 20:16:36,lombar,16624,-600,-2468,364,-160,275,1374973
2026-05-19 20:16:36,esterno,1072,15756,-2260,371,719,-478,717540
2026-05-19 20:16:36,lombar,16444,-360,-2680,422,64,387,1374995
2026-05-19 20:16:36,esterno,900,15876,-1952,191,602,-462,717562
2026-05-19 20:16:36,lombar,16412,-332,-2628,496,-143,344,1375017
2026-05-19 20:16:36,esterno,972,15800,-2340,349,530,-469,717584
2026-05-19 20:16:36,lombar,16412,-188,-2472,600,-69,366,1375039
2026-05-19 20:16:36,esterno,732,16068,-1800,287,483,-418,717606
2026-05-19 20:16:36,lombar,16520,48,-2456,119,-147,479,1375061
2026-05-19 20:16:36,esterno,972,16276,-2260,-150,137,-356,717628
2026-05-19 20:16:36,lombar,16172,-32,-2800,147,-166,257,1375083
2026-05-19 20:16:36,esterno,1004,16528,-2676,-366,105,-222,717650
2026-05-19 20:16:36,lombar,16276,-328,-2892,294,-489,-6,1375105
2026-05-19 20:16:36,esterno,1376,16536,-2412,-348,6,69,717672
2026-05-19 20:16:36,lombar,16264,-184,-2524,280,-584,60,1375127
2026-05-19 20:16:36,esterno,1424,16136,-2176,-425,178,385,717694
2026-05-19 20:16:36,lombar,16376,-304,-2772,494,-533,118,1375149
2026-05-19 20:16:36,esterno,1576,16032,-2388,-669,421,393,717716
2026-05-19 20:16:36,lombar,16472,-148,-2576,602,-465,109,1375171
2026-05-19 20:16:36,esterno,1540,15740,-2348,-613,559,313,717738
2026-05-19 20:16:36,lombar,16632,16,-2408,525,-666,189,1375193
2026-05-19 20:16:36,esterno,1472,15924,-2408,-435,536,273,717760
2026-05-19 20:16:36,lombar,16600,-100,-2648,433,-638,317,1375215
2026-05-19 20:16:36,esterno,1352,16020,-2328,-640,560,234,717782
2026-05-19 20:16:36,lombar,16544,-128,-2456,278,-371,356,1375237
2026-05-19 20:16:36,esterno,1096,15948,-2120,-920,472,181,717804
2026-05-19 20:16:36,lombar,16616,-236,-2144,281,-484,471,1375259
2026-05-19 20:16:36,esterno,1044,15748,-2132,-602,371,72,717826
2026-05-19 20:16:36,lombar,16576,-256,-2524,108,-272,434,1375281
2026-05-19 20:16:36,esterno,1060,15680,-2272,-251,728,-82,717848
2026-05-19 20:16:36,lombar,16524,-312,-2324,174,204,433,1375303
2026-05-19 20:16:36,esterno,1268,15856,-2096,-467,331,-126,717870
2026-05-19 20:16:36,lombar,16692,-228,-1984,185,-3,530,1375325
2026-05-19 20:16:36,esterno,976,15708,-1996,-456,316,-153,717892
2026-05-19 20:16:36,lombar,16732,-392,-2288,23,109,573,1375347
2026-05-19 20:16:36,esterno,812,15736,-2460,-189,513,-249,717914
2026-05-19 20:16:36,lombar,16540,-188,-2084,-44,437,599,1375369
2026-05-19 20:16:36,esterno,828,15952,-2424,-34,558,-445,717936
2026-05-19 20:16:36,lombar,16456,-412,-2220,-67,236,522,1375391
2026-05-19 20:16:36,esterno,968,15996,-2548,-120,433,-497,717958
2026-05-19 20:16:36,lombar,16420,-676,-2132,-27,314,520,1375413
2026-05-19 20:16:36,esterno,924,15768,-2324,-420,591,-518,717980
2026-05-19 20:16:36,lombar,16412,-708,-1996,196,353,550,1375435
2026-05-19 20:16:36,esterno,660,15724,-2144,-352,463,-344,718002
2026-05-19 20:16:36,lombar,16536,-568,-2044,237,202,581,1375457
2026-05-19 20:16:36,esterno,656,15644,-2056,137,427,-262,718024
2026-05-19 20:16:36,lombar,16524,-452,-2076,247,109,468,1375479
2026-05-19 20:16:36,esterno,580,15928,-2240,211,338,-247,718046
2026-05-19 20:16:36,lombar,16400,-436,-2084,414,159,394,1375501
2026-05-19 20:16:36,esterno,820,15808,-2360,-199,345,-222,718068
2026-05-19 20:16:36,lombar,16424,-440,-2184,292,85,466,1375523
2026-05-19 20:16:36,esterno,740,15860,-2840,-655,218,-211,718090
2026-05-19 20:16:36,lombar,16388,-552,-1776,114,-89,568,1375545
2026-05-19 20:16:36,esterno,512,15792,-2196,-691,204,-131,718112
2026-05-19 20:16:36,lombar,16456,-652,-2044,135,-152,533,1375567
2026-05-19 20:16:36,esterno,548,15972,-1756,-443,167,-140,718134
2026-05-19 20:16:36,lombar,16480,-500,-1948,189,-190,475,1375589
2026-05-19 20:16:36,esterno,736,16060,-1900,-275,-81,-179,718156
2026-05-19 20:16:36,lombar,16676,-540,-2204,110,-265,516,1375611
2026-05-19 20:16:36,esterno,720,15848,-2144,-522,25,-281,718178
2026-05-19 20:16:36,lombar,16540,-604,-2308,27,-218,535,1375633
2026-05-19 20:16:36,esterno,620,15840,-2276,-923,-93,-149,718200
2026-05-19 20:16:36,lombar,16492,-744,-2164,-156,-212,562,1375655
2026-05-19 20:16:36,esterno,460,15800,-1756,-824,-248,-42,718222
2026-05-19 20:16:36,lombar,16548,-792,-1888,-283,-294,524,1375677
2026-05-19 20:16:36,esterno,412,16168,-2052,-446,-493,-28,718244
2026-05-19 20:16:36,lombar,16696,-644,-1964,-211,-200,572,1375699
2026-05-19 20:16:36,esterno,592,16392,-2152,-588,-474,-74,718266
2026-05-19 20:16:36,lombar,16436,-520,-2208,-260,-127,533,1375721
2026-05-19 20:16:36,esterno,728,16016,-2036,-614,-419,-124,718288
2026-05-19 20:16:36,lombar,16476,-632,-2304,-389,-284,395,1375743
2026-05-19 20:16:36,esterno,596,16116,-2360,-730,-532,-78,718310
2026-05-19 20:16:36,lombar,16668,-800,-2160,-372,-353,505,1375765
2026-05-19 20:16:36,esterno,332,16036,-2136,-817,-486,17,718332
2026-05-19 20:16:36,lombar,16548,-860,-2028,-429,-338,580,1375787
2026-05-19 20:16:36,esterno,448,15988,-1688,-719,-487,-9,718354
2026-05-19 20:16:36,lombar,16688,-836,-2388,-484,-367,638,1375809
2026-05-19 20:16:36,esterno,496,16020,-1608,-670,-618,-86,718376
2026-05-19 20:16:36,lombar,16468,-820,-2216,-639,-339,618,1375831
2026-05-19 20:16:36,esterno,440,15932,-1448,-633,-839,-34,718398
2026-05-19 20:16:36,lombar,16536,-900,-2024,-882,-401,607,1375853
2026-05-19 20:16:36,esterno,412,15792,-1672,-492,-694,-70,718420
2026-05-19 20:16:36,lombar,16628,-1052,-2252,-932,-514,537,1375875
2026-05-19 20:16:36,esterno,376,15732,-1988,-658,-425,-266,718442
2026-05-19 20:16:36,lombar,16600,-1068,-2228,-814,-231,591,1375897
2026-05-19 20:16:36,esterno,604,15628,-1932,-694,-702,-232,718464
2026-05-19 20:16:36,lombar,16564,-1080,-2360,-635,-63,509,1375919
2026-05-19 20:16:36,esterno,308,15800,-1648,-416,-814,-202,718486
2026-05-19 20:16:36,lombar,16544,-1028,-2308,-310,-32,596,1375941
2026-05-19 20:16:36,esterno,348,15708,-1976,-205,-452,-295,718508
2026-05-19 20:16:36,lombar,16632,-944,-2132,-209,60,585,1375963
2026-05-19 20:16:37,esterno,472,15700,-1768,-20,-358,-371,718530
2026-05-19 20:16:37,lombar,16572,-968,-2140,-254,376,542,1375985
2026-05-19 20:16:37,esterno,672,15652,-1828,340,-263,-407,718552
2026-05-19 20:16:37,lombar,16776,-1016,-1776,-405,469,592,1376007
2026-05-19 20:16:37,esterno,512,15748,-1684,501,-113,-422,718574
2026-05-19 20:16:37,lombar,16692,-1024,-2076,-308,526,578,1376029
2026-05-19 20:16:37,esterno,556,15696,-1948,553,-68,-427,718596
2026-05-19 20:16:37,lombar,16456,-788,-1928,-438,616,589,1376051
2026-05-19 20:16:37,esterno,648,15776,-2192,793,115,-418,718618
2026-05-19 20:16:37,lombar,16636,-608,-1956,-50,693,456,1376073
2026-05-19 20:16:37,esterno,772,15928,-1984,846,244,-354,718640
2026-05-19 20:16:37,lombar,16548,-508,-1716,-41,945,522,1376095
2026-05-19 20:16:37,esterno,724,15992,-1740,777,235,-277,718662
2026-05-19 20:16:37,lombar,16512,-420,-1728,-416,678,591,1376117
2026-05-19 20:16:37,esterno,596,16088,-2168,672,274,-404,718684
2026-05-19 20:16:37,lombar,16508,-996,-1652,-695,273,538,1376139
2026-05-19 20:16:37,esterno,248,15852,-2008,556,-21,-451,718706
2026-05-19 20:16:37,lombar,16644,-1056,-1756,-669,144,632,1376161
2026-05-19 20:16:37,esterno,16,15968,-2112,439,-145,-420,718728
2026-05-19 20:16:37,lombar,16424,-1032,-1396,-719,49,667,1376183
2026-05-19 20:16:37,esterno,96,15792,-2128,514,-353,-427,718750
2026-05-19 20:16:37,lombar,16136,-1344,-1460,-1054,285,875,1376205
2026-05-19 20:16:37,esterno,-268,15480,-1812,696,-331,-650,718772
2026-05-19 20:16:37,lombar,16276,-1476,-1116,-1482,366,870,1376227
2026-05-19 20:16:37,esterno,-352,15336,-2424,489,-299,-827,718794
2026-05-19 20:16:37,lombar,15764,-1840,-1792,-934,828,507,1376249
2026-05-19 20:16:37,esterno,-688,15552,-2552,211,67,-718,718816
2026-05-19 20:16:37,lombar,16236,-2076,-1912,-724,285,119,1376271
2026-05-19 20:16:37,esterno,-852,16164,-2104,122,159,-463,718838
2026-05-19 20:16:37,lombar,16248,-2152,-2004,-356,-229,-8,1376293
2026-05-19 20:16:37,esterno,-860,16484,-2012,23,440,-383,718860
2026-05-19 20:16:37,lombar,16336,-2276,-2080,167,-637,-105,1376315
2026-05-19 20:16:37,lombar,16192,-2436,-2152,757,-912,-89,1376337
2026-05-19 20:16:37,esterno,-568,16624,-1680,-488,771,-279,718882
2026-05-19 20:16:37,esterno,-88,16328,-1732,-835,1169,-56,718904
2026-05-19 20:16:37,lombar,15776,-2276,-2512,1097,-871,-332,1376359
2026-05-19 20:16:37,esterno,148,15776,-1932,-775,1533,216,718926
2026-05-19 20:16:37,lombar,15828,-2400,-2728,1611,-830,-731,1376381
2026-05-19 20:16:37,esterno,16,15472,-1564,-712,2017,305,718948
2026-05-19 20:16:37,lombar,16320,-2544,-2484,2347,-914,-982,1376403
2026-05-19 20:16:37,esterno,-368,15764,-1472,-1112,2494,466,718970
2026-05-19 20:16:37,lombar,17156,-1912,-2076,2888,-1480,-1039,1376425
2026-05-19 20:16:37,esterno,-556,16364,-1964,-1358,2740,840,718992
2026-05-19 20:16:37,lombar,17944,-756,-1480,3104,-1407,-997,1376447
2026-05-19 20:16:37,esterno,-272,16676,-2588,-950,3008,1171,719014
2026-05-19 20:16:37,lombar,17652,168,-1368,2780,-1257,-909,1376469
2026-05-19 20:16:37,esterno,172,16852,-2172,-496,3011,1323,719036
2026-05-19 20:16:37,lombar,16960,276,-1896,1854,-235,-1110,1376491
2026-05-19 20:16:37,esterno,452,16272,-1468,193,2493,1295,719058
2026-05-19 20:16:37,lombar,16180,-644,-1996,1373,400,-1388,1376513
2026-05-19 20:16:37,esterno,440,15560,-1796,810,2361,1356,719080
2026-05-19 20:16:37,lombar,16140,-1772,-2240,1585,311,-1530,1376535
2026-05-19 20:16:37,esterno,64,15096,-1780,791,2563,1423,719102
2026-05-19 20:16:37,lombar,16736,-1916,-1916,2483,-749,-1202,1376557
2026-05-19 20:16:37,esterno,100,15196,-1948,485,2330,1644,719124
2026-05-19 20:16:37,lombar,16756,-1020,-1608,3084,-733,-796,1376579
2026-05-19 20:16:37,esterno,496,15596,-2008,382,2419,1840,719146
2026-05-19 20:16:37,lombar,16580,-4,-1336,3348,-505,-767,1376601
2026-05-19 20:16:37,esterno,608,15772,-2160,452,2430,1755,719168
2026-05-19 20:16:37,lombar,16292,504,-1784,3071,-1390,-1165,1376623
2026-05-19 20:16:37,esterno,460,15680,-2504,836,2245,1691,719190
2026-05-19 20:16:37,lombar,16184,456,-1800,2767,-1610,-1659,1376645
2026-05-19 20:16:37,esterno,852,15884,-2304,1250,1953,1809,719212
2026-05-19 20:16:37,lombar,16396,608,-1748,2442,-1059,-2077,1376667
2026-05-19 20:16:37,esterno,1264,15888,-1684,1166,1689,2067,719234
2026-05-19 20:16:37,lombar,16608,644,-1488,1920,-1039,-1980,1376689
2026-05-19 20:16:37,esterno,1692,15844,-1812,894,1506,2291,719256
2026-05-19 20:16:37,lombar,16552,680,-1468,2080,-711,-1856,1376711
2026-05-19 20:16:37,esterno,2012,15204,-2332,1079,1425,2447,719278
2026-05-19 20:16:37,lombar,16068,740,-2180,2583,836,-2284,1376733
2026-05-19 20:16:37,esterno,2224,14740,-2796,1623,993,2541,719300
2026-05-19 20:16:37,lombar,15988,1228,-2152,3182,1332,-2210,1376755
2026-05-19 20:16:37,esterno,2672,14712,-2896,1844,522,2629,719322
2026-05-19 20:16:37,lombar,15780,2276,-1820,2897,812,-1627,1376777
2026-05-19 20:16:37,esterno,3428,15004,-2808,1730,655,2650,719344
2026-05-19 20:16:37,lombar,15932,2940,-1964,2033,555,-1098,1376799
2026-05-19 20:16:37,esterno,3756,15324,-2852,1466,463,2692,719366
2026-05-19 20:16:37,lombar,16276,2948,-1960,496,889,-859,1376821
2026-05-19 20:16:37,esterno,3956,15816,-2896,1042,-329,2497,719388
2026-05-19 20:16:37,lombar,16860,2688,-1992,-407,167,-489,1376843
2026-05-19 20:16:37,esterno,3652,16792,-3048,547,-776,1779,719410
2026-05-19 20:16:37,lombar,16916,2960,-2524,-1127,-665,-182,1376865
2026-05-19 20:16:37,esterno,3192,17360,-2260,108,-897,1301,719432
2026-05-19 20:16:37,lombar,16940,2480,-2612,-1670,-743,-15,1376887
2026-05-19 20:16:37,esterno,2928,17108,-2144,-295,-1420,1120,719454
2026-05-19 20:16:37,lombar,16648,1896,-2984,-1635,-235,-27,1376909
2026-05-19 20:16:37,esterno,3320,16740,-2452,-354,-1763,862,719476
2026-05-19 20:16:37,lombar,16780,1868,-2796,-1362,-433,254,1376931
2026-05-19 20:16:37,esterno,3808,16428,-2492,-181,-1972,582,719498
2026-05-19 20:16:37,lombar,16680,2084,-2592,-1587,-791,667,1376953
2026-05-19 20:16:37,esterno,3776,16352,-2268,-444,-1990,444,719520
2026-05-19 20:16:38,lombar,16668,2228,-2560,-1583,-591,716,1376975
2026-05-19 20:16:38,esterno,3488,16192,-2292,-931,-2063,338,719542
2026-05-19 20:16:38,lombar,16584,2200,-2116,-1701,-552,882,1376997
2026-05-19 20:16:38,esterno,3356,15888,-2656,-1175,-2348,54,719564
2026-05-19 20:16:38,lombar,16440,2032,-1920,-1912,-690,1161,1377019
2026-05-19 20:16:38,esterno,3296,15504,-2760,-1368,-2491,-646,719586
2026-05-19 20:16:38,lombar,16160,1828,-2060,-1975,-445,1368,1377041
2026-05-19 20:16:38,esterno,3620,15352,-3256,-1662,-2449,-887,719608
2026-05-19 20:16:38,lombar,15988,2076,-2012,-2046,-500,1695,1377063
2026-05-19 20:16:38,esterno,3708,15068,-2916,-1852,-2919,-812,719630
2026-05-19 20:16:38,lombar,16056,1972,-1912,-2230,-687,1880,1377085
2026-05-19 20:16:38,esterno,3472,14792,-3196,-1847,-3296,-903,719652
2026-05-19 20:16:38,lombar,16368,1652,-1404,-2343,-1199,2003,1377107
2026-05-19 20:16:38,esterno,3432,14924,-3240,-1791,-2822,-1124,719674
2026-05-19 20:16:38,lombar,16488,1388,-1748,-2387,-636,2159,1377129
2026-05-19 20:16:38,esterno,3000,14952,-3076,-1537,-2891,-1548,719696
2026-05-19 20:16:38,lombar,17312,1064,-800,-2138,-1025,2325,1377151
2026-05-19 20:16:38,esterno,3040,15308,-3500,-1277,-2711,-1844,719718
2026-05-19 20:16:38,lombar,16788,708,-1488,-2076,-1247,2471,1377173
2026-05-19 20:16:38,esterno,2656,15440,-3276,-1038,-2433,-2113,719740
2026-05-19 20:16:38,lombar,16800,668,-2184,-1587,-194,2862,1377195
2026-05-19 20:16:38,esterno,2648,15280,-2900,-745,-2198,-2393,719762
2026-05-19 20:16:38,lombar,16212,976,-540,-1072,-151,3030,1377217
2026-05-19 20:16:38,esterno,2208,15052,-2864,-354,-1886,-2598,719784
2026-05-19 20:16:38,lombar,16528,920,-1176,-2171,-886,2644,1377239
2026-05-19 20:16:38,esterno,1580,14704,-2868,-60,-1777,-2944,719806
2026-05-19 20:16:38,lombar,16288,1088,-1644,-2004,221,2547,1377261
2026-05-19 20:16:38,esterno,1444,14884,-3116,-323,-1519,-3037,719828
2026-05-19 20:16:38,lombar,16464,368,-1048,-2500,-368,2640,1377283
2026-05-19 20:16:38,esterno,1388,15376,-2756,-428,-1277,-2880,719850
2026-05-19 20:16:38,lombar,17028,-36,-1524,-2395,-577,2659,1377305
2026-05-19 20:16:38,esterno,1360,15616,-2932,240,-1164,-2903,719872
2026-05-19 20:16:38,lombar,16952,-396,-1680,-2343,-177,2447,1377327
2026-05-19 20:16:38,esterno,1580,15600,-3040,684,-763,-3166,719894
2026-05-19 20:16:38,lombar,16408,-884,-1448,-2387,396,2433,1377349
2026-05-19 20:16:38,esterno,1292,15336,-2648,929,-250,-3509,719916
2026-05-19 20:16:38,lombar,16016,-1232,-1220,-2841,759,2475,1377371
2026-05-19 20:16:38,esterno,688,15032,-2304,1466,233,-3510,719938
2026-05-19 20:16:38,lombar,15384,-1720,-1556,-3057,1574,1975,1377393
2026-05-19 20:16:38,esterno,-180,14628,-2392,1804,586,-3286,719960
2026-05-19 20:16:38,lombar,15576,-2424,-1600,-2785,1811,1275,1377415
2026-05-19 20:16:38,esterno,-1152,14320,-3300,1679,1166,-3336,719982
2026-05-19 20:16:38,lombar,15684,-2840,-1760,-1385,1865,951,1377437
2026-05-19 20:16:38,esterno,-1780,14624,-3612,1269,2038,-3283,720004
2026-05-19 20:16:38,lombar,15980,-3060,-1728,-89,1530,486,1377459
2026-05-19 20:16:38,esterno,-1996,15572,-3552,765,2752,-2900,720026
2026-05-19 20:16:38,lombar,16408,-3100,-1860,1564,861,212,1377481
2026-05-19 20:16:38,esterno,-1564,16664,-3752,621,3149,-2044,720048
2026-05-19 20:16:38,lombar,16592,-3044,-2464,2933,331,1,1377503
2026-05-19 20:16:38,esterno,-1048,17724,-3376,253,3582,-1550,720070
2026-05-19 20:16:38,lombar,17004,-2796,-2412,3387,-340,17,1377525
2026-05-19 20:16:38,esterno,-600,18464,-2484,-147,3873,-1124,720092
2026-05-19 20:16:38,lombar,17188,-2820,-2740,3533,-1090,35,1377547
2026-05-19 20:16:38,esterno,-436,18696,-2180,-536,4193,-748,720114
2026-05-19 20:16:38,lombar,17156,-2644,-2996,3807,-1317,-50,1377569
2026-05-19 20:16:38,esterno,-500,18480,-1936,-865,4390,-345,720136
2026-05-19 20:16:38,lombar,17264,-2544,-2820,3905,-1388,-12,1377591
2026-05-19 20:16:38,esterno,-1248,18056,-2116,-1080,4696,46,720158
2026-05-19 20:16:38,lombar,17188,-2304,-2604,3774,-1525,-159,1377613
2026-05-19 20:16:38,esterno,-1848,17368,-1840,-1324,4824,528,720180
2026-05-19 20:16:38,lombar,17024,-2084,-2608,3565,-1377,-510,1377635
2026-05-19 20:16:38,esterno,-2112,16640,-1288,-1659,4262,954,720202
2026-05-19 20:16:38,lombar,16464,-1976,-2268,3602,-1122,-873,1377657
2026-05-19 20:16:38,esterno,-1724,16212,-2028,-1708,4172,1395,720224
2026-05-19 20:16:38,lombar,16116,-1896,-2188,3525,-872,-1227,1377679
2026-05-19 20:16:38,esterno,-1652,15504,-2260,-1465,4817,1538,720246
2026-05-19 20:16:38,lombar,15832,-1932,-2028,3390,-521,-1485,1377701
2026-05-19 20:16:38,esterno,-1540,14864,-2736,-1316,5303,1321,720268
2026-05-19 20:16:38,lombar,15980,-2156,-1736,3467,-548,-1872,1377723
2026-05-19 20:16:38,esterno,-1544,14780,-2844,-1382,5566,1060,720290
2026-05-19 20:16:38,esterno,-1348,14936,-2524,-1857,5451,979,720312
2026-05-19 20:16:38,esterno,-840,14732,-2704,-2203,5593,1221,720334
2026-05-19 20:16:38,lombar,15632,-2048,-1864,4277,-1107,-1852,1377745
2026-05-19 20:16:38,lombar,15692,-1332,-1444,4960,-1184,-2167,1377767
2026-05-19 20:16:38,lombar,17152,-560,-908,5106,-1446,-2224,1377789
2026-05-19 20:16:38,esterno,-312,14800,-2860,-1903,5257,1503,720356
2026-05-19 20:16:38,lombar,17596,868,-816,4842,-2264,-1829,1377811
2026-05-19 20:16:38,esterno,216,15300,-3420,-1198,4781,1789,720378
2026-05-19 20:16:38,lombar,16704,2020,-1204,3844,-1927,-1813,1377833
2026-05-19 20:16:38,esterno,400,15468,-2892,-214,4232,1997,720400
2026-05-19 20:16:38,lombar,15848,1352,-1832,2766,-1489,-1832,1377855
2026-05-19 20:16:38,esterno,808,15296,-1604,504,3383,2022,720422
2026-05-19 20:16:38,lombar,15712,-84,-1760,2436,-1664,-1782,1377877
2026-05-19 20:16:38,esterno,1012,14768,-1748,635,2753,1998,720444
2026-05-19 20:16:38,lombar,15700,-548,-2548,2064,-1069,-1454,1377899
2026-05-19 20:16:38,esterno,980,14484,-1596,154,1959,2097,720466
2026-05-19 20:16:38,lombar,16344,552,-1388,2153,-1453,-939,1377921
2026-05-19 20:16:38,esterno,1264,14604,-1740,46,1309,2215,720488
2026-05-19 20:16:38,lombar,16224,1540,-2408,1930,-1575,-382,1377943
2026-05-19 20:16:38,esterno,1052,14620,-1668,466,745,1825,720510
2026-05-19 20:16:38,lombar,15784,1880,-2320,886,63,-171,1377965
2026-05-19 20:16:38,esterno,1068,14992,-2036,904,-515,1547,720532
2026-05-19 20:16:39,lombar,16040,1848,-2472,704,387,-232,1377987
2026-05-19 20:16:39,esterno,1352,15196,-2112,1257,-1388,1379,720554
2026-05-19 20:16:39,lombar,16344,2292,-2728,387,340,-113,1378009
2026-05-19 20:16:39,esterno,1672,15592,-2276,950,-1899,1174,720576
2026-05-19 20:16:39,lombar,16936,2928,-2776,-284,-9,323,1378031
2026-05-19 20:16:39,esterno,2048,16352,-2520,344,-2393,1035,720598
2026-05-19 20:16:39,lombar,17048,3060,-2944,-1254,-476,526,1378053
2026-05-19 20:16:39,esterno,2308,17140,-2728,210,-3010,768,720620
2026-05-19 20:16:39,lombar,16956,2632,-3552,-2103,-207,678,1378075
2026-05-19 20:16:39,esterno,2860,17756,-2248,220,-3669,475,720642
2026-05-19 20:16:39,lombar,17296,2612,-3660,-2389,-688,805,1378097
2026-05-19 20:16:39,esterno,3160,18284,-1696,5,-4158,325,720664
2026-05-19 20:16:39,lombar,17320,2768,-3904,-2687,-1758,1286,1378119
2026-05-19 20:16:39,esterno,3836,18492,-1508,-245,-4196,218,720686
2026-05-19 20:16:39,lombar,16928,2680,-3952,-3027,-1933,1489,1378141
2026-05-19 20:16:39,esterno,4012,18000,-1548,-283,-4546,137,720708
2026-05-19 20:16:39,lombar,16476,2292,-3780,-3127,-1344,1550,1378163
2026-05-19 20:16:39,esterno,3608,17144,-1636,-659,-4124,-157,720730
2026-05-19 20:16:39,lombar,16256,2336,-3684,-3282,-1067,1744,1378185
2026-05-19 20:16:39,esterno,3132,16352,-1232,-1444,-5408,42,720752
2026-05-19 20:16:39,lombar,15576,2488,-3100,-3790,-1107,1950,1378207
2026-05-19 20:16:39,esterno,2540,15116,-2160,-1559,-5629,181,720774
2026-05-19 20:16:39,lombar,15072,2744,-3104,-4581,-726,2437,1378229
2026-05-19 20:16:39,esterno,2320,14312,-2160,-1984,-5407,-286,720796
2026-05-19 20:16:39,lombar,15528,3060,-2076,-6043,-1225,2936,1378251
2026-05-19 20:16:39,esterno,2564,13848,-2528,-2524,-5801,-555,720818
2026-05-19 20:16:39,lombar,17232,1680,-1528,-7208,-2506,2886,1378273
2026-05-19 20:16:39,esterno,2424,13784,-3508,-2301,-6043,-675,720840
2026-05-19 20:16:39,lombar,17480,-720,-2376,-6643,-2786,2479,1378295
2026-05-19 20:16:39,esterno,1628,14552,-4072,-2386,-5382,-1414,720862
2026-05-19 20:16:39,lombar,16596,-2624,-2224,-4916,-814,2247,1378317
2026-05-19 20:16:39,esterno,1104,14820,-3124,-1387,-4588,-2028,720884
2026-05-19 20:16:39,lombar,14688,-3108,-3972,-2696,1410,2116,1378339
2026-05-19 20:16:39,esterno,1108,14736,-1896,695,-3865,-2299,720906
2026-05-19 20:16:39,lombar,14388,-1696,-2824,-1514,1973,2257,1378361
2026-05-19 20:16:39,esterno,756,14836,-1720,1303,-2766,-2216,720928
2026-05-19 20:16:39,lombar,15876,-768,-1808,-2523,-449,2351,1378383
2026-05-19 20:16:39,esterno,320,14596,-2028,214,-2079,-1582,720950
2026-05-19 20:16:39,lombar,16172,-1228,-2332,-1835,-832,2176,1378405
2026-05-19 20:16:39,esterno,-100,14872,-2856,-536,-2166,-1138,720972
2026-05-19 20:16:39,lombar,16184,-1520,-1864,-545,1288,994,1378427
2026-05-19 20:16:39,esterno,-44,15428,-3236,-637,-1554,-1092,720994
2026-05-19 20:16:39,lombar,16868,-1504,-2276,-617,2512,970,1378449
2026-05-19 20:16:39,esterno,92,16612,-3168,-988,-473,-749,721016
2026-05-19 20:16:39,lombar,16600,-1980,-2916,-708,1609,829,1378471
2026-05-19 20:16:39,esterno,324,16896,-2896,-538,5,-457,721038
2026-05-19 20:16:39,lombar,17268,-2676,-2860,-254,257,509,1378493
2026-05-19 20:16:39,esterno,-124,17172,-2332,458,339,-568,721060
2026-05-19 20:16:39,lombar,17752,-3108,-3056,-291,-826,827,1378515
2026-05-19 20:16:39,esterno,-892,18252,-1756,-54,758,-756,721082
2026-05-19 20:16:39,lombar,17676,-2780,-3364,98,-819,964,1378537
2026-05-19 20:16:39,esterno,-1364,18860,-1600,-938,1176,-652,721104
2026-05-19 20:16:39,lombar,17588,-2520,-3660,832,-602,619,1378559
2026-05-19 20:16:39,esterno,-1340,18524,-1608,-1155,1563,-674,721126
2026-05-19 20:16:39,lombar,17612,-2644,-3676,1203,-588,540,1378581
2026-05-19 20:16:39,esterno,-1152,17832,-1496,-1197,1980,-833,721148
2026-05-19 20:16:39,lombar,17188,-2928,-3764,1215,-776,395,1378603
2026-05-19 20:16:39,esterno,-972,17408,-1148,-1270,2448,-709,721170
2026-05-19 20:16:39,lombar,16712,-2764,-3708,1582,-977,12,1378625
2026-05-19 20:16:39,esterno,-824,17024,-1156,-1401,2987,-429,721192
2026-05-19 20:16:39,lombar,16340,-2524,-3300,1794,-894,-192,1378647
2026-05-19 20:16:39,esterno,-740,16560,-924,-1368,3379,-111,721214
2026-05-19 20:16:39,lombar,15896,-2564,-3004,1864,-467,-329,1378669
2026-05-19 20:16:39,esterno,-808,15732,-1200,-1432,3562,133,721236
2026-05-19 20:16:39,lombar,15788,-2876,-3196,2581,-354,-697,1378691
2026-05-19 20:16:39,esterno,-696,14996,-1988,-1511,4200,345,721258
2026-05-19 20:16:39,lombar,15248,-3244,-3120,3928,-348,-1218,1378713
2026-05-19 20:16:39,esterno,-580,14768,-1896,-1608,4994,718,721280
2026-05-19 20:16:39,lombar,15848,-2712,-2028,5274,-528,-1312,1378735
2026-05-19 20:16:39,esterno,-316,14924,-1648,-2096,4837,904,721302
2026-05-19 20:16:39,lombar,15996,-1344,-1948,5820,-1349,-1203,1378757
2026-05-19 20:16:39,esterno,-508,14568,-2300,-1929,4652,720,721324
2026-05-19 20:16:39,lombar,16964,676,-1300,5838,-1461,-1231,1378779
2026-05-19 20:16:39,esterno,-20,14260,-2904,-1054,5239,679,721346
2026-05-19 20:16:39,lombar,17184,1624,-612,4919,-1518,-887,1378801
2026-05-19 20:16:39,esterno,824,14248,-2572,-341,5098,770,721368
2026-05-19 20:16:39,lombar,15932,1220,-1344,3378,-1047,-869,1378823
2026-05-19 20:16:39,esterno,1332,13712,-2736,711,4867,893,721390
2026-05-19 20:16:39,lombar,15432,460,-1848,2676,-290,-1297,1378845
2026-05-19 20:16:39,esterno,700,13828,-2040,1585,4152,859,721412
2026-05-19 20:16:39,lombar,16072,-100,-1824,2712,346,-1664,1378867
2026-05-19 20:16:39,esterno,176,14484,-2136,1803,3641,816,721434
2026-05-19 20:16:39,lombar,16160,-160,-1896,2572,-716,-1155,1378889
2026-05-19 20:16:39,esterno,-124,14928,-1972,1558,3084,1009,721456
2026-05-19 20:16:39,lombar,16380,188,-2460,2880,-1210,-673,1378911
2026-05-19 20:16:39,esterno,392,15376,-2056,1373,2571,884,721478
2026-05-19 20:16:39,lombar,15852,884,-3028,2336,240,-379,1378933
2026-05-19 20:16:39,esterno,880,15548,-1912,1614,2233,579,721500
2026-05-19 20:16:39,lombar,16272,1144,-3076,1835,413,-398,1378955
2026-05-19 20:16:40,esterno,1136,16192,-1980,1572,1585,277,721522
2026-05-19 20:16:40,lombar,16568,1180,-3160,1218,-549,-369,1378977
2026-05-19 20:16:40,esterno,1064,17040,-2060,1369,1214,180,721544
2026-05-19 20:16:40,lombar,17436,1240,-3944,795,-447,-168,1378999
2026-05-19 20:16:40,esterno,1252,17664,-1400,1112,813,270,721566
2026-05-19 20:16:40,lombar,17276,1108,-3640,119,169,-48,1379021
2026-05-19 20:16:40,esterno,1660,18468,-696,999,165,562,721588
2026-05-19 20:16:40,lombar,17096,1024,-3756,-192,-452,182,1379043
2026-05-19 20:16:40,esterno,1760,18696,72,788,-242,712,721610
2026-05-19 20:16:40,lombar,16780,1032,-4044,-553,-151,121,1379065
2026-05-19 20:16:40,esterno,1452,18196,-276,214,-888,911,721632
2026-05-19 20:16:40,lombar,16592,968,-3480,-839,73,102,1379087
2026-05-19 20:16:40,esterno,1104,17220,-960,-128,-1518,1234,721654
2026-05-19 20:16:40,lombar,16344,804,-3272,-1111,63,108,1379109
2026-05-19 20:16:40,esterno,860,16360,-1820,-356,-1980,1253,721676
2026-05-19 20:16:40,lombar,16092,868,-2844,-1286,-137,173,1379131
2026-05-19 20:16:40,esterno,1016,15796,-2208,-807,-2182,1207,721698
2026-05-19 20:16:40,lombar,15804,740,-2448,-1524,-240,195,1379153
2026-05-19 20:16:40,esterno,1084,15064,-2616,-1064,-2291,1054,721720
2026-05-19 20:16:40,lombar,15800,636,-1932,-1679,-315,257,1379175
2026-05-19 20:16:40,esterno,1184,14296,-2752,-951,-2569,684,721742
2026-05-19 20:16:40,lombar,15524,484,-1788,-1844,-509,444,1379197
2026-05-19 20:16:40,esterno,1452,13972,-3048,-831,-2499,467,721764
2026-05-19 20:16:40,lombar,15456,404,-1640,-1951,-453,528,1379219
2026-05-19 20:16:40,esterno,1620,13860,-2992,-718,-2501,321,721786
2026-05-19 20:16:40,lombar,15408,16,-2404,-2003,-105,468,1379241
2026-05-19 20:16:40,esterno,1792,13708,-3696,-236,-1944,256,721808
2026-05-19 20:16:40,lombar,15712,228,-2404,-1976,143,523,1379263
2026-05-19 20:16:40,esterno,1660,14444,-3412,-55,-1321,-14,721830
2026-05-19 20:16:40,lombar,16420,124,-2616,-1980,-206,732,1379285
2026-05-19 20:16:40,esterno,1836,15748,-2364,-427,-1722,46,721852
2026-05-19 20:16:40,lombar,16804,-168,-3252,-1697,-1004,612,1379307
2026-05-19 20:16:40,esterno,1508,17068,-1820,-536,-1723,417,721874
2026-05-19 20:16:40,lombar,17004,-292,-4136,-1108,-785,593,1379329
2026-05-19 20:16:40,esterno,1644,18136,-1736,-743,-1312,740,721896
2026-05-19 20:16:40,lombar,17020,204,-3872,-1238,-607,682,1379351
2026-05-19 20:16:40,esterno,1972,18576,-1304,-1198,-1083,774,721918
2026-05-19 20:16:40,lombar,17300,-48,-3804,-1119,-1431,634,1379373
2026-05-19 20:16:40,esterno,2328,18312,-904,-1354,-883,847,721940
2026-05-19 20:16:40,lombar,16988,-212,-3780,-1011,-986,510,1379395
2026-05-19 20:16:40,esterno,1848,17628,-904,-1523,-908,879,721962
2026-05-19 20:16:40,lombar,16520,40,-3192,-1085,-414,467,1379417
2026-05-19 20:16:40,esterno,1136,16736,-1276,-1453,-1104,964,721984
2026-05-19 20:16:40,lombar,16408,144,-2648,-1031,-697,374,1379439
2026-05-19 20:16:40,esterno,736,15544,-1724,-1586,-1131,936,722006
2026-05-19 20:16:40,lombar,16160,-140,-2536,-812,-709,187,1379461
2026-05-19 20:16:40,esterno,932,14660,-2344,-2103,-791,656,722028
2026-05-19 20:16:40,lombar,16088,-252,-2292,-600,-504,178,1379483
2026-05-19 20:16:40,esterno,1140,14268,-2120,-2106,-744,358,722050
2026-05-19 20:16:40,lombar,16100,-288,-2232,-448,-432,356,1379505
2026-05-19 20:16:40,esterno,1572,14252,-2444,-1724,-647,218,722072
2026-05-19 20:16:40,lombar,16156,-104,-2056,-227,-220,314,1379527
2026-05-19 20:16:40,esterno,1484,14052,-2456,-1027,-505,266,722094
2026-05-19 20:16:40,lombar,16196,-168,-2076,83,-12,150,1379549
2026-05-19 20:16:40,esterno,1344,14560,-2220,-596,-385,178,722116
2026-05-19 20:16:40,lombar,16116,-196,-2512,499,104,132,1379571
2026-05-19 20:16:40,esterno,1532,15468,-2108,-738,-188,25,722138
2026-05-19 20:16:40,lombar,16088,-20,-2844,621,-57,253,1379593
2026-05-19 20:16:40,esterno,1672,15900,-1484,-588,108,-77,722160
2026-05-19 20:16:40,lombar,16280,100,-2764,186,-639,430,1379615
2026-05-19 20:16:40,esterno,1856,15908,-1192,-362,-69,-129,722182
2026-05-19 20:16:40,lombar,16392,116,-3336,76,-716,387,1379637
2026-05-19 20:16:40,esterno,1876,16092,-988,-270,47,-139,722204
2026-05-19 20:16:40,lombar,16668,56,-3392,296,-266,287,1379659
2026-05-19 20:16:40,esterno,1692,16540,-976,-347,34,-136,722226
2026-05-19 20:16:40,lombar,16532,296,-3348,338,-85,506,1379681
2026-05-19 20:16:40,esterno,1612,16708,-740,-372,-60,-63,722248
2026-05-19 20:16:40,lombar,16544,436,-3476,147,-474,547,1379703
2026-05-19 20:16:40,esterno,1592,16428,-776,-364,-131,36,722270
2026-05-19 20:16:40,lombar,16388,368,-3440,-60,-364,430,1379725
2026-05-19 20:16:40,esterno,1576,16052,-964,-384,-117,126,722292
2026-05-19 20:16:40,lombar,16452,104,-3136,-126,-75,251,1379747
2026-05-19 20:16:40,esterno,1416,15716,-1100,-387,-150,149,722314
2026-05-19 20:16:40,lombar,16416,-12,-3048,-276,-253,409,1379769
2026-05-19 20:16:40,esterno,1288,15816,-956,-407,-399,23,722336
2026-05-19 20:16:40,lombar,16480,-48,-3268,-353,-317,411,1379791
2026-05-19 20:16:40,esterno,1308,15920,-1252,-219,-220,-147,722358
2026-05-19 20:16:40,lombar,16484,28,-3232,-251,-16,332,1379813
2026-05-19 20:16:40,esterno,1552,15876,-1096,-195,150,-213,722380
2026-05-19 20:16:40,lombar,16440,-20,-3196,-30,79,294,1379835
2026-05-19 20:16:40,esterno,1680,15748,-1152,-161,-124,-186,722402
2026-05-19 20:16:40,lombar,16356,48,-2848,17,12,308,1379857
2026-05-19 20:16:40,esterno,1456,15660,-1144,30,-267,-232,722424
2026-05-19 20:16:40,lombar,16512,12,-2880,5,118,446,1379879
2026-05-19 20:16:40,esterno,1444,15592,-1332,118,33,-336,722446
2026-05-19 20:16:40,lombar,16348,356,-3004,139,258,472,1379901
2026-05-19 20:16:40,esterno,1500,15784,-1256,157,41,-420,722468
2026-05-19 20:16:40,lombar,16288,56,-2976,6,337,430,1379923
2026-05-19 20:16:40,esterno,1528,15932,-1144,339,209,-351,722490
2026-05-19 20:16:40,lombar,16564,-92,-2816,-16,-3,489,1379945
2026-05-19 20:16:40,esterno,1328,16072,-1200,215,171,-296,722512
2026-05-19 20:16:40,lombar,16232,48,-2972,73,-104,599,1379967
2026-05-19 20:16:41,esterno,1488,16068,-1240,349,148,-336,722534
2026-05-19 20:16:41,lombar,16196,96,-2980,250,126,495,1379989
2026-05-19 20:16:41,esterno,1628,15844,-1288,551,210,-342,722556
2026-05-19 20:16:41,lombar,16136,320,-2892,311,219,379,1380011
2026-05-19 20:16:41,esterno,1452,15904,-1360,265,275,-279,722578
2026-05-19 20:16:41,lombar,16292,48,-2876,47,-40,490,1380033
2026-05-19 20:16:41,esterno,1280,15948,-1372,87,223,-186,722600
2026-05-19 20:16:41,lombar,16184,-80,-2928,52,-240,383,1380055
2026-05-19 20:16:41,esterno,1268,15948,-1316,-3,242,-59,722622
2026-05-19 20:16:41,lombar,16316,-20,-2988,186,-222,398,1380077
2026-05-19 20:16:41,esterno,1092,16272,-1392,-174,61,-41,722644
2026-05-19 20:16:41,lombar,16376,-24,-3060,94,-256,328,1380099
2026-05-19 20:16:41,esterno,1488,16232,-1444,-227,8,48,722666
2026-05-19 20:16:41,lombar,16244,-56,-2872,214,-345,289,1380121
2026-05-19 20:16:41,esterno,1720,15948,-1188,-138,60,78,722688
2026-05-19 20:16:41,lombar,16144,-140,-2980,269,-356,369,1380143
2026-05-19 20:16:41,esterno,1380,15864,-1124,-108,190,69,722710
2026-05-19 20:16:41,lombar,16236,44,-2720,81,-205,405,1380165
2026-05-19 20:16:41,esterno,1316,15880,-1316,-267,136,78,722732
2026-05-19 20:16:41,lombar,16360,-44,-2732,66,-348,334,1380187
2026-05-19 20:16:41,esterno,1140,15968,-1396,-371,-65,79,722754
2026-05-19 20:16:41,lombar,16316,-12,-2912,281,-342,278,1380209
2026-05-19 20:16:41,esterno,1340,16196,-1408,-379,-81,175,722776
2026-05-19 20:16:41,lombar,16384,240,-2804,190,-178,396,1380231
2026-05-19 20:16:41,esterno,1504,16116,-1136,-357,-32,213,722798
2026-05-19 20:16:41,lombar,16168,-16,-2752,15,-524,280,1380253
2026-05-19 20:16:41,esterno,1412,15916,-1192,-388,83,139,722820
2026-05-19 20:16:41,lombar,16228,124,-3068,132,-371,350,1380275
2026-05-19 20:16:41,esterno,1372,15664,-1444,-535,140,110,722842
2026-05-19 20:16:41,lombar,16348,208,-2844,90,-206,401,1380297
2026-05-19 20:16:41,esterno,1432,15824,-1416,-553,87,184,722864
2026-05-19 20:16:41,lombar,16484,48,-2804,-23,-567,399,1380319
2026-05-19 20:16:41,esterno,1520,16128,-1088,-661,-44,197,722886
2026-05-19 20:16:41,lombar,16460,-16,-2844,54,-734,345,1380341
2026-05-19 20:16:41,esterno,1508,16124,-1228,-522,-173,292,722908
2026-05-19 20:16:41,lombar,16240,36,-2956,-13,-384,298,1380363
2026-05-19 20:16:41,lombar,16328,48,-2984,-22,-204,375,1380385
2026-05-19 20:16:41,esterno,1516,15944,-1360,-340,296,230,722930
2026-05-19 20:16:41,esterno,1580,15864,-1412,-582,-25,209,722952
2026-05-19 20:16:41,lombar,16400,100,-3004,104,-322,268,1380407
2026-05-19 20:16:41,esterno,1328,15868,-912,-626,-215,233,722974
2026-05-19 20:16:41,lombar,16556,16,-2940,200,-400,244,1380429
2026-05-19 20:16:41,esterno,1496,16032,-1360,-476,11,316,722996
2026-05-19 20:16:41,lombar,16572,136,-2816,101,-511,265,1380451
2026-05-19 20:16:41,esterno,1684,16036,-1180,-411,96,233,723018
2026-05-19 20:16:41,lombar,16380,152,-3116,-31,-440,322,1380473
2026-05-19 20:16:41,esterno,1744,16180,-1132,-319,235,224,723040
2026-05-19 20:16:41,lombar,16392,-44,-3104,45,-373,324,1380495
2026-05-19 20:16:41,esterno,1580,16260,-1044,-522,352,225,723062
2026-05-19 20:16:41,lombar,16444,-36,-3080,149,-461,220,1380517
2026-05-19 20:16:41,esterno,1552,16052,-1048,-493,303,272,723084
2026-05-19 20:16:41,lombar,16604,100,-3112,347,-364,271,1380539
2026-05-19 20:16:41,esterno,1688,16100,-1068,-144,296,348,723106
2026-05-19 20:16:41,lombar,16548,120,-2800,256,-483,319,1380561
2026-05-19 20:16:41,esterno,1664,16072,-908,-356,268,284,723128
2026-05-19 20:16:41,lombar,16332,48,-3028,56,-579,290,1380583
2026-05-19 20:16:41,esterno,1580,15960,-1004,-481,324,183,723150
2026-05-19 20:16:41,lombar,16448,88,-3112,209,-280,243,1380605
2026-05-19 20:16:41,esterno,1432,15532,-1404,-351,364,166,723172
2026-05-19 20:16:41,lombar,16404,180,-2556,193,69,276,1380627
2026-05-19 20:16:41,esterno,1304,15596,-1024,-219,201,106,723194
2026-05-19 20:16:41,lombar,16496,120,-2316,89,-304,311,1380649
2026-05-19 20:16:41,esterno,1164,15528,-1088,-129,-40,110,723216
2026-05-19 20:16:41,lombar,16612,176,-2620,52,-35,399,1380671
2026-05-19 20:16:41,esterno,932,15328,-1068,74,-568,106,723238
2026-05-19 20:16:41,lombar,16456,448,-2484,-378,514,479,1380693
2026-05-19 20:16:41,esterno,816,15668,-676,283,-979,181,723260
2026-05-19 20:16:41,lombar,16336,420,-2524,-953,661,356,1380715
2026-05-19 20:16:41,esterno,1092,15848,-680,260,-1310,413,723282
2026-05-19 20:16:41,lombar,16256,296,-2756,-1138,488,206,1380737
2026-05-19 20:16:41,esterno,1828,15920,-916,392,-1301,780,723304
2026-05-19 20:16:41,lombar,16340,112,-2912,-1294,498,75,1380759
2026-05-19 20:16:41,esterno,2336,15976,-1264,717,-1003,904,723326
2026-05-19 20:16:41,lombar,16156,-228,-3152,-1447,311,1,1380781
2026-05-19 20:16:41,esterno,2368,16216,-1280,521,-595,625,723348
2026-05-19 20:16:41,lombar,16288,-324,-2748,-929,138,-105,1380803
2026-05-19 20:16:41,esterno,2264,16360,-1596,289,22,348,723370
2026-05-19 20:16:41,lombar,16152,-244,-2832,-552,172,-61,1380825
2026-05-19 20:16:41,esterno,1736,16204,-1376,164,440,246,723392
2026-05-19 20:16:41,lombar,16236,-16,-2740,-351,203,-61,1380847
2026-05-19 20:16:41,esterno,1768,16040,-1764,110,579,259,723414
2026-05-19 20:16:41,lombar,16168,36,-2488,-32,124,73,1380869
2026-05-19 20:16:41,esterno,1940,15832,-1264,4,728,86,723436
2026-05-19 20:16:41,lombar,16200,48,-2596,223,-156,155,1380891
2026-05-19 20:16:41,esterno,1960,15748,-1196,-193,596,-214,723458
2026-05-19 20:16:41,lombar,16136,-176,-2328,391,-105,304,1380913
2026-05-19 20:16:41,esterno,1968,15788,-2180,-173,981,-496,723480
2026-05-19 20:16:41,lombar,16192,-208,-2448,628,-99,384,1380935
2026-05-19 20:16:41,esterno,1724,15604,-1936,-367,1180,-552,723502
2026-05-19 20:16:41,lombar,16188,-48,-2432,1008,-329,492,1380957
2026-05-19 20:16:42,esterno,1876,15668,-1660,-476,1025,-401,723524
2026-05-19 20:16:42,lombar,16324,216,-2284,1168,-573,560,1380979
2026-05-19 20:16:42,esterno,1908,15796,-1364,-295,872,-317,723546
2026-05-19 20:16:42,lombar,16408,444,-2576,1128,-550,576,1381001
2026-05-19 20:16:42,esterno,1692,15732,-1480,-218,1162,-490,723568
2026-05-19 20:16:42,lombar,16316,476,-2572,919,-536,488,1381023
2026-05-19 20:16:42,esterno,1624,15932,-1468,-212,1068,-550,723590
2026-05-19 20:16:42,lombar,16532,312,-2792,798,-466,415,1381045
2026-05-19 20:16:42,esterno,1580,16164,-1200,-194,1102,-447,723612
2026-05-19 20:16:42,lombar,16440,208,-2436,459,-508,524,1381067
2026-05-19 20:16:42,esterno,1256,16028,-872,-363,1049,-305,723634
2026-05-19 20:16:42,lombar,16504,236,-2692,352,-604,567,1381089
2026-05-19 20:16:42,esterno,1640,15960,-1320,-136,900,-375,723656
2026-05-19 20:16:42,lombar,16592,380,-2644,479,-506,440,1381111
2026-05-19 20:16:42,esterno,1668,16168,-1104,-25,914,-467,723678
2026-05-19 20:16:42,lombar,16520,188,-2484,366,-535,469,1381133
2026-05-19 20:16:42,esterno,1676,16232,-1268,-202,689,-424,723700
2026-05-19 20:16:42,lombar,16456,380,-2652,136,-486,494,1381155
2026-05-19 20:16:42,esterno,1300,15844,-1520,-56,586,-319,723722
2026-05-19 20:16:42,lombar,16496,212,-2712,-36,-372,444,1381177
2026-05-19 20:16:42,esterno,1208,15680,-1104,-67,612,-321,723744
2026-05-19 20:16:42,lombar,16484,124,-2528,-50,-421,396,1381199
2026-05-19 20:16:42,esterno,1352,15812,-1308,-163,526,-268,723766
2026-05-19 20:16:42,lombar,16372,-76,-2452,182,-274,366,1381221
2026-05-19 20:16:42,esterno,1656,15844,-1156,-140,376,-160,723788
2026-05-19 20:16:42,lombar,16532,-40,-2684,332,-238,494,1381243
2026-05-19 20:16:42,esterno,1692,15784,-1228,64,513,-114,723810
2026-05-19 20:16:42,lombar,16448,216,-2680,168,-185,521,1381265
2026-05-19 20:16:42,esterno,1344,15980,-1084,27,359,-71,723832
2026-05-19 20:16:42,lombar,16396,196,-2580,-126,-328,452,1381287
2026-05-19 20:16:42,esterno,1244,16016,-1532,-184,147,-6,723854
2026-05-19 20:16:42,lombar,16472,72,-2888,-52,-437,384,1381309
2026-05-19 20:16:42,esterno,1392,16028,-1172,-110,-17,49,723876
2026-05-19 20:16:42,lombar,16424,-72,-2764,-39,-262,381,1381331
2026-05-19 20:16:42,esterno,1440,16112,-1004,-148,-52,26,723898
2026-05-19 20:16:42,lombar,16456,56,-2816,122,-235,371,1381353
2026-05-19 20:16:42,esterno,1540,16096,-996,-156,-21,7,723920
2026-05-19 20:16:42,lombar,16388,164,-2760,8,-397,477,1381375
2026-05-19 20:16:42,esterno,1448,15976,-1296,-125,-136,37,723942
2026-05-19 20:16:42,lombar,16416,156,-2720,-86,-466,375,1381397
2026-05-19 20:16:42,esterno,1300,15888,-1348,-156,-172,85,723964
2026-05-19 20:16:42,lombar,16388,244,-2672,-161,-436,308,1381419
2026-05-19 20:16:42,esterno,1380,15912,-1172,-139,-121,105,723986
2026-05-19 20:16:42,esterno,1492,15964,-1148,-177,-166,64,724008
2026-05-19 20:16:42,lombar,16344,92,-2748,-276,-463,415,1381441
2026-05-19 20:16:42,lombar,16296,20,-2704,-206,-385,360,1381463
2026-05-19 20:16:42,esterno,1512,15832,-1248,-95,-202,43,724030
2026-05-19 20:16:42,lombar,16400,-128,-2880,-125,-395,325,1381485
2026-05-19 20:16:42,esterno,1432,15872,-1664,159,-64,82,724052
2026-05-19 20:16:42,lombar,16372,96,-2664,-177,-401,402,1381507
2026-05-19 20:16:42,esterno,1376,15800,-1264,69,14,-40,724074
2026-05-19 20:16:42,lombar,16312,112,-2928,-153,-433,470,1381529
2026-05-19 20:16:42,esterno,1300,15980,-840,-288,-750,72,724096
2026-05-19 20:16:42,lombar,16424,116,-2916,-65,-535,364,1381551
2026-05-19 20:16:42,esterno,1648,15920,-1508,-183,-423,226,724118
2026-05-19 20:16:42,lombar,16460,204,-2928,-48,-498,404,1381573
2026-05-19 20:16:42,esterno,1636,15928,-1468,-18,5,94,724140
2026-05-19 20:16:42,lombar,16440,-144,-2888,-238,-527,457,1381595
2026-05-19 20:16:42,esterno,1776,16036,-1212,214,-74,12,724162
2026-05-19 20:16:42,lombar,16476,-4,-2928,-183,-522,532,1381617
2026-05-19 20:16:42,esterno,1488,16100,-1076,119,164,-106,724184
2026-05-19 20:16:42,lombar,16368,32,-3160,-185,-243,451,1381639
2026-05-19 20:16:42,esterno,1344,16108,-1160,-238,87,-55,724206
2026-05-19 20:16:42,lombar,16420,124,-2968,-136,-252,471,1381661
2026-05-19 20:16:42,esterno,1512,15892,-1356,-53,60,30,724228
2026-05-19 20:16:42,lombar,16452,80,-2904,-65,-446,404,1381683
2026-05-19 20:16:42,esterno,1620,15780,-1284,22,70,43,724250
2026-05-19 20:16:42,lombar,16444,-76,-2748,-105,-400,443,1381705
2026-05-19 20:16:42,esterno,1652,15872,-1384,-60,220,-54,724272
2026-05-19 20:16:42,lombar,16304,16,-2792,-162,-249,489,1381727
2026-05-19 20:16:42,esterno,1696,16084,-1508,-18,283,-179,724294
2026-05-19 20:16:42,lombar,16344,24,-2900,-80,-303,429,1381749
2026-05-19 20:16:42,esterno,1508,16020,-1228,35,219,-143,724316
2026-05-19 20:16:42,lombar,16424,-152,-2720,-33,-523,325,1381771
2026-05-19 20:16:42,esterno,1408,15872,-1652,50,265,-97,724338
2026-05-19 20:16:42,lombar,16452,-228,-2812,-85,-466,404,1381793
2026-05-19 20:16:42,esterno,1560,15712,-1344,152,80,12,724360
2026-05-19 20:16:42,lombar,16312,-152,-2848,-92,-419,509,1381815
2026-05-19 20:16:42,esterno,1496,15740,-1312,360,275,-139,724382
2026-05-19 20:16:42,lombar,16308,32,-2980,-151,-614,492,1381837
2026-05-19 20:16:42,esterno,1308,16044,-988,308,36,-216,724404
2026-05-19 20:16:42,lombar,16396,-188,-2832,-141,-565,381,1381859
2026-05-19 20:16:42,esterno,1452,16068,-1208,340,-61,-38,724426
2026-05-19 20:16:42,lombar,16344,-156,-3016,82,-289,314,1381881
2026-05-19 20:16:42,esterno,1532,15824,-1248,349,-38,62,724448
2026-05-19 20:16:42,lombar,16396,-12,-2980,135,-168,404,1381903
2026-05-19 20:16:42,esterno,1428,15672,-1376,410,23,66,724470
2026-05-19 20:16:42,lombar,16304,-24,-3076,15,-353,411,1381925
2026-05-19 20:16:42,esterno,1412,15944,-1484,603,106,-7,724492
2026-05-19 20:16:42,lombar,16292,-88,-2820,-30,-481,375,1381947
2026-05-19 20:16:42,esterno,1392,16140,-1564,357,85,-54,724514
2026-05-19 20:16:42,lombar,16344,-136,-3008,-8,-638,299,1381969
2026-05-19 20:16:43,esterno,1260,15964,-1560,229,227,-27,724536
2026-05-19 20:16:43,lombar,16312,-100,-3016,90,-523,418,1381991
2026-05-19 20:16:43,esterno,1400,15972,-1556,252,284,-20,724558
2026-05-19 20:16:43,lombar,16340,-84,-3104,44,-417,442,1382013
2026-05-19 20:16:43,esterno,1536,15956,-1344,262,177,-107,724580
2026-05-19 20:16:43,lombar,16336,16,-2924,-72,-568,416,1382035
2026-05-19 20:16:43,esterno,1504,15900,-1548,364,170,-106,724602
2026-05-19 20:16:43,lombar,16296,-104,-3032,-64,-555,307,1382057
2026-05-19 20:16:43,esterno,1384,15744,-1976,301,551,-146,724624
2026-05-19 20:16:43,lombar,16272,-168,-3272,102,-344,281,1382079
2026-05-19 20:16:43,esterno,1360,15816,-1132,54,83,-92,724646
2026-05-19 20:16:43,lombar,16424,-160,-2888,90,-224,379,1382101
2026-05-19 20:16:43,esterno,1512,15696,-1836,80,-280,42,724668
2026-05-19 20:16:43,lombar,16396,-20,-2752,195,-339,383,1382123
2026-05-19 20:16:43,esterno,1304,15696,-1996,268,397,-8,724690
2026-05-19 20:16:43,lombar,16368,100,-3004,111,-198,384,1382145
2026-05-19 20:16:43,esterno,1416,15868,-1656,94,302,-124,724712
2026-05-19 20:16:43,lombar,16364,-36,-2944,105,-279,374,1382167
2026-05-19 20:16:43,esterno,1384,15940,-1636,69,401,-94,724734
2026-05-19 20:16:43,lombar,16296,-60,-3188,106,-316,366,1382189
2026-05-19 20:16:43,esterno,1456,15996,-1680,-164,251,-45,724756
2026-05-19 20:16:43,lombar,16288,-172,-3144,191,-76,355,1382211
2026-05-19 20:16:43,esterno,1264,15824,-1956,-261,217,-23,724778
2026-05-19 20:16:43,lombar,16432,28,-2884,206,-185,394,1382233
2026-05-19 20:16:43,esterno,1368,15852,-1832,23,199,-81,724800
2026-05-19 20:16:43,lombar,16316,100,-2752,75,-291,397,1382255
2026-05-19 20:16:43,esterno,1448,15808,-1712,24,78,-173,724822
2026-05-19 20:16:43,lombar,16380,-48,-2884,79,-237,356,1382277
2026-05-19 20:16:43,esterno,1288,16036,-1564,-113,173,-127,724844
2026-05-19 20:16:43,lombar,16384,-52,-2984,125,-214,333,1382299
2026-05-19 20:16:43,esterno,1488,16160,-1500,-199,24,0,724866
2026-05-19 20:16:43,lombar,16364,-48,-2992,83,-185,329,1382321
2026-05-19 20:16:43,esterno,1472,15732,-1804,-260,-14,11,724888
2026-05-19 20:16:43,lombar,16384,20,-2988,106,-193,367,1382343
2026-05-19 20:16:43,esterno,1332,15592,-1848,-255,152,-77,724910
2026-05-19 20:16:43,lombar,16404,-56,-3064,161,-204,390,1382365
2026-05-19 20:16:43,esterno,1664,15716,-1768,-205,25,-20,724932
2026-05-19 20:16:43,lombar,16416,72,-3120,64,-270,418,1382387
2026-05-19 20:16:43,esterno,1424,16108,-1224,-108,138,-77,724954
2026-05-19 20:16:43,lombar,16420,-104,-2896,-150,-389,439,1382409
2026-05-19 20:16:43,esterno,1440,16168,-1540,-201,-104,16,724976
2026-05-19 20:16:43,lombar,16324,-148,-3068,57,-209,288,1382431
2026-05-19 20:16:43,esterno,1504,15816,-1452,-189,-21,67,724998
2026-05-19 20:16:43,lombar,16308,20,-2964,160,-30,377,1382453
2026-05-19 20:16:43,esterno,1676,15780,-1820,-119,26,-16,725020
2026-05-19 20:16:43,lombar,16252,-12,-2944,96,10,405,1382475
2026-05-19 20:16:43,esterno,1404,15728,-1724,-30,86,-101,725042
2026-05-19 20:16:43,lombar,16336,40,-2868,98,-101,311,1382497
2026-05-19 20:16:43,esterno,1456,15964,-1808,-47,64,-32,725064
2026-05-19 20:16:43,lombar,16472,40,-2796,101,-64,322,1382519
2026-05-19 20:16:43,lombar,16336,112,-2864,-25,-226,369,1382541
2026-05-19 20:16:43,esterno,1392,15948,-1708,-98,135,66,725086
2026-05-19 20:16:43,esterno,1388,15928,-1736,-180,105,36,725108
2026-05-19 20:16:43,lombar,16160,-60,-2904,22,-135,322,1382563
2026-05-19 20:16:43,esterno,1432,15964,-1708,-196,182,-30,725130
2026-05-19 20:16:43,lombar,16432,-36,-2796,19,-193,299,1382585
2026-05-19 20:16:43,esterno,1340,15932,-1612,-236,81,25,725152
2026-05-19 20:16:43,lombar,16348,-52,-2836,-43,-293,409,1382607
2026-05-19 20:16:43,esterno,1264,15864,-1848,-68,9,59,725174
2026-05-19 20:16:43,lombar,16324,52,-2956,38,-113,298,1382629
2026-05-19 20:16:43,esterno,1372,15812,-1664,-95,304,-32,725196
2026-05-19 20:16:43,lombar,16412,-32,-2764,83,-78,302,1382651
2026-05-19 20:16:43,esterno,1484,15864,-1548,-385,-168,71,725218
2026-05-19 20:16:43,lombar,16300,-52,-2728,-17,-42,328,1382673
2026-05-19 20:16:43,esterno,1432,15856,-1996,-435,-58,160,725240
2026-05-19 20:16:43,lombar,16392,-28,-2768,115,-293,379,1382695
2026-05-19 20:16:43,esterno,1368,15600,-1888,-356,321,50,725262
2026-05-19 20:16:43,esterno,1444,15968,-1644,-355,168,-85,725284
2026-05-19 20:16:43,lombar,16440,-44,-2924,111,-136,380,1382717
2026-05-19 20:16:43,lombar,16424,-52,-2808,-26,-228,395,1382739
2026-05-19 20:16:43,esterno,1276,16196,-1644,-584,267,-90,725306
2026-05-19 20:16:43,lombar,16336,-160,-3060,-136,-403,453,1382761
2026-05-19 20:16:43,esterno,1268,16160,-1468,-475,-48,8,725328
2026-05-19 20:16:43,lombar,16276,120,-2864,-193,-303,457,1382783
2026-05-19 20:16:43,esterno,1340,15964,-1420,-476,23,-15,725350
2026-05-19 20:16:43,lombar,16364,36,-2664,-167,-316,405,1382805
2026-05-19 20:16:43,esterno,1452,16048,-1560,-431,121,1,725372
2026-05-19 20:16:43,lombar,16312,-156,-2808,-104,-317,287,1382827
2026-05-19 20:16:43,esterno,1396,15724,-1712,-447,105,-11,725394
2026-05-19 20:16:43,lombar,16380,-84,-2668,-58,-310,410,1382849
2026-05-19 20:16:43,esterno,1392,15688,-1636,-469,40,-86,725416
2026-05-19 20:16:43,lombar,16324,124,-2988,-72,-153,451,1382871
2026-05-19 20:16:43,esterno,1384,15904,-1812,-608,76,-103,725438
2026-05-19 20:16:43,lombar,16372,40,-2436,-49,-372,392,1382893
2026-05-19 20:16:43,esterno,1280,16020,-1756,-536,78,-21,725460
2026-05-19 20:16:43,lombar,16360,-188,-2768,84,-493,338,1382915
2026-05-19 20:16:43,esterno,1304,15996,-1632,-551,126,23,725482
2026-05-19 20:16:43,lombar,16524,-284,-2904,74,-286,301,1382937
2026-05-19 20:16:43,esterno,1452,15928,-1628,-399,40,104,725504
2026-05-19 20:16:43,lombar,16496,-64,-3032,9,-186,416,1382959
2026-05-19 20:16:44,esterno,1296,16012,-1584,-141,285,13,725526
2026-05-19 20:16:44,lombar,16468,-16,-2868,-5,-190,332,1382981
2026-05-19 20:16:44,esterno,1396,16040,-1292,-138,187,132,725548
2026-05-19 20:16:44,lombar,16556,-44,-2916,-52,-80,238,1383003
2026-05-19 20:16:44,esterno,1400,15848,-1304,134,-115,298,725570
2026-05-19 20:16:44,lombar,16504,-84,-2864,104,195,198,1383025
2026-05-19 20:16:44,esterno,1324,15820,-1528,97,12,207,725592
2026-05-19 20:16:44,lombar,16428,-168,-2668,-16,141,297,1383047
2026-05-19 20:16:44,esterno,1536,15884,-1332,-119,67,112,725614
2026-05-19 20:16:44,lombar,16548,-228,-2656,90,-157,250,1383069
2026-05-19 20:16:44,esterno,1596,15820,-1660,31,13,166,725636
2026-05-19 20:16:44,lombar,16412,-200,-2672,151,105,217,1383091
2026-05-19 20:16:44,esterno,1560,15756,-2092,209,134,10,725658
2026-05-19 20:16:44,lombar,16456,-44,-2536,120,225,265,1383113
2026-05-19 20:16:44,esterno,1332,16112,-1468,-65,198,-167,725680
2026-05-19 20:16:44,lombar,16300,60,-2728,171,119,247,1383135
2026-05-19 20:16:44,esterno,1336,15920,-1556,-179,162,-58,725702
2026-05-19 20:16:44,lombar,16332,-96,-2676,143,127,219,1383157
2026-05-19 20:16:44,esterno,1420,15768,-1412,31,-168,-26,725724
2026-05-19 20:16:44,lombar,16496,-56,-2760,214,282,113,1383179
2026-05-19 20:16:44,esterno,1472,15704,-1920,211,126,-17,725746
2026-05-19 20:16:44,lombar,16532,-160,-2704,160,306,258,1383201
2026-05-19 20:16:44,esterno,1308,16048,-1008,33,184,20,725768
2026-05-19 20:16:44,lombar,16440,-100,-2724,30,82,277,1383223
2026-05-19 20:16:44,esterno,1384,16360,-976,-116,-128,151,725790
2026-05-19 20:16:44,lombar,16364,-180,-2676,12,-254,172,1383245
2026-05-19 20:16:44,esterno,1576,16556,-1460,-422,-186,267,725812
2026-05-19 20:16:44,lombar,16324,-240,-2652,164,-225,122,1383267
2026-05-19 20:16:44,esterno,1624,16364,-1776,-1131,257,345,725834
2026-05-19 20:16:44,lombar,16344,-160,-2716,296,-116,147,1383289
2026-05-19 20:16:44,esterno,1712,15928,-2020,-1528,125,367,725856
2026-05-19 20:16:44,lombar,16156,-32,-2628,325,-171,155,1383311
2026-05-19 20:16:44,esterno,1516,15672,-2124,-1273,442,145,725878
2026-05-19 20:16:44,lombar,16320,72,-2752,277,-440,226,1383333
2026-05-19 20:16:44,esterno,1180,15608,-1596,-1085,478,-50,725900
2026-05-19 20:16:44,lombar,16336,156,-2572,353,-509,381,1383355
2026-05-19 20:16:44,esterno,1252,15256,-1576,-807,423,-234,725922
2026-05-19 20:16:44,lombar,16448,160,-2516,488,-488,431,1383377
2026-05-19 20:16:44,esterno,1276,15680,-1276,-444,519,-446,725944
2026-05-19 20:16:44,lombar,16304,16,-2492,564,-432,429,1383399
2026-05-19 20:16:44,esterno,1428,15908,-1220,-293,346,-427,725966
2026-05-19 20:16:44,lombar,16348,8,-2676,381,-297,545,1383421
2026-05-19 20:16:44,esterno,1532,15964,-1224,-326,463,-438,725988
2026-05-19 20:16:44,lombar,16572,72,-2808,216,-380,542,1383443
2026-05-19 20:16:44,esterno,1772,15984,-1476,-327,464,-459,726010
2026-05-19 20:16:44,lombar,16468,68,-2968,170,-477,551,1383465
2026-05-19 20:16:44,esterno,1648,16184,-768,-218,291,-449,726032
2026-05-19 20:16:44,lombar,16448,8,-3148,198,-335,570,1383487
2026-05-19 20:16:44,esterno,1276,16340,-1052,-61,-67,-396,726054
2026-05-19 20:16:44,lombar,16456,48,-3008,178,-370,588,1383509
2026-05-19 20:16:44,esterno,1192,16312,-976,-173,61,-295,726076
2026-05-19 20:16:44,lombar,16368,168,-2784,-69,-402,677,1383531
2026-05-19 20:16:44,esterno,1264,16200,-1040,-236,-118,-54,726098
2026-05-19 20:16:44,lombar,16456,72,-2676,-327,-517,615,1383553
2026-05-19 20:16:44,esterno,1412,15940,-1076,-54,-330,-46,726120
2026-05-19 20:16:44,lombar,16272,-100,-2612,-263,-343,467,1383575
2026-05-19 20:16:44,esterno,1300,15828,-1388,-139,-211,-171,726142
2026-05-19 20:16:44,lombar,16424,-64,-2848,-223,-63,397,1383597
2026-05-19 20:16:44,esterno,1052,15768,-1348,-244,6,-130,726164
2026-05-19 20:16:44,lombar,16400,-240,-2712,-196,-192,492,1383619
2026-05-19 20:16:44,esterno,1088,15940,-928,104,-165,54,726186
2026-05-19 20:16:44,lombar,16372,-208,-2712,-137,-391,434,1383641
2026-05-19 20:16:44,esterno,1444,16120,-1208,63,-24,178,726208
2026-05-19 20:16:44,lombar,16416,-104,-2556,-150,-354,391,1383663
2026-05-19 20:16:44,esterno,1392,16076,-1436,-182,-36,229,726230
2026-05-19 20:16:44,lombar,16380,-108,-2844,-214,-374,380,1383685
2026-05-19 20:16:44,esterno,1196,15976,-1552,-248,-232,328,726252
2026-05-19 20:16:44,lombar,16304,-76,-2968,-258,-401,188,1383707
2026-05-19 20:16:44,esterno,1196,16016,-1136,-403,-163,441,726274
2026-05-19 20:16:44,lombar,16472,-224,-2816,-243,-497,74,1383729
2026-05-19 20:16:44,esterno,1312,16212,-908,-378,-353,579,726296
2026-05-19 20:16:44,lombar,16388,-144,-2860,-300,-413,186,1383751
2026-05-19 20:16:44,esterno,1412,16088,-1432,-221,-130,488,726318
2026-05-19 20:16:44,lombar,16548,-156,-2892,-209,-397,151,1383773
2026-05-19 20:16:44,esterno,1272,16128,-840,-340,-12,214,726340
2026-05-19 20:16:44,lombar,16552,-116,-2624,-180,-415,178,1383795
2026-05-19 20:16:44,esterno,1396,15896,-1152,-431,-333,374,726362
2026-05-19 20:16:44,lombar,16512,-140,-2656,-217,-543,97,1383817
2026-05-19 20:16:44,esterno,1344,15724,-1512,-377,-507,521,726384
2026-05-19 20:16:44,lombar,16676,-116,-2772,-138,-366,86,1383839
2026-05-19 20:16:44,esterno,1228,15744,-1424,-316,-289,548,726406
2026-05-19 20:16:44,lombar,16524,-192,-2936,-161,10,133,1383861
2026-05-19 20:16:44,esterno,1384,16000,-1096,-206,-429,391,726428
2026-05-19 20:16:44,lombar,16504,-220,-2632,-30,-282,118,1383883
2026-05-19 20:16:44,esterno,1464,16068,-1180,-311,-270,336,726450
2026-05-19 20:16:44,lombar,16600,-132,-2672,52,-147,205,1383905
2026-05-19 20:16:44,esterno,1384,15948,-1352,-705,-68,426,726472
2026-05-19 20:16:44,lombar,16412,-76,-2648,-134,-212,192,1383927
2026-05-19 20:16:44,esterno,1428,15700,-1084,-423,-238,540,726494
2026-05-19 20:16:44,lombar,16528,116,-2708,-106,-221,177,1383949
2026-05-19 20:16:44,esterno,1472,15752,-1268,29,-198,336,726516
2026-05-19 20:16:45,lombar,16352,36,-2460,-60,-192,158,1383971
2026-05-19 20:16:45,esterno,1396,16000,-1280,-462,-48,163,726538
2026-05-19 20:16:45,lombar,16444,-120,-2624,84,-153,56,1383993
2026-05-19 20:16:45,esterno,1524,15920,-1516,-659,2,284,726560
2026-05-19 20:16:45,lombar,16460,-80,-2360,232,-43,125,1384015
2026-05-19 20:16:45,esterno,1700,15744,-1308,-263,102,279,726582
2026-05-19 20:16:45,lombar,16276,28,-2500,139,-185,162,1384037
2026-05-19 20:16:45,esterno,1660,15676,-940,86,155,158,726604
2026-05-19 20:16:45,lombar,16300,16,-2492,116,-202,74,1384059
2026-05-19 20:16:45,esterno,1588,15772,-1200,-77,108,101,726626
2026-05-19 20:16:45,lombar,16408,-4,-2616,283,48,-9,1384081
2026-05-19 20:16:45,esterno,1808,15856,-1204,-174,127,189,726648
2026-05-19 20:16:45,lombar,16344,-104,-2548,323,-3,74,1384103
2026-05-19 20:16:45,esterno,1564,15664,-1200,-2,289,151,726670
2026-05-19 20:16:45,lombar,16492,48,-2360,351,-353,140,1384125
2026-05-19 20:16:45,esterno,1516,15828,-1120,154,19,216,726692
2026-05-19 20:16:45,lombar,16480,108,-2596,242,-126,274,1384147
2026-05-19 20:16:45,esterno,1584,16016,-1096,107,-84,253,726714
2026-05-19 20:16:45,lombar,16500,144,-2728,265,134,139,1384169
2026-05-19 20:16:45,esterno,1632,16068,-1048,-52,-41,174,726736
2026-05-19 20:16:45,lombar,16400,180,-2804,208,-89,258,1384191
2026-05-19 20:16:45,esterno,1988,16072,-1156,-26,1,16,726758
2026-05-19 20:16:45,lombar,16488,100,-2512,306,-122,273,1384213
2026-05-19 20:16:45,esterno,1948,15948,-1268,190,117,-30,726780
2026-05-19 20:16:45,lombar,16524,152,-2780,316,-82,236,1384235
2026-05-19 20:16:45,esterno,1816,16016,-1124,172,165,-33,726802
2026-05-19 20:16:45,lombar,16492,124,-2824,397,3,301,1384257
2026-05-19 20:16:45,esterno,1672,16060,-1320,47,253,-34,726824
2026-05-19 20:16:45,lombar,16432,228,-2848,315,71,272,1384279
2026-05-19 20:16:45,esterno,1632,16136,-1032,-95,223,-19,726846
2026-05-19 20:16:45,lombar,16408,256,-2568,187,-9,343,1384301
2026-05-19 20:16:45,esterno,1776,15956,-928,-51,134,-60,726868
2026-05-19 20:16:45,lombar,16240,124,-2660,26,63,281,1384323
2026-05-19 20:16:45,esterno,1636,15796,-1404,103,33,-72,726890
2026-05-19 20:16:45,lombar,16344,108,-2576,80,298,220,1384345
2026-05-19 20:16:45,esterno,1440,15848,-1560,404,370,-77,726912
2026-05-19 20:16:45,lombar,16528,100,-2564,23,142,267,1384367
2026-05-19 20:16:45,esterno,1720,15968,-1104,330,-57,-13,726934
2026-05-19 20:16:45,lombar,16452,24,-2652,-6,-13,298,1384389
2026-05-19 20:16:45,esterno,1816,15900,-1076,385,-46,-51,726956
2026-05-19 20:16:45,lombar,16616,96,-2528,138,97,286,1384411
2026-05-19 20:16:45,esterno,1544,15752,-1600,549,72,-139,726978
2026-05-19 20:16:45,lombar,16420,80,-2328,149,251,272,1384433
2026-05-19 20:16:45,esterno,1352,15652,-1684,792,227,-135,727000
2026-05-19 20:16:45,lombar,16396,168,-2436,135,383,299,1384455
2026-05-19 20:16:45,esterno,1488,15604,-1604,1066,-65,31,727022
2026-05-19 20:16:45,lombar,16468,56,-2464,116,69,328,1384477
2026-05-19 20:16:45,esterno,1560,15920,-1536,1221,83,-32,727044
2026-05-19 20:16:45,lombar,16392,4,-2304,25,6,288,1384499
2026-05-19 20:16:45,esterno,1524,16296,-1256,992,148,-60,727066
2026-05-19 20:16:45,lombar,16424,64,-2408,91,7,205,1384521
2026-05-19 20:16:45,esterno,1620,16224,-1596,892,202,-143,727088
2026-05-19 20:16:45,lombar,16324,92,-2340,166,130,134,1384543
2026-05-19 20:16:45,esterno,1488,16040,-1660,822,311,-146,727110
2026-05-19 20:16:45,lombar,16472,112,-2368,71,216,156,1384565
2026-05-19 20:16:45,esterno,1408,15836,-1768,710,222,-101,727132
2026-05-19 20:16:45,lombar,16348,72,-2336,-107,116,186,1384587
2026-05-19 20:16:45,esterno,1340,15816,-1588,661,270,-89,727154
2026-05-19 20:16:45,lombar,16568,8,-2284,-135,136,65,1384609
2026-05-19 20:16:45,esterno,1444,16128,-1436,617,363,54,727176
2026-05-19 20:16:45,lombar,16696,-400,-2472,-303,37,5,1384631
2026-05-19 20:16:45,esterno,1524,16048,-1576,584,461,123,727198
2026-05-19 20:16:45,lombar,16696,-460,-2148,257,389,-30,1384653
2026-05-19 20:16:45,esterno,1836,15900,-2016,508,558,173,727220
2026-05-19 20:16:45,lombar,16648,-220,-2252,585,608,-40,1384675
2026-05-19 20:16:45,esterno,1776,15824,-1852,560,938,81,727242
2026-05-19 20:16:45,lombar,16544,60,-2168,421,401,172,1384697
2026-05-19 20:16:45,esterno,1412,15904,-1736,583,843,-68,727264
2026-05-19 20:16:45,lombar,16668,32,-2108,283,189,195,1384719
2026-05-19 20:16:45,esterno,1064,15868,-1828,514,649,-68,727286
2026-05-19 20:16:45,lombar,16528,-100,-2296,327,419,86,1384741
2026-05-19 20:16:45,esterno,956,15872,-1716,640,395,85,727308
2026-05-19 20:16:45,lombar,16512,-144,-2080,427,476,155,1384763
2026-05-19 20:16:45,esterno,1100,15888,-1816,666,276,154,727330
2026-05-19 20:16:45,lombar,16376,-340,-2100,481,512,137,1384785
2026-05-19 20:16:45,esterno,1160,15788,-1836,477,368,83,727352
2026-05-19 20:16:45,lombar,16420,-96,-1976,543,487,93,1384807
2026-05-19 20:16:45,esterno,1228,15696,-2020,529,109,-5,727374
2026-05-19 20:16:45,lombar,16472,204,-1928,327,233,134,1384829
2026-05-19 20:16:45,esterno,1212,16064,-1860,715,38,91,727396
2026-05-19 20:16:45,lombar,16392,240,-1944,111,402,115,1384851
2026-05-19 20:16:45,esterno,1140,16008,-1848,499,22,270,727418
2026-05-19 20:16:45,lombar,16440,112,-1924,54,659,-35,1384873
2026-05-19 20:16:45,esterno,1196,15624,-2148,370,101,316,727440
2026-05-19 20:16:45,lombar,16416,-92,-2244,108,580,-89,1384895
2026-05-19 20:16:45,esterno,1496,15852,-2116,517,153,217,727462
2026-05-19 20:16:45,lombar,16568,-140,-1900,130,280,-135,1384917
2026-05-19 20:16:45,esterno,1468,16120,-2060,579,95,300,727484
2026-05-19 20:16:45,lombar,16596,-204,-1964,41,75,-46,1384939
2026-05-19 20:16:45,esterno,1276,16112,-2304,726,408,318,727506
2026-05-19 20:16:45,lombar,16564,92,-1800,94,94,0,1384961
2026-05-19 20:16:45,esterno,1440,16072,-2000,591,460,339,727528
2026-05-19 20:16:46,lombar,16472,120,-1716,-30,310,-101,1384983
2026-05-19 20:16:46,esterno,1492,15976,-1904,419,130,372,727550
2026-05-19 20:16:46,lombar,16532,56,-1748,11,5,-88,1385005
2026-05-19 20:16:46,esterno,1448,15764,-2280,506,18,401,727572
2026-05-19 20:16:46,lombar,16484,4,-1892,75,45,-68,1385027
2026-05-19 20:16:46,esterno,1368,15736,-2356,545,313,360,727594
2026-05-19 20:16:46,lombar,16448,52,-1984,234,18,-130,1385049
2026-05-19 20:16:46,esterno,1640,15940,-2508,447,262,486,727616
2026-05-19 20:16:46,lombar,16528,252,-1940,398,-50,-108,1385071
2026-05-19 20:16:46,esterno,1724,16064,-2428,454,495,491,727638
2026-05-19 20:16:46,lombar,16456,420,-1784,423,-150,-70,1385093
2026-05-19 20:16:46,esterno,1760,16132,-2280,253,560,484,727660
2026-05-19 20:16:46,lombar,16348,436,-1856,542,-265,-185,1385115
2026-05-19 20:16:46,esterno,1780,15952,-2484,181,486,561,727682
2026-05-19 20:16:46,lombar,16400,460,-1784,608,-352,-326,1385137
2026-05-19 20:16:46,esterno,1912,15828,-2684,221,485,723,727704
2026-05-19 20:16:46,lombar,16308,384,-1608,970,-552,-384,1385159
2026-05-19 20:16:46,esterno,2172,15804,-2492,65,512,870,727726
2026-05-19 20:16:46,lombar,16296,560,-1844,1176,-649,-392,1385181
2026-05-19 20:16:46,esterno,2292,15808,-2600,-107,587,958,727748
2026-05-19 20:16:46,lombar,16220,656,-1900,1335,-392,-298,1385203
2026-05-19 20:16:46,esterno,2460,15596,-2628,-170,769,966,727770
2026-05-19 20:16:46,lombar,16220,1192,-1564,1342,-298,-400,1385225
2026-05-19 20:16:46,esterno,2628,15572,-2828,-78,658,1000,727792
2026-05-19 20:16:46,lombar,16276,1360,-1744,1062,-378,-542,1385247
2026-05-19 20:16:46,esterno,2824,15552,-2808,-113,584,1193,727814
2026-05-19 20:16:46,lombar,16432,1484,-1660,932,-515,-552,1385269
2026-05-19 20:16:46,esterno,2860,15788,-2728,-221,661,1309,727836
2026-05-19 20:16:46,lombar,16584,1484,-1684,830,-596,-525,1385291
2026-05-19 20:16:46,esterno,2824,15944,-2672,-342,793,1188,727858
2026-05-19 20:16:46,lombar,16644,1524,-1928,685,-454,-563,1385313
2026-05-19 20:16:46,esterno,2908,16036,-2692,-438,623,1140,727880
2026-05-19 20:16:46,lombar,16692,1436,-1832,580,-670,-560,1385335
2026-05-19 20:16:46,esterno,3060,16156,-2796,-411,548,1168,727902
2026-05-19 20:16:46,lombar,16508,1580,-2156,517,-920,-439,1385357
2026-05-19 20:16:46,esterno,3048,16032,-2232,-359,533,1175,727924
2026-05-19 20:16:46,lombar,16520,1740,-2036,368,-944,-379,1385379
2026-05-19 20:16:46,esterno,3224,15728,-2260,-368,339,1109,727946
2026-05-19 20:16:46,lombar,16312,1740,-2200,105,-596,-248,1385401
2026-05-19 20:16:46,esterno,3004,15392,-2236,-372,162,956,727968
2026-05-19 20:16:46,lombar,16452,2084,-1852,-284,-246,31,1385423
2026-05-19 20:16:46,esterno,2936,15256,-2296,-428,-149,798,727990
2026-05-19 20:16:46,lombar,16680,2376,-1344,-1078,-441,200,1385445
2026-05-19 20:16:46,esterno,2852,15368,-2556,-701,-428,528,728012
2026-05-19 20:16:46,lombar,16768,2284,-1228,-1567,-394,111,1385467
2026-05-19 20:16:46,esterno,2868,15492,-2852,-712,-791,286,728034
2026-05-19 20:16:46,lombar,16776,1756,-1876,-1640,-143,124,1385489
2026-05-19 20:16:46,esterno,2860,15752,-2992,-682,-1058,2,728056
2026-05-19 20:16:46,lombar,16808,1456,-1880,-1436,-397,397,1385511
2026-05-19 20:16:46,esterno,2964,15828,-2936,-616,-1442,-138,728078
2026-05-19 20:16:46,lombar,16932,1712,-1868,-1360,-780,758,1385533
2026-05-19 20:16:46,esterno,3192,15720,-2896,-199,-1362,-383,728100
2026-05-19 20:16:46,lombar,16728,1984,-1928,-1376,-517,974,1385555
2026-05-19 20:16:46,esterno,3464,15748,-2436,-107,-1514,-578,728122
2026-05-19 20:16:46,lombar,16484,2020,-1848,-1559,-228,952,1385577
2026-05-19 20:16:46,esterno,3380,15944,-2088,-311,-1898,-582,728144
2026-05-19 20:16:46,lombar,16488,1740,-1876,-1667,-413,1043,1385599
2026-05-19 20:16:46,esterno,3292,15672,-2784,-364,-1973,-519,728166
2026-05-19 20:16:46,lombar,16388,1652,-1592,-1655,-117,1179,1385621
2026-05-19 20:16:46,esterno,2964,15388,-2784,-364,-1781,-686,728188
2026-05-19 20:16:46,lombar,16428,1536,-1712,-1578,-19,1244,1385643
2026-05-19 20:16:46,esterno,3004,15252,-2852,-262,-1918,-730,728210
2026-05-19 20:16:46,lombar,16332,1452,-1896,-1599,91,1316,1385665
2026-05-19 20:16:46,esterno,3164,15492,-2900,-53,-1840,-748,728232
2026-05-19 20:16:46,lombar,16404,1464,-1816,-1367,-48,1336,1385687
2026-05-19 20:16:46,esterno,2992,15712,-2576,-123,-1656,-729,728254
2026-05-19 20:16:46,lombar,16236,1540,-1464,-1497,-101,1277,1385709
2026-05-19 20:16:46,esterno,3064,15552,-2740,-88,-1744,-756,728276
2026-05-19 20:16:46,lombar,16196,1496,-1584,-1335,-29,1241,1385731
2026-05-19 20:16:46,esterno,3004,15452,-2772,0,-1650,-799,728298
2026-05-19 20:16:46,lombar,16336,1384,-1756,-1150,-118,1130,1385753
2026-05-19 20:16:46,esterno,2980,15636,-2996,-253,-1542,-746,728320
2026-05-19 20:16:46,lombar,16336,1324,-1760,-1024,-331,1280,1385775
2026-05-19 20:16:46,esterno,2944,15732,-2916,-377,-1383,-594,728342
2026-05-19 20:16:46,lombar,16836,1112,-1716,-1038,-355,1313,1385797
2026-05-19 20:16:46,esterno,3044,16096,-2704,-516,-1212,-560,728364
2026-05-19 20:16:46,lombar,16660,788,-2004,-859,-651,1203,1385819
2026-05-19 20:16:46,esterno,2704,16200,-2688,-538,-1195,-766,728386
2026-05-19 20:16:46,lombar,16784,948,-1624,-877,-603,1302,1385841
2026-05-19 20:16:46,esterno,2576,16180,-2548,-641,-1178,-756,728408
2026-05-19 20:16:46,lombar,16516,1052,-2044,-955,-670,1408,1385863
2026-05-19 20:16:46,esterno,2772,16068,-2404,-740,-978,-698,728430
2026-05-19 20:16:46,lombar,16464,936,-2320,-674,-474,1286,1385885
2026-05-19 20:16:46,esterno,2648,15872,-2468,-841,-691,-759,728452
2026-05-19 20:16:46,lombar,16464,828,-1900,-582,-479,1172,1385907
2026-05-19 20:16:46,esterno,2668,15884,-2392,-936,-538,-741,728474
2026-05-19 20:16:46,lombar,16576,756,-1860,-605,-750,1174,1385929
2026-05-19 20:16:46,esterno,2496,15960,-2688,-990,-390,-685,728496
2026-05-19 20:16:46,lombar,16612,824,-2080,-420,-699,1088,1385951
2026-05-19 20:16:46,esterno,2540,16244,-2752,-1024,-185,-612,728518
2026-05-19 20:16:47,lombar,16724,804,-1864,-201,-594,971,1385973
2026-05-19 20:16:47,esterno,2564,16092,-2596,-990,1,-489,728540
2026-05-19 20:16:47,lombar,16616,564,-1948,111,-398,853,1385995
2026-05-19 20:16:47,esterno,2656,16020,-2452,-881,259,-423,728562
2026-05-19 20:16:47,lombar,16684,536,-2056,436,-330,768,1386017
2026-05-19 20:16:47,esterno,2780,15948,-2496,-912,568,-416,728584
2026-05-19 20:16:47,lombar,16880,464,-2132,551,-390,839,1386039
2026-05-19 20:16:47,esterno,2584,16064,-2360,-937,805,-451,728606
2026-05-19 20:16:47,lombar,16820,404,-1608,443,-551,818,1386061
2026-05-19 20:16:47,esterno,2208,16040,-2240,-910,1076,-591,728628
2026-05-19 20:16:47,lombar,16836,376,-1904,258,-619,811,1386083
2026-05-19 20:16:47,esterno,1836,15792,-1960,-719,1079,-839,728650
2026-05-19 20:16:47,lombar,16360,528,-2040,319,-108,770,1386105
2026-05-19 20:16:47,esterno,1500,15512,-1956,-380,1261,-1046,728672
2026-05-19 20:16:47,lombar,16280,500,-1720,295,10,583,1386127
2026-05-19 20:16:47,esterno,1372,15324,-1904,-392,1432,-1184,728694
2026-05-19 20:16:47,lombar,16416,228,-1676,43,-156,567,1386149
2026-05-19 20:16:47,esterno,1300,15308,-1864,-631,1075,-1056,728716
2026-05-19 20:16:47,lombar,16436,100,-1648,235,-52,473,1386171
2026-05-19 20:16:47,esterno,1400,15380,-2360,-517,874,-833,728738
2026-05-19 20:16:47,lombar,16616,28,-1580,388,186,542,1386193
2026-05-19 20:16:47,esterno,1728,15564,-2476,-221,1375,-821,728760
2026-05-19 20:16:47,lombar,16624,100,-1768,210,24,705,1386215
2026-05-19 20:16:47,esterno,1508,15728,-2096,68,1249,-1001,728782
2026-05-19 20:16:47,lombar,16356,76,-1828,316,183,612,1386237
2026-05-19 20:16:47,esterno,1512,15764,-1836,217,1345,-1057,728804
2026-05-19 20:16:47,lombar,16420,92,-1824,322,192,616,1386259
2026-05-19 20:16:47,esterno,1112,15740,-1800,72,1449,-974,728826
2026-05-19 20:16:47,lombar,16296,4,-2004,307,134,811,1386281
2026-05-19 20:16:47,esterno,1124,15688,-1640,-163,1308,-912,728848
2026-05-19 20:16:47,lombar,16348,64,-1744,182,73,775,1386303
2026-05-19 20:16:47,esterno,912,15684,-1608,-65,1196,-847,728870
2026-05-19 20:16:47,lombar,16356,-236,-2040,490,68,651,1386325
2026-05-19 20:16:47,esterno,860,15796,-1796,-11,1115,-951,728892
2026-05-19 20:16:47,lombar,16556,-480,-1780,387,-122,885,1386347
2026-05-19 20:16:47,esterno,808,15760,-1844,-98,1103,-1012,728914
2026-05-19 20:16:47,lombar,16496,-640,-1456,380,-124,1041,1386369
2026-05-19 20:16:47,esterno,748,15720,-1816,-167,1143,-917,728936
2026-05-19 20:16:47,lombar,16588,-364,-1960,243,3,1165,1386391
2026-05-19 20:16:47,esterno,568,15908,-1804,-244,944,-931,728958
2026-05-19 20:16:47,lombar,16132,-240,-2164,441,172,1019,1386413
2026-05-19 20:16:47,esterno,452,16120,-1624,-341,912,-908,728980
2026-05-19 20:16:47,lombar,16432,-420,-1940,240,-505,878,1386435
2026-05-19 20:16:47,esterno,484,16180,-1408,-334,768,-847,729002
2026-05-19 20:16:47,lombar,16456,-768,-2116,-171,-948,1087,1386457
2026-05-19 20:16:47,esterno,328,16276,-1296,-475,738,-935,729024
2026-05-19 20:16:47,lombar,16416,-896,-1716,-331,-584,1048,1386479
2026-05-19 20:16:47,esterno,108,15972,-1532,-647,623,-728,729046
2026-05-19 20:16:47,lombar,16700,-936,-1584,-208,-515,1036,1386501
2026-05-19 20:16:47,esterno,72,15832,-1856,-637,532,-833,729068
2026-05-19 20:16:47,lombar,16636,-1008,-1836,-51,-550,962,1386523
2026-05-19 20:16:47,esterno,-228,15756,-1664,-506,408,-922,729090
2026-05-19 20:16:47,lombar,16288,-868,-1876,-234,-352,1003,1386545
2026-05-19 20:16:47,esterno,-116,15776,-1648,-478,312,-888,729112
2026-05-19 20:16:47,lombar,16360,-1000,-2000,-270,-467,941,1386567
2026-05-19 20:16:47,esterno,52,15952,-1488,-593,274,-801,729134
2026-05-19 20:16:47,lombar,16568,-1328,-1816,-266,-717,877,1386589
2026-05-19 20:16:47,esterno,-172,15860,-1704,-658,246,-803,729156
2026-05-19 20:16:47,lombar,16556,-1448,-2088,-62,-778,924,1386611
2026-05-19 20:16:47,esterno,-168,15996,-1648,-559,19,-778,729178
2026-05-19 20:16:47,lombar,16616,-1360,-2220,249,-643,989,1386633
2026-05-19 20:16:47,esterno,-228,16108,-1504,-729,67,-816,729200
2026-05-19 20:16:47,lombar,16780,-912,-2256,181,-728,984,1386655
2026-05-19 20:16:47,esterno,-120,16364,-1460,-844,84,-634,729222
2026-05-19 20:16:47,lombar,16852,-792,-2272,32,-849,917,1386677
2026-05-19 20:16:47,esterno,-52,16536,-1628,-558,120,-491,729244
2026-05-19 20:16:47,lombar,16832,-712,-2108,-148,-758,811,1386699
2026-05-19 20:16:47,esterno,20,16472,-1192,-515,329,-304,729266
2026-05-19 20:16:47,lombar,16624,-952,-2080,-723,-656,801,1386721
2026-05-19 20:16:47,esterno,-120,16424,-648,-644,-293,-48,729288
2026-05-19 20:16:47,lombar,16344,-1420,-1936,-990,-664,670,1386743
2026-05-19 20:16:47,esterno,-204,15756,-1276,-426,-469,7,729310
2026-05-19 20:16:47,lombar,16352,-1956,-2268,-755,-336,656,1386765
2026-05-19 20:16:47,esterno,-588,15384,-1812,-407,6,-87,729332
2026-05-19 20:16:47,lombar,16480,-2064,-2184,-311,-269,577,1386787
2026-05-19 20:16:47,esterno,-648,15760,-1568,-751,10,-63,729354
2026-05-19 20:16:47,lombar,16752,-1724,-1780,-117,-588,686,1386809
2026-05-19 20:16:47,esterno,-516,16000,-1628,-732,241,49,729376
2026-05-19 20:16:47,lombar,16216,-1836,-2060,58,-651,616,1386831
2026-05-19 20:16:47,esterno,-368,16128,-1560,-594,465,86,729398
2026-05-19 20:16:47,lombar,16324,-2084,-2244,557,-611,301,1386853
2026-05-19 20:16:47,esterno,-296,15924,-1708,-517,572,183,729420
2026-05-19 20:16:47,lombar,16248,-2060,-2164,1103,-379,113,1386875
2026-05-19 20:16:47,esterno,-420,15684,-1432,-446,815,334,729442
2026-05-19 20:16:47,lombar,16076,-1960,-2168,1361,-443,-137,1386897
2026-05-19 20:16:47,esterno,-404,15696,-1128,-706,1151,526,729464
2026-05-19 20:16:47,lombar,16768,-1724,-2132,1653,-523,-435,1386919
2026-05-19 20:16:47,esterno,-272,16140,-1400,-1135,1484,679,729486
2026-05-19 20:16:47,lombar,17060,-1276,-2024,1994,-755,-510,1386941
2026-05-19 20:16:47,esterno,-80,16444,-1460,-1157,1655,914,729508
2026-05-19 20:16:47,lombar,17244,-572,-1792,2179,-691,-822,1386963
2026-05-19 20:16:48,esterno,432,16584,-1528,-799,1748,1144,729530
2026-05-19 20:16:48,lombar,17720,-100,-1688,2033,-771,-1042,1386985
2026-05-19 20:16:48,esterno,792,16540,-1620,-423,1909,1409,729552
2026-05-19 20:16:48,lombar,16900,-520,-2028,1743,-46,-1127,1387007
2026-05-19 20:16:48,esterno,1180,15996,-1328,252,1946,1527,729574
2026-05-19 20:16:48,lombar,16952,-1092,-1912,1600,376,-1119,1387029
2026-05-19 20:16:48,esterno,796,15656,-1252,798,2074,1547,729596
2026-05-19 20:16:48,lombar,16808,-1160,-1580,1689,74,-945,1387051
2026-05-19 20:16:48,esterno,596,15432,-1192,795,1942,1621,729618
2026-05-19 20:16:48,lombar,16616,-1108,-1988,1660,667,-738,1387073
2026-05-19 20:16:48,esterno,384,15256,-1452,829,1778,1657,729640
2026-05-19 20:16:48,lombar,16672,-808,-1644,1663,785,-719,1387095
2026-05-19 20:16:48,esterno,548,15348,-1588,1062,1746,1668,729662
2026-05-19 20:16:48,lombar,16988,-264,-1068,1550,623,-703,1387117
2026-05-19 20:16:48,esterno,564,15456,-2200,1403,1723,1584,729684
2026-05-19 20:16:48,lombar,16896,120,-1580,1731,1443,-756,1387139
2026-05-19 20:16:48,esterno,796,15276,-2164,1755,1674,1354,729706
2026-05-19 20:16:48,lombar,16356,40,-1408,1763,2088,-1054,1387161
2026-05-19 20:16:48,esterno,832,15468,-1920,1920,1685,1299,729728
2026-05-19 20:16:48,lombar,16412,-8,-1244,1534,1060,-1281,1387183
2026-05-19 20:16:48,esterno,1052,15516,-1940,2027,1460,1401,729750
2026-05-19 20:16:48,lombar,16680,388,-1588,1242,862,-1301,1387205
2026-05-19 20:16:48,esterno,1200,15776,-1784,2121,1171,1514,729772
2026-05-19 20:16:48,lombar,16572,456,-980,715,364,-1347,1387227
2026-05-19 20:16:48,esterno,1304,15692,-1984,2340,1019,1525,729794
2026-05-19 20:16:48,lombar,16576,148,-1584,1139,698,-1500,1387249
2026-05-19 20:16:48,esterno,1552,15804,-2152,2309,1034,1387,729816
2026-05-19 20:16:48,lombar,16548,220,-1452,1580,1575,-1569,1387271
2026-05-19 20:16:48,esterno,1828,15976,-2104,1935,412,1400,729838
2026-05-19 20:16:48,lombar,16900,560,-1160,1876,1802,-1473,1387293
2026-05-19 20:16:48,esterno,1884,15928,-2472,2000,204,1524,729860
2026-05-19 20:16:48,lombar,16656,864,-1072,1885,1412,-1198,1387315
2026-05-19 20:16:48,lombar,16552,1164,-1048,1646,1250,-1167,1387337
2026-05-19 20:16:48,esterno,2012,15772,-2848,2302,558,1556,729882
2026-05-19 20:16:48,esterno,2432,15644,-2832,2392,431,1415,729904
2026-05-19 20:16:48,lombar,16472,848,-1064,1532,1176,-1186,1387359
2026-05-19 20:16:48,esterno,2676,15800,-2728,2422,408,1331,729926
2026-05-19 20:16:48,lombar,16496,728,-1296,1656,1581,-1164,1387381
2026-05-19 20:16:48,esterno,2500,15852,-2776,2194,444,1281,729948
2026-05-19 20:16:48,lombar,16468,668,-1064,1361,1793,-907,1387403
2026-05-19 20:16:48,esterno,2584,15920,-3036,1760,425,1317,729970
2026-05-19 20:16:48,lombar,16680,716,-804,1552,1382,-771,1387425
2026-05-19 20:16:48,esterno,2716,15876,-3524,1609,517,1204,729992
2026-05-19 20:16:48,lombar,16592,608,-832,2085,1099,-833,1387447
2026-05-19 20:16:48,esterno,2688,15652,-3628,1861,745,1014,730014
2026-05-19 20:16:48,lombar,16464,996,-840,2658,1285,-1067,1387469
2026-05-19 20:16:48,esterno,2900,15516,-3324,2133,1023,862,730036
2026-05-19 20:16:48,lombar,16360,1324,-608,2939,1515,-1127,1387491
2026-05-19 20:16:48,esterno,3188,15468,-3592,1884,1168,845,730058
2026-05-19 20:16:48,lombar,16528,1800,-608,3175,1460,-1183,1387513
2026-05-19 20:16:48,esterno,3332,15428,-4140,1597,1444,816,730080
2026-05-19 20:16:48,lombar,16364,2072,-492,2922,1320,-1141,1387535
2026-05-19 20:16:48,esterno,3552,15528,-4288,1442,1515,895,730102
2026-05-19 20:16:48,lombar,16352,2468,-660,2375,1072,-1071,1387557
2026-05-19 20:16:48,esterno,4068,15424,-4412,1551,1582,1109,730124
2026-05-19 20:16:48,lombar,16072,2516,-808,2209,943,-1007,1387579
2026-05-19 20:16:48,esterno,4204,15464,-3860,1399,1857,775,730146
2026-05-19 20:16:48,lombar,16028,2804,-404,1746,622,-850,1387601
2026-05-19 20:16:48,esterno,3956,15824,-3572,924,1962,394,730168
2026-05-19 20:16:48,lombar,15948,3124,-600,1213,196,-597,1387623
2026-05-19 20:16:48,esterno,3692,15768,-3408,384,1844,195,730190
2026-05-19 20:16:48,lombar,16468,3032,-448,739,-445,-476,1387645
2026-05-19 20:16:48,esterno,3540,15600,-3772,-14,1747,-115,730212
2026-05-19 20:16:48,lombar,16424,2532,-908,245,-755,-381,1387667
2026-05-19 20:16:48,esterno,3840,15680,-3880,-445,1535,-724,730234
2026-05-19 20:16:48,lombar,16124,2236,-800,205,-805,-18,1387689
2026-05-19 20:16:48,esterno,3688,15772,-3504,-914,1283,-983,730256
2026-05-19 20:16:48,lombar,16072,2276,-976,411,-1315,521,1387711
2026-05-19 20:16:48,esterno,3776,15656,-3488,-1100,1032,-915,730278
2026-05-19 20:16:48,lombar,15828,2356,-1312,688,-1550,839,1387733
2026-05-19 20:16:48,esterno,3820,15288,-3496,-1142,898,-990,730300
2026-05-19 20:16:48,lombar,15988,2472,-1192,1040,-1393,1255,1387755
2026-05-19 20:16:48,esterno,4004,15228,-3348,-1251,599,-1203,730322
2026-05-19 20:16:48,lombar,16096,2376,-1132,1063,-1524,1679,1387777
2026-05-19 20:16:48,esterno,3996,15476,-3740,-1492,519,-1397,730344
2026-05-19 20:16:48,lombar,16000,2720,-1104,909,-1694,2146,1387799
2026-05-19 20:16:48,esterno,3932,15380,-3408,-1894,767,-1646,730366
2026-05-19 20:16:48,lombar,16136,2988,-1168,610,-1822,2441,1387821
2026-05-19 20:16:48,esterno,3804,15524,-3116,-2541,-374,-1643,730388
2026-05-19 20:16:48,lombar,16368,3040,-992,74,-2007,2576,1387843
2026-05-19 20:16:48,esterno,3800,15656,-3960,-2676,-175,-1687,730410
2026-05-19 20:16:48,lombar,15944,2996,-2224,-157,-1725,2909,1387865
2026-05-19 20:16:48,esterno,3344,15532,-3092,-2784,23,-2064,730432
2026-05-19 20:16:48,lombar,15468,3192,-1508,-1054,-1826,3298,1387887
2026-05-19 20:16:48,esterno,3460,15616,-2568,-3007,-476,-2142,730454
2026-05-19 20:16:48,lombar,16024,2980,-1440,-1968,-3459,3564,1387909
2026-05-19 20:16:48,esterno,3376,15756,-2352,-3378,-587,-2084,730476
2026-05-19 20:16:48,lombar,18224,1304,-1516,-1816,-3901,2921,1387931
2026-05-19 20:16:48,esterno,3296,16300,-3264,-3848,-193,-1885,730498
2026-05-19 20:16:48,lombar,18224,-336,-1596,-382,-2303,2164,1387953
2026-05-19 20:16:48,esterno,2764,16576,-3252,-3406,165,-1892,730520
2026-05-19 20:16:49,lombar,17692,-1340,-920,-17,-1122,2674,1387975
2026-05-19 20:16:49,esterno,1876,16556,-2432,-2705,517,-2570,730542
2026-05-19 20:16:49,lombar,16312,-916,-2144,-648,-1578,3401,1387997
2026-05-19 20:16:49,esterno,1444,16028,-1716,-2340,854,-2760,730564
2026-05-19 20:16:49,lombar,15444,796,-2712,-888,-1429,2949,1388019
2026-05-19 20:16:49,esterno,920,15616,-1180,-2372,1058,-2451,730586
2026-05-19 20:16:49,lombar,16304,1272,-2168,-1112,-2587,1924,1388041
2026-05-19 20:16:49,esterno,424,15460,-724,-2591,1013,-2044,730608
2026-05-19 20:16:49,lombar,16988,-128,-1996,-947,-2544,1224,1388063
2026-05-19 20:16:49,esterno,-88,15616,-944,-2745,810,-1835,730630
2026-05-19 20:16:49,lombar,16952,-1144,-2248,-649,-1415,961,1388085
2026-05-19 20:16:49,esterno,184,15924,-1556,-2961,732,-1754,730652
2026-05-19 20:16:49,lombar,17072,-1428,-2032,-409,-560,1078,1388107
2026-05-19 20:16:49,esterno,904,16160,-1520,-2346,651,-1536,730674
2026-05-19 20:16:49,lombar,17048,-1232,-2412,-224,-446,1227,1388129
2026-05-19 20:16:49,esterno,860,15780,-1076,-1465,622,-1557,730696
2026-05-19 20:16:49,lombar,16888,-1268,-2136,-119,-817,1347,1388151
2026-05-19 20:16:49,esterno,740,15468,-1224,-1169,651,-1628,730718
2026-05-19 20:16:49,lombar,16796,-1328,-2036,133,-1264,1252,1388173
2026-05-19 20:16:49,esterno,848,15556,-1268,-1025,875,-1551,730740
2026-05-19 20:16:49,lombar,17096,-1624,-1108,1008,-1082,815,1388195
2026-05-19 20:16:49,esterno,800,15424,-1792,-822,1278,-1422,730762
2026-05-19 20:16:49,lombar,17304,-1580,-1052,1971,-84,672,1388217
2026-05-19 20:16:49,esterno,760,15404,-2364,-473,1711,-1324,730784
2026-05-19 20:16:49,lombar,17108,-1480,-964,2705,1311,721,1388239
2026-05-19 20:16:49,esterno,420,14960,-2516,284,2117,-1328,730806
2026-05-19 20:16:49,lombar,16560,-1280,-1284,2869,1638,781,1388261
2026-05-19 20:16:49,esterno,40,14832,-2208,963,2454,-1451,730828
2026-05-19 20:16:49,lombar,16228,-1060,-1636,2584,1312,770,1388283
2026-05-19 20:16:49,esterno,-128,15416,-1628,1215,2483,-1363,730850
2026-05-19 20:16:49,lombar,16312,-1320,-1536,2370,929,692,1388305
2026-05-19 20:16:49,esterno,-300,15828,-1616,1305,2587,-1050,730872
2026-05-19 20:16:49,lombar,16464,-1148,-1660,2171,537,633,1388327
2026-05-19 20:16:49,esterno,-144,16300,-1636,1221,3206,-836,730894
2026-05-19 20:16:49,lombar,16600,-1036,-1552,1702,670,688,1388349
2026-05-19 20:16:49,esterno,-196,16608,-1184,976,2843,-570,730916
2026-05-19 20:16:49,lombar,16460,-1216,-1644,1282,565,644,1388371
2026-05-19 20:16:49,esterno,-720,16740,-1536,961,2359,-620,730938
2026-05-19 20:16:49,lombar,16324,-1200,-1472,962,333,571,1388393
2026-05-19 20:16:49,esterno,-1496,16088,-1672,1038,2363,-834,730960
2026-05-19 20:16:49,lombar,16104,-1736,-1936,841,360,485,1388415
2026-05-19 20:16:49,esterno,-1712,15644,-1612,650,2432,-992,730982
2026-05-19 20:16:49,lombar,16236,-2044,-1664,963,78,224,1388437
2026-05-19 20:16:49,esterno,-1516,15724,-1684,322,2346,-853,731004
2026-05-19 20:16:49,lombar,16456,-2176,-1688,959,-123,423,1388459
2026-05-19 20:16:49,esterno,-1520,16132,-1396,-89,2085,-763,731026
2026-05-19 20:16:49,lombar,16476,-1712,-1672,1073,-519,566,1388481
2026-05-19 20:16:49,esterno,-1232,16216,-1496,-311,1746,-720,731048
2026-05-19 20:16:49,lombar,15980,-1492,-2136,986,-879,582,1388503
2026-05-19 20:16:49,esterno,-1068,15868,-1376,-174,1620,-750,731070
2026-05-19 20:16:49,lombar,15816,-2424,-2524,1167,-884,145,1388525
2026-05-19 20:16:49,esterno,-904,15676,-1648,-429,1820,-725,731092
2026-05-19 20:16:49,lombar,15616,-2980,-2376,1982,-1136,-237,1388547
2026-05-19 20:16:49,esterno,-744,15852,-1448,-1058,2257,-539,731114
2026-05-19 20:16:49,lombar,16020,-2872,-2480,2580,-1052,-246,1388569
2026-05-19 20:16:49,esterno,-648,15984,-1340,-1521,2595,-253,731136
2026-05-19 20:16:49,lombar,16720,-2164,-1780,2925,-1338,-348,1388591
2026-05-19 20:16:49,esterno,-724,16448,-1248,-1697,2947,117,731158
2026-05-19 20:16:49,lombar,16496,-1332,-2160,3097,-2609,-379,1388613
2026-05-19 20:16:49,esterno,-556,16448,-1328,-1742,2923,499,731180
2026-05-19 20:16:49,lombar,19368,1024,-896,3214,-2372,-977,1388635
2026-05-19 20:16:49,esterno,-8,17292,-2464,-1742,2948,1174,731202
2026-05-19 20:16:49,lombar,18320,2388,-912,2126,-2261,-526,1388657
2026-05-19 20:16:49,esterno,476,17196,-1928,-998,2758,1514,731224
2026-05-19 20:16:49,lombar,17040,1144,-1264,562,-487,-1100,1388679
2026-05-19 20:16:49,esterno,860,15844,-1236,378,2048,1503,731246
2026-05-19 20:16:49,lombar,16268,-932,-1852,-106,171,-978,1388701
2026-05-19 20:16:49,esterno,684,14956,-1468,1021,1617,1219,731268
2026-05-19 20:16:49,lombar,15880,-2232,-1936,-57,716,-890,1388723
2026-05-19 20:16:49,esterno,84,14712,-1488,756,1247,1190,731290
2026-05-19 20:16:49,lombar,16536,-1688,-1716,910,697,-469,1388745
2026-05-19 20:16:49,esterno,-464,15000,-1404,563,889,1482,731312
2026-05-19 20:16:49,lombar,16804,-900,-1360,1549,-96,-35,1388767
2026-05-19 20:16:49,esterno,-608,15500,-1620,353,522,1503,731334
2026-05-19 20:16:49,lombar,16636,-68,-1376,2190,-180,-39,1388789
2026-05-19 20:16:49,esterno,-96,15792,-2148,584,216,1390,731356
2026-05-19 20:16:49,lombar,16548,564,-1772,2062,627,-358,1388811
2026-05-19 20:16:49,esterno,396,15692,-2048,896,-65,1247,731378
2026-05-19 20:16:49,lombar,16220,564,-1892,1349,1083,-785,1388833
2026-05-19 20:16:49,esterno,556,15968,-1832,1067,-474,1159,731400
2026-05-19 20:16:49,lombar,16544,288,-1728,782,67,-895,1388855
2026-05-19 20:16:49,esterno,520,16180,-1980,1436,-449,1293,731422
2026-05-19 20:16:49,lombar,16640,-88,-1532,257,-213,-675,1388877
2026-05-19 20:16:49,esterno,352,15940,-1144,1303,-927,1450,731444
2026-05-19 20:16:49,lombar,16500,-48,-1396,188,270,-440,1388899
2026-05-19 20:16:49,esterno,196,15964,-1032,954,-1882,1649,731466
2026-05-19 20:16:49,lombar,16420,-20,-2168,-9,238,-262,1388921
2026-05-19 20:16:49,esterno,300,15788,-1884,1041,-2330,1996,731488
2026-05-19 20:16:49,lombar,16544,16,-1732,353,-36,-351,1388943
2026-05-19 20:16:49,esterno,772,15996,-1900,1011,-2724,2282,731510
2026-05-19 20:16:49,lombar,16244,208,-1708,39,157,-554,1388965
2026-05-19 20:16:49,esterno,2108,16368,-2412,557,-2686,2430,731532
2026-05-19 20:16:50,lombar,16500,432,-1892,-455,-199,-665,1388987
2026-05-19 20:16:50,esterno,2692,16444,-2516,258,-1921,2373,731554
2026-05-19 20:16:50,lombar,16296,368,-2004,-603,-212,-819,1389009
2026-05-19 20:16:50,esterno,2688,16012,-2516,252,-1326,2090,731576
2026-05-19 20:16:50,lombar,16288,196,-2108,-284,154,-1062,1389031
2026-05-19 20:16:50,esterno,2320,15908,-2420,410,-895,1814,731598
2026-05-19 20:16:50,lombar,16720,180,-1572,-154,17,-858,1389053
2026-05-19 20:16:50,esterno,2212,15948,-2316,198,-556,1705,731620
2026-05-19 20:16:50,lombar,16712,368,-1436,-395,7,-629,1389075
2026-05-19 20:16:50,esterno,2156,15808,-2440,-230,-146,1523,731642
2026-05-19 20:16:50,lombar,16800,584,-1436,-363,87,-616,1389097
2026-05-19 20:16:50,esterno,2184,15612,-2592,-251,109,1297,731664
2026-05-19 20:16:50,lombar,16768,464,-1156,78,-352,-703,1389119
2026-05-19 20:16:50,esterno,1924,15108,-2388,-2,181,1089,731686
2026-05-19 20:16:50,lombar,16748,484,-1284,226,57,-691,1389141
2026-05-19 20:16:50,esterno,1872,15048,-2756,339,305,781,731708
2026-05-19 20:16:50,lombar,16752,332,-1036,291,385,-528,1389163
2026-05-19 20:16:50,esterno,2312,15148,-2760,560,232,603,731730
2026-05-19 20:16:50,lombar,16536,320,-1576,384,351,-361,1389185
2026-05-19 20:16:50,esterno,2476,15184,-2612,594,529,337,731752
2026-05-19 20:16:50,lombar,16580,580,-1620,288,299,-250,1389207
2026-05-19 20:16:50,esterno,2216,15572,-2368,704,479,130,731774
2026-05-19 20:16:50,lombar,16492,580,-1524,80,-218,-56,1389229
2026-05-19 20:16:50,esterno,2232,16008,-2304,836,229,145,731796
2026-05-19 20:16:50,lombar,16704,416,-1712,304,-532,41,1389251
2026-05-19 20:16:50,esterno,2176,16284,-2180,705,69,153,731818
2026-05-19 20:16:50,lombar,16676,384,-1368,384,-239,145,1389273
2026-05-19 20:16:50,esterno,2332,16360,-2436,449,187,31,731840
2026-05-19 20:16:50,lombar,16572,568,-1464,504,-118,259,1389295
2026-05-19 20:16:50,esterno,2056,15920,-2660,473,144,-110,731862
2026-05-19 20:16:50,lombar,16356,684,-1880,353,90,395,1389317
2026-05-19 20:16:50,esterno,1980,15572,-2728,641,53,-114,731884
2026-05-19 20:16:50,lombar,16520,716,-1724,407,-38,359,1389339
2026-05-19 20:16:50,esterno,1960,15608,-2384,686,-53,-49,731906
2026-05-19 20:16:50,lombar,16656,740,-1556,323,-229,438,1389361
2026-05-19 20:16:50,esterno,2252,16096,-2284,549,-270,-3,731928
2026-05-19 20:16:50,lombar,16492,676,-1672,98,-13,474,1389383
2026-05-19 20:16:50,esterno,2136,16080,-2608,435,-122,-183,731950
2026-05-19 20:16:50,lombar,16592,704,-1536,82,-13,538,1389405
2026-05-19 20:16:50,esterno,2004,15956,-2680,279,156,-436,731972
2026-05-19 20:16:50,lombar,16508,772,-1588,-69,4,458,1389427
2026-05-19 20:16:50,esterno,2072,15788,-2572,194,-249,-414,731994
2026-05-19 20:16:50,lombar,16540,628,-1616,45,21,332,1389449
2026-05-19 20:16:50,esterno,1840,15912,-2952,218,-162,-247,732016
2026-05-19 20:16:50,lombar,16404,668,-1472,-10,-47,469,1389471
2026-05-19 20:16:50,esterno,1964,15764,-2832,124,295,-216,732038
2026-05-19 20:16:50,lombar,16480,620,-1564,8,-75,512,1389493
2026-05-19 20:16:50,esterno,2104,15856,-2900,-40,353,-299,732060
2026-05-19 20:16:50,lombar,16332,700,-1612,-25,-58,425,1389515
2026-05-19 20:16:50,esterno,2316,16124,-2744,13,559,-354,732082
2026-05-19 20:16:50,lombar,16436,440,-1360,-212,-311,520,1389537
2026-05-19 20:16:50,esterno,1900,16224,-2528,-204,558,-301,732104
2026-05-19 20:16:50,lombar,16400,448,-1452,-114,-516,613,1389559
2026-05-19 20:16:50,esterno,1764,15832,-2824,-429,480,-174,732126
2026-05-19 20:16:50,lombar,16440,464,-1544,109,-300,504,1389581
2026-05-19 20:16:50,esterno,1892,15836,-2940,-516,576,-142,732148
2026-05-19 20:16:50,lombar,16380,492,-1628,226,-450,394,1389603
2026-05-19 20:16:50,esterno,1908,15740,-2904,-712,636,-171,732170
2026-05-19 20:16:50,lombar,16484,516,-1392,190,-961,466,1389625
2026-05-19 20:16:50,esterno,1992,15888,-2712,-603,620,-130,732192
2026-05-19 20:16:50,lombar,16376,424,-1592,273,-1011,394,1389647
2026-05-19 20:16:50,esterno,2044,15988,-2624,-562,756,-102,732214
2026-05-19 20:16:50,lombar,16500,476,-1572,312,-872,390,1389669
2026-05-19 20:16:50,esterno,1796,15908,-2388,-628,638,-14,732236
2026-05-19 20:16:50,lombar,16436,404,-1684,265,-933,335,1389691
2026-05-19 20:16:50,esterno,1944,15980,-2508,-661,482,24,732258
2026-05-19 20:16:50,lombar,16600,308,-1728,450,-1121,266,1389713
2026-05-19 20:16:50,esterno,2072,15872,-2368,-560,531,39,732280
2026-05-19 20:16:50,lombar,16640,292,-1840,501,-964,371,1389735
2026-05-19 20:16:50,esterno,1948,16000,-2220,-604,740,-15,732302
2026-05-19 20:16:50,lombar,16644,228,-1904,485,-921,379,1389757
2026-05-19 20:16:50,esterno,2076,15876,-2460,-643,657,16,732324
2026-05-19 20:16:50,lombar,16668,320,-1784,605,-817,359,1389779
2026-05-19 20:16:50,esterno,2148,15764,-2456,-479,696,-35,732346
2026-05-19 20:16:50,lombar,16640,256,-1816,775,-814,280,1389801
2026-05-19 20:16:50,esterno,1976,15748,-2512,-488,866,-255,732368
2026-05-19 20:16:50,lombar,16792,432,-1688,735,-696,414,1389823
2026-05-19 20:16:50,esterno,2064,15892,-2608,-513,985,-349,732390
2026-05-19 20:16:50,lombar,16704,504,-1628,653,-879,511,1389845
2026-05-19 20:16:50,esterno,1916,15744,-2448,-343,1032,-349,732412
2026-05-19 20:16:50,lombar,16564,508,-1976,750,-744,447,1389867
2026-05-19 20:16:50,esterno,1756,15676,-2248,-160,1037,-304,732434
2026-05-19 20:16:50,lombar,16660,436,-1788,628,-534,452,1389889
2026-05-19 20:16:50,esterno,1940,15576,-2148,-42,987,-387,732456
2026-05-19 20:16:50,lombar,16616,300,-1776,527,-556,511,1389911
2026-05-19 20:16:50,esterno,1684,15760,-2156,-98,782,-510,732478
2026-05-19 20:16:50,lombar,16624,328,-2004,525,-413,479,1389933
2026-05-19 20:16:50,esterno,1676,15768,-2628,65,834,-486,732500
2026-05-19 20:16:50,lombar,16740,496,-1812,383,-281,591,1389955
2026-05-19 20:16:50,esterno,1844,15628,-2704,164,1210,-548,732522
2026-05-19 20:16:51,lombar,16660,484,-1920,238,-497,565,1389977
2026-05-19 20:16:51,esterno,1752,15896,-1740,61,433,-527,732544
2026-05-19 20:16:51,lombar,16560,284,-1808,461,-524,389,1389999
2026-05-19 20:16:51,esterno,1808,15876,-2744,195,414,-475,732566
2026-05-19 20:16:51,lombar,16592,444,-1972,616,-67,486,1390021
2026-05-19 20:16:51,esterno,1572,15756,-2676,227,1116,-567,732588
2026-05-19 20:16:51,lombar,16528,548,-1944,355,-231,643,1390043
2026-05-19 20:16:51,esterno,1860,15868,-2672,269,1073,-549,732610
2026-05-19 20:16:51,lombar,16456,372,-2144,176,-448,570,1390065
2026-05-19 20:16:51,esterno,1748,16160,-2224,351,1064,-479,732632
2026-05-19 20:16:51,lombar,16460,220,-2252,257,-269,433,1390087
2026-05-19 20:16:51,esterno,1612,16248,-2156,-129,1096,-448,732654
2026-05-19 20:16:51,lombar,16488,264,-2132,337,-334,367,1390109
2026-05-19 20:16:51,esterno,1620,16112,-2460,-440,1093,-271,732676
2026-05-19 20:16:51,lombar,16560,424,-1756,386,-573,418,1390131
2026-05-19 20:16:51,esterno,1640,15656,-2532,-211,1016,-268,732698
2026-05-19 20:16:51,lombar,16572,456,-1932,170,-735,434,1390153
2026-05-19 20:16:51,esterno,1608,15764,-2616,23,908,-248,732720
2026-05-19 20:16:51,lombar,16324,352,-2040,233,-409,388,1390175
2026-05-19 20:16:51,esterno,1536,15936,-2224,-5,860,-219,732742
2026-05-19 20:16:51,lombar,16484,176,-1900,205,-394,285,1390197
2026-05-19 20:16:51,esterno,1484,15996,-2376,-277,689,-182,732764
2026-05-19 20:16:51,lombar,16616,108,-2048,181,-587,345,1390219
2026-05-19 20:16:51,esterno,1360,15888,-2692,-316,551,-175,732786
2026-05-19 20:16:51,lombar,16684,48,-1984,263,-572,328,1390241
2026-05-19 20:16:51,esterno,1484,15904,-2400,-317,400,-97,732808
2026-05-19 20:16:51,lombar,16596,196,-2256,303,-496,420,1390263
2026-05-19 20:16:51,esterno,1660,15896,-2204,-119,457,-104,732830
2026-05-19 20:16:51,lombar,16588,168,-2116,-74,-422,588,1390285
2026-05-19 20:16:51,esterno,1380,16080,-2196,-42,236,-249,732852
2026-05-19 20:16:51,lombar,16712,404,-2012,48,-679,650,1390307
2026-05-19 20:16:51,esterno,1452,15816,-2464,-203,57,-336,732874
2026-05-19 20:16:51,lombar,16560,480,-2008,204,-156,626,1390329
2026-05-19 20:16:51,esterno,1420,15716,-2388,-344,110,-447,732896
2026-05-19 20:16:51,lombar,16624,372,-1796,70,-223,713,1390351
2026-05-19 20:16:51,esterno,1488,15516,-2472,-309,40,-523,732918
2026-05-19 20:16:51,lombar,16700,104,-1832,108,-335,716,1390373
2026-05-19 20:16:51,esterno,1484,15472,-2472,-114,38,-665,732940
2026-05-19 20:16:51,lombar,16608,180,-1772,223,-55,734,1390395
2026-05-19 20:16:51,esterno,1468,15660,-2756,-219,130,-769,732962
2026-05-19 20:16:51,lombar,16532,268,-1988,114,-119,901,1390417
2026-05-19 20:16:51,esterno,1364,15616,-2484,-183,122,-792,732984
2026-05-19 20:16:51,lombar,16488,400,-1876,-17,-244,929,1390439
2026-05-19 20:16:51,esterno,1440,15704,-2496,-132,249,-882,733006
2026-05-19 20:16:51,lombar,16424,408,-2316,-21,108,953,1390461
2026-05-19 20:16:51,esterno,1408,15948,-2300,-229,230,-901,733028
2026-05-19 20:16:51,lombar,16524,84,-1904,-134,-40,867,1390483
2026-05-19 20:16:51,esterno,1508,15972,-2304,-191,163,-873,733050
2026-05-19 20:16:51,lombar,16584,-172,-2120,87,-240,984,1390505
2026-05-19 20:16:51,esterno,1416,15876,-2924,100,574,-922,733072
2026-05-19 20:16:51,lombar,16652,16,-2068,413,-61,1054,1390527
2026-05-19 20:16:51,esterno,1384,15840,-1832,-161,362,-881,733094
2026-05-19 20:16:51,lombar,16552,36,-1996,391,33,895,1390549
2026-05-19 20:16:51,esterno,1380,15816,-2416,-215,61,-705,733116
2026-05-19 20:16:51,lombar,16540,56,-1900,294,12,767,1390571
2026-05-19 20:16:51,esterno,1164,15744,-2784,217,577,-639,733138
2026-05-19 20:16:51,lombar,16656,8,-1856,218,484,723,1390593
2026-05-19 20:16:51,esterno,828,15640,-2532,317,561,-714,733160
2026-05-19 20:16:51,lombar,16536,-152,-2016,154,447,695,1390615
2026-05-19 20:16:51,esterno,1092,15924,-2504,301,688,-700,733182
2026-05-19 20:16:51,lombar,16536,-392,-2024,115,78,741,1390637
2026-05-19 20:16:51,esterno,1164,16100,-2240,64,700,-720,733204
2026-05-19 20:16:51,lombar,16624,-276,-1852,267,162,708,1390659
2026-05-19 20:16:51,esterno,1068,15852,-2328,28,596,-667,733226
2026-05-19 20:16:51,lombar,16700,-108,-1964,469,323,636,1390681
2026-05-19 20:16:51,esterno,1024,15696,-2656,349,670,-623,733248
2026-05-19 20:16:51,lombar,16552,-12,-1728,445,228,596,1390703
2026-05-19 20:16:51,esterno,828,15912,-2624,234,655,-628,733270
2026-05-19 20:16:51,lombar,16608,-300,-1656,402,6,542,1390725
2026-05-19 20:16:51,esterno,908,15756,-2428,124,698,-626,733292
2026-05-19 20:16:51,lombar,16652,-224,-1840,502,118,611,1390747
2026-05-19 20:16:51,esterno,1144,15836,-2560,176,593,-602,733314
2026-05-19 20:16:51,lombar,16640,-16,-1548,408,224,670,1390769
2026-05-19 20:16:51,esterno,888,15896,-2552,131,503,-486,733336
2026-05-19 20:16:51,lombar,16484,-180,-1712,367,232,653,1390791
2026-05-19 20:16:51,esterno,840,15712,-2900,63,757,-534,733358
2026-05-19 20:16:51,lombar,16572,-280,-1500,342,64,595,1390813
2026-05-19 20:16:51,esterno,940,15616,-2528,25,524,-543,733380
2026-05-19 20:16:51,lombar,16628,-168,-1800,429,176,649,1390835
2026-05-19 20:16:51,esterno,672,15772,-2536,159,765,-626,733402
2026-05-19 20:16:51,lombar,16612,-148,-1764,292,216,607,1390857
2026-05-19 20:16:51,esterno,556,16084,-2364,-36,556,-593,733424
2026-05-19 20:16:51,lombar,16432,-152,-1540,136,-125,534,1390879
2026-05-19 20:16:51,esterno,456,15892,-2468,-67,437,-446,733446
2026-05-19 20:16:51,lombar,16444,-200,-1520,-19,-215,462,1390901
2026-05-19 20:16:51,esterno,812,16116,-2532,-9,346,-374,733468
2026-05-19 20:16:51,lombar,16256,-420,-1816,-115,-83,368,1390923
2026-05-19 20:16:51,esterno,1160,16068,-3604,-53,1050,-91,733490
2026-05-19 20:16:51,lombar,16316,-596,-1648,271,-127,88,1390945
2026-05-19 20:16:51,esterno,876,15708,-3284,-38,1663,-2,733512
2026-05-19 20:16:51,lombar,16592,-844,-1316,946,-651,250,1390967
2026-05-19 20:16:52,esterno,-60,15572,-2536,377,1067,-259,733534
2026-05-19 20:16:52,lombar,16676,-572,-1436,1155,-760,561,1390989
2026-05-19 20:16:52,esterno,-700,16248,-2332,498,305,-644,733556
2026-05-19 20:16:52,lombar,16584,-476,-1656,888,-476,881,1391011
2026-05-19 20:16:52,esterno,-4,16684,-2592,-536,42,-426,733578
2026-05-19 20:16:52,lombar,16288,-84,-1632,490,-476,830,1391033
2026-05-19 20:16:52,esterno,772,16192,-2792,-1187,15,-11,733600
2026-05-19 20:16:52,lombar,16372,-68,-1664,77,-734,677,1391055
2026-05-19 20:16:52,esterno,1028,15848,-2748,-1050,-153,-19,733622
2026-05-19 20:16:52,lombar,16428,-428,-1696,-221,-921,632,1391077
2026-05-19 20:16:52,esterno,716,15932,-2560,-1092,-119,-229,733644
2026-05-19 20:16:52,lombar,16688,-460,-1944,-404,-1118,771,1391099
2026-05-19 20:16:52,esterno,448,16160,-2752,-1224,34,-104,733666
2026-05-19 20:16:52,lombar,16556,-160,-1824,-577,-1096,856,1391121
2026-05-19 20:16:52,esterno,236,16032,-2224,-1475,179,-96,733688
2026-05-19 20:16:52,lombar,16532,220,-1856,-884,-820,875,1391143
2026-05-19 20:16:52,esterno,456,16028,-1796,-1872,-870,103,733710
2026-05-19 20:16:52,lombar,16476,212,-1908,-1584,-949,727,1391165
2026-05-19 20:16:52,esterno,496,15844,-2032,-1759,-1027,288,733732
2026-05-19 20:16:52,lombar,16608,-280,-1780,-1737,-994,575,1391187
2026-05-19 20:16:52,esterno,740,15444,-2444,-1317,-697,279,733754
2026-05-19 20:16:52,lombar,16636,-396,-1892,-1615,-743,487,1391209
2026-05-19 20:16:52,esterno,940,15564,-2372,-1124,-533,-38,733776
2026-05-19 20:16:52,lombar,16616,-576,-2120,-1454,-530,640,1391231
2026-05-19 20:16:52,esterno,1076,15636,-2956,-1487,-301,-271,733798
2026-05-19 20:16:52,lombar,16556,-460,-2192,-1605,-599,898,1391253
2026-05-19 20:16:52,esterno,700,15840,-1740,-1318,-336,-327,733820
2026-05-19 20:16:52,lombar,16576,-520,-1920,-1578,-510,826,1391275
2026-05-19 20:16:52,esterno,620,16088,-1912,-818,-657,-252,733842
2026-05-19 20:16:52,lombar,16712,-620,-1680,-1251,-629,670,1391297
2026-05-19 20:16:52,esterno,496,16020,-2176,-734,-441,-138,733864
2026-05-19 20:16:52,lombar,16684,-648,-2188,-873,-511,652,1391319
2026-05-19 20:16:52,esterno,436,15796,-1720,-618,-694,-84,733886
2026-05-19 20:16:52,lombar,16600,-620,-1888,-608,-332,622,1391341
2026-05-19 20:16:52,esterno,424,15716,-1872,-563,-984,89,733908
2026-05-19 20:16:52,lombar,16644,-544,-2020,-705,-505,613,1391363
2026-05-19 20:16:52,esterno,260,15724,-2044,-675,-861,138,733930
2026-05-19 20:16:52,lombar,16488,-564,-2100,-739,-420,625,1391385
2026-05-19 20:16:52,esterno,124,15756,-1696,-461,-921,203,733952
2026-05-19 20:16:52,lombar,16600,-468,-2044,-569,-74,499,1391407
2026-05-19 20:16:52,esterno,320,15680,-1856,-320,-1109,23,733974
2026-05-19 20:16:52,lombar,16784,-368,-1832,-397,-207,463,1391429
2026-05-19 20:16:52,esterno,736,15600,-1624,-101,-1212,-96,733996
2026-05-19 20:16:52,lombar,16760,-352,-2212,-500,-119,635,1391451
2026-05-19 20:16:52,esterno,536,15892,-1676,-15,-1201,-229,734018
2026-05-19 20:16:52,lombar,16680,-240,-2172,-833,146,688,1391473
2026-05-19 20:16:52,esterno,336,16112,-1600,54,-1648,-112,734040
2026-05-19 20:16:52,lombar,16728,-180,-2012,-1162,60,557,1391495
2026-05-19 20:16:52,esterno,324,16012,-1552,298,-1904,34,734062
2026-05-19 20:16:52,lombar,16604,-284,-2136,-1333,-6,497,1391517
2026-05-19 20:16:52,esterno,520,15960,-1564,127,-2047,14,734084
2026-05-19 20:16:52,lombar,16604,-448,-2224,-1549,369,514,1391539
2026-05-19 20:16:52,esterno,828,16172,-1824,-138,-1988,1,734106
2026-05-19 20:16:52,lombar,16644,-624,-2044,-1711,358,626,1391561
2026-05-19 20:16:52,esterno,984,16168,-1912,-79,-1746,48,734128
2026-05-19 20:16:52,lombar,16612,-604,-2004,-1705,60,678,1391583
2026-05-19 20:16:52,esterno,964,15912,-2116,53,-1462,-51,734150
2026-05-19 20:16:52,lombar,16536,-692,-1832,-1685,-94,621,1391605
2026-05-19 20:16:52,esterno,584,15600,-2188,173,-1231,-281,734172
2026-05-19 20:16:52,lombar,16760,-844,-1624,-1657,-233,624,1391627
2026-05-19 20:16:52,esterno,72,15684,-2004,329,-1344,-543,734194
2026-05-19 20:16:52,lombar,16700,-908,-1536,-1668,-114,843,1391649
2026-05-19 20:16:52,esterno,-84,15484,-1944,297,-1414,-820,734216
2026-05-19 20:16:52,lombar,16728,-968,-1436,-1684,-57,1034,1391671
2026-05-19 20:16:52,lombar,16712,-916,-1476,-1757,-126,1150,1391693
2026-05-19 20:16:52,esterno,-184,15404,-2292,226,-1722,-1048,734238
2026-05-19 20:16:52,esterno,-320,15440,-2228,117,-1968,-1242,734260
2026-05-19 20:16:52,lombar,16520,-1024,-1368,-1544,66,1203,1391715
2026-05-19 20:16:52,esterno,-168,15464,-2188,283,-1962,-985,734282
2026-05-19 20:16:52,lombar,16604,-1148,-1844,-1537,179,1121,1391737
2026-05-19 20:16:52,esterno,240,15600,-2228,633,-1964,-718,734304
2026-05-19 20:16:52,lombar,16708,-1196,-1564,-1260,-219,1074,1391759
2026-05-19 20:16:52,esterno,536,15984,-2312,408,-1323,-726,734326
2026-05-19 20:16:52,lombar,16868,-1112,-1632,-1104,-355,930,1391781
2026-05-19 20:16:52,esterno,372,15932,-2604,453,-273,-719,734348
2026-05-19 20:16:52,lombar,16764,-1080,-1612,-1246,-53,880,1391803
2026-05-19 20:16:52,esterno,148,15988,-2568,664,-1003,-402,734370
2026-05-19 20:16:52,lombar,16632,-1120,-1580,-1103,416,569,1391825
2026-05-19 20:16:52,esterno,-396,16116,-2240,880,-895,96,734392
2026-05-19 20:16:52,lombar,16740,-1420,-1672,-684,403,359,1391847
2026-05-19 20:16:52,esterno,-580,15696,-2888,1020,-258,351,734414
2026-05-19 20:16:52,lombar,16916,-1132,-1340,-490,504,262,1391869
2026-05-19 20:16:52,esterno,-324,15468,-2496,1245,115,379,734436
2026-05-19 20:16:52,lombar,17000,-1104,-1768,-316,720,239,1391891
2026-05-19 20:16:52,esterno,184,15868,-2396,1803,254,612,734458
2026-05-19 20:16:52,lombar,16732,-1260,-1884,-77,1352,-52,1391913
2026-05-19 20:16:52,esterno,-16,16508,-1736,2020,404,995,734480
2026-05-19 20:16:52,lombar,16764,-1136,-1872,96,2137,-583,1391935
2026-05-19 20:16:52,esterno,-124,16796,-2268,1773,526,1301,734502
2026-05-19 20:16:52,lombar,16892,-996,-1564,-3,1855,-737,1391957
2026-05-19 20:16:52,esterno,0,16336,-2916,1746,863,1314,734524
2026-05-19 20:16:53,lombar,16756,-904,-1464,-237,1156,-725,1391979
2026-05-19 20:16:53,esterno,268,16192,-2812,1551,758,1436,734546
2026-05-19 20:16:53,lombar,16768,-784,-980,-112,614,-592,1392001
2026-05-19 20:16:53,esterno,656,16036,-2952,1378,618,1706,734568
2026-05-19 20:16:53,lombar,16460,-468,-1244,25,671,-478,1392023
2026-05-19 20:16:53,esterno,820,15780,-3100,1336,564,1581,734590
2026-05-19 20:16:53,lombar,16448,-84,-860,-366,686,-438,1392045
2026-05-19 20:16:53,esterno,524,15420,-2836,1226,460,1361,734612
2026-05-19 20:16:53,lombar,16368,-184,-832,-294,814,-556,1392067
2026-05-19 20:16:53,esterno,340,15244,-3024,982,272,1096,734634
2026-05-19 20:16:53,lombar,16224,-172,-736,-99,1490,-582,1392089
2026-05-19 20:16:53,esterno,416,15220,-3468,884,29,1393,734656
2026-05-19 20:16:53,lombar,16256,-268,-1024,-312,1333,-508,1392111
2026-05-19 20:16:53,esterno,188,15240,-3364,1005,-156,1219,734678
2026-05-19 20:16:53,lombar,16336,-336,-776,-487,792,-283,1392133
2026-05-19 20:16:53,esterno,312,15912,-3168,776,-495,1046,734700
2026-05-19 20:16:53,lombar,16520,-36,-744,-537,186,4,1392155
2026-05-19 20:16:53,esterno,540,16084,-3136,427,-975,1189,734722
2026-05-19 20:16:53,lombar,16556,88,-924,-836,31,77,1392177
2026-05-19 20:16:53,esterno,660,16232,-3164,212,-1207,1042,734744
2026-05-19 20:16:53,lombar,16560,-16,-1096,-1074,-114,162,1392199
2026-05-19 20:16:53,esterno,588,16224,-2880,143,-1471,971,734766
2026-05-19 20:16:53,lombar,16820,-160,-1204,-1116,-13,202,1392221
2026-05-19 20:16:53,esterno,596,16264,-2776,38,-1808,988,734788
2026-05-19 20:16:53,lombar,16884,-416,-1020,-1318,-45,321,1392243
2026-05-19 20:16:53,esterno,684,16368,-2640,-182,-1916,782,734810
2026-05-19 20:16:53,lombar,16936,-232,-1132,-1226,-174,497,1392265
2026-05-19 20:16:53,esterno,840,16080,-2508,-190,-2091,752,734832
2026-05-19 20:16:53,lombar,17000,-124,-756,-1366,-56,693,1392287
2026-05-19 20:16:53,esterno,968,15780,-2908,95,-2206,598,734854
2026-05-19 20:16:53,lombar,17044,-28,-648,-1489,214,724,1392309
2026-05-19 20:16:53,esterno,892,15676,-3076,147,-2173,370,734876
2026-05-19 20:16:53,lombar,16824,44,-464,-1616,565,697,1392331
2026-05-19 20:16:53,esterno,956,15236,-3380,234,-2144,300,734898
2026-05-19 20:16:53,lombar,16808,-292,-692,-2054,758,637,1392353
2026-05-19 20:16:53,esterno,848,15040,-3624,457,-2308,243,734920
2026-05-19 20:16:53,lombar,16764,-452,-268,-2124,908,607,1392375
2026-05-19 20:16:53,esterno,828,15124,-3644,706,-2257,130,734942
2026-05-19 20:16:53,lombar,16944,-460,-160,-2216,981,729,1392397
2026-05-19 20:16:53,esterno,900,15224,-3732,927,-2252,88,734964
2026-05-19 20:16:53,lombar,16720,-436,-212,-2055,1451,652,1392419
2026-05-19 20:16:53,esterno,856,15384,-3636,1047,-2170,37,734986
2026-05-19 20:16:53,lombar,16716,-616,-40,-2219,1478,604,1392441
2026-05-19 20:16:53,esterno,848,15412,-3716,1250,-2058,-107,735008
2026-05-19 20:16:53,lombar,16824,-440,136,-2002,1268,594,1392463
2026-05-19 20:16:53,esterno,908,15576,-3836,1309,-1878,-138,735030
2026-05-19 20:16:53,lombar,16568,-360,-192,-1834,1211,442,1392485
2026-05-19 20:16:53,esterno,924,15640,-3960,1508,-1788,-40,735052
2026-05-19 20:16:53,lombar,16516,-488,-104,-1724,1185,340,1392507
2026-05-19 20:16:53,esterno,812,15520,-3948,1462,-1713,-5,735074
2026-05-19 20:16:53,lombar,16532,-556,0,-1694,1027,370,1392529
2026-05-19 20:16:53,esterno,844,15828,-3928,1286,-1670,76,735096
2026-05-19 20:16:53,lombar,16552,-652,-288,-1676,1050,465,1392551
2026-05-19 20:16:53,esterno,992,15852,-4056,1121,-1585,56,735118
2026-05-19 20:16:53,lombar,16528,-592,-48,-1319,752,348,1392573
2026-05-19 20:16:53,esterno,884,15844,-4200,976,-1423,43,735140
2026-05-19 20:16:53,lombar,16484,-612,12,-1004,594,265,1392595
2026-05-19 20:16:53,esterno,980,15856,-4064,791,-1224,207,735162
2026-05-19 20:16:53,lombar,16384,-556,-80,-587,614,101,1392617
2026-05-19 20:16:53,esterno,1120,15780,-4192,637,-1055,291,735184
2026-05-19 20:16:53,lombar,16696,-352,4,-559,320,133,1392639
2026-05-19 20:16:53,esterno,972,15956,-4080,531,-1023,447,735206
2026-05-19 20:16:53,lombar,16740,-64,212,-376,138,108,1392661
2026-05-19 20:16:53,esterno,1064,15820,-4860,673,-814,503,735228
2026-05-19 20:16:53,lombar,16564,-64,200,-319,165,107,1392683
2026-05-19 20:16:53,esterno,792,15512,-4124,462,-581,383,735250
2026-05-19 20:16:53,lombar,16584,-88,268,-208,367,-94,1392705
2026-05-19 20:16:53,esterno,980,15580,-4144,165,-937,678,735272
2026-05-19 20:16:53,lombar,16644,-136,440,-238,175,-66,1392727
2026-05-19 20:16:53,esterno,1224,15696,-4800,232,-1105,946,735294
2026-05-19 20:16:53,lombar,16808,-52,264,-166,-131,2,1392749
2026-05-19 20:16:53,esterno,1296,15620,-4372,251,-622,756,735316
2026-05-19 20:16:53,lombar,16784,208,120,-329,-160,129,1392771
2026-05-19 20:16:53,esterno,1580,15884,-4628,138,-373,539,735338
2026-05-19 20:16:53,lombar,16744,164,340,-613,-235,149,1392793
2026-05-19 20:16:53,esterno,1404,16008,-4148,-46,-198,495,735360
2026-05-19 20:16:53,lombar,16620,-140,376,-578,-367,125,1392815
2026-05-19 20:16:53,esterno,1100,15584,-4004,-23,-497,468,735382
2026-05-19 20:16:53,lombar,16832,-240,200,-364,-163,134,1392837
2026-05-19 20:16:53,esterno,1028,15376,-4352,172,-362,325,735404
2026-05-19 20:16:53,lombar,16992,-312,464,-53,-34,162,1392859
2026-05-19 20:16:53,esterno,1052,15500,-4308,-67,-108,244,735426
2026-05-19 20:16:53,lombar,16972,-296,88,219,-59,222,1392881
2026-05-19 20:16:53,esterno,1152,15716,-4292,-219,-153,313,735448
2026-05-19 20:16:53,lombar,16916,-276,256,174,-33,325,1392903
2026-05-19 20:16:53,esterno,1396,15716,-4268,53,-250,275,735470
2026-05-19 20:16:53,lombar,16892,-416,596,340,-94,261,1392925
2026-05-19 20:16:53,esterno,1380,15512,-4484,179,197,119,735492
2026-05-19 20:16:53,lombar,16772,-360,384,506,-1,313,1392947
2026-05-19 20:16:54,esterno,1192,15444,-4496,84,390,-82,735514
2026-05-19 20:16:54,lombar,16980,-256,492,671,-8,296,1392969
2026-05-19 20:16:54,esterno,1256,15392,-4608,-38,431,-29,735536
2026-05-19 20:16:54,lombar,16896,-140,404,847,188,301,1392991
2026-05-19 20:16:54,esterno,1400,15524,-4368,31,488,-45,735558
2026-05-19 20:16:54,lombar,16940,148,464,557,146,398,1393013
2026-05-19 20:16:54,esterno,1204,15720,-4296,142,697,-235,735580
2026-05-19 20:16:54,lombar,16880,348,508,401,121,332,1393035
2026-05-19 20:16:54,esterno,1216,15564,-4344,112,453,-283,735602
2026-05-19 20:16:54,lombar,16684,248,556,9,144,418,1393057
2026-05-19 20:16:54,esterno,1000,15384,-4316,100,311,-495,735624
2026-05-19 20:16:54,lombar,16612,96,760,-221,218,482,1393079
2026-05-19 20:16:54,esterno,1004,15328,-4188,-76,367,-602,735646
