timestamp,node,ax,ay,az,gx,gy,gz,t_ms
2026-05-19 20:17:02,esterno,32,15196,-6064,-371,-118,-569,743940
2026-05-19 20:17:02,lombar,16688,-1100,628,-1258,-578,1043,1401395
2026-05-19 20:17:02,esterno,-208,15196,-5876,-514,-133,-590,743962
2026-05-19 20:17:02,lombar,16864,-1172,1104,-1365,-647,1035,1401417
2026-05-19 20:17:02,esterno,-564,14992,-6120,-619,-278,-646,743984
2026-05-19 20:17:02,lombar,16952,-1112,796,-1871,-895,1201,1401439
2026-05-19 20:17:02,esterno,-748,15004,-5900,-557,-285,-689,744006
2026-05-19 20:17:02,lombar,16856,-1156,620,-2192,-746,1187,1401461
2026-05-19 20:17:02,esterno,-548,15180,-6044,-615,-325,-593,744028
2026-05-19 20:17:02,lombar,16764,-1872,600,-2037,-998,974,1401483
2026-05-19 20:17:02,esterno,-692,15420,-5760,-674,-515,-451,744050
2026-05-19 20:17:02,lombar,16472,-1976,612,-1829,-1052,1020,1401505
2026-05-19 20:17:02,esterno,-832,15144,-6048,-638,-514,-325,744072
2026-05-19 20:17:02,lombar,16540,-2536,316,-1411,-883,893,1401527
2026-05-19 20:17:02,esterno,-1020,14992,-6060,-671,-173,-357,744094
2026-05-19 20:17:02,lombar,16472,-2612,92,-950,-894,763,1401549
2026-05-19 20:17:02,esterno,-1232,15116,-5472,-836,86,-379,744116
2026-05-19 20:17:02,lombar,16716,-2636,104,-306,-911,563,1401571
2026-05-19 20:17:02,esterno,-1096,15320,-5500,-1055,297,-245,744138
2026-05-19 20:17:02,lombar,16580,-2432,104,97,-967,370,1401593
2026-05-19 20:17:02,esterno,-1032,15620,-5552,-1173,602,92,744160
2026-05-19 20:17:02,lombar,16356,-2200,-48,318,-1234,62,1401615
2026-05-19 20:17:02,esterno,-824,15356,-5520,-1031,857,377,744182
2026-05-19 20:17:02,lombar,16328,-2632,-388,788,-1217,-307,1401637
2026-05-19 20:17:02,esterno,-732,15276,-5428,-1014,1190,582,744204
2026-05-19 20:17:02,lombar,16404,-2820,-80,1700,-951,-762,1401659
2026-05-19 20:17:02,esterno,-764,15252,-5552,-1205,1711,729,744226
2026-05-19 20:17:02,lombar,17056,-2040,-212,2158,-945,-889,1401681
2026-05-19 20:17:02,esterno,-764,15484,-5848,-1298,2198,1019,744248
2026-05-19 20:17:02,lombar,17648,-900,824,1932,-1480,-926,1401703
2026-05-19 20:17:02,esterno,-484,15832,-5888,-1315,2306,1390,744270
2026-05-19 20:17:02,lombar,17732,-416,588,1835,-1623,-1193,1401725
2026-05-19 20:17:02,esterno,-12,15756,-5544,-996,2088,1824,744292
2026-05-19 20:17:02,lombar,17136,-460,168,2000,-957,-1483,1401747
2026-05-19 20:17:02,esterno,436,15536,-5000,-494,1920,2041,744314
2026-05-19 20:17:02,lombar,16628,-480,836,1821,-1066,-1589,1401769
2026-05-19 20:17:02,esterno,280,15088,-5020,-259,1603,2175,744336
2026-05-19 20:17:02,lombar,16788,-804,376,1293,-843,-1400,1401791
2026-05-19 20:17:02,esterno,32,14560,-5476,-178,1509,2114,744358
2026-05-19 20:17:02,lombar,16668,-1008,372,1499,-784,-1258,1401813
2026-05-19 20:17:02,esterno,-108,14700,-5484,-458,892,2233,744380
2026-05-19 20:17:02,lombar,16476,-972,308,2030,-836,-1362,1401835
2026-05-19 20:17:02,esterno,-184,14668,-5660,-456,642,2242,744402
2026-05-19 20:17:02,lombar,16816,-716,444,2209,-783,-1332,1401857
2026-05-19 20:17:02,esterno,-108,14612,-5928,-89,683,1891,744424
2026-05-19 20:17:02,lombar,16916,-128,612,2212,-895,-1244,1401879
2026-05-19 20:17:02,esterno,368,14892,-5664,-13,607,1689,744446
2026-05-19 20:17:02,lombar,16888,-60,72,2153,-713,-1285,1401901
2026-05-19 20:17:02,esterno,904,15116,-5260,5,261,1892,744468
2026-05-19 20:17:02,esterno,1144,15340,-5212,187,-12,2012,744490
2026-05-19 20:17:02,lombar,16520,292,488,1847,-646,-1368,1401923
2026-05-19 20:17:02,lombar,16496,572,112,1392,-393,-1291,1401945
2026-05-19 20:17:02,esterno,1172,15272,-5324,64,-54,1906,744512
2026-05-19 20:17:03,lombar,16544,472,364,1582,-152,-1443,1401967
2026-05-19 20:17:03,esterno,1224,15040,-5624,-224,-174,1905,744534
2026-05-19 20:17:03,lombar,16556,180,280,1160,-310,-1372,1401989
2026-05-19 20:17:03,esterno,1480,14992,-5996,-197,-327,2117,744556
2026-05-19 20:17:03,lombar,16688,240,188,1081,-497,-1300,1402011
2026-05-19 20:17:03,esterno,1736,15052,-5944,-110,-280,2169,744578
2026-05-19 20:17:03,lombar,16788,408,-160,1074,-673,-1383,1402033
2026-05-19 20:17:03,esterno,1776,15480,-5336,-379,-530,2156,744600
2026-05-19 20:17:03,lombar,16752,844,-84,868,-714,-1244,1402055
2026-05-19 20:17:03,esterno,1740,15656,-5596,-552,-497,2155,744622
2026-05-19 20:17:03,lombar,16668,676,-8,1004,-969,-1209,1402077
2026-05-19 20:17:03,esterno,1960,15568,-4980,-750,-663,2147,744644
2026-05-19 20:17:03,lombar,16408,508,-72,961,-796,-1184,1402099
2026-05-19 20:17:03,esterno,2104,15184,-5212,-885,-599,2109,744666
2026-05-19 20:17:03,lombar,16656,420,-280,788,-1129,-1007,1402121
2026-05-19 20:17:03,esterno,2000,15136,-5320,-1099,-768,1898,744688
2026-05-19 20:17:03,lombar,16640,748,108,1020,-1106,-916,1402143
2026-05-19 20:17:03,esterno,2132,15112,-5700,-1052,-717,1850,744710
2026-05-19 20:17:03,lombar,16560,796,-100,1277,-1049,-640,1402165
2026-05-19 20:17:03,esterno,2264,14844,-5324,-818,-529,1645,744732
2026-05-19 20:17:03,lombar,16536,648,-48,1660,-1013,-791,1402187
2026-05-19 20:17:03,esterno,2492,14760,-5360,-742,-633,1537,744754
2026-05-19 20:17:03,lombar,16672,876,24,1850,-792,-952,1402209
2026-05-19 20:17:03,esterno,2596,14704,-5544,-623,-472,1458,744776
2026-05-19 20:17:03,lombar,16304,800,-100,2017,-389,-927,1402231
2026-05-19 20:17:03,esterno,2868,14628,-5528,-653,-231,1428,744798
2026-05-19 20:17:03,lombar,16356,1208,-120,2243,-575,-982,1402253
2026-05-19 20:17:03,esterno,3012,14696,-5220,-733,42,1310,744820
2026-05-19 20:17:03,lombar,16332,1480,-560,2395,-583,-729,1402275
2026-05-19 20:17:03,esterno,3336,14916,-5204,-880,105,1362,744842
2026-05-19 20:17:03,lombar,16444,2124,-616,2255,-618,-697,1402297
2026-05-19 20:17:03,esterno,3716,15200,-5416,-968,171,1337,744864
2026-05-19 20:17:03,lombar,17020,2448,-548,1663,-1133,-518,1402319
2026-05-19 20:17:03,esterno,4204,15780,-5544,-1056,175,1445,744886
2026-05-19 20:17:03,lombar,17212,2252,-832,1188,-1352,-406,1402341
2026-05-19 20:17:03,esterno,4264,15904,-5284,-999,148,1557,744908
2026-05-19 20:17:03,lombar,16976,1836,-1128,954,-842,-591,1402363
2026-05-19 20:17:03,esterno,4180,16160,-4908,-929,-4,1315,744930
2026-05-19 20:17:03,lombar,16836,1968,-1296,1156,-777,-401,1402385
2026-05-19 20:17:03,esterno,4056,15980,-4464,-1130,222,1001,744952
2026-05-19 20:17:03,lombar,16752,2380,-1344,1308,-1051,-99,1402407
2026-05-19 20:17:03,esterno,4140,15496,-4596,-1256,582,794,744974
2026-05-19 20:17:03,lombar,16604,2764,-808,967,-1312,148,1402429
2026-05-19 20:17:03,esterno,4436,15228,-4760,-1386,934,561,744996
2026-05-19 20:17:03,lombar,16672,2840,-784,556,-1643,-232,1402451
2026-05-19 20:17:03,esterno,4188,15292,-4344,-1476,195,368,745018
2026-05-19 20:17:03,lombar,16352,2376,-940,298,-1264,-206,1402473
2026-05-19 20:17:03,esterno,3828,15188,-4624,-1233,445,-26,745040
2026-05-19 20:17:03,lombar,15964,2412,-1152,150,-963,44,1402495
2026-05-19 20:17:03,esterno,3616,14808,-4548,-1228,874,-369,745062
2026-05-19 20:17:03,lombar,15960,2544,-1100,152,-1283,352,1402517
2026-05-19 20:17:03,esterno,3796,14524,-5048,-1584,851,-574,745084
2026-05-19 20:17:03,lombar,15868,2660,-1080,160,-1460,727,1402539
2026-05-19 20:17:03,esterno,3964,14636,-4760,-1765,701,-684,745106
2026-05-19 20:17:03,lombar,15868,2888,-1020,-69,-1567,1116,1402561
2026-05-19 20:17:03,esterno,3836,14740,-4152,-1879,-29,-647,745128
2026-05-19 20:17:03,lombar,16268,2908,-832,-689,-1736,1330,1402583
2026-05-19 20:17:03,esterno,3444,14840,-4736,-1666,-344,-715,745150
2026-05-19 20:17:03,lombar,17376,2212,-992,-1348,-1561,1230,1402605
2026-05-19 20:17:03,esterno,3652,15584,-5336,-1739,-432,-676,745172
2026-05-19 20:17:03,lombar,18360,1424,-1040,-759,-1302,1009,1402627
2026-05-19 20:17:03,esterno,3524,16292,-5352,-1777,3,-771,745194
2026-05-19 20:17:03,lombar,17456,836,-1212,67,-1010,1394,1402649
2026-05-19 20:17:03,esterno,3296,16392,-3596,-1201,-78,-1168,745216
2026-05-19 20:17:03,lombar,16852,1276,-1164,635,-191,1918,1402671
2026-05-19 20:17:03,esterno,3136,15712,-3660,-497,-141,-1312,745238
2026-05-19 20:17:03,lombar,16340,1976,-1016,-412,-629,1738,1402693
2026-05-19 20:17:03,esterno,2920,15156,-4128,-403,141,-1402,745260
2026-05-19 20:17:03,lombar,16564,2060,-1136,-515,156,1413,1402715
2026-05-19 20:17:03,esterno,2904,14780,-4404,-648,395,-1350,745282
2026-05-19 20:17:03,lombar,16760,1476,-900,-925,-281,1021,1402737
2026-05-19 20:17:03,esterno,2648,14928,-4252,-716,834,-1425,745304
2026-05-19 20:17:03,lombar,17000,1468,-592,-1454,-128,1086,1402759
2026-05-19 20:17:03,esterno,2340,14984,-4272,-580,919,-1560,745326
2026-05-19 20:17:03,lombar,16900,1100,-924,-2113,185,912,1402781
2026-05-19 20:17:03,esterno,2320,15332,-4028,-393,815,-1486,745348
2026-05-19 20:17:03,lombar,16496,552,-1124,-1940,641,857,1402803
2026-05-19 20:17:03,esterno,2260,15332,-4288,-501,847,-1392,745370
2026-05-19 20:17:03,lombar,16888,192,-1040,-1278,987,879,1402825
2026-05-19 20:17:03,esterno,1740,15004,-4320,-540,770,-1309,745392
2026-05-19 20:17:03,lombar,17276,192,-200,-1118,199,1061,1402847
2026-05-19 20:17:03,esterno,1364,15040,-4096,422,484,-1287,745414
2026-05-19 20:17:03,lombar,16976,476,-364,-1025,239,1139,1402869
2026-05-19 20:17:03,esterno,1352,15832,-3656,1684,299,-1392,745436
2026-05-19 20:17:03,lombar,16576,672,-796,-1062,1451,988,1402891
2026-05-19 20:17:03,esterno,1568,15888,-4048,1571,256,-1554,745458
2026-05-19 20:17:03,lombar,16480,500,-760,-814,1745,763,1402913
2026-05-19 20:17:03,esterno,1468,15380,-3804,1555,312,-1614,745480
2026-05-19 20:17:03,lombar,16680,148,-236,-610,1065,733,1402935
2026-05-19 20:17:03,esterno,1628,15184,-4004,2166,-27,-1400,745502
2026-05-19 20:17:03,lombar,16724,-24,-480,-400,879,813,1402957
2026-05-19 20:17:04,esterno,1532,15472,-4948,1821,-4,-1170,745524
2026-05-19 20:17:04,lombar,16368,96,-676,-367,1521,972,1402979
2026-05-19 20:17:04,esterno,1664,15000,-5980,406,234,-1129,745546
2026-05-19 20:17:04,lombar,16480,340,-152,-251,789,829,1403001
2026-05-19 20:17:04,esterno,1520,14780,-5144,627,639,-992,745568
2026-05-19 20:17:04,lombar,16780,420,-176,-408,527,607,1403023
2026-05-19 20:17:04,esterno,1192,15208,-4052,2202,20,-641,745590
2026-05-19 20:17:04,lombar,16704,112,-172,-552,1275,415,1403045
2026-05-19 20:17:04,esterno,1108,15856,-4256,2526,124,-528,745612
2026-05-19 20:17:04,lombar,16580,-32,-216,-392,1658,302,1403067
2026-05-19 20:17:04,esterno,808,15828,-4660,1296,342,-694,745634
2026-05-19 20:17:04,lombar,16392,-116,-244,-164,1049,529,1403089
2026-05-19 20:17:04,esterno,808,15484,-4896,893,215,-658,745656
2026-05-19 20:17:04,lombar,16756,28,-128,77,634,595,1403111
2026-05-19 20:17:04,esterno,872,15440,-5144,1048,88,-603,745678
2026-05-19 20:17:04,lombar,16788,4,-336,11,694,552,1403133
2026-05-19 20:17:04,esterno,928,15464,-5336,1110,116,-464,745700
2026-05-19 20:17:04,lombar,16644,148,108,89,874,543,1403155
2026-05-19 20:17:04,esterno,1072,15500,-5148,862,624,-561,745722
2026-05-19 20:17:04,lombar,16592,144,24,125,559,518,1403177
2026-05-19 20:17:04,esterno,1380,15424,-4248,628,40,-418,745744
2026-05-19 20:17:04,lombar,16828,224,-156,144,736,477,1403199
2026-05-19 20:17:04,esterno,1268,15148,-4536,972,-221,-370,745766
2026-05-19 20:17:04,lombar,16608,204,-572,67,1202,323,1403221
2026-05-19 20:17:04,esterno,944,15384,-5364,1432,344,-272,745788
2026-05-19 20:17:04,lombar,16600,336,-124,4,983,327,1403243
2026-05-19 20:17:04,esterno,804,15720,-5124,1496,154,-161,745810
2026-05-19 20:17:04,lombar,16792,308,256,-20,646,211,1403265
2026-05-19 20:17:04,esterno,732,15612,-5180,1145,-131,-269,745832
2026-05-19 20:17:04,lombar,16856,112,60,-206,897,235,1403287
2026-05-19 20:17:04,esterno,696,15640,-5052,631,-277,-254,745854
2026-05-19 20:17:04,lombar,16784,232,200,-140,1114,271,1403309
2026-05-19 20:17:04,esterno,804,15428,-4960,877,-426,-200,745876
2026-05-19 20:17:04,lombar,16796,220,88,-72,936,314,1403331
2026-05-19 20:17:04,esterno,812,15016,-5264,1308,-373,-177,745898
2026-05-19 20:17:04,lombar,16628,268,156,-3,820,276,1403353
2026-05-19 20:17:04,esterno,1008,15296,-5404,1328,-327,-181,745920
2026-05-19 20:17:04,lombar,16524,64,260,-122,849,255,1403375
2026-05-19 20:17:04,esterno,1000,15436,-5500,1156,-320,-137,745942
2026-05-19 20:17:04,lombar,16792,248,488,-29,832,300,1403397
2026-05-19 20:17:04,esterno,940,15576,-5100,855,135,106,745964
2026-05-19 20:17:04,lombar,16708,168,332,-330,624,311,1403419
2026-05-19 20:17:04,esterno,1208,15412,-5872,849,-439,39,745986
2026-05-19 20:17:04,lombar,16644,292,140,-440,889,295,1403441
2026-05-19 20:17:04,esterno,1136,15452,-5760,863,-729,-124,746008
2026-05-19 20:17:04,lombar,16708,380,516,-274,608,334,1403463
2026-05-19 20:17:04,esterno,1160,15544,-5744,596,-293,-136,746030
2026-05-19 20:17:04,lombar,16616,96,144,-287,409,402,1403485
2026-05-19 20:17:04,esterno,1128,15668,-5588,254,93,-171,746052
2026-05-19 20:17:04,lombar,16700,36,380,-378,409,268,1403507
2026-05-19 20:17:04,esterno,1064,15596,-5788,-173,-127,-27,746074
2026-05-19 20:17:04,lombar,16572,156,380,-194,363,279,1403529
2026-05-19 20:17:04,esterno,1096,15548,-5872,-357,75,54,746096
2026-05-19 20:17:04,lombar,16736,224,644,-157,38,281,1403551
2026-05-19 20:17:04,esterno,1084,15588,-5448,-313,65,145,746118
2026-05-19 20:17:04,lombar,16652,180,504,70,-231,227,1403573
2026-05-19 20:17:04,esterno,1036,15412,-5452,-14,-63,168,746140
2026-05-19 20:17:04,lombar,16680,208,584,122,-44,244,1403595
2026-05-19 20:17:04,esterno,1096,15180,-5744,153,80,112,746162
2026-05-19 20:17:04,lombar,16332,328,484,-262,242,162,1403617
2026-05-19 20:17:04,esterno,1252,15532,-5800,-21,-71,364,746184
2026-05-19 20:17:04,lombar,16784,448,948,128,-377,99,1403639
2026-05-19 20:17:04,esterno,1296,15580,-5704,-305,58,692,746206
2026-05-19 20:17:04,lombar,16700,284,692,206,-280,123,1403661
2026-05-19 20:17:04,esterno,1424,15592,-5828,-392,88,621,746228
2026-05-19 20:17:04,lombar,16848,424,1028,445,-552,65,1403683
2026-05-19 20:17:04,esterno,1408,14840,-5216,-283,-90,414,746250
2026-05-19 20:17:04,lombar,16900,380,768,506,-564,60,1403705
2026-05-19 20:17:04,esterno,972,15216,-6128,-115,-96,364,746272
2026-05-19 20:17:04,lombar,16696,440,772,478,-297,38,1403727
2026-05-19 20:17:04,esterno,816,14956,-6084,-252,-2,439,746294
2026-05-19 20:17:04,lombar,16788,604,860,657,-346,97,1403749
2026-05-19 20:17:04,esterno,1048,14816,-5648,-445,97,407,746316
2026-05-19 20:17:04,lombar,16596,672,772,416,-407,223,1403771
2026-05-19 20:17:04,esterno,1388,15160,-5424,-481,145,435,746338
2026-05-19 20:17:04,lombar,16628,748,920,284,-500,111,1403793
2026-05-19 20:17:04,esterno,1676,15364,-5988,-336,288,507,746360
2026-05-19 20:17:04,lombar,16880,776,1016,362,-752,194,1403815
2026-05-19 20:17:04,esterno,1788,15512,-6128,-330,732,353,746382
2026-05-19 20:17:04,lombar,16528,572,200,456,-201,88,1403837
2026-05-19 20:17:04,esterno,1604,15452,-5436,-707,380,222,746404
2026-05-19 20:17:04,lombar,16476,492,716,643,-67,-108,1403859
2026-05-19 20:17:04,esterno,1408,15440,-5120,-950,151,363,746426
2026-05-19 20:17:04,lombar,16792,668,748,733,-905,-2,1403881
2026-05-19 20:17:04,esterno,1572,15288,-6076,-858,675,562,746448
2026-05-19 20:17:04,lombar,16572,888,484,850,-802,112,1403903
2026-05-19 20:17:04,esterno,1684,15200,-5788,-840,970,541,746470
2026-05-19 20:17:04,lombar,16672,892,364,871,-586,21,1403925
2026-05-19 20:17:04,esterno,1980,15468,-5584,-844,816,471,746492
2026-05-19 20:17:04,lombar,16704,868,496,821,-941,46,1403947
2026-05-19 20:17:04,esterno,2056,15744,-5536,-1178,878,489,746514
2026-05-19 20:17:04,lombar,16808,1008,560,945,-1504,33,1403969
2026-05-19 20:17:05,esterno,1880,15688,-5116,-1497,885,493,746536
2026-05-19 20:17:05,lombar,16704,1052,552,1103,-1237,208,1403991
2026-05-19 20:17:05,esterno,1712,15148,-5644,-1393,866,315,746558
2026-05-19 20:17:05,lombar,16720,1008,664,1122,-1539,284,1404013
2026-05-19 20:17:05,esterno,1604,14792,-5816,-1263,795,126,746580
2026-05-19 20:17:05,lombar,16868,1164,820,963,-1654,402,1404035
2026-05-19 20:17:05,esterno,1576,14708,-5584,-978,558,-40,746602
2026-05-19 20:17:05,lombar,16816,1276,1012,662,-1372,348,1404057
2026-05-19 20:17:05,esterno,1868,14900,-5484,-649,199,-98,746624
2026-05-19 20:17:05,lombar,16944,1016,1096,545,-1132,353,1404079
2026-05-19 20:17:05,esterno,1788,14660,-5500,-536,293,-234,746646
2026-05-19 20:17:05,lombar,16940,924,728,408,-1138,357,1404101
2026-05-19 20:17:05,esterno,1516,14288,-5780,-287,283,-545,746668
2026-05-19 20:17:05,lombar,16612,820,300,332,-667,436,1404123
2026-05-19 20:17:05,esterno,1824,14312,-5972,-63,151,-576,746690
2026-05-19 20:17:05,lombar,16856,1140,428,246,-667,462,1404145
2026-05-19 20:17:05,esterno,2024,14412,-5632,147,547,-558,746712
2026-05-19 20:17:05,lombar,16928,912,432,-106,-878,522,1404167
2026-05-19 20:17:05,esterno,2016,15076,-5464,390,303,-489,746734
2026-05-19 20:17:05,lombar,16864,804,464,256,-295,443,1404189
2026-05-19 20:17:05,esterno,1936,15336,-5332,463,393,-372,746756
2026-05-19 20:17:05,lombar,16816,612,156,81,10,539,1404211
2026-05-19 20:17:05,esterno,1672,15560,-5300,307,421,-410,746778
2026-05-19 20:17:05,lombar,16724,688,-20,92,161,536,1404233
2026-05-19 20:17:05,esterno,1592,15776,-5420,135,456,-319,746800
2026-05-19 20:17:05,lombar,16816,876,296,368,35,495,1404255
2026-05-19 20:17:05,esterno,1436,15812,-5332,473,113,-63,746822
2026-05-19 20:17:05,lombar,16772,948,356,539,-126,517,1404277
2026-05-19 20:17:05,esterno,1384,15992,-5200,163,139,82,746844
2026-05-19 20:17:05,lombar,16568,900,544,485,-419,527,1404299
2026-05-19 20:17:05,esterno,1144,15836,-5296,-428,138,60,746866
2026-05-19 20:17:05,lombar,16364,680,392,388,-382,407,1404321
2026-05-19 20:17:05,esterno,1408,15764,-5588,-580,-135,72,746888
2026-05-19 20:17:05,lombar,16540,820,672,317,-667,432,1404343
2026-05-19 20:17:05,esterno,1684,15604,-6276,-873,-15,45,746910
2026-05-19 20:17:05,lombar,16580,928,468,137,-885,455,1404365
2026-05-19 20:17:05,esterno,1776,15260,-5832,-1300,238,-24,746932
2026-05-19 20:17:05,lombar,16520,928,400,43,-1044,376,1404387
2026-05-19 20:17:05,esterno,1888,15168,-5700,-1470,274,40,746954
2026-05-19 20:17:05,lombar,16368,888,412,17,-1319,455,1404409
2026-05-19 20:17:05,esterno,1648,15044,-5840,-1249,196,310,746976
2026-05-19 20:17:05,lombar,16580,832,308,-205,-1406,452,1404431
2026-05-19 20:17:05,esterno,1280,14968,-6152,-1116,480,159,746998
2026-05-19 20:17:05,lombar,16696,980,400,-147,-1382,471,1404453
2026-05-19 20:17:05,esterno,1192,15124,-5028,-1496,-86,125,747020
2026-05-19 20:17:05,lombar,16760,864,332,-217,-1290,435,1404475
2026-05-19 20:17:05,lombar,16620,896,-116,-220,-1091,567,1404497
2026-05-19 20:17:05,esterno,1484,15348,-4924,-1438,-696,350,747042
2026-05-19 20:17:05,esterno,1764,15408,-5000,-1126,-529,370,747064
2026-05-19 20:17:05,lombar,16676,900,-224,-266,-1161,617,1404519
2026-05-19 20:17:05,esterno,1776,15308,-5040,-1008,-340,48,747086
2026-05-19 20:17:05,lombar,16820,1008,168,-201,-1185,644,1404541
2026-05-19 20:17:05,esterno,1712,15300,-4792,-1022,-301,-69,747108
2026-05-19 20:17:05,lombar,16868,808,-220,-337,-1135,599,1404563
2026-05-19 20:17:05,esterno,1796,15724,-4820,-1126,-307,16,747130
2026-05-19 20:17:05,lombar,16748,636,-36,-283,-1003,567,1404585
2026-05-19 20:17:05,esterno,1628,15668,-4608,-1310,-389,249,747152
2026-05-19 20:17:05,lombar,16940,660,80,-378,-822,582,1404607
2026-05-19 20:17:05,esterno,1572,15236,-4992,-1086,-548,180,747174
2026-05-19 20:17:05,lombar,16804,756,-148,-336,-826,470,1404629
2026-05-19 20:17:05,esterno,1644,14816,-4976,-831,-319,-50,747196
2026-05-19 20:17:05,lombar,16904,688,36,-135,-875,385,1404651
2026-05-19 20:17:05,esterno,1636,14844,-5164,-465,-323,-238,747218
2026-05-19 20:17:05,lombar,16880,588,168,-372,-664,468,1404673
2026-05-19 20:17:05,esterno,1792,15080,-4832,-92,-354,-261,747240
2026-05-19 20:17:05,lombar,16852,632,-124,-284,-480,457,1404695
2026-05-19 20:17:05,esterno,1544,15156,-4988,-222,-520,13,747262
2026-05-19 20:17:05,lombar,16712,604,224,-130,-537,342,1404717
2026-05-19 20:17:05,esterno,1516,14892,-5312,-123,-344,5,747284
2026-05-19 20:17:05,lombar,16784,540,92,-123,-341,351,1404739
2026-05-19 20:17:05,esterno,1464,14888,-5048,220,-392,-152,747306
2026-05-19 20:17:05,lombar,16796,448,68,-91,-230,384,1404761
2026-05-19 20:17:05,esterno,1620,14964,-5076,483,-207,-210,747328
2026-05-19 20:17:05,lombar,16696,392,-240,-346,-35,436,1404783
2026-05-19 20:17:05,esterno,1920,15300,-4688,461,32,-175,747350
2026-05-19 20:17:05,lombar,16680,608,-240,-59,-84,370,1404805
2026-05-19 20:17:05,esterno,1836,15548,-4876,343,37,-64,747372
2026-05-19 20:17:05,lombar,16696,448,-404,-210,83,303,1404827
2026-05-19 20:17:05,esterno,1428,15500,-4800,527,133,-208,747394
2026-05-19 20:17:05,lombar,16764,276,-368,-58,-166,386,1404849
2026-05-19 20:17:05,esterno,1196,15504,-4672,582,59,-226,747416
2026-05-19 20:17:05,lombar,16816,412,-260,236,-75,268,1404871
2026-05-19 20:17:05,esterno,1376,15560,-4772,503,33,-168,747438
2026-05-19 20:17:05,lombar,16700,432,-148,298,113,208,1404893
2026-05-19 20:17:05,esterno,1580,15604,-5136,461,313,-151,747460
2026-05-19 20:17:05,lombar,16848,684,-328,335,223,311,1404915
2026-05-19 20:17:05,esterno,1516,15428,-5168,596,483,-242,747482
2026-05-19 20:17:05,lombar,16724,404,-300,505,-163,140,1404937
2026-05-19 20:17:05,esterno,1472,15440,-5172,574,462,-389,747504
2026-05-19 20:17:05,lombar,16764,548,-452,612,-156,167,1404959
2026-05-19 20:17:06,esterno,1476,15536,-5124,479,506,-399,747526
2026-05-19 20:17:06,lombar,16564,504,-172,446,-72,230,1404981
2026-05-19 20:17:06,esterno,1424,15392,-5104,446,418,-145,747548
2026-05-19 20:17:06,lombar,16680,600,-268,446,-200,225,1405003
2026-05-19 20:17:06,esterno,1332,15068,-5112,403,659,-75,747570
2026-05-19 20:17:06,lombar,16448,388,-628,439,-67,251,1405025
2026-05-19 20:17:06,esterno,1568,15316,-5144,439,996,-357,747592
2026-05-19 20:17:06,lombar,16660,668,-348,324,-61,309,1405047
2026-05-19 20:17:06,esterno,1452,15672,-4348,235,211,-303,747614
2026-05-19 20:17:06,lombar,16684,692,-532,340,-135,244,1405069
2026-05-19 20:17:06,esterno,1448,15716,-5152,88,1,134,747636
2026-05-19 20:17:06,lombar,16596,712,-260,456,-102,241,1405091
2026-05-19 20:17:06,esterno,1196,15364,-5096,47,396,214,747658
2026-05-19 20:17:06,lombar,16620,796,-228,245,-201,333,1405113
2026-05-19 20:17:06,esterno,1496,15380,-5276,309,406,-71,747680
2026-05-19 20:17:06,lombar,16732,600,-236,171,-219,258,1405135
2026-05-19 20:17:06,esterno,1660,15556,-5044,338,605,-256,747702
2026-05-19 20:17:06,lombar,16612,644,-284,157,-241,360,1405157
2026-05-19 20:17:06,esterno,1492,15756,-5124,-103,458,-77,747724
2026-05-19 20:17:06,lombar,16480,660,-456,308,-293,320,1405179
2026-05-19 20:17:06,esterno,1316,15616,-5076,-443,472,-35,747746
2026-05-19 20:17:06,lombar,16588,592,-200,105,-583,434,1405201
2026-05-19 20:17:06,esterno,1244,15416,-5204,-312,293,-68,747768
2026-05-19 20:17:06,lombar,16596,724,-152,79,-723,447,1405223
2026-05-19 20:17:06,esterno,1180,15220,-5072,-93,104,-45,747790
2026-05-19 20:17:06,lombar,16664,732,-388,-16,-398,419,1405245
2026-05-19 20:17:06,esterno,1188,15304,-5072,-422,7,-18,747812
2026-05-19 20:17:06,lombar,16616,788,-124,-22,-464,329,1405267
2026-05-19 20:17:06,esterno,1156,15308,-4880,-516,-70,16,747834
2026-05-19 20:17:06,lombar,16844,864,-32,-121,-693,543,1405289
2026-05-19 20:17:06,esterno,1588,15700,-4988,-498,-332,88,747856
2026-05-19 20:17:06,lombar,16708,576,-368,-297,-720,487,1405311
2026-05-19 20:17:06,esterno,1460,15400,-5268,-684,-296,103,747878
2026-05-19 20:17:06,lombar,16680,684,-540,-433,-422,472,1405333
2026-05-19 20:17:06,esterno,1612,15440,-5176,-613,-323,136,747900
2026-05-19 20:17:06,lombar,16688,824,-44,-506,-738,555,1405355
2026-05-19 20:17:06,esterno,1484,15472,-4868,-527,-212,33,747922
2026-05-19 20:17:06,lombar,16640,692,-464,-642,-856,554,1405377
2026-05-19 20:17:06,esterno,1528,15660,-4488,-655,-156,89,747944
2026-05-19 20:17:06,lombar,16500,488,-316,-673,-705,468,1405399
2026-05-19 20:17:06,esterno,1364,15624,-5008,-978,-263,323,747966
2026-05-19 20:17:06,lombar,16708,604,-204,-575,-776,507,1405421
2026-05-19 20:17:06,esterno,1216,15356,-5404,-953,-344,413,747988
2026-05-19 20:17:06,lombar,16872,620,-184,-513,-887,609,1405443
2026-05-19 20:17:06,esterno,1220,15324,-5320,-863,-575,226,748010
2026-05-19 20:17:06,lombar,16676,636,-544,-510,-604,617,1405465
2026-05-19 20:17:06,esterno,1340,15456,-5044,-833,-456,98,748032
2026-05-19 20:17:06,lombar,16548,624,-400,-543,-735,648,1405487
2026-05-19 20:17:06,esterno,1536,15684,-4888,-907,-396,253,748054
2026-05-19 20:17:06,lombar,16664,504,-212,-520,-1086,632,1405509
2026-05-19 20:17:06,esterno,1464,15328,-5152,-908,-413,307,748076
2026-05-19 20:17:06,lombar,16692,584,-468,-520,-993,584,1405531
2026-05-19 20:17:06,esterno,1380,15184,-4976,-907,-492,355,748098
2026-05-19 20:17:06,lombar,16680,460,-256,-551,-985,557,1405553
2026-05-19 20:17:06,esterno,1404,15560,-4832,-931,-653,418,748120
2026-05-19 20:17:06,lombar,16604,724,-484,-476,-627,503,1405575
2026-05-19 20:17:06,esterno,1544,15424,-5160,-843,-580,320,748142
2026-05-19 20:17:06,lombar,16660,548,-384,-445,-820,530,1405597
2026-05-19 20:17:06,esterno,1452,15552,-4720,-843,-256,185,748164
2026-05-19 20:17:06,lombar,16876,608,-124,-553,-1019,512,1405619
2026-05-19 20:17:06,esterno,1612,15544,-4648,-933,-907,271,748186
2026-05-19 20:17:06,lombar,16708,592,-572,-589,-973,564,1405641
2026-05-19 20:17:06,esterno,1496,15448,-4828,-802,-711,277,748208
2026-05-19 20:17:06,lombar,16564,548,-524,-645,-851,571,1405663
2026-05-19 20:17:06,esterno,1404,15196,-4736,-884,-580,250,748230
2026-05-19 20:17:06,lombar,16664,572,-436,-592,-709,511,1405685
2026-05-19 20:17:06,esterno,1472,15088,-4916,-787,-414,167,748252
2026-05-19 20:17:06,lombar,16896,488,-344,-468,-855,534,1405707
2026-05-19 20:17:06,esterno,1580,15524,-4844,-670,-500,129,748274
2026-05-19 20:17:06,lombar,16716,596,-304,-506,-766,714,1405729
2026-05-19 20:17:06,esterno,1436,15744,-4848,-851,-604,123,748296
2026-05-19 20:17:06,lombar,16664,396,-648,-556,-704,590,1405751
2026-05-19 20:17:06,esterno,1384,15336,-4488,-891,-533,-20,748318
2026-05-19 20:17:06,lombar,16656,380,-596,-568,-584,578,1405773
2026-05-19 20:17:06,esterno,1408,15044,-4608,-706,-496,-9,748340
2026-05-19 20:17:06,lombar,16748,384,-572,-543,-882,580,1405795
2026-05-19 20:17:06,esterno,1396,15312,-4508,-497,-622,98,748362
2026-05-19 20:17:06,lombar,16720,392,-664,-574,-843,591,1405817
2026-05-19 20:17:06,esterno,1632,15392,-4936,-492,-487,136,748384
2026-05-19 20:17:06,lombar,16736,252,-592,-529,-720,581,1405839
2026-05-19 20:17:06,esterno,1556,15488,-4272,-587,-447,-3,748406
2026-05-19 20:17:06,lombar,16716,308,-680,-548,-576,522,1405861
2026-05-19 20:17:06,esterno,1528,15668,-4504,-687,-477,-9,748428
2026-05-19 20:17:06,lombar,16648,208,-700,-468,-694,507,1405883
2026-05-19 20:17:06,esterno,1344,15376,-4764,-611,-248,-82,748450
2026-05-19 20:17:06,lombar,16872,236,-632,-399,-674,535,1405905
2026-05-19 20:17:06,esterno,1568,15096,-4612,-392,-121,31,748472
2026-05-19 20:17:06,lombar,16732,320,-944,-228,-670,528,1405927
2026-05-19 20:17:06,esterno,1392,15392,-4284,-308,-57,-23,748494
2026-05-19 20:17:06,lombar,16632,352,-820,-165,-728,532,1405949
2026-05-19 20:17:06,esterno,1524,15832,-4360,-474,-87,-75,748516
2026-05-19 20:17:07,lombar,16460,344,-836,-132,-597,464,1405971
2026-05-19 20:17:07,esterno,1480,15432,-4748,-504,-9,-77,748538
2026-05-19 20:17:07,lombar,16368,512,-800,-130,-587,553,1405993
2026-05-19 20:17:07,esterno,1488,15136,-4504,-554,170,-34,748560
2026-05-19 20:17:07,lombar,16536,468,-972,-339,-689,623,1406015
2026-05-19 20:17:07,esterno,1476,15512,-4528,-616,114,-26,748582
2026-05-19 20:17:07,lombar,16788,136,-964,-450,-746,534,1406037
2026-05-19 20:17:07,esterno,1628,15868,-4416,-570,-61,76,748604
2026-05-19 20:17:07,lombar,16928,136,-976,-360,-904,593,1406059
2026-05-19 20:17:07,esterno,1420,15988,-3876,-621,173,-42,748626
2026-05-19 20:17:07,lombar,16716,124,-1292,-362,-916,513,1406081
2026-05-19 20:17:07,esterno,1132,15740,-3904,-630,147,-45,748648
2026-05-19 20:17:07,lombar,16500,276,-1284,-147,-989,456,1406103
2026-05-19 20:17:07,esterno,1180,15904,-4032,-548,138,75,748670
2026-05-19 20:17:07,lombar,16484,428,-1156,-44,-899,549,1406125
2026-05-19 20:17:07,esterno,1248,15836,-4164,-692,92,-17,748692
2026-05-19 20:17:07,lombar,16820,272,-960,-181,-900,605,1406147
2026-05-19 20:17:07,esterno,1252,15300,-4340,-825,248,-62,748714
2026-05-19 20:17:07,lombar,16740,284,-1220,-111,-908,538,1406169
2026-05-19 20:17:07,esterno,1564,15732,-3920,-723,-175,43,748736
2026-05-19 20:17:07,lombar,16656,104,-1104,38,-833,399,1406191
2026-05-19 20:17:07,esterno,1580,15488,-4036,-343,-379,151,748758
2026-05-19 20:17:07,lombar,16788,284,-1256,80,-822,420,1406213
2026-05-19 20:17:07,esterno,1456,15308,-4308,-328,39,-20,748780
2026-05-19 20:17:07,lombar,16596,480,-1092,-241,-857,605,1406235
2026-05-19 20:17:07,esterno,1376,15276,-4520,-438,254,-259,748802
2026-05-19 20:17:07,lombar,16624,360,-1304,-177,-902,567,1406257
2026-05-19 20:17:07,esterno,1460,15496,-4028,-68,-28,-274,748824
2026-05-19 20:17:07,lombar,16648,304,-1300,-251,-773,510,1406279
2026-05-19 20:17:07,esterno,1220,15788,-3908,-338,-213,-144,748846
2026-05-19 20:17:07,lombar,16704,252,-1244,-393,-671,546,1406301
2026-05-19 20:17:07,esterno,1148,15656,-4012,-812,-166,-71,748868
2026-05-19 20:17:07,lombar,16716,196,-1520,-534,-781,598,1406323
2026-05-19 20:17:07,esterno,1188,15348,-4032,-350,-246,-118,748890
2026-05-19 20:17:07,lombar,16744,176,-1496,-561,-737,584,1406345
2026-05-19 20:17:07,esterno,1400,15164,-4020,-20,-145,-322,748912
2026-05-19 20:17:07,lombar,16804,24,-1536,-457,-675,544,1406367
2026-05-19 20:17:07,esterno,1324,15204,-3884,-227,-291,-425,748934
2026-05-19 20:17:07,lombar,16664,104,-1516,-370,-552,555,1406389
2026-05-19 20:17:07,esterno,1240,15340,-4036,-255,-544,-421,748956
2026-05-19 20:17:07,lombar,16700,340,-1492,-371,-415,561,1406411
2026-05-19 20:17:07,esterno,1056,15736,-4160,-131,-526,-218,748978
2026-05-19 20:17:07,lombar,16608,228,-1400,-208,-346,547,1406433
2026-05-19 20:17:07,esterno,1216,15576,-4020,-58,-282,-265,749000
2026-05-19 20:17:07,lombar,16792,124,-1444,-164,-485,341,1406455
2026-05-19 20:17:07,esterno,1584,15548,-3980,19,-580,-259,749022
2026-05-19 20:17:07,lombar,16676,-204,-1716,-363,-301,452,1406477
2026-05-19 20:17:07,esterno,1428,15744,-3844,-16,-314,-449,749044
2026-05-19 20:17:07,lombar,16472,48,-1332,-201,86,500,1406499
2026-05-19 20:17:07,esterno,1308,15992,-4064,-435,-215,-267,749066
2026-05-19 20:17:07,lombar,16820,100,-1680,-245,-199,381,1406521
2026-05-19 20:17:07,esterno,1212,15868,-3996,-410,-258,-60,749088
2026-05-19 20:17:07,lombar,16620,8,-1560,-359,-90,359,1406543
2026-05-19 20:17:07,esterno,1344,15652,-3928,-227,-88,-87,749110
2026-05-19 20:17:07,lombar,16632,-52,-1568,-150,-335,321,1406565
2026-05-19 20:17:07,esterno,1116,15800,-3736,-413,28,-140,749132
2026-05-19 20:17:07,lombar,16468,-48,-1576,2,5,242,1406587
2026-05-19 20:17:07,esterno,880,15948,-3948,-673,-65,-28,749154
2026-05-19 20:17:07,lombar,16552,-52,-1440,204,-56,196,1406609
2026-05-19 20:17:07,esterno,964,15812,-4244,-770,33,216,749176
2026-05-19 20:17:07,lombar,16680,-24,-1500,174,-104,208,1406631
2026-05-19 20:17:07,esterno,1236,15464,-4012,-867,204,266,749198
2026-05-19 20:17:07,lombar,16628,60,-1620,508,-183,204,1406653
2026-05-19 20:17:07,esterno,1484,15576,-3972,-819,437,103,749220
2026-05-19 20:17:07,lombar,16532,260,-1428,570,-170,164,1406675
2026-05-19 20:17:07,esterno,1432,15676,-3728,-511,568,38,749242
2026-05-19 20:17:07,lombar,16540,212,-1456,387,-44,172,1406697
2026-05-19 20:17:07,esterno,1072,15668,-3860,-572,873,-87,749264
2026-05-19 20:17:07,lombar,16532,64,-1576,492,88,92,1406719
2026-05-19 20:17:07,esterno,888,15804,-2812,-1363,669,-159,749286
2026-05-19 20:17:07,lombar,16592,204,-1504,497,193,49,1406741
2026-05-19 20:17:07,esterno,1016,15800,-3320,-1848,421,75,749308
2026-05-19 20:17:07,lombar,16656,400,-1676,510,140,251,1406763
2026-05-19 20:17:07,esterno,1160,15832,-3380,-1784,994,2,749330
2026-05-19 20:17:07,lombar,16584,468,-1352,576,222,241,1406785
2026-05-19 20:17:07,esterno,1556,15916,-3552,-1247,926,177,749352
2026-05-19 20:17:07,lombar,16568,284,-1124,690,-84,220,1406807
2026-05-19 20:17:07,esterno,1608,15408,-3452,1088,57,-2,749374
2026-05-19 20:17:07,lombar,16752,0,-1504,484,-220,154,1406829
2026-05-19 20:17:07,esterno,1792,15732,-3172,816,520,0,749396
2026-05-19 20:17:07,lombar,16648,232,-1556,499,9,133,1406851
2026-05-19 20:17:07,esterno,1500,16140,-3664,-928,1025,97,749418
2026-05-19 20:17:07,lombar,16420,316,-1376,460,-109,131,1406873
2026-05-19 20:17:07,esterno,1520,16120,-3848,-1410,1383,-1,749440
2026-05-19 20:17:07,lombar,16504,240,-1272,488,-660,178,1406895
2026-05-19 20:17:07,esterno,1644,15492,-3752,-617,1505,-230,749462
2026-05-19 20:17:07,lombar,16492,196,-1460,589,-585,102,1406917
2026-05-19 20:17:07,esterno,1616,15612,-3540,-200,1409,-159,749484
2026-05-19 20:17:07,lombar,16536,216,-1684,513,-13,186,1406939
2026-05-19 20:17:07,esterno,1376,15924,-3272,-636,1373,193,749506
2026-05-19 20:17:07,lombar,16584,252,-1632,443,-58,317,1406961
2026-05-19 20:17:08,esterno,1244,16088,-3216,-1309,1429,325,749528
2026-05-19 20:17:08,lombar,16640,228,-1320,602,-783,238,1406983
2026-05-19 20:17:08,esterno,1048,15948,-3412,-1138,1517,271,749550
2026-05-19 20:17:08,lombar,16844,36,-1688,862,-870,292,1407005
2026-05-19 20:17:08,esterno,1388,15828,-3328,-689,1300,216,749572
2026-05-19 20:17:08,lombar,16564,248,-1616,1083,-175,343,1407027
2026-05-19 20:17:08,lombar,16568,288,-1788,1080,-308,360,1407049
2026-05-19 20:17:08,esterno,1228,15580,-2900,-491,1275,199,749594
2026-05-19 20:17:08,esterno,1192,15672,-2820,-682,1056,172,749616
2026-05-19 20:17:08,lombar,16528,464,-1440,1092,-552,380,1407071
2026-05-19 20:17:08,esterno,1220,15804,-3112,-726,697,85,749638
2026-05-19 20:17:08,lombar,16480,380,-1676,1048,-334,377,1407093
2026-05-19 20:17:08,esterno,1196,15756,-2940,-523,420,62,749660
2026-05-19 20:17:08,lombar,16496,456,-1580,960,-509,359,1407115
2026-05-19 20:17:08,esterno,1080,15856,-2968,-428,-6,219,749682
2026-05-19 20:17:08,lombar,16608,572,-1196,751,-615,471,1407137
2026-05-19 20:17:08,esterno,1060,15872,-2948,-549,-252,338,749704
2026-05-19 20:17:08,lombar,16396,576,-1580,530,-354,465,1407159
2026-05-19 20:17:08,esterno,1016,15896,-2928,-591,-463,346,749726
2026-05-19 20:17:08,lombar,16452,704,-1584,159,-635,480,1407181
2026-05-19 20:17:08,esterno,1072,15748,-2848,-701,-648,250,749748
2026-05-19 20:17:08,lombar,16588,464,-2032,-88,-792,500,1407203
2026-05-19 20:17:08,esterno,1168,15896,-3108,-818,-647,118,749770
2026-05-19 20:17:08,lombar,16724,312,-1428,-326,-952,577,1407225
2026-05-19 20:17:08,esterno,1240,16032,-3020,-691,-719,103,749792
2026-05-19 20:17:08,lombar,16608,444,-1524,-574,-835,643,1407247
2026-05-19 20:17:08,esterno,1492,15840,-2896,-602,-496,99,749814
2026-05-19 20:17:08,lombar,16584,340,-1524,-810,-730,675,1407269
2026-05-19 20:17:08,esterno,1620,15884,-2368,-1089,-1390,310,749836
2026-05-19 20:17:08,lombar,16500,236,-1280,-1007,-767,720,1407291
2026-05-19 20:17:08,esterno,1552,15928,-3200,-1153,-1517,379,749858
2026-05-19 20:17:08,lombar,16644,100,-1640,-986,-925,675,1407313
2026-05-19 20:17:08,esterno,1252,15644,-3132,-822,-1091,283,749880
2026-05-19 20:17:08,lombar,16748,104,-1512,-1103,-669,756,1407335
2026-05-19 20:17:08,esterno,1512,15608,-3144,-475,-1535,399,749902
2026-05-19 20:17:08,lombar,16716,40,-1576,-1126,-963,863,1407357
2026-05-19 20:17:08,esterno,1872,15884,-2944,613,-2458,617,749924
2026-05-19 20:17:08,lombar,16764,164,-1552,-1237,-654,773,1407379
2026-05-19 20:17:08,esterno,1908,15840,-4700,3638,-5081,327,749946
2026-05-19 20:17:08,lombar,16840,180,-1420,-1317,-648,703,1407401
2026-05-19 20:17:08,esterno,636,15260,-1716,939,-1485,66,749968
2026-05-19 20:17:08,lombar,16732,224,-1288,-1129,-227,708,1407423
2026-05-19 20:17:08,esterno,1224,15968,-3276,-831,-2088,440,749990
2026-05-19 20:17:08,lombar,16632,92,-1284,-1022,-431,698,1407445
2026-05-19 20:17:08,esterno,1952,15764,-3484,308,-1874,913,750012
2026-05-19 20:17:08,lombar,16788,-352,-1592,-907,-400,571,1407467
2026-05-19 20:17:08,esterno,1652,15452,-3488,670,-1954,478,750034
2026-05-19 20:17:08,lombar,16684,-52,-1448,-660,-33,556,1407489
2026-05-19 20:17:08,esterno,1088,15540,-3324,-14,-1248,-150,750056
2026-05-19 20:17:08,lombar,16644,-12,-1700,-712,89,522,1407511
2026-05-19 20:17:08,esterno,1228,15944,-3300,-72,-718,-260,750078
2026-05-19 20:17:08,lombar,16632,76,-1428,-550,49,481,1407533
2026-05-19 20:17:08,esterno,1252,15576,-3112,-681,-28,-62,750100
2026-05-19 20:17:08,lombar,16616,-228,-1740,-514,-63,335,1407555
2026-05-19 20:17:08,esterno,1320,15476,-3020,-812,-267,225,750122
2026-05-19 20:17:08,lombar,16668,-148,-1452,-356,16,433,1407577
2026-05-19 20:17:08,esterno,1204,15324,-3932,2,-1279,783,750144
2026-05-19 20:17:08,lombar,16608,-72,-1444,-558,67,382,1407599
2026-05-19 20:17:08,esterno,1200,15228,-3652,544,-1387,337,750166
2026-05-19 20:17:08,lombar,16676,36,-1324,-342,113,315,1407621
2026-05-19 20:17:08,esterno,1600,15788,-3692,2265,-2443,-28,750188
2026-05-19 20:17:08,lombar,16580,72,-1388,-165,143,273,1407643
2026-05-19 20:17:08,esterno,1888,16044,-3420,2918,-2062,384,750210
2026-05-19 20:17:08,lombar,16492,16,-1656,-174,147,292,1407665
2026-05-19 20:17:08,esterno,1492,15988,-3152,804,-1024,-241,750232
2026-05-19 20:17:08,lombar,16460,32,-1880,22,228,217,1407687
2026-05-19 20:17:08,esterno,1396,15788,-3896,-874,303,-98,750254
2026-05-19 20:17:08,lombar,16560,48,-1132,-26,-88,225,1407709
2026-05-19 20:17:08,esterno,1420,16076,-3488,-2356,1775,20,750276
2026-05-19 20:17:08,lombar,16584,40,-1424,-57,-336,313,1407731
2026-05-19 20:17:08,esterno,2084,16100,-3320,-3444,2445,-54,750298
2026-05-19 20:17:08,lombar,16520,-72,-1628,84,-344,205,1407753
2026-05-19 20:17:08,esterno,1068,15052,-2348,-5662,4066,1663,750320
2026-05-19 20:17:08,lombar,16404,192,-1556,161,-155,264,1407775
2026-05-19 20:17:08,esterno,1448,15952,-4540,-1905,840,-2322,750342
2026-05-19 20:17:08,lombar,16604,272,-1452,13,-339,352,1407797
2026-05-19 20:17:08,esterno,1568,15696,-3768,4869,-2649,-2339,750364
2026-05-19 20:17:08,lombar,16596,32,-1376,-12,-441,281,1407819
2026-05-19 20:17:08,esterno,636,15372,-3328,6410,-5167,-2422,750386
2026-05-19 20:17:08,lombar,16620,-68,-1476,104,-487,320,1407841
2026-05-19 20:17:08,esterno,1260,15472,-3940,6060,-3619,131,750408
2026-05-19 20:17:08,lombar,16624,80,-1444,-20,-482,435,1407863
2026-05-19 20:17:08,esterno,1772,16208,-2336,2359,-1726,55,750430
2026-05-19 20:17:08,lombar,16608,100,-1424,-109,-466,422,1407885
2026-05-19 20:17:08,esterno,2480,16448,-4436,161,-1061,1033,750452
2026-05-19 20:17:08,lombar,16600,96,-1640,-45,-314,346,1407907
2026-05-19 20:17:08,esterno,1676,15920,-3876,-1186,202,525,750474
2026-05-19 20:17:08,lombar,16560,224,-1008,-67,-476,477,1407929
2026-05-19 20:17:08,esterno,1448,16092,-4140,-1490,670,375,750496
2026-05-19 20:17:08,lombar,16648,28,-1600,-146,-538,433,1407951
2026-05-19 20:17:08,esterno,632,15756,-3892,-2350,1206,198,750518
2026-05-19 20:17:09,lombar,16636,-52,-1456,-14,-443,388,1407973
2026-05-19 20:17:09,esterno,768,15448,-3788,-2856,1917,199,750540
2026-05-19 20:17:09,lombar,16592,16,-1748,75,-534,476,1407995
2026-05-19 20:17:09,esterno,1148,15808,-3292,-3611,2094,748,750562
2026-05-19 20:17:09,lombar,16684,200,-1324,-108,-484,504,1408017
2026-05-19 20:17:09,esterno,960,15272,-4120,-2490,252,1030,750584
2026-05-19 20:17:09,lombar,16528,192,-1572,-85,-601,448,1408039
2026-05-19 20:17:09,esterno,1508,15628,-3460,-943,305,532,750606
2026-05-19 20:17:09,lombar,16540,140,-1456,-219,-636,403,1408061
2026-05-19 20:17:09,esterno,2200,16164,-3088,-1399,558,680,750628
2026-05-19 20:17:09,lombar,16592,-20,-1504,-213,-540,464,1408083
2026-05-19 20:17:09,esterno,1588,15784,-2960,-3286,1721,949,750650
2026-05-19 20:17:09,lombar,16604,-20,-1308,-15,-609,562,1408105
2026-05-19 20:17:09,esterno,848,15532,-3272,-3232,1894,-65,750672
2026-05-19 20:17:09,lombar,16616,64,-1376,-243,-616,474,1408127
2026-05-19 20:17:09,esterno,1332,15428,-3248,-813,175,-215,750694
2026-05-19 20:17:09,lombar,16640,52,-1608,-299,-463,444,1408149
2026-05-19 20:17:09,esterno,868,14960,-3636,2508,-3296,-641,750716
2026-05-19 20:17:09,lombar,16568,60,-1580,-209,-291,379,1408171
2026-05-19 20:17:09,esterno,1356,15424,-4352,6020,-4807,-1657,750738
2026-05-19 20:17:09,lombar,16552,64,-1440,-198,-475,473,1408193
2026-05-19 20:17:09,esterno,996,16524,-2336,5540,-2317,-2085,750760
2026-05-19 20:17:09,lombar,16844,-28,-1292,-150,-625,417,1408215
2026-05-19 20:17:09,esterno,1488,16376,-3368,2233,-2778,-1317,750782
2026-05-19 20:17:09,lombar,16744,-172,-1592,-206,-483,347,1408237
2026-05-19 20:17:09,esterno,1848,15324,-4412,2239,-1493,-565,750804
2026-05-19 20:17:09,lombar,16560,-96,-1540,16,-76,351,1408259
2026-05-19 20:17:09,esterno,1032,15184,-3556,1326,-950,-214,750826
2026-05-19 20:17:09,lombar,16684,-64,-1372,150,-72,381,1408281
2026-05-19 20:17:09,esterno,1220,15864,-4232,1237,-892,92,750848
2026-05-19 20:17:09,lombar,16768,4,-1240,201,-73,351,1408303
2026-05-19 20:17:09,esterno,1188,15628,-4244,1622,-761,-42,750870
2026-05-19 20:17:09,lombar,16596,-88,-1392,76,-71,249,1408325
2026-05-19 20:17:09,esterno,892,15564,-4260,803,219,-249,750892
2026-05-19 20:17:09,lombar,16688,-36,-1440,145,114,275,1408347
2026-05-19 20:17:09,esterno,596,15132,-3928,-649,602,-525,750914
2026-05-19 20:17:09,lombar,16636,112,-1516,143,180,192,1408369
2026-05-19 20:17:09,esterno,464,15352,-3904,-397,616,-627,750936
2026-05-19 20:17:09,lombar,16516,116,-1556,131,246,187,1408391
2026-05-19 20:17:09,esterno,872,15628,-4324,323,249,-337,750958
2026-05-19 20:17:09,lombar,16636,76,-1460,277,68,243,1408413
2026-05-19 20:17:09,esterno,1216,15536,-4152,145,777,-172,750980
2026-05-19 20:17:09,lombar,16576,100,-1712,60,17,219,1408435
2026-05-19 20:17:09,esterno,1460,15752,-3828,-1028,1391,25,751002
2026-05-19 20:17:09,lombar,16548,116,-1584,101,39,254,1408457
2026-05-19 20:17:09,esterno,1420,16020,-3644,-2616,2472,450,751024
2026-05-19 20:17:09,lombar,16716,-56,-1592,21,-121,332,1408479
2026-05-19 20:17:09,esterno,1412,16208,-3512,-4487,3806,888,751046
2026-05-19 20:17:09,lombar,16700,92,-1432,217,-92,253,1408501
2026-05-19 20:17:09,esterno,1796,16240,-3448,-5774,4761,1128,751068
2026-05-19 20:17:09,lombar,16728,40,-1336,337,-120,250,1408523
2026-05-19 20:17:09,esterno,1168,15356,-3536,-5262,4315,1771,751090
2026-05-19 20:17:09,lombar,16688,156,-1272,509,-402,200,1408545
2026-05-19 20:17:09,esterno,536,14696,-4156,-3373,2488,1774,751112
2026-05-19 20:17:09,lombar,16692,64,-956,577,-501,202,1408567
2026-05-19 20:17:09,esterno,428,15096,-4180,435,212,42,751134
2026-05-19 20:17:09,lombar,16808,76,-1244,631,-143,182,1408589
2026-05-19 20:17:09,esterno,1432,15580,-2868,1841,-416,-523,751156
2026-05-19 20:17:09,lombar,16752,244,-924,792,-33,184,1408611
2026-05-19 20:17:09,esterno,1324,15248,-2972,698,430,-692,751178
2026-05-19 20:17:09,lombar,17044,240,-1276,707,62,215,1408633
2026-05-19 20:17:09,esterno,1480,14904,-3432,581,690,-549,751200
2026-05-19 20:17:09,lombar,16604,84,-1644,383,862,301,1408655
2026-05-19 20:17:09,esterno,1752,15384,-4508,4744,-1580,-2984,751222
2026-05-19 20:17:09,lombar,16504,-420,-1516,340,486,123,1408677
2026-05-19 20:17:09,esterno,1316,15908,-3552,6670,-2222,-1951,751244
2026-05-19 20:17:09,lombar,16728,-280,-2076,549,474,132,1408699
2026-05-19 20:17:09,esterno,1108,16656,-3236,4245,-1666,-1402,751266
2026-05-19 20:17:09,lombar,16572,152,-1352,448,539,279,1408721
2026-05-19 20:17:09,esterno,748,16220,-3796,2436,-600,-1934,751288
2026-05-19 20:17:09,lombar,17012,20,-1668,327,320,144,1408743
2026-05-19 20:17:09,esterno,1164,16800,-3840,2686,431,-1773,751310
2026-05-19 20:17:09,lombar,16684,104,-1384,478,608,-77,1408765
2026-05-19 20:17:09,esterno,1160,15788,-3584,1678,367,-241,751332
2026-05-19 20:17:09,lombar,16592,-12,-1272,586,790,-79,1408787
2026-05-19 20:17:09,esterno,884,14752,-4892,1765,106,-613,751354
2026-05-19 20:17:09,lombar,17096,84,-868,796,413,-31,1408809
2026-05-19 20:17:09,esterno,664,15464,-4884,2453,744,-1692,751376
2026-05-19 20:17:09,lombar,17176,64,-612,825,617,-102,1408831
2026-05-19 20:17:09,esterno,780,15732,-3916,1650,881,-1340,751398
2026-05-19 20:17:09,lombar,17100,180,-316,1070,1461,-314,1408853
2026-05-19 20:17:09,esterno,136,14224,-4836,2357,537,-908,751420
2026-05-19 20:17:09,lombar,15628,-228,-2904,318,4055,-111,1408875
2026-05-19 20:17:09,esterno,440,14684,-4896,2657,1185,-1069,751442
2026-05-19 20:17:09,lombar,16080,-128,-1604,561,2441,-254,1408897
2026-05-19 20:17:09,esterno,980,15876,-5428,1225,1540,-224,751464
2026-05-19 20:17:09,lombar,16692,200,-624,989,-79,-78,1408919
2026-05-19 20:17:09,esterno,924,15768,-5000,1517,1830,446,751486
2026-05-19 20:17:09,lombar,17228,232,-236,776,693,-203,1408941
2026-05-19 20:17:09,esterno,996,16192,-4040,1343,2081,731,751508
2026-05-19 20:17:09,lombar,16432,328,-1340,1466,2347,-324,1408963
2026-05-19 20:17:10,esterno,912,16128,-5132,-27,1806,921,751530
2026-05-19 20:17:10,lombar,16040,448,-1320,1437,2175,-421,1408985
2026-05-19 20:17:10,esterno,1068,15856,-5340,-939,2514,1158,751552
2026-05-19 20:17:10,lombar,16932,460,-260,1237,-27,-104,1409007
2026-05-19 20:17:10,esterno,1648,15592,-4852,-769,2650,1586,751574
2026-05-19 20:17:10,lombar,16852,728,-344,877,363,154,1409029
2026-05-19 20:17:10,esterno,1272,15536,-4920,-539,2897,1299,751596
2026-05-19 20:17:10,lombar,16328,600,-504,690,1247,-55,1409051
2026-05-19 20:17:10,esterno,860,16056,-4968,-1355,2979,281,751618
2026-05-19 20:17:10,lombar,16700,436,-524,715,106,12,1409073
2026-05-19 20:17:10,esterno,920,16044,-5804,-851,2907,-558,751640
2026-05-19 20:17:10,lombar,16720,364,-320,860,-6,167,1409095
2026-05-19 20:17:10,esterno,1004,15896,-7180,71,2351,-417,751662
2026-05-19 20:17:10,lombar,16508,492,-176,922,224,237,1409117
2026-05-19 20:17:10,esterno,380,15500,-5124,4,3261,394,751684
2026-05-19 20:17:10,lombar,16352,556,-96,745,242,403,1409139
2026-05-19 20:17:10,esterno,812,15200,-3340,-960,1505,80,751706
2026-05-19 20:17:10,lombar,16696,628,52,428,-222,467,1409161
2026-05-19 20:17:10,esterno,1196,15140,-3520,-699,848,-1776,751728
2026-05-19 20:17:10,lombar,16576,172,-312,349,-80,439,1409183
2026-05-19 20:17:10,esterno,1072,15432,-4288,97,492,-1113,751750
2026-05-19 20:17:10,lombar,16852,284,-168,555,-142,394,1409205
2026-05-19 20:17:10,esterno,688,14548,-4480,-457,-193,-100,751772
2026-05-19 20:17:10,lombar,16596,284,-332,497,-389,568,1409227
2026-05-19 20:17:10,esterno,676,14588,-5352,666,-766,-269,751794
2026-05-19 20:17:10,lombar,16672,376,-168,405,-448,578,1409249
2026-05-19 20:17:10,esterno,-232,15592,-6508,597,-410,43,751816
2026-05-19 20:17:10,lombar,16664,224,-276,653,-440,370,1409271
2026-05-19 20:17:10,esterno,88,17064,-5508,-2590,2604,1363,751838
2026-05-19 20:17:10,lombar,16564,64,-132,701,-361,411,1409293
2026-05-19 20:17:10,esterno,872,16124,-2784,-6422,3687,2192,751860
2026-05-19 20:17:10,lombar,16652,312,68,772,-338,389,1409315
2026-05-19 20:17:10,esterno,1896,15432,-4636,-4760,2067,1453,751882
2026-05-19 20:17:10,lombar,16636,488,-76,585,-262,367,1409337
2026-05-19 20:17:10,esterno,3656,15156,-5724,326,-935,149,751904
2026-05-19 20:17:10,lombar,16612,456,-148,381,-377,359,1409359
2026-05-19 20:17:10,esterno,1540,14852,-4632,884,413,-108,751926
2026-05-19 20:17:10,lombar,16652,532,-328,188,-349,392,1409381
2026-05-19 20:17:10,esterno,640,15720,-4492,-545,1396,-954,751948
2026-05-19 20:17:10,lombar,16648,404,-216,225,-273,404,1409403
2026-05-19 20:17:10,esterno,-92,15520,-4424,31,833,-1184,751970
2026-05-19 20:17:10,lombar,16788,368,-140,226,-386,439,1409425
2026-05-19 20:17:10,esterno,1176,16036,-4456,2450,-720,-2649,751992
2026-05-19 20:17:10,lombar,16688,376,-224,67,-322,452,1409447
2026-05-19 20:17:10,esterno,1596,15612,-5092,4212,-2263,-2387,752014
2026-05-19 20:17:10,lombar,16688,396,-228,8,-362,486,1409469
2026-05-19 20:17:10,esterno,1540,16116,-4244,2891,-1219,-1945,752036
2026-05-19 20:17:10,lombar,16768,164,-240,42,-507,423,1409491
2026-05-19 20:17:10,esterno,-148,15660,-3856,263,-1171,-15,752058
2026-05-19 20:17:10,lombar,16764,240,-208,98,-566,414,1409513
2026-05-19 20:17:10,esterno,-24,15092,-5300,773,-284,250,752080
2026-05-19 20:17:10,lombar,16620,144,-460,165,-454,284,1409535
2026-05-19 20:17:10,esterno,1436,15864,-4448,596,-375,-121,752102
2026-05-19 20:17:10,lombar,16692,272,-288,222,-526,366,1409557
2026-05-19 20:17:10,esterno,1120,15316,-4612,-795,-516,119,752124
2026-05-19 20:17:10,lombar,16732,412,-364,171,-521,463,1409579
2026-05-19 20:17:10,esterno,828,15060,-5760,-659,544,-750,752146
2026-05-19 20:17:10,esterno,512,15480,-4884,-250,751,-1108,752168
2026-05-19 20:17:10,lombar,16764,344,-84,202,-539,337,1409601
2026-05-19 20:17:10,lombar,16600,388,-300,255,-602,438,1409623
2026-05-19 20:17:10,esterno,-108,15200,-5220,-636,202,-222,752190
2026-05-19 20:17:10,lombar,16508,260,-292,147,-686,501,1409645
2026-05-19 20:17:10,esterno,24,15348,-4892,-1862,978,568,752212
2026-05-19 20:17:10,lombar,16572,376,-316,223,-894,485,1409667
2026-05-19 20:17:10,esterno,1032,15816,-4316,-3431,1697,1556,752234
2026-05-19 20:17:10,lombar,16688,420,-412,223,-698,413,1409689
2026-05-19 20:17:10,esterno,1460,15476,-4208,-4911,2239,3475,752256
2026-05-19 20:17:10,lombar,16772,256,-524,91,-819,491,1409711
2026-05-19 20:17:10,esterno,1464,15248,-5020,-5343,2363,3638,752278
2026-05-19 20:17:10,lombar,16800,280,-548,82,-777,472,1409733
2026-05-19 20:17:10,esterno,8040,18452,-6848,-4695,2799,2803,752300
2026-05-19 20:17:10,lombar,16736,312,-312,-60,-676,432,1409755
2026-05-19 20:17:10,esterno,1828,16052,-5060,235,-728,-639,752322
2026-05-19 20:17:10,lombar,16748,132,-492,-127,-699,404,1409777
2026-05-19 20:17:10,esterno,1508,16112,-2872,442,502,-161,752344
2026-05-19 20:17:10,lombar,16788,176,-540,19,-592,261,1409799
2026-05-19 20:17:10,esterno,704,15432,-3444,-1431,581,87,752366
2026-05-19 20:17:10,lombar,16852,164,-372,-89,-749,361,1409821
2026-05-19 20:17:10,esterno,732,15412,-4260,-1093,449,275,752388
2026-05-19 20:17:10,lombar,16992,160,-440,-152,-769,306,1409843
2026-05-19 20:17:10,esterno,1028,15776,-3776,-692,142,299,752410
2026-05-19 20:17:10,lombar,16652,84,-1020,-292,-312,396,1409865
2026-05-19 20:17:10,esterno,1272,16028,-3468,-953,242,282,752432
2026-05-19 20:17:10,lombar,16672,-324,-856,-362,-357,186,1409887
2026-05-19 20:17:10,esterno,1628,15720,-3492,-778,450,210,752454
2026-05-19 20:17:10,lombar,16676,-520,-724,-100,-493,176,1409909
2026-05-19 20:17:10,esterno,1324,15608,-3512,-357,658,36,752476
2026-05-19 20:17:10,lombar,16680,-564,-812,-75,-78,118,1409931
2026-05-19 20:17:10,esterno,1200,15508,-3664,-554,1142,-138,752498
2026-05-19 20:17:10,lombar,16592,-628,-448,28,82,82,1409953
2026-05-19 20:17:10,esterno,784,15460,-3700,-773,1485,-92,752520
2026-05-19 20:17:11,lombar,16692,-696,-924,500,-171,-97,1409975
2026-05-19 20:17:11,esterno,824,15388,-3560,-406,1636,212,752542
2026-05-19 20:17:11,lombar,16680,-744,-808,1051,-79,-250,1409997
2026-05-19 20:17:11,esterno,476,15540,-3268,-95,1706,317,752564
2026-05-19 20:17:11,lombar,16800,-896,-776,1247,-74,-275,1410019
2026-05-19 20:17:11,esterno,432,15816,-3456,-256,1760,421,752586
2026-05-19 20:17:11,lombar,16504,-984,-892,1525,-94,-286,1410041
2026-05-19 20:17:11,esterno,768,15764,-3444,-298,2028,437,752608
2026-05-19 20:17:11,lombar,16532,-792,-880,1907,-116,-338,1410063
2026-05-19 20:17:11,esterno,1064,15808,-3044,-51,1987,518,752630
2026-05-19 20:17:11,lombar,16436,-720,-988,2191,-347,-506,1410085
2026-05-19 20:17:11,esterno,988,15784,-2900,75,2035,532,752652
2026-05-19 20:17:11,lombar,16504,-696,-488,2557,-711,-596,1410107
2026-05-19 20:17:11,esterno,808,15544,-3308,220,2240,542,752674
2026-05-19 20:17:11,lombar,16464,-596,-648,2862,-1099,-683,1410129
2026-05-19 20:17:11,esterno,568,15360,-3516,357,2790,385,752696
2026-05-19 20:17:11,lombar,16640,-148,-1072,3163,-658,-712,1410151
2026-05-19 20:17:11,esterno,560,15492,-3352,185,2055,216,752718
2026-05-19 20:17:11,lombar,16564,44,-576,3371,-900,-572,1410173
2026-05-19 20:17:11,esterno,956,15640,-3204,73,1299,324,752740
2026-05-19 20:17:11,lombar,16452,32,-856,3795,-1058,-532,1410195
2026-05-19 20:17:11,esterno,1128,15140,-3192,455,1227,389,752762
2026-05-19 20:17:11,lombar,16072,500,-1084,3631,-238,-103,1410217
2026-05-19 20:17:11,esterno,1452,14732,-3232,623,1052,84,752784
2026-05-19 20:17:11,lombar,15972,1160,-980,3481,-185,303,1410239
2026-05-19 20:17:11,esterno,2124,14720,-3400,502,701,-109,752806
2026-05-19 20:17:11,lombar,15988,1672,-1028,2856,-394,603,1410261
2026-05-19 20:17:11,esterno,2812,14880,-3524,143,559,-58,752828
2026-05-19 20:17:11,lombar,16076,1832,-964,2192,60,854,1410283
2026-05-19 20:17:11,esterno,3524,15276,-3620,-150,434,80,752850
2026-05-19 20:17:11,lombar,16580,2332,-728,1233,62,964,1410305
2026-05-19 20:17:11,esterno,3580,15672,-4616,-518,1022,-38,752872
2026-05-19 20:17:11,lombar,17084,1980,-976,659,-356,685,1410327
2026-05-19 20:17:11,esterno,3616,16540,-4428,-1167,1612,-369,752894
2026-05-19 20:17:11,lombar,17496,1012,-1544,788,-538,362,1410349
2026-05-19 20:17:11,esterno,3216,17108,-4064,-1344,1721,-538,752916
2026-05-19 20:17:11,lombar,18020,356,-1520,1456,-455,342,1410371
2026-05-19 20:17:11,esterno,3344,17496,-3560,-756,2089,-688,752938
2026-05-19 20:17:11,lombar,18236,344,-1512,2455,15,236,1410393
2026-05-19 20:17:11,esterno,3520,17396,-3232,-119,2619,-705,752960
2026-05-19 20:17:11,lombar,17676,764,-1812,3425,930,61,1410415
2026-05-19 20:17:11,esterno,3736,17160,-3276,20,2991,-471,752982
2026-05-19 20:17:11,lombar,17380,1576,-1192,3716,794,4,1410437
2026-05-19 20:17:11,esterno,3676,16076,-3584,27,3615,-238,753004
2026-05-19 20:17:11,lombar,16888,2068,-1544,3682,479,-249,1410459
2026-05-19 20:17:11,esterno,2676,15260,-3204,517,3661,-432,753026
2026-05-19 20:17:11,lombar,16960,2256,-1588,3486,520,-748,1410481
2026-05-19 20:17:11,esterno,1944,15484,-3140,849,3451,-477,753048
2026-05-19 20:17:11,lombar,16936,2048,-972,3065,578,-872,1410503
2026-05-19 20:17:11,esterno,2072,16224,-2916,543,3240,-351,753070
2026-05-19 20:17:11,lombar,16232,2120,-948,2834,835,-792,1410525
2026-05-19 20:17:11,esterno,2508,15724,-2800,310,2773,-402,753092
2026-05-19 20:17:11,lombar,15792,2616,-1080,2607,737,-466,1410547
2026-05-19 20:17:11,esterno,2900,14680,-3276,326,2691,-969,753114
2026-05-19 20:17:11,lombar,15812,3012,-600,1952,436,-275,1410569
2026-05-19 20:17:11,esterno,2888,14480,-3616,158,2577,-1346,753136
2026-05-19 20:17:11,lombar,15300,2984,-828,1268,262,77,1410591
2026-05-19 20:17:11,esterno,2620,14404,-3268,62,2103,-1100,753158
2026-05-19 20:17:11,lombar,14848,2884,-880,285,886,408,1410613
2026-05-19 20:17:11,esterno,2596,14012,-2764,100,1152,-772,753180
2026-05-19 20:17:11,lombar,15240,2816,-548,-869,374,1218,1410635
2026-05-19 20:17:11,esterno,2792,13948,-3036,-312,411,-893,753202
2026-05-19 20:17:11,lombar,16236,2584,4,-2259,-566,1746,1410657
2026-05-19 20:17:11,esterno,3044,14452,-3844,-1325,132,-1462,753224
2026-05-19 20:17:11,lombar,18480,1592,872,-3256,-1555,1743,1410679
2026-05-19 20:17:11,esterno,2764,16048,-4712,-1754,-103,-1743,753246
2026-05-19 20:17:11,lombar,18228,-556,-1240,-3216,-441,1514,1410701
2026-05-19 20:17:11,esterno,2076,16828,-4032,-700,-787,-1906,753268
2026-05-19 20:17:11,lombar,17624,-1376,-536,-2127,735,2632,1410723
2026-05-19 20:17:11,esterno,788,17008,-3188,524,-1092,-2865,753290
2026-05-19 20:17:11,lombar,16052,-364,-1104,-1526,249,3793,1410745
2026-05-19 20:17:11,esterno,-284,16356,-2476,1060,-841,-3664,753312
2026-05-19 20:17:11,lombar,15848,2084,-964,-1024,-14,3309,1410767
2026-05-19 20:17:11,esterno,-128,15572,-2484,114,-1068,-3242,753334
2026-05-19 20:17:11,lombar,16932,2232,-528,-1657,-824,2541,1410789
2026-05-19 20:17:11,esterno,828,15548,-3100,-1350,-1213,-2225,753356
2026-05-19 20:17:11,lombar,17584,1036,40,-2333,-502,2339,1410811
2026-05-19 20:17:11,esterno,1336,16056,-3720,-1650,-1415,-1880,753378
2026-05-19 20:17:11,lombar,17436,-276,80,-2608,167,2217,1410833
2026-05-19 20:17:11,esterno,784,16336,-3668,-680,-1665,-2424,753400
2026-05-19 20:17:11,lombar,17076,-484,304,-2634,420,2210,1410855
2026-05-19 20:17:11,esterno,276,16088,-3652,25,-1800,-3040,753422
2026-05-19 20:17:11,lombar,16608,-220,452,-2985,715,2370,1410877
2026-05-19 20:17:11,lombar,16444,-108,388,-3610,319,2591,1410899
2026-05-19 20:17:11,esterno,112,15204,-4112,164,-1797,-2552,753444
2026-05-19 20:17:11,esterno,-4,14640,-4176,262,-2299,-2090,753466
2026-05-19 20:17:11,lombar,16156,-320,624,-3737,-56,2453,1410921
2026-05-19 20:17:11,esterno,28,14756,-4240,432,-2171,-2112,753488
2026-05-19 20:17:11,lombar,16204,-760,756,-3520,289,2048,1410943
2026-05-19 20:17:11,esterno,-424,14992,-4136,568,-1897,-2182,753510
2026-05-19 20:17:11,lombar,16512,-960,864,-3527,421,2026,1410965
2026-05-19 20:17:11,esterno,-1028,14840,-4440,665,-2076,-2257,753532
2026-05-19 20:17:12,lombar,16632,-1496,480,-3362,534,1825,1410987
2026-05-19 20:17:12,esterno,-1612,15000,-4644,422,-2447,-2264,753554
2026-05-19 20:17:12,lombar,16728,-1712,432,-3052,641,1630,1411009
2026-05-19 20:17:12,esterno,-1636,15616,-4648,-24,-2361,-2091,753576
2026-05-19 20:17:12,lombar,17048,-2248,320,-2948,44,1790,1411031
2026-05-19 20:17:12,esterno,-1588,16384,-4440,-183,-2487,-2043,753598
2026-05-19 20:17:12,lombar,17024,-2412,-288,-2618,-611,2027,1411053
2026-05-19 20:17:12,esterno,-1148,16868,-4256,-251,-1894,-2149,753620
2026-05-19 20:17:12,lombar,16868,-2512,-252,-2206,-674,1994,1411075
2026-05-19 20:17:12,esterno,-1140,17240,-3328,-385,-1289,-2170,753642
2026-05-19 20:17:12,lombar,17356,-2772,-468,-1645,-531,1768,1411097
2026-05-19 20:17:12,esterno,-1584,16912,-3372,-459,-791,-2305,753664
2026-05-19 20:17:12,lombar,17396,-3056,-272,-1179,-476,1604,1411119
2026-05-19 20:17:12,esterno,-2132,16400,-3732,-267,-637,-2156,753686
2026-05-19 20:17:12,lombar,17376,-3132,12,-885,-426,1722,1411141
2026-05-19 20:17:12,esterno,-2616,16176,-3564,-382,-441,-1698,753708
2026-05-19 20:17:12,lombar,17048,-2648,-404,-475,-3,1518,1411163
2026-05-19 20:17:12,esterno,-2628,16292,-3280,-624,-217,-1099,753730
2026-05-19 20:17:12,lombar,16776,-2812,-588,-332,-42,1309,1411185
2026-05-19 20:17:12,esterno,-2096,16336,-3168,-587,132,-580,753752
2026-05-19 20:17:12,lombar,16756,-2980,-492,-302,-193,1101,1411207
2026-05-19 20:17:12,esterno,-2024,16064,-3160,-416,452,-279,753774
2026-05-19 20:17:12,lombar,16660,-2816,-292,-335,-250,797,1411229
2026-05-19 20:17:12,esterno,-2184,15712,-3224,-258,717,-167,753796
2026-05-19 20:17:12,lombar,16468,-2788,-296,-224,-295,684,1411251
2026-05-19 20:17:12,esterno,-2428,15264,-3284,-241,997,-42,753818
2026-05-19 20:17:12,lombar,16228,-2832,-452,-4,49,379,1411273
2026-05-19 20:17:12,esterno,-2452,14916,-3260,-387,1316,81,753840
2026-05-19 20:17:12,lombar,16412,-2808,-280,434,393,0,1411295
2026-05-19 20:17:12,esterno,-2464,14948,-3240,-614,1604,348,753862
2026-05-19 20:17:12,lombar,16536,-2644,-208,673,363,-182,1411317
2026-05-19 20:17:12,esterno,-2312,15020,-3272,-441,2097,587,753884
2026-05-19 20:17:12,lombar,16628,-2608,128,407,123,-161,1411339
2026-05-19 20:17:12,esterno,-2048,14936,-3076,-98,2541,681,753906
2026-05-19 20:17:12,lombar,16220,-2548,360,338,285,-299,1411361
2026-05-19 20:17:12,esterno,-1980,14892,-2700,130,2180,910,753928
2026-05-19 20:17:12,lombar,16096,-2956,28,697,942,-934,1411383
2026-05-19 20:17:12,esterno,-1820,14488,-3880,304,2231,1142,753950
2026-05-19 20:17:12,lombar,15636,-3136,-408,1847,1742,-1357,1411405
2026-05-19 20:17:12,esterno,-2280,13992,-4412,775,3289,1304,753972
2026-05-19 20:17:12,lombar,15616,-3432,376,2580,1884,-1909,1411427
2026-05-19 20:17:12,esterno,-2272,14376,-4276,1207,3803,1654,753994
2026-05-19 20:17:12,lombar,15292,-4088,564,2806,456,-2232,1411449
2026-05-19 20:17:12,esterno,-2056,14700,-3864,1389,4053,2140,754016
2026-05-19 20:17:12,lombar,15432,-3984,-256,3557,-388,-2939,1411471
2026-05-19 20:17:12,esterno,-2056,14900,-4144,943,4606,2461,754038
2026-05-19 20:17:12,lombar,16532,-2792,224,5022,744,-3981,1411493
2026-05-19 20:17:12,esterno,-1904,16168,-4584,-279,5355,3087,754060
2026-05-19 20:17:12,lombar,19328,-644,1356,7243,-1022,-4290,1411515
2026-05-19 20:17:12,esterno,-1216,17664,-4844,-572,5379,3969,754082
2026-05-19 20:17:12,lombar,19800,2168,1740,7742,-3093,-3709,1411537
2026-05-19 20:17:12,esterno,420,17968,-3964,542,4651,4843,754104
2026-05-19 20:17:12,lombar,16356,1496,156,5643,-445,-3866,1411559
2026-05-19 20:17:12,esterno,1676,17232,-3380,1912,3454,5135,754126
2026-05-19 20:17:12,lombar,16740,380,444,6197,2031,-4102,1411581
2026-05-19 20:17:12,esterno,1832,15948,-3564,2205,2953,5110,754148
2026-05-19 20:17:12,lombar,16196,-620,740,6148,1260,-3217,1411603
2026-05-19 20:17:12,esterno,1228,14304,-3436,1587,2509,4115,754170
2026-05-19 20:17:12,lombar,16072,-372,468,5945,-905,-2201,1411625
2026-05-19 20:17:12,esterno,940,13256,-4156,1031,2565,3072,754192
2026-05-19 20:17:12,lombar,16024,1436,104,6711,654,-2052,1411647
2026-05-19 20:17:12,esterno,1632,13456,-5380,1035,2902,2640,754214
2026-05-19 20:17:12,lombar,16324,2832,1352,6481,1941,-2051,1411669
2026-05-19 20:17:12,esterno,2052,14088,-5964,1475,3085,2845,754236
2026-05-19 20:17:12,lombar,17308,3588,1740,5475,1080,-1792,1411691
2026-05-19 20:17:12,esterno,1968,14684,-5988,2075,2208,3080,754258
2026-05-19 20:17:12,lombar,16804,3796,1496,3873,1313,-1472,1411713
2026-05-19 20:17:12,esterno,2172,15512,-5404,2422,1497,2980,754280
2026-05-19 20:17:12,lombar,16328,3756,1164,2708,1585,-1504,1411735
2026-05-19 20:17:12,esterno,2228,15812,-4820,2022,1372,2398,754302
2026-05-19 20:17:12,lombar,16336,3392,1540,1656,766,-1448,1411757
2026-05-19 20:17:12,esterno,2452,15996,-4580,1235,974,1999,754324
2026-05-19 20:17:12,lombar,16500,3176,1240,573,393,-1139,1411779
2026-05-19 20:17:12,esterno,3076,15836,-5224,551,219,1893,754346
2026-05-19 20:17:12,lombar,16428,2844,924,-35,913,-803,1411801
2026-05-19 20:17:12,esterno,3764,15488,-5156,195,-211,1879,754368
2026-05-19 20:17:12,lombar,16664,2580,1184,-653,350,-338,1411823
2026-05-19 20:17:12,esterno,4028,15356,-5348,197,-399,1750,754390
2026-05-19 20:17:12,lombar,17040,2240,980,-896,-666,-33,1411845
2026-05-19 20:17:12,esterno,3592,15668,-5524,129,-805,1356,754412
2026-05-19 20:17:12,lombar,16568,2312,1004,-746,-347,151,1411867
2026-05-19 20:17:12,esterno,2692,15928,-5320,-205,-1039,958,754434
2026-05-19 20:17:12,lombar,16104,2256,988,-591,-457,2,1411889
2026-05-19 20:17:12,esterno,2308,15776,-4952,-258,-1577,801,754456
2026-05-19 20:17:12,lombar,16248,2764,980,-117,-451,226,1411911
2026-05-19 20:17:12,esterno,2672,15432,-5732,55,-1702,1202,754478
2026-05-19 20:17:12,lombar,16240,2780,1392,-850,-1527,512,1411933
2026-05-19 20:17:12,esterno,3032,15148,-5088,-394,-2049,1343,754500
2026-05-19 20:17:12,lombar,16212,2488,1204,-921,-1408,569,1411955
2026-05-19 20:17:12,esterno,3256,15208,-5160,-1216,-2702,1189,754522
2026-05-19 20:17:13,lombar,16168,2428,1332,-1160,-1132,483,1411977
2026-05-19 20:17:13,esterno,3044,14792,-5536,-1533,-2627,698,754544
2026-05-19 20:17:13,lombar,16288,2632,1312,-1335,-1156,774,1411999
2026-05-19 20:17:13,esterno,2948,14384,-5536,-1564,-2427,198,754566
2026-05-19 20:17:13,lombar,16336,2952,1632,-1787,-1376,1001,1412021
2026-05-19 20:17:13,esterno,3208,14260,-5772,-1513,-2715,134,754588
2026-05-19 20:17:13,lombar,16248,2740,1444,-2069,-1131,1229,1412043
2026-05-19 20:17:13,esterno,3528,14204,-5608,-1507,-2905,295,754610
2026-05-19 20:17:13,lombar,16356,2384,1516,-2116,-924,1188,1412065
2026-05-19 20:17:13,esterno,3652,14356,-5760,-1556,-2986,293,754632
2026-05-19 20:17:13,lombar,16368,1936,1876,-2075,-966,1525,1412087
2026-05-19 20:17:13,esterno,3608,14324,-5752,-1400,-2717,10,754654
2026-05-19 20:17:13,lombar,16996,1708,1388,-1936,-971,1625,1412109
2026-05-19 20:17:13,esterno,3588,14732,-5888,-1301,-2499,-392,754676
2026-05-19 20:17:13,lombar,17068,1120,1104,-1455,-489,1898,1412131
2026-05-19 20:17:13,esterno,3564,15288,-6216,-1464,-2107,-734,754698
2026-05-19 20:17:13,lombar,16832,1200,1088,-934,-238,2246,1412153
2026-05-19 20:17:13,lombar,17308,1504,1920,-624,-672,2416,1412175
2026-05-19 20:17:13,esterno,3616,14984,-5848,-1144,-2115,-946,754720
2026-05-19 20:17:13,esterno,3548,14760,-5600,-636,-1802,-1177,754742
2026-05-19 20:17:13,lombar,16972,1540,1628,-808,-362,2441,1412197
2026-05-19 20:17:13,esterno,2980,14420,-5500,-237,-1272,-1652,754764
2026-05-19 20:17:13,lombar,16672,1432,1688,-1011,829,2438,1412219
2026-05-19 20:17:13,esterno,2416,14216,-5500,-197,-1083,-2165,754786
2026-05-19 20:17:13,lombar,17044,1448,1980,-1510,748,2567,1412241
2026-05-19 20:17:13,esterno,2292,14236,-5476,-114,-469,-2653,754808
2026-05-19 20:17:13,lombar,17300,1236,2432,-2496,146,2549,1412263
2026-05-19 20:17:13,esterno,2188,14828,-5524,30,158,-3032,754830
2026-05-19 20:17:13,lombar,17172,300,1088,-2820,-133,2341,1412285
2026-05-19 20:17:13,esterno,2044,15184,-5308,282,329,-2910,754852
2026-05-19 20:17:13,lombar,16524,-168,1268,-2241,1411,1982,1412307
2026-05-19 20:17:13,esterno,1620,15160,-5308,807,521,-2581,754874
2026-05-19 20:17:13,lombar,16572,-312,936,-1886,886,1860,1412329
2026-05-19 20:17:13,esterno,908,15308,-4832,1382,776,-2585,754896
2026-05-19 20:17:13,lombar,16356,-436,352,-1267,192,1823,1412351
2026-05-19 20:17:13,esterno,492,15468,-4260,1408,1030,-2711,754918
2026-05-19 20:17:13,lombar,16552,-412,1268,-1025,185,1575,1412373
2026-05-19 20:17:13,esterno,484,15696,-4348,1146,1349,-2767,754940
2026-05-19 20:17:13,lombar,16732,-576,300,-1018,217,1411,1412395
2026-05-19 20:17:13,esterno,652,15656,-4768,951,1461,-2325,754962
2026-05-19 20:17:13,lombar,16840,-536,968,-958,-58,1060,1412417
2026-05-19 20:17:13,esterno,500,15564,-4496,999,1647,-1811,754984
2026-05-19 20:17:13,lombar,16480,-520,-596,-1039,220,769,1412439
2026-05-19 20:17:13,esterno,604,15968,-4488,1185,1515,-1341,755006
2026-05-19 20:17:13,lombar,16384,-704,-260,-866,807,367,1412461
2026-05-19 20:17:13,esterno,252,16616,-4028,1185,1756,-1037,755028
2026-05-19 20:17:13,lombar,16836,-1160,80,-1064,-303,435,1412483
2026-05-19 20:17:13,esterno,-552,16924,-3284,895,1271,-1057,755050
2026-05-19 20:17:13,lombar,16712,-1472,-436,-769,-580,585,1412505
2026-05-19 20:17:13,esterno,-920,16748,-3976,684,1265,-1289,755072
2026-05-19 20:17:13,lombar,16888,-1340,-284,-358,-555,725,1412527
2026-05-19 20:17:13,esterno,-888,16544,-3772,28,867,-952,755094
2026-05-19 20:17:13,lombar,17020,-1160,-488,-163,-1077,830,1412549
2026-05-19 20:17:13,esterno,-736,16868,-3392,-903,-127,-568,755116
2026-05-19 20:17:13,lombar,17212,-1200,-484,-181,-1332,885,1412571
2026-05-19 20:17:13,esterno,-380,17076,-4076,-1234,-116,-100,755138
2026-05-19 20:17:13,lombar,17308,-1392,-896,-14,-1384,1002,1412593
2026-05-19 20:17:13,esterno,-420,17088,-3884,-1034,-143,-156,755160
2026-05-19 20:17:13,lombar,17216,-1012,-364,-341,-1647,1076,1412615
2026-05-19 20:17:13,esterno,-400,16820,-3628,-717,-482,-271,755182
2026-05-19 20:17:13,lombar,17292,-872,-416,-1243,-1833,1172,1412637
2026-05-19 20:17:13,esterno,-700,16744,-3364,-924,-864,-153,755204
2026-05-19 20:17:13,lombar,17264,-1184,-520,-1595,-1845,1140,1412659
2026-05-19 20:17:13,esterno,-780,16480,-3576,-1610,-1125,182,755226
2026-05-19 20:17:13,lombar,17208,-1608,-528,-1274,-1449,1080,1412681
2026-05-19 20:17:13,esterno,-636,15976,-3780,-1719,-1128,246,755248
2026-05-19 20:17:13,lombar,16824,-1944,-500,-952,-1463,1078,1412703
2026-05-19 20:17:13,esterno,-640,15796,-3528,-1431,-1018,168,755270
2026-05-19 20:17:13,lombar,16408,-2108,-572,-892,-1462,1054,1412725
2026-05-19 20:17:13,esterno,-572,15628,-3612,-1364,-939,109,755292
2026-05-19 20:17:13,lombar,16280,-2168,-584,-593,-1425,967,1412747
2026-05-19 20:17:13,esterno,-308,15328,-3376,-1505,-796,263,755314
2026-05-19 20:17:13,lombar,16144,-2128,-472,-327,-1430,771,1412769
2026-05-19 20:17:13,esterno,-368,14912,-3420,-1614,-521,349,755336
2026-05-19 20:17:13,lombar,15676,-2204,-464,-60,-1284,565,1412791
2026-05-19 20:17:13,esterno,-560,14456,-3580,-1359,-277,260,755358
2026-05-19 20:17:13,lombar,15476,-2548,-284,450,-1117,217,1412813
2026-05-19 20:17:13,esterno,-508,14084,-3448,-1165,-14,250,755380
2026-05-19 20:17:13,lombar,15300,-2400,-212,871,-1049,-20,1412835
2026-05-19 20:17:13,esterno,-316,13856,-3512,-1062,434,419,755402
2026-05-19 20:17:13,lombar,15592,-2376,-168,861,-1218,-395,1412857
2026-05-19 20:17:13,esterno,-712,14008,-3748,-1142,930,451,755424
2026-05-19 20:17:13,lombar,15572,-2404,-796,1213,-1070,-934,1412879
2026-05-19 20:17:13,esterno,-432,14308,-4188,-1387,1290,660,755446
2026-05-19 20:17:13,lombar,16248,-2284,-560,2486,-1050,-1833,1412901
2026-05-19 20:17:13,esterno,-488,15356,-4112,-1447,1964,1103,755468
2026-05-19 20:17:13,lombar,16808,-1880,-1040,3963,-1677,-2204,1412923
2026-05-19 20:17:13,esterno,-292,16216,-3944,-1188,2346,1708,755490
2026-05-19 20:17:13,lombar,22868,748,2064,4856,-1816,-2004,1412945
2026-05-19 20:17:13,esterno,452,17956,-4900,-1073,2542,2443,755512
2026-05-19 20:17:13,lombar,18236,4636,-452,971,-3052,-79,1412967
2026-05-19 20:17:14,esterno,1048,17944,-3404,-198,1919,2728,755534
2026-05-19 20:17:14,lombar,15340,3168,-1456,-4455,849,-1060,1412989
2026-05-19 20:17:14,esterno,1700,16260,-1748,1574,-288,2039,755556
2026-05-19 20:17:14,lombar,16768,-1104,-1428,-2925,1295,-2527,1413011
2026-05-19 20:17:14,esterno,1600,15200,-3088,2836,-379,1265,755578
2026-05-19 20:17:14,lombar,16924,-3692,-1900,-737,1585,-2518,1413033
2026-05-19 20:17:14,esterno,728,15552,-3276,2063,-533,1516,755600
2026-05-19 20:17:14,lombar,17396,-3596,-412,1477,87,-1511,1413055
2026-05-19 20:17:14,esterno,724,15520,-3400,169,160,2053,755622
2026-05-19 20:17:14,lombar,17768,-1912,144,2441,-625,223,1413077
2026-05-19 20:17:14,esterno,1260,15492,-3136,-389,599,2508,755644
2026-05-19 20:17:14,lombar,16536,336,-380,2394,-334,694,1413099
2026-05-19 20:17:14,esterno,1196,14968,-4524,1076,138,2230,755666
2026-05-19 20:17:14,lombar,15964,1496,-468,2220,644,-173,1413121
2026-05-19 20:17:14,esterno,800,14964,-5716,2253,495,1171,755688
2026-05-19 20:17:14,lombar,15796,1400,-408,1729,1503,-1178,1413143
2026-05-19 20:17:14,esterno,824,15672,-4644,1306,261,1053,755710
2026-05-19 20:17:14,lombar,16392,516,460,1229,216,-1540,1413165
2026-05-19 20:17:14,esterno,1540,15912,-3952,339,-130,1589,755732
2026-05-19 20:17:14,lombar,16364,-300,-192,934,-346,-1304,1413187
2026-05-19 20:17:14,esterno,2260,15552,-4232,475,301,1734,755754
2026-05-19 20:17:14,lombar,16104,-220,-88,1333,-187,-1011,1413209
2026-05-19 20:17:14,esterno,2448,15108,-4936,376,798,1372,755776
2026-05-19 20:17:14,lombar,16072,140,240,1861,-590,-786,1413231
2026-05-19 20:17:14,esterno,2456,14764,-4904,116,1049,1166,755798
2026-05-19 20:17:14,lombar,15936,488,72,1884,-407,-814,1413253
2026-05-19 20:17:14,esterno,2312,14736,-5024,-69,1218,1105,755820
2026-05-19 20:17:14,lombar,16172,1164,64,1962,-256,-934,1413275
2026-05-19 20:17:14,esterno,2440,14824,-5136,-198,1376,1139,755842
2026-05-19 20:17:14,lombar,16440,1800,208,1811,-1131,-960,1413297
2026-05-19 20:17:14,esterno,2436,15392,-5308,-341,1681,968,755864
2026-05-19 20:17:14,lombar,16436,2148,-188,1559,-1232,-1107,1413319
2026-05-19 20:17:14,esterno,2800,16144,-4852,-684,1699,915,755886
2026-05-19 20:17:14,lombar,16688,1820,-616,1157,-1224,-1251,1413341
2026-05-19 20:17:14,esterno,3116,16616,-4556,-964,1381,1224,755908
2026-05-19 20:17:14,lombar,17248,1204,-924,1164,-1674,-924,1413363
2026-05-19 20:17:14,esterno,3616,16888,-4408,-1313,1383,1514,755930
2026-05-19 20:17:14,lombar,17260,1304,-800,1327,-1870,-700,1413385
2026-05-19 20:17:14,esterno,3792,16428,-3956,-1563,1317,1441,755952
2026-05-19 20:17:14,lombar,17412,1852,-760,1458,-1534,-506,1413407
2026-05-19 20:17:14,esterno,3580,16316,-3588,-1376,1358,1216,755974
2026-05-19 20:17:14,lombar,17280,1952,-988,1528,-1285,-487,1413429
2026-05-19 20:17:14,esterno,3492,15984,-3996,-1227,1153,967,755996
2026-05-19 20:17:14,lombar,17232,2072,-1104,1632,-853,-356,1413451
2026-05-19 20:17:14,esterno,3372,15968,-3852,-1344,1338,818,756018
2026-05-19 20:17:14,lombar,17208,2060,-776,1684,-734,-349,1413473
2026-05-19 20:17:14,esterno,3468,15804,-3848,-1633,1159,729,756040
2026-05-19 20:17:14,lombar,17120,1932,-696,1511,-756,-286,1413495
2026-05-19 20:17:14,esterno,3716,15308,-4080,-1574,988,593,756062
2026-05-19 20:17:14,lombar,17184,2100,-652,1509,-507,-327,1413517
2026-05-19 20:17:14,esterno,3688,15200,-4148,-1118,935,466,756084
2026-05-19 20:17:14,lombar,16716,2068,-520,1558,-216,-373,1413539
2026-05-19 20:17:14,esterno,3376,15144,-3984,-779,943,289,756106
2026-05-19 20:17:14,lombar,16516,1872,-704,1411,57,-402,1413561
2026-05-19 20:17:14,esterno,3276,14820,-3660,-444,951,136,756128
2026-05-19 20:17:14,lombar,16384,2216,-428,1463,393,-320,1413583
2026-05-19 20:17:14,esterno,3468,14360,-3688,-165,979,70,756150
2026-05-19 20:17:14,lombar,16304,2568,-180,1079,261,-113,1413605
2026-05-19 20:17:14,esterno,3536,14028,-3892,-35,945,-138,756172
2026-05-19 20:17:14,lombar,16084,2748,-64,398,105,-10,1413627
2026-05-19 20:17:14,esterno,3296,14004,-4172,-19,820,-436,756194
2026-05-19 20:17:14,lombar,15708,2732,-512,-305,480,41,1413649
2026-05-19 20:17:14,esterno,3188,14248,-4272,51,620,-620,756216
2026-05-19 20:17:14,lombar,15836,2976,-552,-492,475,168,1413671
2026-05-19 20:17:14,esterno,3164,14268,-3596,335,207,-524,756238
2026-05-19 20:17:14,lombar,15868,3128,-92,-947,115,577,1413693
2026-05-19 20:17:14,esterno,3356,14388,-3724,502,-260,-474,756260
2026-05-19 20:17:14,lombar,15828,3048,-100,-1581,-118,965,1413715
2026-05-19 20:17:14,esterno,3276,14316,-4088,580,-355,-716,756282
2026-05-19 20:17:14,lombar,15632,2428,-732,-2563,320,1391,1413737
2026-05-19 20:17:14,esterno,3300,14852,-3664,272,-806,-1120,756304
2026-05-19 20:17:14,lombar,15764,2060,-1524,-2379,534,1784,1413759
2026-05-19 20:17:14,esterno,3388,15788,-3244,-523,-1889,-932,756326
2026-05-19 20:17:14,lombar,16288,1952,-912,-2688,-32,2126,1413781
2026-05-19 20:17:14,esterno,3380,16440,-3652,-959,-2311,-661,756348
2026-05-19 20:17:14,lombar,18168,1560,-1108,-2936,-82,2229,1413803
2026-05-19 20:17:14,esterno,3488,17436,-4124,-1430,-1865,-710,756370
2026-05-19 20:17:14,lombar,18032,636,-764,-2532,-584,2380,1413825
2026-05-19 20:17:14,esterno,3284,17828,-4112,-1760,-1617,-1216,756392
2026-05-19 20:17:14,lombar,18316,204,-1168,-2178,98,2393,1413847
2026-05-19 20:17:14,esterno,2500,17928,-3796,-1511,-1847,-1927,756414
2026-05-19 20:17:14,lombar,17784,280,-724,-1487,-1045,2538,1413869
2026-05-19 20:17:14,esterno,1528,17404,-2996,-1386,-2079,-2243,756436
2026-05-19 20:17:14,lombar,17204,1200,-832,-1352,-834,2431,1413891
2026-05-19 20:17:14,esterno,1408,16464,-2944,-1243,-2188,-2142,756458
2026-05-19 20:17:14,lombar,16572,1560,-524,-1339,7,2021,1413913
2026-05-19 20:17:14,esterno,1884,15504,-3060,-1534,-1955,-2075,756480
2026-05-19 20:17:14,lombar,16504,1288,-176,-1600,-278,1791,1413935
2026-05-19 20:17:14,esterno,2128,14932,-3364,-2151,-1720,-2274,756502
2026-05-19 20:17:14,lombar,16548,964,208,-1934,-693,1823,1413957
2026-05-19 20:17:15,esterno,2324,14828,-3648,-2172,-1752,-2405,756524
2026-05-19 20:17:15,lombar,16488,772,704,-2282,-529,2053,1413979
2026-05-19 20:17:15,esterno,2020,14416,-4024,-1795,-1839,-2330,756546
2026-05-19 20:17:15,lombar,16372,404,636,-2783,113,2293,1414001
2026-05-19 20:17:15,esterno,1896,14304,-4308,-1461,-2114,-2270,756568
2026-05-19 20:17:15,lombar,16560,228,416,-3258,-294,2477,1414023
2026-05-19 20:17:15,esterno,1572,14148,-3916,-1062,-2155,-2129,756590
2026-05-19 20:17:15,lombar,16720,12,532,-2819,-601,2668,1414045
2026-05-19 20:17:15,esterno,1480,14420,-3696,-392,-2331,-2095,756612
2026-05-19 20:17:15,lombar,16772,-132,256,-2519,-255,2743,1414067
2026-05-19 20:17:15,esterno,1084,14840,-3668,151,-2180,-2439,756634
2026-05-19 20:17:15,lombar,16748,-32,768,-2361,15,2900,1414089
2026-05-19 20:17:15,esterno,1068,15088,-3692,87,-2079,-2523,756656
2026-05-19 20:17:15,lombar,16600,-152,224,-2568,207,3079,1414111
2026-05-19 20:17:15,esterno,832,14832,-3716,353,-1903,-2451,756678
2026-05-19 20:17:15,lombar,16396,-184,248,-2458,487,3057,1414133
2026-05-19 20:17:15,esterno,476,14704,-3792,1088,-1921,-2576,756700
2026-05-19 20:17:15,lombar,16260,-384,64,-2275,516,2794,1414155
2026-05-19 20:17:15,esterno,56,15048,-3780,1451,-1851,-2645,756722
2026-05-19 20:17:15,lombar,16424,-160,376,-2686,555,2781,1414177
2026-05-19 20:17:15,esterno,-192,15320,-3688,1335,-1644,-2583,756744
2026-05-19 20:17:15,lombar,16416,-40,-208,-3565,535,2865,1414199
2026-05-19 20:17:15,esterno,-292,15880,-3376,1050,-1533,-2332,756766
2026-05-19 20:17:15,lombar,16076,-580,-192,-4061,571,2698,1414221
2026-05-19 20:17:15,esterno,-252,16380,-3044,874,-1836,-2319,756788
2026-05-19 20:17:15,lombar,16284,-1424,-364,-4459,710,2183,1414243
2026-05-19 20:17:15,esterno,-484,16620,-3448,875,-1913,-1978,756810
2026-05-19 20:17:15,lombar,17000,-2212,-296,-4635,171,1956,1414265
2026-05-19 20:17:15,esterno,-1256,16892,-3972,351,-2074,-1820,756832
2026-05-19 20:17:15,lombar,17520,-2532,-468,-4092,-321,1885,1414287
2026-05-19 20:17:15,esterno,-2140,17300,-4024,-395,-2010,-1622,756854
2026-05-19 20:17:15,lombar,17616,-2040,-176,-3197,-134,1685,1414309
2026-05-19 20:17:15,esterno,-2108,17484,-3604,-602,-1959,-1385,756876
2026-05-19 20:17:15,lombar,17208,-1884,-372,-2959,-22,1516,1414331
2026-05-19 20:17:15,esterno,-1660,16876,-3612,4,-1651,-1176,756898
2026-05-19 20:17:15,lombar,16616,-2184,-444,-3308,57,1455,1414353
2026-05-19 20:17:15,esterno,-1176,16204,-3232,-51,-2027,-935,756920
2026-05-19 20:17:15,lombar,16528,-2792,-88,-3681,-88,1245,1414375
2026-05-19 20:17:15,esterno,-1496,15920,-2640,-1123,-2449,-880,756942
2026-05-19 20:17:15,lombar,16388,-3192,-40,-3260,-318,1129,1414397
2026-05-19 20:17:15,esterno,-1812,15560,-3448,-1585,-2018,-756,756964
2026-05-19 20:17:15,lombar,16272,-3492,-440,-2353,-124,941,1414419
2026-05-19 20:17:15,esterno,-1696,14760,-3768,-1148,-1453,-743,756986
2026-05-19 20:17:15,lombar,16296,-3592,-80,-1353,-248,748,1414441
2026-05-19 20:17:15,lombar,16184,-3172,148,-464,-350,698,1414463
2026-05-19 20:17:15,lombar,15952,-2800,-164,154,-125,150,1414485
2026-05-19 20:17:15,esterno,-1048,14740,-3956,-599,-678,-473,757008
2026-05-19 20:17:15,esterno,-728,14984,-3816,-706,-40,-44,757030
2026-05-19 20:17:15,esterno,-748,14940,-3592,-798,344,395,757052
2026-05-19 20:17:15,lombar,15920,-2700,136,972,-136,-630,1414507
2026-05-19 20:17:15,esterno,-1104,14556,-3712,-128,959,634,757074
2026-05-19 20:17:15,lombar,16200,-2528,92,1498,-289,-1192,1414529
2026-05-19 20:17:15,esterno,-1548,14764,-3828,338,1525,959,757096
2026-05-19 20:17:15,lombar,16396,-2644,76,1525,-296,-1511,1414551
2026-05-19 20:17:15,esterno,-1768,15500,-3428,-10,1876,1314,757118
2026-05-19 20:17:15,lombar,18108,-2124,420,1553,-243,-1665,1414573
2026-05-19 20:17:15,esterno,-1580,16628,-3928,-389,2129,1911,757140
2026-05-19 20:17:15,lombar,17864,-1420,76,1853,-213,-1502,1414595
2026-05-19 20:17:15,esterno,-1516,16768,-3576,170,2078,2263,757162
2026-05-19 20:17:15,lombar,18028,-560,232,1663,199,-1551,1414617
2026-05-19 20:17:15,esterno,-868,16944,-3560,897,1827,2228,757184
2026-05-19 20:17:15,lombar,17176,-440,-420,1332,739,-1840,1414639
2026-05-19 20:17:15,esterno,-168,16908,-3196,868,1544,2423,757206
2026-05-19 20:17:15,lombar,15992,-1344,-868,1271,1324,-2384,1414661
2026-05-19 20:17:15,esterno,240,16160,-3064,846,1452,2767,757228
2026-05-19 20:17:15,lombar,16712,-2576,396,2510,-614,-2375,1414683
2026-05-19 20:17:15,esterno,460,16128,-3336,237,1413,2982,757250
2026-05-19 20:17:15,lombar,16844,-2060,-376,2821,-1598,-1289,1414705
2026-05-19 20:17:15,esterno,276,15948,-3640,-640,1363,3294,757272
2026-05-19 20:17:15,lombar,16412,-832,-4,2707,-1412,-656,1414727
2026-05-19 20:17:15,esterno,124,15664,-3664,-913,1095,3331,757294
2026-05-19 20:17:15,lombar,16428,-284,324,3247,-1283,-908,1414749
2026-05-19 20:17:15,esterno,340,15176,-3924,-623,1068,3275,757316
2026-05-19 20:17:15,lombar,16584,292,324,3490,-882,-1422,1414771
2026-05-19 20:17:15,esterno,440,15228,-4192,2,1095,2982,757338
2026-05-19 20:17:15,lombar,16648,424,476,3440,-317,-1716,1414793
2026-05-19 20:17:15,esterno,920,15300,-4068,551,1258,2812,757360
2026-05-19 20:17:15,lombar,16564,140,428,3608,-246,-2022,1414815
2026-05-19 20:17:15,esterno,1188,15408,-3620,695,1425,2594,757382
2026-05-19 20:17:15,lombar,17012,-212,732,3516,-313,-1906,1414837
2026-05-19 20:17:15,esterno,1160,15344,-4100,673,1720,2557,757404
2026-05-19 20:17:15,lombar,16884,112,952,2733,-653,-1465,1414859
2026-05-19 20:17:15,esterno,1252,15092,-4036,1010,1743,2549,757426
2026-05-19 20:17:15,lombar,16644,208,656,2456,-563,-1645,1414881
2026-05-19 20:17:15,esterno,1352,15164,-3796,1229,1838,2486,757448
2026-05-19 20:17:15,lombar,16736,96,608,2491,36,-2230,1414903
2026-05-19 20:17:15,esterno,1668,15280,-3744,1206,1943,2552,757470
2026-05-19 20:17:15,lombar,17364,4,176,2364,940,-2634,1414925
2026-05-19 20:17:15,esterno,1496,15072,-4540,1462,2286,2437,757492
2026-05-19 20:17:15,lombar,17500,-308,1036,2485,566,-2956,1414947
2026-05-19 20:17:15,esterno,1488,15476,-4356,1814,2536,2155,757514
2026-05-19 20:17:16,lombar,17088,88,144,3707,373,-3024,1414969
2026-05-19 20:17:16,esterno,1296,15492,-3924,2073,2038,1991,757536
2026-05-19 20:17:16,lombar,16220,360,240,4567,1055,-3036,1414991
2026-05-19 20:17:16,esterno,1644,15088,-4844,2090,1847,2093,757558
2026-05-19 20:17:16,lombar,16232,912,-336,5292,872,-3244,1415013
2026-05-19 20:17:16,esterno,2272,14544,-5172,2044,2514,2214,757580
2026-05-19 20:17:16,lombar,15916,1456,-176,5852,1013,-3032,1415035
2026-05-19 20:17:16,esterno,3596,14404,-5168,1627,2562,2022,757602
2026-05-19 20:17:16,lombar,15928,2032,172,5611,657,-2403,1415057
2026-05-19 20:17:16,esterno,4732,14820,-4256,1817,2735,2002,757624
2026-05-19 20:17:16,lombar,16016,2912,-40,4948,-463,-1958,1415079
2026-05-19 20:17:16,esterno,5320,15512,-4112,2054,2078,2237,757646
2026-05-19 20:17:16,lombar,16416,3172,-140,4161,240,-1702,1415101
2026-05-19 20:17:16,esterno,4944,15748,-4448,1312,2049,2318,757668
2026-05-19 20:17:16,lombar,16600,3268,124,3167,1048,-1291,1415123
2026-05-19 20:17:16,esterno,4448,15580,-4936,288,2477,1984,757690
2026-05-19 20:17:16,lombar,16676,3328,-20,2747,344,-908,1415145
2026-05-19 20:17:16,esterno,3920,15576,-4780,100,2313,1568,757712
2026-05-19 20:17:16,lombar,16660,3324,-168,2613,101,-595,1415167
2026-05-19 20:17:16,esterno,3964,15356,-4648,253,1919,1178,757734
2026-05-19 20:17:16,lombar,16588,3320,-180,2360,295,-377,1415189
2026-05-19 20:17:16,esterno,3904,15408,-4744,-295,1768,820,757756
2026-05-19 20:17:16,lombar,16764,3200,-12,1797,136,-359,1415211
2026-05-19 20:17:16,esterno,4088,15488,-4392,-694,1737,680,757778
2026-05-19 20:17:16,lombar,16712,3080,-272,1352,-216,-271,1415233
2026-05-19 20:17:16,esterno,4260,15752,-4224,-442,1627,493,757800
2026-05-19 20:17:16,lombar,16256,3376,-252,1104,-334,66,1415255
2026-05-19 20:17:16,esterno,4204,15444,-3692,53,913,213,757822
2026-05-19 20:17:16,lombar,16168,3952,-96,623,-550,209,1415277
2026-05-19 20:17:16,esterno,4116,14944,-3772,113,808,-98,757844
2026-05-19 20:17:16,lombar,16108,3792,-8,147,-508,311,1415299
2026-05-19 20:17:16,esterno,4112,14508,-3976,-389,276,-119,757866
2026-05-19 20:17:16,lombar,16004,3060,-356,68,-20,519,1415321
2026-05-19 20:17:16,esterno,4396,14408,-4344,-768,-144,-183,757888
2026-05-19 20:17:16,lombar,15908,3028,-260,147,83,1030,1415343
2026-05-19 20:17:16,esterno,4676,14332,-4316,-838,-261,-461,757910
2026-05-19 20:17:16,lombar,16036,3224,556,-14,-808,1470,1415365
2026-05-19 20:17:16,esterno,4552,14420,-4588,-655,-724,-610,757932
2026-05-19 20:17:16,lombar,16080,3480,120,-210,-607,1764,1415387
2026-05-19 20:17:16,esterno,4464,14636,-4664,-437,-1089,-952,757954
2026-05-19 20:17:16,lombar,16292,3356,0,-1061,-307,2044,1415409
2026-05-19 20:17:16,esterno,4272,15132,-4796,-839,-1466,-1245,757976
2026-05-19 20:17:16,lombar,16904,3036,564,-2235,-1521,2350,1415431
2026-05-19 20:17:16,esterno,3904,15688,-4932,-1333,-1728,-1616,757998
2026-05-19 20:17:16,lombar,16244,2908,-568,-2859,-1360,2622,1415453
2026-05-19 20:17:16,esterno,3316,15560,-4024,-1363,-1992,-2202,758020
2026-05-19 20:17:16,lombar,16476,2532,-144,-2851,-881,2836,1415475
2026-05-19 20:17:16,esterno,2904,15496,-3872,-1370,-2343,-2732,758042
2026-05-19 20:17:16,lombar,17584,2000,-112,-3582,-941,2891,1415497
2026-05-19 20:17:16,esterno,3136,15952,-4580,-1943,-2349,-2942,758064
2026-05-19 20:17:16,lombar,17576,900,-404,-3759,-598,3026,1415519
2026-05-19 20:17:16,esterno,3092,15888,-4244,-2568,-2182,-3175,758086
2026-05-19 20:17:16,lombar,16844,204,-524,-3328,-471,3506,1415541
2026-05-19 20:17:16,esterno,2600,15644,-3572,-1746,-1914,-3840,758108
2026-05-19 20:17:16,lombar,16640,1052,344,-2864,-991,3867,1415563
2026-05-19 20:17:16,esterno,2000,15756,-2936,-1063,-2085,-4516,758130
2026-05-19 20:17:16,lombar,16568,1928,-220,-2845,-1092,3522,1415585
2026-05-19 20:17:16,esterno,1864,15448,-3560,-1742,-2447,-4410,758152
2026-05-19 20:17:16,lombar,16668,1656,48,-2855,-460,3166,1415607
2026-05-19 20:17:16,esterno,1804,15052,-4564,-2123,-2254,-4062,758174
2026-05-19 20:17:16,esterno,2200,14924,-3924,-1411,-2303,-3914,758196
2026-05-19 20:17:16,lombar,16840,884,628,-3681,-1312,3388,1415629
2026-05-19 20:17:16,lombar,16852,100,-404,-4440,-1731,3770,1415651
2026-05-19 20:17:16,esterno,2288,15756,-3948,-875,-2271,-4016,758218
2026-05-19 20:17:16,lombar,17088,-104,308,-4195,-936,3731,1415673
2026-05-19 20:17:16,esterno,1496,15968,-3864,-1110,-2151,-4265,758240
2026-05-19 20:17:16,lombar,17192,-300,-204,-4301,-812,3896,1415695
2026-05-19 20:17:16,esterno,952,15768,-3812,-1320,-2015,-4408,758262
2026-05-19 20:17:16,lombar,16852,-548,704,-3932,-691,3903,1415717
2026-05-19 20:17:16,esterno,428,14976,-3732,-478,-1934,-4414,758284
2026-05-19 20:17:16,lombar,16988,-1184,-260,-3438,-441,4068,1415739
2026-05-19 20:17:16,esterno,656,14852,-3868,352,-1402,-4531,758306
2026-05-19 20:17:16,lombar,16788,-1592,152,-2877,171,3976,1415761
2026-05-19 20:17:16,esterno,928,15096,-3568,195,-507,-4321,758328
2026-05-19 20:17:16,lombar,16928,-1752,720,-2690,378,3922,1415783
2026-05-19 20:17:16,esterno,1192,15300,-4108,785,197,-3777,758350
2026-05-19 20:17:16,lombar,16868,-1536,520,-2420,658,3775,1415805
2026-05-19 20:17:16,esterno,900,15024,-4744,1830,783,-3327,758372
2026-05-19 20:17:16,lombar,16172,-1720,344,-1725,1293,3269,1415827
2026-05-19 20:17:16,esterno,-720,14328,-4796,2303,1280,-3324,758394
2026-05-19 20:17:16,lombar,16464,-2376,308,-923,1512,2994,1415849
2026-05-19 20:17:16,esterno,-2544,14464,-4744,2472,1076,-3606,758416
2026-05-19 20:17:16,lombar,16400,-2432,528,-210,1464,2693,1415871
2026-05-19 20:17:16,esterno,-3376,15052,-4748,2518,1188,-3468,758438
2026-05-19 20:17:16,lombar,16140,-2448,104,456,1584,2129,1415893
2026-05-19 20:17:16,esterno,-3232,15668,-4144,1457,1407,-2948,758460
2026-05-19 20:17:16,lombar,16756,-2676,836,546,1048,1723,1415915
2026-05-19 20:17:16,esterno,-2336,15956,-4536,623,1355,-2239,758482
2026-05-19 20:17:16,lombar,16704,-2688,632,920,967,1330,1415937
2026-05-19 20:17:16,esterno,-1756,15736,-4824,1043,1505,-2035,758504
2026-05-19 20:17:16,lombar,16720,-2504,156,1527,1268,964,1415959
2026-05-19 20:17:17,esterno,-1860,15968,-4808,1652,1622,-1831,758526
2026-05-19 20:17:17,lombar,16596,-2356,260,1819,1088,533,1415981
2026-05-19 20:17:17,esterno,-2452,16360,-4848,1480,1698,-1421,758548
2026-05-19 20:17:17,lombar,16492,-2560,440,1604,774,522,1416003
2026-05-19 20:17:17,esterno,-2328,16532,-4324,1092,1790,-835,758570
2026-05-19 20:17:17,lombar,16628,-2788,344,1162,425,353,1416025
2026-05-19 20:17:17,esterno,-2256,16196,-4432,1178,1512,-68,758592
2026-05-19 20:17:17,lombar,17172,-2408,328,1171,220,308,1416047
2026-05-19 20:17:17,esterno,-2392,16268,-4912,829,1728,297,758614
2026-05-19 20:17:17,lombar,16548,-2340,-24,1271,514,17,1416069
2026-05-19 20:17:17,esterno,-2724,16544,-4364,374,1511,550,758636
2026-05-19 20:17:17,lombar,16800,-2772,112,1074,491,-222,1416091
2026-05-19 20:17:17,esterno,-2356,16300,-3888,566,1187,1086,758658
2026-05-19 20:17:17,lombar,16620,-2604,420,980,144,-264,1416113
2026-05-19 20:17:17,esterno,-2180,15880,-3968,474,992,1427,758680
2026-05-19 20:17:17,lombar,16368,-2216,324,764,80,-478,1416135
2026-05-19 20:17:17,esterno,-2540,15360,-4776,253,929,1592,758702
2026-05-19 20:17:17,lombar,16640,-2260,420,682,-151,-797,1416157
2026-05-19 20:17:17,esterno,-2496,15124,-4712,-24,1046,1874,758724
2026-05-19 20:17:17,lombar,16588,-2204,588,720,-109,-960,1416179
2026-05-19 20:17:17,esterno,-1932,15360,-4340,-598,501,2344,758746
2026-05-19 20:17:17,lombar,16364,-2180,484,494,-122,-991,1416201
2026-05-19 20:17:17,esterno,-1648,15092,-4548,-752,83,2492,758768
2026-05-19 20:17:17,lombar,15948,-2240,556,57,338,-1210,1416223
2026-05-19 20:17:17,esterno,-1608,14964,-4616,-125,526,2308,758790
2026-05-19 20:17:17,lombar,16056,-2376,828,-98,47,-1408,1416245
2026-05-19 20:17:17,esterno,-1348,15016,-4728,143,746,2263,758812
2026-05-19 20:17:17,lombar,16068,-2176,700,-211,229,-1738,1416267
2026-05-19 20:17:17,esterno,-1556,15120,-4608,-229,874,2539,758834
2026-05-19 20:17:17,lombar,16296,-1988,1136,-753,496,-1907,1416289
2026-05-19 20:17:17,esterno,-1696,15624,-4728,-937,702,2853,758856
2026-05-19 20:17:17,lombar,16612,-2144,900,-379,-872,-1814,1416311
2026-05-19 20:17:17,esterno,-1576,15620,-4640,-906,463,2933,758878
2026-05-19 20:17:17,lombar,16532,-1980,664,561,-612,-2379,1416333
2026-05-19 20:17:17,esterno,-1152,15512,-5044,-564,468,2918,758900
2026-05-19 20:17:17,lombar,17236,-1428,744,1810,-18,-3207,1416355
2026-05-19 20:17:17,esterno,-820,15736,-5172,-970,730,3193,758922
2026-05-19 20:17:17,lombar,17792,-256,1120,2376,-541,-3382,1416377
2026-05-19 20:17:17,esterno,-424,16020,-4624,-1264,680,3546,758944
2026-05-19 20:17:17,lombar,16884,236,1452,1590,-525,-3374,1416399
2026-05-19 20:17:17,esterno,564,16384,-3852,-1161,479,4116,758966
2026-05-19 20:17:17,lombar,16892,-380,852,1582,-1168,-3178,1416421
2026-05-19 20:17:17,esterno,900,15464,-4504,-953,269,4573,758988
2026-05-19 20:17:17,lombar,16360,-1184,224,767,-736,-2945,1416443
2026-05-19 20:17:17,esterno,1148,15088,-4980,-578,-300,4337,759010
2026-05-19 20:17:17,lombar,17076,-812,1188,1150,-578,-2263,1416465
2026-05-19 20:17:17,esterno,1644,15352,-4500,-543,-340,4029,759032
2026-05-19 20:17:17,lombar,17164,208,896,1796,-842,-1652,1416487
2026-05-19 20:17:17,esterno,1508,15540,-3916,-549,108,3418,759054
2026-05-19 20:17:17,lombar,16856,888,940,2066,-1195,-1378,1416509
2026-05-19 20:17:17,esterno,1024,15576,-4952,-1166,128,2811,759076
2026-05-19 20:17:17,lombar,16504,1084,572,1786,-288,-1552,1416531
2026-05-19 20:17:17,esterno,1008,14924,-5220,-1371,94,2394,759098
2026-05-19 20:17:17,lombar,16908,852,912,1508,50,-1332,1416553
2026-05-19 20:17:17,esterno,1528,14904,-5176,-863,-634,2209,759120
2026-05-19 20:17:17,lombar,17224,920,1448,1025,-943,-747,1416575
2026-05-19 20:17:17,esterno,2104,15136,-4528,-399,-1077,2104,759142
2026-05-19 20:17:17,lombar,16932,1436,1740,406,-1096,-253,1416597
2026-05-19 20:17:17,esterno,2324,15064,-4200,-516,-1312,1713,759164
2026-05-19 20:17:17,lombar,16644,1596,1172,-76,-471,-231,1416619
2026-05-19 20:17:17,esterno,2100,14972,-4420,-634,-1420,1199,759186
2026-05-19 20:17:17,lombar,16436,1552,1104,-1016,-16,-178,1416641
2026-05-19 20:17:17,esterno,1804,14900,-4696,-655,-1716,771,759208
2026-05-19 20:17:17,lombar,16724,1340,856,-1706,315,173,1416663
2026-05-19 20:17:17,esterno,2016,14996,-4756,-817,-1973,425,759230
2026-05-19 20:17:17,lombar,16712,948,904,-1966,-147,614,1416685
2026-05-19 20:17:17,esterno,2004,15200,-4608,-1040,-2284,-148,759252
2026-05-19 20:17:17,lombar,16732,1116,1188,-2380,-781,994,1416707
2026-05-19 20:17:17,esterno,1960,15388,-4232,-1205,-2391,-549,759274
2026-05-19 20:17:17,lombar,16576,868,864,-2780,-1025,1225,1416729
2026-05-19 20:17:17,esterno,1972,15368,-4280,-1168,-2430,-676,759296
2026-05-19 20:17:17,lombar,16592,644,672,-2862,-382,1165,1416751
2026-05-19 20:17:17,esterno,2008,15320,-4472,-750,-2143,-789,759318
2026-05-19 20:17:17,lombar,16808,172,644,-2692,-325,1342,1416773
2026-05-19 20:17:17,esterno,2176,15400,-4172,-873,-2443,-854,759340
2026-05-19 20:17:17,lombar,16596,20,628,-2491,-444,1492,1416795
2026-05-19 20:17:17,esterno,1784,15540,-4204,-881,-2877,-886,759362
2026-05-19 20:17:17,lombar,16740,104,616,-2025,-626,1568,1416817
2026-05-19 20:17:17,esterno,1672,15412,-4392,-552,-2234,-966,759384
2026-05-19 20:17:17,lombar,16692,564,660,-1821,-516,1546,1416839
2026-05-19 20:17:17,esterno,1616,15412,-4276,-371,-2003,-966,759406
2026-05-19 20:17:17,lombar,16484,904,968,-1865,-510,1653,1416861
2026-05-19 20:17:17,esterno,1828,15464,-4304,-362,-1865,-884,759428
2026-05-19 20:17:17,lombar,16552,636,920,-1931,-301,1289,1416883
2026-05-19 20:17:17,esterno,1628,15564,-4180,-461,-1949,-695,759450
2026-05-19 20:17:17,lombar,16756,440,1000,-2277,-299,1209,1416905
2026-05-19 20:17:17,esterno,1216,15660,-4620,-892,-2069,-681,759472
2026-05-19 20:17:17,lombar,16772,264,996,-2261,-389,1246,1416927
2026-05-19 20:17:17,esterno,1216,15332,-4728,-631,-2054,-763,759494
2026-05-19 20:17:17,lombar,16388,220,960,-2054,-314,1142,1416949
2026-05-19 20:17:17,esterno,1400,15088,-4484,-373,-1913,-597,759516
2026-05-19 20:17:18,lombar,16328,240,1112,-1781,-356,897,1416971
2026-05-19 20:17:18,esterno,1220,15048,-4376,-188,-1769,-451,759538
2026-05-19 20:17:18,lombar,16548,-20,1120,-1520,-222,838,1416993
2026-05-19 20:17:18,esterno,1256,15296,-4532,-247,-1584,-406,759560
2026-05-19 20:17:18,lombar,16508,-348,1016,-1403,-114,909,1417015
2026-05-19 20:17:18,esterno,1260,15220,-4468,-423,-1348,-477,759582
2026-05-19 20:17:18,lombar,16460,-168,964,-1386,-361,1094,1417037
2026-05-19 20:17:18,esterno,1416,15260,-4472,-405,-1194,-464,759604
2026-05-19 20:17:18,lombar,16368,-20,1064,-891,-235,924,1417059
2026-05-19 20:17:18,esterno,1488,15224,-4404,-363,-1088,-294,759626
2026-05-19 20:17:18,lombar,16416,56,1076,-658,-320,1164,1417081
2026-05-19 20:17:18,esterno,1692,15328,-4280,-373,-770,-279,759648
2026-05-19 20:17:18,lombar,16680,-356,840,-732,-361,1397,1417103
2026-05-19 20:17:18,esterno,1440,15204,-4288,-621,-698,-317,759670
2026-05-19 20:17:18,lombar,16816,-220,724,-514,-235,1497,1417125
2026-05-19 20:17:18,esterno,1444,15252,-4488,-274,-780,-576,759692
2026-05-19 20:17:18,lombar,16904,80,1004,-646,-337,1532,1417147
2026-05-19 20:17:18,esterno,1180,15676,-4264,-65,-717,-638,759714
2026-05-19 20:17:18,lombar,16900,508,872,-616,-305,1458,1417169
2026-05-19 20:17:18,esterno,1060,16216,-4272,-640,-478,-527,759736
2026-05-19 20:17:18,lombar,16972,540,720,-761,-456,1217,1417191
2026-05-19 20:17:18,esterno,1176,16144,-4516,-984,-303,-287,759758
2026-05-19 20:17:18,lombar,16936,88,916,-637,-656,873,1417213
2026-05-19 20:17:18,esterno,944,16032,-4644,-732,-484,-337,759780
2026-05-19 20:17:18,lombar,17244,-252,904,-263,-788,593,1417235
2026-05-19 20:17:18,esterno,1020,15804,-4292,-328,-473,-237,759802
2026-05-19 20:17:18,lombar,17172,-264,844,-18,-837,459,1417257
2026-05-19 20:17:18,esterno,1336,15808,-4080,-162,-454,136,759824
2026-05-19 20:17:18,esterno,1484,15712,-4212,-273,-36,226,759846
2026-05-19 20:17:18,esterno,1720,15580,-4204,-45,133,257,759868
2026-05-19 20:17:18,esterno,1428,15296,-4528,643,477,355,759890
2026-05-19 20:17:18,lombar,17200,-152,920,385,-858,291,1417279
2026-05-19 20:17:18,lombar,17260,-108,940,924,-699,46,1417301
2026-05-19 20:17:18,lombar,17188,-312,700,932,-260,-99,1417323
2026-05-19 20:17:18,lombar,16900,-620,88,984,18,-107,1417345
2026-05-19 20:17:18,esterno,1232,15556,-4544,751,1122,306,759912
2026-05-19 20:17:18,lombar,16960,-484,300,992,-112,-192,1417367
2026-05-19 20:17:18,esterno,1352,16240,-3836,345,695,352,759934
2026-05-19 20:17:18,lombar,17092,-260,736,1142,-617,-71,1417389
2026-05-19 20:17:18,esterno,1368,16280,-3964,188,641,455,759956
2026-05-19 20:17:18,lombar,17024,192,732,1049,15,-55,1417411
2026-05-19 20:17:18,esterno,1020,15860,-4008,148,1234,244,759978
2026-05-19 20:17:18,lombar,16904,356,524,825,488,-249,1417433
2026-05-19 20:17:18,esterno,980,15512,-4516,110,1193,259,760000
2026-05-19 20:17:18,lombar,17000,196,700,906,344,-515,1417455
2026-05-19 20:17:18,esterno,1140,15768,-4328,574,1207,529,760022
2026-05-19 20:17:18,lombar,17156,-168,944,1140,280,-673,1417477
2026-05-19 20:17:18,esterno,1232,16392,-4028,759,1111,799,760044
2026-05-19 20:17:18,lombar,17028,52,616,1667,645,-785,1417499
2026-05-19 20:17:18,esterno,1404,16352,-4476,454,1408,927,760066
2026-05-19 20:17:18,lombar,16540,432,724,1836,529,-851,1417521
2026-05-19 20:17:18,esterno,1672,15756,-4576,532,1544,889,760088
2026-05-19 20:17:18,lombar,16020,1148,824,1558,175,-744,1417543
2026-05-19 20:17:18,esterno,1764,15408,-4112,693,1397,997,760110
2026-05-19 20:17:18,lombar,15776,1272,736,1247,143,-741,1417565
2026-05-19 20:17:18,esterno,1964,15156,-4112,662,1046,1176,760132
2026-05-19 20:17:18,lombar,16036,1372,1068,1181,-122,-699,1417587
2026-05-19 20:17:18,esterno,2112,15064,-4876,-29,1032,1410,760154
2026-05-19 20:17:18,lombar,16328,1232,964,960,-126,-565,1417609
2026-05-19 20:17:18,esterno,2024,15132,-4792,-822,936,1412,760176
2026-05-19 20:17:18,lombar,16948,1052,1380,745,-436,-339,1417631
2026-05-19 20:17:18,esterno,2112,15668,-5108,-903,723,1238,760198
2026-05-19 20:17:18,lombar,17036,900,1260,648,-644,-82,1417653
2026-05-19 20:17:18,esterno,2460,16036,-5064,-642,441,1095,760220
2026-05-19 20:17:18,lombar,16924,1048,1100,626,-826,194,1417675
2026-05-19 20:17:18,esterno,2400,15852,-4600,-496,497,691,760242
2026-05-19 20:17:18,lombar,16656,916,992,680,-886,263,1417697
2026-05-19 20:17:18,esterno,2148,15880,-4236,-858,366,265,760264
2026-05-19 20:17:18,lombar,16672,1136,588,160,-886,397,1417719
2026-05-19 20:17:18,esterno,2212,15804,-4168,-1315,235,41,760286
2026-05-19 20:17:18,lombar,16532,924,688,211,-1288,533,1417741
2026-05-19 20:17:18,esterno,2132,15600,-4188,-1364,55,2,760308
2026-05-19 20:17:18,lombar,16328,1356,572,395,-1159,537,1417763
2026-05-19 20:17:18,esterno,2092,15148,-4040,-1283,-190,11,760330
2026-05-19 20:17:18,lombar,16512,1640,1144,364,-1090,704,1417785
2026-05-19 20:17:18,esterno,2152,14916,-4180,-1329,-379,-90,760352
2026-05-19 20:17:18,lombar,16300,1384,760,149,-1031,889,1417807
2026-05-19 20:17:18,esterno,2416,14840,-4076,-1687,-504,-329,760374
2026-05-19 20:17:18,lombar,16664,1444,964,-480,-1022,1202,1417829
2026-05-19 20:17:18,esterno,2660,14964,-4188,-1899,-560,-633,760396
2026-05-19 20:17:18,lombar,16480,1032,656,-661,-868,1373,1417851
2026-05-19 20:17:18,esterno,2728,15068,-4096,-1766,-734,-725,760418
2026-05-19 20:17:18,lombar,16904,892,1236,-1145,-947,1499,1417873
2026-05-19 20:17:18,esterno,2656,15560,-4092,-1607,-765,-607,760440
2026-05-19 20:17:18,lombar,17644,452,992,-1299,-1050,1746,1417895
2026-05-19 20:17:18,esterno,2204,16104,-4492,-1348,-663,-659,760462
2026-05-19 20:17:18,lombar,17764,-276,732,-1431,-1276,1763,1417917
2026-05-19 20:17:18,esterno,1360,16192,-4368,-1122,-471,-1085,760484
2026-05-19 20:17:18,lombar,17888,-740,808,-1005,-810,1607,1417939
2026-05-19 20:17:18,esterno,828,16224,-3572,-831,-522,-1491,760506
2026-05-19 20:17:18,lombar,18028,-1208,1184,-523,-745,1536,1417961
2026-05-19 20:17:19,esterno,728,16168,-3644,-619,-614,-1495,760528
2026-05-19 20:17:19,lombar,17092,-1040,732,68,-68,1635,1417983
2026-05-19 20:17:19,esterno,896,15296,-4228,-135,-134,-1594,760550
2026-05-19 20:17:19,lombar,16344,-268,668,724,600,1325,1418005
2026-05-19 20:17:19,esterno,832,14752,-4096,162,212,-1710,760572
2026-05-19 20:17:19,lombar,16008,832,640,1083,601,681,1418027
2026-05-19 20:17:19,esterno,1260,14968,-4284,-71,814,-1611,760594
2026-05-19 20:17:19,lombar,16036,728,456,882,238,69,1418049
2026-05-19 20:17:19,esterno,1532,15380,-3496,-233,964,-922,760616
2026-05-19 20:17:19,lombar,16604,104,712,740,78,-241,1418071
2026-05-19 20:17:19,esterno,1744,15500,-3792,-268,1035,-436,760638
2026-05-19 20:17:19,lombar,16868,-500,1020,479,227,-126,1418093
2026-05-19 20:17:19,esterno,1784,15864,-3820,-645,1770,-852,760660
2026-05-19 20:17:19,lombar,16968,-688,612,458,215,134,1418115
2026-05-19 20:17:19,esterno,1720,15692,-4064,-292,2160,-723,760682
2026-05-19 20:17:19,lombar,16752,-852,972,886,267,246,1418137
2026-05-19 20:17:19,esterno,1072,15536,-3976,199,2339,-834,760704
2026-05-19 20:17:19,lombar,16592,-988,796,1586,340,310,1418159
2026-05-19 20:17:19,esterno,900,15320,-3768,472,2587,-586,760726
2026-05-19 20:17:19,lombar,16584,-760,588,2043,379,374,1418181
2026-05-19 20:17:19,esterno,248,15228,-3556,982,2235,10,760748
2026-05-19 20:17:19,lombar,16648,-700,960,2339,424,252,1418203
2026-05-19 20:17:19,esterno,456,15352,-3636,401,2649,-325,760770
2026-05-19 20:17:19,lombar,16712,-452,828,2459,215,188,1418225
2026-05-19 20:17:19,esterno,872,15316,-3516,88,2543,-195,760792
2026-05-19 20:17:19,lombar,16620,-112,980,2154,252,315,1418247
2026-05-19 20:17:19,esterno,828,15400,-3400,575,2466,-61,760814
2026-05-19 20:17:19,lombar,16620,128,836,1887,612,311,1418269
2026-05-19 20:17:19,esterno,432,15556,-3508,896,2090,-92,760836
2026-05-19 20:17:19,lombar,16760,228,536,1284,596,245,1418291
2026-05-19 20:17:19,esterno,388,15868,-3300,581,1641,-220,760858
2026-05-19 20:17:19,lombar,16652,0,908,766,62,325,1418313
2026-05-19 20:17:19,esterno,340,16028,-3172,508,1307,-166,760880
2026-05-19 20:17:19,lombar,16880,-320,628,681,-385,398,1418335
2026-05-19 20:17:19,esterno,448,15816,-3284,532,1096,-345,760902
2026-05-19 20:17:19,lombar,16536,-208,588,451,45,475,1418357
2026-05-19 20:17:19,esterno,432,15708,-3260,210,843,-929,760924
2026-05-19 20:17:19,lombar,16616,-148,584,370,103,496,1418379
2026-05-19 20:17:19,esterno,384,15440,-3444,282,581,-955,760946
2026-05-19 20:17:19,lombar,16600,-88,640,-32,-165,702,1418401
2026-05-19 20:17:19,esterno,436,15288,-3300,607,83,-881,760968
2026-05-19 20:17:19,lombar,16752,-64,332,-321,-124,1023,1418423
2026-05-19 20:17:19,esterno,332,15540,-3348,794,-423,-803,760990
2026-05-19 20:17:19,lombar,16888,-104,516,-643,-226,1108,1418445
2026-05-19 20:17:19,esterno,304,16008,-3112,593,-837,-1178,761012
2026-05-19 20:17:19,lombar,16784,-476,756,-580,-372,1287,1418467
2026-05-19 20:17:19,esterno,408,15880,-3136,596,-851,-1539,761034
2026-05-19 20:17:19,lombar,16812,-692,1004,-389,-150,1425,1418489
2026-05-19 20:17:19,esterno,516,15544,-3676,876,-658,-1412,761056
2026-05-19 20:17:19,lombar,16792,-952,520,-373,-51,1687,1418511
2026-05-19 20:17:19,esterno,892,15552,-3692,544,-811,-1329,761078
2026-05-19 20:17:19,lombar,16664,-856,648,-191,-206,1865,1418533
2026-05-19 20:17:19,esterno,980,15524,-3800,524,-1134,-953,761100
2026-05-19 20:17:19,lombar,16728,-748,800,-302,-601,2080,1418555
2026-05-19 20:17:19,esterno,8,15336,-4476,973,-886,-1116,761122
2026-05-19 20:17:19,lombar,16596,-768,856,-607,-763,2105,1418577
2026-05-19 20:17:19,esterno,-108,15476,-4216,992,-472,-1136,761144
2026-05-19 20:17:19,lombar,16844,-776,248,-846,-481,1970,1418599
2026-05-19 20:17:19,esterno,-548,15444,-4108,1407,-929,-583,761166
2026-05-19 20:17:19,lombar,16580,-828,524,-973,-177,1771,1418621
2026-05-19 20:17:19,esterno,-712,16164,-3816,1172,-894,-723,761188
2026-05-19 20:17:19,lombar,16852,-1164,308,-1286,-565,1710,1418643
2026-05-19 20:17:19,esterno,-720,16520,-3428,525,-1051,-661,761210
2026-05-19 20:17:19,lombar,16840,-1216,348,-1350,-488,1541,1418665
2026-05-19 20:17:19,esterno,-280,16220,-3820,308,-906,-518,761232
2026-05-19 20:17:19,lombar,16940,-1428,396,-1410,-349,1291,1418687
2026-05-19 20:17:19,esterno,-332,16088,-3880,303,-881,-430,761254
2026-05-19 20:17:19,lombar,16652,-1420,216,-1480,-375,1083,1418709
2026-05-19 20:17:19,esterno,-352,16064,-3988,208,-857,-472,761276
2026-05-19 20:17:19,lombar,16592,-1780,336,-1810,-386,1095,1418731
2026-05-19 20:17:19,esterno,-524,15948,-3684,147,-765,-609,761298
2026-05-19 20:17:19,lombar,16776,-1912,644,-2265,-622,1177,1418753
2026-05-19 20:17:19,esterno,-460,15740,-3456,119,-893,-573,761320
2026-05-19 20:17:19,lombar,16688,-1828,424,-2572,-581,1351,1418775
2026-05-19 20:17:19,esterno,-768,15684,-3860,-24,-1008,-517,761342
2026-05-19 20:17:19,lombar,16516,-2128,180,-2261,-395,1159,1418797
2026-05-19 20:17:19,esterno,-816,15552,-4256,-239,-1191,-264,761364
2026-05-19 20:17:19,lombar,16716,-2736,304,-1846,-724,1192,1418819
2026-05-19 20:17:19,esterno,-852,15508,-4344,-164,-1122,-212,761386
2026-05-19 20:17:19,lombar,16520,-2888,120,-1407,-588,1316,1418841
2026-05-19 20:17:19,esterno,-768,15676,-4200,-143,-891,-240,761408
2026-05-19 20:17:19,lombar,16644,-2856,276,-889,-913,1323,1418863
2026-05-19 20:17:19,esterno,-588,15652,-4224,-461,-681,-335,761430
2026-05-19 20:17:19,lombar,16468,-2816,52,-165,-993,1291,1418885
2026-05-19 20:17:19,esterno,-552,15988,-4220,-699,-136,-401,761452
2026-05-19 20:17:19,lombar,16244,-2904,-492,347,-925,1018,1418907
2026-05-19 20:17:19,esterno,-592,15860,-3792,-678,104,-234,761474
2026-05-19 20:17:19,lombar,16572,-2956,-16,913,-1234,831,1418929
2026-05-19 20:17:19,esterno,-652,15756,-3960,-789,491,-140,761496
2026-05-19 20:17:19,lombar,16356,-3192,-348,1478,-1422,562,1418951
2026-05-19 20:17:19,esterno,-636,15848,-3900,-1160,1135,-108,761518
2026-05-19 20:17:20,lombar,16392,-3120,-412,2071,-1487,298,1418973
2026-05-19 20:17:20,esterno,-388,15864,-3956,-1258,1718,124,761540
2026-05-19 20:17:20,lombar,16148,-3008,-400,2385,-1496,-27,1418995
2026-05-19 20:17:20,esterno,-416,15820,-3680,-1106,2334,314,761562
2026-05-19 20:17:20,lombar,16116,-2736,-136,2549,-1459,-419,1419017
2026-05-19 20:17:20,esterno,-608,15640,-3536,-1091,2800,429,761584
2026-05-19 20:17:20,lombar,15924,-2720,0,2545,-1465,-749,1419039
2026-05-19 20:17:20,esterno,-856,15184,-3840,-969,3279,383,761606
2026-05-19 20:17:20,lombar,16076,-2504,60,2599,-1535,-1138,1419061
2026-05-19 20:17:20,esterno,-1180,14868,-4084,-1093,4219,412,761628
2026-05-19 20:17:20,lombar,16480,-2008,636,2894,-1627,-1246,1419083
2026-05-19 20:17:20,esterno,-1408,15168,-3496,-1383,3576,546,761650
2026-05-19 20:17:20,lombar,16536,-1436,148,3251,-1052,-1443,1419105
2026-05-19 20:17:20,esterno,-1548,15172,-3984,-1093,3058,998,761672
2026-05-19 20:17:20,lombar,19328,-48,1892,3380,-517,-1465,1419127
2026-05-19 20:17:20,esterno,-1136,15960,-4804,-619,3152,1590,761694
2026-05-19 20:17:20,lombar,17904,972,724,2288,-855,-930,1419149
2026-05-19 20:17:20,esterno,-168,16412,-4296,-263,2521,1992,761716
2026-05-19 20:17:20,lombar,16588,828,328,-330,229,-865,1419171
2026-05-19 20:17:20,esterno,760,15736,-3516,605,1462,1627,761738
2026-05-19 20:17:20,lombar,16500,-924,-436,-1130,836,-1424,1419193
2026-05-19 20:17:20,esterno,776,15564,-3436,986,1119,950,761760
2026-05-19 20:17:20,lombar,17032,-1772,-116,-1037,-524,-1408,1419215
2026-05-19 20:17:20,esterno,76,16028,-3832,585,794,1200,761782
2026-05-19 20:17:20,lombar,17324,-2692,-396,-253,-675,-961,1419237
2026-05-19 20:17:20,esterno,-368,15796,-3628,83,382,1581,761804
2026-05-19 20:17:20,lombar,17352,-2400,136,1229,-650,-398,1419259
2026-05-19 20:17:20,esterno,316,15720,-3352,-79,335,1570,761826
2026-05-19 20:17:20,lombar,17056,-904,136,1799,-533,-27,1419281
2026-05-19 20:17:20,esterno,636,15544,-3904,483,362,1483,761848
2026-05-19 20:17:20,lombar,16560,192,100,1382,188,-349,1419303
2026-05-19 20:17:20,esterno,976,15432,-4300,757,268,1132,761870
2026-05-19 20:17:20,lombar,16260,88,344,1488,234,-1086,1419325
2026-05-19 20:17:20,esterno,824,15148,-4380,414,389,836,761892
2026-05-19 20:17:20,lombar,16540,-532,340,1761,-25,-1353,1419347
2026-05-19 20:17:20,esterno,1004,15068,-4316,278,473,793,761914
2026-05-19 20:17:20,lombar,16852,-860,452,1525,-153,-944,1419369
2026-05-19 20:17:20,esterno,1388,14924,-4508,555,86,828,761936
2026-05-19 20:17:20,lombar,16700,-604,452,1638,-201,-639,1419391
2026-05-19 20:17:20,esterno,1456,15048,-4268,497,449,828,761958
2026-05-19 20:17:20,lombar,16552,-180,64,1778,182,-688,1419413
2026-05-19 20:17:20,esterno,1428,15600,-4392,278,352,1041,761980
2026-05-19 20:17:20,lombar,16616,-352,4,1655,-143,-779,1419435
2026-05-19 20:17:20,esterno,1308,15784,-4640,420,369,1123,762002
2026-05-19 20:17:20,lombar,16764,-420,52,1941,-176,-798,1419457
2026-05-19 20:17:20,esterno,1572,15980,-4520,500,509,1065,762024
2026-05-19 20:17:20,lombar,16796,96,272,1960,-264,-778,1419479
2026-05-19 20:17:20,esterno,1704,15808,-4420,247,695,987,762046
2026-05-19 20:17:20,lombar,16712,192,68,1699,-549,-821,1419501
2026-05-19 20:17:20,esterno,1728,15624,-4444,157,825,1007,762068
2026-05-19 20:17:20,lombar,16720,108,48,1808,-388,-996,1419523
2026-05-19 20:17:20,esterno,1572,15632,-4556,161,1090,1094,762090
2026-05-19 20:17:20,lombar,16752,16,-148,1715,-533,-991,1419545
2026-05-19 20:17:20,esterno,1604,15620,-4620,81,1233,1104,762112
2026-05-19 20:17:20,lombar,16620,164,224,1513,-579,-856,1419567
2026-05-19 20:17:20,esterno,1836,15672,-4308,-15,1267,1098,762134
2026-05-19 20:17:20,lombar,16732,340,172,1342,-730,-779,1419589
2026-05-19 20:17:20,esterno,2072,15492,-4416,77,1333,1116,762156
2026-05-19 20:17:20,lombar,16780,460,-60,1368,-540,-765,1419611
2026-05-19 20:17:20,esterno,2024,15352,-4856,304,2124,808,762178
2026-05-19 20:17:20,lombar,16780,668,-60,1319,-374,-862,1419633
2026-05-19 20:17:20,esterno,1780,15844,-4032,-168,1601,619,762200
2026-05-19 20:17:20,lombar,16760,564,-72,1482,-672,-860,1419655
2026-05-19 20:17:20,esterno,1660,16000,-4364,-367,1081,843,762222
2026-05-19 20:17:20,lombar,16640,632,-172,1517,-847,-807,1419677
2026-05-19 20:17:20,esterno,2012,15684,-4360,-129,1380,985,762244
2026-05-19 20:17:20,lombar,16564,808,-320,1303,-841,-581,1419699
2026-05-19 20:17:20,esterno,2380,15532,-4344,-271,1454,805,762266
2026-05-19 20:17:20,lombar,16680,972,-272,1226,-1031,-518,1419721
2026-05-19 20:17:20,esterno,2580,15552,-4308,-365,1536,699,762288
2026-05-19 20:17:20,lombar,16680,880,-252,1046,-858,-521,1419743
2026-05-19 20:17:20,esterno,2348,15752,-4132,-436,1316,595,762310
2026-05-19 20:17:20,lombar,16600,756,-324,1111,-747,-414,1419765
2026-05-19 20:17:20,esterno,2184,15676,-4076,-676,1221,613,762332
2026-05-19 20:17:20,lombar,16664,812,-500,1073,-974,-311,1419787
2026-05-19 20:17:20,esterno,2220,15440,-3956,-598,1137,538,762354
2026-05-19 20:17:20,lombar,16668,972,-96,979,-963,-248,1419809
2026-05-19 20:17:20,esterno,2312,15320,-4084,-485,1014,550,762376
2026-05-19 20:17:20,lombar,16596,892,24,722,-930,-132,1419831
2026-05-19 20:17:20,lombar,16520,880,-304,551,-829,-114,1419853
2026-05-19 20:17:20,esterno,2440,15308,-4024,-511,915,419,762398
2026-05-19 20:17:20,esterno,2432,15224,-3932,-609,985,315,762420
2026-05-19 20:17:20,lombar,16704,948,-160,636,-592,-121,1419875
2026-05-19 20:17:20,esterno,2160,15160,-4060,-577,891,180,762442
2026-05-19 20:17:20,lombar,16668,1032,-68,461,-595,13,1419897
2026-05-19 20:17:20,esterno,2120,15444,-4452,-429,843,133,762464
2026-05-19 20:17:20,lombar,16944,1008,-100,338,-607,200,1419919
2026-05-19 20:17:20,esterno,2604,15424,-4352,-383,701,161,762486
2026-05-19 20:17:20,lombar,16688,804,-332,97,-629,273,1419941
2026-05-19 20:17:20,esterno,2484,15636,-3864,-222,704,-85,762508
2026-05-19 20:17:20,lombar,16816,856,-176,-73,-600,322,1419963
2026-05-19 20:17:21,esterno,2336,15680,-3856,-190,365,-168,762530
2026-05-19 20:17:21,lombar,16888,808,-400,-59,-565,429,1419985
2026-05-19 20:17:21,esterno,2220,15472,-4112,-243,207,-79,762552
2026-05-19 20:17:21,lombar,16888,864,-120,-14,-511,466,1420007
2026-05-19 20:17:21,esterno,2228,15668,-4156,-336,170,-93,762574
2026-05-19 20:17:21,lombar,16780,764,-484,65,-397,522,1420029
2026-05-19 20:17:21,esterno,2340,15584,-4184,-288,139,-102,762596
2026-05-19 20:17:21,lombar,16796,784,-416,93,-336,397,1420051
2026-05-19 20:17:21,esterno,2264,15468,-4056,-155,235,-220,762618
2026-05-19 20:17:21,lombar,16584,724,-512,12,-313,356,1420073
2026-05-19 20:17:21,esterno,2292,15528,-4296,-23,315,-222,762640
2026-05-19 20:17:21,lombar,16764,636,-600,89,-376,310,1420095
2026-05-19 20:17:21,esterno,2140,15756,-3816,24,288,-213,762662
2026-05-19 20:17:21,lombar,16664,728,-424,213,-387,284,1420117
2026-05-19 20:17:21,esterno,2160,15684,-3768,0,230,-3,762684
2026-05-19 20:17:21,lombar,16684,700,-504,174,-433,235,1420139
2026-05-19 20:17:21,esterno,2060,15460,-3924,239,132,126,762706
2026-05-19 20:17:21,lombar,16488,788,-472,200,-234,159,1420161
2026-05-19 20:17:21,esterno,2084,15296,-4736,369,833,104,762728
2026-05-19 20:17:21,lombar,16772,672,-408,87,-289,106,1420183
2026-05-19 20:17:21,esterno,2216,15636,-3552,-49,127,36,762750
2026-05-19 20:17:21,lombar,16668,696,-292,84,-505,98,1420205
2026-05-19 20:17:21,esterno,2384,15584,-4396,-108,-448,293,762772
2026-05-19 20:17:21,lombar,16596,588,-692,274,-350,115,1420227
2026-05-19 20:17:21,esterno,2188,15508,-4456,228,445,339,762794
2026-05-19 20:17:21,lombar,16824,876,-628,201,-344,166,1420249
2026-05-19 20:17:21,esterno,2180,15580,-4144,205,431,210,762816
2026-05-19 20:17:21,lombar,16800,712,-280,30,-447,220,1420271
2026-05-19 20:17:21,esterno,2464,15560,-4136,333,280,207,762838
2026-05-19 20:17:21,lombar,16668,800,-628,-77,-282,336,1420293
2026-05-19 20:17:21,esterno,2168,15672,-3924,54,430,87,762860
2026-05-19 20:17:21,lombar,16796,656,-408,-22,-337,168,1420315
2026-05-19 20:17:21,esterno,2196,15592,-4080,-300,225,85,762882
2026-05-19 20:17:21,lombar,16828,624,-516,-31,-265,298,1420337
2026-05-19 20:17:21,esterno,2176,15552,-4616,-185,231,92,762904
2026-05-19 20:17:21,lombar,16672,592,-548,39,-333,336,1420359
2026-05-19 20:17:21,esterno,2224,15436,-4428,-101,218,39,762926
2026-05-19 20:17:21,lombar,16640,656,-296,44,-390,440,1420381
2026-05-19 20:17:21,esterno,2176,15432,-4236,18,208,-119,762948
2026-05-19 20:17:21,lombar,16712,620,-308,45,-392,429,1420403
2026-05-19 20:17:21,esterno,2212,15532,-4004,-49,49,-215,762970
2026-05-19 20:17:21,lombar,16616,704,-428,118,-102,367,1420425
2026-05-19 20:17:21,esterno,2200,15512,-4200,-284,9,-75,762992
2026-05-19 20:17:21,lombar,16748,536,-348,20,-170,387,1420447
2026-05-19 20:17:21,esterno,2044,15460,-4400,-258,163,20,763014
2026-05-19 20:17:21,lombar,16780,620,-540,52,-424,473,1420469
2026-05-19 20:17:21,esterno,2400,15376,-4588,-121,-136,30,763036
2026-05-19 20:17:21,lombar,16652,672,-420,-49,-275,509,1420491
2026-05-19 20:17:21,esterno,2220,15412,-4208,85,124,-195,763058
2026-05-19 20:17:21,lombar,16824,672,-420,-37,-263,494,1420513
2026-05-19 20:17:21,esterno,2196,15640,-3904,-66,-112,-175,763080
2026-05-19 20:17:21,lombar,16592,428,-508,-35,-173,451,1420535
2026-05-19 20:17:21,esterno,2072,15460,-4220,-69,-55,-98,763102
2026-05-19 20:17:21,lombar,16676,280,-416,180,-172,403,1420557
2026-05-19 20:17:21,esterno,2128,15500,-4344,9,54,-177,763124
2026-05-19 20:17:21,lombar,16824,548,-228,312,-188,446,1420579
2026-05-19 20:17:21,esterno,2176,15504,-4464,3,211,-252,763146
2026-05-19 20:17:21,lombar,16712,456,-476,273,-413,525,1420601
2026-05-19 20:17:21,esterno,2212,15612,-4256,87,320,-305,763168
2026-05-19 20:17:21,lombar,16700,500,-368,279,-278,424,1420623
2026-05-19 20:17:21,esterno,2108,15524,-4492,171,474,-196,763190
2026-05-19 20:17:21,lombar,16728,432,-592,341,-168,365,1420645
2026-05-19 20:17:21,esterno,2052,15484,-4196,117,567,-144,763212
2026-05-19 20:17:21,lombar,16612,332,-576,453,-185,355,1420667
2026-05-19 20:17:21,esterno,2176,15640,-4304,-19,450,-124,763234
2026-05-19 20:17:21,lombar,16784,592,-396,470,-373,307,1420689
2026-05-19 20:17:21,esterno,2216,15512,-4600,92,610,-155,763256
2026-05-19 20:17:21,lombar,16764,536,-428,361,-401,348,1420711
2026-05-19 20:17:21,esterno,2088,15348,-4604,77,1103,-299,763278
2026-05-19 20:17:21,lombar,16632,528,-432,285,-92,346,1420733
2026-05-19 20:17:21,esterno,2092,15432,-3984,-514,-20,-212,763300
2026-05-19 20:17:21,lombar,16688,404,-316,340,-351,296,1420755
2026-05-19 20:17:21,esterno,1912,15452,-4384,-27,183,-100,763322
2026-05-19 20:17:21,lombar,16780,508,-436,405,-254,319,1420777
2026-05-19 20:17:21,esterno,1880,15576,-4136,310,485,-102,763344
2026-05-19 20:17:21,lombar,16680,524,-448,205,-204,427,1420799
2026-05-19 20:17:21,esterno,2080,15352,-4468,234,376,-138,763366
2026-05-19 20:17:21,lombar,16632,600,-496,171,-286,456,1420821
2026-05-19 20:17:21,esterno,2160,15424,-4516,175,584,-209,763388
2026-05-19 20:17:21,lombar,16724,592,-424,70,-188,407,1420843
2026-05-19 20:17:21,esterno,1980,15544,-4260,-197,481,-223,763410
2026-05-19 20:17:21,lombar,16804,592,-460,22,-40,441,1420865
2026-05-19 20:17:21,esterno,1696,15504,-4676,-324,272,-247,763432
2026-05-19 20:17:21,lombar,16796,428,-332,22,-261,401,1420887
2026-05-19 20:17:21,esterno,1760,15536,-4504,-206,401,-284,763454
2026-05-19 20:17:21,lombar,16816,512,-296,80,-357,435,1420909
2026-05-19 20:17:21,esterno,1924,15616,-4420,-164,348,-286,763476
2026-05-19 20:17:21,lombar,16664,528,-240,33,-96,500,1420931
2026-05-19 20:17:21,esterno,2128,15548,-4244,-211,403,-299,763498
2026-05-19 20:17:21,lombar,16668,540,-256,-112,-237,528,1420953
2026-05-19 20:17:21,esterno,1908,15564,-4228,-346,133,-307,763520
2026-05-19 20:17:22,lombar,16548,392,-288,-74,-170,450,1420975
2026-05-19 20:17:22,esterno,1804,15448,-4536,-389,93,-310,763542
2026-05-19 20:17:22,lombar,16844,192,-328,-173,-209,527,1420997
2026-05-19 20:17:22,esterno,1548,15524,-4648,-419,30,-241,763564
2026-05-19 20:17:22,lombar,16808,308,-528,-30,-283,543,1421019
2026-05-19 20:17:22,esterno,1920,15484,-4592,-384,-228,-152,763586
2026-05-19 20:17:22,lombar,16752,444,-316,-24,-143,642,1421041
2026-05-19 20:17:22,esterno,1888,15544,-4048,-329,24,-258,763608
2026-05-19 20:17:22,lombar,16656,600,-188,-110,-217,548,1421063
2026-05-19 20:17:22,esterno,1908,15592,-3968,-405,-219,-151,763630
2026-05-19 20:17:22,lombar,16608,376,-360,-198,-237,549,1421085
2026-05-19 20:17:22,esterno,1692,15604,-4300,-183,-297,-173,763652
2026-05-19 20:17:22,lombar,16676,524,-196,-301,-289,461,1421107
2026-05-19 20:17:22,esterno,1720,15644,-4384,-235,-299,-167,763674
2026-05-19 20:17:22,lombar,16696,372,-588,-294,-353,471,1421129
2026-05-19 20:17:22,esterno,1744,15624,-4332,-509,-244,-51,763696
2026-05-19 20:17:22,lombar,16664,316,-408,-203,-350,494,1421151
2026-05-19 20:17:22,esterno,1808,15636,-4476,-413,-212,14,763718
2026-05-19 20:17:22,lombar,16628,348,-196,-263,-288,551,1421173
2026-05-19 20:17:22,esterno,1876,15524,-4336,-282,-38,-55,763740
2026-05-19 20:17:22,lombar,16664,544,-112,-620,-254,496,1421195
2026-05-19 20:17:22,esterno,1772,15532,-4060,-281,-86,-158,763762
2026-05-19 20:17:22,lombar,16676,432,-320,-555,-245,490,1421217
2026-05-19 20:17:22,esterno,1820,15724,-4120,-358,-28,-181,763784
2026-05-19 20:17:22,lombar,16788,144,-472,-533,-325,393,1421239
2026-05-19 20:17:22,esterno,1640,15588,-4600,-356,234,-162,763806
2026-05-19 20:17:22,lombar,16884,-88,-408,-370,-332,370,1421261
2026-05-19 20:17:22,esterno,1396,15504,-4508,-358,459,-171,763828
2026-05-19 20:17:22,lombar,16876,72,-448,-339,-247,476,1421283
2026-05-19 20:17:22,esterno,1832,15916,-4216,-686,-267,54,763850
2026-05-19 20:17:22,lombar,16652,260,-156,-292,-292,359,1421305
2026-05-19 20:17:22,esterno,1656,15708,-4056,-607,-369,114,763872
2026-05-19 20:17:22,lombar,16696,132,-352,90,-99,184,1421327
2026-05-19 20:17:22,esterno,1492,15488,-4412,-354,316,85,763894
2026-05-19 20:17:22,lombar,16808,68,-208,26,-203,286,1421349
2026-05-19 20:17:22,esterno,1724,15396,-4476,-352,345,128,763916
2026-05-19 20:17:22,lombar,16768,-80,-460,274,-356,241,1421371
2026-05-19 20:17:22,esterno,1908,15684,-4232,-172,377,213,763938
2026-05-19 20:17:22,lombar,16760,-28,-352,408,-182,140,1421393
2026-05-19 20:17:22,esterno,1548,15780,-3780,-321,457,164,763960
2026-05-19 20:17:22,lombar,16620,80,-252,552,-51,-36,1421415
2026-05-19 20:17:22,esterno,1672,15528,-4212,-322,522,261,763982
2026-05-19 20:17:22,lombar,16608,260,-172,655,-64,-93,1421437
2026-05-19 20:17:22,esterno,1848,15316,-4380,-62,640,338,764004
2026-05-19 20:17:22,lombar,16664,204,-296,710,-122,-148,1421459
2026-05-19 20:17:22,esterno,1808,15356,-4540,-91,732,420,764026
2026-05-19 20:17:22,lombar,16612,196,-96,736,-280,-123,1421481
2026-05-19 20:17:22,esterno,1720,15476,-4344,-89,656,445,764048
2026-05-19 20:17:22,lombar,16796,292,-244,596,-201,-86,1421503
2026-05-19 20:17:22,esterno,1672,15556,-4260,-190,780,368,764070
2026-05-19 20:17:22,lombar,16616,352,-164,534,-13,-100,1421525
2026-05-19 20:17:22,esterno,1800,15564,-4400,-299,947,321,764092
2026-05-19 20:17:22,lombar,16620,260,-112,531,-152,-103,1421547
2026-05-19 20:17:22,esterno,1764,15612,-4212,-321,627,359,764114
2026-05-19 20:17:22,lombar,16704,308,-216,601,-368,-140,1421569
2026-05-19 20:17:22,esterno,1816,15324,-4136,-217,586,413,764136
2026-05-19 20:17:22,lombar,16720,480,4,549,-155,33,1421591
2026-05-19 20:17:22,esterno,1676,15560,-4076,-332,812,274,764158
2026-05-19 20:17:22,lombar,16800,388,-124,368,-370,51,1421613
2026-05-19 20:17:22,esterno,1624,15672,-3996,-479,413,241,764180
2026-05-19 20:17:22,lombar,16676,344,0,333,-433,113,1421635
2026-05-19 20:17:22,esterno,1556,15444,-3960,-339,191,208,764202
2026-05-19 20:17:22,lombar,16772,212,-116,247,-324,153,1421657
2026-05-19 20:17:22,esterno,1524,15396,-3880,-263,53,208,764224
2026-05-19 20:17:22,lombar,16812,344,-176,440,-265,142,1421679
2026-05-19 20:17:22,esterno,1524,15384,-4128,-316,40,194,764246
2026-05-19 20:17:22,lombar,16800,364,-224,441,-155,230,1421701
2026-05-19 20:17:22,esterno,1644,15376,-4232,-314,-21,101,764268
2026-05-19 20:17:22,lombar,16876,388,-192,264,-238,357,1421723
2026-05-19 20:17:22,esterno,1616,15472,-3872,-33,-302,73,764290
2026-05-19 20:17:22,lombar,16708,392,-264,144,-294,394,1421745
2026-05-19 20:17:22,esterno,1776,15388,-3888,224,-518,8,764312
2026-05-19 20:17:22,lombar,16812,328,-288,293,265,334,1421767
2026-05-19 20:17:22,esterno,1612,15176,-3920,184,-511,-104,764334
2026-05-19 20:17:22,lombar,16696,388,-100,184,507,469,1421789
2026-05-19 20:17:22,esterno,1872,15064,-4192,98,-388,-262,764356
2026-05-19 20:17:22,lombar,16868,184,-616,166,322,437,1421811
2026-05-19 20:17:22,esterno,2160,15676,-4064,165,-369,-304,764378
2026-05-19 20:17:22,lombar,16832,92,-176,317,309,381,1421833
2026-05-19 20:17:22,esterno,2120,15844,-4588,610,165,-441,764400
2026-05-19 20:17:22,lombar,16952,148,-224,449,537,525,1421855
2026-05-19 20:17:22,esterno,2020,15876,-3900,661,557,-566,764422
2026-05-19 20:17:22,lombar,16740,60,-244,556,783,620,1421877
2026-05-19 20:17:22,esterno,1836,15760,-3804,250,41,-531,764444
2026-05-19 20:17:22,lombar,16836,72,112,675,489,514,1421899
2026-05-19 20:17:22,esterno,1512,15544,-4236,309,-22,-515,764466
2026-05-19 20:17:22,lombar,16632,316,112,665,632,483,1421921
2026-05-19 20:17:22,esterno,1280,15208,-4436,528,392,-419,764488
2026-05-19 20:17:22,lombar,16628,104,120,856,644,318,1421943
2026-05-19 20:17:22,esterno,1620,15152,-4676,602,410,-319,764510
2026-05-19 20:17:23,lombar,16692,-84,240,1272,243,208,1421965
2026-05-19 20:17:23,esterno,1572,15284,-4536,672,765,-154,764532
2026-05-19 20:17:23,lombar,16732,-96,356,1383,46,110,1421987
2026-05-19 20:17:23,esterno,1572,15432,-4364,627,764,-168,764554
2026-05-19 20:17:23,lombar,16772,-12,372,1815,245,-18,1422009
2026-05-19 20:17:23,esterno,1604,15368,-4576,836,865,-206,764576
2026-05-19 20:17:23,lombar,16612,112,560,2224,63,-325,1422031
2026-05-19 20:17:23,esterno,1660,15248,-4676,1099,1132,-137,764598
2026-05-19 20:17:23,lombar,15960,64,192,2573,15,-542,1422053
2026-05-19 20:17:23,esterno,1744,14996,-4628,1213,1126,156,764620
2026-05-19 20:17:23,lombar,15788,100,-896,2530,133,-739,1422075
2026-05-19 20:17:23,esterno,1960,15264,-4944,1033,1433,490,764642
2026-05-19 20:17:23,lombar,16596,536,-544,2763,-596,-696,1422097
2026-05-19 20:17:23,esterno,2532,15628,-5088,603,2078,731,764664
2026-05-19 20:17:23,lombar,16732,812,-328,2867,-677,-614,1422119
2026-05-19 20:17:23,esterno,2724,15872,-4764,553,2288,584,764686
2026-05-19 20:17:23,lombar,16812,1060,-908,2677,-315,-601,1422141
2026-05-19 20:17:23,lombar,17132,1148,-512,2751,-452,-489,1422163
2026-05-19 20:17:23,esterno,3044,16364,-4144,613,2173,448,764708
2026-05-19 20:17:23,esterno,3008,16796,-4188,274,2470,394,764730
2026-05-19 20:17:23,lombar,17108,1396,-812,2549,-717,-441,1422185
2026-05-19 20:17:23,esterno,2752,16888,-4080,-194,2606,348,764752
2026-05-19 20:17:23,lombar,17068,1612,-472,2380,-511,-583,1422207
2026-05-19 20:17:23,esterno,2784,16608,-4184,-392,2263,474,764774
2026-05-19 20:17:23,lombar,16840,1608,-708,2166,-409,-570,1422229
2026-05-19 20:17:23,esterno,2828,16272,-4520,-593,2260,385,764796
2026-05-19 20:17:23,lombar,16728,1476,-496,2029,-661,-447,1422251
2026-05-19 20:17:23,esterno,2876,15912,-4388,-817,2327,322,764818
2026-05-19 20:17:23,lombar,16644,1680,-324,1953,-648,-407,1422273
2026-05-19 20:17:23,esterno,2720,15520,-4400,-1014,2289,225,764840
2026-05-19 20:17:23,lombar,16340,1760,-76,1660,-778,-427,1422295
2026-05-19 20:17:23,esterno,2420,15024,-4376,-1033,2179,0,764862
2026-05-19 20:17:23,lombar,16208,1836,-200,1523,-738,-346,1422317
2026-05-19 20:17:23,esterno,2232,14668,-4496,-997,1850,-122,764884
2026-05-19 20:17:23,lombar,16052,1872,152,1122,-669,-144,1422339
2026-05-19 20:17:23,esterno,2356,14420,-4360,-1089,1520,-84,764906
2026-05-19 20:17:23,lombar,16004,1888,168,920,-839,117,1422361
2026-05-19 20:17:23,esterno,2656,14420,-4420,-1243,1264,-102,764928
2026-05-19 20:17:23,lombar,15784,1764,-52,445,-771,414,1422383
2026-05-19 20:17:23,esterno,2668,14512,-4472,-1332,907,-165,764950
2026-05-19 20:17:23,lombar,15460,1856,-656,191,-617,561,1422405
2026-05-19 20:17:23,esterno,2688,14924,-4792,-1292,545,-64,764972
2026-05-19 20:17:23,lombar,15516,1460,-1180,48,-546,741,1422427
2026-05-19 20:17:23,esterno,2696,15724,-4784,-1571,394,44,764994
2026-05-19 20:17:23,lombar,16992,1000,344,306,-1581,749,1422449
2026-05-19 20:17:23,esterno,3040,16628,-4588,-2261,316,190,765016
2026-05-19 20:17:23,lombar,17464,616,140,622,-1725,849,1422471
2026-05-19 20:17:23,esterno,2876,16428,-4392,-2704,336,-70,765038
2026-05-19 20:17:23,lombar,17588,352,-60,828,-1987,924,1422493
2026-05-19 20:17:23,esterno,2492,15856,-4844,-2286,530,-357,765060
2026-05-19 20:17:23,lombar,17124,1068,-668,1306,-1700,949,1422515
2026-05-19 20:17:23,esterno,2168,15832,-3672,-1792,815,-507,765082
2026-05-19 20:17:23,lombar,17020,1848,-852,1313,-1218,707,1422537
2026-05-19 20:17:23,esterno,2964,16504,-2736,-1680,439,-196,765104
2026-05-19 20:17:23,lombar,17104,1980,-884,1101,-1213,628,1422559
2026-05-19 20:17:23,esterno,3316,16584,-3104,-1915,611,-6,765126
2026-05-19 20:17:23,lombar,16976,1856,-852,537,-1197,680,1422581
2026-05-19 20:17:23,esterno,2868,16476,-3276,-2307,1218,-486,765148
2026-05-19 20:17:23,lombar,16776,1700,-756,-111,-1546,771,1422603
2026-05-19 20:17:23,esterno,2732,16236,-3232,-2553,1022,-645,765170
2026-05-19 20:17:23,lombar,16784,1892,-700,-355,-1478,792,1422625
2026-05-19 20:17:23,esterno,2196,15512,-3116,-2521,675,-557,765192
2026-05-19 20:17:23,lombar,16564,1616,-628,-722,-1112,803,1422647
2026-05-19 20:17:23,esterno,2148,14820,-2924,-2535,165,-578,765214
2026-05-19 20:17:23,lombar,16396,1540,-504,-1197,-1107,1001,1422669
2026-05-19 20:17:23,esterno,2392,14536,-3252,-2382,-187,-680,765236
2026-05-19 20:17:23,lombar,16264,1588,-688,-1366,-1603,1202,1422691
2026-05-19 20:17:23,esterno,2544,14520,-3308,-2137,-227,-888,765258
2026-05-19 20:17:23,lombar,16304,1488,-624,-1581,-1492,1271,1422713
2026-05-19 20:17:23,esterno,2500,14844,-3176,-2124,-459,-1051,765280
2026-05-19 20:17:23,lombar,16452,1300,-1112,-1637,-1463,1347,1422735
2026-05-19 20:17:23,esterno,2408,15140,-2828,-2025,-1106,-1137,765302
2026-05-19 20:17:23,lombar,16304,1092,-1264,-1610,-1391,1701,1422757
2026-05-19 20:17:23,esterno,2316,15104,-2656,-1674,-1159,-1254,765324
2026-05-19 20:17:23,lombar,16324,1336,-1164,-1628,-1449,1901,1422779
2026-05-19 20:17:23,esterno,2308,15184,-2336,-1351,-1501,-1337,765346
2026-05-19 20:17:23,lombar,16416,1256,-1460,-1569,-1391,2085,1422801
2026-05-19 20:17:23,esterno,2724,15388,-2204,-1356,-1992,-1115,765368
2026-05-19 20:17:23,lombar,16484,1460,-1548,-1563,-960,2063,1422823
2026-05-19 20:17:23,esterno,2892,15532,-2392,-1267,-1931,-1019,765390
2026-05-19 20:17:23,lombar,17304,1332,-980,-1913,-745,2056,1422845
2026-05-19 20:17:23,esterno,2584,16132,-2432,-1262,-1784,-1114,765412
2026-05-19 20:17:23,lombar,18196,276,-836,-1964,-932,1789,1422867
2026-05-19 20:17:23,esterno,2164,16848,-3308,-1348,-1772,-1002,765434
2026-05-19 20:17:23,lombar,17644,-612,-1428,-1523,-416,1869,1422889
2026-05-19 20:17:23,esterno,1928,17028,-2264,-918,-1618,-1343,765456
2026-05-19 20:17:23,lombar,17684,-336,-1380,-1040,109,2126,1422911
2026-05-19 20:17:23,esterno,1956,16856,-1572,-241,-1646,-1455,765478
2026-05-19 20:17:23,lombar,16796,680,-1748,-884,-372,2354,1422933
2026-05-19 20:17:23,esterno,2000,16444,-1760,-255,-1200,-1315,765500
2026-05-19 20:17:23,lombar,16496,1788,-1676,-1207,-585,1908,1422955
2026-05-19 20:17:23,esterno,1848,15820,-1824,-583,-1033,-1129,765522
2026-05-19 20:17:24,lombar,16716,1516,-1556,-1822,-100,1232,1422977
2026-05-19 20:17:24,esterno,1812,15780,-2148,-787,-703,-919,765544
2026-05-19 20:17:24,lombar,16792,772,-1512,-2274,-24,1026,1422999
2026-05-19 20:17:24,esterno,1744,15920,-2096,-811,-684,-692,765566
2026-05-19 20:17:24,lombar,16672,116,-1240,-2756,-388,954,1423021
2026-05-19 20:17:24,esterno,1612,15824,-2412,-555,-832,-547,765588
2026-05-19 20:17:24,lombar,16604,-132,-960,-2654,-324,992,1423043
2026-05-19 20:17:24,esterno,1436,15556,-2356,-267,-939,-488,765610
2026-05-19 20:17:24,lombar,16544,-216,-1284,-2469,-73,913,1423065
2026-05-19 20:17:24,esterno,1296,15400,-2476,-45,-1106,-248,765632
2026-05-19 20:17:24,lombar,16580,-228,-700,-2293,-247,933,1423087
2026-05-19 20:17:24,esterno,1244,15220,-2564,201,-1200,-155,765654
2026-05-19 20:17:24,lombar,16788,-312,-1036,-2229,-124,921,1423109
2026-05-19 20:17:24,esterno,1012,15340,-2768,381,-1275,-271,765676
2026-05-19 20:17:24,lombar,16660,-152,-700,-2196,247,992,1423131
2026-05-19 20:17:24,esterno,904,15492,-2284,324,-1264,-485,765698
2026-05-19 20:17:24,lombar,16572,-188,-1044,-1989,368,824,1423153
2026-05-19 20:17:24,esterno,896,15464,-2296,540,-1444,-623,765720
2026-05-19 20:17:24,lombar,16520,-384,-1044,-1723,498,760,1423175
2026-05-19 20:17:24,esterno,840,15416,-2392,947,-1537,-567,765742
2026-05-19 20:17:24,lombar,16536,-372,-1156,-1304,781,788,1423197
2026-05-19 20:17:24,esterno,1080,15528,-2692,986,-1556,-302,765764
2026-05-19 20:17:24,lombar,16708,-536,-808,-1131,664,791,1423219
2026-05-19 20:17:24,esterno,1064,15524,-2640,961,-1482,-168,765786
2026-05-19 20:17:24,lombar,16636,-464,-892,-947,538,879,1423241
2026-05-19 20:17:24,esterno,976,15544,-2660,1128,-1512,-350,765808
2026-05-19 20:17:24,lombar,16660,-224,-1076,-988,829,940,1423263
2026-05-19 20:17:24,esterno,908,15712,-2516,1279,-1540,-465,765830
2026-05-19 20:17:24,lombar,16688,-36,-728,-1227,1057,908,1423285
2026-05-19 20:17:24,esterno,868,15948,-1972,1339,-1675,-396,765852
2026-05-19 20:17:24,lombar,16728,-344,-944,-1365,815,880,1423307
2026-05-19 20:17:24,esterno,980,15852,-2804,1492,-1685,-396,765874
2026-05-19 20:17:24,lombar,16828,-436,-784,-1556,610,963,1423329
2026-05-19 20:17:24,esterno,912,15872,-2524,1551,-1235,-591,765896
2026-05-19 20:17:24,lombar,16792,-476,-768,-1698,901,965,1423351
2026-05-19 20:17:24,esterno,956,15948,-2152,1257,-1991,-606,765918
2026-05-19 20:17:24,lombar,16704,-600,-1244,-1868,933,1082,1423373
2026-05-19 20:17:24,esterno,772,16016,-3280,1352,-2016,-625,765940
2026-05-19 20:17:24,lombar,16744,-384,-952,-1743,831,1042,1423395
2026-05-19 20:17:24,esterno,560,15836,-2828,1462,-1347,-774,765962
2026-05-19 20:17:24,lombar,16616,-228,-856,-2155,774,1177,1423417
2026-05-19 20:17:24,esterno,652,15960,-2844,1430,-1455,-708,765984
2026-05-19 20:17:24,lombar,16660,-324,-636,-2299,752,1274,1423439
2026-05-19 20:17:24,esterno,428,15888,-3208,1234,-1108,-853,766006
2026-05-19 20:17:24,lombar,16484,-380,-680,-2370,754,1185,1423461
2026-05-19 20:17:24,esterno,448,15820,-3108,902,-1423,-892,766028
2026-05-19 20:17:24,lombar,16492,-640,-652,-2186,789,970,1423483
2026-05-19 20:17:24,esterno,544,15732,-3700,1064,-1444,-803,766050
2026-05-19 20:17:24,lombar,16684,-876,-304,-2162,338,899,1423505
2026-05-19 20:17:24,esterno,604,15684,-3428,1093,-1394,-702,766072
2026-05-19 20:17:24,lombar,16564,-768,-364,-2286,247,1179,1423527
2026-05-19 20:17:24,esterno,588,15772,-3216,813,-1490,-750,766094
2026-05-19 20:17:24,lombar,16352,-704,-424,-2376,354,1205,1423549
2026-05-19 20:17:24,esterno,724,15828,-3312,686,-1461,-790,766116
2026-05-19 20:17:24,lombar,16416,-816,-340,-2481,200,1166,1423571
2026-05-19 20:17:24,esterno,436,15876,-3348,662,-1581,-753,766138
2026-05-19 20:17:24,lombar,16488,-964,-400,-2298,-107,1152,1423593
2026-05-19 20:17:24,esterno,188,15708,-3820,612,-1653,-680,766160
2026-05-19 20:17:24,lombar,16552,-1292,-256,-2117,2,1144,1423615
2026-05-19 20:17:24,esterno,244,15532,-3780,343,-1571,-584,766182
2026-05-19 20:17:24,lombar,16596,-1068,-168,-1866,-67,1227,1423637
2026-05-19 20:17:24,esterno,348,15584,-3660,252,-1557,-631,766204
2026-05-19 20:17:24,lombar,16464,-968,-280,-1890,-232,1229,1423659
2026-05-19 20:17:24,esterno,92,15640,-3560,181,-1398,-847,766226
2026-05-19 20:17:24,lombar,16568,-844,-600,-1924,-17,1110,1423681
2026-05-19 20:17:24,lombar,16628,-1000,-508,-1872,-58,1046,1423703
2026-05-19 20:17:24,esterno,-12,15876,-3724,17,-1632,-586,766248
2026-05-19 20:17:24,esterno,-52,15824,-3836,-100,-1557,-339,766270
2026-05-19 20:17:24,lombar,16908,-1196,-440,-1724,-415,1003,1423725
2026-05-19 20:17:24,esterno,20,15856,-3892,-307,-1541,-383,766292
2026-05-19 20:17:24,lombar,16796,-1188,-408,-1546,-442,1015,1423747
2026-05-19 20:17:24,esterno,120,15752,-3784,-465,-1279,-448,766314
2026-05-19 20:17:24,lombar,16732,-1140,-248,-1560,-284,1028,1423769
2026-05-19 20:17:24,esterno,116,15764,-3316,-218,-1187,-422,766336
2026-05-19 20:17:24,lombar,16560,-1172,-324,-1488,-220,927,1423791
2026-05-19 20:17:24,esterno,224,15688,-3344,38,-1137,-396,766358
2026-05-19 20:17:24,lombar,16684,-1484,-448,-1167,-161,806,1423813
2026-05-19 20:17:24,esterno,-128,15520,-3820,-155,-889,-427,766380
2026-05-19 20:17:24,lombar,16684,-1300,-212,-1027,-116,824,1423835
2026-05-19 20:17:24,esterno,-284,15408,-3960,-152,-816,-342,766402
2026-05-19 20:17:24,lombar,16716,-1176,-184,-1107,-384,900,1423857
2026-05-19 20:17:24,esterno,-284,15708,-3696,35,-919,-204,766424
2026-05-19 20:17:24,lombar,16504,-1268,-476,-1057,-277,858,1423879
2026-05-19 20:17:24,esterno,-200,15796,-3556,-75,-893,-156,766446
2026-05-19 20:17:24,lombar,16560,-1292,-284,-1071,-163,727,1423901
2026-05-19 20:17:24,esterno,-96,15572,-3588,-180,-805,-134,766468
2026-05-19 20:17:24,lombar,16444,-1488,-380,-1186,-388,788,1423923
2026-05-19 20:17:24,esterno,-256,15736,-3676,-112,-836,-218,766490
2026-05-19 20:17:24,lombar,16672,-1420,-476,-1384,-467,897,1423945
2026-05-19 20:17:24,esterno,-400,15888,-3500,-92,-942,-139,766512
2026-05-19 20:17:24,lombar,16556,-1780,-588,-1280,-382,697,1423967
2026-05-19 20:17:25,esterno,-484,15640,-3772,-543,-766,-200,766534
2026-05-19 20:17:25,lombar,16644,-1820,-416,-843,-531,751,1423989
2026-05-19 20:17:25,esterno,-456,15684,-3476,-710,-650,-198,766556
2026-05-19 20:17:25,lombar,16776,-1616,-644,-585,-529,785,1424011
2026-05-19 20:17:25,esterno,-468,16056,-3396,-534,-700,-70,766578
2026-05-19 20:17:25,lombar,16532,-1524,-592,-416,-587,707,1424033
2026-05-19 20:17:25,esterno,-376,16048,-3656,-704,-528,-28,766600
2026-05-19 20:17:25,lombar,16716,-1720,-540,-280,-767,573,1424055
2026-05-19 20:17:25,esterno,-396,15828,-3396,-706,-441,35,766622
2026-05-19 20:17:25,lombar,16636,-1596,-920,-38,-524,612,1424077
2026-05-19 20:17:25,esterno,-140,16004,-3144,-652,-371,149,766644
2026-05-19 20:17:25,lombar,16412,-1672,-588,-253,-639,646,1424099
2026-05-19 20:17:25,esterno,-344,15856,-3012,-661,-465,220,766666
2026-05-19 20:17:25,lombar,16560,-1928,-560,-403,-940,636,1424121
2026-05-19 20:17:25,esterno,-244,15840,-4248,-518,430,153,766688
2026-05-19 20:17:25,lombar,16656,-2000,-776,-298,-822,389,1424143
2026-05-19 20:17:25,esterno,-256,15820,-3236,-745,117,261,766710
2026-05-19 20:17:25,lombar,16956,-2040,-412,46,-672,400,1424165
2026-05-19 20:17:25,esterno,-768,15708,-3084,-961,-458,331,766732
2026-05-19 20:17:25,lombar,16928,-1892,-348,411,-566,588,1424187
2026-05-19 20:17:25,esterno,-888,15868,-3440,-836,43,314,766754
2026-05-19 20:17:25,lombar,16860,-1680,-492,442,-646,673,1424209
2026-05-19 20:17:25,esterno,-436,15664,-2972,-771,400,160,766776
2026-05-19 20:17:25,lombar,16784,-1556,-592,206,-669,549,1424231
2026-05-19 20:17:25,esterno,-28,15672,-3340,-731,597,-79,766798
2026-05-19 20:17:25,lombar,16940,-1524,-692,-160,-614,668,1424253
2026-05-19 20:17:25,esterno,-204,15804,-3008,-578,580,-17,766820
2026-05-19 20:17:25,lombar,16800,-1532,-624,-241,-624,521,1424275
2026-05-19 20:17:25,esterno,-384,15464,-2752,-380,234,59,766842
2026-05-19 20:17:25,lombar,16844,-1804,-644,3,-520,568,1424297
2026-05-19 20:17:25,esterno,-600,15264,-3112,-275,423,-153,766864
2026-05-19 20:17:25,lombar,16868,-1780,-300,252,-342,632,1424319
2026-05-19 20:17:25,esterno,-400,15236,-3220,-373,433,-193,766886
2026-05-19 20:17:25,lombar,16644,-1876,-572,280,-146,593,1424341
2026-05-19 20:17:25,esterno,-304,15384,-3312,-296,513,-223,766908
2026-05-19 20:17:25,lombar,16848,-1592,52,259,-339,587,1424363
2026-05-19 20:17:25,esterno,-332,15540,-3436,-224,561,-355,766930
2026-05-19 20:17:25,lombar,16944,-1180,-404,226,-119,421,1424385
2026-05-19 20:17:25,esterno,-372,15760,-3600,10,789,-308,766952
2026-05-19 20:17:25,lombar,16824,-1588,-712,388,183,205,1424407
2026-05-19 20:17:25,esterno,-792,15652,-3444,940,530,-64,766974
2026-05-19 20:17:25,lombar,16912,-1432,-312,376,278,216,1424429
2026-05-19 20:17:25,esterno,-1132,15904,-2584,1066,-589,325,766996
2026-05-19 20:17:25,lombar,16584,-1628,-564,131,528,443,1424451
2026-05-19 20:17:25,esterno,-940,15480,-2852,239,-798,264,767018
2026-05-19 20:17:25,lombar,16808,-1544,-528,-305,438,491,1424473
2026-05-19 20:17:25,esterno,-576,15280,-3404,34,-480,-205,767040
2026-05-19 20:17:25,lombar,16456,-1896,-600,-536,235,512,1424495
2026-05-19 20:17:25,esterno,-600,15504,-3248,3,-1214,-319,767062
2026-05-19 20:17:25,lombar,16660,-2384,-800,-229,325,479,1424517
2026-05-19 20:17:25,esterno,-1044,15812,-3308,-19,-1163,-268,767084
2026-05-19 20:17:25,lombar,16968,-2460,-564,423,-30,484,1424539
2026-05-19 20:17:25,esterno,-896,16204,-3116,-402,-964,-68,767106
2026-05-19 20:17:25,lombar,16792,-1988,-540,550,-255,618,1424561
2026-05-19 20:17:25,esterno,-632,16220,-3048,-415,-929,63,767128
2026-05-19 20:17:25,lombar,16392,-1744,-680,292,-225,519,1424583
2026-05-19 20:17:25,esterno,-288,16124,-2972,160,-904,177,767150
2026-05-19 20:17:25,lombar,16216,-1668,-592,155,-167,240,1424605
2026-05-19 20:17:25,esterno,-244,15948,-3192,24,-750,352,767172
2026-05-19 20:17:25,lombar,16144,-1868,-596,-119,-78,-189,1424627
2026-05-19 20:17:25,esterno,-748,15160,-3456,-681,-283,443,767194
2026-05-19 20:17:25,lombar,16248,-2216,-420,-262,-207,-380,1424649
2026-05-19 20:17:25,esterno,-908,15376,-2924,-450,-16,667,767216
2026-05-19 20:17:25,lombar,16464,-2372,-824,-73,242,-573,1424671
2026-05-19 20:17:25,esterno,-856,15776,-3312,-600,197,884,767238
2026-05-19 20:17:25,lombar,17196,-2248,-532,3,240,-711,1424693
2026-05-19 20:17:25,esterno,-628,16336,-3468,-1021,508,946,767260
2026-05-19 20:17:25,lombar,17364,-1900,-448,375,-256,-680,1424715
2026-05-19 20:17:25,esterno,-524,16380,-3160,-808,727,1070,767282
2026-05-19 20:17:25,lombar,16916,-1208,-552,163,320,-839,1424737
2026-05-19 20:17:25,esterno,96,16284,-3056,-240,706,1136,767304
2026-05-19 20:17:25,lombar,16652,-1092,-188,-550,495,-1062,1424759
2026-05-19 20:17:25,esterno,0,16048,-2908,39,698,1090,767326
2026-05-19 20:17:25,lombar,16816,-1448,-408,-346,88,-1169,1424781
2026-05-19 20:17:25,esterno,4,15904,-3124,-140,880,1091,767348
2026-05-19 20:17:25,lombar,16624,-1920,-164,304,-132,-1088,1424803
2026-05-19 20:17:25,esterno,60,15592,-3284,-440,854,1256,767370
2026-05-19 20:17:25,lombar,16688,-1776,-268,1032,-448,-752,1424825
2026-05-19 20:17:25,esterno,196,15552,-3300,-565,920,1420,767392
2026-05-19 20:17:25,lombar,16560,-1356,-192,1078,-449,-518,1424847
2026-05-19 20:17:25,esterno,372,15340,-3336,-353,961,1490,767414
2026-05-19 20:17:25,lombar,16664,-1268,36,1466,-848,-544,1424869
2026-05-19 20:17:25,esterno,464,15308,-3988,201,1494,1304,767436
2026-05-19 20:17:25,lombar,16920,-896,216,1923,-411,-728,1424891
2026-05-19 20:17:25,esterno,476,15460,-2660,171,1261,960,767458
2026-05-19 20:17:25,lombar,17032,-868,104,1964,264,-798,1424913
2026-05-19 20:17:25,esterno,664,15404,-3236,-202,1010,946,767480
2026-05-19 20:17:25,lombar,17168,-1060,32,2552,750,-1019,1424935
2026-05-19 20:17:25,esterno,572,15024,-3872,-21,1354,931,767502
2026-05-19 20:17:25,lombar,17304,-700,12,3197,1354,-937,1424957
2026-05-19 20:17:26,lombar,17272,-76,388,3117,1791,-654,1424979
2026-05-19 20:17:26,esterno,564,14404,-3700,852,1685,805,767524
2026-05-19 20:17:26,esterno,1152,14956,-3292,1980,1832,585,767546
2026-05-19 20:17:26,lombar,16956,212,-200,2417,2086,-476,1425001
2026-05-19 20:17:26,esterno,1568,15948,-3456,1964,1956,616,767568
2026-05-19 20:17:26,lombar,16872,388,640,1942,1531,-522,1425023
2026-05-19 20:17:26,esterno,1512,15564,-3472,1834,1610,444,767590
2026-05-19 20:17:26,lombar,16780,500,812,1364,1364,-424,1425045
2026-05-19 20:17:26,esterno,1148,15088,-3640,2062,1736,135,767612
2026-05-19 20:17:26,lombar,16700,496,924,770,1638,-468,1425067
2026-05-19 20:17:26,esterno,740,15136,-3340,2210,1552,72,767634
2026-05-19 20:17:26,lombar,16472,116,572,474,1827,-465,1425089
2026-05-19 20:17:26,esterno,460,15196,-3524,2321,1080,-45,767656
2026-05-19 20:17:26,lombar,16740,-256,312,388,1981,-372,1425111
2026-05-19 20:17:26,esterno,728,15536,-4148,1948,1016,-133,767678
2026-05-19 20:17:26,lombar,16624,-292,244,546,1864,-277,1425133
2026-05-19 20:17:26,esterno,1112,15848,-4268,1838,1050,-48,767700
2026-05-19 20:17:26,lombar,16756,36,548,719,1316,-197,1425155
2026-05-19 20:17:26,esterno,984,15916,-3816,1999,782,28,767722
2026-05-19 20:17:26,lombar,16644,-32,872,497,827,-172,1425177
2026-05-19 20:17:26,esterno,712,15968,-4076,1620,805,-107,767744
2026-05-19 20:17:26,lombar,16508,-196,532,816,1107,-177,1425199
2026-05-19 20:17:26,esterno,960,15832,-4220,1135,625,-19,767766
2026-05-19 20:17:26,lombar,16500,-244,624,1016,1241,-142,1425221
2026-05-19 20:17:26,esterno,1144,15648,-4596,806,951,12,767788
2026-05-19 20:17:26,lombar,16672,-280,640,1418,943,-117,1425243
2026-05-19 20:17:26,esterno,1500,15920,-4616,517,966,141,767810
2026-05-19 20:17:26,lombar,16552,-132,672,1500,438,-24,1425265
2026-05-19 20:17:26,esterno,1544,16024,-4520,656,975,241,767832
2026-05-19 20:17:26,lombar,16328,60,960,1368,312,-34,1425287
2026-05-19 20:17:26,esterno,1244,16016,-4476,591,1140,183,767854
2026-05-19 20:17:26,lombar,16436,216,884,1371,104,-63,1425309
2026-05-19 20:17:26,esterno,1076,16024,-4516,191,1192,217,767876
2026-05-19 20:17:26,lombar,16580,300,808,1230,-101,-178,1425331
2026-05-19 20:17:26,esterno,1156,15992,-4604,-47,1254,396,767898
2026-05-19 20:17:26,lombar,16552,248,904,1083,-340,-63,1425353
2026-05-19 20:17:26,esterno,1176,15812,-4308,78,1066,472,767920
2026-05-19 20:17:26,lombar,16616,260,856,1015,-491,-173,1425375
2026-05-19 20:17:26,esterno,1056,15796,-4344,-144,1003,305,767942
2026-05-19 20:17:26,lombar,16632,116,1040,995,-553,-60,1425397
2026-05-19 20:17:26,esterno,1032,15640,-4424,-493,966,214,767964
2026-05-19 20:17:26,lombar,16580,224,872,892,-501,78,1425419
2026-05-19 20:17:26,esterno,880,15472,-4432,-580,798,242,767986
2026-05-19 20:17:26,lombar,16668,156,1168,807,-667,180,1425441
2026-05-19 20:17:26,esterno,1136,15416,-4412,-558,773,259,768008
2026-05-19 20:17:26,lombar,16944,76,1012,806,-740,238,1425463
2026-05-19 20:17:26,esterno,1216,15528,-4476,-534,824,187,768030
2026-05-19 20:17:26,lombar,16888,40,912,797,-546,262,1425485
2026-05-19 20:17:26,esterno,1156,15472,-4304,-466,745,-27,768052
2026-05-19 20:17:26,lombar,16904,76,1240,803,-409,400,1425507
2026-05-19 20:17:26,esterno,1012,15392,-4212,-364,616,-213,768074
2026-05-19 20:17:26,lombar,16872,192,972,562,-248,521,1425529
2026-05-19 20:17:26,esterno,788,15224,-4564,-426,529,-332,768096
2026-05-19 20:17:26,lombar,16916,180,1296,448,-259,607,1425551
2026-05-19 20:17:26,esterno,820,15104,-4436,-456,318,-397,768118
2026-05-19 20:17:26,lombar,16996,192,1072,92,-127,672,1425573
2026-05-19 20:17:26,esterno,1024,15264,-4084,-449,149,-419,768140
2026-05-19 20:17:26,lombar,16796,-112,1240,-64,125,768,1425595
2026-05-19 20:17:26,esterno,1096,15356,-4040,-377,90,-603,768162
2026-05-19 20:17:26,lombar,16688,-124,1108,-145,180,599,1425617
2026-05-19 20:17:26,esterno,1120,15152,-5416,-195,277,-836,768184
2026-05-19 20:17:26,lombar,16764,-268,1176,62,215,538,1425639
2026-05-19 20:17:26,esterno,644,14884,-4432,-26,783,-835,768206
2026-05-19 20:17:26,lombar,16756,-372,1228,213,256,522,1425661
2026-05-19 20:17:26,esterno,912,15704,-4384,138,191,-388,768228
2026-05-19 20:17:26,lombar,16972,-240,1256,647,344,452,1425683
2026-05-19 20:17:26,esterno,648,15688,-4380,167,249,-419,768250
2026-05-19 20:17:26,lombar,16912,-280,1052,728,508,445,1425705
2026-05-19 20:17:26,esterno,672,15556,-4568,436,707,-484,768272
2026-05-19 20:17:26,lombar,16752,-192,976,802,527,372,1425727
2026-05-19 20:17:26,lombar,16740,-268,1244,889,495,322,1425749
2026-05-19 20:17:26,esterno,1136,15560,-4488,683,675,-320,768294
2026-05-19 20:17:26,esterno,1152,15440,-4404,616,803,-206,768316
2026-05-19 20:17:26,lombar,16888,-28,1480,903,422,299,1425771
2026-05-19 20:17:26,esterno,1004,15548,-4212,371,959,-125,768338
2026-05-19 20:17:26,lombar,16700,144,1304,992,646,206,1425793
2026-05-19 20:17:26,esterno,980,15644,-4316,649,918,-102,768360
2026-05-19 20:17:26,lombar,16624,292,1164,873,762,59,1425815
2026-05-19 20:17:26,esterno,820,15536,-4760,928,962,-141,768382
2026-05-19 20:17:26,lombar,16704,-148,1432,673,410,-55,1425837
2026-05-19 20:17:26,esterno,780,15580,-4920,488,889,-73,768404
2026-05-19 20:17:26,lombar,16652,-16,1468,597,461,-7,1425859
2026-05-19 20:17:26,esterno,836,15420,-5000,315,944,82,768426
2026-05-19 20:17:26,lombar,16748,-8,1348,585,384,73,1425881
2026-05-19 20:17:26,esterno,740,15560,-4692,490,717,164,768448
2026-05-19 20:17:26,lombar,16584,60,1456,662,273,71,1425903
2026-05-19 20:17:26,esterno,760,15720,-4588,556,840,119,768470
2026-05-19 20:17:26,lombar,16624,32,1412,698,178,19,1425925
2026-05-19 20:17:26,esterno,724,15744,-4676,310,784,58,768492
2026-05-19 20:17:26,lombar,16788,-16,1352,953,37,1,1425947
2026-05-19 20:17:26,esterno,1080,15580,-4736,72,587,238,768514
2026-05-19 20:17:27,lombar,16704,140,1404,888,184,102,1425969
2026-05-19 20:17:27,esterno,940,15648,-4688,153,786,177,768536
2026-05-19 20:17:27,lombar,16704,224,1412,820,36,181,1425991
2026-05-19 20:17:27,esterno,1032,15816,-4592,60,726,156,768558
2026-05-19 20:17:27,lombar,16688,216,1700,725,-172,112,1426013
2026-05-19 20:17:27,esterno,1076,15764,-4492,110,371,227,768580
2026-05-19 20:17:27,lombar,16712,196,1360,706,-122,54,1426035
2026-05-19 20:17:27,esterno,1104,15636,-4944,20,276,295,768602
2026-05-19 20:17:27,lombar,16780,320,1520,558,-123,155,1426057
2026-05-19 20:17:27,esterno,1164,15400,-4920,-425,398,372,768624
2026-05-19 20:17:27,lombar,16716,332,1752,453,-265,146,1426079
2026-05-19 20:17:27,esterno,1012,15248,-4852,-263,282,348,768646
2026-05-19 20:17:27,lombar,16772,324,1600,348,-263,233,1426101
2026-05-19 20:17:27,esterno,1072,15356,-4864,-13,325,221,768668
2026-05-19 20:17:27,lombar,16728,264,1516,341,-102,127,1426123
2026-05-19 20:17:27,esterno,1156,15448,-4816,-130,265,162,768690
2026-05-19 20:17:27,lombar,16792,188,1604,195,42,202,1426145
2026-05-19 20:17:27,esterno,1028,15268,-4688,-114,211,139,768712
2026-05-19 20:17:27,lombar,16728,188,1652,-54,70,418,1426167
2026-05-19 20:17:27,esterno,948,15276,-4608,-41,182,75,768734
2026-05-19 20:17:27,lombar,16856,164,1836,-242,97,436,1426189
2026-05-19 20:17:27,esterno,1052,15112,-4580,26,99,-136,768756
2026-05-19 20:17:27,lombar,16736,204,1976,-251,156,390,1426211
2026-05-19 20:17:27,esterno,960,15228,-4780,45,58,-361,768778
2026-05-19 20:17:27,lombar,16848,88,1816,-545,143,485,1426233
2026-05-19 20:17:27,esterno,932,15256,-4744,87,-62,-383,768800
2026-05-19 20:17:27,lombar,16804,-16,1884,-410,167,490,1426255
2026-05-19 20:17:27,esterno,840,15248,-4848,182,-195,-349,768822
2026-05-19 20:17:27,lombar,16836,0,1800,-262,334,599,1426277
2026-05-19 20:17:27,esterno,664,15308,-4800,381,-190,-369,768844
2026-05-19 20:17:27,lombar,16772,-180,1452,-226,358,613,1426299
2026-05-19 20:17:27,esterno,852,15520,-4956,365,-181,-452,768866
2026-05-19 20:17:27,lombar,16732,-4,1808,-151,144,626,1426321
2026-05-19 20:17:27,esterno,1120,15720,-4764,200,-114,-507,768888
2026-05-19 20:17:27,lombar,16728,100,1992,-114,210,565,1426343
2026-05-19 20:17:27,esterno,1244,15612,-4648,219,8,-380,768910
2026-05-19 20:17:27,lombar,16728,-244,1764,45,210,359,1426365
2026-05-19 20:17:27,esterno,960,15348,-5496,474,200,-406,768932
2026-05-19 20:17:27,lombar,16652,-164,1904,295,214,398,1426387
2026-05-19 20:17:27,esterno,584,15284,-5392,312,759,-453,768954
2026-05-19 20:17:27,lombar,16628,-60,1920,336,87,465,1426409
2026-05-19 20:17:27,esterno,892,15620,-5060,111,-12,-143,768976
2026-05-19 20:17:27,lombar,16516,256,2028,350,133,333,1426431
2026-05-19 20:17:27,esterno,1068,15688,-5196,113,22,64,768998
2026-05-19 20:17:27,lombar,16804,-68,1896,502,109,253,1426453
2026-05-19 20:17:27,esterno,876,15612,-5392,119,465,96,769020
2026-05-19 20:17:27,lombar,16744,16,2012,641,113,151,1426475
2026-05-19 20:17:27,esterno,984,15504,-5220,107,579,75,769042
2026-05-19 20:17:27,lombar,16696,-76,2032,760,-39,164,1426497
2026-05-19 20:17:27,esterno,968,15696,-5024,222,681,73,769064
2026-05-19 20:17:27,lombar,16652,-36,1944,838,48,111,1426519
2026-05-19 20:17:27,esterno,996,15568,-5152,-173,769,228,769086
2026-05-19 20:17:27,lombar,16708,188,1928,920,-161,2,1426541
2026-05-19 20:17:27,esterno,1048,15344,-5228,-204,639,326,769108
2026-05-19 20:17:27,lombar,16684,132,1908,897,-220,-24,1426563
2026-05-19 20:17:27,esterno,924,15548,-5300,246,784,343,769130
2026-05-19 20:17:27,lombar,16836,52,2148,1029,-125,-90,1426585
2026-05-19 20:17:27,esterno,884,15700,-5048,163,789,434,769152
2026-05-19 20:17:27,lombar,16624,300,1992,908,-191,-51,1426607
2026-05-19 20:17:27,esterno,1020,15548,-4948,-2,680,547,769174
2026-05-19 20:17:27,lombar,16628,548,2124,705,-226,-28,1426629
2026-05-19 20:17:27,lombar,16720,504,1972,780,-258,-79,1426651
2026-05-19 20:17:27,esterno,1172,15484,-5148,70,486,525,769196
2026-05-19 20:17:27,esterno,1320,15460,-5264,-141,905,576,769218
2026-05-19 20:17:27,lombar,16520,536,1948,617,-287,-94,1426673
2026-05-19 20:17:27,esterno,1304,15168,-5180,266,799,716,769240
2026-05-19 20:17:27,lombar,16748,624,2012,639,-306,-202,1426695
2026-05-19 20:17:27,lombar,16848,676,2188,507,-353,-133,1426717
2026-05-19 20:17:27,esterno,1232,15308,-4804,590,312,882,769262
2026-05-19 20:17:27,esterno,1084,15220,-5064,131,350,701,769284
2026-05-19 20:17:27,lombar,16748,648,1924,379,-422,-83,1426739
2026-05-19 20:17:27,esterno,908,15276,-5108,-295,271,443,769306
2026-05-19 20:17:27,lombar,16684,684,1944,155,-328,-19,1426761
2026-05-19 20:17:27,esterno,1112,15428,-5268,-236,-206,451,769328
2026-05-19 20:17:27,lombar,16696,572,2076,70,-268,7,1426783
2026-05-19 20:17:27,esterno,1452,15196,-5064,-165,-240,450,769350
2026-05-19 20:17:27,lombar,16644,540,2280,-22,-433,34,1426805
2026-05-19 20:17:27,esterno,1692,15276,-4984,-435,-105,292,769372
2026-05-19 20:17:27,lombar,16708,624,2124,-32,-193,124,1426827
2026-05-19 20:17:27,esterno,1540,15168,-5124,-174,-257,351,769394
2026-05-19 20:17:27,lombar,16880,644,2080,-141,-97,199,1426849
2026-05-19 20:17:27,esterno,1932,15304,-5936,-1055,192,-317,769416
2026-05-19 20:17:27,lombar,16812,704,2180,-413,-426,387,1426871
2026-05-19 20:17:27,esterno,1352,15584,-5284,329,-662,377,769438
2026-05-19 20:17:27,lombar,16628,812,1920,-559,-275,379,1426893
2026-05-19 20:17:27,esterno,1368,15636,-5060,-233,-674,78,769460
2026-05-19 20:17:27,lombar,16572,636,2060,-721,-181,247,1426915
2026-05-19 20:17:27,esterno,1316,15240,-4684,-1185,-315,-25,769482
2026-05-19 20:17:27,lombar,16832,408,2156,-660,-375,221,1426937
2026-05-19 20:17:27,esterno,1496,15076,-5228,-438,-288,194,769504
2026-05-19 20:17:27,lombar,16604,304,2088,-544,-207,263,1426959
2026-05-19 20:17:28,esterno,1516,15112,-5512,-67,-221,88,769526
2026-05-19 20:17:28,lombar,16684,356,1892,-371,-94,215,1426981
2026-05-19 20:17:28,esterno,1492,15524,-5416,-229,-232,118,769548
2026-05-19 20:17:28,lombar,16668,340,2040,-366,-237,194,1427003
2026-05-19 20:17:28,esterno,1520,15872,-5284,-249,64,147,769570
2026-05-19 20:17:28,lombar,16596,376,2016,-223,-374,74,1427025
2026-05-19 20:17:28,esterno,1544,15920,-5104,-439,363,207,769592
2026-05-19 20:17:28,lombar,16552,344,2276,-170,-497,96,1427047
2026-05-19 20:17:28,esterno,1476,15568,-5152,-498,207,230,769614
2026-05-19 20:17:28,lombar,16708,476,1920,19,-471,138,1427069
2026-05-19 20:17:28,esterno,1288,15412,-5004,-407,52,263,769636
2026-05-19 20:17:28,lombar,16792,516,2136,83,-559,136,1427091
2026-05-19 20:17:28,esterno,1176,15364,-5104,-251,-183,458,769658
2026-05-19 20:17:28,lombar,16708,484,2076,16,-585,263,1427113
2026-05-19 20:17:28,esterno,1560,15448,-5544,-380,332,448,769680
2026-05-19 20:17:28,lombar,16716,472,2144,-44,-662,389,1427135
2026-05-19 20:17:28,esterno,1360,15428,-4648,-728,-247,264,769702
2026-05-19 20:17:28,lombar,16692,704,2036,139,-726,409,1427157
2026-05-19 20:17:28,esterno,1360,15412,-5008,-753,-399,285,769724
2026-05-19 20:17:28,lombar,16644,648,1940,-150,-665,366,1427179
2026-05-19 20:17:28,esterno,1348,15336,-5136,-655,-289,288,769746
2026-05-19 20:17:28,lombar,16648,668,2004,-154,-799,433,1427201
2026-05-19 20:17:28,esterno,1336,15400,-4856,-720,-181,129,769768
2026-05-19 20:17:28,lombar,16628,544,1756,-111,-773,357,1427223
2026-05-19 20:17:28,esterno,1496,15460,-4980,-629,-278,62,769790
2026-05-19 20:17:28,lombar,16720,516,1696,-184,-720,457,1427245
2026-05-19 20:17:28,esterno,1328,15684,-4916,-851,-96,79,769812
2026-05-19 20:17:28,lombar,16832,600,2012,-296,-879,506,1427267
2026-05-19 20:17:28,esterno,1216,15640,-4780,-1120,-428,165,769834
2026-05-19 20:17:28,lombar,16628,712,1988,-386,-943,379,1427289
2026-05-19 20:17:28,esterno,1448,15384,-5032,-956,-477,209,769856
2026-05-19 20:17:28,lombar,16680,580,1672,-483,-861,330,1427311
2026-05-19 20:17:28,esterno,1504,15248,-4840,-848,-334,102,769878
2026-05-19 20:17:28,lombar,16584,600,1652,-654,-563,372,1427333
2026-05-19 20:17:28,esterno,1472,15212,-4864,-853,-426,147,769900
2026-05-19 20:17:28,lombar,16664,440,2100,-643,-761,355,1427355
2026-05-19 20:17:28,esterno,1448,15560,-4372,-758,-576,218,769922
2026-05-19 20:17:28,lombar,16960,500,1924,-521,-1151,397,1427377
2026-05-19 20:17:28,esterno,1328,15684,-4776,-923,-346,218,769944
2026-05-19 20:17:28,lombar,16896,684,2052,-555,-1182,487,1427399
2026-05-19 20:17:28,esterno,1192,15344,-4532,-1067,-457,62,769966
2026-05-19 20:17:28,lombar,16864,520,2104,-450,-957,523,1427421
2026-05-19 20:17:28,esterno,1224,14808,-5064,-598,-533,-152,769988
2026-05-19 20:17:28,lombar,16836,340,1880,-369,-421,425,1427443
2026-05-19 20:17:28,esterno,1560,14488,-4936,303,-656,-179,770010
2026-05-19 20:17:28,lombar,16828,188,1924,-167,-329,329,1427465
2026-05-19 20:17:28,esterno,1592,14632,-4660,1136,-666,-235,770032
2026-05-19 20:17:28,lombar,16868,68,1676,-178,-227,373,1427487
2026-05-19 20:17:28,esterno,1160,15144,-4472,1279,-755,-221,770054
2026-05-19 20:17:28,lombar,16972,236,1896,-141,-39,409,1427509
2026-05-19 20:17:28,esterno,1224,15412,-4628,1099,-545,-215,770076
2026-05-19 20:17:28,lombar,16988,224,1620,-223,146,403,1427531
2026-05-19 20:17:28,esterno,1576,15656,-4620,767,-231,-157,770098
2026-05-19 20:17:28,lombar,17052,184,1436,-99,159,402,1427553
2026-05-19 20:17:28,esterno,1520,15476,-4944,594,-201,-132,770120
2026-05-19 20:17:28,lombar,16776,244,1664,-32,322,437,1427575
2026-05-19 20:17:28,esterno,1404,15464,-4840,712,23,-170,770142
2026-05-19 20:17:28,lombar,16852,232,1776,-73,62,468,1427597
2026-05-19 20:17:28,esterno,1136,15360,-4764,831,118,-147,770164
2026-05-19 20:17:28,lombar,16712,352,1884,-177,95,426,1427619
2026-05-19 20:17:28,esterno,1000,15376,-4920,727,152,-119,770186
2026-05-19 20:17:28,lombar,16712,384,1544,-158,591,245,1427641
2026-05-19 20:17:28,esterno,1208,15376,-4992,584,117,32,770208
2026-05-19 20:17:28,lombar,16868,328,1688,-153,369,265,1427663
2026-05-19 20:17:28,esterno,1212,15452,-4980,639,55,120,770230
2026-05-19 20:17:28,lombar,16604,328,1964,-182,49,400,1427685
2026-05-19 20:17:28,esterno,1092,15596,-5016,633,23,0,770252
2026-05-19 20:17:28,lombar,16648,368,1772,-300,32,448,1427707
2026-05-19 20:17:28,esterno,1080,15600,-5152,255,45,-134,770274
2026-05-19 20:17:28,lombar,16656,420,1860,-342,145,396,1427729
2026-05-19 20:17:28,esterno,1052,15424,-5240,107,169,-236,770296
2026-05-19 20:17:28,lombar,16628,336,1880,-460,-94,413,1427751
2026-05-19 20:17:28,esterno,992,15244,-5128,287,-45,-273,770318
2026-05-19 20:17:28,lombar,16632,196,1616,-404,-217,327,1427773
2026-05-19 20:17:28,esterno,1108,15556,-5052,171,-303,-158,770340
2026-05-19 20:17:28,lombar,16552,144,1684,-598,-282,327,1427795
2026-05-19 20:17:28,esterno,928,15628,-4944,-85,-302,39,770362
2026-05-19 20:17:28,lombar,16880,264,1872,-471,-638,488,1427817
2026-05-19 20:17:28,esterno,1104,15496,-5524,71,-241,28,770384
2026-05-19 20:17:28,lombar,16588,232,1696,-409,-534,550,1427839
2026-05-19 20:17:28,esterno,836,15208,-4784,-4,73,-252,770406
2026-05-19 20:17:28,lombar,16836,232,1748,-445,-414,494,1427861
2026-05-19 20:17:28,esterno,1124,15332,-4908,-190,-1057,-163,770428
2026-05-19 20:17:28,lombar,16832,124,1644,-447,-392,520,1427883
2026-05-19 20:17:28,esterno,1088,14916,-5428,114,-759,-91,770450
2026-05-19 20:17:28,lombar,17076,-16,1520,-395,-49,526,1427905
2026-05-19 20:17:28,esterno,1156,14996,-4916,673,-332,-67,770472
2026-05-19 20:17:28,lombar,16824,16,1424,-326,15,498,1427927
2026-05-19 20:17:28,esterno,1468,15532,-4604,957,-355,-52,770494
2026-05-19 20:17:28,lombar,16784,192,1612,-354,-77,530,1427949
2026-05-19 20:17:29,esterno,1228,15912,-4828,687,-24,-252,770516
2026-05-19 20:17:29,lombar,16808,-4,1564,-402,-207,525,1427971
2026-05-19 20:17:29,esterno,1044,15828,-4812,134,133,-323,770538
2026-05-19 20:17:29,lombar,16612,12,1312,-385,178,441,1427993
2026-05-19 20:17:29,esterno,816,15532,-4980,166,-121,-198,770560
2026-05-19 20:17:29,lombar,16712,-16,1800,-314,170,396,1428015
2026-05-19 20:17:29,esterno,860,15640,-4964,467,-272,-102,770582
2026-05-19 20:17:29,lombar,16632,168,1628,-370,-267,502,1428037
2026-05-19 20:17:29,esterno,1012,15420,-5284,53,17,-146,770604
2026-05-19 20:17:29,lombar,16588,96,1612,-531,-239,495,1428059
2026-05-19 20:17:29,esterno,956,15372,-5104,-158,55,-106,770626
2026-05-19 20:17:29,lombar,16576,240,1552,-425,-230,435,1428081
2026-05-19 20:17:29,esterno,1044,15784,-5156,74,-156,34,770648
2026-05-19 20:17:29,lombar,16500,148,1712,-498,-137,367,1428103
2026-05-19 20:17:29,esterno,928,15900,-4684,-334,-265,172,770670
2026-05-19 20:17:29,lombar,16648,-40,1628,-433,-337,395,1428125
2026-05-19 20:17:29,esterno,1076,15984,-5192,-814,-73,313,770692
2026-05-19 20:17:29,lombar,16532,-32,1812,-362,-679,430,1428147
2026-05-19 20:17:29,esterno,1260,15844,-5264,-797,-260,412,770714
2026-05-19 20:17:29,lombar,16556,128,1796,-428,-710,509,1428169
2026-05-19 20:17:29,esterno,1028,15744,-5200,-855,-134,324,770736
2026-05-19 20:17:29,lombar,16580,40,1712,-390,-1002,504,1428191
2026-05-19 20:17:29,esterno,740,15656,-5168,-1189,-310,346,770758
2026-05-19 20:17:29,lombar,16796,-8,1812,-319,-1090,486,1428213
2026-05-19 20:17:29,esterno,848,15036,-4972,-1220,-256,332,770780
2026-05-19 20:17:29,lombar,16824,-112,1680,-295,-769,489,1428235
2026-05-19 20:17:29,esterno,1108,15156,-4892,-1055,-114,203,770802
2026-05-19 20:17:29,lombar,16796,-120,1568,-173,-728,388,1428257
2026-05-19 20:17:29,esterno,1268,15280,-4572,-871,-145,254,770824
2026-05-19 20:17:29,lombar,17044,-8,1680,-50,-726,375,1428279
2026-05-19 20:17:29,esterno,1176,14976,-4832,-494,91,96,770846
2026-05-19 20:17:29,lombar,16916,148,1780,-121,-536,519,1428301
2026-05-19 20:17:29,esterno,1116,15412,-4720,-466,188,41,770868
2026-05-19 20:17:29,lombar,16740,80,2012,-220,-466,578,1428323
2026-05-19 20:17:29,esterno,808,15536,-4912,-595,-143,170,770890
2026-05-19 20:17:29,lombar,16924,40,1416,-92,-314,513,1428345
2026-05-19 20:17:29,esterno,544,15368,-4868,-637,-251,193,770912
2026-05-19 20:17:29,lombar,16804,-8,2248,-78,-327,447,1428367
2026-05-19 20:17:29,esterno,812,15164,-5140,-642,-197,-81,770934
2026-05-19 20:17:29,lombar,16632,76,1804,11,-253,504,1428389
2026-05-19 20:17:29,esterno,1080,15320,-5444,-783,-102,-167,770956
2026-05-19 20:17:29,lombar,16720,32,1904,86,-432,517,1428411
2026-05-19 20:17:29,esterno,1064,15008,-5380,-798,-142,-54,770978
2026-05-19 20:17:29,lombar,16664,40,1704,-97,-516,533,1428433
2026-05-19 20:17:29,esterno,1072,14868,-5544,-498,-55,-114,771000
2026-05-19 20:17:29,lombar,16864,-56,1704,-123,-451,512,1428455
2026-05-19 20:17:29,esterno,1076,15188,-5268,-141,7,-95,771022
2026-05-19 20:17:29,lombar,16556,-120,1540,-116,-112,372,1428477
2026-05-19 20:17:29,esterno,1128,15432,-5072,-76,169,-89,771044
2026-05-19 20:17:29,lombar,16432,-136,2020,-277,13,525,1428499
2026-05-19 20:17:29,esterno,1280,16064,-5596,-501,743,11,771066
2026-05-19 20:17:29,lombar,16776,-92,1908,-181,-655,579,1428521
2026-05-19 20:17:29,esterno,1080,15864,-4708,-966,270,-34,771088
2026-05-19 20:17:29,lombar,16644,-156,1532,-81,-772,508,1428543
2026-05-19 20:17:29,esterno,968,15948,-4944,-1166,-314,147,771110
2026-05-19 20:17:29,lombar,16400,44,1916,-259,-493,476,1428565
2026-05-19 20:17:29,esterno,880,15824,-5292,-1431,97,204,771132
2026-05-19 20:17:29,lombar,16680,-92,1676,-222,-971,541,1428587
2026-05-19 20:17:29,esterno,1116,15472,-5192,-1634,397,89,771154
2026-05-19 20:17:29,lombar,16772,-4,1856,-82,-1336,492,1428609
2026-05-19 20:17:29,esterno,964,15052,-5140,-1249,296,-35,771176
2026-05-19 20:17:29,lombar,16824,24,1384,76,-1225,590,1428631
2026-05-19 20:17:29,esterno,868,15300,-4612,-1132,331,16,771198
2026-05-19 20:17:29,lombar,16556,-184,1452,-71,-730,542,1428653
2026-05-19 20:17:29,esterno,1004,16092,-3908,-1446,-73,223,771220
2026-05-19 20:17:29,lombar,16928,-56,1368,-60,-225,374,1428675
2026-05-19 20:17:29,esterno,1244,16528,-3664,-1979,-223,468,771242
2026-05-19 20:17:29,lombar,16936,-248,1368,-81,-274,391,1428697
2026-05-19 20:17:29,esterno,1068,15508,-3600,-2155,121,170,771264
2026-05-19 20:17:29,lombar,17036,-256,1476,194,-562,485,1428719
2026-05-19 20:17:29,esterno,844,14764,-4140,-1928,413,-187,771286
2026-05-19 20:17:29,lombar,16808,-120,1120,365,-358,501,1428741
2026-05-19 20:17:29,esterno,848,14956,-4380,-1626,110,-59,771308
2026-05-19 20:17:29,lombar,16568,-20,1964,270,-14,519,1428763
2026-05-19 20:17:29,esterno,1152,15504,-4212,-1580,-100,128,771330
2026-05-19 20:17:29,lombar,16688,-168,2008,167,-514,270,1428785
2026-05-19 20:17:29,esterno,1204,15256,-4268,-1390,-112,92,771352
2026-05-19 20:17:29,lombar,16944,-220,2092,135,-831,313,1428807
2026-05-19 20:17:29,esterno,1056,15124,-4384,-1012,202,-57,771374
2026-05-19 20:17:29,lombar,16920,-288,1992,137,-458,308,1428829
2026-05-19 20:17:29,esterno,1112,14948,-4588,-570,-110,63,771396
2026-05-19 20:17:29,lombar,17024,-108,1948,106,-37,239,1428851
2026-05-19 20:17:29,esterno,964,15056,-3800,-242,-18,-97,771418
2026-05-19 20:17:29,lombar,16924,152,2112,236,370,158,1428873
2026-05-19 20:17:29,esterno,728,14952,-3956,-369,-482,-181,771440
2026-05-19 20:17:29,lombar,16920,-64,2136,-83,158,97,1428895
2026-05-19 20:17:29,esterno,852,14664,-4412,-435,-253,-197,771462
2026-05-19 20:17:29,lombar,17192,-184,2388,-115,-56,11,1428917
2026-05-19 20:17:29,esterno,1008,14356,-4388,227,-264,-169,771484
2026-05-19 20:17:29,lombar,17072,-172,2340,-321,-58,-70,1428939
2026-05-19 20:17:29,esterno,1052,14340,-4284,1225,-248,-222,771506
2026-05-19 20:17:29,lombar,16380,-388,1280,382,1108,-249,1428961
2026-05-19 20:17:30,esterno,1244,14540,-5352,1615,567,-285,771528
2026-05-19 20:17:30,lombar,16692,-464,1620,1244,1003,-486,1428983
2026-05-19 20:17:30,esterno,1200,15144,-5212,2061,860,-306,771550
2026-05-19 20:17:30,lombar,17024,-156,1720,1065,611,-121,1429005
2026-05-19 20:17:30,esterno,1328,15788,-4820,2712,633,-118,771572
2026-05-19 20:17:30,lombar,16868,-236,1700,1403,304,112,1429027
2026-05-19 20:17:30,esterno,896,16436,-3872,3280,319,-15,771594
2026-05-19 20:17:30,lombar,16552,204,776,751,1294,279,1429049
2026-05-19 20:17:30,esterno,656,16924,-3216,2077,164,48,771616
2026-05-19 20:17:30,lombar,16736,180,1672,238,601,176,1429071
2026-05-19 20:17:30,esterno,388,16708,-3324,738,-347,-45,771638
2026-05-19 20:17:30,lombar,16732,380,1384,146,-35,294,1429093
2026-05-19 20:17:30,esterno,624,15856,-4468,768,-387,-249,771660
2026-05-19 20:17:30,lombar,16744,360,1652,-19,443,342,1429115
2026-05-19 20:17:30,esterno,784,15468,-4868,925,36,-386,771682
2026-05-19 20:17:30,lombar,16560,304,1776,-197,75,299,1429137
2026-05-19 20:17:30,esterno,912,15392,-4552,714,-1129,-89,771704
2026-05-19 20:17:30,lombar,16652,228,1548,-97,-143,256,1429159
2026-05-19 20:17:30,esterno,912,15396,-4808,905,-1309,181,771726
2026-05-19 20:17:30,lombar,16548,216,1728,-371,94,259,1429181
2026-05-19 20:17:30,esterno,1084,15776,-4788,1103,-596,28,771748
2026-05-19 20:17:30,lombar,16596,228,1892,-416,178,188,1429203
2026-05-19 20:17:30,esterno,1144,15864,-4768,906,-201,-67,771770
2026-05-19 20:17:30,lombar,16600,96,1848,-352,-236,102,1429225
2026-05-19 20:17:30,esterno,1172,15776,-4920,626,-98,27,771792
2026-05-19 20:17:30,lombar,16572,-96,1600,-473,-79,174,1429247
2026-05-19 20:17:30,esterno,1244,15660,-4984,219,41,104,771814
2026-05-19 20:17:30,lombar,16532,-104,1696,-539,-209,280,1429269
2026-05-19 20:17:30,esterno,1056,15464,-4804,74,-118,186,771836
2026-05-19 20:17:30,lombar,16424,40,1956,-314,-377,228,1429291
2026-05-19 20:17:30,esterno,1040,15392,-4936,185,-134,271,771858
2026-05-19 20:17:30,lombar,16488,8,1876,-394,-492,203,1429313
2026-05-19 20:17:30,esterno,1152,15596,-5404,42,95,391,771880
2026-05-19 20:17:30,lombar,16728,-104,1684,-256,-739,288,1429335
2026-05-19 20:17:30,esterno,1104,15696,-5212,-253,96,602,771902
2026-05-19 20:17:30,lombar,16776,36,1876,-272,-640,387,1429357
2026-05-19 20:17:30,esterno,1044,15976,-5108,-121,-102,589,771924
2026-05-19 20:17:30,lombar,16716,128,1696,-143,-541,406,1429379
2026-05-19 20:17:30,esterno,876,16116,-4576,-472,-146,493,771946
2026-05-19 20:17:30,lombar,16688,-88,1516,-339,-732,320,1429401
2026-05-19 20:17:30,esterno,780,15764,-4828,-779,-277,497,771968
2026-05-19 20:17:30,lombar,16792,-140,1548,-159,-768,325,1429423
2026-05-19 20:17:30,esterno,1172,15572,-4936,-753,-329,549,771990
2026-05-19 20:17:30,lombar,16768,28,1724,-3,-628,307,1429445
2026-05-19 20:17:30,esterno,1400,15584,-4764,-826,-79,599,772012
2026-05-19 20:17:30,lombar,16652,104,1472,21,-642,357,1429467
2026-05-19 20:17:30,esterno,1236,15572,-4632,-988,82,497,772034
2026-05-19 20:17:30,lombar,16812,156,1820,-47,-717,341,1429489
2026-05-19 20:17:30,esterno,1192,15508,-4752,-1191,12,388,772056
2026-05-19 20:17:30,lombar,16956,264,2048,-73,-765,307,1429511
2026-05-19 20:17:30,esterno,1204,15464,-4940,-1273,174,291,772078
2026-05-19 20:17:30,lombar,16720,260,1748,121,-540,336,1429533
2026-05-19 20:17:30,esterno,1216,15360,-4860,-1232,225,310,772100
2026-05-19 20:17:30,lombar,16500,196,1492,-86,-348,291,1429555
2026-05-19 20:17:30,esterno,1128,15400,-4764,-1138,192,454,772122
2026-05-19 20:17:30,lombar,16796,-24,1932,-75,-865,246,1429577
2026-05-19 20:17:30,esterno,1092,15360,-4864,-1051,-15,415,772144
2026-05-19 20:17:30,lombar,16508,12,1520,48,-772,271,1429599
2026-05-19 20:17:30,esterno,1244,15456,-4656,-1042,-9,259,772166
2026-05-19 20:17:30,lombar,16584,-8,1588,-114,-779,246,1429621
2026-05-19 20:17:30,esterno,1472,15748,-4708,-1146,51,306,772188
2026-05-19 20:17:30,lombar,16688,324,1812,-152,-973,447,1429643
2026-05-19 20:17:30,esterno,1332,16024,-4392,-1117,14,340,772210
2026-05-19 20:17:30,lombar,16640,104,1740,-180,-1160,382,1429665
2026-05-19 20:17:30,esterno,1416,15884,-4448,-1082,32,223,772232
2026-05-19 20:17:30,lombar,16916,344,1864,-89,-1374,446,1429687
2026-05-19 20:17:30,esterno,1236,15460,-4684,-1098,785,-142,772254
2026-05-19 20:17:30,lombar,16676,188,1360,-126,-1078,584,1429709
2026-05-19 20:17:30,esterno,1284,15332,-4196,-1154,152,-200,772276
2026-05-19 20:17:30,lombar,16684,-40,1296,-113,-1244,560,1429731
2026-05-19 20:17:30,esterno,1376,15580,-4112,-1304,-144,152,772298
2026-05-19 20:17:30,lombar,16972,-28,1828,-164,-1686,530,1429753
2026-05-19 20:17:30,esterno,1308,15056,-4604,-994,-274,179,772320
2026-05-19 20:17:30,lombar,17056,76,1564,1,-1401,684,1429775
2026-05-19 20:17:30,esterno,1284,14852,-4280,-364,238,-215,772342
2026-05-19 20:17:30,lombar,17068,196,1640,9,-1223,723,1429797
2026-05-19 20:17:30,esterno,1340,15168,-4144,-102,195,-321,772364
2026-05-19 20:17:30,lombar,16836,152,1116,-194,-916,781,1429819
2026-05-19 20:17:30,lombar,16484,-48,1208,-168,-430,675,1429841
2026-05-19 20:17:30,esterno,1284,15464,-4188,-257,274,-217,772386
2026-05-19 20:17:30,esterno,1000,15668,-4180,-594,227,-129,772408
2026-05-19 20:17:30,lombar,16740,-88,956,-307,-719,694,1429863
2026-05-19 20:17:30,esterno,1136,16024,-4368,-515,111,-171,772430
2026-05-19 20:17:30,lombar,16716,-208,1164,-160,-1122,747,1429885
2026-05-19 20:17:30,esterno,1200,16156,-4208,-573,183,-391,772452
2026-05-19 20:17:30,lombar,16984,-100,1240,-59,-1762,917,1429907
2026-05-19 20:17:30,esterno,1304,15988,-4068,-835,317,-549,772474
2026-05-19 20:17:30,lombar,16840,124,1136,-143,-1865,1016,1429929
2026-05-19 20:17:30,esterno,1288,15904,-3808,-1058,376,-669,772496
2026-05-19 20:17:30,lombar,16516,208,1084,-316,-1590,951,1429951
2026-05-19 20:17:30,esterno,1260,15712,-4024,-1476,489,-610,772518
2026-05-19 20:17:31,lombar,16468,-96,1196,-152,-1400,765,1429973
2026-05-19 20:17:31,esterno,1048,15088,-4416,-1461,442,-523,772540
2026-05-19 20:17:31,lombar,16852,-272,1084,-266,-2010,713,1429995
2026-05-19 20:17:31,esterno,980,14948,-4488,-1112,62,-625,772562
2026-05-19 20:17:31,lombar,16848,-352,684,-187,-1497,881,1430017
2026-05-19 20:17:31,esterno,1208,14996,-4400,-1303,183,-442,772584
2026-05-19 20:17:31,lombar,16752,-328,996,-319,-1710,781,1430039
2026-05-19 20:17:31,esterno,1072,15104,-3472,-1267,-52,-323,772606
2026-05-19 20:17:31,lombar,17012,-40,1084,-321,-1812,798,1430061
2026-05-19 20:17:31,esterno,1228,15656,-3400,-726,-239,-315,772628
2026-05-19 20:17:31,esterno,1096,15516,-3516,-719,31,-377,772650
2026-05-19 20:17:31,lombar,16988,-128,756,-189,-1134,709,1430083
2026-05-19 20:17:31,lombar,16848,-304,620,-65,-547,650,1430105
2026-05-19 20:17:31,esterno,1056,15196,-4008,-767,223,-514,772672
2026-05-19 20:17:31,lombar,16816,-372,632,-45,-307,625,1430127
2026-05-19 20:17:31,esterno,1076,15268,-4128,-542,330,-514,772694
2026-05-19 20:17:31,lombar,16944,-436,784,-3,-741,633,1430149
2026-05-19 20:17:31,esterno,1148,15648,-3856,-301,511,-422,772716
2026-05-19 20:17:31,lombar,16828,-380,544,9,-780,784,1430171
2026-05-19 20:17:31,esterno,892,15852,-3660,-548,685,-406,772738
2026-05-19 20:17:31,lombar,16744,-448,772,-31,-870,742,1430193
2026-05-19 20:17:31,esterno,828,15800,-3708,-710,579,-376,772760
2026-05-19 20:17:31,lombar,16816,-340,416,47,-633,627,1430215
2026-05-19 20:17:31,esterno,940,15572,-3724,-392,582,-353,772782
2026-05-19 20:17:31,lombar,16716,-460,396,-260,-675,522,1430237
2026-05-19 20:17:31,esterno,840,15896,-3528,-95,585,-225,772804
2026-05-19 20:17:31,lombar,16804,-448,312,-400,-691,634,1430259
2026-05-19 20:17:31,esterno,1064,16016,-4048,-111,1232,-214,772826
2026-05-19 20:17:31,lombar,16700,-228,432,-365,-491,618,1430281
2026-05-19 20:17:31,esterno,868,15996,-3028,-548,738,-377,772848
2026-05-19 20:17:31,lombar,16668,-288,348,-267,-837,584,1430303
2026-05-19 20:17:31,esterno,888,16140,-3728,-829,491,-189,772870
2026-05-19 20:17:31,lombar,16676,-532,432,-126,-1120,451,1430325
2026-05-19 20:17:31,esterno,684,15540,-4052,-696,755,-78,772892
2026-05-19 20:17:31,lombar,16868,-524,312,169,-844,477,1430347
2026-05-19 20:17:31,esterno,568,15384,-3696,-475,788,-177,772914
2026-05-19 20:17:31,lombar,16776,-320,416,222,-464,497,1430369
2026-05-19 20:17:31,esterno,824,15764,-3088,-372,723,-2,772936
2026-05-19 20:17:31,lombar,16628,-220,516,22,-682,396,1430391
