timestamp,node,ax,ay,az,gx,gy,gz,t_ms
2026-05-19 20:17:38,esterno,84,15872,-4128,1003,621,224,779624
2026-05-19 20:17:38,lombar,16828,-736,1564,657,212,187,1437079
2026-05-19 20:17:38,esterno,280,16128,-4132,603,691,78,779646
2026-05-19 20:17:38,lombar,16820,-804,1248,531,-344,257,1437101
2026-05-19 20:17:38,esterno,548,16008,-4428,622,702,93,779668
2026-05-19 20:17:38,lombar,16724,-560,1680,463,-31,175,1437123
2026-05-19 20:17:38,esterno,444,15868,-4036,851,523,128,779690
2026-05-19 20:17:38,lombar,16600,-516,1548,527,-32,154,1437145
2026-05-19 20:17:38,esterno,332,15976,-4080,571,353,47,779712
2026-05-19 20:17:38,lombar,16536,-460,1392,410,19,145,1437167
2026-05-19 20:17:38,esterno,212,16128,-3872,-10,106,-14,779734
2026-05-19 20:17:38,lombar,16628,-728,1616,85,-87,200,1437189
2026-05-19 20:17:38,esterno,404,15824,-4668,38,219,8,779756
2026-05-19 20:17:38,lombar,16692,-604,1704,106,-302,330,1437211
2026-05-19 20:17:38,esterno,676,15748,-4616,-17,768,-67,779778
2026-05-19 20:17:38,lombar,16544,-648,1544,-29,-344,338,1437233
2026-05-19 20:17:38,esterno,924,15808,-4308,-254,-120,-6,779800
2026-05-19 20:17:38,lombar,16732,-852,1388,-15,-478,271,1437255
2026-05-19 20:17:38,esterno,624,15804,-4424,-327,-69,20,779822
2026-05-19 20:17:38,lombar,16712,-708,1576,195,-339,293,1437277
2026-05-19 20:17:38,esterno,464,15572,-4152,-242,304,-25,779844
2026-05-19 20:17:38,lombar,16648,-764,1668,234,-458,385,1437299
2026-05-19 20:17:38,esterno,752,15408,-4336,-187,410,-49,779866
2026-05-19 20:17:38,lombar,16700,-776,1664,226,-549,378,1437321
2026-05-19 20:17:38,esterno,620,15368,-4608,-280,488,-66,779888
2026-05-19 20:17:38,lombar,16656,-664,1716,207,-393,415,1437343
2026-05-19 20:17:38,esterno,384,15288,-4500,-609,475,-27,779910
2026-05-19 20:17:38,lombar,16636,-712,1628,446,-519,377,1437365
2026-05-19 20:17:38,esterno,344,15348,-4564,-572,463,-55,779932
2026-05-19 20:17:38,lombar,16628,-744,1592,565,-567,399,1437387
2026-05-19 20:17:38,esterno,968,15524,-5088,-516,660,-55,779954
2026-05-19 20:17:38,lombar,16836,-804,1684,651,-541,421,1437409
2026-05-19 20:17:38,esterno,616,15532,-4664,-695,615,12,779976
2026-05-19 20:17:38,lombar,16780,-620,1760,720,-577,365,1437431
2026-05-19 20:17:38,esterno,612,15360,-4496,-693,497,69,779998
2026-05-19 20:17:38,lombar,16940,-564,1516,570,-604,394,1437453
2026-05-19 20:17:38,esterno,612,15064,-4664,-522,627,-86,780020
2026-05-19 20:17:38,lombar,16944,-636,1564,623,-464,318,1437475
2026-05-19 20:17:38,esterno,396,14968,-4252,-425,810,-178,780042
2026-05-19 20:17:38,lombar,16848,-728,1540,780,-241,160,1437497
2026-05-19 20:17:38,esterno,604,15072,-4024,132,741,-88,780064
2026-05-19 20:17:38,lombar,16764,-880,1432,749,10,209,1437519
2026-05-19 20:17:38,esterno,676,15360,-3964,411,805,-15,780086
2026-05-19 20:17:38,lombar,16956,-728,1476,575,-73,270,1437541
2026-05-19 20:17:38,esterno,548,15924,-3988,100,1019,-157,780108
2026-05-19 20:17:38,lombar,16808,-656,1248,428,106,266,1437563
2026-05-19 20:17:38,esterno,256,16032,-4232,-23,687,-83,780130
2026-05-19 20:17:38,lombar,16876,-536,1504,282,71,244,1437585
2026-05-19 20:17:38,esterno,292,15756,-4300,208,350,-32,780152
2026-05-19 20:17:38,lombar,16744,-544,1532,199,-69,245,1437607
2026-05-19 20:17:38,esterno,356,15648,-4332,84,284,134,780174
2026-05-19 20:17:38,lombar,16736,-548,1500,103,21,231,1437629
2026-05-19 20:17:38,esterno,524,15592,-4268,-110,156,157,780196
2026-05-19 20:17:38,lombar,16640,-468,1564,-45,-68,269,1437651
2026-05-19 20:17:38,esterno,580,15572,-4344,126,222,18,780218
2026-05-19 20:17:38,lombar,16604,-604,1628,-164,-190,305,1437673
2026-05-19 20:17:38,esterno,564,15596,-4344,45,214,-48,780240
2026-05-19 20:17:38,lombar,16712,-412,1792,-186,-154,319,1437695
2026-05-19 20:17:38,esterno,552,15580,-4380,-228,150,14,780262
2026-05-19 20:17:38,lombar,16572,-484,1388,-250,-311,254,1437717
2026-05-19 20:17:38,esterno,448,15596,-4224,-95,-55,145,780284
2026-05-19 20:17:38,lombar,16736,-748,1388,-252,-495,296,1437739
2026-05-19 20:17:38,esterno,552,15932,-4416,-105,-161,200,780306
2026-05-19 20:17:38,esterno,484,15948,-4588,-398,381,11,780328
2026-05-19 20:17:38,lombar,16600,-624,1572,-348,-566,366,1437761
2026-05-19 20:17:38,lombar,16448,-652,1364,-308,-728,349,1437783
2026-05-19 20:17:38,esterno,604,15936,-4132,-695,-51,8,780350
2026-05-19 20:17:38,lombar,16604,-680,1496,-108,-679,247,1437805
2026-05-19 20:17:38,esterno,556,15844,-4416,-697,-371,279,780372
2026-05-19 20:17:38,lombar,16456,-716,1536,54,-766,255,1437827
2026-05-19 20:17:38,esterno,548,15824,-4448,-831,-169,369,780394
2026-05-19 20:17:38,lombar,16480,-688,1520,27,-1100,400,1437849
2026-05-19 20:17:38,esterno,636,15768,-4328,-1127,45,282,780416
2026-05-19 20:17:38,lombar,16572,-628,1160,-48,-1141,382,1437871
2026-05-19 20:17:38,esterno,992,15744,-4380,-1056,34,232,780438
2026-05-19 20:17:38,lombar,16704,-640,1448,-76,-1222,424,1437893
2026-05-19 20:17:38,esterno,772,16120,-4192,-1217,221,252,780460
2026-05-19 20:17:38,lombar,16812,-756,1396,-118,-1426,415,1437915
2026-05-19 20:17:38,esterno,584,15968,-3836,-1505,48,363,780482
2026-05-19 20:17:38,lombar,16980,-776,1348,-39,-1429,440,1437937
2026-05-19 20:17:38,esterno,584,15560,-4000,-1342,100,291,780504
2026-05-19 20:17:38,lombar,16848,-544,1280,135,-1284,453,1437959
2026-05-19 20:17:39,esterno,660,15292,-4012,-1239,260,164,780526
2026-05-19 20:17:39,lombar,16868,-640,1320,118,-965,426,1437981
2026-05-19 20:17:39,esterno,644,15244,-3884,-1277,186,77,780548
2026-05-19 20:17:39,lombar,17012,-716,1436,47,-888,382,1438003
2026-05-19 20:17:39,esterno,864,15108,-3780,-1034,71,25,780570
2026-05-19 20:17:39,lombar,17020,-768,1400,132,-747,440,1438025
2026-05-19 20:17:39,esterno,744,15008,-3780,-619,251,-90,780592
2026-05-19 20:17:39,lombar,17088,-556,1420,288,-235,399,1438047
2026-05-19 20:17:39,esterno,612,15212,-4268,-518,370,-257,780614
2026-05-19 20:17:39,lombar,17076,-460,1628,295,-94,315,1438069
2026-05-19 20:17:39,esterno,988,15636,-4284,-354,366,-84,780636
2026-05-19 20:17:39,lombar,17008,-576,1400,371,48,347,1438091
2026-05-19 20:17:39,esterno,872,15412,-3912,-68,388,118,780658
2026-05-19 20:17:39,lombar,16804,-588,1160,284,32,329,1438113
2026-05-19 20:17:39,esterno,280,14908,-3756,-104,59,29,780680
2026-05-19 20:17:39,lombar,16912,-644,1352,-8,115,384,1438135
2026-05-19 20:17:39,esterno,-216,14996,-3688,-55,-248,-87,780702
2026-05-19 20:17:39,lombar,16872,-444,1452,-188,314,416,1438157
2026-05-19 20:17:39,esterno,332,15320,-3752,-10,-462,-156,780724
2026-05-19 20:17:39,lombar,16872,-592,1172,-116,535,323,1438179
2026-05-19 20:17:39,esterno,996,15420,-3504,89,-543,-69,780746
2026-05-19 20:17:39,lombar,17012,-716,1040,25,633,157,1438201
2026-05-19 20:17:39,esterno,1140,15484,-3808,331,-205,-246,780768
2026-05-19 20:17:39,lombar,17040,-672,1160,-6,827,174,1438223
2026-05-19 20:17:39,esterno,952,15852,-4028,494,243,-359,780790
2026-05-19 20:17:39,lombar,16852,-700,1232,-167,772,272,1438245
2026-05-19 20:17:39,esterno,692,16096,-3840,561,97,-209,780812
2026-05-19 20:17:39,lombar,16848,-628,1308,-308,511,383,1438267
2026-05-19 20:17:39,esterno,328,15960,-3556,719,-214,-136,780834
2026-05-19 20:17:39,lombar,16652,-520,1384,-400,503,338,1438289
2026-05-19 20:17:39,esterno,584,15892,-3872,729,-297,-28,780856
2026-05-19 20:17:39,lombar,16752,-804,1384,-403,433,330,1438311
2026-05-19 20:17:39,esterno,696,15548,-4176,904,-239,53,780878
2026-05-19 20:17:39,lombar,16628,-836,1332,-352,295,298,1438333
2026-05-19 20:17:39,esterno,548,15808,-4392,784,567,-45,780900
2026-05-19 20:17:39,lombar,16488,-732,1380,-165,173,232,1438355
2026-05-19 20:17:39,esterno,548,16064,-3676,482,-80,80,780922
2026-05-19 20:17:39,lombar,16528,-688,1584,-224,45,177,1438377
2026-05-19 20:17:39,esterno,412,16164,-4044,34,-140,261,780944
2026-05-19 20:17:39,lombar,16572,-880,1500,-1,-44,189,1438399
2026-05-19 20:17:39,esterno,356,15844,-4304,-108,70,348,780966
2026-05-19 20:17:39,lombar,16548,-720,1456,62,-219,82,1438421
2026-05-19 20:17:39,esterno,556,15816,-4180,-23,266,262,780988
2026-05-19 20:17:39,lombar,16516,-828,1432,131,-355,131,1438443
2026-05-19 20:17:39,esterno,764,15960,-4284,-6,309,431,781010
2026-05-19 20:17:39,lombar,16608,-880,1408,-40,-378,205,1438465
2026-05-19 20:17:39,esterno,660,16116,-3964,-384,450,514,781032
2026-05-19 20:17:39,lombar,16680,-764,1228,34,-531,103,1438487
2026-05-19 20:17:39,esterno,720,16068,-3888,-724,452,561,781054
2026-05-19 20:17:39,lombar,16848,-704,1132,8,-598,150,1438509
2026-05-19 20:17:39,esterno,728,16068,-3928,-663,430,504,781076
2026-05-19 20:17:39,lombar,16848,-752,1372,-77,-664,237,1438531
2026-05-19 20:17:39,esterno,612,16112,-3964,-851,618,391,781098
2026-05-19 20:17:39,lombar,16864,-664,1208,-162,-754,228,1438553
2026-05-19 20:17:39,esterno,608,15936,-3840,-1094,447,193,781120
2026-05-19 20:17:39,lombar,16776,-624,1464,-266,-816,248,1438575
2026-05-19 20:17:39,esterno,624,15644,-3964,-1336,423,64,781142
2026-05-19 20:17:39,lombar,16532,-604,1308,22,-645,206,1438597
2026-05-19 20:17:39,esterno,400,15460,-3668,-1529,453,54,781164
2026-05-19 20:17:39,lombar,16560,-528,1436,-46,-530,161,1438619
2026-05-19 20:17:39,esterno,696,15380,-3964,-1494,384,170,781186
2026-05-19 20:17:39,lombar,16608,-664,1776,-223,-795,184,1438641
2026-05-19 20:17:39,esterno,964,15160,-4004,-1128,164,343,781208
2026-05-19 20:17:39,lombar,16840,-892,1724,-114,-1038,281,1438663
2026-05-19 20:17:39,esterno,768,15376,-3856,-890,476,256,781230
2026-05-19 20:17:39,lombar,16844,-688,1568,231,-839,237,1438685
2026-05-19 20:17:39,esterno,584,15412,-4096,-1143,359,172,781252
2026-05-19 20:17:39,lombar,16736,-528,1416,576,-481,236,1438707
2026-05-19 20:17:39,esterno,660,15072,-4052,-1246,194,230,781274
2026-05-19 20:17:39,lombar,16620,-604,1604,501,-464,231,1438729
2026-05-19 20:17:39,esterno,944,15236,-3804,-602,138,364,781296
2026-05-19 20:17:39,lombar,16788,-732,1300,324,-827,305,1438751
2026-05-19 20:17:39,esterno,1008,15492,-3584,-343,212,429,781318
2026-05-19 20:17:39,lombar,16916,-676,1416,335,-810,365,1438773
2026-05-19 20:17:39,esterno,892,15652,-3312,-542,376,237,781340
2026-05-19 20:17:39,lombar,16892,-692,1176,452,-451,312,1438795
2026-05-19 20:17:39,esterno,708,15504,-3304,-390,498,146,781362
2026-05-19 20:17:39,lombar,16972,-792,1320,825,-217,256,1438817
2026-05-19 20:17:39,esterno,472,15532,-3408,-117,432,133,781384
2026-05-19 20:17:39,lombar,16932,-532,1348,539,-78,277,1438839
2026-05-19 20:17:39,esterno,716,15564,-3464,129,278,206,781406
2026-05-19 20:17:39,lombar,17040,-616,1304,341,-2,169,1438861
2026-05-19 20:17:39,esterno,800,15716,-3388,301,244,116,781428
2026-05-19 20:17:39,lombar,16932,-596,1384,225,-11,103,1438883
2026-05-19 20:17:39,esterno,832,15636,-3516,318,237,83,781450
2026-05-19 20:17:39,lombar,16956,-752,1544,450,141,9,1438905
2026-05-19 20:17:39,esterno,836,15456,-4040,652,713,-37,781472
2026-05-19 20:17:39,lombar,16932,-804,1452,447,494,48,1438927
2026-05-19 20:17:39,esterno,764,15448,-3396,694,613,-75,781494
2026-05-19 20:17:39,lombar,16708,-704,1724,579,660,108,1438949
2026-05-19 20:17:39,esterno,672,15420,-3732,844,228,16,781516
2026-05-19 20:17:40,lombar,16656,-488,1564,621,507,25,1438971
2026-05-19 20:17:40,esterno,636,15340,-4056,975,361,72,781538
2026-05-19 20:17:40,lombar,16780,-524,1776,749,455,33,1438993
2026-05-19 20:17:40,esterno,776,15284,-4120,1030,494,108,781560
2026-05-19 20:17:40,lombar,16632,-568,1688,696,630,98,1439015
2026-05-19 20:17:40,esterno,1044,15380,-4052,1224,545,33,781582
2026-05-19 20:17:40,esterno,968,15632,-3896,1358,755,-129,781604
2026-05-19 20:17:40,lombar,16748,-616,1708,548,495,84,1439037
2026-05-19 20:17:40,lombar,16708,-856,1512,538,415,139,1439059
2026-05-19 20:17:40,esterno,744,15640,-4040,1230,798,-213,781626
2026-05-19 20:17:40,lombar,16760,-828,1504,718,627,126,1439081
2026-05-19 20:17:40,esterno,492,15612,-4132,1266,729,-128,781648
2026-05-19 20:17:40,lombar,16772,-624,1612,950,481,98,1439103
2026-05-19 20:17:40,esterno,456,15764,-4156,1304,865,-78,781670
2026-05-19 20:17:40,lombar,16800,-664,1860,848,322,131,1439125
2026-05-19 20:17:40,esterno,752,15908,-4088,1252,768,-51,781692
2026-05-19 20:17:40,lombar,16740,-736,1764,887,373,73,1439147
2026-05-19 20:17:40,esterno,780,15948,-4168,929,776,2,781714
2026-05-19 20:17:40,lombar,16644,-688,1828,879,491,122,1439169
2026-05-19 20:17:40,esterno,536,15748,-4284,666,956,11,781736
2026-05-19 20:17:40,lombar,16780,-648,1744,891,253,78,1439191
2026-05-19 20:17:40,esterno,608,15532,-4508,879,857,-23,781758
2026-05-19 20:17:40,lombar,16640,-700,1528,1049,304,24,1439213
2026-05-19 20:17:40,esterno,736,15656,-4524,894,851,43,781780
2026-05-19 20:17:40,lombar,16688,-880,1940,1088,226,-15,1439235
2026-05-19 20:17:40,esterno,808,15636,-4620,788,1178,72,781802
2026-05-19 20:17:40,lombar,16680,-720,1992,1181,66,21,1439257
2026-05-19 20:17:40,esterno,772,15612,-4552,757,1340,91,781824
2026-05-19 20:17:40,lombar,16628,-608,1768,1231,131,-37,1439279
2026-05-19 20:17:40,esterno,636,15572,-5028,650,1446,178,781846
2026-05-19 20:17:40,lombar,16644,-308,1712,1448,152,-217,1439301
2026-05-19 20:17:40,esterno,536,15680,-4932,660,1535,381,781868
2026-05-19 20:17:40,lombar,16652,-740,1888,1853,40,-405,1439323
2026-05-19 20:17:40,esterno,696,15720,-4664,928,1574,648,781890
2026-05-19 20:17:40,lombar,16900,-652,1868,2450,-224,-380,1439345
2026-05-19 20:17:40,esterno,1072,15684,-4476,1095,1744,828,781912
2026-05-19 20:17:40,lombar,16820,-500,1812,2460,52,-285,1439367
2026-05-19 20:17:40,esterno,1192,15796,-4496,919,1899,931,781934
2026-05-19 20:17:40,lombar,16672,-172,1800,2125,-9,-443,1439389
2026-05-19 20:17:40,esterno,776,15600,-4592,896,1827,1028,781956
2026-05-19 20:17:40,lombar,16916,32,1840,2170,-413,-675,1439411
2026-05-19 20:17:40,esterno,552,15656,-4560,971,1609,1255,781978
2026-05-19 20:17:40,lombar,16764,72,1940,1867,-181,-956,1439433
2026-05-19 20:17:40,esterno,804,15644,-4588,958,1266,1524,782000
2026-05-19 20:17:40,lombar,16576,0,1976,1521,182,-1045,1439455
2026-05-19 20:17:40,esterno,1308,15564,-4664,885,1085,1717,782022
2026-05-19 20:17:40,lombar,16816,164,1836,1496,-167,-1166,1439477
2026-05-19 20:17:40,esterno,1644,15328,-4948,1030,1249,1763,782044
2026-05-19 20:17:40,lombar,16440,328,2660,1361,25,-1280,1439499
2026-05-19 20:17:40,esterno,1576,15116,-5648,1235,1754,1602,782066
2026-05-19 20:17:40,lombar,16836,716,2304,1336,213,-1362,1439521
2026-05-19 20:17:40,esterno,1524,15124,-4936,1240,1432,1584,782088
2026-05-19 20:17:40,lombar,16712,644,1992,999,189,-1563,1439543
2026-05-19 20:17:40,esterno,1444,15340,-4768,1263,542,1851,782110
2026-05-19 20:17:40,lombar,16580,772,2020,963,252,-1824,1439565
2026-05-19 20:17:40,esterno,1640,14984,-5384,1502,667,2134,782132
2026-05-19 20:17:40,lombar,16728,664,2588,1031,304,-1845,1439587
2026-05-19 20:17:40,esterno,1648,14892,-5764,1733,1034,2200,782154
2026-05-19 20:17:40,lombar,16996,1100,2028,2142,126,-1810,1439609
2026-05-19 20:17:40,esterno,2036,14936,-5480,1805,722,2057,782176
2026-05-19 20:17:40,lombar,16704,1156,2440,1534,558,-1525,1439631
2026-05-19 20:17:40,esterno,2508,15032,-5420,1550,606,1783,782198
2026-05-19 20:17:40,lombar,16872,1456,2420,1150,308,-1243,1439653
2026-05-19 20:17:40,esterno,2536,15168,-5368,1287,601,1677,782220
2026-05-19 20:17:40,lombar,16820,1632,2012,1178,465,-1268,1439675
2026-05-19 20:17:40,esterno,2092,15012,-5360,1410,555,2020,782242
2026-05-19 20:17:40,lombar,16696,1764,2268,746,937,-1276,1439697
2026-05-19 20:17:40,esterno,2240,14928,-5720,1416,-345,1789,782264
2026-05-19 20:17:40,lombar,16492,1664,2256,558,685,-1166,1439719
2026-05-19 20:17:40,esterno,2460,15016,-5712,1470,-974,1608,782286
2026-05-19 20:17:40,lombar,16684,1648,2280,389,595,-977,1439741
2026-05-19 20:17:40,esterno,2636,15016,-6092,1321,-1134,1608,782308
2026-05-19 20:17:40,lombar,16668,1628,2380,369,730,-962,1439763
2026-05-19 20:17:40,esterno,2624,15144,-5884,1062,-1204,1503,782330
2026-05-19 20:17:40,lombar,16648,1544,2284,424,445,-977,1439785
2026-05-19 20:17:40,esterno,2732,15284,-6284,975,-1307,1426,782352
2026-05-19 20:17:40,lombar,16388,1592,2300,488,363,-914,1439807
2026-05-19 20:17:40,esterno,3340,15188,-6020,946,-1741,1504,782374
2026-05-19 20:17:40,lombar,16364,2068,2204,504,374,-766,1439829
2026-05-19 20:17:40,esterno,3360,15064,-6284,862,-1587,1262,782396
2026-05-19 20:17:40,lombar,16224,2268,2492,-9,62,-645,1439851
2026-05-19 20:17:40,esterno,3256,15148,-6128,613,-1523,1032,782418
2026-05-19 20:17:40,lombar,16304,2276,2344,-240,-392,-620,1439873
2026-05-19 20:17:40,esterno,3492,15332,-6496,190,-1591,1164,782440
2026-05-19 20:17:40,lombar,16284,2128,2624,-454,-518,-543,1439895
2026-05-19 20:17:40,esterno,3504,15204,-6604,-348,-1386,1296,782462
2026-05-19 20:17:40,lombar,16356,1952,2388,-400,-581,-504,1439917
2026-05-19 20:17:40,esterno,3464,15228,-6496,-608,-1299,1120,782484
2026-05-19 20:17:40,lombar,16444,2008,2312,-273,-843,-386,1439939
2026-05-19 20:17:40,esterno,3652,15120,-6504,-651,-1197,861,782506
2026-05-19 20:17:40,lombar,16340,2200,2452,-290,-878,-219,1439961
2026-05-19 20:17:41,esterno,3668,15004,-6400,-760,-859,650,782528
2026-05-19 20:17:41,lombar,16300,2440,2272,-278,-826,-140,1439983
2026-05-19 20:17:41,esterno,3612,14732,-6496,-1043,-451,641,782550
2026-05-19 20:17:41,lombar,16316,2264,2400,-257,-914,-136,1440005
2026-05-19 20:17:41,esterno,3756,14904,-6636,-1279,-270,585,782572
2026-05-19 20:17:41,lombar,16384,2364,2588,-409,-1009,-104,1440027
2026-05-19 20:17:41,esterno,3692,14820,-6412,-1324,-349,653,782594
2026-05-19 20:17:41,lombar,16428,2268,2528,-518,-1221,141,1440049
2026-05-19 20:17:41,esterno,3556,14808,-6376,-1174,-554,679,782616
2026-05-19 20:17:41,lombar,16292,2476,2324,-499,-1133,109,1440071
2026-05-19 20:17:41,esterno,3404,14660,-6268,-1007,-371,502,782638
2026-05-19 20:17:41,lombar,16464,2500,2400,-438,-1107,155,1440093
2026-05-19 20:17:41,esterno,3308,14712,-6344,-1120,201,344,782660
2026-05-19 20:17:41,lombar,16296,2000,2308,-187,-1185,4,1440115
2026-05-19 20:17:41,esterno,3576,14904,-6040,-1409,-739,348,782682
2026-05-19 20:17:41,lombar,16728,2512,2284,-380,-1195,343,1440137
2026-05-19 20:17:41,esterno,3824,14700,-6588,-1224,-733,383,782704
2026-05-19 20:17:41,lombar,16616,2544,2424,-579,-1143,415,1440159
2026-05-19 20:17:41,esterno,3764,14584,-6460,-1057,22,237,782726
2026-05-19 20:17:41,lombar,16696,2448,2448,-731,-1049,396,1440181
2026-05-19 20:17:41,esterno,3692,14728,-6128,-841,-213,67,782748
2026-05-19 20:17:41,lombar,16724,1964,2096,-555,-899,456,1440203
2026-05-19 20:17:41,esterno,3752,14988,-6000,-633,-307,-6,782770
2026-05-19 20:17:41,lombar,16760,2260,1864,-287,-850,633,1440225
2026-05-19 20:17:41,esterno,3544,14952,-5540,-936,-14,-147,782792
2026-05-19 20:17:41,lombar,16548,2416,2084,-194,-631,774,1440247
2026-05-19 20:17:41,esterno,3544,14716,-5780,-1113,111,-290,782814
2026-05-19 20:17:41,lombar,16480,2376,1976,-236,-817,715,1440269
2026-05-19 20:17:41,esterno,3620,14784,-5788,-914,131,-500,782836
2026-05-19 20:17:41,lombar,16460,2320,1892,-341,-740,810,1440291
2026-05-19 20:17:41,esterno,3708,14772,-5824,-891,28,-582,782858
2026-05-19 20:17:41,lombar,16664,2364,1892,-282,-923,779,1440313
2026-05-19 20:17:41,esterno,3520,14952,-5432,-988,12,-630,782880
2026-05-19 20:17:41,lombar,16564,2272,1892,-405,-838,959,1440335
2026-05-19 20:17:41,esterno,3664,15004,-5448,-1103,-55,-590,782902
2026-05-19 20:17:41,lombar,16584,2192,1724,-450,-721,1024,1440357
2026-05-19 20:17:41,esterno,3700,14884,-5736,-1077,-42,-623,782924
2026-05-19 20:17:41,lombar,16732,2052,1828,-170,-696,985,1440379
2026-05-19 20:17:41,esterno,3596,14708,-5628,-972,-128,-687,782946
2026-05-19 20:17:41,lombar,16748,1964,1640,155,-581,1138,1440401
2026-05-19 20:17:41,esterno,3736,14936,-5856,-742,-217,-722,782968
2026-05-19 20:17:41,lombar,16708,2116,1712,322,-441,1244,1440423
2026-05-19 20:17:41,esterno,3656,15116,-5508,-795,72,-1012,782990
2026-05-19 20:17:41,lombar,16716,2184,2048,412,-659,1423,1440445
2026-05-19 20:17:41,esterno,3672,15196,-5376,-748,-128,-972,783012
2026-05-19 20:17:41,lombar,16448,2220,2052,366,-378,1330,1440467
2026-05-19 20:17:41,esterno,3596,15096,-5872,-681,21,-1121,783034
2026-05-19 20:17:41,lombar,16644,2348,2056,370,-403,1309,1440489
2026-05-19 20:17:41,esterno,3436,14928,-5660,-1017,176,-1186,783056
2026-05-19 20:17:41,lombar,16396,2536,1884,289,-464,1480,1440511
2026-05-19 20:17:41,esterno,3216,14776,-5124,-1027,123,-1104,783078
2026-05-19 20:17:41,lombar,16716,2528,2056,-49,-416,1371,1440533
2026-05-19 20:17:41,esterno,3276,15140,-5620,-1075,157,-1151,783100
2026-05-19 20:17:41,lombar,17212,2020,2080,-163,-925,1176,1440555
2026-05-19 20:17:41,esterno,3224,15596,-6016,-1600,403,-1210,783122
2026-05-19 20:17:41,lombar,16656,1620,1628,8,-648,1261,1440577
2026-05-19 20:17:41,esterno,3172,15296,-5416,-1298,257,-1160,783144
2026-05-19 20:17:41,lombar,16828,1500,1916,-83,-417,1434,1440599
2026-05-19 20:17:41,esterno,2944,15292,-5104,-758,381,-1333,783166
2026-05-19 20:17:41,lombar,16500,1824,1856,-190,-508,1444,1440621
2026-05-19 20:17:41,esterno,2652,15404,-4992,-1004,525,-1449,783188
2026-05-19 20:17:41,lombar,16496,1760,1624,-223,-529,1386,1440643
2026-05-19 20:17:41,esterno,2860,15276,-5372,-1019,613,-1555,783210
2026-05-19 20:17:41,lombar,16496,1568,1868,-266,-707,1348,1440665
2026-05-19 20:17:41,esterno,2772,15132,-5248,-774,1211,-1600,783232
2026-05-19 20:17:41,lombar,16680,1556,1764,-198,-876,1449,1440687
2026-05-19 20:17:41,esterno,2528,15200,-5004,-1095,378,-1483,783254
2026-05-19 20:17:41,lombar,16576,1364,1968,-270,-842,1435,1440709
2026-05-19 20:17:41,esterno,2328,15124,-5608,-1198,682,-1476,783276
2026-05-19 20:17:41,lombar,16728,1372,1892,-399,-455,1599,1440731
2026-05-19 20:17:41,esterno,2024,14900,-5348,-970,1142,-1623,783298
2026-05-19 20:17:41,lombar,16588,1228,1992,-751,-360,1654,1440753
2026-05-19 20:17:41,esterno,2116,15128,-4928,-979,1058,-1932,783320
2026-05-19 20:17:41,lombar,16556,1260,2252,-740,-732,1513,1440775
2026-05-19 20:17:41,esterno,2444,15336,-4856,-807,858,-1570,783342
2026-05-19 20:17:41,lombar,16684,876,2096,-746,-856,1400,1440797
2026-05-19 20:17:41,esterno,1964,15188,-4704,-584,778,-1413,783364
2026-05-19 20:17:41,lombar,16620,592,1664,-620,-397,1502,1440819
2026-05-19 20:17:41,esterno,1668,15276,-4512,-693,738,-1534,783386
2026-05-19 20:17:41,lombar,16576,476,1880,-501,-161,1598,1440841
2026-05-19 20:17:41,esterno,1632,15216,-5028,-639,844,-1562,783408
2026-05-19 20:17:41,lombar,16656,408,1924,-375,-276,1559,1440863
2026-05-19 20:17:41,esterno,1676,15108,-5020,-502,902,-1558,783430
2026-05-19 20:17:41,lombar,16832,356,1756,-343,-506,1650,1440885
2026-05-19 20:17:41,esterno,1700,15380,-4796,-384,908,-1569,783452
2026-05-19 20:17:41,lombar,16736,516,1980,-375,-515,1693,1440907
2026-05-19 20:17:41,esterno,1592,15656,-4760,-435,864,-1532,783474
2026-05-19 20:17:41,lombar,16632,572,1696,-393,-186,1638,1440929
2026-05-19 20:17:41,esterno,1328,15392,-4484,-384,887,-1441,783496
2026-05-19 20:17:41,lombar,16448,540,1860,-471,-202,1454,1440951
2026-05-19 20:17:41,esterno,1192,15404,-4620,-373,747,-1469,783518
2026-05-19 20:17:42,lombar,16516,300,1712,-702,-261,1377,1440973
2026-05-19 20:17:42,esterno,1392,15340,-4800,-633,640,-1416,783540
2026-05-19 20:17:42,lombar,16696,304,1896,-909,-540,1523,1440995
2026-05-19 20:17:42,esterno,1212,15612,-4436,-770,863,-1322,783562
2026-05-19 20:17:42,lombar,16584,128,1752,-1101,-651,1597,1441017
2026-05-19 20:17:42,esterno,1220,15676,-4380,-797,534,-1210,783584
2026-05-19 20:17:42,lombar,16664,-40,1564,-1147,-576,1506,1441039
2026-05-19 20:17:42,esterno,1036,15560,-4524,-781,411,-1090,783606
2026-05-19 20:17:42,lombar,16620,-48,1720,-1295,-512,1482,1441061
2026-05-19 20:17:42,esterno,868,15376,-4680,-766,521,-1103,783628
2026-05-19 20:17:42,lombar,16632,-80,1804,-1320,-638,1413,1441083
2026-05-19 20:17:42,esterno,628,15456,-4532,-708,324,-1091,783650
2026-05-19 20:17:42,lombar,16800,-288,1492,-1068,-474,1331,1441105
2026-05-19 20:17:42,esterno,372,15432,-4344,-676,201,-986,783672
2026-05-19 20:17:42,lombar,16740,-384,1564,-1011,-427,1236,1441127
2026-05-19 20:17:42,esterno,316,15612,-4412,-743,122,-923,783694
2026-05-19 20:17:42,lombar,16692,-372,1588,-943,-494,1283,1441149
2026-05-19 20:17:42,esterno,344,15580,-4588,-822,4,-912,783716
2026-05-19 20:17:42,lombar,16632,-404,1692,-855,-626,1193,1441171
2026-05-19 20:17:42,esterno,456,15492,-4344,-852,-164,-814,783738
2026-05-19 20:17:42,lombar,16716,-408,1624,-908,-550,1178,1441193
2026-05-19 20:17:42,esterno,500,15560,-4300,-802,-364,-658,783760
2026-05-19 20:17:42,lombar,16648,-524,1768,-970,-594,1112,1441215
2026-05-19 20:17:42,esterno,436,15612,-4136,-742,-522,-541,783782
2026-05-19 20:17:42,lombar,16604,-680,1624,-1130,-778,1099,1441237
2026-05-19 20:17:42,esterno,272,15448,-4504,-480,-355,-646,783804
2026-05-19 20:17:42,lombar,16668,-744,1568,-1113,-866,992,1441259
2026-05-19 20:17:42,esterno,224,15436,-3652,-588,-447,-737,783826
2026-05-19 20:17:42,lombar,16768,-828,1212,-1164,-688,1036,1441281
2026-05-19 20:17:42,esterno,360,15880,-3928,-949,-1028,-387,783848
2026-05-19 20:17:42,lombar,16712,-1036,1552,-1127,-838,991,1441303
2026-05-19 20:17:42,esterno,160,15704,-4400,-857,-988,-312,783870
2026-05-19 20:17:42,lombar,16700,-1064,1528,-872,-1075,1048,1441325
2026-05-19 20:17:42,esterno,-76,15620,-4100,-628,-654,-479,783892
2026-05-19 20:17:42,lombar,16736,-1064,1164,-809,-1000,980,1441347
2026-05-19 20:17:42,esterno,28,15796,-4104,-658,-761,-522,783914
2026-05-19 20:17:42,lombar,16652,-744,1328,-895,-1035,942,1441369
2026-05-19 20:17:42,esterno,72,15940,-4152,-836,-684,-288,783936
2026-05-19 20:17:42,lombar,16796,-636,1352,-1141,-1072,834,1441391
2026-05-19 20:17:42,esterno,88,15928,-3788,-1113,-789,-74,783958
2026-05-19 20:17:42,lombar,16908,-808,1140,-1549,-1140,669,1441413
2026-05-19 20:17:42,esterno,24,15844,-3860,-943,-907,65,783980
2026-05-19 20:17:42,lombar,16780,-1168,1140,-1640,-1122,509,1441435
2026-05-19 20:17:42,esterno,-176,15636,-3892,-732,-919,2,784002
2026-05-19 20:17:42,lombar,16732,-1400,952,-1313,-961,420,1441457
2026-05-19 20:17:42,esterno,-32,15720,-3996,-909,-825,98,784024
2026-05-19 20:17:42,lombar,16876,-1556,1168,-1226,-941,424,1441479
2026-05-19 20:17:42,esterno,0,15836,-3792,-1074,-802,335,784046
2026-05-19 20:17:42,lombar,16556,-2036,1020,-1250,-1274,576,1441501
2026-05-19 20:17:42,esterno,-28,15720,-3716,-1092,-581,360,784068
2026-05-19 20:17:42,lombar,16516,-2440,640,-743,-1338,569,1441523
2026-05-19 20:17:42,esterno,-164,15456,-3696,-962,-433,312,784090
2026-05-19 20:17:42,lombar,16952,-2192,784,70,-1040,426,1441545
2026-05-19 20:17:42,esterno,-364,15540,-3708,-1004,-400,307,784112
2026-05-19 20:17:42,lombar,16988,-1812,636,538,-798,431,1441567
2026-05-19 20:17:42,esterno,-264,15716,-3676,-913,-233,486,784134
2026-05-19 20:17:42,lombar,16660,-1548,732,584,-906,302,1441589
2026-05-19 20:17:42,esterno,-148,15884,-3172,-886,99,539,784156
2026-05-19 20:17:42,lombar,16876,-1272,928,268,-912,162,1441611
2026-05-19 20:17:42,esterno,224,15920,-3148,-1071,138,552,784178
2026-05-19 20:17:42,lombar,16768,-1428,620,-128,-799,140,1441633
2026-05-19 20:17:42,esterno,136,15832,-3584,-1065,277,398,784200
2026-05-19 20:17:42,lombar,16764,-1272,688,-158,-567,-21,1441655
2026-05-19 20:17:42,esterno,32,15656,-3340,-851,227,367,784222
2026-05-19 20:17:42,lombar,16832,-904,532,-502,-485,20,1441677
2026-05-19 20:17:42,esterno,-112,15676,-2996,-665,186,444,784244
2026-05-19 20:17:42,lombar,16560,-1184,852,-632,-750,38,1441699
2026-05-19 20:17:42,esterno,148,15732,-3164,-686,111,478,784266
2026-05-19 20:17:42,lombar,16780,-1480,496,-253,-869,-46,1441721
2026-05-19 20:17:42,esterno,452,15632,-3204,-736,74,456,784288
2026-05-19 20:17:42,lombar,16892,-1136,620,197,-512,-14,1441743
2026-05-19 20:17:42,esterno,328,15600,-3432,-617,126,417,784310
2026-05-19 20:17:42,lombar,17044,-976,588,428,-378,-45,1441765
2026-05-19 20:17:42,esterno,500,15852,-3528,-530,102,551,784332
2026-05-19 20:17:42,lombar,17152,-372,960,459,-360,-58,1441787
2026-05-19 20:17:42,esterno,668,15860,-3244,-441,-49,692,784354
2026-05-19 20:17:42,lombar,16852,-256,880,-44,-363,-20,1441809
2026-05-19 20:17:42,esterno,788,15776,-3448,-207,-333,691,784376
2026-05-19 20:17:42,lombar,16728,-364,1072,-450,-502,-53,1441831
2026-05-19 20:17:42,esterno,808,15632,-3796,166,88,633,784398
2026-05-19 20:17:42,lombar,16784,-648,780,-629,-476,-58,1441853
2026-05-19 20:17:42,esterno,580,15720,-2992,-47,-255,565,784420
2026-05-19 20:17:42,lombar,16832,-932,1036,-687,-218,4,1441875
2026-05-19 20:17:42,esterno,564,15824,-3168,-326,-678,701,784442
2026-05-19 20:17:42,lombar,16908,-1168,872,-540,-451,138,1441897
2026-05-19 20:17:42,esterno,556,15824,-3568,-197,-536,670,784464
2026-05-19 20:17:42,lombar,16820,-1132,656,-317,-252,136,1441919
2026-05-19 20:17:42,esterno,320,15692,-3648,5,-215,606,784486
2026-05-19 20:17:42,lombar,16652,-1280,472,-134,-250,158,1441941
2026-05-19 20:17:42,esterno,388,15776,-3404,28,-181,564,784508
2026-05-19 20:17:42,lombar,16492,-1460,740,-40,-561,213,1441963
2026-05-19 20:17:43,esterno,316,15840,-2996,-96,-26,554,784530
2026-05-19 20:17:43,lombar,16764,-1532,448,-1,-788,209,1441985
2026-05-19 20:17:43,esterno,340,15996,-3148,-398,106,602,784552
2026-05-19 20:17:43,lombar,16748,-1364,216,401,-553,124,1442007
2026-05-19 20:17:43,esterno,496,16068,-3264,-511,222,629,784574
2026-05-19 20:17:43,lombar,16620,-1256,548,642,-748,-33,1442029
2026-05-19 20:17:43,esterno,624,15812,-3124,-397,541,609,784596
2026-05-19 20:17:43,lombar,16564,-1324,500,927,-909,-182,1442051
2026-05-19 20:17:43,esterno,932,15772,-3260,-539,785,667,784618
2026-05-19 20:17:43,lombar,16648,-1420,276,819,-679,-149,1442073
2026-05-19 20:17:43,esterno,856,15752,-3252,-662,1021,643,784640
2026-05-19 20:17:43,lombar,16528,-1336,248,881,-525,-183,1442095
2026-05-19 20:17:43,esterno,724,15748,-3236,-708,1487,618,784662
2026-05-19 20:17:43,lombar,16408,-1304,504,1006,-730,-300,1442117
2026-05-19 20:17:43,esterno,416,15620,-3092,-821,1765,550,784684
2026-05-19 20:17:43,lombar,16436,-1296,244,961,-814,-421,1442139
2026-05-19 20:17:43,esterno,648,15624,-3252,-964,1772,587,784706
2026-05-19 20:17:43,lombar,16412,-1444,364,873,-844,-459,1442161
2026-05-19 20:17:43,esterno,620,15484,-3192,-963,2122,470,784728
2026-05-19 20:17:43,lombar,16644,-1480,340,1204,-748,-549,1442183
2026-05-19 20:17:43,esterno,276,15812,-2996,-1177,2314,259,784750
2026-05-19 20:17:43,lombar,17548,-1172,332,1342,-746,-610,1442205
2026-05-19 20:17:43,esterno,300,16452,-3416,-1366,2221,492,784772
2026-05-19 20:17:43,lombar,17916,-232,804,1480,-945,-417,1442227
2026-05-19 20:17:43,esterno,412,16660,-3020,-1033,1969,644,784794
2026-05-19 20:17:43,lombar,17096,276,548,1438,-818,-156,1442249
2026-05-19 20:17:43,esterno,836,16228,-2436,-736,1505,453,784816
2026-05-19 20:17:43,lombar,16828,84,332,760,-1284,-134,1442271
2026-05-19 20:17:43,esterno,1120,15768,-2780,-604,1284,401,784838
2026-05-19 20:17:43,lombar,16456,-404,92,617,-1611,-346,1442293
2026-05-19 20:17:43,esterno,1072,15484,-2600,-443,927,499,784860
2026-05-19 20:17:43,lombar,16400,-1020,176,867,-1144,-277,1442315
2026-05-19 20:17:43,esterno,1344,15372,-2476,-403,605,743,784882
2026-05-19 20:17:43,lombar,16988,-860,348,1335,-1219,5,1442337
2026-05-19 20:17:43,esterno,1324,15436,-2684,-543,715,763,784904
2026-05-19 20:17:43,lombar,16824,-580,-216,1697,-863,216,1442359
2026-05-19 20:17:43,esterno,1528,15672,-2812,-644,639,716,784926
2026-05-19 20:17:43,lombar,16768,-92,-36,1968,-813,147,1442381
2026-05-19 20:17:43,esterno,1668,15812,-2648,-531,496,634,784948
2026-05-19 20:17:43,lombar,17080,380,248,1977,-1122,43,1442403
2026-05-19 20:17:43,esterno,1604,15844,-2480,-265,181,643,784970
2026-05-19 20:17:43,lombar,16728,536,52,1697,-905,28,1442425
2026-05-19 20:17:43,esterno,1872,15840,-2844,73,380,574,784992
2026-05-19 20:17:43,lombar,16768,320,8,1218,-717,-137,1442447
2026-05-19 20:17:43,esterno,1864,15708,-2316,-97,336,431,785014
2026-05-19 20:17:43,lombar,16936,72,-28,927,-800,-170,1442469
2026-05-19 20:17:43,esterno,2152,15664,-2448,-330,99,466,785036
2026-05-19 20:17:43,lombar,16884,100,-60,1031,-792,-193,1442491
2026-05-19 20:17:43,esterno,1972,15536,-3012,-189,-6,517,785058
2026-05-19 20:17:43,lombar,16764,112,-336,1161,-475,-184,1442513
2026-05-19 20:17:43,esterno,2032,15244,-3112,275,668,365,785080
2026-05-19 20:17:43,lombar,16816,240,-220,1559,27,-241,1442535
2026-05-19 20:17:43,esterno,2436,15520,-2764,624,778,239,785102
2026-05-19 20:17:43,lombar,16880,640,-292,1309,156,-310,1442557
2026-05-19 20:17:43,esterno,2292,15824,-2752,601,1047,228,785124
2026-05-19 20:17:43,lombar,16688,232,-232,1201,-152,-243,1442579
2026-05-19 20:17:43,esterno,2128,15928,-2624,336,844,277,785146
2026-05-19 20:17:43,lombar,16680,320,-232,1253,-372,-307,1442601
2026-05-19 20:17:43,esterno,2132,15596,-2680,190,850,349,785168
2026-05-19 20:17:43,lombar,16708,420,-280,1298,-123,-318,1442623
2026-05-19 20:17:43,esterno,2284,15620,-3040,345,739,239,785190
2026-05-19 20:17:43,lombar,16784,196,-84,1405,-175,-328,1442645
2026-05-19 20:17:43,esterno,2444,15456,-3024,407,748,346,785212
2026-05-19 20:17:43,lombar,16872,464,-32,1602,16,-349,1442667
2026-05-19 20:17:43,esterno,2444,15620,-3016,389,716,345,785234
2026-05-19 20:17:43,lombar,16832,588,-20,1484,255,-131,1442689
2026-05-19 20:17:43,esterno,2496,15612,-2972,634,753,310,785256
2026-05-19 20:17:43,lombar,16728,644,132,1380,268,-156,1442711
2026-05-19 20:17:43,esterno,2576,15508,-3264,720,1021,149,785278
2026-05-19 20:17:43,lombar,16576,356,-288,1414,503,-406,1442733
2026-05-19 20:17:43,esterno,2840,15820,-3584,340,1090,285,785300
2026-05-19 20:17:43,lombar,16664,212,-48,1627,405,-354,1442755
2026-05-19 20:17:43,esterno,2956,15592,-3280,-8,1371,265,785322
2026-05-19 20:17:43,lombar,16864,524,-160,2198,359,-33,1442777
2026-05-19 20:17:43,esterno,2476,15460,-3160,-111,1511,-283,785344
2026-05-19 20:17:43,lombar,16876,672,76,1783,255,361,1442799
2026-05-19 20:17:43,esterno,2260,15752,-3252,112,1353,-312,785366
2026-05-19 20:17:43,lombar,16744,516,200,1803,84,472,1442821
2026-05-19 20:17:43,esterno,1760,15612,-2752,252,1267,-280,785388
2026-05-19 20:17:43,lombar,16736,700,-264,2041,392,181,1442843
2026-05-19 20:17:43,esterno,1896,15320,-3304,-185,1479,-483,785410
2026-05-19 20:17:43,lombar,16968,852,-116,1891,470,479,1442865
2026-05-19 20:17:43,esterno,2128,15492,-3108,-273,1232,-594,785432
2026-05-19 20:17:43,esterno,1948,15512,-2628,662,838,-636,785454
2026-05-19 20:17:43,lombar,16952,940,12,1692,720,551,1442887
2026-05-19 20:17:43,lombar,16864,864,340,1489,883,480,1442909
2026-05-19 20:17:43,esterno,1612,15776,-2400,1152,522,-677,785476
2026-05-19 20:17:43,lombar,16628,1136,392,1112,731,377,1442931
2026-05-19 20:17:43,esterno,1544,16192,-2772,833,191,-414,785498
2026-05-19 20:17:43,lombar,16636,924,320,737,664,207,1442953
2026-05-19 20:17:43,esterno,1612,16336,-3048,592,-133,42,785520
2026-05-19 20:17:44,lombar,16772,588,500,494,646,53,1442975
2026-05-19 20:17:44,esterno,2160,15960,-3368,474,-133,140,785542
2026-05-19 20:17:44,lombar,16780,652,88,388,773,9,1442997
2026-05-19 20:17:44,esterno,2572,15652,-3584,425,133,-28,785564
2026-05-19 20:17:44,lombar,16680,656,632,-22,794,-23,1443019
2026-05-19 20:17:44,esterno,2640,15628,-4220,779,767,-175,785586
2026-05-19 20:17:44,lombar,16780,716,536,116,459,-71,1443041
2026-05-19 20:17:44,esterno,2236,15712,-3188,576,1076,-217,785608
2026-05-19 20:17:44,lombar,16664,564,448,150,475,-127,1443063
2026-05-19 20:17:44,esterno,2096,15884,-3880,120,629,27,785630
2026-05-19 20:17:44,lombar,16680,484,788,623,441,-141,1443085
2026-05-19 20:17:44,esterno,1852,15504,-4060,249,1100,13,785652
2026-05-19 20:17:44,lombar,16616,584,776,800,521,63,1443107
2026-05-19 20:17:44,esterno,1796,15140,-3884,569,1128,-36,785674
2026-05-19 20:17:44,lombar,16648,716,760,875,528,28,1443129
2026-05-19 20:17:44,esterno,1952,15312,-3480,726,729,119,785696
2026-05-19 20:17:44,lombar,16524,764,612,975,361,-119,1443151
2026-05-19 20:17:44,esterno,1820,15768,-3300,871,617,340,785718
2026-05-19 20:17:44,lombar,16788,704,760,846,255,-81,1443173
2026-05-19 20:17:44,esterno,1952,16224,-3056,583,397,524,785740
2026-05-19 20:17:44,lombar,16704,752,536,946,395,27,1443195
2026-05-19 20:17:44,esterno,2132,16148,-3328,388,203,563,785762
2026-05-19 20:17:44,lombar,16544,1000,716,906,354,83,1443217
2026-05-19 20:17:44,esterno,2360,15976,-3824,434,276,411,785784
2026-05-19 20:17:44,lombar,16568,928,464,973,65,-76,1443239
2026-05-19 20:17:44,esterno,2288,15884,-4036,106,223,375,785806
2026-05-19 20:17:44,lombar,16588,1036,924,859,0,-47,1443261
2026-05-19 20:17:44,esterno,2164,15616,-3496,-113,24,529,785828
2026-05-19 20:17:44,lombar,16744,1016,844,613,-222,33,1443283
2026-05-19 20:17:44,esterno,2096,15636,-3600,-158,-16,536,785850
2026-05-19 20:17:44,lombar,16664,904,1028,240,-410,0,1443305
2026-05-19 20:17:44,esterno,2020,15732,-3524,-181,13,351,785872
2026-05-19 20:17:44,lombar,16808,1044,960,93,-194,54,1443327
2026-05-19 20:17:44,esterno,2212,15644,-3712,-184,-252,454,785894
2026-05-19 20:17:44,lombar,16636,956,924,129,-136,36,1443349
2026-05-19 20:17:44,esterno,2416,15492,-3812,-3,-224,616,785916
2026-05-19 20:17:44,lombar,16824,772,928,-9,-403,39,1443371
2026-05-19 20:17:44,esterno,2460,15708,-3528,89,1,523,785938
2026-05-19 20:17:44,lombar,16664,724,892,-7,-384,52,1443393
2026-05-19 20:17:44,esterno,2104,15804,-3560,-14,-328,404,785960
2026-05-19 20:17:44,lombar,16540,884,992,-34,-236,93,1443415
2026-05-19 20:17:44,esterno,1844,15648,-3624,-149,-456,264,785982
2026-05-19 20:17:44,lombar,16740,928,1032,-51,-355,166,1443437
2026-05-19 20:17:44,esterno,2176,15708,-3892,-335,-425,387,786004
2026-05-19 20:17:44,lombar,16732,892,952,81,-547,272,1443459
2026-05-19 20:17:44,esterno,2664,15508,-3920,-493,-257,537,786026
2026-05-19 20:17:44,lombar,16632,864,884,115,-408,209,1443481
2026-05-19 20:17:44,esterno,2640,15596,-3832,-258,-181,404,786048
2026-05-19 20:17:44,lombar,16844,1036,940,108,-503,294,1443503
2026-05-19 20:17:44,esterno,2476,15716,-3656,-187,-155,290,786070
2026-05-19 20:17:44,lombar,16672,952,876,-16,-590,338,1443525
2026-05-19 20:17:44,esterno,2380,15648,-3812,-283,-21,202,786092
2026-05-19 20:17:44,lombar,16800,852,804,-65,-552,168,1443547
2026-05-19 20:17:44,esterno,2436,15740,-3744,-326,27,349,786114
2026-05-19 20:17:44,lombar,16792,772,772,76,-507,289,1443569
2026-05-19 20:17:44,esterno,2548,15572,-3440,-321,-56,435,786136
2026-05-19 20:17:44,lombar,16792,800,732,164,-583,311,1443591
2026-05-19 20:17:44,esterno,2520,15636,-3708,-271,-61,356,786158
2026-05-19 20:17:44,lombar,16756,864,972,22,-578,295,1443613
2026-05-19 20:17:44,esterno,2340,15624,-4044,-148,402,168,786180
2026-05-19 20:17:44,lombar,16696,924,704,-34,-509,251,1443635
2026-05-19 20:17:44,esterno,2472,15804,-3672,-534,196,215,786202
2026-05-19 20:17:44,lombar,16708,928,812,123,-725,173,1443657
2026-05-19 20:17:44,esterno,2492,15756,-3688,-869,-115,382,786224
2026-05-19 20:17:44,lombar,16812,652,716,83,-664,283,1443679
2026-05-19 20:17:44,esterno,2228,15560,-3808,-619,-22,442,786246
2026-05-19 20:17:44,lombar,16636,884,712,144,-637,327,1443701
2026-05-19 20:17:44,esterno,2136,15676,-3648,-553,32,121,786268
2026-05-19 20:17:44,lombar,16816,896,428,326,-596,324,1443723
2026-05-19 20:17:44,esterno,2428,15916,-3428,-895,-88,-24,786290
2026-05-19 20:17:44,lombar,16436,904,748,160,-600,354,1443745
2026-05-19 20:17:44,esterno,2368,15792,-3552,-1012,-58,-63,786312
2026-05-19 20:17:44,lombar,16840,836,564,142,-995,432,1443767
2026-05-19 20:17:44,esterno,2272,15636,-3388,-1204,-316,-214,786334
2026-05-19 20:17:44,lombar,16644,924,504,165,-792,537,1443789
2026-05-19 20:17:44,esterno,2588,15632,-3560,-1425,-107,-143,786356
2026-05-19 20:17:44,lombar,16580,936,476,195,-553,505,1443811
2026-05-19 20:17:44,esterno,2756,15592,-3516,-1219,83,-172,786378
2026-05-19 20:17:44,lombar,16656,736,744,375,-836,400,1443833
2026-05-19 20:17:44,esterno,2848,15952,-3424,-1083,68,-186,786400
2026-05-19 20:17:44,lombar,16772,764,600,196,-1039,474,1443855
2026-05-19 20:17:44,esterno,2584,15544,-3392,-1315,89,-172,786422
2026-05-19 20:17:44,lombar,16916,800,452,59,-836,525,1443877
2026-05-19 20:17:44,esterno,2376,15288,-3288,-1369,371,-179,786444
2026-05-19 20:17:44,lombar,16680,832,408,27,-637,430,1443899
2026-05-19 20:17:44,esterno,2360,15296,-3424,-848,414,-184,786466
2026-05-19 20:17:44,lombar,16776,808,720,58,-551,398,1443921
2026-05-19 20:17:44,esterno,2296,15400,-3124,-532,184,-178,786488
2026-05-19 20:17:44,lombar,16628,676,452,113,-692,345,1443943
2026-05-19 20:17:44,esterno,2072,15364,-2904,-447,286,-150,786510
2026-05-19 20:17:44,lombar,16840,648,352,149,-571,319,1443965
2026-05-19 20:17:45,esterno,2120,15720,-2976,-559,396,47,786532
2026-05-19 20:17:45,lombar,16968,792,348,69,-487,342,1443987
2026-05-19 20:17:45,esterno,2336,15700,-3036,-523,176,187,786554
2026-05-19 20:17:45,lombar,16876,788,284,162,-477,225,1444009
2026-05-19 20:17:45,esterno,2520,15836,-2916,-188,163,97,786576
2026-05-19 20:17:45,lombar,16844,752,240,202,-316,274,1444031
2026-05-19 20:17:45,esterno,2232,15848,-2868,26,280,-53,786598
2026-05-19 20:17:45,lombar,16772,860,192,293,-279,390,1444053
2026-05-19 20:17:45,esterno,2176,15764,-2884,-10,290,-113,786620
2026-05-19 20:17:45,lombar,16852,860,572,24,-511,450,1444075
2026-05-19 20:17:45,esterno,2232,15836,-2760,-140,91,33,786642
2026-05-19 20:17:45,lombar,16916,864,536,-66,-583,405,1444097
2026-05-19 20:17:45,esterno,2112,15948,-2732,-284,-229,199,786664
2026-05-19 20:17:45,lombar,16832,992,352,-224,-106,366,1444119
2026-05-19 20:17:45,esterno,2112,15724,-3208,-324,-191,65,786686
2026-05-19 20:17:45,lombar,16648,848,396,-55,-45,358,1444141
2026-05-19 20:17:45,esterno,2148,15656,-2988,-234,-140,-117,786708
2026-05-19 20:17:45,lombar,16868,740,444,-83,-544,346,1444163
2026-05-19 20:17:45,lombar,16644,636,308,-205,-570,519,1444185
2026-05-19 20:17:45,esterno,2460,15736,-3084,-207,-164,-18,786730
2026-05-19 20:17:45,esterno,2300,15784,-3216,-511,-222,58,786752
2026-05-19 20:17:45,lombar,16520,556,256,-122,1,414,1444207
2026-05-19 20:17:45,esterno,2168,15560,-3632,-840,121,25,786774
2026-05-19 20:17:45,lombar,16728,580,336,37,-76,280,1444229
2026-05-19 20:17:45,esterno,2036,15576,-2724,-528,-127,10,786796
2026-05-19 20:17:45,lombar,16788,644,368,142,-482,209,1444251
2026-05-19 20:17:45,esterno,2244,16104,-2828,-324,-353,238,786818
2026-05-19 20:17:45,lombar,16708,580,420,226,-401,234,1444273
2026-05-19 20:17:45,esterno,2212,16072,-2720,-348,-199,480,786840
2026-05-19 20:17:45,lombar,16700,468,408,356,-292,268,1444295
2026-05-19 20:17:45,esterno,2300,16000,-2952,-535,262,263,786862
2026-05-19 20:17:45,lombar,16588,544,368,557,-502,279,1444317
2026-05-19 20:17:45,esterno,2336,15996,-3008,-570,243,222,786884
2026-05-19 20:17:45,lombar,16640,524,540,449,-811,347,1444339
2026-05-19 20:17:45,esterno,2376,15600,-3260,-752,408,99,786906
2026-05-19 20:17:45,lombar,16744,732,624,369,-721,405,1444361
2026-05-19 20:17:45,esterno,2212,15384,-2932,-907,409,216,786928
2026-05-19 20:17:45,lombar,16772,920,716,88,-639,375,1444383
2026-05-19 20:17:45,esterno,2376,15296,-2584,-230,409,326,786950
2026-05-19 20:17:45,lombar,16620,696,540,-17,-245,221,1444405
2026-05-19 20:17:45,esterno,2152,15632,-2960,-161,770,330,786972
2026-05-19 20:17:45,lombar,16716,352,204,353,-272,132,1444427
2026-05-19 20:17:45,esterno,2144,15808,-2896,-646,632,343,786994
2026-05-19 20:17:45,lombar,16624,420,448,535,-388,120,1444449
2026-05-19 20:17:45,esterno,2452,15660,-2860,-539,569,276,787016
2026-05-19 20:17:45,lombar,16920,676,304,374,-389,266,1444471
2026-05-19 20:17:45,esterno,2484,15728,-2728,-609,1071,193,787038
2026-05-19 20:17:45,lombar,16836,716,280,517,-233,307,1444493
2026-05-19 20:17:45,esterno,2468,15644,-2644,-516,943,219,787060
2026-05-19 20:17:45,lombar,16708,712,144,487,-151,129,1444515
2026-05-19 20:17:45,esterno,2400,15720,-2552,-22,555,245,787082
2026-05-19 20:17:45,lombar,16784,468,60,563,-369,231,1444537
2026-05-19 20:17:45,esterno,2332,16016,-2324,-56,747,230,787104
2026-05-19 20:17:45,lombar,16680,524,96,631,-348,240,1444559
2026-05-19 20:17:45,esterno,2240,16100,-2344,-646,816,178,787126
2026-05-19 20:17:45,lombar,16812,628,576,600,-328,253,1444581
2026-05-19 20:17:45,esterno,2504,15640,-2936,-623,628,138,787148
2026-05-19 20:17:45,lombar,16840,408,236,562,-434,262,1444603
2026-05-19 20:17:45,esterno,2560,15620,-2756,-195,605,-6,787170
2026-05-19 20:17:45,lombar,16580,660,280,785,-541,268,1444625
2026-05-19 20:17:45,esterno,2544,15848,-2360,-76,872,-61,787192
2026-05-19 20:17:45,lombar,16604,872,324,872,-356,180,1444647
2026-05-19 20:17:45,esterno,2316,15768,-2468,-347,914,6,787214
2026-05-19 20:17:45,lombar,16584,576,76,885,-361,320,1444669
2026-05-19 20:17:45,esterno,2472,15872,-2812,-337,900,88,787236
2026-05-19 20:17:45,lombar,16656,600,352,942,-535,201,1444691
2026-05-19 20:17:45,esterno,2644,15852,-2864,-250,938,225,787258
2026-05-19 20:17:45,lombar,16696,552,264,1079,-695,145,1444713
2026-05-19 20:17:45,esterno,2564,15704,-3012,-551,1075,271,787280
2026-05-19 20:17:45,lombar,16844,704,104,1136,-460,85,1444735
2026-05-19 20:17:45,esterno,2828,15672,-2736,-380,1029,332,787302
2026-05-19 20:17:45,lombar,16556,732,36,1308,-431,-4,1444757
2026-05-19 20:17:45,esterno,2712,15856,-2376,-22,1069,490,787324
2026-05-19 20:17:45,lombar,16632,744,272,1449,-568,9,1444779
2026-05-19 20:17:45,esterno,2544,15868,-2580,-186,1339,603,787346
2026-05-19 20:17:45,lombar,16676,844,144,1319,-546,-84,1444801
2026-05-19 20:17:45,esterno,2516,15696,-2732,-405,1803,532,787368
2026-05-19 20:17:45,lombar,16696,796,-60,1264,-464,-25,1444823
2026-05-19 20:17:45,esterno,2616,15664,-2292,-314,1103,554,787390
2026-05-19 20:17:45,lombar,16776,928,232,1196,-582,-4,1444845
2026-05-19 20:17:45,esterno,2456,16100,-2388,-194,937,808,787412
2026-05-19 20:17:45,lombar,16784,808,-48,1359,-505,-145,1444867
2026-05-19 20:17:45,esterno,2628,15960,-2560,-310,1105,822,787434
2026-05-19 20:17:45,lombar,16696,792,128,1323,-540,-145,1444889
2026-05-19 20:17:45,esterno,2864,15552,-2664,-501,1232,681,787456
2026-05-19 20:17:45,lombar,16816,840,88,1376,-603,-124,1444911
2026-05-19 20:17:45,esterno,3208,15400,-2840,-158,1358,572,787478
2026-05-19 20:17:45,lombar,16752,1128,300,1205,-536,-35,1444933
2026-05-19 20:17:45,esterno,2856,15564,-2392,27,1625,520,787500
2026-05-19 20:17:45,lombar,16700,1004,108,1201,-298,-13,1444955
2026-05-19 20:17:45,esterno,2780,15584,-2216,-161,1472,472,787522
2026-05-19 20:17:46,lombar,16672,1092,48,1101,-150,71,1444977
2026-05-19 20:17:46,esterno,2704,15712,-2392,-77,1382,384,787544
2026-05-19 20:17:46,lombar,16784,1036,16,1090,-461,122,1444999
2026-05-19 20:17:46,esterno,2812,15752,-2468,10,1241,361,787566
2026-05-19 20:17:46,lombar,16720,1144,180,919,-512,77,1445021
2026-05-19 20:17:46,esterno,2868,15748,-2476,-120,1047,303,787588
2026-05-19 20:17:46,lombar,16660,1056,56,737,-304,131,1445043
2026-05-19 20:17:46,esterno,2940,15672,-2764,-215,1202,299,787610
2026-05-19 20:17:46,lombar,16764,1068,-24,762,-106,126,1445065
2026-05-19 20:17:46,esterno,2868,15620,-2260,-170,1015,228,787632
2026-05-19 20:17:46,lombar,16848,1192,84,653,-260,202,1445087
2026-05-19 20:17:46,esterno,2860,15572,-2392,25,789,52,787654
2026-05-19 20:17:46,lombar,16704,1140,136,593,-300,271,1445109
2026-05-19 20:17:46,esterno,3080,15576,-2480,81,478,93,787676
2026-05-19 20:17:46,lombar,16672,1180,48,406,-511,317,1445131
2026-05-19 20:17:46,esterno,2996,15736,-2184,39,572,61,787698
2026-05-19 20:17:46,lombar,16736,1144,-164,401,-326,335,1445153
2026-05-19 20:17:46,esterno,3116,15804,-2336,-127,435,25,787720
2026-05-19 20:17:46,lombar,16712,1148,72,341,-138,263,1445175
2026-05-19 20:17:46,esterno,3036,15784,-2512,-128,390,40,787742
2026-05-19 20:17:46,lombar,16732,1008,-192,254,-186,305,1445197
2026-05-19 20:17:46,esterno,3104,15668,-2208,56,196,59,787764
2026-05-19 20:17:46,lombar,16712,1196,-140,143,-307,375,1445219
2026-05-19 20:17:46,esterno,3108,15660,-2292,54,195,55,787786
2026-05-19 20:17:46,lombar,16576,1112,-200,284,-455,366,1445241
2026-05-19 20:17:46,esterno,3096,15788,-2292,-113,276,69,787808
2026-05-19 20:17:46,lombar,16732,1056,-48,204,-500,399,1445263
2026-05-19 20:17:46,esterno,2880,15712,-2476,-190,213,-35,787830
2026-05-19 20:17:46,lombar,16724,1148,64,142,-310,383,1445285
2026-05-19 20:17:46,esterno,2780,15544,-2496,5,46,-132,787852
2026-05-19 20:17:46,lombar,16708,1044,-252,-43,-237,342,1445307
2026-05-19 20:17:46,esterno,2892,15656,-2252,168,-50,-76,787874
2026-05-19 20:17:46,lombar,16516,1056,-36,-71,-292,283,1445329
2026-05-19 20:17:46,esterno,3084,15764,-2192,81,-141,31,787896
2026-05-19 20:17:46,lombar,16900,1144,-56,-34,-219,350,1445351
2026-05-19 20:17:46,esterno,2932,15604,-2508,-59,-163,-29,787918
2026-05-19 20:17:46,lombar,16780,1032,80,-137,-372,407,1445373
2026-05-19 20:17:46,esterno,3008,15592,-2760,446,-135,-214,787940
2026-05-19 20:17:46,lombar,16772,1012,56,-64,-530,381,1445395
2026-05-19 20:17:46,esterno,2896,15604,-2396,573,-210,-241,787962
2026-05-19 20:17:46,lombar,16656,936,-92,-168,-293,372,1445417
2026-05-19 20:17:46,esterno,2976,15804,-2544,475,-688,-118,787984
2026-05-19 20:17:46,lombar,16832,992,0,-107,-85,389,1445439
2026-05-19 20:17:46,lombar,16684,1032,8,-133,-120,415,1445461
2026-05-19 20:17:46,esterno,2800,15600,-2932,562,-564,-60,788006
2026-05-19 20:17:46,esterno,2872,15516,-2704,666,-154,-110,788028
2026-05-19 20:17:46,lombar,16656,836,-68,-198,-198,351,1445483
2026-05-19 20:17:46,esterno,3024,15628,-2700,737,-229,4,788050
2026-05-19 20:17:46,lombar,16616,908,84,-155,-190,349,1445505
2026-05-19 20:17:46,esterno,3164,15844,-3048,621,204,78,788072
2026-05-19 20:17:46,lombar,16804,928,-128,-104,-131,362,1445527
2026-05-19 20:17:46,esterno,3024,15876,-2528,326,366,76,788094
2026-05-19 20:17:46,lombar,16608,936,-100,-33,-150,358,1445549
2026-05-19 20:17:46,esterno,2896,15828,-2708,220,235,35,788116
2026-05-19 20:17:46,lombar,16684,1020,-236,23,-255,296,1445571
2026-05-19 20:17:46,esterno,2904,15596,-2904,327,480,4,788138
2026-05-19 20:17:46,lombar,16756,1212,204,156,-151,184,1445593
2026-05-19 20:17:46,esterno,2952,15692,-2928,282,624,75,788160
2026-05-19 20:17:46,lombar,16692,1016,60,-51,-121,290,1445615
2026-05-19 20:17:46,esterno,2904,15704,-2796,174,437,247,788182
2026-05-19 20:17:46,lombar,16660,1104,-104,-41,-198,181,1445637
2026-05-19 20:17:46,esterno,2908,15748,-2796,90,584,204,788204
2026-05-19 20:17:46,lombar,16628,992,12,-113,-229,223,1445659
2026-05-19 20:17:46,esterno,2796,15692,-2668,152,355,20,788226
2026-05-19 20:17:46,lombar,16688,876,264,-98,-250,192,1445681
2026-05-19 20:17:46,esterno,3064,15664,-3064,175,-226,92,788248
2026-05-19 20:17:46,lombar,16756,1020,192,-79,-359,257,1445703
2026-05-19 20:17:46,esterno,3116,15540,-2716,110,-19,115,788270
2026-05-19 20:17:46,lombar,16716,984,-92,-228,-261,392,1445725
2026-05-19 20:17:46,esterno,3092,15712,-2712,101,-103,101,788292
2026-05-19 20:17:46,lombar,16552,1040,12,-249,-122,323,1445747
2026-05-19 20:17:46,esterno,2936,15700,-2964,100,-191,142,788314
2026-05-19 20:17:46,lombar,16652,1040,80,-233,-85,347,1445769
2026-05-19 20:17:46,esterno,2888,15644,-2880,61,-238,38,788336
2026-05-19 20:17:46,lombar,16728,1100,188,-303,-201,393,1445791
2026-05-19 20:17:46,esterno,3052,15624,-2992,111,-381,-11,788358
2026-05-19 20:17:46,lombar,16788,968,160,-392,-150,351,1445813
2026-05-19 20:17:46,esterno,2872,15504,-3000,231,-363,-78,788380
2026-05-19 20:17:46,lombar,16600,1012,96,-482,-45,377,1445835
2026-05-19 20:17:46,esterno,2896,15576,-2972,165,-297,-81,788402
2026-05-19 20:17:46,lombar,16772,1012,40,-676,-10,380,1445857
2026-05-19 20:17:46,esterno,2796,15560,-2928,207,-374,-112,788424
2026-05-19 20:17:46,lombar,16616,1080,56,-537,125,422,1445879
2026-05-19 20:17:46,esterno,3160,15604,-3084,234,-96,-147,788446
2026-05-19 20:17:46,lombar,16768,852,48,-586,145,373,1445901
2026-05-19 20:17:46,esterno,3556,15728,-2728,335,12,5,788468
2026-05-19 20:17:46,lombar,16772,868,-72,-606,117,295,1445923
2026-05-19 20:17:46,esterno,3580,16004,-2860,525,32,62,788490
2026-05-19 20:17:46,lombar,16664,1040,-356,-274,204,425,1445945
2026-05-19 20:17:46,esterno,3304,15716,-3520,649,655,-406,788512
2026-05-19 20:17:46,lombar,16780,940,-84,-82,151,758,1445967
2026-05-19 20:17:47,esterno,2848,15440,-2436,248,1038,-1334,788534
2026-05-19 20:17:47,lombar,16664,704,-64,182,-146,880,1445989
2026-05-19 20:17:47,esterno,3028,15480,-3328,-171,-124,-1544,788556
2026-05-19 20:17:47,lombar,16660,948,320,260,-284,1025,1446011
2026-05-19 20:17:47,esterno,3012,15076,-3596,162,99,-1535,788578
2026-05-19 20:17:47,lombar,16856,1204,388,-83,-132,1234,1446033
2026-05-19 20:17:47,esterno,2576,15004,-3408,373,154,-1572,788600
2026-05-19 20:17:47,lombar,16684,1068,-84,-257,89,1208,1446055
2026-05-19 20:17:47,esterno,2424,15576,-3232,559,-323,-1540,788622
2026-05-19 20:17:47,lombar,16752,868,136,-152,283,1240,1446077
2026-05-19 20:17:47,esterno,2124,15848,-2652,504,-716,-1476,788644
2026-05-19 20:17:47,lombar,16680,972,172,-298,56,1227,1446099
2026-05-19 20:17:47,esterno,1944,16024,-2804,185,-1084,-1531,788666
2026-05-19 20:17:47,lombar,16992,868,560,-469,-212,1269,1446121
2026-05-19 20:17:47,esterno,2032,15916,-3256,39,-1077,-1405,788688
2026-05-19 20:17:47,lombar,16872,1008,376,-743,212,1100,1446143
2026-05-19 20:17:47,esterno,1896,15700,-3164,448,-1508,-1289,788710
2026-05-19 20:17:47,lombar,16692,804,612,-993,278,955,1446165
2026-05-19 20:17:47,esterno,2008,15364,-3708,701,-1671,-1461,788732
2026-05-19 20:17:47,lombar,16756,840,264,-1088,193,772,1446187
2026-05-19 20:17:47,esterno,2288,15500,-3504,737,-1552,-1630,788754
2026-05-19 20:17:47,lombar,16744,880,544,-1562,-12,963,1446209
2026-05-19 20:17:47,esterno,2576,15592,-3436,665,-1560,-1374,788776
2026-05-19 20:17:47,lombar,16820,652,208,-1539,441,910,1446231
2026-05-19 20:17:47,esterno,2568,15528,-3988,681,-961,-898,788798
2026-05-19 20:17:47,lombar,16668,360,544,-1509,538,712,1446253
2026-05-19 20:17:47,esterno,2412,15444,-3556,1039,-977,-687,788820
2026-05-19 20:17:47,lombar,16844,308,368,-1215,229,663,1446275
2026-05-19 20:17:47,esterno,2284,15560,-3620,1460,-883,-658,788842
2026-05-19 20:17:47,lombar,16948,388,828,-1167,92,808,1446297
2026-05-19 20:17:47,esterno,2148,15616,-3620,1414,-735,-596,788864
2026-05-19 20:17:47,lombar,16764,468,684,-1151,344,879,1446319
2026-05-19 20:17:47,esterno,1640,15676,-4048,1186,-801,-193,788886
2026-05-19 20:17:47,lombar,16576,588,804,-1252,796,821,1446341
2026-05-19 20:17:47,esterno,1192,15312,-4576,1239,-1201,-10,788908
2026-05-19 20:17:47,lombar,16760,688,480,-935,566,652,1446363
2026-05-19 20:17:47,esterno,1392,15124,-4632,1436,-1374,-121,788930
2026-05-19 20:17:47,lombar,16832,684,724,-875,449,712,1446385
2026-05-19 20:17:47,esterno,1904,15352,-4108,1456,-1287,-158,788952
2026-05-19 20:17:47,lombar,16752,664,700,-869,545,798,1446407
2026-05-19 20:17:47,esterno,2008,15748,-3704,1326,-1341,-57,788974
2026-05-19 20:17:47,lombar,16788,1080,744,-1090,573,921,1446429
2026-05-19 20:17:47,esterno,1600,15820,-3848,1355,-1643,-143,788996
2026-05-19 20:17:47,lombar,16628,1312,840,-1522,767,972,1446451
2026-05-19 20:17:47,esterno,1172,15812,-3928,1061,-2070,-477,789018
2026-05-19 20:17:47,lombar,16640,1460,884,-1880,530,925,1446473
2026-05-19 20:17:47,esterno,1132,15604,-4196,416,-2485,-883,789040
2026-05-19 20:17:47,lombar,16536,1552,832,-2202,265,928,1446495
2026-05-19 20:17:47,esterno,1808,15196,-4532,408,-2777,-933,789062
2026-05-19 20:17:47,lombar,16544,1236,732,-2163,446,1108,1446517
2026-05-19 20:17:47,esterno,2156,15460,-4312,537,-2649,-958,789084
2026-05-19 20:17:47,lombar,16720,1324,900,-2290,278,1222,1446539
2026-05-19 20:17:47,esterno,2600,15544,-4148,346,-3805,-823,789106
2026-05-19 20:17:47,lombar,16476,1708,808,-2414,293,1354,1446561
2026-05-19 20:17:47,esterno,2396,15560,-5012,430,-3738,-847,789128
2026-05-19 20:17:47,lombar,16692,1820,920,-2960,327,1334,1446583
2026-05-19 20:17:47,esterno,2032,15284,-5028,506,-3475,-1048,789150
2026-05-19 20:17:47,lombar,16660,1300,568,-3184,218,1371,1446605
2026-05-19 20:17:47,esterno,2332,15524,-4964,529,-3706,-907,789172
2026-05-19 20:17:47,lombar,16728,1060,764,-3831,-565,1625,1446627
2026-05-19 20:17:47,esterno,2332,16096,-4644,425,-4136,-534,789194
2026-05-19 20:17:47,lombar,16628,900,784,-4025,-838,1885,1446649
2026-05-19 20:17:47,esterno,1936,16252,-4140,193,-4371,-427,789216
2026-05-19 20:17:47,lombar,16728,516,720,-4409,-649,1799,1446671
2026-05-19 20:17:47,esterno,1576,16148,-4264,-286,-4442,-467,789238
2026-05-19 20:17:47,lombar,16812,164,736,-4335,-872,1724,1446693
2026-05-19 20:17:47,esterno,1388,15988,-4720,-489,-4208,-515,789260
2026-05-19 20:17:47,lombar,17072,-300,776,-3936,-1201,1808,1446715
2026-05-19 20:17:47,esterno,1212,15752,-4868,-590,-3854,-434,789282
2026-05-19 20:17:47,lombar,16792,-156,856,-4063,-766,1860,1446737
2026-05-19 20:17:47,esterno,1364,15636,-4868,-508,-3666,-343,789304
2026-05-19 20:17:47,lombar,16868,-64,468,-3785,-343,1664,1446759
2026-05-19 20:17:47,esterno,1192,15880,-4540,-538,-3671,-200,789326
2026-05-19 20:17:47,lombar,16924,48,896,-3549,-905,1408,1446781
2026-05-19 20:17:47,esterno,1008,15668,-4648,-449,-3572,-56,789348
2026-05-19 20:17:47,lombar,16964,-40,828,-3495,-811,1062,1446803
2026-05-19 20:17:47,esterno,1032,15632,-4724,-390,-3381,63,789370
2026-05-19 20:17:47,lombar,16892,-304,960,-3220,-407,875,1446825
2026-05-19 20:17:47,esterno,1428,15568,-4836,-411,-3202,266,789392
2026-05-19 20:17:47,lombar,16984,-160,996,-3599,-352,942,1446847
2026-05-19 20:17:47,esterno,1300,15484,-4920,-459,-2946,277,789414
2026-05-19 20:17:47,lombar,16816,-80,644,-4026,-21,983,1446869
2026-05-19 20:17:47,esterno,1052,15368,-4788,-531,-3134,259,789436
2026-05-19 20:17:47,lombar,16872,-272,892,-4132,-501,764,1446891
2026-05-19 20:17:47,esterno,800,15568,-4480,-184,-3120,445,789458
2026-05-19 20:17:47,lombar,16748,-404,940,-4345,-477,613,1446913
2026-05-19 20:17:47,esterno,644,15904,-4128,-112,-2884,507,789480
2026-05-19 20:17:47,lombar,16692,-636,724,-4426,31,550,1446935
2026-05-19 20:17:47,esterno,276,15660,-4384,-314,-2771,469,789502
2026-05-19 20:17:47,lombar,16928,-864,1108,-4286,-227,516,1446957
2026-05-19 20:17:48,esterno,316,15352,-4556,-181,-2787,372,789524
2026-05-19 20:17:48,lombar,16864,-1056,1152,-4235,-112,420,1446979
2026-05-19 20:17:48,esterno,156,15204,-4612,153,-2697,296,789546
2026-05-19 20:17:48,lombar,16844,-856,1140,-4237,88,327,1447001
2026-05-19 20:17:48,esterno,152,15304,-4576,288,-2695,409,789568
2026-05-19 20:17:48,lombar,16612,-988,736,-4022,77,243,1447023
2026-05-19 20:17:48,esterno,244,15392,-4492,314,-2685,596,789590
2026-05-19 20:17:48,lombar,16644,-912,884,-3980,184,130,1447045
2026-05-19 20:17:48,esterno,168,15320,-4780,717,-2342,641,789612
2026-05-19 20:17:48,lombar,16516,-1152,836,-3922,175,192,1447067
2026-05-19 20:17:48,esterno,80,15232,-4472,810,-1962,422,789634
2026-05-19 20:17:48,lombar,16604,-1212,1172,-3589,154,73,1447089
2026-05-19 20:17:48,esterno,216,15468,-4168,500,-2602,449,789656
2026-05-19 20:17:48,lombar,16700,-1336,1024,-3325,31,58,1447111
2026-05-19 20:17:48,esterno,132,15356,-4800,242,-2783,697,789678
2026-05-19 20:17:48,lombar,16560,-1340,728,-2960,477,115,1447133
2026-05-19 20:17:48,esterno,184,15160,-5136,536,-2126,787,789700
2026-05-19 20:17:48,lombar,16600,-1300,1156,-2896,217,186,1447155
2026-05-19 20:17:48,esterno,276,15244,-4600,892,-1899,621,789722
2026-05-19 20:17:48,lombar,16612,-1200,896,-2620,16,145,1447177
2026-05-19 20:17:48,esterno,320,15540,-4636,1016,-1842,574,789744
2026-05-19 20:17:48,lombar,16472,-1180,860,-2598,270,155,1447199
2026-05-19 20:17:48,esterno,-64,15692,-4384,632,-1982,603,789766
2026-05-19 20:17:48,lombar,16440,-1148,856,-2450,-48,101,1447221
2026-05-19 20:17:48,esterno,-8,15416,-4688,283,-2158,833,789788
2026-05-19 20:17:48,lombar,16464,-1376,1128,-2391,-224,42,1447243
2026-05-19 20:17:48,esterno,332,15192,-4992,310,-2021,883,789810
2026-05-19 20:17:48,lombar,16920,-1324,1160,-2045,-280,165,1447265
2026-05-19 20:17:48,esterno,360,15092,-4996,370,-1883,781,789832
2026-05-19 20:17:48,lombar,16840,-1420,864,-1595,16,160,1447287
2026-05-19 20:17:48,esterno,448,14912,-4980,431,-1776,618,789854
2026-05-19 20:17:48,lombar,16796,-1320,1020,-1522,373,206,1447309
2026-05-19 20:17:48,esterno,360,15172,-5084,579,-1831,577,789876
2026-05-19 20:17:48,lombar,16680,-1128,1376,-1544,-17,290,1447331
2026-05-19 20:17:48,esterno,392,15480,-4824,747,-1813,529,789898
2026-05-19 20:17:48,lombar,16664,-1072,680,-1321,34,305,1447353
2026-05-19 20:17:48,esterno,188,15724,-4876,540,-1621,438,789920
2026-05-19 20:17:48,lombar,16488,-956,856,-1357,78,269,1447375
2026-05-19 20:17:48,esterno,460,15652,-4952,122,-1541,554,789942
2026-05-19 20:17:48,lombar,16716,-916,836,-1522,-443,365,1447397
2026-05-19 20:17:48,esterno,396,15864,-4844,-162,-1248,332,789964
2026-05-19 20:17:48,lombar,16684,-1380,712,-1256,-395,394,1447419
2026-05-19 20:17:48,esterno,504,15960,-4596,-794,-1293,279,789986
2026-05-19 20:17:48,lombar,17004,-1240,800,-949,-439,429,1447441
2026-05-19 20:17:48,esterno,476,15724,-4804,-1202,-1033,206,790008
2026-05-19 20:17:48,lombar,16876,-1316,956,-572,-429,527,1447463
2026-05-19 20:17:48,esterno,296,15700,-4716,-1581,-993,325,790030
2026-05-19 20:17:48,lombar,16700,-1160,548,-312,-198,631,1447485
2026-05-19 20:17:48,esterno,68,15832,-4396,-1456,-873,318,790052
2026-05-19 20:17:48,lombar,16800,-1252,1024,-19,-175,539,1447507
2026-05-19 20:17:48,esterno,-116,15700,-4528,-1199,-645,-106,790074
2026-05-19 20:17:48,lombar,16952,-1464,1116,-32,-583,505,1447529
2026-05-19 20:17:48,esterno,-32,15064,-4960,-1230,-397,-302,790096
2026-05-19 20:17:48,lombar,16884,-1572,1048,172,-269,556,1447551
2026-05-19 20:17:48,esterno,448,15148,-4776,-956,-543,-74,790118
2026-05-19 20:17:48,lombar,16724,-1180,940,293,242,558,1447573
2026-05-19 20:17:48,esterno,760,15644,-4484,-436,-776,216,790140
2026-05-19 20:17:48,lombar,16860,-952,1352,71,-431,693,1447595
2026-05-19 20:17:48,esterno,608,15808,-4672,-543,-417,79,790162
2026-05-19 20:17:48,lombar,16620,-804,896,-294,-650,861,1447617
2026-05-19 20:17:48,esterno,364,15584,-4284,-1166,-33,-169,790184
2026-05-19 20:17:48,lombar,16672,-976,1096,-336,-294,643,1447639
2026-05-19 20:17:48,esterno,608,15156,-4372,-1584,-602,-39,790206
2026-05-19 20:17:48,lombar,16804,-916,944,-248,-105,604,1447661
2026-05-19 20:17:48,esterno,372,14976,-4764,-1109,-424,-32,790228
2026-05-19 20:17:48,lombar,16908,-684,1124,-280,-151,718,1447683
2026-05-19 20:17:48,esterno,464,15144,-4300,-491,-549,-137,790250
2026-05-19 20:17:48,lombar,16852,-924,996,-358,-269,664,1447705
2026-05-19 20:17:48,esterno,416,15488,-4064,-257,-402,36,790272
2026-05-19 20:17:48,lombar,16732,-908,820,-641,183,518,1447727
2026-05-19 20:17:48,esterno,308,15816,-4032,-312,-322,169,790294
2026-05-19 20:17:48,lombar,16896,-740,1064,-717,-57,631,1447749
2026-05-19 20:17:48,esterno,-36,15864,-4136,-989,-669,-62,790316
2026-05-19 20:17:48,lombar,16708,-848,1064,-805,-76,744,1447771
2026-05-19 20:17:48,esterno,-56,15764,-4164,-995,-1069,-72,790338
2026-05-19 20:17:48,lombar,16712,-700,1212,-852,-57,640,1447793
2026-05-19 20:17:48,esterno,4,15504,-3920,-482,-1057,47,790360
2026-05-19 20:17:48,lombar,16864,-772,1156,-938,-103,712,1447815
2026-05-19 20:17:48,esterno,-8,15496,-3636,-409,-1448,-104,790382
2026-05-19 20:17:48,lombar,16644,-872,1100,-1150,46,788,1447837
2026-05-19 20:17:48,esterno,-148,15832,-3852,-555,-1980,-300,790404
2026-05-19 20:17:48,lombar,16724,-888,1012,-1198,14,854,1447859
2026-05-19 20:17:48,esterno,148,15852,-3844,-913,-2380,-435,790426
2026-05-19 20:17:48,lombar,16596,-704,1160,-1298,-51,870,1447881
2026-05-19 20:17:48,esterno,-84,15588,-3984,-1132,-2377,-529,790448
2026-05-19 20:17:48,lombar,16540,-892,1488,-1570,-310,919,1447903
2026-05-19 20:17:48,esterno,-72,15548,-4004,-950,-2644,-685,790470
2026-05-19 20:17:48,lombar,16688,-1128,924,-1916,-303,974,1447925
2026-05-19 20:17:48,esterno,-56,15676,-4044,-621,-3096,-810,790492
2026-05-19 20:17:48,lombar,16720,-1036,1180,-2235,-284,1159,1447947
2026-05-19 20:17:48,esterno,-216,15620,-3808,-897,-2758,-1050,790514
2026-05-19 20:17:49,lombar,16756,-1164,832,-2400,-422,1219,1447969
2026-05-19 20:17:49,esterno,144,16044,-3900,-1496,-2672,-1159,790536
2026-05-19 20:17:49,lombar,15828,-2068,844,-1952,-674,454,1447991
2026-05-19 20:17:49,esterno,496,15884,-4288,-1565,-2190,-1186,790558
2026-05-19 20:17:49,lombar,16640,-2016,776,-2137,-1046,1064,1448013
2026-05-19 20:17:49,esterno,692,15852,-4248,-1476,-1345,-1251,790580
2026-05-19 20:17:49,lombar,16652,-1708,1172,-2119,-995,1123,1448035
2026-05-19 20:17:49,esterno,580,15576,-4116,-1139,-853,-1295,790602
2026-05-19 20:17:49,lombar,16756,-2048,952,-1846,-931,995,1448057
2026-05-19 20:17:49,esterno,-16,15412,-4144,-455,-533,-1255,790624
2026-05-19 20:17:49,lombar,16740,-2100,656,-1342,-889,925,1448079
2026-05-19 20:17:49,esterno,-520,15532,-3736,-248,-228,-1066,790646
2026-05-19 20:17:49,lombar,16800,-2276,1092,-590,-662,729,1448101
2026-05-19 20:17:49,esterno,-204,15408,-3700,-464,32,-847,790668
2026-05-19 20:17:49,lombar,16912,-2404,1144,50,-696,737,1448123
2026-05-19 20:17:49,esterno,32,15320,-3876,-319,764,-616,790690
2026-05-19 20:17:49,lombar,16764,-2132,852,730,-469,734,1448145
2026-05-19 20:17:49,esterno,12,15372,-4440,105,1845,-587,790712
2026-05-19 20:17:49,lombar,16792,-1832,696,1071,-112,700,1448167
2026-05-19 20:17:49,esterno,-136,15700,-3676,238,1864,-526,790734
2026-05-19 20:17:49,lombar,16548,-1512,1184,1161,-103,497,1448189
2026-05-19 20:17:49,esterno,-596,16020,-3508,-139,1692,-215,790756
2026-05-19 20:17:49,lombar,16688,-1768,888,1206,-214,286,1448211
2026-05-19 20:17:49,esterno,-780,15980,-4032,-382,2267,161,790778
2026-05-19 20:17:49,lombar,16900,-1768,808,1320,-177,149,1448233
2026-05-19 20:17:49,esterno,-1076,15724,-3904,-271,2355,451,790800
2026-05-19 20:17:49,lombar,16712,-1572,992,1475,-247,-101,1448255
2026-05-19 20:17:49,esterno,-964,15712,-3884,71,2262,685,790822
2026-05-19 20:17:49,lombar,16620,-1536,908,1114,-403,-395,1448277
2026-05-19 20:17:49,esterno,-752,15776,-3556,24,2690,1083,790844
2026-05-19 20:17:49,lombar,16788,-1536,924,949,-452,-765,1448299
2026-05-19 20:17:49,esterno,-332,15576,-3332,53,2678,1525,790866
2026-05-19 20:17:49,lombar,16904,-1720,1040,1371,-226,-1074,1448321
2026-05-19 20:17:49,esterno,-212,15016,-3844,505,3191,1587,790888
2026-05-19 20:17:49,lombar,16752,-1712,884,1775,453,-1422,1448343
2026-05-19 20:17:49,esterno,-80,15064,-3664,916,3460,1566,790910
2026-05-19 20:17:49,lombar,17028,-1808,848,2236,556,-1694,1448365
2026-05-19 20:17:49,esterno,96,14952,-3944,1176,3838,1732,790932
2026-05-19 20:17:49,lombar,17272,-1468,1192,2790,780,-1645,1448387
2026-05-19 20:17:49,esterno,364,15044,-3936,1346,4383,1792,790954
2026-05-19 20:17:49,lombar,17164,-1320,1092,3343,994,-1591,1448409
2026-05-19 20:17:49,esterno,376,15156,-3816,1829,4432,1843,790976
2026-05-19 20:17:49,lombar,17020,-1164,944,4018,1068,-1751,1448431
2026-05-19 20:17:49,esterno,32,15512,-4100,2572,4299,1782,790998
2026-05-19 20:17:49,lombar,16528,-1252,752,4804,1748,-2105,1448453
2026-05-19 20:17:49,esterno,224,16008,-4212,2519,4243,1844,791020
2026-05-19 20:17:49,lombar,16796,-1196,1036,5058,1684,-2085,1448475
2026-05-19 20:17:49,esterno,404,15732,-4364,1969,4328,1674,791042
2026-05-19 20:17:49,lombar,16948,-1132,1352,4704,679,-1531,1448497
2026-05-19 20:17:49,esterno,892,15580,-3872,1798,3810,1208,791064
2026-05-19 20:17:49,lombar,16864,-872,1044,4553,808,-1208,1448519
2026-05-19 20:17:49,esterno,1316,15824,-4816,1866,3107,709,791086
2026-05-19 20:17:49,lombar,16556,-400,1364,4527,1290,-1109,1448541
2026-05-19 20:17:49,esterno,1092,15864,-4416,2764,4045,-418,791108
2026-05-19 20:17:49,lombar,17004,-100,1708,4514,343,-808,1448563
2026-05-19 20:17:49,esterno,1808,15832,-3988,2345,4520,-492,791130
2026-05-19 20:17:49,lombar,16704,92,1404,4286,527,-407,1448585
2026-05-19 20:17:49,esterno,1368,15096,-5048,683,4506,-331,791152
2026-05-19 20:17:49,lombar,16816,204,1564,4052,1013,-231,1448607
2026-05-19 20:17:49,esterno,892,14960,-5488,995,4308,-839,791174
2026-05-19 20:17:49,lombar,16780,408,1556,3804,677,-46,1448629
2026-05-19 20:17:49,esterno,452,15124,-4800,1891,3309,-804,791196
2026-05-19 20:17:49,lombar,16716,112,1512,3372,694,9,1448651
2026-05-19 20:17:49,esterno,668,15612,-5208,1673,2869,-236,791218
2026-05-19 20:17:49,lombar,16568,16,2032,3219,665,-216,1448673
2026-05-19 20:17:49,esterno,1188,16072,-5612,1059,3766,300,791240
2026-05-19 20:17:49,lombar,16704,-216,1580,3205,257,-29,1448695
2026-05-19 20:17:49,esterno,1296,15744,-5148,609,4124,391,791262
2026-05-19 20:17:49,lombar,16604,-28,1500,3344,194,-84,1448717
2026-05-19 20:17:49,esterno,1448,15516,-4944,516,3449,147,791284
2026-05-19 20:17:49,lombar,16564,116,1908,3290,273,-157,1448739
2026-05-19 20:17:49,esterno,1088,15380,-5684,831,3510,-31,791306
2026-05-19 20:17:49,lombar,16640,368,1896,3384,145,-74,1448761
2026-05-19 20:17:49,esterno,580,15120,-5588,783,3808,-31,791328
2026-05-19 20:17:49,lombar,16596,112,1952,3259,14,-123,1448783
2026-05-19 20:17:49,esterno,668,15152,-5572,580,3379,-14,791350
2026-05-19 20:17:49,lombar,16724,260,1824,3310,-134,-90,1448805
2026-05-19 20:17:49,esterno,1136,15604,-5732,460,2962,168,791372
2026-05-19 20:17:49,lombar,16612,124,1948,3269,-324,46,1448827
2026-05-19 20:17:49,esterno,1472,15684,-5264,36,2771,301,791394
2026-05-19 20:17:49,lombar,16592,344,1984,3366,-540,23,1448849
2026-05-19 20:17:49,esterno,1516,15256,-5220,-171,2674,197,791416
2026-05-19 20:17:49,lombar,16528,564,1648,3300,-320,112,1448871
2026-05-19 20:17:49,esterno,1448,14960,-5372,-77,2767,-158,791438
2026-05-19 20:17:49,lombar,16588,692,1896,2971,-208,127,1448893
2026-05-19 20:17:49,esterno,1296,15196,-5312,-24,2504,-142,791460
2026-05-19 20:17:49,lombar,16632,796,1980,2734,-339,154,1448915
2026-05-19 20:17:49,esterno,1336,15424,-5224,-197,2144,99,791482
2026-05-19 20:17:49,lombar,16616,784,1868,2459,-427,128,1448937
2026-05-19 20:17:49,esterno,1596,15304,-5428,-390,2053,122,791504
2026-05-19 20:17:49,lombar,16624,844,1888,2244,-580,134,1448959
2026-05-19 20:17:50,esterno,1804,15272,-5192,-334,2119,37,791526
2026-05-19 20:17:50,lombar,16600,816,1780,2019,-277,4,1448981
2026-05-19 20:17:50,esterno,1720,15188,-5508,-274,1831,121,791548
2026-05-19 20:17:50,lombar,16656,1012,1788,1712,-162,14,1449003
2026-05-19 20:17:50,esterno,1812,15140,-5276,-273,1679,166,791570
2026-05-19 20:17:50,lombar,16732,904,1632,1285,-336,134,1449025
2026-05-19 20:17:50,esterno,1616,15360,-5252,-319,1575,102,791592
2026-05-19 20:17:50,lombar,16752,952,1932,1269,-479,52,1449047
2026-05-19 20:17:50,esterno,1744,15528,-5096,-486,1213,192,791614
2026-05-19 20:17:50,lombar,16800,952,1768,1137,-381,115,1449069
2026-05-19 20:17:50,esterno,2052,15520,-5044,-417,948,298,791636
2026-05-19 20:17:50,lombar,16820,784,1788,936,-479,134,1449091
2026-05-19 20:17:50,esterno,1996,15340,-5304,-366,840,320,791658
2026-05-19 20:17:50,lombar,16696,936,1780,822,-586,231,1449113
2026-05-19 20:17:50,esterno,1972,15080,-5220,-372,715,170,791680
2026-05-19 20:17:50,lombar,16748,676,1744,833,-479,185,1449135
2026-05-19 20:17:50,esterno,2040,15072,-5344,-256,535,152,791702
2026-05-19 20:17:50,lombar,16768,904,1912,740,-437,206,1449157
2026-05-19 20:17:50,esterno,1864,14928,-5256,-186,604,91,791724
2026-05-19 20:17:50,lombar,16832,1000,2120,601,-396,367,1449179
2026-05-19 20:17:50,esterno,1956,14980,-5076,-138,356,131,791746
2026-05-19 20:17:50,lombar,16832,988,1940,405,-423,299,1449201
2026-05-19 20:17:50,esterno,2036,15044,-5112,193,289,183,791768
2026-05-19 20:17:50,lombar,16632,932,1768,151,-202,237,1449223
2026-05-19 20:17:50,esterno,2016,15120,-5612,336,732,45,791790
2026-05-19 20:17:50,lombar,16768,1120,1788,215,-90,286,1449245
2026-05-19 20:17:50,esterno,2028,15220,-4824,211,189,0,791812
2026-05-19 20:17:50,lombar,16640,840,1864,31,-292,193,1449267
2026-05-19 20:17:50,esterno,2112,15152,-5400,248,-372,79,791834
2026-05-19 20:17:50,lombar,16668,740,1844,68,-182,209,1449289
2026-05-19 20:17:50,esterno,1992,15064,-5964,429,343,163,791856
2026-05-19 20:17:50,lombar,16776,680,1640,107,-219,208,1449311
2026-05-19 20:17:50,esterno,2080,15220,-5612,333,432,155,791878
2026-05-19 20:17:50,lombar,16676,756,1792,166,-301,228,1449333
2026-05-19 20:17:50,esterno,2264,15344,-5524,456,364,266,791900
2026-05-19 20:17:50,lombar,16680,732,1676,220,-465,237,1449355
2026-05-19 20:17:50,esterno,2200,15592,-5400,207,434,252,791922
2026-05-19 20:17:50,lombar,16632,492,1932,228,-471,223,1449377
2026-05-19 20:17:50,esterno,2092,15372,-5456,-49,422,252,791944
2026-05-19 20:17:50,lombar,16700,688,1764,409,-448,260,1449399
2026-05-19 20:17:50,esterno,1948,15196,-5656,96,491,248,791966
2026-05-19 20:17:50,lombar,16716,564,1708,600,-639,198,1449421
2026-05-19 20:17:50,esterno,2048,15156,-5676,86,547,163,791988
2026-05-19 20:17:50,lombar,16820,608,1960,625,-492,176,1449443
2026-05-19 20:17:50,esterno,2028,15108,-5492,85,443,178,792010
2026-05-19 20:17:50,lombar,16644,652,1572,604,-213,180,1449465
2026-05-19 20:17:50,esterno,2200,15336,-5624,-139,457,168,792032
2026-05-19 20:17:50,lombar,16688,716,2080,536,-418,264,1449487
2026-05-19 20:17:50,esterno,2212,15308,-5784,-252,649,123,792054
2026-05-19 20:17:50,lombar,16648,856,1840,484,-561,297,1449509
2026-05-19 20:17:50,esterno,2028,15112,-5640,-152,602,42,792076
2026-05-19 20:17:50,lombar,16688,612,1828,466,-628,267,1449531
2026-05-19 20:17:50,esterno,2216,15080,-5592,-54,364,98,792098
2026-05-19 20:17:50,lombar,16656,612,1908,220,-295,409,1449553
2026-05-19 20:17:50,esterno,2308,15408,-5564,15,723,9,792120
2026-05-19 20:17:50,lombar,16716,860,1840,263,-135,404,1449575
2026-05-19 20:17:50,esterno,2320,15200,-5556,-319,654,-58,792142
2026-05-19 20:17:50,lombar,16672,732,1896,188,-369,335,1449597
2026-05-19 20:17:50,esterno,2100,15048,-5920,-287,606,-141,792164
2026-05-19 20:17:50,lombar,16736,624,2020,275,-538,335,1449619
2026-05-19 20:17:50,esterno,2200,15116,-5728,-84,608,-116,792186
2026-05-19 20:17:50,lombar,16700,620,1736,279,-443,470,1449641
2026-05-19 20:17:50,esterno,2064,15016,-5704,-170,615,-173,792208
2026-05-19 20:17:50,lombar,16680,572,1760,418,-305,404,1449663
2026-05-19 20:17:50,esterno,2060,15212,-5728,-319,649,-166,792230
2026-05-19 20:17:50,lombar,16780,684,1788,504,-439,420,1449685
2026-05-19 20:17:50,esterno,2084,15376,-5712,-308,660,-83,792252
2026-05-19 20:17:50,lombar,16748,688,1900,476,-503,462,1449707
2026-05-19 20:17:50,esterno,2136,15164,-5652,-291,690,-12,792274
2026-05-19 20:17:50,lombar,16600,744,1844,556,-545,464,1449729
2026-05-19 20:17:50,esterno,2136,15068,-5660,-458,758,-127,792296
2026-05-19 20:17:50,lombar,16772,780,1732,546,-353,415,1449751
2026-05-19 20:17:50,esterno,1920,14840,-5484,-177,725,-295,792318
2026-05-19 20:17:50,lombar,16836,656,1776,553,-540,457,1449773
2026-05-19 20:17:50,esterno,1960,15000,-5984,72,923,-388,792340
2026-05-19 20:17:50,lombar,16752,740,1800,393,-413,473,1449795
2026-05-19 20:17:50,esterno,1956,15292,-4996,-91,426,-257,792362
2026-05-19 20:17:50,lombar,16604,716,1960,433,-374,429,1449817
2026-05-19 20:17:50,esterno,2048,15388,-5508,-191,-108,-16,792384
2026-05-19 20:17:50,lombar,16812,828,1632,461,-248,449,1449839
2026-05-19 20:17:50,esterno,2092,15004,-5788,-18,652,-127,792406
2026-05-19 20:17:50,lombar,16648,636,1560,209,-165,511,1449861
2026-05-19 20:17:50,esterno,1928,14880,-5688,-26,697,-408,792428
2026-05-19 20:17:50,lombar,16760,676,1964,305,-395,391,1449883
2026-05-19 20:17:50,esterno,2000,15188,-5608,217,630,-348,792450
2026-05-19 20:17:50,lombar,16716,576,1688,232,-173,530,1449905
2026-05-19 20:17:50,esterno,2016,15528,-5412,-41,610,-242,792472
2026-05-19 20:17:50,lombar,16852,612,1664,273,-148,455,1449927
2026-05-19 20:17:50,esterno,1960,15288,-5452,-375,581,-186,792494
2026-05-19 20:17:50,lombar,16732,572,1732,271,-191,472,1449949
2026-05-19 20:17:50,esterno,2004,15056,-5684,-39,555,-270,792516
2026-05-19 20:17:51,lombar,16652,624,1788,255,-332,478,1449971
2026-05-19 20:17:51,esterno,1816,15216,-5596,-23,471,-264,792538
2026-05-19 20:17:51,lombar,16740,632,1464,255,-194,430,1449993
2026-05-19 20:17:51,esterno,2068,15184,-5492,-260,544,-236,792560
2026-05-19 20:17:51,lombar,16652,688,1792,241,-135,418,1450015
2026-05-19 20:17:51,esterno,2204,15272,-5304,-298,455,-166,792582
2026-05-19 20:17:51,lombar,16752,504,1668,304,-251,373,1450037
2026-05-19 20:17:51,esterno,2076,14964,-5432,-29,330,-118,792604
2026-05-19 20:17:51,lombar,16804,448,1568,328,-45,391,1450059
2026-05-19 20:17:51,esterno,1800,14860,-5764,46,566,-253,792626
2026-05-19 20:17:51,lombar,16784,688,1876,267,-83,372,1450081
2026-05-19 20:17:51,esterno,1964,14988,-5460,46,374,-205,792648
2026-05-19 20:17:51,lombar,16704,496,1796,267,-68,341,1450103
2026-05-19 20:17:51,esterno,1944,15112,-5276,96,532,-244,792670
2026-05-19 20:17:51,lombar,16872,560,1656,286,-5,383,1450125
2026-05-19 20:17:51,esterno,2024,15196,-5288,-62,389,-172,792692
2026-05-19 20:17:51,lombar,16840,584,1812,332,-84,334,1450147
2026-05-19 20:17:51,esterno,2020,15188,-5428,103,253,-126,792714
2026-05-19 20:17:51,lombar,16780,596,1672,411,20,312,1450169
2026-05-19 20:17:51,esterno,1796,15312,-5448,323,189,-178,792736
2026-05-19 20:17:51,lombar,16820,620,1800,358,-87,292,1450191
2026-05-19 20:17:51,esterno,1800,15052,-5480,286,225,-258,792758
2026-05-19 20:17:51,lombar,16680,620,1748,293,114,242,1450213
2026-05-19 20:17:51,esterno,1836,15028,-5660,296,184,-227,792780
2026-05-19 20:17:51,lombar,16596,444,1576,135,160,251,1450235
2026-05-19 20:17:51,esterno,1964,15204,-5604,376,170,-113,792802
2026-05-19 20:17:51,lombar,16716,584,1732,260,-50,279,1450257
2026-05-19 20:17:51,esterno,1968,15416,-5388,447,100,-36,792824
2026-05-19 20:17:51,lombar,16860,628,1836,241,-19,269,1450279
2026-05-19 20:17:51,esterno,2052,15336,-5540,309,145,-57,792846
2026-05-19 20:17:51,lombar,16736,624,1664,86,132,284,1450301
2026-05-19 20:17:51,esterno,1876,15264,-5700,85,90,-48,792868
2026-05-19 20:17:51,lombar,16700,784,1700,72,47,298,1450323
2026-05-19 20:17:51,esterno,1952,15300,-5820,-278,-1,17,792890
2026-05-19 20:17:51,lombar,16632,600,1760,14,-157,270,1450345
2026-05-19 20:17:51,esterno,1948,15212,-5900,-514,-130,108,792912
2026-05-19 20:17:51,lombar,16680,608,1600,7,-257,252,1450367
2026-05-19 20:17:51,esterno,1812,15044,-6076,-256,456,48,792934
2026-05-19 20:17:51,lombar,16720,608,1808,11,-119,330,1450389
2026-05-19 20:17:51,esterno,1760,15236,-5368,-233,-384,52,792956
2026-05-19 20:17:51,lombar,16656,472,2176,-11,-158,251,1450411
2026-05-19 20:17:51,esterno,1752,15448,-5724,-255,-589,196,792978
2026-05-19 20:17:51,lombar,16944,440,1848,71,-169,286,1450433
2026-05-19 20:17:51,esterno,1376,15236,-5708,-16,-350,253,793000
2026-05-19 20:17:51,lombar,16780,480,1972,105,13,216,1450455
2026-05-19 20:17:51,esterno,1744,15028,-5692,439,-275,33,793022
2026-05-19 20:17:51,lombar,16744,476,2032,250,-67,178,1450477
2026-05-19 20:17:51,esterno,2028,15068,-5596,771,81,3,793044
2026-05-19 20:17:51,lombar,16992,384,2052,276,-3,46,1450499
2026-05-19 20:17:51,esterno,1968,14924,-5524,537,-9,225,793066
2026-05-19 20:17:51,lombar,16816,160,1928,350,343,-51,1450521
2026-05-19 20:17:51,esterno,1700,14816,-5804,645,30,266,793088
2026-05-19 20:17:51,lombar,16748,324,1772,555,674,-119,1450543
2026-05-19 20:17:51,esterno,1776,14904,-5928,974,362,192,793110
2026-05-19 20:17:51,esterno,1968,14968,-5840,930,521,224,793132
2026-05-19 20:17:51,lombar,16788,504,1960,889,418,-119,1450565
2026-05-19 20:17:51,lombar,16624,564,2144,836,475,-146,1450587
2026-05-19 20:17:51,esterno,2128,15056,-5752,836,548,339,793154
2026-05-19 20:17:51,lombar,16740,528,2196,999,425,-98,1450609
2026-05-19 20:17:51,esterno,2128,15224,-6048,775,497,417,793176
2026-05-19 20:17:51,lombar,16732,832,2096,1029,518,-97,1450631
2026-05-19 20:17:51,esterno,1856,15240,-6140,791,699,395,793198
2026-05-19 20:17:51,lombar,16580,704,1916,1027,388,-88,1450653
2026-05-19 20:17:51,esterno,1792,15320,-6168,666,662,396,793220
2026-05-19 20:17:51,lombar,16580,688,2156,1132,334,-98,1450675
2026-05-19 20:17:51,esterno,2248,15160,-6368,498,490,519,793242
2026-05-19 20:17:51,lombar,16612,800,1972,818,334,-5,1450697
2026-05-19 20:17:51,esterno,2212,15116,-6064,360,775,376,793264
2026-05-19 20:17:51,lombar,16580,892,2132,784,104,34,1450719
2026-05-19 20:17:51,esterno,2272,15352,-6204,13,641,364,793286
2026-05-19 20:17:51,lombar,16456,976,2152,676,-109,-36,1450741
2026-05-19 20:17:51,esterno,2064,15388,-6176,-205,646,390,793308
2026-05-19 20:17:51,lombar,16504,936,1924,632,-162,60,1450763
2026-05-19 20:17:51,esterno,2000,15272,-6204,-320,693,365,793330
2026-05-19 20:17:51,lombar,16500,792,2016,581,-327,37,1450785
2026-05-19 20:17:51,esterno,2044,15136,-6164,-346,583,407,793352
2026-05-19 20:17:51,lombar,16564,612,2232,625,-373,89,1450807
2026-05-19 20:17:51,esterno,2064,15224,-6272,-274,562,352,793374
2026-05-19 20:17:51,lombar,16616,864,2168,624,-391,144,1450829
2026-05-19 20:17:51,esterno,2368,15340,-6012,-352,719,465,793396
2026-05-19 20:17:51,lombar,16600,1004,2144,732,-600,103,1450851
2026-05-19 20:17:51,esterno,2476,15180,-6124,-433,724,532,793418
2026-05-19 20:17:51,lombar,16700,852,2004,700,-770,109,1450873
2026-05-19 20:17:51,esterno,2336,14968,-5924,-486,853,435,793440
2026-05-19 20:17:51,lombar,16656,644,1976,730,-729,143,1450895
2026-05-19 20:17:51,esterno,2456,15332,-6044,-849,1105,194,793462
2026-05-19 20:17:51,lombar,16628,848,2032,907,-544,58,1450917
2026-05-19 20:17:51,esterno,2340,15212,-6236,-1066,1112,454,793484
2026-05-19 20:17:51,lombar,16588,876,2208,959,-750,37,1450939
2026-05-19 20:17:51,esterno,2408,14972,-6412,-1147,1110,585,793506
2026-05-19 20:17:51,lombar,16736,948,2108,1122,-817,-10,1450961
2026-05-19 20:17:52,esterno,2316,14772,-5976,-881,1001,724,793528
2026-05-19 20:17:52,lombar,16580,776,2192,1302,-700,-128,1450983
2026-05-19 20:17:52,esterno,2192,14888,-5740,-407,927,851,793550
2026-05-19 20:17:52,lombar,16568,736,2252,1397,-586,-116,1451005
2026-05-19 20:17:52,esterno,2276,14900,-6292,-191,1314,701,793572
2026-05-19 20:17:52,lombar,16696,852,2152,1445,-593,-186,1451027
2026-05-19 20:17:52,esterno,2160,15000,-5376,-404,1480,623,793594
2026-05-19 20:17:52,lombar,16756,996,2272,1539,-767,-217,1451049
2026-05-19 20:17:52,esterno,2576,15324,-5568,-447,851,971,793616
2026-05-19 20:17:52,lombar,16820,1016,2004,1566,-597,-283,1451071
2026-05-19 20:17:52,esterno,2568,14912,-6232,-165,884,947,793638
2026-05-19 20:17:52,lombar,16612,1040,1908,1690,-338,-339,1451093
2026-05-19 20:17:52,esterno,2492,14608,-6016,5,1405,621,793660
2026-05-19 20:17:52,lombar,16608,1280,2028,1662,-401,-352,1451115
2026-05-19 20:17:52,esterno,2836,14776,-6060,228,1478,621,793682
2026-05-19 20:17:52,lombar,16692,1160,1980,1620,-548,-248,1451137
2026-05-19 20:17:52,esterno,2776,15020,-5844,359,1348,777,793704
2026-05-19 20:17:52,lombar,16736,1464,2028,1572,-363,-242,1451159
2026-05-19 20:17:52,esterno,2728,15140,-5592,204,977,807,793726
2026-05-19 20:17:52,lombar,16692,1656,2084,1173,-183,-153,1451181
2026-05-19 20:17:52,esterno,2688,15036,-5716,239,1042,542,793748
2026-05-19 20:17:52,lombar,16564,1636,1720,1095,-216,-107,1451203
2026-05-19 20:17:52,esterno,2688,14972,-5708,91,1030,298,793770
2026-05-19 20:17:52,lombar,16612,1608,1860,937,-265,-103,1451225
2026-05-19 20:17:52,esterno,2820,14964,-5792,-150,657,307,793792
2026-05-19 20:17:52,lombar,16852,1456,1948,856,-280,7,1451247
2026-05-19 20:17:52,esterno,2864,15056,-5804,-133,343,416,793814
2026-05-19 20:17:52,lombar,16772,1496,1752,695,-260,177,1451269
2026-05-19 20:17:52,esterno,3028,15076,-5560,-221,521,316,793836
2026-05-19 20:17:52,lombar,16640,1492,1808,439,-388,264,1451291
2026-05-19 20:17:52,esterno,2812,15136,-5772,-302,498,74,793858
2026-05-19 20:17:52,lombar,16576,1448,1580,309,-495,302,1451313
2026-05-19 20:17:52,esterno,3000,15084,-5804,-342,-24,138,793880
2026-05-19 20:17:52,lombar,16528,1504,1952,355,-371,314,1451335
2026-05-19 20:17:52,esterno,2984,14984,-5724,-330,135,106,793902
2026-05-19 20:17:52,lombar,16680,1528,1840,100,-526,413,1451357
2026-05-19 20:17:52,esterno,3000,15100,-5736,-509,11,84,793924
2026-05-19 20:17:52,lombar,16636,1344,1844,-72,-469,415,1451379
2026-05-19 20:17:52,esterno,3020,15060,-5804,-663,-99,76,793946
2026-05-19 20:17:52,lombar,16600,1348,1708,31,-454,453,1451401
2026-05-19 20:17:52,esterno,3088,15012,-5748,-520,-107,56,793968
2026-05-19 20:17:52,lombar,16612,1380,1940,26,-567,371,1451423
2026-05-19 20:17:52,esterno,3012,15016,-5652,-507,-124,-23,793990
2026-05-19 20:17:52,lombar,16696,1284,1616,125,-482,464,1451445
2026-05-19 20:17:52,esterno,2932,15124,-5988,-623,0,32,794012
2026-05-19 20:17:52,lombar,16632,1240,1784,92,-546,433,1451467
2026-05-19 20:17:52,esterno,2976,15084,-5844,-581,61,56,794034
2026-05-19 20:17:52,lombar,16672,1320,1472,270,-486,359,1451489
2026-05-19 20:17:52,esterno,3024,15052,-5756,-533,106,68,794056
2026-05-19 20:17:52,lombar,16612,1308,1572,305,-597,379,1451511
2026-05-19 20:17:52,esterno,3060,15168,-5572,-497,141,143,794078
2026-05-19 20:17:52,lombar,16552,1332,1572,436,-694,287,1451533
2026-05-19 20:17:52,esterno,3024,15192,-5576,-518,174,135,794100
2026-05-19 20:17:52,lombar,16652,1264,1512,472,-618,321,1451555
2026-05-19 20:17:52,esterno,3108,15124,-5588,-659,327,76,794122
2026-05-19 20:17:52,lombar,16644,1424,1692,457,-613,351,1451577
2026-05-19 20:17:52,esterno,3108,15232,-5672,-676,402,47,794144
2026-05-19 20:17:52,lombar,16668,1568,1408,524,-661,314,1451599
2026-05-19 20:17:52,esterno,3152,15240,-5424,-588,404,91,794166
2026-05-19 20:17:52,lombar,16660,1568,1584,549,-802,192,1451621
2026-05-19 20:17:52,esterno,3288,15096,-5320,-581,355,157,794188
2026-05-19 20:17:52,lombar,16648,1532,1440,327,-694,281,1451643
2026-05-19 20:17:52,esterno,3292,15000,-5364,-671,378,110,794210
2026-05-19 20:17:52,lombar,16776,1680,1596,327,-779,280,1451665
2026-05-19 20:17:52,esterno,3064,14984,-5528,-640,352,248,794232
2026-05-19 20:17:52,lombar,16532,1576,1400,176,-601,271,1451687
2026-05-19 20:17:52,esterno,3052,15008,-5320,-602,171,338,794254
2026-05-19 20:17:52,lombar,16716,1612,1720,78,-645,193,1451709
2026-05-19 20:17:52,esterno,3108,14940,-5368,-725,73,241,794276
2026-05-19 20:17:52,lombar,16812,1496,1636,2,-623,233,1451731
2026-05-19 20:17:52,esterno,3072,14832,-5468,-580,0,183,794298
2026-05-19 20:17:52,lombar,16664,1420,1548,-113,-359,204,1451753
2026-05-19 20:17:52,esterno,3248,14740,-6248,-141,387,118,794320
2026-05-19 20:17:52,lombar,16660,1316,1716,-183,-378,194,1451775
2026-05-19 20:17:52,esterno,3180,14788,-5156,-62,432,2,794342
2026-05-19 20:17:52,lombar,16828,1320,1912,-120,-487,86,1451797
2026-05-19 20:17:52,esterno,3544,15280,-5232,-317,-41,189,794364
2026-05-19 20:17:52,lombar,16728,1164,1532,4,-244,193,1451819
2026-05-19 20:17:52,esterno,3400,14956,-5940,-496,122,40,794386
2026-05-19 20:17:52,esterno,3264,14260,-5780,-245,720,-628,794408
2026-05-19 20:17:52,lombar,16896,1448,1612,17,281,453,1451841
2026-05-19 20:17:52,lombar,16992,1564,1620,114,398,623,1451863
2026-05-19 20:17:52,esterno,3136,14160,-5588,446,652,-1178,794430
2026-05-19 20:17:52,lombar,16764,1568,1724,40,449,762,1451885
2026-05-19 20:17:52,esterno,2688,14332,-5340,928,273,-1451,794452
2026-05-19 20:17:52,lombar,16656,1404,1740,-320,997,986,1451907
2026-05-19 20:17:52,esterno,2712,14772,-4992,856,-357,-1469,794474
2026-05-19 20:17:52,lombar,16952,1416,1616,-540,1076,1103,1451929
2026-05-19 20:17:52,esterno,2600,15000,-5076,1048,-440,-1412,794496
2026-05-19 20:17:52,lombar,16812,1276,1720,-450,1245,1114,1451951
2026-05-19 20:17:52,esterno,2424,15080,-5236,1201,-421,-1374,794518
2026-05-19 20:17:53,lombar,16760,1160,1708,-597,1182,1109,1451973
2026-05-19 20:17:53,esterno,2300,15408,-5196,931,-713,-1214,794540
2026-05-19 20:17:53,lombar,16764,760,1828,-660,937,1179,1451995
2026-05-19 20:17:53,esterno,2288,15588,-5760,710,-942,-1084,794562
2026-05-19 20:17:53,lombar,16680,888,1860,-529,988,1011,1452017
2026-05-19 20:17:53,esterno,2200,15356,-5820,710,-723,-1119,794584
2026-05-19 20:17:53,lombar,16700,1024,1952,-465,767,844,1452039
2026-05-19 20:17:53,esterno,2004,15412,-6008,754,-534,-1065,794606
2026-05-19 20:17:53,lombar,16400,772,2100,-379,493,640,1452061
2026-05-19 20:17:53,esterno,2480,15616,-6012,541,-611,-616,794628
2026-05-19 20:17:53,lombar,16460,720,1920,-242,435,467,1452083
2026-05-19 20:17:53,esterno,2868,15424,-6240,153,47,-313,794650
2026-05-19 20:17:53,lombar,16536,696,1848,60,123,426,1452105
2026-05-19 20:17:53,esterno,2644,15348,-5956,-34,458,-284,794672
2026-05-19 20:17:53,lombar,16460,756,1948,147,-47,245,1452127
2026-05-19 20:17:53,esterno,2384,15520,-6392,-306,507,-86,794694
2026-05-19 20:17:53,lombar,16336,568,1992,286,-265,115,1452149
2026-05-19 20:17:53,esterno,2172,15596,-6380,-813,717,241,794716
2026-05-19 20:17:53,lombar,16428,828,2008,528,-414,7,1452171
2026-05-19 20:17:53,esterno,2464,15640,-6072,-1097,795,584,794738
2026-05-19 20:17:53,lombar,16476,912,2252,746,-599,16,1452193
2026-05-19 20:17:53,esterno,2580,15496,-5940,-1070,1044,716,794760
2026-05-19 20:17:53,lombar,16588,848,1944,1020,-797,77,1452215
2026-05-19 20:17:53,esterno,2492,15324,-5876,-930,1013,671,794782
2026-05-19 20:17:53,lombar,16444,872,2160,1074,-1045,91,1452237
2026-05-19 20:17:53,esterno,2348,15300,-5644,-713,988,825,794804
2026-05-19 20:17:53,lombar,16476,812,2044,1210,-1116,118,1452259
2026-05-19 20:17:53,esterno,2512,15580,-5340,-874,974,1001,794826
2026-05-19 20:17:53,lombar,16468,908,2064,1253,-1041,93,1452281
2026-05-19 20:17:53,esterno,2596,15244,-5632,-1419,1127,1051,794848
2026-05-19 20:17:53,lombar,16568,1044,2264,1140,-1264,117,1452303
2026-05-19 20:17:53,esterno,2528,14784,-5760,-1478,1328,797,794870
2026-05-19 20:17:53,lombar,16780,968,2196,1027,-1342,137,1452325
2026-05-19 20:17:53,esterno,2160,14764,-5652,-1117,1141,545,794892
2026-05-19 20:17:53,lombar,16744,880,2208,1079,-997,1,1452347
2026-05-19 20:17:53,esterno,1948,14736,-5680,-850,879,568,794914
2026-05-19 20:17:53,lombar,16704,840,1992,1070,-726,-8,1452369
2026-05-19 20:17:53,esterno,2220,14612,-5196,-591,679,651,794936
2026-05-19 20:17:53,lombar,16564,920,2208,899,-619,-14,1452391
2026-05-19 20:17:53,esterno,2704,14648,-5432,-323,683,564,794958
2026-05-19 20:17:53,lombar,16728,1040,1760,866,-384,3,1452413
2026-05-19 20:17:53,esterno,3028,14856,-5248,-261,861,419,794980
2026-05-19 20:17:53,lombar,16716,1020,2180,934,-388,-56,1452435
2026-05-19 20:17:53,esterno,2820,14808,-5208,-259,845,210,795002
2026-05-19 20:17:53,lombar,16732,1048,1952,1053,-270,-94,1452457
2026-05-19 20:17:53,esterno,2600,15124,-5812,-337,876,100,795024
2026-05-19 20:17:53,lombar,16820,980,1600,1025,-125,-42,1452479
2026-05-19 20:17:53,esterno,2748,15024,-5516,-423,898,162,795046
2026-05-19 20:17:53,lombar,16372,1260,1644,1273,143,123,1452501
2026-05-19 20:17:53,esterno,3040,14852,-5192,-194,657,205,795068
2026-05-19 20:17:53,lombar,16628,1740,1412,1526,-179,102,1452523
2026-05-19 20:17:53,esterno,3308,15088,-4932,-93,748,172,795090
2026-05-19 20:17:53,lombar,16716,1616,1984,1134,-360,73,1452545
2026-05-19 20:17:53,esterno,3476,15440,-5396,-371,971,189,795112
2026-05-19 20:17:53,lombar,16768,1380,1460,1094,-367,116,1452567
2026-05-19 20:17:53,esterno,3280,15732,-5568,-801,1669,56,795134
2026-05-19 20:17:53,lombar,16588,1752,1536,968,-339,280,1452589
2026-05-19 20:17:53,esterno,3292,15888,-4940,-779,602,61,795156
2026-05-19 20:17:53,lombar,16300,1652,1584,877,-672,344,1452611
2026-05-19 20:17:53,esterno,3348,15516,-4964,-734,215,80,795178
2026-05-19 20:17:53,lombar,16308,1772,1416,1034,-755,397,1452633
2026-05-19 20:17:53,esterno,3380,15108,-5632,-1137,892,-7,795200
2026-05-19 20:17:53,lombar,16244,2060,1604,1064,-872,411,1452655
2026-05-19 20:17:53,esterno,3612,14772,-4952,-1173,957,9,795222
2026-05-19 20:17:53,lombar,16108,2140,1424,764,-1150,603,1452677
2026-05-19 20:17:53,esterno,3668,15104,-4900,-903,761,195,795244
2026-05-19 20:17:53,lombar,16488,1832,1340,603,-1615,612,1452699
2026-05-19 20:17:53,esterno,3580,15644,-4524,-1574,585,371,795266
2026-05-19 20:17:53,lombar,16512,1836,1100,537,-1460,712,1452721
2026-05-19 20:17:53,esterno,3404,15340,-4772,-1962,430,300,795288
2026-05-19 20:17:53,lombar,16612,1968,1208,429,-1348,915,1452743
2026-05-19 20:17:53,esterno,3544,15284,-4968,-1712,425,158,795310
2026-05-19 20:17:53,lombar,16400,2304,1256,448,-1598,1047,1452765
2026-05-19 20:17:53,esterno,3652,15064,-4740,-1852,238,34,795332
2026-05-19 20:17:53,lombar,16892,2160,1240,90,-1707,1105,1452787
2026-05-19 20:17:53,esterno,3784,15256,-4288,-2067,150,-33,795354
2026-05-19 20:17:53,lombar,16256,1748,880,-329,-1392,1128,1452809
2026-05-19 20:17:53,esterno,3796,15268,-4544,-1941,97,-83,795376
2026-05-19 20:17:53,lombar,16632,2064,872,-189,-1125,1142,1452831
2026-05-19 20:17:53,esterno,3708,15064,-3892,-1591,-80,-207,795398
2026-05-19 20:17:53,lombar,16676,1772,948,-496,-1791,1224,1452853
2026-05-19 20:17:53,esterno,3528,15180,-4292,-1569,-270,-311,795420
2026-05-19 20:17:53,lombar,17028,1424,940,-505,-1543,1226,1452875
2026-05-19 20:17:53,esterno,3396,15236,-4836,-1894,-408,-356,795442
2026-05-19 20:17:53,lombar,16904,992,928,-503,-856,1386,1452897
2026-05-19 20:17:53,esterno,3252,15196,-4372,-1776,-288,-568,795464
2026-05-19 20:17:53,lombar,16968,1032,924,-372,-1204,1507,1452919
2026-05-19 20:17:53,esterno,3376,15408,-4048,-1414,-592,-664,795486
2026-05-19 20:17:53,lombar,16820,1076,816,-512,-1261,1466,1452941
2026-05-19 20:17:53,esterno,3376,15528,-3848,-1393,-564,-792,795508
2026-05-19 20:17:53,lombar,16644,1016,656,-533,-1018,1429,1452963
2026-05-19 20:17:54,esterno,3284,15660,-3668,-1732,-347,-810,795530
2026-05-19 20:17:54,lombar,16792,1180,780,-658,-1384,1497,1452985
2026-05-19 20:17:54,esterno,3252,15628,-3744,-1751,-386,-670,795552
2026-05-19 20:17:54,lombar,16780,1008,772,-700,-1716,1438,1453007
2026-05-19 20:17:54,esterno,2936,15368,-3696,-1461,-321,-692,795574
2026-05-19 20:17:54,lombar,16920,768,416,-570,-1243,1268,1453029
2026-05-19 20:17:54,esterno,3172,15700,-3924,-1453,-193,-703,795596
2026-05-19 20:17:54,lombar,16936,680,580,-455,-797,1213,1453051
2026-05-19 20:17:54,esterno,3160,15676,-3956,-1528,-134,-571,795618
2026-05-19 20:17:54,lombar,16944,424,564,-282,-722,1242,1453073
2026-05-19 20:17:54,esterno,3376,15592,-3820,-1230,9,-440,795640
2026-05-19 20:17:54,lombar,17048,452,740,-105,-1143,1121,1453095
2026-05-19 20:17:54,esterno,3136,15560,-3872,-1152,222,-560,795662
2026-05-19 20:17:54,esterno,2732,15392,-3808,-1126,248,-599,795684
2026-05-19 20:17:54,lombar,16716,480,684,-26,-723,908,1453117
2026-05-19 20:17:54,lombar,16808,460,832,120,-384,851,1453139
2026-05-19 20:17:54,esterno,2432,15280,-3760,-891,202,-532,795706
2026-05-19 20:17:54,lombar,16752,600,1108,18,-476,834,1453161
2026-05-19 20:17:54,esterno,2352,15148,-3668,-534,114,-461,795728
2026-05-19 20:17:54,lombar,16832,516,1004,112,-658,688,1453183
2026-05-19 20:17:54,esterno,2548,15344,-3708,-617,154,-423,795750
2026-05-19 20:17:54,lombar,16972,480,920,113,-525,620,1453205
2026-05-19 20:17:54,esterno,2604,15164,-3532,-665,79,-429,795772
2026-05-19 20:17:54,lombar,17040,612,1052,-90,-217,728,1453227
2026-05-19 20:17:54,esterno,2484,15012,-3760,-149,-29,-578,795794
2026-05-19 20:17:54,lombar,16996,688,1044,-59,105,635,1453249
2026-05-19 20:17:54,esterno,2456,14916,-3732,172,-27,-679,795816
2026-05-19 20:17:54,lombar,17028,848,1324,-300,320,615,1453271
2026-05-19 20:17:54,esterno,2516,15024,-3636,322,-213,-592,795838
2026-05-19 20:17:54,lombar,17048,724,880,-289,576,572,1453293
2026-05-19 20:17:54,esterno,2560,15240,-3964,662,-190,-544,795860
2026-05-19 20:17:54,lombar,16988,532,996,-348,576,430,1453315
2026-05-19 20:17:54,esterno,2556,15316,-3748,1083,-170,-605,795882
2026-05-19 20:17:54,lombar,17108,796,800,-218,788,461,1453337
2026-05-19 20:17:54,esterno,2644,15196,-3980,1455,599,-782,795904
2026-05-19 20:17:54,lombar,16456,340,584,-552,1284,710,1453359
2026-05-19 20:17:54,esterno,2904,15400,-3640,1506,81,-652,795926
2026-05-19 20:17:54,lombar,16352,216,1052,-275,844,413,1453381
2026-05-19 20:17:54,esterno,2864,15656,-3864,1255,-194,-24,795948
2026-05-19 20:17:54,lombar,16844,248,1440,-329,442,449,1453403
2026-05-19 20:17:54,esterno,2548,15352,-4304,1340,-123,-19,795970
2026-05-19 20:17:54,lombar,16904,564,1208,-587,924,648,1453425
2026-05-19 20:17:54,esterno,2248,15660,-4036,1309,266,-414,795992
2026-05-19 20:17:54,lombar,16968,648,960,-466,1016,599,1453447
2026-05-19 20:17:54,esterno,2360,16024,-4052,1293,-71,-248,796014
2026-05-19 20:17:54,lombar,16548,404,808,-542,929,443,1453469
2026-05-19 20:17:54,esterno,2344,16164,-4316,1123,-247,-78,796036
2026-05-19 20:17:54,lombar,16700,332,1164,-629,373,552,1453491
2026-05-19 20:17:54,esterno,2212,16028,-3724,842,-486,-78,796058
2026-05-19 20:17:54,lombar,16552,440,1036,-591,232,703,1453513
2026-05-19 20:17:54,esterno,2116,15856,-4064,586,-511,-386,796080
2026-05-19 20:17:54,lombar,16516,232,932,-486,111,560,1453535
2026-05-19 20:17:54,esterno,2236,15792,-4316,287,-285,-491,796102
2026-05-19 20:17:54,lombar,16400,248,1144,-502,-89,603,1453557
2026-05-19 20:17:54,esterno,2420,15764,-4208,28,-506,-318,796124
2026-05-19 20:17:54,lombar,16620,620,1168,-481,-173,598,1453579
2026-05-19 20:17:54,esterno,2492,15616,-4484,-229,-646,-232,796146
2026-05-19 20:17:54,lombar,16552,468,1168,-573,-245,610,1453601
2026-05-19 20:17:54,esterno,2476,15600,-4296,-508,-446,-218,796168
2026-05-19 20:17:54,lombar,16776,444,1256,-656,-632,624,1453623
2026-05-19 20:17:54,esterno,2524,15736,-4768,-439,-466,-219,796190
2026-05-19 20:17:54,lombar,16700,196,1180,-492,-790,602,1453645
2026-05-19 20:17:54,esterno,2584,15624,-4460,-451,-688,-148,796212
2026-05-19 20:17:54,lombar,16732,200,1060,-493,-621,650,1453667
2026-05-19 20:17:54,esterno,2512,15500,-4236,-510,-421,-99,796234
2026-05-19 20:17:54,lombar,16676,344,1072,-363,-586,688,1453689
2026-05-19 20:17:54,esterno,2408,15556,-4132,-656,-278,-61,796256
2026-05-19 20:17:54,lombar,16780,268,1260,-328,-706,627,1453711
2026-05-19 20:17:54,esterno,2384,15500,-4288,-705,-451,-16,796278
2026-05-19 20:17:54,lombar,16968,208,1156,-326,-667,653,1453733
2026-05-19 20:17:54,esterno,2292,15540,-4236,-610,-438,-53,796300
2026-05-19 20:17:54,lombar,16868,220,1252,-277,-549,598,1453755
2026-05-19 20:17:54,esterno,2160,15432,-4464,-548,-427,-70,796322
2026-05-19 20:17:54,lombar,17004,312,1280,-324,-470,607,1453777
2026-05-19 20:17:54,esterno,2260,15388,-4304,-483,-400,-125,796344
2026-05-19 20:17:54,lombar,16740,76,1200,-401,-461,564,1453799
2026-05-19 20:17:54,esterno,2348,15368,-4200,-314,-291,-139,796366
2026-05-19 20:17:54,lombar,17020,240,1308,-355,-582,528,1453821
2026-05-19 20:17:54,esterno,2364,15424,-4232,-159,-189,-159,796388
2026-05-19 20:17:54,lombar,16856,76,1240,-378,-394,431,1453843
2026-05-19 20:17:54,esterno,2288,15644,-4228,-82,-109,-186,796410
2026-05-19 20:17:54,lombar,16948,268,1128,-273,-246,412,1453865
2026-05-19 20:17:54,esterno,2308,15616,-4152,87,20,-154,796432
2026-05-19 20:17:54,lombar,16812,64,1000,-191,-238,411,1453887
2026-05-19 20:17:54,esterno,2352,15620,-4056,213,72,-150,796454
2026-05-19 20:17:54,lombar,16984,132,1040,-182,-246,264,1453909
2026-05-19 20:17:54,esterno,2288,15600,-4140,135,118,-136,796476
2026-05-19 20:17:54,lombar,16800,52,968,-214,-96,290,1453931
2026-05-19 20:17:54,esterno,2212,15648,-4368,24,217,-61,796498
2026-05-19 20:17:54,lombar,16840,160,1076,-134,-128,240,1453953
2026-05-19 20:17:54,esterno,2076,15652,-4284,8,233,-11,796520
2026-05-19 20:17:55,lombar,16920,148,1116,41,-334,138,1453975
2026-05-19 20:17:55,esterno,2132,15728,-4212,67,216,47,796542
2026-05-19 20:17:55,lombar,16832,172,1124,125,-298,190,1453997
2026-05-19 20:17:55,esterno,2292,15520,-4240,165,266,146,796564
2026-05-19 20:17:55,lombar,16720,372,1052,172,-129,143,1454019
2026-05-19 20:17:55,esterno,2212,15344,-3940,433,251,199,796586
2026-05-19 20:17:55,lombar,16628,292,1200,213,-81,29,1454041
2026-05-19 20:17:55,esterno,2248,15288,-4936,333,956,104,796608
2026-05-19 20:17:55,lombar,16480,280,1148,197,-76,59,1454063
2026-05-19 20:17:55,esterno,2256,15496,-3864,139,331,151,796630
2026-05-19 20:17:55,lombar,16696,296,1152,397,-323,54,1454085
2026-05-19 20:17:55,esterno,2320,15436,-4476,254,-73,446,796652
2026-05-19 20:17:55,lombar,16660,136,1032,401,-250,134,1454107
2026-05-19 20:17:55,lombar,16748,360,1148,441,-317,169,1454129
2026-05-19 20:17:55,esterno,2292,15424,-4740,259,527,446,796674
2026-05-19 20:17:55,esterno,2348,15336,-4656,221,730,314,796696
2026-05-19 20:17:55,lombar,16796,176,1128,492,-370,120,1454151
2026-05-19 20:17:55,esterno,2372,15508,-4464,419,600,298,796718
2026-05-19 20:17:55,lombar,16932,140,1276,259,-488,152,1454173
2026-05-19 20:17:55,esterno,2152,15800,-4504,293,626,215,796740
2026-05-19 20:17:55,lombar,16924,92,1024,207,-452,120,1454195
2026-05-19 20:17:55,esterno,2188,15880,-4344,-52,566,239,796762
2026-05-19 20:17:55,lombar,16948,276,776,354,-425,18,1454217
2026-05-19 20:17:55,esterno,2128,15752,-4504,-150,541,306,796784
2026-05-19 20:17:55,lombar,16932,380,956,379,-556,-76,1454239
2026-05-19 20:17:55,esterno,2100,15752,-4416,-146,704,329,796806
2026-05-19 20:17:55,lombar,16924,436,824,471,-705,-52,1454261
2026-05-19 20:17:55,esterno,2204,15648,-4456,-245,832,208,796828
2026-05-19 20:17:55,lombar,16748,232,960,322,-689,7,1454283
2026-05-19 20:17:55,esterno,2360,15400,-4012,-344,864,160,796850
2026-05-19 20:17:55,lombar,16520,180,792,486,-582,11,1454305
2026-05-19 20:17:55,esterno,2368,15224,-4076,-539,915,237,796872
2026-05-19 20:17:55,lombar,16484,224,804,461,-508,-50,1454327
2026-05-19 20:17:55,esterno,2428,15216,-4532,-634,983,290,796894
2026-05-19 20:17:55,lombar,16624,192,812,620,-540,10,1454349
2026-05-19 20:17:55,esterno,2472,15344,-4464,-760,979,400,796916
2026-05-19 20:17:55,lombar,16704,256,952,736,-653,77,1454371
2026-05-19 20:17:55,esterno,2548,15688,-4560,-709,955,523,796938
2026-05-19 20:17:55,lombar,16768,472,728,801,-624,126,1454393
2026-05-19 20:17:55,esterno,2440,15840,-4168,-973,991,558,796960
2026-05-19 20:17:55,lombar,16644,612,748,802,-375,8,1454415
2026-05-19 20:17:55,esterno,2484,16144,-4116,-1640,1030,752,796982
2026-05-19 20:17:55,lombar,16736,664,828,701,-505,-5,1454437
2026-05-19 20:17:55,esterno,2360,15900,-4160,-1307,959,703,797004
2026-05-19 20:17:55,lombar,16960,436,736,866,-812,-240,1454459
2026-05-19 20:17:55,esterno,2140,15924,-3864,-1036,811,575,797026
2026-05-19 20:17:55,esterno,2160,16360,-3632,-1609,461,787,797048
2026-05-19 20:17:55,lombar,16944,548,616,691,-556,-225,1454481
2026-05-19 20:17:55,lombar,16712,444,768,722,-411,-307,1454503
2026-05-19 20:17:55,esterno,2300,15632,-3640,-1846,101,1075,797070
2026-05-19 20:17:55,lombar,16564,484,784,632,-992,-491,1454525
2026-05-19 20:17:55,esterno,2840,15092,-3760,-1326,283,1097,797092
2026-05-19 20:17:55,lombar,16700,876,888,485,-955,-460,1454547
2026-05-19 20:17:55,esterno,3228,15324,-3676,-1000,403,1039,797114
2026-05-19 20:17:55,lombar,16676,844,780,632,-801,-311,1454569
2026-05-19 20:17:55,esterno,3104,15436,-3740,-1286,441,1128,797136
2026-05-19 20:17:55,lombar,16608,680,700,784,-928,-435,1454591
2026-05-19 20:17:55,esterno,2968,15052,-3904,-1479,510,1216,797158
2026-05-19 20:17:55,lombar,16768,744,1076,603,-814,-380,1454613
2026-05-19 20:17:55,esterno,2948,14912,-4040,-1176,407,1263,797180
2026-05-19 20:17:55,lombar,16748,884,1148,660,-649,-279,1454635
2026-05-19 20:17:55,esterno,2968,14772,-3800,-579,57,1214,797202
2026-05-19 20:17:55,lombar,16572,924,692,575,-509,-300,1454657
2026-05-19 20:17:55,esterno,3100,14996,-3732,-181,163,972,797224
2026-05-19 20:17:55,lombar,16740,852,764,587,-382,-282,1454679
2026-05-19 20:17:55,esterno,3524,15404,-3772,-365,911,672,797246
2026-05-19 20:17:55,lombar,16688,780,256,742,-166,-86,1454701
2026-05-19 20:17:55,esterno,3908,15604,-3484,-714,376,703,797268
2026-05-19 20:17:55,lombar,16540,880,604,852,-594,73,1454723
2026-05-19 20:17:55,esterno,3712,15608,-3712,-694,659,754,797290
2026-05-19 20:17:55,lombar,16504,824,544,982,-886,139,1454745
2026-05-19 20:17:55,esterno,3324,15512,-3604,-594,984,743,797312
2026-05-19 20:17:55,lombar,16840,1292,632,943,-1083,-125,1454767
2026-05-19 20:17:55,esterno,3076,15368,-3932,-787,930,579,797334
2026-05-19 20:17:55,lombar,17048,1336,436,698,-894,-80,1454789
2026-05-19 20:17:55,esterno,3060,15636,-3636,-696,725,582,797356
2026-05-19 20:17:55,lombar,16768,1040,680,284,-990,173,1454811
2026-05-19 20:17:55,esterno,2892,15584,-3032,30,260,635,797378
2026-05-19 20:17:55,lombar,16592,1400,328,64,-635,-12,1454833
2026-05-19 20:17:55,esterno,3444,15820,-3352,-191,378,517,797400
2026-05-19 20:17:55,lombar,16680,1384,480,-4,-262,-129,1454855
2026-05-19 20:17:55,esterno,3708,15572,-3372,-873,375,455,797422
2026-05-19 20:17:55,lombar,16740,1244,312,199,-540,-173,1454877
2026-05-19 20:17:55,esterno,3540,15216,-3460,-930,415,342,797444
2026-05-19 20:17:55,lombar,16708,1032,356,251,-649,85,1454899
2026-05-19 20:17:55,esterno,3404,15092,-3600,-649,228,231,797466
2026-05-19 20:17:55,lombar,16668,928,480,187,-532,303,1454921
2026-05-19 20:17:55,esterno,3232,15408,-3328,-421,114,193,797488
2026-05-19 20:17:55,lombar,16732,1140,432,214,-260,322,1454943
2026-05-19 20:17:55,esterno,3252,15440,-2936,-598,79,171,797510
2026-05-19 20:17:55,lombar,16752,1236,340,184,-171,318,1454965
2026-05-19 20:17:56,esterno,3480,15528,-3240,-565,-14,10,797532
2026-05-19 20:17:56,lombar,16764,1048,544,247,-155,216,1454987
2026-05-19 20:17:56,esterno,3892,15560,-3060,-584,-138,-22,797554
2026-05-19 20:17:56,lombar,16752,1180,360,285,28,336,1455009
2026-05-19 20:17:56,esterno,3928,15448,-3156,-373,163,12,797576
2026-05-19 20:17:56,lombar,16848,972,224,182,159,416,1455031
2026-05-19 20:17:56,esterno,3528,15552,-3248,-419,125,-67,797598
2026-05-19 20:17:56,lombar,16864,1032,512,116,-52,390,1455053
2026-05-19 20:17:56,esterno,3232,15568,-3228,-539,38,-77,797620
2026-05-19 20:17:56,lombar,16756,1028,344,111,-71,380,1455075
2026-05-19 20:17:56,esterno,3176,15480,-3248,-481,-95,-31,797642
2026-05-19 20:17:56,lombar,16772,904,588,209,41,337,1455097
2026-05-19 20:17:56,esterno,3340,15600,-3140,-379,-108,-26,797664
2026-05-19 20:17:56,lombar,16784,948,664,242,240,361,1455119
2026-05-19 20:17:56,esterno,3488,15416,-3156,-363,-11,-130,797686
2026-05-19 20:17:56,lombar,16680,1048,504,187,224,381,1455141
2026-05-19 20:17:56,esterno,3592,15472,-3168,-334,172,-198,797708
2026-05-19 20:17:56,lombar,16620,940,516,144,-17,376,1455163
2026-05-19 20:17:56,esterno,3576,15576,-3096,-69,211,-157,797730
2026-05-19 20:17:56,lombar,16736,888,732,206,-57,332,1455185
2026-05-19 20:17:56,esterno,3212,15604,-2880,19,310,-106,797752
2026-05-19 20:17:56,lombar,16656,848,348,253,-38,351,1455207
2026-05-19 20:17:56,esterno,3244,15560,-3344,-325,303,-234,797774
2026-05-19 20:17:56,lombar,16696,840,832,334,167,339,1455229
2026-05-19 20:17:56,esterno,3396,15380,-3424,-698,322,-200,797796
2026-05-19 20:17:56,lombar,16788,892,760,371,188,330,1455251
2026-05-19 20:17:56,esterno,3272,15252,-3420,-118,115,-88,797818
2026-05-19 20:17:56,lombar,16616,1072,740,409,105,381,1455273
2026-05-19 20:17:56,esterno,3272,15292,-3208,479,442,-222,797840
2026-05-19 20:17:56,lombar,16620,1072,568,322,3,383,1455295
2026-05-19 20:17:56,esterno,3236,15604,-2576,152,160,-280,797862
2026-05-19 20:17:56,lombar,16628,920,624,385,30,247,1455317
2026-05-19 20:17:56,esterno,3332,15696,-2816,-211,30,-89,797884
2026-05-19 20:17:56,lombar,16664,832,864,457,-5,368,1455339
2026-05-19 20:17:56,esterno,3308,15308,-3400,122,122,5,797906
2026-05-19 20:17:56,lombar,16664,1012,564,574,70,399,1455361
2026-05-19 20:17:56,esterno,3348,15168,-3456,406,321,-128,797928
2026-05-19 20:17:56,lombar,16608,1044,684,501,123,369,1455383
2026-05-19 20:17:56,esterno,3448,15416,-3448,571,270,-311,797950
2026-05-19 20:17:56,lombar,16720,1124,760,375,164,403,1455405
2026-05-19 20:17:56,esterno,3372,15664,-3228,535,570,-306,797972
2026-05-19 20:17:56,lombar,16804,1048,1056,139,74,418,1455427
2026-05-19 20:17:56,esterno,3128,15532,-3040,372,459,-264,797994
2026-05-19 20:17:56,lombar,16812,1008,732,-162,181,469,1455449
2026-05-19 20:17:56,esterno,3220,15544,-3280,557,225,-264,798016
2026-05-19 20:17:56,lombar,16756,848,688,-139,-141,255,1455471
2026-05-19 20:17:56,esterno,3264,15664,-2976,913,291,-172,798038
2026-05-19 20:17:56,lombar,16876,872,656,-171,-14,154,1455493
2026-05-19 20:17:56,esterno,3240,15904,-3060,975,247,-292,798060
2026-05-19 20:17:56,lombar,16772,932,668,-118,27,413,1455515
2026-05-19 20:17:56,esterno,2916,15768,-3072,604,223,-427,798082
2026-05-19 20:17:56,lombar,16804,1140,732,-145,21,461,1455537
2026-05-19 20:17:56,esterno,2848,15684,-3344,159,407,-485,798104
2026-05-19 20:17:56,lombar,16728,1008,980,-71,-82,409,1455559
2026-05-19 20:17:56,esterno,2876,15536,-3240,257,360,-498,798126
2026-05-19 20:17:56,lombar,16720,800,820,-43,-29,290,1455581
2026-05-19 20:17:56,esterno,3048,15540,-3396,578,250,-543,798148
2026-05-19 20:17:56,lombar,16856,816,1020,95,28,217,1455603
2026-05-19 20:17:56,esterno,3404,15508,-3780,798,60,-503,798170
2026-05-19 20:17:56,lombar,16752,916,984,110,107,323,1455625
2026-05-19 20:17:56,esterno,3244,15476,-3516,802,133,-520,798192
2026-05-19 20:17:56,lombar,16736,1052,868,80,152,410,1455647
2026-05-19 20:17:56,esterno,3180,15424,-3720,739,-29,-411,798214
2026-05-19 20:17:56,lombar,16572,1196,1412,183,110,345,1455669
2026-05-19 20:17:56,lombar,16676,1140,1112,109,85,304,1455691
2026-05-19 20:17:56,esterno,3176,15468,-3788,680,-172,-367,798236
2026-05-19 20:17:56,esterno,3264,15448,-4064,655,-136,-322,798258
2026-05-19 20:17:56,lombar,16660,916,1292,75,284,292,1455713
2026-05-19 20:17:56,esterno,3280,15524,-3956,709,-166,-253,798280
2026-05-19 20:17:56,lombar,16892,920,1240,72,300,297,1455735
2026-05-19 20:17:56,esterno,3428,15472,-3996,730,-68,-249,798302
2026-05-19 20:17:56,lombar,16752,1080,1312,-9,505,415,1455757
2026-05-19 20:17:56,esterno,3412,15468,-3900,784,117,-194,798324
2026-05-19 20:17:56,lombar,16596,968,1416,-114,585,480,1455779
2026-05-19 20:17:56,esterno,3100,15388,-3900,966,125,-247,798346
2026-05-19 20:17:56,lombar,16532,1088,1224,-30,558,410,1455801
2026-05-19 20:17:56,esterno,2752,15220,-3968,746,179,-427,798368
2026-05-19 20:17:56,lombar,16796,1068,1380,-230,703,436,1455823
2026-05-19 20:17:56,esterno,2680,15180,-4172,550,71,-484,798390
2026-05-19 20:17:56,lombar,16600,1020,1476,-402,614,420,1455845
2026-05-19 20:17:56,esterno,2748,15168,-4308,719,7,-368,798412
2026-05-19 20:17:56,lombar,16612,804,1676,-314,351,337,1455867
2026-05-19 20:17:56,esterno,2572,15124,-4708,1232,384,-381,798434
2026-05-19 20:17:56,lombar,16920,992,1284,-29,634,227,1455889
2026-05-19 20:17:56,esterno,2768,15464,-4060,1364,64,-421,798456
2026-05-19 20:17:56,lombar,16852,1072,1564,246,980,231,1455911
2026-05-19 20:17:56,esterno,3028,15684,-4076,1092,-393,-349,798478
2026-05-19 20:17:56,lombar,16792,668,1208,438,774,391,1455933
2026-05-19 20:17:56,esterno,2848,15352,-4716,1071,-175,-398,798500
2026-05-19 20:17:56,lombar,16644,1076,1524,197,531,627,1455955
2026-05-19 20:17:56,esterno,2864,15264,-4536,1014,-34,-524,798522
2026-05-19 20:17:57,lombar,16564,1016,1316,-76,471,590,1455977
2026-05-19 20:17:57,esterno,3104,15388,-4744,1052,-81,-486,798544
2026-05-19 20:17:57,lombar,16644,1172,1436,227,296,495,1455999
2026-05-19 20:17:57,esterno,2884,15712,-4848,1250,151,-359,798566
2026-05-19 20:17:57,lombar,16860,960,1548,157,145,408,1456021
2026-05-19 20:17:57,esterno,2512,15824,-4172,1034,78,-310,798588
2026-05-19 20:17:57,lombar,16716,796,1704,128,325,491,1456043
2026-05-19 20:17:57,esterno,2580,15804,-4356,565,157,-417,798610
2026-05-19 20:17:57,lombar,16640,944,1580,38,361,441,1456065
2026-05-19 20:17:57,esterno,2692,15572,-4648,330,363,-535,798632
2026-05-19 20:17:57,lombar,16500,952,1588,119,239,360,1456087
2026-05-19 20:17:57,esterno,2728,15484,-4784,359,278,-467,798654
2026-05-19 20:17:57,lombar,16552,1116,1504,231,86,290,1456109
2026-05-19 20:17:57,esterno,2812,15432,-4864,520,192,-346,798676
2026-05-19 20:17:57,lombar,16716,1040,1696,248,33,340,1456131
2026-05-19 20:17:57,esterno,2732,15480,-4664,373,409,-229,798698
2026-05-19 20:17:57,lombar,16656,960,1764,179,-70,284,1456153
2026-05-19 20:17:57,esterno,2796,15568,-4700,174,359,-136,798720
2026-05-19 20:17:57,lombar,16680,1052,1728,52,-130,324,1456175
2026-05-19 20:17:57,esterno,2860,15480,-4700,137,149,-79,798742
2026-05-19 20:17:57,lombar,16516,996,1744,96,-252,293,1456197
2026-05-19 20:17:57,esterno,3060,15476,-4908,159,157,-19,798764
2026-05-19 20:17:57,lombar,16624,1068,1684,56,-372,368,1456219
2026-05-19 20:17:57,esterno,2780,15660,-4540,34,357,-61,798786
2026-05-19 20:17:57,lombar,16724,972,1536,60,-357,313,1456241
2026-05-19 20:17:57,esterno,2528,15504,-4672,-187,130,71,798808
2026-05-19 20:17:57,lombar,16684,784,1600,-14,-392,292,1456263
2026-05-19 20:17:57,esterno,2684,15516,-4820,-182,72,198,798830
2026-05-19 20:17:57,lombar,16748,840,1544,39,-560,314,1456285
2026-05-19 20:17:57,esterno,2648,15352,-4696,-193,90,195,798852
2026-05-19 20:17:57,lombar,16712,848,1652,41,-614,394,1456307
2026-05-19 20:17:57,esterno,2724,15396,-4680,-204,40,174,798874
2026-05-19 20:17:57,lombar,16684,1056,1560,101,-572,328,1456329
2026-05-19 20:17:57,esterno,2844,15336,-4716,-198,154,156,798896
2026-05-19 20:17:57,lombar,16628,776,1468,4,-431,287,1456351
2026-05-19 20:17:57,esterno,2748,15344,-4780,-174,208,219,798918
2026-05-19 20:17:57,lombar,16724,864,1548,133,-508,279,1456373
2026-05-19 20:17:57,esterno,2828,15340,-4880,-113,263,340,798940
2026-05-19 20:17:57,lombar,16648,836,1344,135,-492,218,1456395
2026-05-19 20:17:57,esterno,2920,15444,-4724,-103,224,275,798962
2026-05-19 20:17:57,lombar,16644,1028,1676,183,-592,298,1456417
2026-05-19 20:17:57,esterno,2876,15388,-4712,-117,204,271,798984
2026-05-19 20:17:57,lombar,16616,988,1668,155,-610,334,1456439
2026-05-19 20:17:57,esterno,2740,15264,-5180,96,425,254,799006
2026-05-19 20:17:57,lombar,16700,1092,1696,58,-566,310,1456461
2026-05-19 20:17:57,esterno,2600,15004,-4664,145,583,101,799028
2026-05-19 20:17:57,lombar,16768,924,1588,53,-650,183,1456483
2026-05-19 20:17:57,esterno,2992,15340,-4620,-14,-95,221,799050
2026-05-19 20:17:57,lombar,16632,892,1576,142,-580,160,1456505
2026-05-19 20:17:57,esterno,2908,15248,-5084,19,129,263,799072
2026-05-19 20:17:57,lombar,16620,932,1292,333,-520,273,1456527
2026-05-19 20:17:57,esterno,2924,15244,-4928,201,752,103,799094
2026-05-19 20:17:57,lombar,16604,1020,1480,326,-611,373,1456549
2026-05-19 20:17:57,esterno,2912,15072,-4860,398,745,35,799116
2026-05-19 20:17:57,lombar,16612,940,1400,448,-640,299,1456571
2026-05-19 20:17:57,esterno,2924,15344,-4812,471,728,160,799138
2026-05-19 20:17:57,lombar,16628,868,1508,290,-507,365,1456593
2026-05-19 20:17:57,esterno,2780,15536,-4664,73,688,265,799160
2026-05-19 20:17:57,lombar,16780,952,1336,247,-380,338,1456615
2026-05-19 20:17:57,esterno,2880,15532,-4704,-205,505,264,799182
2026-05-19 20:17:57,lombar,16760,1076,1264,272,-453,265,1456637
2026-05-19 20:17:57,esterno,2868,15280,-4964,-84,505,204,799204
2026-05-19 20:17:57,lombar,16712,904,1356,291,-480,344,1456659
2026-05-19 20:17:57,esterno,2956,15268,-4916,27,505,88,799226
2026-05-19 20:17:57,lombar,16820,968,1396,346,-580,357,1456681
2026-05-19 20:17:57,esterno,2932,15348,-4796,235,529,47,799248
2026-05-19 20:17:57,lombar,16792,892,1444,305,-410,351,1456703
2026-05-19 20:17:57,esterno,2980,15528,-4792,289,563,-19,799270
2026-05-19 20:17:57,lombar,16792,940,1428,332,-335,360,1456725
2026-05-19 20:17:57,esterno,2848,15316,-4620,271,497,-93,799292
2026-05-19 20:17:57,lombar,16792,864,1316,466,-280,253,1456747
2026-05-19 20:17:57,esterno,2688,15132,-4772,458,469,-185,799314
2026-05-19 20:17:57,lombar,16792,824,1456,583,-312,272,1456769
2026-05-19 20:17:57,esterno,3068,15028,-5088,836,267,-104,799336
2026-05-19 20:17:57,lombar,16672,852,1108,635,-147,283,1456791
2026-05-19 20:17:57,lombar,16696,912,1480,723,-164,303,1456813
2026-05-19 20:17:57,lombar,16820,932,1508,773,-95,178,1456835
2026-05-19 20:17:57,esterno,2912,15160,-4732,1114,391,-225,799358
2026-05-19 20:17:57,esterno,2960,15372,-4592,1082,24,-169,799380
2026-05-19 20:17:57,esterno,2948,15248,-5104,1133,-50,-119,799402
2026-05-19 20:17:57,lombar,16684,1004,1416,777,70,185,1456857
2026-05-19 20:17:57,esterno,2980,15176,-5436,1230,232,-283,799424
2026-05-19 20:17:57,lombar,16652,908,1308,672,-108,283,1456879
2026-05-19 20:17:57,esterno,2928,15124,-5296,1132,341,-262,799446
2026-05-19 20:17:57,lombar,16604,1052,1208,710,-30,278,1456901
2026-05-19 20:17:57,esterno,3020,15164,-5292,1096,382,-340,799468
2026-05-19 20:17:57,lombar,16660,1172,1424,738,-65,214,1456923
2026-05-19 20:17:57,esterno,2832,15200,-5180,1098,552,-401,799490
2026-05-19 20:17:57,lombar,16756,1056,1128,692,-167,211,1456945
2026-05-19 20:17:57,esterno,3000,15332,-5288,1031,523,-309,799512
2026-05-19 20:17:58,lombar,16684,1304,1244,596,-50,239,1456967
2026-05-19 20:17:58,esterno,2920,15248,-5208,598,631,-110,799534
2026-05-19 20:17:58,lombar,16596,1208,1384,404,-159,274,1456989
2026-05-19 20:17:58,esterno,2756,15248,-5468,340,526,61,799556
2026-05-19 20:17:58,lombar,16752,1196,1168,272,-208,253,1457011
2026-05-19 20:17:58,esterno,2880,15204,-5900,479,690,-6,799578
2026-05-19 20:17:58,lombar,16764,1168,1148,252,-209,188,1457033
2026-05-19 20:17:58,esterno,2792,15340,-5100,401,1016,-162,799600
2026-05-19 20:17:58,lombar,16652,1152,1268,278,-308,236,1457055
2026-05-19 20:17:58,esterno,2996,15496,-5284,-32,-36,-38,799622
2026-05-19 20:17:58,lombar,16768,1112,1220,170,-407,279,1457077
2026-05-19 20:17:58,esterno,2956,15096,-5872,163,408,243,799644
2026-05-19 20:17:58,lombar,16592,1216,1208,87,-298,321,1457099
2026-05-19 20:17:58,esterno,2848,14904,-5400,221,625,229,799666
2026-05-19 20:17:58,lombar,16552,1084,1340,141,-196,220,1457121
2026-05-19 20:17:58,esterno,2904,15220,-5468,186,426,195,799688
2026-05-19 20:17:58,lombar,16672,1040,1396,27,-467,179,1457143
2026-05-19 20:17:58,esterno,2900,15364,-5472,82,484,223,799710
2026-05-19 20:17:58,lombar,16652,1068,1160,-30,-434,297,1457165
2026-05-19 20:17:58,esterno,3148,15564,-5212,-417,461,313,799732
2026-05-19 20:17:58,lombar,16636,1116,1196,27,-412,249,1457187
2026-05-19 20:17:58,esterno,3160,15312,-5776,-714,579,320,799754
2026-05-19 20:17:58,lombar,16668,1140,1288,36,-438,295,1457209
2026-05-19 20:17:58,esterno,3300,15052,-5792,-344,523,319,799776
2026-05-19 20:17:58,lombar,16684,1120,1472,175,-575,260,1457231
2026-05-19 20:17:58,esterno,3176,15116,-5540,-28,342,303,799798
2026-05-19 20:17:58,lombar,16648,1136,1316,161,-690,265,1457253
2026-05-19 20:17:58,esterno,2708,15040,-5320,146,269,236,799820
2026-05-19 20:17:58,lombar,16636,1232,1288,2,-474,258,1457275
2026-05-19 20:17:58,esterno,2604,15356,-5244,-259,206,186,799842
2026-05-19 20:17:58,lombar,16644,1132,1248,71,-695,207,1457297
2026-05-19 20:17:58,esterno,2556,15148,-5392,-442,210,417,799864
2026-05-19 20:17:58,lombar,16628,1156,1300,110,-602,212,1457319
2026-05-19 20:17:58,esterno,2604,14732,-5476,-289,65,380,799886
2026-05-19 20:17:58,lombar,16784,1132,1368,180,-574,292,1457341
2026-05-19 20:17:58,esterno,3116,14828,-5660,-262,-104,174,799908
2026-05-19 20:17:58,lombar,16680,1216,1376,23,-429,326,1457363
2026-05-19 20:17:58,esterno,3120,15156,-5256,-322,-185,44,799930
2026-05-19 20:17:58,lombar,16584,1184,1260,-62,-385,337,1457385
2026-05-19 20:17:58,esterno,3200,15396,-5408,-500,-556,355,799952
2026-05-19 20:17:58,lombar,16760,1268,1236,-70,-481,296,1457407
2026-05-19 20:17:58,esterno,3284,15248,-5432,-607,-363,458,799974
2026-05-19 20:17:58,lombar,16760,1200,1276,-107,-608,280,1457429
2026-05-19 20:17:58,esterno,3380,15176,-5484,-747,-325,329,799996
2026-05-19 20:17:58,lombar,16644,1156,1148,-123,-702,436,1457451
2026-05-19 20:17:58,esterno,3316,15064,-5528,-659,-148,227,800018
2026-05-19 20:17:58,lombar,16580,1344,1224,-217,-649,431,1457473
2026-05-19 20:17:58,esterno,3164,15060,-5316,-585,-46,234,800040
2026-05-19 20:17:58,lombar,16696,1356,1460,-299,-556,423,1457495
2026-05-19 20:17:58,esterno,2984,15072,-5392,-591,-24,244,800062
2026-05-19 20:17:58,lombar,16648,1336,1352,-416,-511,401,1457517
2026-05-19 20:17:58,esterno,2780,14888,-5316,-523,-147,204,800084
2026-05-19 20:17:58,lombar,16656,1244,1200,-643,-455,410,1457539
2026-05-19 20:17:58,esterno,3000,14912,-5348,-608,-356,171,800106
2026-05-19 20:17:58,lombar,16540,1068,1180,-599,-541,297,1457561
2026-05-19 20:17:58,esterno,3508,14956,-5640,-1023,-91,100,800128
2026-05-19 20:17:58,lombar,16760,904,1472,-570,-559,258,1457583
2026-05-19 20:17:58,esterno,4168,15252,-6068,-1133,983,98,800150
2026-05-19 20:17:58,lombar,16640,876,1156,-482,-633,151,1457605
2026-05-19 20:17:58,esterno,4748,15796,-5200,-1498,862,220,800172
2026-05-19 20:17:58,lombar,16500,636,1224,-289,-748,55,1457627
2026-05-19 20:17:58,esterno,4736,15796,-6192,-1501,1355,371,800194
2026-05-19 20:17:58,lombar,16744,856,1316,51,-587,125,1457649
2026-05-19 20:17:58,esterno,4016,15412,-5888,-1233,2264,302,800216
2026-05-19 20:17:58,lombar,16748,976,1380,337,-510,311,1457671
2026-05-19 20:17:58,esterno,3356,14940,-5392,-829,2449,231,800238
2026-05-19 20:17:58,lombar,16648,1064,1412,703,-944,303,1457693
2026-05-19 20:17:58,esterno,2752,14756,-4984,-349,2130,270,800260
2026-05-19 20:17:58,lombar,16660,856,1088,882,-982,381,1457715
2026-05-19 20:17:58,esterno,2308,14792,-4428,-217,1493,53,800282
2026-05-19 20:17:58,lombar,16720,1148,1064,1063,-617,505,1457737
2026-05-19 20:17:58,esterno,2208,15016,-4204,-382,761,-170,800304
2026-05-19 20:17:58,lombar,16836,1364,1084,1027,-279,670,1457759
2026-05-19 20:17:58,esterno,2232,14808,-4560,-453,542,-426,800326
2026-05-19 20:17:58,lombar,16672,1248,740,1114,-280,739,1457781
2026-05-19 20:17:58,esterno,2396,14956,-4740,-173,68,-594,800348
2026-05-19 20:17:58,lombar,16740,1496,1116,957,-224,725,1457803
2026-05-19 20:17:58,esterno,2728,15312,-4604,21,-548,-664,800370
2026-05-19 20:17:58,lombar,16736,1408,928,626,-75,739,1457825
2026-05-19 20:17:58,esterno,3040,15412,-4208,-204,-1229,-802,800392
2026-05-19 20:17:58,lombar,16684,1476,956,13,140,843,1457847
2026-05-19 20:17:58,esterno,2604,15556,-4384,-476,-1789,-719,800414
2026-05-19 20:17:58,lombar,16708,1540,980,-355,0,663,1457869
2026-05-19 20:17:58,esterno,2136,15552,-4632,-538,-2232,-716,800436
2026-05-19 20:17:58,lombar,16740,1532,1036,-753,-92,476,1457891
2026-05-19 20:17:58,esterno,2688,15752,-4928,-1087,-2300,-387,800458
2026-05-19 20:17:58,lombar,16752,1360,1092,-1181,-244,472,1457913
2026-05-19 20:17:58,esterno,3416,15572,-5048,-1617,-1685,-265,800480
2026-05-19 20:17:58,lombar,16748,940,1096,-1354,-697,516,1457935
2026-05-19 20:17:58,esterno,3904,15372,-5432,-1562,-1313,-388,800502
2026-05-19 20:17:58,lombar,16616,800,1096,-1524,-564,517,1457957
2026-05-19 20:17:59,esterno,3656,15236,-4948,-888,-1357,-481,800524
2026-05-19 20:17:59,lombar,16648,780,1076,-1535,-600,431,1457979
2026-05-19 20:17:59,esterno,2756,15332,-4644,-678,-1249,-278,800546
2026-05-19 20:17:59,lombar,16652,820,1168,-1550,-709,479,1458001
2026-05-19 20:17:59,esterno,2548,15396,-4748,-1095,-900,-39,800568
2026-05-19 20:17:59,lombar,16644,664,1276,-1341,-649,468,1458023
2026-05-19 20:17:59,esterno,2784,15324,-5028,-1529,-909,181,800590
2026-05-19 20:17:59,lombar,16684,632,1120,-1140,-717,373,1458045
2026-05-19 20:17:59,esterno,3064,15144,-4908,-1507,-1251,349,800612
2026-05-19 20:17:59,lombar,16620,348,1280,-1164,-739,369,1458067
2026-05-19 20:17:59,esterno,3228,14956,-4528,-1226,-917,617,800634
2026-05-19 20:17:59,lombar,16704,580,944,-746,-684,371,1458089
2026-05-19 20:17:59,esterno,3264,15144,-4936,-1062,-374,632,800656
2026-05-19 20:17:59,lombar,16736,756,1088,-283,-813,441,1458111
2026-05-19 20:17:59,esterno,3236,15472,-4616,-914,195,219,800678
2026-05-19 20:17:59,lombar,16716,700,1112,86,-701,483,1458133
2026-05-19 20:17:59,esterno,2960,15176,-5104,-346,656,-61,800700
2026-05-19 20:17:59,lombar,16872,844,1000,113,-468,367,1458155
2026-05-19 20:17:59,esterno,2816,15200,-3864,-193,308,-234,800722
2026-05-19 20:17:59,lombar,16704,876,836,38,-306,442,1458177
2026-05-19 20:17:59,esterno,2864,15308,-4724,-339,-105,35,800744
2026-05-19 20:17:59,lombar,16808,916,840,184,-394,293,1458199
2026-05-19 20:17:59,esterno,3028,15320,-4932,-496,384,170,800766
2026-05-19 20:17:59,lombar,16836,916,812,385,-504,398,1458221
2026-05-19 20:17:59,esterno,3092,15268,-4400,-252,276,197,800788
2026-05-19 20:17:59,esterno,2928,15460,-4224,31,335,-2,800810
2026-05-19 20:17:59,lombar,16796,820,1092,474,-466,443,1458243
2026-05-19 20:17:59,lombar,16688,984,1144,410,-293,450,1458265
2026-05-19 20:17:59,esterno,2580,15580,-4372,-124,382,-283,800832
2026-05-19 20:17:59,lombar,16792,904,828,418,-159,458,1458287
2026-05-19 20:17:59,esterno,2636,15512,-4172,-302,233,-375,800854
2026-05-19 20:17:59,lombar,16680,1092,1004,319,-136,334,1458309
2026-05-19 20:17:59,esterno,2988,15720,-4300,-61,116,-226,800876
2026-05-19 20:17:59,lombar,16884,988,664,297,-66,366,1458331
2026-05-19 20:17:59,esterno,2972,15604,-4540,96,78,-94,800898
2026-05-19 20:17:59,lombar,16784,844,808,431,-172,363,1458353
2026-05-19 20:17:59,esterno,2660,15036,-4664,-424,36,-61,800920
2026-05-19 20:17:59,lombar,16744,872,864,411,-578,391,1458375
2026-05-19 20:17:59,esterno,2512,15064,-4164,-597,69,-29,800942
2026-05-19 20:17:59,lombar,16728,808,1188,201,-429,387,1458397
2026-05-19 20:17:59,esterno,2808,15396,-4144,-215,-157,-156,800964
2026-05-19 20:17:59,lombar,16660,988,928,17,-324,407,1458419
2026-05-19 20:17:59,esterno,3216,15360,-4440,78,-142,5,800986
2026-05-19 20:17:59,lombar,16684,1160,876,-35,4,427,1458441
2026-05-19 20:17:59,esterno,3216,15220,-4928,-408,34,-134,801008
2026-05-19 20:17:59,lombar,16488,1120,1016,-27,-220,496,1458463
2026-05-19 20:17:59,esterno,2844,15388,-4064,554,-962,45,801030
2026-05-19 20:17:59,lombar,16756,940,1092,-298,-431,425,1458485
2026-05-19 20:17:59,esterno,4708,17188,-4948,350,-275,234,801052
2026-05-19 20:17:59,lombar,16728,956,952,-279,-107,423,1458507
2026-05-19 20:17:59,esterno,1868,14632,-3600,-2139,318,-924,801074
2026-05-19 20:17:59,lombar,16640,808,980,-235,-271,520,1458529
2026-05-19 20:17:59,esterno,1544,14520,-6324,-1140,1068,-950,801096
2026-05-19 20:17:59,lombar,16840,848,804,-186,-589,511,1458551
2026-05-19 20:17:59,esterno,-764,15988,-1484,-1077,-1375,254,801118
2026-05-19 20:17:59,lombar,16712,892,924,-180,-545,495,1458573
2026-05-19 20:17:59,esterno,3604,15884,-5032,-533,-400,159,801140
2026-05-19 20:17:59,lombar,16788,832,764,-141,-453,408,1458595
2026-05-19 20:17:59,esterno,3144,15308,-4140,1252,-228,-779,801162
2026-05-19 20:17:59,lombar,16648,684,972,-226,-397,415,1458617
2026-05-19 20:17:59,esterno,2892,15236,-3376,112,532,-690,801184
2026-05-19 20:17:59,lombar,16640,936,856,-160,-384,450,1458639
2026-05-19 20:17:59,esterno,2648,15636,-3596,-1777,388,-186,801206
2026-05-19 20:17:59,lombar,16700,700,852,11,-162,422,1458661
2026-05-19 20:17:59,esterno,2676,15440,-3780,-2709,423,423,801228
2026-05-19 20:17:59,lombar,16724,744,904,179,-310,448,1458683
2026-05-19 20:17:59,esterno,2616,15484,-4692,-1220,-520,1059,801250
2026-05-19 20:17:59,lombar,16852,676,848,316,-624,503,1458705
2026-05-19 20:17:59,esterno,2988,15396,-5156,545,-72,211,801272
2026-05-19 20:17:59,lombar,16704,752,756,436,-498,543,1458727
2026-05-19 20:17:59,esterno,2968,15584,-3248,83,-113,-235,801294
2026-05-19 20:17:59,lombar,16732,732,952,344,-228,460,1458749
2026-05-19 20:17:59,esterno,2864,15564,-4324,-527,-207,-127,801316
2026-05-19 20:17:59,lombar,16704,788,1000,430,-281,368,1458771
2026-05-19 20:17:59,esterno,2768,15520,-4512,-297,34,-167,801338
2026-05-19 20:17:59,lombar,16692,932,1008,320,-399,436,1458793
2026-05-19 20:17:59,esterno,2764,15252,-4564,344,-124,-348,801360
2026-05-19 20:17:59,lombar,16716,916,680,402,-457,449,1458815
2026-05-19 20:17:59,esterno,3492,15492,-5140,2327,-940,-1312,801382
2026-05-19 20:17:59,lombar,16676,868,632,419,-500,362,1458837
2026-05-19 20:17:59,esterno,1812,15028,-3316,1598,-164,-1896,801404
2026-05-19 20:17:59,lombar,16800,796,752,149,-410,491,1458859
2026-05-19 20:17:59,esterno,1940,15636,-4004,-307,346,-18,801426
2026-05-19 20:17:59,lombar,16764,1120,728,9,-311,457,1458881
2026-05-19 20:17:59,esterno,2500,15584,-4136,-1768,225,650,801448
2026-05-19 20:17:59,lombar,16740,1056,740,71,-434,408,1458903
2026-05-19 20:17:59,esterno,3336,15500,-4384,-1411,610,579,801470
2026-05-19 20:17:59,lombar,16696,876,704,17,-540,411,1458925
2026-05-19 20:17:59,esterno,3456,15432,-4220,-726,442,656,801492
2026-05-19 20:17:59,lombar,16700,764,836,-174,-657,476,1458947
2026-05-19 20:17:59,esterno,3000,15204,-4192,-248,260,450,801514
2026-05-19 20:18:00,lombar,16756,808,672,-171,-542,508,1458969
2026-05-19 20:18:00,esterno,2148,15420,-4332,-320,-27,-182,801536
2026-05-19 20:18:00,lombar,16808,852,624,-86,-548,469,1458991
2026-05-19 20:18:00,esterno,2036,15588,-4064,-125,-4,-557,801558
2026-05-19 20:18:00,lombar,16616,864,656,-190,-398,464,1459013
