timestamp,node,ax,ay,az,gx,gy,gz,t_ms
2026-05-19 20:18:06,esterno,348,15672,-3996,96,-128,-196,807872
2026-05-19 20:18:06,lombar,16792,-788,724,-393,-181,479,1465327
2026-05-19 20:18:06,esterno,300,15860,-4212,-147,-170,-188,807894
2026-05-19 20:18:06,lombar,16680,-848,764,-233,-265,441,1465349
2026-05-19 20:18:06,esterno,224,15628,-4596,-265,27,-188,807916
2026-05-19 20:18:06,lombar,16744,-856,824,-93,-209,464,1465371
2026-05-19 20:18:06,esterno,472,15312,-4668,-149,-69,-81,807938
2026-05-19 20:18:06,lombar,16816,-840,964,-134,-226,444,1465393
2026-05-19 20:18:06,esterno,568,15492,-4368,52,97,-75,807960
2026-05-19 20:18:06,lombar,16772,-980,808,-217,-33,403,1465415
2026-05-19 20:18:06,esterno,328,15528,-4444,-42,42,-49,807982
2026-05-19 20:18:06,lombar,16712,-792,820,-273,-158,398,1465437
2026-05-19 20:18:06,esterno,308,15520,-4448,14,77,-121,808004
2026-05-19 20:18:06,lombar,16804,-964,1012,-20,-244,285,1465459
2026-05-19 20:18:06,esterno,304,15400,-4504,134,109,-78,808026
2026-05-19 20:18:06,lombar,16820,-924,816,100,-260,256,1465481
2026-05-19 20:18:06,esterno,332,15412,-4620,183,199,-31,808048
2026-05-19 20:18:06,lombar,16744,-820,852,94,2,376,1465503
2026-05-19 20:18:06,esterno,404,15268,-4824,231,291,-15,808070
2026-05-19 20:18:06,lombar,16812,-852,892,376,-49,131,1465525
2026-05-19 20:18:06,esterno,372,15120,-4552,511,310,-60,808092
2026-05-19 20:18:06,lombar,16908,-788,1012,379,-186,86,1465547
2026-05-19 20:18:06,esterno,320,15384,-4340,790,292,13,808114
2026-05-19 20:18:06,lombar,16784,-900,616,356,-178,82,1465569
2026-05-19 20:18:06,esterno,248,15364,-4552,824,403,128,808136
2026-05-19 20:18:06,lombar,16644,-676,820,357,190,-44,1465591
2026-05-19 20:18:06,esterno,272,15216,-5016,909,978,94,808158
2026-05-19 20:18:06,lombar,16720,-1020,760,-52,539,40,1465613
2026-05-19 20:18:06,esterno,444,15476,-3852,945,566,133,808180
2026-05-19 20:18:06,lombar,16992,-896,956,305,-212,-97,1465635
2026-05-19 20:18:06,esterno,580,15776,-4160,771,-16,295,808202
2026-05-19 20:18:06,lombar,16908,-744,608,420,41,-62,1465657
2026-05-19 20:18:06,esterno,368,15776,-4696,704,523,273,808224
2026-05-19 20:18:06,lombar,16704,-624,536,203,763,65,1465679
2026-05-19 20:18:06,esterno,204,15576,-4928,657,615,295,808246
2026-05-19 20:18:06,lombar,16824,-688,940,110,248,-56,1465701
2026-05-19 20:18:06,esterno,400,15500,-5064,692,389,416,808268
2026-05-19 20:18:06,lombar,16760,-800,764,127,-19,-164,1465723
2026-05-19 20:18:06,esterno,296,15636,-4676,597,451,408,808290
2026-05-19 20:18:06,lombar,16660,-796,800,44,286,-60,1465745
2026-05-19 20:18:06,esterno,384,15648,-4548,103,311,382,808312
2026-05-19 20:18:06,lombar,16540,-704,672,163,121,34,1465767
2026-05-19 20:18:06,esterno,260,15636,-5020,-162,440,372,808334
2026-05-19 20:18:06,lombar,16604,-584,724,88,-137,49,1465789
2026-05-19 20:18:06,esterno,440,15636,-5008,-318,357,497,808356
2026-05-19 20:18:06,lombar,16684,-824,840,-10,-348,-28,1465811
2026-05-19 20:18:06,esterno,332,15776,-4756,-751,489,566,808378
2026-05-19 20:18:06,lombar,16580,-944,668,-51,-394,25,1465833
2026-05-19 20:18:06,esterno,288,15864,-4468,-1178,372,540,808400
2026-05-19 20:18:06,lombar,16492,-900,728,-287,-334,155,1465855
2026-05-19 20:18:06,esterno,360,16032,-4844,-1400,395,588,808422
2026-05-19 20:18:06,lombar,16560,-944,516,-38,-355,14,1465877
2026-05-19 20:18:06,esterno,296,16036,-4852,-1561,495,628,808444
2026-05-19 20:18:06,lombar,16620,-712,552,273,-822,24,1465899
2026-05-19 20:18:06,esterno,748,16148,-4456,-1654,316,909,808466
2026-05-19 20:18:06,esterno,696,15848,-4400,-1444,600,837,808488
2026-05-19 20:18:06,lombar,16768,-1056,788,315,-1000,78,1465921
2026-05-19 20:18:06,lombar,16868,-972,784,497,-975,56,1465943
2026-05-19 20:18:06,esterno,680,15756,-4200,-1544,779,561,808510
2026-05-19 20:18:06,lombar,16628,-900,616,537,-902,168,1465965
2026-05-19 20:18:07,esterno,580,15696,-4336,-1835,698,629,808532
2026-05-19 20:18:07,lombar,16532,-792,580,640,-803,75,1465987
2026-05-19 20:18:07,esterno,712,15564,-4260,-1874,873,724,808554
2026-05-19 20:18:07,lombar,16788,-832,500,732,-981,117,1466009
2026-05-19 20:18:07,esterno,664,15480,-4052,-1786,954,694,808576
2026-05-19 20:18:07,lombar,16656,-1164,680,833,-1131,156,1466031
2026-05-19 20:18:07,esterno,696,15692,-3972,-1811,882,680,808598
2026-05-19 20:18:07,lombar,16856,-928,484,852,-1208,184,1466053
2026-05-19 20:18:07,esterno,508,15644,-4208,-1860,1043,643,808620
2026-05-19 20:18:07,lombar,16648,-792,764,990,-1162,233,1466075
2026-05-19 20:18:07,esterno,580,15568,-4012,-1768,1110,576,808642
2026-05-19 20:18:07,lombar,16784,-948,500,820,-1321,122,1466097
2026-05-19 20:18:07,esterno,628,15784,-3736,-1609,862,616,808664
2026-05-19 20:18:07,lombar,16800,-992,624,1088,-1219,56,1466119
2026-05-19 20:18:07,esterno,632,15416,-4076,-1324,1196,517,808686
2026-05-19 20:18:07,lombar,16780,-1140,124,1362,-1159,110,1466141
2026-05-19 20:18:07,esterno,344,15544,-3636,-1274,1712,345,808708
2026-05-19 20:18:07,lombar,16824,-1124,312,1411,-1382,93,1466163
2026-05-19 20:18:07,esterno,828,15812,-3248,-1479,937,466,808730
2026-05-19 20:18:07,lombar,16864,-1112,676,1669,-1585,17,1466185
2026-05-19 20:18:07,esterno,776,15740,-3668,-1511,1161,529,808752
2026-05-19 20:18:07,lombar,16944,-656,496,2075,-1776,-54,1466207
2026-05-19 20:18:07,esterno,760,15320,-3708,-1295,1610,468,808774
2026-05-19 20:18:07,lombar,16676,-804,24,2371,-1280,-274,1466229
2026-05-19 20:18:07,esterno,1024,15096,-3772,-1060,1632,373,808796
2026-05-19 20:18:07,lombar,16640,-1116,292,2853,-1272,-691,1466251
2026-05-19 20:18:07,esterno,1284,15244,-3924,-722,1955,499,808818
2026-05-19 20:18:07,lombar,16696,-1204,180,3099,-1377,-844,1466273
2026-05-19 20:18:07,esterno,928,15376,-3352,-528,2189,622,808840
2026-05-19 20:18:07,lombar,16716,-752,120,3571,-1417,-647,1466295
2026-05-19 20:18:07,esterno,1120,15460,-3780,-640,2171,679,808862
2026-05-19 20:18:07,lombar,16640,-356,556,3941,-1406,-549,1466317
2026-05-19 20:18:07,esterno,1428,15556,-3840,-570,2571,545,808884
2026-05-19 20:18:07,lombar,16976,-356,592,4507,-1853,-792,1466339
2026-05-19 20:18:07,esterno,1696,15704,-3984,-397,2726,461,808906
2026-05-19 20:18:07,lombar,16784,-184,324,4476,-1326,-895,1466361
2026-05-19 20:18:07,esterno,1988,15964,-3968,-494,2980,720,808928
2026-05-19 20:18:07,lombar,16976,120,152,4682,-1131,-858,1466383
2026-05-19 20:18:07,esterno,1612,15764,-4300,-498,2978,865,808950
2026-05-19 20:18:07,lombar,17384,188,-8,4727,-485,-943,1466405
2026-05-19 20:18:07,esterno,1520,15544,-4200,402,2988,612,808972
2026-05-19 20:18:07,lombar,17124,188,436,4430,-318,-906,1466427
2026-05-19 20:18:07,esterno,1640,15624,-2976,1219,2952,414,808994
2026-05-19 20:18:07,lombar,17044,156,180,4673,-271,-1005,1466449
2026-05-19 20:18:07,esterno,1636,15056,-2732,1580,2699,238,809016
2026-05-19 20:18:07,lombar,16996,144,712,4570,353,-966,1466471
2026-05-19 20:18:07,esterno,1744,14640,-3340,1761,2904,-357,809038
2026-05-19 20:18:07,lombar,17116,364,668,4828,605,-1108,1466493
2026-05-19 20:18:07,esterno,1812,14436,-3800,1964,3081,-681,809060
2026-05-19 20:18:07,lombar,16948,316,368,4458,1301,-1089,1466515
2026-05-19 20:18:07,esterno,1948,14408,-4300,2196,3002,-659,809082
2026-05-19 20:18:07,lombar,16380,868,-848,4263,2529,-640,1466537
2026-05-19 20:18:07,esterno,1952,14828,-5120,2434,3067,-571,809104
2026-05-19 20:18:07,lombar,16748,1476,368,4028,1331,-503,1466559
2026-05-19 20:18:07,esterno,1832,15544,-4520,2519,3171,-711,809126
2026-05-19 20:18:07,lombar,16772,1468,220,3949,964,-576,1466581
2026-05-19 20:18:07,esterno,2240,16216,-3856,2337,3117,-698,809148
2026-05-19 20:18:07,lombar,16988,812,128,3163,959,-368,1466603
2026-05-19 20:18:07,esterno,2440,16316,-3816,1662,3483,-645,809170
2026-05-19 20:18:07,lombar,16464,724,108,2727,1367,-309,1466625
2026-05-19 20:18:07,esterno,2224,16344,-4120,1217,3565,-532,809192
2026-05-19 20:18:07,lombar,16772,920,372,2544,1218,-345,1466647
2026-05-19 20:18:07,esterno,2016,15940,-4632,1321,3250,-541,809214
2026-05-19 20:18:07,lombar,16576,1244,496,2267,1026,-248,1466669
2026-05-19 20:18:07,esterno,1748,15892,-4572,1314,3149,-622,809236
2026-05-19 20:18:07,lombar,16360,856,64,2155,1106,88,1466691
2026-05-19 20:18:07,lombar,16424,1264,192,2231,385,-102,1466713
2026-05-19 20:18:07,esterno,1768,16048,-4892,1350,3180,-469,809258
2026-05-19 20:18:07,esterno,1736,15992,-4600,1010,3401,-322,809280
2026-05-19 20:18:07,lombar,16572,924,604,2132,-352,-232,1466735
2026-05-19 20:18:07,esterno,1728,16036,-4080,534,2721,-329,809302
2026-05-19 20:18:07,lombar,16548,592,240,2395,-19,-355,1466757
2026-05-19 20:18:07,esterno,1848,16188,-4676,224,2286,-107,809324
2026-05-19 20:18:07,lombar,16608,356,416,2851,7,-266,1466779
2026-05-19 20:18:07,esterno,1828,15768,-5176,108,3049,-100,809346
2026-05-19 20:18:07,lombar,16480,144,396,3516,-307,-360,1466801
2026-05-19 20:18:07,esterno,1940,15444,-5140,261,3152,-97,809368
2026-05-19 20:18:07,lombar,16716,192,316,4434,-553,-611,1466823
2026-05-19 20:18:07,esterno,2612,15496,-5480,299,3625,148,809390
2026-05-19 20:18:07,lombar,16696,356,224,4915,-487,-637,1466845
2026-05-19 20:18:07,esterno,2576,15804,-5100,-16,3892,301,809412
2026-05-19 20:18:07,lombar,16540,776,328,5234,-450,-742,1466867
2026-05-19 20:18:07,esterno,2744,15668,-5256,-88,4290,394,809434
2026-05-19 20:18:07,lombar,16296,1208,220,5715,-759,-851,1466889
2026-05-19 20:18:07,esterno,3032,15372,-4928,43,4801,201,809456
2026-05-19 20:18:07,lombar,16180,1216,-16,6022,-1226,-841,1466911
2026-05-19 20:18:07,esterno,3076,14872,-4512,-143,4944,38,809478
2026-05-19 20:18:07,lombar,16164,1564,-116,6145,-1136,-593,1466933
2026-05-19 20:18:07,esterno,3512,14912,-4548,-747,5027,120,809500
2026-05-19 20:18:07,lombar,16412,2196,-144,6265,-1078,-351,1466955
2026-05-19 20:18:08,esterno,3964,15028,-5104,-1046,5417,239,809522
2026-05-19 20:18:08,lombar,16472,2188,-212,6357,-778,-354,1466977
2026-05-19 20:18:08,esterno,4080,15096,-5156,-1098,5616,390,809544
2026-05-19 20:18:08,lombar,16424,2404,-388,6558,-595,-142,1466999
2026-05-19 20:18:08,esterno,4124,15108,-4736,-843,5474,434,809566
2026-05-19 20:18:08,lombar,16720,2328,-480,6302,-1010,35,1467021
2026-05-19 20:18:08,esterno,4344,15740,-4736,-605,5630,427,809588
2026-05-19 20:18:08,lombar,16944,2300,-588,6175,-1353,121,1467043
2026-05-19 20:18:08,esterno,3960,16440,-4040,-992,5952,71,809610
2026-05-19 20:18:08,lombar,16692,2540,-716,5879,-1079,208,1467065
2026-05-19 20:18:08,esterno,3788,16232,-3956,-1560,5924,-377,809632
2026-05-19 20:18:08,lombar,16424,2468,-776,5570,-1215,266,1467087
2026-05-19 20:18:08,esterno,3720,15600,-4104,-1637,6019,-723,809654
2026-05-19 20:18:08,lombar,16060,2708,-792,5692,-1622,357,1467109
2026-05-19 20:18:08,esterno,3644,15180,-3856,-1704,5855,-790,809676
2026-05-19 20:18:08,lombar,15840,2488,-1292,5580,-1938,536,1467131
2026-05-19 20:18:08,esterno,3636,15036,-3512,-2064,5732,-856,809698
2026-05-19 20:18:08,lombar,16360,2532,-996,5593,-1578,892,1467153
2026-05-19 20:18:08,esterno,3720,15348,-3804,-2495,5790,-792,809720
2026-05-19 20:18:08,lombar,16900,2452,-600,4692,-2143,892,1467175
2026-05-19 20:18:08,esterno,3604,15584,-3856,-2660,5704,-987,809742
2026-05-19 20:18:08,esterno,3356,15640,-3560,-2467,5472,-1426,809764
2026-05-19 20:18:08,lombar,17264,1944,-560,3770,-2700,1038,1467197
2026-05-19 20:18:08,lombar,16940,1520,-1244,3216,-2263,1094,1467219
2026-05-19 20:18:08,esterno,2932,15748,-3360,-2182,5226,-1662,809786
2026-05-19 20:18:08,lombar,16996,1852,-1460,3346,-1686,911,1467241
2026-05-19 20:18:08,esterno,2480,15820,-3048,-2033,4997,-1853,809808
2026-05-19 20:18:08,lombar,16872,1672,-1160,3773,-1578,986,1467263
2026-05-19 20:18:08,esterno,2492,15776,-2336,-2132,4597,-1993,809830
2026-05-19 20:18:08,lombar,16504,1808,-1536,3783,-1504,1077,1467285
2026-05-19 20:18:08,esterno,2616,15660,-2548,-2172,4496,-1984,809852
2026-05-19 20:18:08,lombar,16248,2324,-848,3117,-1900,1314,1467307
2026-05-19 20:18:08,esterno,2628,15408,-2652,-2309,4580,-2077,809874
2026-05-19 20:18:08,lombar,16612,2092,-948,1892,-2215,1468,1467329
2026-05-19 20:18:08,esterno,2836,15556,-2560,-2662,3019,-1851,809896
2026-05-19 20:18:08,lombar,16900,880,-980,1452,-2496,1419,1467351
2026-05-19 20:18:08,esterno,2660,15612,-3084,-2385,2990,-1661,809918
2026-05-19 20:18:08,lombar,16860,900,-1492,1863,-1917,982,1467373
2026-05-19 20:18:08,esterno,2216,15276,-2612,-1810,3234,-2033,809940
2026-05-19 20:18:08,lombar,16904,1372,-1024,1953,-1662,1117,1467395
2026-05-19 20:18:08,esterno,2700,15296,-2444,-1347,3280,-2193,809962
2026-05-19 20:18:08,lombar,17056,1220,-892,1109,-1836,1586,1467417
2026-05-19 20:18:08,esterno,2908,15232,-2496,-1038,3590,-2012,809984
2026-05-19 20:18:08,lombar,16984,584,-1264,1044,-839,1790,1467439
2026-05-19 20:18:08,esterno,2480,15264,-2272,-1007,3471,-1994,810006
2026-05-19 20:18:08,lombar,16936,720,-356,257,-772,1606,1467461
2026-05-19 20:18:08,esterno,2004,15368,-2740,-756,3603,-1998,810028
2026-05-19 20:18:08,lombar,17092,396,-2168,382,-164,1523,1467483
2026-05-19 20:18:08,esterno,1404,15208,-2584,-60,3639,-2078,810050
2026-05-19 20:18:08,lombar,16784,396,-236,832,520,1282,1467505
2026-05-19 20:18:08,esterno,1104,15024,-2408,512,3378,-2072,810072
2026-05-19 20:18:08,lombar,16720,-108,-1328,783,919,1380,1467527
2026-05-19 20:18:08,esterno,1276,15152,-2344,521,3574,-2070,810094
2026-05-19 20:18:08,lombar,15996,-836,-516,783,1196,1303,1467549
2026-05-19 20:18:08,esterno,1256,15004,-2488,127,3756,-2009,810116
2026-05-19 20:18:08,lombar,15912,-1376,-840,869,1428,1010,1467571
2026-05-19 20:18:08,esterno,1008,14608,-2688,135,4096,-1984,810138
2026-05-19 20:18:08,lombar,16064,-1472,-872,1569,2056,779,1467593
2026-05-19 20:18:08,esterno,596,15052,-2932,316,4328,-1870,810160
2026-05-19 20:18:08,lombar,16616,-1624,-1216,2095,2034,464,1467615
2026-05-19 20:18:08,esterno,392,15608,-3324,386,4723,-1602,810182
2026-05-19 20:18:08,lombar,16944,-1516,-612,2591,1767,387,1467637
2026-05-19 20:18:08,esterno,-104,15968,-2712,693,5191,-1577,810204
2026-05-19 20:18:08,lombar,16788,-1904,-1312,3202,2190,384,1467659
2026-05-19 20:18:08,esterno,-300,16500,-2304,502,5214,-1728,810226
2026-05-19 20:18:08,lombar,17084,-2000,-1920,4016,2535,214,1467681
2026-05-19 20:18:08,esterno,-320,17556,-2696,-117,5592,-1652,810248
2026-05-19 20:18:08,lombar,18064,-1740,-1352,4630,1612,442,1467703
2026-05-19 20:18:08,esterno,-232,18096,-1944,-387,5681,-1419,810270
2026-05-19 20:18:08,lombar,18372,-1756,-1648,5165,383,762,1467725
2026-05-19 20:18:08,esterno,208,18108,-1664,-207,5527,-1242,810292
2026-05-19 20:18:08,lombar,18220,-1600,-1544,5751,-104,985,1467747
2026-05-19 20:18:08,esterno,716,17772,-1516,-59,5917,-1041,810314
2026-05-19 20:18:08,lombar,17396,-2176,-1632,6230,-108,1172,1467769
2026-05-19 20:18:08,esterno,808,16848,-1564,333,6026,-842,810336
2026-05-19 20:18:08,lombar,16708,-2520,-1472,6413,174,1381,1467791
2026-05-19 20:18:08,esterno,764,15972,-1648,647,6348,-800,810358
2026-05-19 20:18:08,lombar,16360,-2380,-1080,6799,302,1295,1467813
2026-05-19 20:18:08,esterno,156,15048,-2012,597,6658,-839,810380
2026-05-19 20:18:08,lombar,16392,-1980,-1056,7098,755,1073,1467835
2026-05-19 20:18:08,esterno,-108,14852,-2580,366,7032,-763,810402
2026-05-19 20:18:08,lombar,15820,-2200,-484,7513,975,731,1467857
2026-05-19 20:18:08,esterno,-240,14464,-2648,327,7444,-479,810424
2026-05-19 20:18:08,lombar,15732,-2152,-68,8024,928,162,1467879
2026-05-19 20:18:08,esterno,-192,14232,-3344,551,7745,-346,810446
2026-05-19 20:18:08,lombar,15776,-2176,-236,8544,1132,-214,1467901
2026-05-19 20:18:08,esterno,-216,14540,-3384,644,8185,-309,810468
2026-05-19 20:18:08,lombar,15272,-1792,720,8923,764,-962,1467923
2026-05-19 20:18:08,esterno,-116,14856,-3824,672,8443,-176,810490
2026-05-19 20:18:08,lombar,15432,-1744,-920,8906,495,-1693,1467945
2026-05-19 20:18:08,esterno,28,15056,-4332,905,8816,131,810512
2026-05-19 20:18:08,lombar,15548,-1492,-656,9506,531,-2236,1467967
2026-05-19 20:18:09,esterno,-400,15760,-4048,712,9350,478,810534
2026-05-19 20:18:09,lombar,16120,-1092,-512,9596,433,-2832,1467989
2026-05-19 20:18:09,esterno,-452,16872,-2780,367,9251,962,810556
2026-05-19 20:18:09,lombar,17144,-72,-928,10460,-99,-3640,1468011
2026-05-19 20:18:09,esterno,288,17880,-1800,257,9098,1398,810578
2026-05-19 20:18:09,esterno,1312,18244,-2004,-189,9149,1668,810600
2026-05-19 20:18:09,lombar,18436,1544,-148,10739,-394,-4145,1468033
2026-05-19 20:18:09,lombar,18312,1668,-960,9102,-390,-3371,1468055
2026-05-19 20:18:09,esterno,1968,17124,-1968,-267,8769,1330,810622
2026-05-19 20:18:09,lombar,17188,-760,-816,9180,-1152,-2237,1468077
2026-05-19 20:18:09,esterno,2860,16468,-2604,49,8612,884,810644
2026-05-19 20:18:09,lombar,16820,-1156,-268,8639,-816,-1620,1468099
2026-05-19 20:18:09,esterno,2476,15784,-3160,425,9051,704,810666
2026-05-19 20:18:09,lombar,16524,-460,-28,9792,-807,-1935,1468121
2026-05-19 20:18:09,esterno,1596,14824,-3388,509,9362,643,810688
2026-05-19 20:18:09,lombar,16360,884,-240,10815,334,-2253,1468143
2026-05-19 20:18:09,esterno,904,14068,-3812,311,9357,784,810710
2026-05-19 20:18:09,lombar,15972,2276,628,10392,1351,-1850,1468165
2026-05-19 20:18:09,esterno,1252,13920,-3932,220,9125,1057,810732
2026-05-19 20:18:09,lombar,16492,1932,900,9173,1006,-1250,1468187
2026-05-19 20:18:09,esterno,1732,14316,-3860,709,8463,1072,810754
2026-05-19 20:18:09,lombar,16480,1492,772,8917,808,-1581,1468209
2026-05-19 20:18:09,esterno,1968,14732,-3888,1493,8584,656,810776
2026-05-19 20:18:09,lombar,16260,1828,996,8531,1514,-1874,1468231
2026-05-19 20:18:09,esterno,2212,14960,-3200,1947,7205,549,810798
2026-05-19 20:18:09,lombar,16328,2292,720,7985,1711,-1760,1468253
2026-05-19 20:18:09,esterno,1888,14916,-3620,2224,6490,559,810820
2026-05-19 20:18:09,lombar,16408,1784,332,7170,1835,-1670,1468275
2026-05-19 20:18:09,esterno,2028,15356,-3420,1796,6402,281,810842
2026-05-19 20:18:09,lombar,16632,2272,640,7168,1986,-1134,1468297
2026-05-19 20:18:09,esterno,3016,15388,-4052,1770,6134,37,810864
2026-05-19 20:18:09,lombar,16576,2996,404,6594,2192,-344,1468319
2026-05-19 20:18:09,esterno,3352,15940,-2940,1816,5875,-503,810886
2026-05-19 20:18:09,lombar,16384,3356,76,5396,1891,98,1468341
2026-05-19 20:18:09,esterno,3140,16784,-2636,974,4930,-704,810908
2026-05-19 20:18:09,lombar,16808,3832,-144,4209,1585,200,1468363
2026-05-19 20:18:09,esterno,3036,17000,-3052,136,4551,-974,810930
2026-05-19 20:18:09,lombar,17048,3528,520,3094,856,389,1468385
2026-05-19 20:18:09,esterno,2900,16772,-2828,-126,3925,-1513,810952
2026-05-19 20:18:09,lombar,16876,2420,188,2354,331,813,1468407
2026-05-19 20:18:09,esterno,3084,16460,-2396,-276,3033,-1793,810974
2026-05-19 20:18:09,lombar,16248,1756,-368,2345,79,1421,1468429
2026-05-19 20:18:09,esterno,3236,16224,-2716,-690,2481,-1791,810996
2026-05-19 20:18:09,lombar,15972,1860,-148,2319,35,1728,1468451
2026-05-19 20:18:09,esterno,3308,15788,-2868,-986,2543,-2027,811018
2026-05-19 20:18:09,lombar,16124,2360,-248,2145,-289,2037,1468473
2026-05-19 20:18:09,esterno,3032,15608,-2692,-1199,2282,-2186,811040
2026-05-19 20:18:09,lombar,15728,3116,320,1397,-870,2505,1468495
2026-05-19 20:18:09,esterno,2716,15120,-2668,-1382,1872,-2302,811062
2026-05-19 20:18:09,lombar,16112,3336,120,309,-1864,2995,1468517
2026-05-19 20:18:09,esterno,2452,15556,-2288,-1857,1894,-2347,811084
2026-05-19 20:18:09,lombar,16988,2524,1180,-279,-2447,3024,1468539
2026-05-19 20:18:09,esterno,2460,16384,-2708,-2370,1644,-2458,811106
2026-05-19 20:18:09,lombar,17632,1636,1056,-1405,-2551,2836,1468561
2026-05-19 20:18:09,esterno,2312,16344,-2800,-2254,1064,-2482,811128
2026-05-19 20:18:09,lombar,17924,372,848,-2108,-2252,2688,1468583
2026-05-19 20:18:09,esterno,2140,16468,-3312,-2142,972,-2499,811150
2026-05-19 20:18:09,lombar,18088,-340,216,-1346,-1908,2589,1468605
2026-05-19 20:18:09,esterno,1816,16132,-2860,-1643,675,-2616,811172
2026-05-19 20:18:09,lombar,16920,-212,500,-772,-1526,2912,1468627
2026-05-19 20:18:09,esterno,1332,15520,-2168,-786,370,-2802,811194
2026-05-19 20:18:09,lombar,16184,-216,-412,-844,-1297,3248,1468649
2026-05-19 20:18:09,esterno,460,15324,-2376,-1116,474,-2761,811216
2026-05-19 20:18:09,lombar,16252,712,456,-948,-1046,3126,1468671
2026-05-19 20:18:09,esterno,-100,14928,-2748,-1679,577,-2839,811238
2026-05-19 20:18:09,lombar,16460,664,44,-1239,-918,2687,1468693
2026-05-19 20:18:09,esterno,-128,14936,-2404,-1475,611,-2977,811260
2026-05-19 20:18:09,lombar,16528,-252,672,-1716,-616,2447,1468715
2026-05-19 20:18:09,esterno,96,15256,-2232,-962,677,-2954,811282
2026-05-19 20:18:09,lombar,16956,-924,384,-1770,4,2456,1468737
2026-05-19 20:18:09,esterno,116,15464,-2600,-586,689,-2790,811304
2026-05-19 20:18:09,lombar,17060,-1352,1076,-1643,179,2247,1468759
2026-05-19 20:18:09,esterno,144,15784,-2448,-118,727,-2626,811326
2026-05-19 20:18:09,lombar,17280,-752,652,-1464,278,1993,1468781
2026-05-19 20:18:09,esterno,-68,15864,-2456,375,585,-2405,811348
2026-05-19 20:18:09,lombar,16864,-432,244,-1656,281,1832,1468803
2026-05-19 20:18:09,esterno,-364,15804,-2488,731,359,-2174,811370
2026-05-19 20:18:09,lombar,16572,-764,196,-2189,321,1859,1468825
2026-05-19 20:18:09,esterno,-688,15944,-2404,877,246,-2054,811392
2026-05-19 20:18:09,lombar,16608,-1632,-8,-3056,292,1852,1468847
2026-05-19 20:18:09,esterno,-984,16124,-2188,729,-90,-1922,811414
2026-05-19 20:18:09,lombar,16460,-2528,-108,-2813,538,1803,1468869
2026-05-19 20:18:09,esterno,-1272,15940,-2428,538,-238,-1626,811436
2026-05-19 20:18:09,lombar,16388,-3428,24,-1905,29,1654,1468891
2026-05-19 20:18:09,esterno,-1220,15572,-2936,314,-226,-1510,811458
2026-05-19 20:18:09,lombar,16416,-3652,-160,-576,-489,1675,1468913
2026-05-19 20:18:09,esterno,-1472,15808,-3156,-84,268,-1313,811480
2026-05-19 20:18:09,lombar,16348,-3332,-396,1194,-1022,1577,1468935
2026-05-19 20:18:09,esterno,-1188,16200,-2808,-136,658,-779,811502
2026-05-19 20:18:09,lombar,16660,-3208,-652,2223,-1688,1525,1468957
2026-05-19 20:18:09,esterno,-1112,16592,-3324,31,943,-370,811524
2026-05-19 20:18:10,lombar,16824,-2876,-852,2643,-1971,1296,1468979
2026-05-19 20:18:10,esterno,-1248,16672,-2072,-292,918,-168,811546
2026-05-19 20:18:10,lombar,16076,-2332,-984,3137,-1960,625,1469001
2026-05-19 20:18:10,esterno,-1372,16504,-1652,-413,770,460,811568
2026-05-19 20:18:10,lombar,15772,-2520,-1096,3002,-2087,429,1469023
2026-05-19 20:18:10,esterno,-1228,15672,-2488,-284,915,1132,811590
2026-05-19 20:18:10,lombar,15744,-2964,-904,2786,-1845,59,1469045
2026-05-19 20:18:10,esterno,-1200,15328,-1912,-67,1769,1263,811612
2026-05-19 20:18:10,lombar,15952,-3356,-856,3023,-1709,-578,1469067
2026-05-19 20:18:10,esterno,-1008,15448,-1980,-404,2665,1546,811634
2026-05-19 20:18:10,lombar,15904,-3068,-940,3746,-1488,-1542,1469089
2026-05-19 20:18:10,esterno,-948,15360,-2352,-1051,3750,1635,811656
2026-05-19 20:18:10,lombar,15520,-2624,-308,4151,-1114,-2478,1469111
2026-05-19 20:18:10,esterno,-1100,15216,-2800,-1603,4470,1845,811678
2026-05-19 20:18:10,lombar,16084,-2036,-712,4441,-963,-3455,1469133
2026-05-19 20:18:10,esterno,-1208,15412,-2844,-1579,5136,2327,811700
2026-05-19 20:18:10,lombar,16376,-1772,-864,5213,-1282,-4134,1469155
2026-05-19 20:18:10,esterno,-1120,15960,-2880,-1290,5851,2732,811722
2026-05-19 20:18:10,lombar,17428,-972,-684,5625,-1895,-4254,1469177
2026-05-19 20:18:10,esterno,-408,17044,-2040,-1508,6162,2980,811744
2026-05-19 20:18:10,lombar,18296,316,1020,4649,-1590,-4007,1469199
2026-05-19 20:18:10,esterno,72,17156,-1540,-1921,5562,3080,811766
2026-05-19 20:18:10,lombar,19504,1544,176,3153,-1455,-3763,1469221
2026-05-19 20:18:10,esterno,472,17068,-2756,-1544,4852,2992,811788
2026-05-19 20:18:10,lombar,18884,2620,-448,2303,-738,-3748,1469243
2026-05-19 20:18:10,esterno,672,16448,-1576,-659,3689,3330,811810
2026-05-19 20:18:10,lombar,17404,1188,-792,2554,-578,-3360,1469265
2026-05-19 20:18:10,esterno,1204,15564,-1452,122,3129,3696,811832
2026-05-19 20:18:10,lombar,16352,-1244,-560,2663,-985,-2940,1469287
2026-05-19 20:18:10,esterno,2160,14772,-1228,724,2635,3996,811854
2026-05-19 20:18:10,lombar,15576,-3252,-300,3127,-1748,-3059,1469309
2026-05-19 20:18:10,esterno,2072,13820,-1672,1064,2670,4353,811876
2026-05-19 20:18:10,lombar,16136,-2500,-2072,6888,944,-3749,1469331
2026-05-19 20:18:10,esterno,1840,13688,-2236,1334,2265,4253,811898
2026-05-19 20:18:10,lombar,15724,764,-1048,7167,3739,-3631,1469353
2026-05-19 20:18:10,esterno,1956,14184,-2880,1676,2453,4082,811920
2026-05-19 20:18:10,lombar,17092,2964,-1124,6984,2092,-3130,1469375
2026-05-19 20:18:10,esterno,2544,14712,-2356,2282,2242,3698,811942
2026-05-19 20:18:10,lombar,17104,3680,-1212,6212,2739,-2156,1469397
2026-05-19 20:18:10,esterno,3876,15832,-2124,2772,2402,3419,811964
2026-05-19 20:18:10,lombar,16260,2500,-724,5701,1222,-1918,1469419
2026-05-19 20:18:10,esterno,4488,17072,-1448,2612,2702,2992,811986
2026-05-19 20:18:10,lombar,16308,2316,-1536,4416,1849,-1522,1469441
2026-05-19 20:18:10,esterno,4324,17140,-1772,2167,2683,2711,812008
2026-05-19 20:18:10,lombar,16488,2296,-1672,3515,1578,-1102,1469463
2026-05-19 20:18:10,esterno,3800,16696,-1964,1535,2799,2410,812030
2026-05-19 20:18:10,lombar,16460,1956,-1612,2707,940,-799,1469485
2026-05-19 20:18:10,esterno,3344,16744,-1636,1099,2481,2011,812052
2026-05-19 20:18:10,lombar,16596,1768,-2088,2251,37,-610,1469507
2026-05-19 20:18:10,esterno,3004,16784,-1600,556,2346,1450,812074
2026-05-19 20:18:10,lombar,16696,1812,-1712,2123,35,-356,1469529
2026-05-19 20:18:10,esterno,3016,16140,-1372,-106,2351,541,812096
2026-05-19 20:18:10,lombar,16188,2080,-1640,1852,-265,-109,1469551
2026-05-19 20:18:10,esterno,2956,15380,-1432,-543,2272,-320,812118
2026-05-19 20:18:10,lombar,16040,2384,-1696,1925,-846,69,1469573
2026-05-19 20:18:10,esterno,3176,15328,-1592,-830,2012,-530,812140
2026-05-19 20:18:10,lombar,15828,2484,-1352,1762,-1017,303,1469595
2026-05-19 20:18:10,esterno,3156,15276,-1684,-1289,1496,-732,812162
2026-05-19 20:18:10,lombar,15992,2628,-1136,1437,-827,600,1469617
2026-05-19 20:18:10,esterno,3360,15396,-1696,-1782,874,-1010,812184
2026-05-19 20:18:10,lombar,15872,2948,-760,808,-1033,855,1469639
2026-05-19 20:18:10,esterno,3336,14732,-1964,-1713,453,-1343,812206
2026-05-19 20:18:10,lombar,16052,2792,-920,-6,-1381,1106,1469661
2026-05-19 20:18:10,esterno,3688,14984,-2408,-1851,87,-1597,812228
2026-05-19 20:18:10,lombar,15752,2740,-1332,-116,-1688,1429,1469683
2026-05-19 20:18:10,esterno,4084,15244,-2084,-1869,-282,-1678,812250
2026-05-19 20:18:10,lombar,15696,2116,-1440,-233,-2139,1848,1469705
2026-05-19 20:18:10,esterno,4320,15664,-1708,-1746,-356,-1645,812272
2026-05-19 20:18:10,lombar,16696,1208,-1248,-322,-2378,1841,1469727
2026-05-19 20:18:10,esterno,4448,16664,-3092,-2214,747,-1526,812294
2026-05-19 20:18:10,lombar,19416,-548,-732,117,-2954,1268,1469749
2026-05-19 20:18:10,esterno,4024,18012,-2028,-2578,1141,-1432,812316
2026-05-19 20:18:10,lombar,19108,-692,-2180,2049,-1201,963,1469771
2026-05-19 20:18:10,esterno,3464,16912,-1248,-1007,1072,-1777,812338
2026-05-19 20:18:10,lombar,16716,-4,-1468,3634,238,1273,1469793
2026-05-19 20:18:10,esterno,2968,16172,-1548,52,1853,-1920,812360
2026-05-19 20:18:10,lombar,15732,1524,-1768,3081,-165,1606,1469815
2026-05-19 20:18:10,esterno,2416,15624,-1076,-864,2541,-1892,812382
2026-05-19 20:18:10,lombar,15312,2380,-1280,2984,-731,1558,1469837
2026-05-19 20:18:10,esterno,2348,14864,-1696,-1941,2958,-1828,812404
2026-05-19 20:18:10,lombar,16116,2088,-1316,2064,-1790,1782,1469859
2026-05-19 20:18:10,esterno,2220,14712,-1948,-2164,3601,-1758,812426
2026-05-19 20:18:10,lombar,16708,1104,-808,1442,-1646,1377,1469881
2026-05-19 20:18:10,esterno,2544,15068,-1964,-2224,3574,-1458,812448
2026-05-19 20:18:10,lombar,16728,60,-1568,1700,-481,894,1469903
2026-05-19 20:18:10,esterno,2708,15788,-1916,-1949,3815,-1375,812470
2026-05-19 20:18:10,lombar,16776,-76,-1520,2120,-222,1003,1469925
2026-05-19 20:18:10,esterno,2484,16912,-1556,-1773,4087,-1207,812492
2026-05-19 20:18:10,lombar,16984,-160,-1340,2049,-560,1384,1469947
2026-05-19 20:18:10,esterno,1796,16844,-728,-1591,4278,-1118,812514
2026-05-19 20:18:11,lombar,17128,24,-912,2476,-442,1308,1469969
2026-05-19 20:18:11,esterno,920,16140,-440,-1569,3902,-1556,812536
2026-05-19 20:18:11,lombar,16980,244,-512,2881,100,781,1469991
2026-05-19 20:18:11,esterno,748,15448,-1032,-1623,3722,-2053,812558
2026-05-19 20:18:11,lombar,16292,320,-708,3047,337,437,1470013
2026-05-19 20:18:11,esterno,1216,14592,-1504,-1609,3923,-2150,812580
2026-05-19 20:18:11,lombar,16356,696,-548,2590,451,628,1470035
2026-05-19 20:18:11,esterno,1984,14256,-1860,-1195,4056,-1944,812602
2026-05-19 20:18:11,lombar,16664,560,-832,2338,173,792,1470057
2026-05-19 20:18:11,esterno,2248,14800,-1984,-526,4255,-1635,812624
2026-05-19 20:18:11,lombar,16752,516,-972,2205,-164,833,1470079
2026-05-19 20:18:11,esterno,1404,15912,-1216,-81,4222,-1332,812646
2026-05-19 20:18:11,lombar,16644,196,-1284,2102,-570,845,1470101
2026-05-19 20:18:11,esterno,680,16356,-704,-130,3824,-1237,812668
2026-05-19 20:18:11,lombar,16696,-16,-844,2136,-455,780,1470123
2026-05-19 20:18:11,esterno,672,16348,-400,-203,3603,-1286,812690
2026-05-19 20:18:11,lombar,16944,-88,-1204,1881,-488,710,1470145
2026-05-19 20:18:11,esterno,792,15872,-956,-643,3412,-1413,812712
2026-05-19 20:18:11,lombar,17072,-68,-1080,2029,-446,656,1470167
2026-05-19 20:18:11,esterno,704,15544,-1004,-553,3151,-1465,812734
2026-05-19 20:18:11,lombar,16736,272,-1080,2450,-126,538,1470189
2026-05-19 20:18:11,esterno,560,15520,-1288,-39,3065,-1420,812756
2026-05-19 20:18:11,lombar,16584,480,-948,2770,-124,459,1470211
2026-05-19 20:18:11,esterno,560,15876,-848,150,3016,-1441,812778
2026-05-19 20:18:11,lombar,16684,568,-796,2449,-349,548,1470233
2026-05-19 20:18:11,esterno,828,15912,-580,163,2792,-1474,812800
2026-05-19 20:18:11,lombar,16724,372,-916,1983,-253,420,1470255
2026-05-19 20:18:11,esterno,744,15848,-1008,94,2568,-1385,812822
2026-05-19 20:18:11,lombar,16856,272,-1104,1975,-94,321,1470277
2026-05-19 20:18:11,esterno,380,15492,-1164,131,2159,-1076,812844
2026-05-19 20:18:11,lombar,16796,280,-880,1948,31,277,1470299
2026-05-19 20:18:11,esterno,276,15612,-1184,482,1795,-809,812866
2026-05-19 20:18:11,lombar,16752,380,-736,1702,-258,196,1470321
2026-05-19 20:18:11,esterno,372,15656,-1044,839,1495,-768,812888
2026-05-19 20:18:11,lombar,16856,408,-868,1634,-472,73,1470343
2026-05-19 20:18:11,esterno,580,15616,-996,911,1211,-1033,812910
2026-05-19 20:18:11,lombar,16740,432,12,1141,-1020,181,1470365
2026-05-19 20:18:11,esterno,560,15448,-996,1169,961,-1064,812932
2026-05-19 20:18:11,lombar,16964,180,-512,764,-1133,225,1470387
2026-05-19 20:18:11,esterno,352,15236,-1232,1681,655,-1022,812954
2026-05-19 20:18:11,lombar,16884,376,-1688,1426,-2,137,1470409
2026-05-19 20:18:11,esterno,512,15548,-1804,1685,830,-882,812976
2026-05-19 20:18:11,lombar,15916,252,-2164,1459,1105,211,1470431
2026-05-19 20:18:11,esterno,452,16344,-964,1536,693,-601,812998
2026-05-19 20:18:11,lombar,16288,120,-1824,1079,700,588,1470453
2026-05-19 20:18:11,esterno,1068,17120,-760,1327,219,-408,813020
2026-05-19 20:18:11,lombar,16928,20,-1568,1136,-194,819,1470475
2026-05-19 20:18:11,esterno,1308,17060,-312,996,336,-436,813042
2026-05-19 20:18:11,lombar,16864,220,-1800,816,300,782,1470497
2026-05-19 20:18:11,esterno,936,16540,-1136,766,642,-527,813064
2026-05-19 20:18:11,lombar,16468,440,-1552,705,938,734,1470519
2026-05-19 20:18:11,esterno,312,16460,-720,541,386,-554,813086
2026-05-19 20:18:11,lombar,16784,400,-1512,527,788,725,1470541
2026-05-19 20:18:11,esterno,152,16580,-800,437,-206,-196,813108
2026-05-19 20:18:11,lombar,16596,340,-1152,294,506,685,1470563
2026-05-19 20:18:11,esterno,148,16312,-1116,272,-262,-21,813130
2026-05-19 20:18:11,lombar,16348,300,-1284,378,469,490,1470585
2026-05-19 20:18:11,esterno,384,16100,-1656,85,96,87,813152
2026-05-19 20:18:11,lombar,16536,204,-1212,170,154,389,1470607
2026-05-19 20:18:11,esterno,672,16096,-1720,298,23,252,813174
2026-05-19 20:18:11,lombar,16536,160,-1088,114,-73,316,1470629
2026-05-19 20:18:11,esterno,384,16284,-1612,203,337,315,813196
2026-05-19 20:18:11,lombar,16484,172,-968,44,118,224,1470651
2026-05-19 20:18:11,esterno,184,16176,-1400,-251,156,294,813218
2026-05-19 20:18:11,lombar,16524,140,-908,-8,-279,203,1470673
2026-05-19 20:18:11,esterno,284,15916,-1552,-110,-75,329,813240
2026-05-19 20:18:11,lombar,16600,136,-824,4,-475,115,1470695
2026-05-19 20:18:11,esterno,356,15712,-1772,-20,-163,395,813262
2026-05-19 20:18:11,lombar,16516,80,-988,-65,-379,97,1470717
2026-05-19 20:18:11,esterno,584,15580,-1696,-370,-139,533,813284
2026-05-19 20:18:11,lombar,16496,40,-992,-76,-262,143,1470739
2026-05-19 20:18:11,esterno,748,15776,-1644,-440,-153,621,813306
2026-05-19 20:18:11,lombar,16640,72,-912,-216,-282,278,1470761
2026-05-19 20:18:11,esterno,924,16236,-1404,-235,-222,573,813328
2026-05-19 20:18:11,lombar,16584,-12,-1016,-343,-668,366,1470783
2026-05-19 20:18:11,esterno,480,16252,-1084,-506,-215,427,813350
2026-05-19 20:18:11,lombar,16528,124,-1384,-394,-643,401,1470805
2026-05-19 20:18:11,esterno,216,16148,-1376,-712,-316,471,813372
2026-05-19 20:18:11,lombar,16696,52,-996,-665,-623,486,1470827
2026-05-19 20:18:11,esterno,212,15960,-1348,-725,-801,521,813394
2026-05-19 20:18:11,lombar,16560,24,-1040,-654,-787,473,1470849
2026-05-19 20:18:11,esterno,396,15996,-1300,-885,-658,488,813416
2026-05-19 20:18:11,lombar,16576,-164,-1272,-835,-776,651,1470871
2026-05-19 20:18:11,esterno,696,16244,-1420,-1314,-889,432,813438
2026-05-19 20:18:11,lombar,16572,-60,-1120,-1081,-816,682,1470893
2026-05-19 20:18:11,esterno,524,15920,-1368,-1285,-1084,398,813460
2026-05-19 20:18:11,lombar,16544,-144,-1172,-946,-917,520,1470915
2026-05-19 20:18:11,esterno,504,15992,-1468,-901,-1153,423,813482
2026-05-19 20:18:11,lombar,16756,-240,-1160,-907,-883,488,1470937
2026-05-19 20:18:11,esterno,588,15824,-1284,-1187,-1149,384,813504
2026-05-19 20:18:11,lombar,16828,-56,-1312,-834,-757,577,1470959
2026-05-19 20:18:12,esterno,912,15820,-1240,-1316,-1038,265,813526
2026-05-19 20:18:12,lombar,16652,-44,-1216,-816,-640,637,1470981
2026-05-19 20:18:12,esterno,960,15764,-1184,-1037,-928,210,813548
2026-05-19 20:18:12,lombar,16612,16,-1084,-965,-855,556,1471003
2026-05-19 20:18:12,esterno,760,15816,-1076,-867,-1004,277,813570
2026-05-19 20:18:12,lombar,16680,-244,-1404,-962,-827,502,1471025
2026-05-19 20:18:12,esterno,744,15876,-1148,-826,-938,336,813592
2026-05-19 20:18:12,lombar,16600,-280,-1164,-886,-613,437,1471047
2026-05-19 20:18:12,esterno,672,15912,-1024,-810,-933,340,813614
2026-05-19 20:18:12,lombar,16592,-116,-1336,-714,-624,426,1471069
2026-05-19 20:18:12,esterno,712,15776,-1192,-785,-872,205,813636
2026-05-19 20:18:12,lombar,16632,-64,-1216,-829,-689,470,1471091
2026-05-19 20:18:12,esterno,984,15932,-1124,-713,-859,218,813658
2026-05-19 20:18:12,lombar,16644,-104,-1264,-893,-591,419,1471113
2026-05-19 20:18:12,esterno,1032,15920,-780,-543,-785,268,813680
2026-05-19 20:18:12,lombar,16592,-228,-1248,-827,-707,412,1471135
2026-05-19 20:18:12,esterno,1060,15888,-916,-491,-681,316,813702
2026-05-19 20:18:12,lombar,16632,-80,-1312,-628,-710,398,1471157
2026-05-19 20:18:12,esterno,1152,15848,-1072,-428,-567,242,813724
2026-05-19 20:18:12,lombar,16780,-60,-1356,-533,-727,448,1471179
2026-05-19 20:18:12,esterno,968,15944,-1032,-370,-521,218,813746
2026-05-19 20:18:12,lombar,16680,-120,-1560,-426,-593,353,1471201
2026-05-19 20:18:12,esterno,1020,16048,-820,-536,-447,300,813768
2026-05-19 20:18:12,lombar,16660,-12,-1632,-383,-452,412,1471223
2026-05-19 20:18:12,esterno,940,16144,-464,-721,-568,358,813790
2026-05-19 20:18:12,lombar,16680,12,-1368,-299,-653,387,1471245
2026-05-19 20:18:12,esterno,800,16120,-624,-580,-683,431,813812
2026-05-19 20:18:12,lombar,16672,32,-1232,-501,-921,395,1471267
2026-05-19 20:18:12,esterno,604,16052,-764,-541,-381,300,813834
2026-05-19 20:18:12,lombar,16692,-88,-1036,-736,-868,382,1471289
2026-05-19 20:18:12,esterno,792,15896,-648,-721,-1236,313,813856
2026-05-19 20:18:12,lombar,16780,40,-1424,-628,-568,166,1471311
2026-05-19 20:18:12,esterno,492,15868,-724,-763,-1493,469,813878
2026-05-19 20:18:12,lombar,16752,200,-1392,-948,-566,311,1471333
2026-05-19 20:18:12,esterno,492,15588,-1040,-400,-1278,408,813900
2026-05-19 20:18:12,lombar,16620,168,-1304,-1470,-476,273,1471355
2026-05-19 20:18:12,esterno,668,15420,-900,192,-1197,247,813922
2026-05-19 20:18:12,lombar,16552,196,-1320,-1499,-159,106,1471377
2026-05-19 20:18:12,esterno,784,15796,-896,377,-1376,367,813944
2026-05-19 20:18:12,lombar,16712,148,-1048,-1603,124,-45,1471399
2026-05-19 20:18:12,esterno,512,15664,-924,-124,-1652,557,813966
2026-05-19 20:18:12,lombar,16608,304,-1048,-1870,249,-41,1471421
2026-05-19 20:18:12,esterno,780,15472,-1288,-27,-1844,650,813988
2026-05-19 20:18:12,lombar,16536,652,-1352,-2137,308,-120,1471443
2026-05-19 20:18:12,esterno,1520,16828,-888,351,-1631,1366,814010
2026-05-19 20:18:12,lombar,16052,432,-1392,-1838,238,-279,1471465
2026-05-19 20:18:12,esterno,1388,16708,-820,-144,-1877,1180,814032
2026-05-19 20:18:12,lombar,16376,124,-1528,-2221,-478,51,1471487
2026-05-19 20:18:12,esterno,1000,15580,-996,-279,-1816,320,814054
2026-05-19 20:18:12,lombar,16708,252,-1148,-2363,-1136,335,1471509
2026-05-19 20:18:12,esterno,676,15820,-808,-155,-2428,452,814076
2026-05-19 20:18:12,lombar,16960,308,-1832,-2386,-672,316,1471531
2026-05-19 20:18:12,esterno,632,16408,-544,-527,-2980,889,814098
2026-05-19 20:18:12,lombar,16648,488,-1368,-2730,-397,326,1471553
2026-05-19 20:18:12,esterno,860,16180,-564,-885,-3279,728,814120
2026-05-19 20:18:12,lombar,16244,260,-1688,-3139,-460,394,1471575
2026-05-19 20:18:12,esterno,1372,15972,-1016,-921,-3382,284,814142
2026-05-19 20:18:12,lombar,16500,384,-1144,-3129,-1008,447,1471597
2026-05-19 20:18:12,esterno,1492,15720,-912,-718,-3553,217,814164
2026-05-19 20:18:12,lombar,16808,644,-1572,-3270,-1005,483,1471619
2026-05-19 20:18:12,esterno,1068,15388,-384,-435,-3805,331,814186
2026-05-19 20:18:12,lombar,16480,632,-1512,-3940,-1048,322,1471641
2026-05-19 20:18:12,esterno,1088,15384,-728,-390,-4128,325,814208
2026-05-19 20:18:12,lombar,16376,604,-1220,-3842,-1748,126,1471663
2026-05-19 20:18:12,esterno,1344,15588,-392,-99,-4486,593,814230
2026-05-19 20:18:12,lombar,16568,852,-1332,-3808,-1720,6,1471685
2026-05-19 20:18:12,esterno,1552,15292,-636,309,-4775,842,814252
2026-05-19 20:18:12,lombar,16136,852,-1548,-4158,-1209,138,1471707
2026-05-19 20:18:12,esterno,1364,15212,-544,556,-5408,892,814274
2026-05-19 20:18:12,lombar,15844,1112,-816,-3755,-1241,182,1471729
2026-05-19 20:18:12,esterno,1204,15072,-1124,656,-5957,956,814296
2026-05-19 20:18:12,lombar,16520,1404,-1732,-2183,-995,41,1471751
2026-05-19 20:18:12,esterno,1572,15040,-1160,425,-6276,1257,814318
2026-05-19 20:18:12,lombar,15940,1760,-2456,-2635,710,385,1471773
2026-05-19 20:18:12,esterno,1956,15776,-752,-85,-6965,1799,814340
2026-05-19 20:18:12,lombar,16228,1588,-3128,-3458,924,1161,1471795
2026-05-19 20:18:12,esterno,2744,16700,-624,-110,-7453,2283,814362
2026-05-19 20:18:12,lombar,17440,1360,-2520,-3968,425,1380,1471817
2026-05-19 20:18:12,esterno,3036,17796,-84,30,-8018,2395,814384
2026-05-19 20:18:12,lombar,17452,1224,-2596,-4416,-257,1323,1471839
2026-05-19 20:18:12,esterno,2776,17776,468,-100,-8326,1947,814406
2026-05-19 20:18:12,lombar,16364,1420,-3064,-4825,69,1368,1471861
2026-05-19 20:18:12,esterno,2248,17500,504,-685,-8365,1639,814428
2026-05-19 20:18:12,lombar,16464,2032,-3008,-5368,6,1395,1471883
2026-05-19 20:18:12,esterno,2240,17008,256,-1796,-8562,1520,814450
2026-05-19 20:18:12,lombar,16964,1668,-2944,-5808,-388,1411,1471905
2026-05-19 20:18:12,esterno,2600,16140,-396,-2544,-8406,1249,814472
2026-05-19 20:18:12,lombar,17012,1284,-2444,-6302,-443,1259,1471927
2026-05-19 20:18:12,esterno,2780,15696,-532,-2415,-7954,745,814494
2026-05-19 20:18:12,lombar,16420,908,-2584,-6320,-811,1184,1471949
2026-05-19 20:18:12,esterno,2784,15232,-440,-1847,-8008,224,814516
2026-05-19 20:18:13,lombar,16068,1364,-1576,-6566,-748,1271,1471971
2026-05-19 20:18:13,esterno,2812,15064,-268,-1897,-8056,-297,814538
2026-05-19 20:18:13,lombar,16308,1692,-2052,-6980,-644,1570,1471993
2026-05-19 20:18:13,esterno,2976,14896,-824,-1791,-7821,-622,814560
2026-05-19 20:18:13,lombar,15836,1360,-2352,-7186,-835,1664,1472015
2026-05-19 20:18:13,esterno,3176,14708,-1144,-1272,-7374,-821,814582
2026-05-19 20:18:13,lombar,15836,1768,-2248,-7379,-934,2091,1472037
2026-05-19 20:18:13,esterno,3324,14724,-428,-1144,-7984,-921,814604
2026-05-19 20:18:13,lombar,15732,2264,-1932,-8159,-1117,2620,1472059
2026-05-19 20:18:13,esterno,3400,15240,-56,-1446,-8500,-975,814626
2026-05-19 20:18:13,lombar,15832,2036,-1964,-9350,-1564,3085,1472081
2026-05-19 20:18:13,esterno,2992,15216,-260,-1440,-8468,-1190,814648
2026-05-19 20:18:13,lombar,16324,1020,-2864,-10105,-1462,3359,1472103
2026-05-19 20:18:13,esterno,2772,15540,-252,-1328,-8384,-1608,814670
2026-05-19 20:18:13,lombar,16916,1144,-3516,-9668,-523,3773,1472125
2026-05-19 20:18:13,esterno,2656,16056,-128,-1044,-8468,-1932,814692
2026-05-19 20:18:13,lombar,17168,1472,-3228,-10087,393,4706,1472147
2026-05-19 20:18:13,esterno,2372,17072,-164,-1332,-8572,-2052,814714
2026-05-19 20:18:13,lombar,18496,444,-1348,-10686,-1812,5044,1472169
2026-05-19 20:18:13,esterno,1936,18060,-112,-1700,-8386,-2141,814736
2026-05-19 20:18:13,lombar,19156,-1900,-1856,-9437,-2814,3585,1472191
2026-05-19 20:18:13,esterno,1592,16768,-48,-747,-8127,-2848,814758
2026-05-19 20:18:13,lombar,16628,-3032,-2556,-6099,1234,2669,1472213
2026-05-19 20:18:13,esterno,1544,15416,-40,911,-7875,-3451,814780
2026-05-19 20:18:13,lombar,16244,-1756,-1184,-6769,1565,3248,1472235
2026-05-19 20:18:13,esterno,1480,14936,-320,1402,-7523,-2900,814802
2026-05-19 20:18:13,lombar,16008,676,-1828,-8497,747,4009,1472257
2026-05-19 20:18:13,esterno,500,14624,-432,745,-7501,-2192,814824
2026-05-19 20:18:13,lombar,15776,1720,-1712,-9937,1389,3545,1472279
2026-05-19 20:18:13,esterno,-224,14444,-1088,41,-7483,-1915,814846
2026-05-19 20:18:13,lombar,16388,728,-364,-10904,1640,3066,1472301
2026-05-19 20:18:13,esterno,-264,14556,-1456,829,-7500,-2202,814868
2026-05-19 20:18:13,lombar,16696,-1252,-396,-11437,1663,2602,1472323
2026-05-19 20:18:13,esterno,516,15172,-1912,1505,-7158,-2197,814890
2026-05-19 20:18:13,lombar,16328,-2072,-1584,-10187,2423,2388,1472345
2026-05-19 20:18:13,esterno,1348,15480,-2152,1543,-6211,-2411,814912
2026-05-19 20:18:13,lombar,16408,-2120,-964,-8222,2879,2413,1472367
2026-05-19 20:18:13,esterno,1292,16196,-1696,1615,-5718,-2004,814934
2026-05-19 20:18:13,lombar,16564,-1968,-1156,-7587,2405,2954,1472389
2026-05-19 20:18:13,esterno,456,15932,-1360,1774,-6403,-1711,814956
2026-05-19 20:18:13,lombar,15940,-1988,-1352,-8079,1639,3007,1472411
2026-05-19 20:18:13,esterno,-752,16088,-908,1880,-6800,-1504,814978
2026-05-19 20:18:13,lombar,16092,-2408,-1772,-8356,888,2576,1472433
2026-05-19 20:18:13,esterno,-1780,16952,-716,1788,-7311,-991,815000
2026-05-19 20:18:13,lombar,16004,-2620,-2116,-7841,582,1985,1472455
2026-05-19 20:18:13,esterno,-2324,17300,-412,1040,-7663,-582,815022
2026-05-19 20:18:13,lombar,16460,-2652,-1708,-6602,783,1569,1472477
2026-05-19 20:18:13,esterno,-1872,17244,-816,187,-7607,-437,815044
2026-05-19 20:18:13,lombar,17052,-2476,-1688,-5671,394,1361,1472499
2026-05-19 20:18:13,esterno,-980,17208,-864,102,-7726,2,815066
2026-05-19 20:18:13,lombar,16976,-1760,-1556,-5942,-230,1562,1472521
2026-05-19 20:18:13,esterno,-652,16912,-828,-123,-7716,278,815088
2026-05-19 20:18:13,lombar,16528,-1484,-1472,-6711,-509,1138,1472543
2026-05-19 20:18:13,esterno,-612,16716,-1076,-226,-7625,422,815110
2026-05-19 20:18:13,lombar,16460,-1508,-1532,-7442,-754,609,1472565
2026-05-19 20:18:13,esterno,-628,16452,-1176,-187,-7660,744,815132
2026-05-19 20:18:13,lombar,16480,-1860,-1476,-7769,-765,317,1472587
2026-05-19 20:18:13,esterno,-684,16080,-1276,-319,-7707,978,815154
2026-05-19 20:18:13,lombar,16472,-2196,-1292,-7733,-995,426,1472609
2026-05-19 20:18:13,esterno,-568,15932,-908,-548,-7730,1038,815176
2026-05-19 20:18:13,lombar,16324,-2284,-1348,-7685,-1192,737,1472631
2026-05-19 20:18:13,esterno,-516,15680,-940,-622,-7856,1049,815198
2026-05-19 20:18:13,lombar,16108,-2896,-1572,-7501,-1216,990,1472653
2026-05-19 20:18:13,esterno,-432,15348,-1324,-542,-7759,1116,815220
2026-05-19 20:18:13,lombar,15764,-2868,-1252,-7071,-1413,1023,1472675
2026-05-19 20:18:13,esterno,-600,14964,-1744,-493,-7510,1128,815242
2026-05-19 20:18:13,lombar,15508,-2960,-1456,-6452,-1281,1061,1472697
2026-05-19 20:18:13,esterno,-568,14864,-1652,-483,-7198,1178,815264
2026-05-19 20:18:13,lombar,15488,-3104,-1396,-6061,-974,854,1472719
2026-05-19 20:18:13,esterno,-604,14740,-1520,-564,-6859,1108,815286
2026-05-19 20:18:13,lombar,15360,-3116,-1228,-5581,-1047,407,1472741
2026-05-19 20:18:13,lombar,17496,-1540,296,-4491,-981,-17,1472763
2026-05-19 20:18:13,esterno,-456,15044,-2448,-512,-6352,1161,815308
2026-05-19 20:18:13,esterno,-536,15948,-1560,-717,-5982,1423,815330
2026-05-19 20:18:13,lombar,16432,-312,-2040,-5794,-292,225,1472785
2026-05-19 20:18:13,esterno,292,15744,-724,-277,-6993,1459,815352
2026-05-19 20:18:13,lombar,15760,-2348,-2036,-4958,319,-631,1472807
2026-05-19 20:18:13,esterno,588,16688,-2292,-248,-6079,1716,815374
2026-05-19 20:18:13,lombar,19904,-1740,-656,-4446,-668,-1288,1472829
2026-05-19 20:18:13,esterno,492,17956,-2280,-751,-5779,1943,815396
2026-05-19 20:18:13,lombar,18952,-608,-1264,-4987,-21,146,1472851
2026-05-19 20:18:13,esterno,1408,18068,-852,446,-5877,1947,815418
2026-05-19 20:18:13,lombar,16800,-940,-2072,-5890,-994,730,1472873
2026-05-19 20:18:13,esterno,1992,17708,-12,833,-5756,1852,815440
2026-05-19 20:18:13,lombar,16096,-1936,-2716,-6007,-2372,168,1472895
2026-05-19 20:18:13,esterno,1500,16884,-276,-653,-5454,1765,815462
2026-05-19 20:18:13,lombar,16752,-2360,-2220,-5327,-1867,-488,1472917
2026-05-19 20:18:13,esterno,640,16008,-796,-1213,-4950,1764,815484
2026-05-19 20:18:13,lombar,17100,-2140,-1776,-4847,-796,-19,1472939
2026-05-19 20:18:13,esterno,232,15336,-884,-923,-4620,1239,815506
2026-05-19 20:18:13,lombar,16724,-1560,-1444,-3841,-1239,274,1472961
2026-05-19 20:18:13,esterno,528,15000,-1336,-767,-4488,1193,815528
2026-05-19 20:18:14,lombar,16164,-940,-1384,-3546,-1746,383,1472983
2026-05-19 20:18:14,esterno,704,14904,-1568,-374,-4228,1161,815550
2026-05-19 20:18:14,lombar,16092,-824,-1460,-3500,-1391,117,1473005
2026-05-19 20:18:14,esterno,1168,15308,-1520,-120,-4351,1001,815572
2026-05-19 20:18:14,lombar,15992,-424,-1336,-3386,-506,-400,1473027
2026-05-19 20:18:14,esterno,1376,15276,-1560,-118,-4537,977,815594
2026-05-19 20:18:14,lombar,16276,-272,-1436,-3388,-1110,-645,1473049
2026-05-19 20:18:14,esterno,1496,15192,-1564,-271,-4232,1118,815616
2026-05-19 20:18:14,lombar,16468,-4,-1492,-3488,-1027,-503,1473071
2026-05-19 20:18:14,esterno,1904,15276,-1476,-226,-4550,1373,815638
2026-05-19 20:18:14,lombar,16172,72,-1408,-3699,-491,-185,1473093
2026-05-19 20:18:14,esterno,2156,15112,-1300,96,-4421,1253,815660
2026-05-19 20:18:14,lombar,16020,168,-1340,-3494,-237,-175,1473115
2026-05-19 20:18:14,esterno,2052,14852,-1188,136,-4596,984,815682
2026-05-19 20:18:14,lombar,15992,356,-1632,-3634,727,-225,1473137
2026-05-19 20:18:14,esterno,2224,14788,-1532,70,-4964,1046,815704
2026-05-19 20:18:14,lombar,16052,908,-1780,-3607,1109,47,1473159
2026-05-19 20:18:14,esterno,2500,15208,-1764,167,-5053,1272,815726
2026-05-19 20:18:14,lombar,16812,1320,-1712,-3861,812,341,1473181
2026-05-19 20:18:14,esterno,2720,15996,-1684,111,-5400,1406,815748
2026-05-19 20:18:14,lombar,17664,1356,-1696,-4364,443,577,1473203
2026-05-19 20:18:14,esterno,2876,17248,-1644,-79,-5636,1263,815770
2026-05-19 20:18:14,lombar,17464,1224,-1812,-5011,550,666,1473225
2026-05-19 20:18:14,esterno,3060,17304,-1020,-206,-6168,1003,815792
2026-05-19 20:18:14,lombar,17076,1384,-2004,-5491,709,699,1473247
2026-05-19 20:18:14,esterno,3152,16480,-1124,-85,-6320,701,815814
2026-05-19 20:18:14,lombar,16852,1636,-2732,-5658,641,632,1473269
2026-05-19 20:18:14,esterno,3232,16416,-832,-313,-6195,768,815836
2026-05-19 20:18:14,lombar,16888,1776,-2612,-5884,422,604,1473291
2026-05-19 20:18:14,esterno,3660,16664,-736,-889,-6049,783,815858
2026-05-19 20:18:14,lombar,17088,1920,-2424,-6099,-169,660,1473313
2026-05-19 20:18:14,esterno,3804,16528,-556,-1083,-5861,350,815880
2026-05-19 20:18:14,lombar,17036,1884,-2124,-6403,-533,695,1473335
2026-05-19 20:18:14,esterno,3532,16300,-1052,-1164,-5905,-39,815902
2026-05-19 20:18:14,lombar,16952,1728,-1936,-6672,-553,718,1473357
2026-05-19 20:18:14,esterno,3168,16100,-1068,-1297,-6096,-95,815924
2026-05-19 20:18:14,lombar,16604,1412,-1856,-6875,-370,839,1473379
2026-05-19 20:18:14,esterno,3036,15700,-1144,-1323,-6471,-192,815946
2026-05-19 20:18:14,lombar,16136,1204,-2304,-6787,16,895,1473401
2026-05-19 20:18:14,esterno,3272,15420,-876,-1256,-6812,-290,815968
2026-05-19 20:18:14,lombar,15976,1084,-2044,-6181,-29,1018,1473423
2026-05-19 20:18:14,esterno,3316,15076,-1168,-1221,-7092,-565,815990
2026-05-19 20:18:14,lombar,15740,1192,-1868,-5865,-250,1338,1473445
2026-05-19 20:18:14,esterno,3292,14680,-1632,-548,-6274,-881,816012
2026-05-19 20:18:14,lombar,15676,1588,-2140,-5520,-286,1628,1473467
2026-05-19 20:18:14,esterno,3096,14992,-308,-678,-7578,-731,816034
2026-05-19 20:18:14,lombar,15608,2352,-2128,-5716,41,1938,1473489
2026-05-19 20:18:14,esterno,3484,15316,-1584,-1748,-8041,-182,816056
2026-05-19 20:18:14,lombar,15848,2424,-1644,-6437,-872,2424,1473511
2026-05-19 20:18:14,esterno,3852,15668,-1276,-1778,-7166,-362,816078
2026-05-19 20:18:14,lombar,17404,856,-1052,-7123,-1827,2559,1473533
2026-05-19 20:18:14,esterno,3808,16196,-1632,-1567,-6955,-757,816100
2026-05-19 20:18:14,lombar,17420,164,-2464,-7078,-190,2864,1473555
2026-05-19 20:18:14,lombar,16840,56,-1044,-7100,681,3045,1473577
2026-05-19 20:18:14,esterno,3144,16200,-1272,-1558,-6852,-1138,816122
2026-05-19 20:18:14,esterno,1864,16816,-1636,-2234,-6785,-1520,816144
2026-05-19 20:18:14,esterno,1440,16660,-1780,-1884,-6433,-1860,816166
2026-05-19 20:18:14,lombar,18864,-132,-532,-7231,-966,2469,1473599
2026-05-19 20:18:14,lombar,18844,-980,-1164,-5930,-684,2069,1473621
2026-05-19 20:18:14,esterno,1644,15816,-1352,53,-6306,-2486,816188
2026-05-19 20:18:14,lombar,16696,-476,-1188,-4874,1007,2266,1473643
2026-05-19 20:18:14,esterno,2132,15276,-1136,1271,-6078,-2753,816210
2026-05-19 20:18:14,lombar,15584,104,-620,-5090,850,2143,1473665
2026-05-19 20:18:14,esterno,1972,14876,-1132,815,-5464,-2579,816232
2026-05-19 20:18:14,lombar,15812,364,-764,-5273,591,1638,1473687
2026-05-19 20:18:14,esterno,1496,14276,-1312,547,-5262,-2336,816254
2026-05-19 20:18:14,lombar,15940,832,-400,-6327,1312,1528,1473709
2026-05-19 20:18:14,esterno,1308,14468,-1676,692,-5251,-1962,816276
2026-05-19 20:18:14,lombar,16128,668,-468,-7099,1673,1606,1473731
2026-05-19 20:18:14,esterno,1232,14716,-1672,1182,-5076,-1722,816298
2026-05-19 20:18:14,lombar,16816,-272,-992,-7036,1863,1672,1473753
2026-05-19 20:18:14,esterno,1052,15396,-1804,1144,-4751,-1999,816320
2026-05-19 20:18:14,lombar,16992,-1104,-564,-6736,2432,1777,1473775
2026-05-19 20:18:14,esterno,1220,15744,-1980,1410,-4755,-1979,816342
2026-05-19 20:18:14,lombar,16524,-1500,-980,-6237,2912,1633,1473797
2026-05-19 20:18:14,esterno,880,16232,-1664,2029,-4514,-2013,816364
2026-05-19 20:18:14,lombar,16312,-1136,-620,-4784,2383,1174,1473819
2026-05-19 20:18:14,esterno,316,16276,-1492,2204,-4629,-1887,816386
2026-05-19 20:18:14,lombar,16784,-1128,-576,-4618,1386,1587,1473841
2026-05-19 20:18:14,esterno,-220,16004,-1820,2024,-4786,-1663,816408
2026-05-19 20:18:14,lombar,16280,-1024,-760,-4570,968,1655,1473863
2026-05-19 20:18:14,esterno,-524,15972,-1448,1718,-4998,-1278,816430
2026-05-19 20:18:14,lombar,16248,-864,-1128,-5522,1524,1546,1473885
2026-05-19 20:18:14,esterno,-168,16416,-1476,1665,-5360,-683,816452
2026-05-19 20:18:14,lombar,16448,-904,-948,-5517,1402,1223,1473907
2026-05-19 20:18:14,esterno,-248,16896,-1468,1588,-5450,-403,816474
2026-05-19 20:18:14,lombar,16528,-1620,-1164,-5036,1040,1190,1473929
2026-05-19 20:18:14,esterno,-484,17152,-1460,1124,-5376,-535,816496
2026-05-19 20:18:14,lombar,16636,-1996,-1180,-4644,-20,1436,1473951
2026-05-19 20:18:14,esterno,-540,17276,-1732,499,-5209,-557,816518
2026-05-19 20:18:15,lombar,16616,-2140,-852,-4460,-449,1552,1473973
2026-05-19 20:18:15,esterno,-512,16996,-1108,163,-5198,-112,816540
2026-05-19 20:18:15,lombar,16388,-1792,-1116,-4570,-409,1441,1473995
2026-05-19 20:18:15,esterno,-460,16644,-1232,-175,-5053,211,816562
2026-05-19 20:18:15,lombar,15716,-2068,-1316,-4651,-523,1046,1474017
2026-05-19 20:18:15,esterno,-960,16596,-1480,-826,-4792,299,816584
2026-05-19 20:18:15,lombar,16516,-2332,-1160,-4431,-1146,854,1474039
2026-05-19 20:18:15,esterno,-836,16396,-1936,-1163,-4032,492,816606
2026-05-19 20:18:15,lombar,16776,-2108,-1076,-4108,-1097,836,1474061
2026-05-19 20:18:15,esterno,-716,16536,-988,-1395,-4090,772,816628
2026-05-19 20:18:15,lombar,16436,-1728,-1188,-4282,-919,811,1474083
2026-05-19 20:18:15,esterno,-380,16504,-720,-1680,-4074,1048,816650
2026-05-19 20:18:15,lombar,15888,-2360,-1388,-3863,-1467,555,1474105
2026-05-19 20:18:15,esterno,-324,16048,-1092,-1973,-3837,1059,816672
2026-05-19 20:18:15,lombar,15884,-2224,-1228,-3374,-1821,188,1474127
2026-05-19 20:18:15,esterno,-676,15548,-1136,-2135,-3372,1001,816694
2026-05-19 20:18:15,lombar,16360,-2000,-1032,-4069,-1737,334,1474149
2026-05-19 20:18:15,esterno,-380,15500,-1208,-2110,-3143,1153,816716
2026-05-19 20:18:15,lombar,16440,-1712,-1236,-4187,-2145,260,1474171
2026-05-19 20:18:15,esterno,-384,15616,-504,-1915,-3017,1269,816738
2026-05-19 20:18:15,lombar,16052,-2648,-1132,-3924,-2543,272,1474193
2026-05-19 20:18:15,esterno,-472,15836,-608,-2241,-3058,1362,816760
2026-05-19 20:18:15,lombar,16596,-2432,-748,-3168,-2568,282,1474215
2026-05-19 20:18:15,esterno,-636,15912,-724,-2478,-3046,1385,816782
2026-05-19 20:18:15,lombar,16772,-2084,-1304,-2929,-1938,331,1474237
2026-05-19 20:18:15,esterno,-296,15696,-1044,-2256,-2964,1204,816804
2026-05-19 20:18:15,lombar,16152,-2100,-1660,-2507,-1833,200,1474259
2026-05-19 20:18:15,esterno,-204,15468,-1184,-2317,-2908,992,816826
2026-05-19 20:18:15,lombar,16600,-1848,-1308,-1902,-2119,-146,1474281
2026-05-19 20:18:15,esterno,96,16068,-1068,-2377,-2602,1144,816848
2026-05-19 20:18:15,lombar,18244,-480,-1136,-1665,-2224,-63,1474303
2026-05-19 20:18:15,esterno,692,16384,-844,-2038,-2795,1462,816870
2026-05-19 20:18:15,lombar,17648,348,-1096,-2130,-1711,244,1474325
2026-05-19 20:18:15,esterno,1180,16304,-272,-1416,-3071,1704,816892
2026-05-19 20:18:15,lombar,16576,-344,-1536,-2760,-1926,253,1474347
2026-05-19 20:18:15,esterno,1252,16072,-20,-844,-3203,1710,816914
2026-05-19 20:18:15,lombar,16452,-1288,-1472,-3585,-2564,256,1474369
2026-05-19 20:18:15,esterno,1384,15504,-168,-877,-3344,1678,816936
2026-05-19 20:18:15,lombar,16264,-2172,-1592,-3324,-2073,-5,1474391
2026-05-19 20:18:15,esterno,920,15208,-40,-1133,-2879,1529,816958
2026-05-19 20:18:15,lombar,16244,-2600,-2092,-2392,-1148,-12,1474413
2026-05-19 20:18:15,esterno,364,15048,-200,-1269,-2875,1469,816980
2026-05-19 20:18:15,lombar,16384,-2040,-1908,-1424,-843,85,1474435
2026-05-19 20:18:15,esterno,584,15512,-460,-1232,-2662,1576,817002
2026-05-19 20:18:15,esterno,872,16052,-308,-1110,-2175,1525,817024
2026-05-19 20:18:15,lombar,16556,-1492,-2124,-545,-690,87,1474457
2026-05-19 20:18:15,lombar,16680,-1144,-2060,-287,-613,-21,1474479
2026-05-19 20:18:15,esterno,1164,16480,12,-880,-1863,1152,817046
2026-05-19 20:18:15,lombar,16932,-1080,-2204,-473,-1129,42,1474501
2026-05-19 20:18:15,esterno,1280,16432,36,-820,-1570,1009,817068
2026-05-19 20:18:15,lombar,16856,-1048,-2200,-719,-1440,0,1474523
2026-05-19 20:18:15,esterno,1300,16160,60,-981,-1360,1044,817090
2026-05-19 20:18:15,lombar,16532,-1112,-2332,-731,-1235,-189,1474545
2026-05-19 20:18:15,esterno,1408,15836,-196,-1336,-1017,1059,817112
2026-05-19 20:18:15,lombar,16448,-1044,-2260,-877,-1209,-165,1474567
2026-05-19 20:18:15,lombar,16564,-1416,-2192,-1029,-1121,-124,1474589
2026-05-19 20:18:15,esterno,1612,15692,-64,-1176,-708,1103,817134
2026-05-19 20:18:15,esterno,1856,15600,148,-798,-495,1185,817156
2026-05-19 20:18:15,lombar,16596,-1548,-2176,-445,-973,-362,1474611
2026-05-19 20:18:15,esterno,1736,15900,128,-325,-49,1165,817178
2026-05-19 20:18:15,lombar,16784,-1044,-2040,62,-931,-394,1474633
2026-05-19 20:18:15,esterno,1472,15900,92,-305,600,929,817200
2026-05-19 20:18:15,lombar,16636,-696,-2140,180,-653,-304,1474655
2026-05-19 20:18:15,esterno,1756,15800,156,-409,278,787,817222
2026-05-19 20:18:15,lombar,16576,-712,-1988,173,-687,-395,1474677
2026-05-19 20:18:15,esterno,1376,15720,-80,-472,-13,840,817244
2026-05-19 20:18:15,lombar,16576,-612,-1964,335,-485,-621,1474699
2026-05-19 20:18:15,esterno,840,15472,-288,-255,127,857,817266
2026-05-19 20:18:15,lombar,16560,-448,-2284,659,-92,-739,1474721
2026-05-19 20:18:15,esterno,1504,15652,88,26,77,818,817288
2026-05-19 20:18:15,lombar,16520,-356,-2128,668,-162,-629,1474743
2026-05-19 20:18:15,esterno,1816,16168,104,107,64,831,817310
2026-05-19 20:18:15,lombar,16584,-332,-2096,398,-543,-474,1474765
2026-05-19 20:18:15,esterno,1708,16252,140,-207,-137,828,817332
2026-05-19 20:18:15,lombar,16680,12,-1964,209,-454,-638,1474787
2026-05-19 20:18:15,esterno,1576,16100,400,-105,-390,817,817354
2026-05-19 20:18:15,lombar,16548,148,-2012,240,103,-671,1474809
2026-05-19 20:18:15,esterno,1624,16052,92,-91,-606,847,817376
2026-05-19 20:18:15,lombar,16724,476,-1796,292,135,-667,1474831
2026-05-19 20:18:15,esterno,1972,15796,-216,-389,-648,886,817398
2026-05-19 20:18:15,lombar,16796,468,-1968,110,-77,-686,1474853
2026-05-19 20:18:15,esterno,2468,15612,-308,-299,-498,1005,817420
2026-05-19 20:18:15,lombar,16828,472,-1484,-82,-553,-609,1474875
2026-05-19 20:18:15,esterno,2440,15764,16,441,-1033,1309,817442
2026-05-19 20:18:15,lombar,16772,420,-1352,-302,-409,-650,1474897
2026-05-19 20:18:15,esterno,2128,15596,-276,472,-1085,1305,817464
2026-05-19 20:18:15,lombar,16752,356,-1224,-197,51,-891,1474919
2026-05-19 20:18:15,esterno,1944,15328,-688,436,-1200,1405,817486
2026-05-19 20:18:15,lombar,16808,492,-1680,275,1014,-1369,1474941
2026-05-19 20:18:15,esterno,2504,15188,-1036,622,-1761,1415,817508
2026-05-19 20:18:15,lombar,16500,820,-1008,-22,988,-1222,1474963
2026-05-19 20:18:16,esterno,3212,14976,-1056,1025,-1606,1250,817530
2026-05-19 20:18:16,lombar,16476,832,-1672,-272,960,-1219,1474985
2026-05-19 20:18:16,lombar,16536,1584,-1424,-118,1038,-1140,1475007
2026-05-19 20:18:16,esterno,3224,15140,-868,1322,-2047,1223,817552
2026-05-19 20:18:16,esterno,3080,15372,-1104,1586,-2426,1248,817574
2026-05-19 20:18:16,lombar,16624,2064,-1824,-700,854,-1166,1475029
2026-05-19 20:18:16,esterno,3072,15700,-828,1752,-2758,1343,817596
2026-05-19 20:18:16,lombar,16252,2444,-2312,-1262,832,-1228,1475051
2026-05-19 20:18:16,esterno,3364,15836,-552,1701,-3074,1271,817618
2026-05-19 20:18:16,lombar,16200,2812,-2148,-1313,643,-1077,1475073
2026-05-19 20:18:16,esterno,4020,16112,-520,1697,-3156,1135,817640
2026-05-19 20:18:16,lombar,16424,3028,-2136,-1885,287,-797,1475095
2026-05-19 20:18:16,esterno,4460,16132,-356,1581,-3340,953,817662
2026-05-19 20:18:16,lombar,16676,2824,-1912,-2314,-270,-529,1475117
2026-05-19 20:18:16,esterno,4480,16248,-1108,1249,-3314,1090,817684
2026-05-19 20:18:16,lombar,16736,2536,-1900,-2794,-748,-601,1475139
2026-05-19 20:18:16,esterno,4372,15932,-1232,1771,-3487,1090,817706
2026-05-19 20:18:16,lombar,16464,2048,-2040,-3089,-1180,-666,1475161
2026-05-19 20:18:16,esterno,4376,15816,-808,1613,-3439,630,817728
2026-05-19 20:18:16,lombar,15884,2184,-2208,-3317,-549,-399,1475183
2026-05-19 20:18:16,esterno,4232,15396,-896,1079,-3411,553,817750
2026-05-19 20:18:16,lombar,15852,2096,-1704,-3023,-304,29,1475205
2026-05-19 20:18:16,esterno,3920,14772,-1752,998,-2960,409,817772
2026-05-19 20:18:16,lombar,15816,1640,-1824,-3306,-160,340,1475227
2026-05-19 20:18:16,esterno,3840,14764,-1424,790,-3412,237,817794
2026-05-19 20:18:16,lombar,16360,1436,-1756,-3176,-428,697,1475249
2026-05-19 20:18:16,esterno,4160,15056,-1840,498,-3770,227,817816
2026-05-19 20:18:16,lombar,17352,1176,-1056,-3081,-44,857,1475271
2026-05-19 20:18:16,esterno,3872,15884,-2788,520,-3425,137,817838
2026-05-19 20:18:16,lombar,17980,468,-184,-2568,-1119,667,1475293
2026-05-19 20:18:16,esterno,3712,16716,-2864,644,-2681,-317,817860
2026-05-19 20:18:16,lombar,16212,1224,-2904,-2386,434,1117,1475315
2026-05-19 20:18:16,esterno,3684,15832,-1840,1449,-2452,-929,817882
2026-05-19 20:18:16,lombar,16996,1884,-1220,-1914,476,1598,1475337
2026-05-19 20:18:16,esterno,3476,16412,-1936,1045,-1815,-1211,817904
2026-05-19 20:18:16,lombar,16032,2136,-1564,-3076,-961,1331,1475359
2026-05-19 20:18:16,esterno,2996,16364,-1484,45,-1952,-953,817926
2026-05-19 20:18:16,lombar,15928,1588,-2628,-3227,-566,1257,1475381
2026-05-19 20:18:16,esterno,3092,15644,-1468,-22,-1911,-1003,817948
2026-05-19 20:18:16,lombar,16356,1340,-1864,-2317,-301,1144,1475403
2026-05-19 20:18:16,esterno,3244,15656,-1484,-121,-1589,-1126,817970
2026-05-19 20:18:16,lombar,16408,996,-1336,-2280,-257,1056,1475425
2026-05-19 20:18:16,esterno,3652,15784,-2256,-690,-1369,-1079,817992
2026-05-19 20:18:16,lombar,16672,548,-1572,-2040,-334,1000,1475447
2026-05-19 20:18:16,esterno,3736,15592,-2228,-746,-1056,-979,818014
2026-05-19 20:18:16,lombar,16568,124,-1568,-1349,-186,1087,1475469
2026-05-19 20:18:16,esterno,3572,15432,-2372,-306,-528,-1130,818036
2026-05-19 20:18:16,lombar,16568,400,-1552,-775,-107,1275,1475491
2026-05-19 20:18:16,esterno,3020,15540,-2340,49,-43,-1290,818058
2026-05-19 20:18:16,lombar,16576,676,-1844,-186,74,1314,1475513
2026-05-19 20:18:16,esterno,2868,15744,-1916,183,178,-1191,818080
2026-05-19 20:18:16,lombar,16476,912,-1816,-4,239,1262,1475535
2026-05-19 20:18:16,esterno,2988,15912,-1772,276,425,-1038,818102
2026-05-19 20:18:16,lombar,16652,888,-1204,17,-51,1145,1475557
2026-05-19 20:18:16,esterno,2904,16168,-1636,125,772,-1160,818124
2026-05-19 20:18:16,lombar,16720,540,-1376,10,-568,1087,1475579
2026-05-19 20:18:16,esterno,2844,16180,-1868,-206,1103,-1346,818146
2026-05-19 20:18:16,lombar,16724,472,-1576,322,-120,954,1475601
2026-05-19 20:18:16,esterno,2792,15888,-1856,-197,1284,-1263,818168
2026-05-19 20:18:16,lombar,16652,532,-1768,693,487,1004,1475623
2026-05-19 20:18:16,esterno,2484,15648,-1704,7,1467,-1052,818190
2026-05-19 20:18:16,lombar,16492,648,-1680,780,496,953,1475645
2026-05-19 20:18:16,esterno,2576,15752,-1792,198,1647,-934,818212
2026-05-19 20:18:16,lombar,16528,532,-1756,1080,22,835,1475667
2026-05-19 20:18:16,esterno,2344,15956,-1820,163,1896,-1015,818234
2026-05-19 20:18:16,lombar,16668,700,-1408,1109,-86,781,1475689
2026-05-19 20:18:16,esterno,2292,15992,-1780,116,2049,-921,818256
2026-05-19 20:18:16,lombar,16528,644,-1496,991,194,663,1475711
2026-05-19 20:18:16,esterno,2160,16188,-1652,30,1972,-823,818278
2026-05-19 20:18:16,lombar,16600,448,-1744,1125,-132,638,1475733
2026-05-19 20:18:16,esterno,2032,16116,-1636,-118,1971,-712,818300
2026-05-19 20:18:16,lombar,16724,344,-1492,1355,-453,639,1475755
2026-05-19 20:18:16,esterno,1952,16116,-1720,-162,1842,-738,818322
2026-05-19 20:18:16,lombar,16532,276,-1560,1464,-160,610,1475777
2026-05-19 20:18:16,esterno,2012,15856,-1936,25,2081,-803,818344
2026-05-19 20:18:16,lombar,16500,512,-1376,1762,101,562,1475799
2026-05-19 20:18:16,esterno,2036,15892,-1516,-54,2341,-755,818366
2026-05-19 20:18:16,lombar,16404,720,-1296,1845,-97,523,1475821
2026-05-19 20:18:16,esterno,2360,15764,-1556,-507,1772,-513,818388
2026-05-19 20:18:16,lombar,16284,704,-1132,1456,-460,419,1475843
2026-05-19 20:18:16,esterno,2052,15440,-2124,-511,1818,-470,818410
2026-05-19 20:18:16,lombar,16396,448,-1292,1289,-572,488,1475865
2026-05-19 20:18:16,esterno,1704,14916,-2236,-72,2042,-685,818432
2026-05-19 20:18:16,lombar,16528,496,-1644,1244,-622,596,1475887
2026-05-19 20:18:16,esterno,1868,15268,-1872,370,1947,-633,818454
2026-05-19 20:18:16,lombar,16700,516,-1336,1262,-351,561,1475909
2026-05-19 20:18:16,esterno,1792,16092,-1352,433,1804,-154,818476
2026-05-19 20:18:16,lombar,16668,420,-1576,1123,-106,446,1475931
2026-05-19 20:18:16,esterno,1928,16552,-1184,14,1827,20,818498
2026-05-19 20:18:16,lombar,16616,344,-1824,1330,-219,364,1475953
2026-05-19 20:18:16,esterno,1672,16300,-1324,-92,1868,-151,818520
2026-05-19 20:18:17,lombar,16784,208,-1508,1236,-316,486,1475975
2026-05-19 20:18:17,esterno,1600,16100,-1664,16,1820,-297,818542
2026-05-19 20:18:17,lombar,16696,4,-1900,1266,-532,522,1475997
2026-05-19 20:18:17,esterno,1612,15948,-1416,-2,1589,-261,818564
2026-05-19 20:18:17,lombar,16672,152,-1472,1286,-267,501,1476019
2026-05-19 20:18:17,esterno,1596,16080,-1320,-4,1381,-170,818586
2026-05-19 20:18:17,lombar,16652,364,-1352,1158,-35,552,1476041
2026-05-19 20:18:17,esterno,1308,15972,-1164,-155,1455,-108,818608
2026-05-19 20:18:17,lombar,16556,216,-1276,717,-99,477,1476063
2026-05-19 20:18:17,esterno,1232,15812,-1640,-217,1234,-195,818630
2026-05-19 20:18:17,lombar,16492,8,-1380,794,-15,362,1476085
2026-05-19 20:18:17,esterno,1344,15604,-1864,-221,1026,-333,818652
2026-05-19 20:18:17,lombar,16836,-136,-1556,953,-38,430,1476107
2026-05-19 20:18:17,esterno,1360,15684,-1796,-127,985,-434,818674
2026-05-19 20:18:17,lombar,16608,80,-1652,963,66,521,1476129
2026-05-19 20:18:17,esterno,1428,16220,-1404,-330,898,-392,818696
2026-05-19 20:18:17,lombar,16532,64,-1328,759,-248,491,1476151
2026-05-19 20:18:17,esterno,1688,16128,-1560,-895,725,-215,818718
2026-05-19 20:18:17,lombar,16496,92,-1276,375,-228,464,1476173
2026-05-19 20:18:17,esterno,1528,15768,-1480,-798,725,-243,818740
2026-05-19 20:18:17,lombar,16576,0,-1684,645,-50,375,1476195
2026-05-19 20:18:17,esterno,1552,15780,-1700,-375,646,-338,818762
2026-05-19 20:18:17,lombar,16628,76,-1244,603,-306,446,1476217
2026-05-19 20:18:17,esterno,1528,15788,-1580,-225,596,-299,818784
2026-05-19 20:18:17,lombar,16516,160,-1200,452,-410,500,1476239
2026-05-19 20:18:17,esterno,1484,15720,-1532,-181,669,-231,818806
2026-05-19 20:18:17,lombar,16396,140,-1320,551,-126,379,1476261
2026-05-19 20:18:17,esterno,1508,15724,-1696,-31,707,-174,818828
2026-05-19 20:18:17,lombar,16548,72,-1340,728,-83,280,1476283
2026-05-19 20:18:17,esterno,1728,15804,-1500,141,666,-155,818850
2026-05-19 20:18:17,lombar,16668,20,-1116,556,-214,354,1476305
2026-05-19 20:18:17,esterno,1732,15932,-1432,184,651,-102,818872
2026-05-19 20:18:17,lombar,16792,88,-1464,751,-244,293,1476327
2026-05-19 20:18:17,esterno,1492,15972,-1548,177,540,-54,818894
2026-05-19 20:18:17,lombar,16708,116,-1344,579,63,253,1476349
2026-05-19 20:18:17,esterno,1304,15932,-2132,470,724,-79,818916
2026-05-19 20:18:17,lombar,16748,272,-1300,310,-111,373,1476371
2026-05-19 20:18:17,esterno,1352,15928,-1300,342,418,-62,818938
2026-05-19 20:18:17,lombar,16596,404,-1180,138,-365,430,1476393
2026-05-19 20:18:17,esterno,1444,16176,-1492,55,-416,126,818960
2026-05-19 20:18:17,lombar,16596,424,-1124,204,-95,327,1476415
2026-05-19 20:18:17,esterno,1628,15828,-1824,242,-188,131,818982
2026-05-19 20:18:17,lombar,16608,440,-1384,-130,46,305,1476437
2026-05-19 20:18:17,esterno,1660,15704,-1916,348,-130,8,819004
2026-05-19 20:18:17,lombar,16608,360,-1400,-279,-57,251,1476459
2026-05-19 20:18:17,esterno,1696,15836,-2204,431,-197,90,819026
2026-05-19 20:18:17,lombar,16676,316,-1268,-342,-18,315,1476481
2026-05-19 20:18:17,esterno,1512,16164,-1748,282,-341,218,819048
2026-05-19 20:18:17,lombar,16668,240,-1044,-418,-314,270,1476503
2026-05-19 20:18:17,esterno,1288,15900,-1896,69,-598,287,819070
2026-05-19 20:18:17,lombar,16540,484,-976,-452,-71,179,1476525
2026-05-19 20:18:17,esterno,1424,15784,-2064,253,-817,335,819092
2026-05-19 20:18:17,lombar,16572,376,-1200,-437,53,60,1476547
2026-05-19 20:18:17,esterno,1456,15828,-2224,400,-906,412,819114
2026-05-19 20:18:17,lombar,16664,464,-1160,-532,-143,-62,1476569
2026-05-19 20:18:17,esterno,1912,15864,-1996,317,-933,461,819136
2026-05-19 20:18:17,lombar,16628,176,-1060,-436,-263,-54,1476591
2026-05-19 20:18:17,esterno,2164,15824,-2032,280,-793,404,819158
2026-05-19 20:18:17,lombar,16652,564,-920,-425,65,-133,1476613
2026-05-19 20:18:17,esterno,2208,15836,-2024,268,-589,388,819180
2026-05-19 20:18:17,lombar,16700,368,-1320,-349,127,-175,1476635
2026-05-19 20:18:17,esterno,2176,15824,-2420,361,-515,582,819202
2026-05-19 20:18:17,lombar,16748,264,-1264,-284,-30,-255,1476657
2026-05-19 20:18:17,esterno,2220,15988,-2320,450,-537,753,819224
2026-05-19 20:18:17,lombar,16808,316,-1460,-84,-192,-136,1476679
2026-05-19 20:18:17,esterno,2552,15944,-2120,559,-205,740,819246
2026-05-19 20:18:17,lombar,16572,512,-1092,-158,-192,-158,1476701
2026-05-19 20:18:17,esterno,2268,16064,-2052,414,-21,648,819268
2026-05-19 20:18:17,lombar,16596,260,-1040,42,-173,-258,1476723
2026-05-19 20:18:17,esterno,2004,15936,-2228,223,-13,671,819290
2026-05-19 20:18:17,lombar,16628,156,-1476,217,-85,-201,1476745
2026-05-19 20:18:17,esterno,2000,15724,-2376,292,-16,680,819312
2026-05-19 20:18:17,lombar,16524,268,-1236,289,-288,-170,1476767
2026-05-19 20:18:17,esterno,2180,15692,-2468,371,100,615,819334
2026-05-19 20:18:17,lombar,16620,504,-928,522,-191,-175,1476789
2026-05-19 20:18:17,esterno,2204,15596,-2448,359,359,512,819356
2026-05-19 20:18:17,lombar,16496,552,-1024,644,283,-173,1476811
2026-05-19 20:18:17,esterno,2240,15612,-2480,370,632,321,819378
2026-05-19 20:18:17,lombar,16608,708,-1140,642,72,-118,1476833
2026-05-19 20:18:17,esterno,2116,15764,-2356,434,600,275,819400
2026-05-19 20:18:17,lombar,16488,576,-1080,461,34,-171,1476855
2026-05-19 20:18:17,esterno,2248,15888,-2384,442,475,428,819422
2026-05-19 20:18:17,lombar,16488,640,-1132,482,-38,-148,1476877
2026-05-19 20:18:17,esterno,2312,15932,-2320,373,513,425,819444
2026-05-19 20:18:17,lombar,16576,624,-1156,651,-79,-240,1476899
2026-05-19 20:18:17,esterno,2308,15816,-2424,569,597,355,819466
2026-05-19 20:18:17,lombar,16640,752,-1060,731,-63,-147,1476921
2026-05-19 20:18:17,esterno,2296,15740,-2988,694,1326,87,819488
2026-05-19 20:18:17,lombar,16616,712,-868,651,-8,-51,1476943
2026-05-19 20:18:17,esterno,2236,15904,-2272,540,807,30,819510
2026-05-19 20:18:17,lombar,16616,800,-992,821,-268,-127,1476965
2026-05-19 20:18:18,esterno,2328,15904,-2216,446,259,229,819532
2026-05-19 20:18:18,lombar,16696,836,-1176,922,-177,-113,1476987
2026-05-19 20:18:18,esterno,2348,15808,-2544,752,692,297,819554
2026-05-19 20:18:18,lombar,16516,716,-1156,879,-147,71,1477009
2026-05-19 20:18:18,esterno,2496,15600,-2648,955,825,74,819576
2026-05-19 20:18:18,lombar,16704,788,-1164,857,-361,45,1477031
2026-05-19 20:18:18,lombar,16644,880,-1064,754,-332,100,1477053
2026-05-19 20:18:18,esterno,2512,15828,-2676,928,989,-152,819598
2026-05-19 20:18:18,esterno,2416,16092,-2620,599,903,79,819620
2026-05-19 20:18:18,lombar,16576,1040,-1056,760,-33,81,1477075
2026-05-19 20:18:18,esterno,2220,15804,-2300,443,871,268,819642
2026-05-19 20:18:18,lombar,16656,976,-1132,672,-139,174,1477097
2026-05-19 20:18:18,esterno,2316,15676,-2860,575,893,105,819664
2026-05-19 20:18:18,lombar,16708,972,-1220,713,-413,115,1477119
2026-05-19 20:18:18,esterno,2392,15640,-2820,522,935,-36,819686
2026-05-19 20:18:18,lombar,16640,948,-1176,550,-436,141,1477141
2026-05-19 20:18:18,esterno,2548,15804,-2580,468,819,-135,819708
2026-05-19 20:18:18,lombar,16604,764,-1196,575,-301,134,1477163
2026-05-19 20:18:18,esterno,2516,15852,-2740,379,949,-122,819730
2026-05-19 20:18:18,lombar,16636,804,-1048,535,-264,240,1477185
2026-05-19 20:18:18,esterno,2144,15672,-2576,121,816,-79,819752
2026-05-19 20:18:18,lombar,16572,840,-1332,543,-385,159,1477207
2026-05-19 20:18:18,esterno,2280,15688,-2740,205,842,-50,819774
2026-05-19 20:18:18,lombar,16736,980,-1188,547,-311,234,1477229
2026-05-19 20:18:18,esterno,2536,15576,-3068,446,738,-108,819796
2026-05-19 20:18:18,lombar,16644,956,-1328,685,-226,249,1477251
2026-05-19 20:18:18,esterno,2408,15824,-2540,386,935,-266,819818
2026-05-19 20:18:18,lombar,16664,912,-1200,640,-330,256,1477273
2026-05-19 20:18:18,esterno,2480,15928,-2592,215,791,-80,819840
2026-05-19 20:18:18,lombar,16668,1004,-1128,597,-329,238,1477295
2026-05-19 20:18:18,esterno,2356,15680,-2724,246,738,-30,819862
2026-05-19 20:18:18,lombar,16528,832,-1204,523,-207,201,1477317
2026-05-19 20:18:18,esterno,2328,15560,-2920,272,749,-69,819884
2026-05-19 20:18:18,lombar,16540,888,-1064,527,-279,168,1477339
2026-05-19 20:18:18,esterno,2368,15432,-3144,448,848,-230,819906
2026-05-19 20:18:18,lombar,16584,808,-1152,604,-217,146,1477361
2026-05-19 20:18:18,esterno,2228,15596,-3148,607,896,-330,819928
2026-05-19 20:18:18,lombar,16696,744,-716,618,-255,132,1477383
2026-05-19 20:18:18,esterno,2184,15592,-3112,722,819,-303,819950
2026-05-19 20:18:18,lombar,16700,752,-944,556,-352,131,1477405
2026-05-19 20:18:18,esterno,2120,15592,-3296,908,902,-293,819972
2026-05-19 20:18:18,esterno,2276,15740,-3088,874,973,-412,819994
2026-05-19 20:18:18,lombar,16536,876,-1348,723,-32,149,1477427
2026-05-19 20:18:18,esterno,2376,15664,-3020,954,962,-393,820016
2026-05-19 20:18:18,lombar,16712,1060,-940,738,-357,144,1477449
2026-05-19 20:18:18,esterno,2324,15444,-3528,1384,1347,-421,820038
2026-05-19 20:18:18,lombar,16668,928,-756,682,-505,63,1477471
2026-05-19 20:18:18,lombar,16656,1012,-1320,679,-13,78,1477493
2026-05-19 20:18:18,esterno,2068,15568,-3012,1252,1450,-530,820060
2026-05-19 20:18:18,lombar,16496,960,-1192,475,11,22,1477515
2026-05-19 20:18:18,esterno,2228,15784,-3268,681,386,-191,820082
2026-05-19 20:18:18,lombar,16620,840,-1356,502,-180,-52,1477537
2026-05-19 20:18:18,esterno,2200,15636,-3676,928,960,25,820104
2026-05-19 20:18:18,lombar,16652,984,-1244,563,211,144,1477559
2026-05-19 20:18:18,esterno,2152,15636,-3472,1202,1196,-230,820126
2026-05-19 20:18:18,lombar,16564,1112,-1156,579,209,65,1477581
2026-05-19 20:18:18,esterno,2512,15852,-3392,1154,1221,-230,820148
2026-05-19 20:18:18,lombar,16540,908,-1168,686,-16,71,1477603
2026-05-19 20:18:18,esterno,2228,16128,-3320,818,1133,-26,820170
2026-05-19 20:18:18,lombar,16560,808,-1136,647,3,109,1477625
2026-05-19 20:18:18,esterno,2072,15932,-3372,384,977,81,820192
2026-05-19 20:18:18,lombar,16540,816,-1192,644,127,66,1477647
2026-05-19 20:18:18,esterno,2140,15672,-3752,440,840,11,820214
2026-05-19 20:18:18,lombar,16576,1136,-1104,683,-138,143,1477669
2026-05-19 20:18:18,esterno,2228,15500,-3808,544,921,-15,820236
2026-05-19 20:18:18,lombar,16644,1036,-1256,507,-97,194,1477691
2026-05-19 20:18:18,lombar,16544,1068,-932,303,-155,104,1477713
2026-05-19 20:18:18,esterno,2276,15692,-3504,475,911,5,820258
2026-05-19 20:18:18,esterno,2320,15816,-3428,348,688,-1,820280
2026-05-19 20:18:18,lombar,16548,1208,-1036,424,-174,140,1477735
2026-05-19 20:18:18,esterno,2228,15696,-3676,70,824,-105,820302
2026-05-19 20:18:18,lombar,16412,1096,-1152,393,-153,95,1477757
2026-05-19 20:18:18,esterno,2060,15704,-3844,2,946,-102,820324
2026-05-19 20:18:18,lombar,16688,1088,-948,232,-321,162,1477779
2026-05-19 20:18:18,esterno,2400,15532,-3840,147,576,84,820346
2026-05-19 20:18:18,lombar,16568,1036,-1116,321,-309,93,1477801
2026-05-19 20:18:18,esterno,2208,15584,-3620,269,717,-38,820368
2026-05-19 20:18:18,lombar,16520,1048,-924,404,-255,208,1477823
2026-05-19 20:18:18,esterno,2256,15760,-3472,-1,522,-85,820390
2026-05-19 20:18:18,lombar,16652,1128,-1016,226,-216,153,1477845
2026-05-19 20:18:18,esterno,2268,15680,-3784,-161,445,67,820412
2026-05-19 20:18:18,lombar,16568,1120,-1212,167,-209,294,1477867
2026-05-19 20:18:18,esterno,2316,15612,-3780,-8,463,140,820434
2026-05-19 20:18:18,lombar,16520,1048,-1160,289,-391,227,1477889
2026-05-19 20:18:18,esterno,2288,15672,-3684,9,420,140,820456
2026-05-19 20:18:18,lombar,16768,1028,-888,361,-431,324,1477911
2026-05-19 20:18:18,esterno,2208,15620,-3736,-10,474,110,820478
2026-05-19 20:18:18,lombar,16524,1008,-976,355,-534,244,1477933
2026-05-19 20:18:18,esterno,2204,15748,-3764,-63,399,165,820500
2026-05-19 20:18:18,lombar,16616,1196,-1008,204,-379,311,1477955
2026-05-19 20:18:18,esterno,2256,15456,-3772,-54,257,202,820522
2026-05-19 20:18:19,lombar,16640,1320,-864,156,-417,259,1477977
2026-05-19 20:18:19,esterno,2160,15536,-3788,-136,290,153,820544
2026-05-19 20:18:19,lombar,16608,1032,-900,147,-578,268,1477999
2026-05-19 20:18:19,esterno,2180,15652,-3800,-82,214,160,820566
2026-05-19 20:18:19,lombar,16724,1124,-696,1,-617,314,1478021
2026-05-19 20:18:19,esterno,2360,15524,-4304,132,467,171,820588
2026-05-19 20:18:19,lombar,16748,1012,-1140,-57,-508,265,1478043
2026-05-19 20:18:19,esterno,2220,15660,-3224,-137,354,-29,820610
2026-05-19 20:18:19,lombar,16600,936,-1264,46,-269,140,1478065
2026-05-19 20:18:19,esterno,2276,15784,-3792,-513,-442,280,820632
2026-05-19 20:18:19,lombar,16656,832,-796,115,-633,48,1478087
2026-05-19 20:18:19,esterno,2128,15660,-4052,-85,186,360,820654
2026-05-19 20:18:19,lombar,16688,1036,-1080,147,-221,203,1478109
2026-05-19 20:18:19,esterno,2128,15448,-3784,149,374,202,820676
2026-05-19 20:18:19,lombar,16676,908,-896,278,-266,139,1478131
2026-05-19 20:18:19,esterno,2352,15636,-3756,215,460,67,820698
2026-05-19 20:18:19,lombar,16536,632,-656,362,-454,37,1478153
2026-05-19 20:18:19,esterno,2380,16016,-3596,84,528,76,820720
2026-05-19 20:18:19,lombar,16604,624,-1116,465,-360,151,1478175
2026-05-19 20:18:19,esterno,2144,15632,-3880,-180,526,196,820742
2026-05-19 20:18:19,lombar,16744,804,-980,436,68,155,1478197
2026-05-19 20:18:19,esterno,2260,15368,-4280,55,661,187,820764
2026-05-19 20:18:19,lombar,16468,840,-1188,545,-9,50,1478219
2026-05-19 20:18:19,esterno,2428,15296,-4048,221,851,152,820786
2026-05-19 20:18:19,lombar,16572,412,-1080,827,-399,-102,1478241
2026-05-19 20:18:19,esterno,2592,15548,-3664,104,1005,101,820808
2026-05-19 20:18:19,lombar,16836,668,-924,938,-208,-80,1478263
2026-05-19 20:18:19,esterno,2604,15392,-3612,-79,1204,-56,820830
2026-05-19 20:18:19,lombar,16604,700,-896,1070,39,-99,1478285
2026-05-19 20:18:19,esterno,2448,15336,-3836,-302,1650,-227,820852
2026-05-19 20:18:19,lombar,16676,908,-788,1315,44,-126,1478307
2026-05-19 20:18:19,esterno,2708,15548,-4528,-444,1893,-142,820874
2026-05-19 20:18:19,lombar,16408,928,-568,1597,-31,-156,1478329
2026-05-19 20:18:19,esterno,3092,15560,-4324,270,1594,255,820896
2026-05-19 20:18:19,lombar,16476,584,-880,1899,144,-367,1478351
2026-05-19 20:18:19,esterno,3028,16012,-4276,1007,2161,724,820918
2026-05-19 20:18:19,lombar,16576,780,-552,2281,234,-558,1478373
2026-05-19 20:18:19,esterno,2772,16000,-3924,280,2449,1008,820940
2026-05-19 20:18:19,lombar,16748,996,-932,2450,155,-695,1478395
2026-05-19 20:18:19,esterno,1664,15184,-3448,557,1654,1118,820962
2026-05-19 20:18:19,lombar,16572,1128,-1000,2744,418,-598,1478417
2026-05-19 20:18:19,esterno,1324,15148,-3440,942,1263,820,820984
2026-05-19 20:18:19,lombar,16432,1400,-948,3387,860,-578,1478439
2026-05-19 20:18:19,esterno,2088,15076,-3848,953,989,671,821006
2026-05-19 20:18:19,lombar,16076,1932,-1012,3373,787,-371,1478461
2026-05-19 20:18:19,esterno,2544,14640,-4524,480,812,-81,821028
2026-05-19 20:18:19,lombar,16016,2060,-1576,3296,555,-298,1478483
2026-05-19 20:18:19,esterno,3104,15360,-4252,517,677,57,821050
2026-05-19 20:18:19,lombar,16256,2928,-1056,3033,458,146,1478505
2026-05-19 20:18:19,esterno,3200,15968,-4340,695,45,-36,821072
2026-05-19 20:18:19,lombar,16380,2620,-1104,2278,-449,236,1478527
2026-05-19 20:18:19,esterno,3384,15488,-3420,782,312,-265,821094
2026-05-19 20:18:19,lombar,16256,2204,-1756,2019,-200,424,1478549
2026-05-19 20:18:19,esterno,3432,15904,-3320,3,340,-732,821116
2026-05-19 20:18:19,lombar,16276,2564,-1772,1859,-295,760,1478571
2026-05-19 20:18:19,esterno,3256,15460,-3884,-1553,317,-455,821138
2026-05-19 20:18:19,lombar,16424,3036,-1816,1465,-438,1180,1478593
2026-05-19 20:18:19,esterno,4912,15780,-3696,-56,-543,77,821160
2026-05-19 20:18:19,lombar,16368,2884,-1708,738,-747,1300,1478615
2026-05-19 20:18:19,esterno,4840,16700,-3296,-291,-1346,48,821182
2026-05-19 20:18:19,lombar,16216,2268,-1812,267,-959,1398,1478637
2026-05-19 20:18:19,esterno,3616,16788,-3124,-2272,-804,-52,821204
2026-05-19 20:18:19,lombar,16704,1828,-1964,153,-1277,1499,1478659
2026-05-19 20:18:19,esterno,3660,15764,-3444,-2528,-624,54,821226
2026-05-19 20:18:19,lombar,16912,1360,-1552,105,-1368,1648,1478681
2026-05-19 20:18:19,esterno,3184,15156,-3980,-2392,-569,107,821248
2026-05-19 20:18:19,lombar,17176,964,-804,-49,-1495,1590,1478703
2026-05-19 20:18:19,esterno,2516,15808,-3724,-2589,-158,-700,821270
2026-05-19 20:18:19,esterno,2160,15340,-3328,-2331,-173,-1388,821292
2026-05-19 20:18:19,lombar,16868,732,-1220,-403,-1311,1756,1478725
2026-05-19 20:18:19,lombar,16308,1116,-1428,-788,-383,2110,1478747
2026-05-19 20:18:19,esterno,2040,14548,-3720,-1870,17,-2137,821314
2026-05-19 20:18:19,lombar,16872,1652,-1252,-1513,-706,2354,1478769
2026-05-19 20:18:19,esterno,1540,14812,-3468,-2149,-95,-2296,821336
2026-05-19 20:18:19,lombar,17160,1372,-1140,-1645,-1951,2213,1478791
2026-05-19 20:18:19,esterno,2040,15888,-3404,-2526,-187,-2171,821358
2026-05-19 20:18:19,lombar,16852,1016,-1504,-837,-1990,1800,1478813
2026-05-19 20:18:19,esterno,2680,16380,-3036,-2608,29,-2580,821380
2026-05-19 20:18:19,lombar,16316,1136,-1356,-147,-1066,1672,1478835
2026-05-19 20:18:19,esterno,2872,15908,-2540,-2538,347,-2453,821402
2026-05-19 20:18:19,lombar,16556,700,-1440,-264,-580,1777,1478857
2026-05-19 20:18:19,esterno,2804,15448,-3484,-1812,334,-2487,821424
2026-05-19 20:18:19,lombar,17040,592,-976,-698,-461,2053,1478879
2026-05-19 20:18:19,esterno,3112,15188,-3596,-1154,140,-2576,821446
2026-05-19 20:18:19,lombar,16700,924,-1648,-1069,-337,2461,1478901
2026-05-19 20:18:19,esterno,2684,15400,-2844,-967,964,-2389,821468
2026-05-19 20:18:19,lombar,16068,1312,-1440,-1305,-510,2425,1478923
2026-05-19 20:18:19,esterno,2144,16108,-2444,-1263,1526,-2172,821490
2026-05-19 20:18:19,lombar,16560,1048,-1284,-1910,-648,2048,1478945
2026-05-19 20:18:19,esterno,1788,16088,-2520,-1722,1795,-1996,821512
2026-05-19 20:18:19,lombar,16528,-240,-876,-2222,-418,1886,1478967
2026-05-19 20:18:20,esterno,1160,15440,-2448,-1447,1433,-1929,821534
2026-05-19 20:18:20,lombar,16980,-1008,-1372,-2468,-570,2090,1478989
2026-05-19 20:18:20,esterno,708,15204,-2788,-906,1276,-2546,821556
2026-05-19 20:18:20,lombar,16812,-884,-1252,-2086,-408,2280,1479011
2026-05-19 20:18:20,esterno,428,15080,-2796,236,1070,-2212,821578
2026-05-19 20:18:20,lombar,16600,-172,-1076,-1553,-183,2223,1479033
2026-05-19 20:18:20,esterno,-136,15176,-2680,921,481,-1880,821600
2026-05-19 20:18:20,lombar,16696,236,-996,-1834,524,2076,1479055
2026-05-19 20:18:20,esterno,-228,15296,-2524,964,216,-1982,821622
2026-05-19 20:18:20,lombar,16484,188,-1172,-2138,932,1854,1479077
2026-05-19 20:18:20,esterno,156,15844,-2244,717,195,-2198,821644
2026-05-19 20:18:20,lombar,16496,-316,-1260,-2282,993,1602,1479099
2026-05-19 20:18:20,esterno,372,16048,-2480,970,-212,-1910,821666
2026-05-19 20:18:20,lombar,16872,-952,-1076,-1796,944,1515,1479121
2026-05-19 20:18:20,esterno,188,15688,-3340,1029,251,-1930,821688
2026-05-19 20:18:20,lombar,17096,-664,-780,-1502,1211,1589,1479143
2026-05-19 20:18:20,esterno,304,15992,-2724,637,-469,-2009,821710
2026-05-19 20:18:20,lombar,16916,-616,-672,-1466,1238,1858,1479165
2026-05-19 20:18:20,esterno,308,15960,-3224,719,-1140,-1626,821732
2026-05-19 20:18:20,lombar,16536,-512,-808,-1407,1171,1886,1479187
2026-05-19 20:18:20,esterno,168,15616,-3340,1431,-865,-1447,821754
2026-05-19 20:18:20,lombar,16644,-336,-756,-1724,1210,1984,1479209
2026-05-19 20:18:20,esterno,20,15692,-3476,1837,-666,-1659,821776
2026-05-19 20:18:20,lombar,16656,-672,-1068,-1991,1092,1994,1479231
2026-05-19 20:18:20,esterno,48,16212,-4040,1936,72,-1851,821798
2026-05-19 20:18:20,lombar,16920,-1024,-980,-2052,458,2122,1479253
2026-05-19 20:18:20,esterno,-324,16876,-3700,1722,461,-1906,821820
2026-05-19 20:18:20,lombar,16820,-1416,-1468,-1737,475,2163,1479275
2026-05-19 20:18:20,esterno,-336,17292,-2952,1447,516,-1781,821842
2026-05-19 20:18:20,lombar,16724,-1804,-1124,-1865,538,2053,1479297
2026-05-19 20:18:20,esterno,-752,16900,-2424,990,991,-1657,821864
2026-05-19 20:18:20,lombar,16732,-2248,-1096,-2143,-687,1992,1479319
2026-05-19 20:18:20,esterno,-1080,16188,-2276,293,386,-1477,821886
2026-05-19 20:18:20,lombar,16204,-2768,-1192,-1770,-869,1688,1479341
2026-05-19 20:18:20,esterno,-1432,15388,-2316,-236,-151,-1181,821908
2026-05-19 20:18:20,lombar,16292,-3068,-1600,-712,180,1131,1479363
2026-05-19 20:18:20,esterno,-1404,15400,-2432,-88,-118,-810,821930
2026-05-19 20:18:20,lombar,16188,-3740,-1468,495,463,869,1479385
2026-05-19 20:18:20,esterno,-1112,15536,-2996,26,128,-504,821952
2026-05-19 20:18:20,lombar,16528,-3004,-1480,1188,81,507,1479407
2026-05-19 20:18:20,esterno,-664,15896,-3100,188,-180,-364,821974
2026-05-19 20:18:20,lombar,16576,-3168,-1248,2130,-662,356,1479429
2026-05-19 20:18:20,esterno,-444,15936,-2812,207,692,-62,821996
2026-05-19 20:18:20,lombar,16472,-3380,-1664,2510,-625,236,1479451
2026-05-19 20:18:20,esterno,-800,16152,-2168,96,1004,332,822018
2026-05-19 20:18:20,lombar,16656,-3320,-1360,2925,-363,-54,1479473
2026-05-19 20:18:20,esterno,-1012,15596,-3364,171,1689,485,822040
2026-05-19 20:18:20,lombar,16280,-3092,-1488,3563,-65,-335,1479495
2026-05-19 20:18:20,esterno,-964,15308,-3600,568,2508,335,822062
2026-05-19 20:18:20,lombar,16280,-2896,-1260,3721,117,-502,1479517
2026-05-19 20:18:20,esterno,-900,15128,-3156,971,3023,205,822084
2026-05-19 20:18:20,lombar,16260,-2952,-1172,3593,-378,-518,1479539
2026-05-19 20:18:20,esterno,-720,15528,-3148,1389,3536,192,822106
2026-05-19 20:18:20,lombar,16076,-2968,-856,3885,-555,-916,1479561
2026-05-19 20:18:20,esterno,-1012,15656,-3344,1391,3899,453,822128
2026-05-19 20:18:20,lombar,16068,-2728,-1148,4195,-101,-1288,1479583
2026-05-19 20:18:20,esterno,-1384,15404,-3884,1082,4520,745,822150
2026-05-19 20:18:20,lombar,15684,-2448,-980,4598,423,-1751,1479605
2026-05-19 20:18:20,esterno,-1484,14864,-4264,538,5213,677,822172
2026-05-19 20:18:20,lombar,15900,-2636,-1236,4819,-111,-2047,1479627
2026-05-19 20:18:20,esterno,-1580,15000,-4300,250,5737,-115,822194
2026-05-19 20:18:20,lombar,16072,-2696,-1160,5085,-842,-2016,1479649
2026-05-19 20:18:20,esterno,-1252,14988,-4364,297,6384,21,822216
2026-05-19 20:18:20,lombar,16236,-2648,-1000,5412,-848,-1830,1479671
2026-05-19 20:18:20,esterno,-1200,14960,-3728,-890,6695,-117,822238
2026-05-19 20:18:20,lombar,16800,-2608,-888,5703,-1118,-1809,1479693
2026-05-19 20:18:20,esterno,-1692,14916,-4576,-1315,5752,313,822260
2026-05-19 20:18:20,lombar,17388,-1740,-288,5979,-2148,-1633,1479715
2026-05-19 20:18:20,esterno,-1476,15748,-4840,273,6202,449,822282
2026-05-19 20:18:20,lombar,16852,-1196,-504,5964,-1204,-1555,1479737
2026-05-19 20:18:20,esterno,-1544,15344,-4792,1048,5966,305,822304
2026-05-19 20:18:20,lombar,17312,-420,-644,6354,-145,-2489,1479759
2026-05-19 20:18:20,esterno,-444,15748,-4616,1253,6466,340,822326
2026-05-19 20:18:20,lombar,16464,-1024,-40,6828,-1502,-3161,1479781
2026-05-19 20:18:20,esterno,724,15940,-3496,337,6353,937,822348
2026-05-19 20:18:20,lombar,16408,-1492,-2372,7554,-570,-3322,1479803
2026-05-19 20:18:20,esterno,2216,16008,-3120,224,6365,1184,822370
2026-05-19 20:18:20,lombar,16424,-1176,-2000,8034,1680,-2746,1479825
2026-05-19 20:18:20,esterno,2400,15808,-4040,242,7247,1531,822392
2026-05-19 20:18:20,lombar,17340,16,-1464,8318,580,-2401,1479847
2026-05-19 20:18:20,esterno,1560,16016,-4168,301,7525,1962,822414
2026-05-19 20:18:20,lombar,17000,1388,-1400,8018,-529,-2213,1479869
2026-05-19 20:18:20,esterno,1624,16356,-4052,872,6806,2338,822436
2026-05-19 20:18:20,lombar,16332,2612,-1780,7538,-62,-2455,1479891
2026-05-19 20:18:20,esterno,1976,16352,-3148,1452,6507,2440,822458
2026-05-19 20:18:20,lombar,15432,3124,-1408,6805,463,-2864,1479913
2026-05-19 20:18:20,esterno,2172,15580,-2536,1287,6328,2448,822480
2026-05-19 20:18:20,lombar,15512,2720,-904,6478,250,-2937,1479935
2026-05-19 20:18:20,esterno,1744,14260,-3000,1077,5790,1827,822502
2026-05-19 20:18:20,lombar,16584,2296,-1228,6961,1482,-2783,1479957
2026-05-19 20:18:20,esterno,2948,14436,-3852,923,4345,1820,822524
2026-05-19 20:18:21,lombar,16604,3064,-1796,6900,2473,-1724,1479979
2026-05-19 20:18:21,esterno,4236,14956,-5128,523,3362,2431,822546
2026-05-19 20:18:21,lombar,17864,4276,-64,5817,1176,-754,1480001
2026-05-19 20:18:21,esterno,5100,16192,-5696,-6,1930,3078,822568
2026-05-19 20:18:21,esterno,4968,16668,-6480,226,1111,2319,822590
2026-05-19 20:18:21,lombar,17892,4624,388,3571,445,-322,1480023
2026-05-19 20:18:21,lombar,17584,3992,-644,2117,-457,-880,1480045
2026-05-19 20:18:21,lombar,16328,2880,-1412,1989,-679,-680,1480067
2026-05-19 20:18:21,esterno,4496,17248,-4756,674,1706,678,822612
2026-05-19 20:18:21,esterno,3660,16468,-3432,366,1754,-307,822634
2026-05-19 20:18:21,lombar,14916,2316,-2796,2740,-377,-223,1480089
2026-05-19 20:18:21,esterno,3584,15756,-3708,-382,1916,-551,822656
2026-05-19 20:18:21,lombar,15532,3408,-2312,3502,-482,724,1480111
2026-05-19 20:18:21,esterno,4072,15192,-4040,-1444,1780,-251,822678
2026-05-19 20:18:21,lombar,16100,4228,-1120,2574,-1795,1698,1480133
2026-05-19 20:18:21,esterno,4752,15380,-4108,-2332,1581,-313,822700
2026-05-19 20:18:21,lombar,15712,4428,-1020,1169,-2859,1762,1480155
2026-05-19 20:18:21,esterno,4516,15196,-3472,-2770,1467,-615,822722
2026-05-19 20:18:21,lombar,15300,4356,-1216,-129,-2772,1467,1480177
2026-05-19 20:18:21,esterno,4160,14612,-3636,-2839,1236,-960,822744
2026-05-19 20:18:21,lombar,14912,3712,-1640,-1012,-2030,1370,1480199
2026-05-19 20:18:21,esterno,3716,14248,-3684,-2823,994,-1073,822766
2026-05-19 20:18:21,lombar,15068,3856,-1620,-1186,-1534,1688,1480221
2026-05-19 20:18:21,esterno,3804,14472,-3196,-2789,-721,-931,822788
2026-05-19 20:18:21,lombar,15260,3416,-1428,-1266,-2296,2028,1480243
2026-05-19 20:18:21,esterno,4188,14440,-3928,-2781,-1106,-587,822810
2026-05-19 20:18:21,lombar,16116,2940,-1132,-1984,-3114,2090,1480265
2026-05-19 20:18:21,esterno,4392,15012,-4800,-3240,-593,-629,822832
2026-05-19 20:18:21,lombar,20504,680,-16,-3207,-3692,1158,1480287
2026-05-19 20:18:21,esterno,4272,17996,-6792,-3847,120,-729,822854
2026-05-19 20:18:21,lombar,20080,-2352,-2224,-2261,-3637,798,1480309
2026-05-19 20:18:21,esterno,2212,18572,-4124,-2714,671,-1379,822876
2026-05-19 20:18:21,lombar,17152,-2912,-3128,846,-795,1955,1480331
2026-05-19 20:18:21,esterno,768,17636,-632,-453,1147,-2733,822898
2026-05-19 20:18:21,lombar,16260,-100,-1984,605,185,2623,1480353
2026-05-19 20:18:21,esterno,324,17352,-276,-1563,1888,-2594,822920
2026-05-19 20:18:21,lombar,16100,1848,-2052,291,-394,2219,1480375
2026-05-19 20:18:21,esterno,832,16112,-2172,-3357,1215,-1236,822942
2026-05-19 20:18:21,lombar,16720,1832,-1868,505,-2460,768,1480397
2026-05-19 20:18:21,esterno,1956,14356,-3476,-3132,767,-799,822964
2026-05-19 20:18:21,lombar,16788,-120,-1056,455,-3683,92,1480419
2026-05-19 20:18:21,esterno,2444,14824,-3112,-1981,826,-508,822986
2026-05-19 20:18:21,lombar,16200,-880,-1560,-93,-2349,-42,1480441
2026-05-19 20:18:21,esterno,2180,15436,-3280,-2255,1611,-731,823008
2026-05-19 20:18:21,lombar,15936,-900,-1652,-195,-527,228,1480463
2026-05-19 20:18:21,esterno,1480,14836,-3236,-2641,2694,-1119,823030
2026-05-19 20:18:21,lombar,16244,-1816,-1704,334,-839,726,1480485
2026-05-19 20:18:21,esterno,832,14072,-3128,-1632,2727,-1204,823052
2026-05-19 20:18:21,lombar,16824,-2104,-1796,1422,-1219,737,1480507
2026-05-19 20:18:21,esterno,316,14048,-3268,-343,2702,-881,823074
2026-05-19 20:18:21,lombar,16840,-2048,-1316,2482,-1139,410,1480529
2026-05-19 20:18:21,esterno,-432,14712,-2244,36,3001,-1389,823096
2026-05-19 20:18:21,lombar,17112,-1768,-2452,3650,117,122,1480551
2026-05-19 20:18:21,esterno,148,15520,-1904,539,3001,-1105,823118
2026-05-19 20:18:21,lombar,16664,-1492,-1996,3964,1919,60,1480573
2026-05-19 20:18:21,esterno,448,15912,-1916,388,3073,-783,823140
2026-05-19 20:18:21,lombar,16752,-1260,-2468,3347,1737,182,1480595
2026-05-19 20:18:21,esterno,428,16488,-2108,489,3170,-538,823162
2026-05-19 20:18:21,lombar,16636,-1056,-2180,2523,157,97,1480617
2026-05-19 20:18:21,esterno,-84,16284,-1620,953,3197,-823,823184
2026-05-19 20:18:21,lombar,16776,-1520,-2144,2371,-453,-251,1480639
2026-05-19 20:18:21,esterno,-388,16140,-1796,821,3230,-834,823206
2026-05-19 20:18:21,lombar,16864,-1736,-2068,3007,669,-512,1480661
2026-05-19 20:18:21,esterno,-224,15752,-2092,806,3278,-713,823228
2026-05-19 20:18:21,lombar,16864,-1332,-2176,3357,1803,-409,1480683
2026-05-19 20:18:21,esterno,-112,15320,-2368,1323,3140,-542,823250
2026-05-19 20:18:21,lombar,16684,-1108,-1828,3419,1982,-529,1480705
2026-05-19 20:18:21,esterno,176,14932,-2904,1333,3194,-460,823272
2026-05-19 20:18:21,lombar,16708,-744,-1408,3462,1144,-866,1480727
2026-05-19 20:18:21,esterno,532,14328,-3324,1754,3903,-427,823294
2026-05-19 20:18:21,lombar,16988,-436,-1832,3411,1136,-999,1480749
2026-05-19 20:18:21,esterno,996,14872,-2032,2755,3775,-257,823316
2026-05-19 20:18:21,lombar,16920,-280,-1408,3412,1678,-1115,1480771
2026-05-19 20:18:21,esterno,1036,15848,-2168,2913,3255,57,823338
2026-05-19 20:18:21,lombar,16876,-272,-1792,3547,2025,-1210,1480793
2026-05-19 20:18:21,esterno,820,15960,-2640,2948,3658,-134,823360
2026-05-19 20:18:21,lombar,16632,-40,-2388,3342,2805,-1084,1480815
2026-05-19 20:18:21,esterno,752,16144,-2848,3102,3261,-134,823382
2026-05-19 20:18:21,lombar,16284,560,-1772,3471,2660,-959,1480837
2026-05-19 20:18:21,esterno,852,16320,-2764,3154,2927,42,823404
2026-05-19 20:18:21,lombar,16788,428,-1944,3475,1045,-841,1480859
2026-05-19 20:18:21,esterno,1128,16612,-2540,2748,2502,-118,823426
2026-05-19 20:18:21,lombar,16668,1136,-1688,3016,1487,-320,1480881
2026-05-19 20:18:21,esterno,1540,16336,-2576,2146,2108,-128,823448
2026-05-19 20:18:21,lombar,16416,1456,-1272,2276,1754,209,1480903
2026-05-19 20:18:21,esterno,1684,16064,-3172,2271,1861,-203,823470
2026-05-19 20:18:21,lombar,16536,2288,-1548,2092,2189,-110,1480925
2026-05-19 20:18:21,esterno,1552,15796,-3716,2164,1149,-8,823492
2026-05-19 20:18:21,lombar,16468,1864,-816,1245,2103,-146,1480947
2026-05-19 20:18:21,esterno,1424,15560,-3748,1973,208,54,823514
2026-05-19 20:18:22,lombar,16396,1588,-892,227,1762,252,1480969
2026-05-19 20:18:22,esterno,1352,15532,-3752,1778,-487,-4,823536
2026-05-19 20:18:22,lombar,16420,1968,-1128,-628,1314,726,1480991
2026-05-19 20:18:22,esterno,1260,15688,-3696,1448,-864,-92,823558
2026-05-19 20:18:22,lombar,16188,2064,-736,-2152,1582,782,1481013
2026-05-19 20:18:22,esterno,1156,16056,-3688,982,-1593,-186,823580
2026-05-19 20:18:22,lombar,16376,1576,-1152,-2739,1269,912,1481035
2026-05-19 20:18:22,esterno,1244,16264,-3832,643,-2595,5,823602
2026-05-19 20:18:22,lombar,16620,1116,-992,-3110,612,1047,1481057
2026-05-19 20:18:22,esterno,872,16164,-3656,399,-3137,0,823624
2026-05-19 20:18:22,lombar,16628,768,-804,-3413,594,1227,1481079
2026-05-19 20:18:22,esterno,836,16144,-3496,-47,-3642,64,823646
2026-05-19 20:18:22,lombar,16468,832,-652,-3509,629,1214,1481101
2026-05-19 20:18:22,esterno,1364,16140,-4136,-299,-4179,382,823668
2026-05-19 20:18:22,lombar,16440,636,-968,-3473,308,1167,1481123
2026-05-19 20:18:22,esterno,1632,16244,-4048,-431,-4402,475,823690
2026-05-19 20:18:22,lombar,16388,652,-788,-3333,-257,1012,1481145
2026-05-19 20:18:22,esterno,1636,16224,-4076,-840,-4432,460,823712
2026-05-19 20:18:22,lombar,16248,476,-588,-3521,-368,958,1481167
2026-05-19 20:18:22,esterno,1580,16024,-4508,-1174,-4171,536,823734
2026-05-19 20:18:22,lombar,16360,296,-504,-3594,-547,915,1481189
2026-05-19 20:18:22,esterno,1500,15868,-4580,-1256,-3988,640,823756
2026-05-19 20:18:22,lombar,16256,408,-312,-3375,-824,633,1481211
2026-05-19 20:18:22,esterno,1580,15800,-4332,-1333,-3946,797,823778
2026-05-19 20:18:22,lombar,16276,256,-172,-2974,-1122,529,1481233
2026-05-19 20:18:22,esterno,1592,15556,-4344,-1507,-3599,875,823800
2026-05-19 20:18:22,lombar,16268,-168,-416,-2759,-1193,354,1481255
2026-05-19 20:18:22,esterno,1468,15328,-4808,-1530,-3148,739,823822
2026-05-19 20:18:22,lombar,16360,-348,-148,-2260,-1327,335,1481277
2026-05-19 20:18:22,lombar,16604,-488,-400,-1544,-1467,310,1481299
2026-05-19 20:18:22,esterno,1716,15508,-5272,-1676,-2104,732,823844
2026-05-19 20:18:22,esterno,2064,15524,-4584,-1716,-2487,1029,823866
2026-05-19 20:18:22,lombar,16696,-244,-256,-995,-1236,229,1481321
2026-05-19 20:18:22,esterno,1864,15704,-4404,-1543,-2074,1225,823888
2026-05-19 20:18:22,lombar,16732,-328,-332,-619,-1602,308,1481343
2026-05-19 20:18:22,esterno,1812,15572,-4028,-1296,-1289,1158,823910
2026-05-19 20:18:22,lombar,16768,-172,-424,-447,-1675,332,1481365
2026-05-19 20:18:22,esterno,1824,15324,-4084,-1184,-687,800,823932
2026-05-19 20:18:22,lombar,16652,140,-940,-264,-1376,299,1481387
2026-05-19 20:18:22,esterno,1744,15512,-3732,-1093,-118,730,823954
2026-05-19 20:18:22,lombar,16728,152,-508,-297,-1136,266,1481409
2026-05-19 20:18:22,esterno,1544,15452,-3632,-1218,154,805,823976
2026-05-19 20:18:22,lombar,16756,-48,-648,-316,-1005,407,1481431
2026-05-19 20:18:22,esterno,1496,15532,-3588,-1074,241,563,823998
2026-05-19 20:18:22,lombar,16480,28,-848,-410,-670,465,1481453
2026-05-19 20:18:22,esterno,1436,15716,-3696,-912,534,416,824020
2026-05-19 20:18:22,lombar,16636,-124,-548,-228,-1264,451,1481475
2026-05-19 20:18:22,esterno,1416,15684,-3444,-1248,602,529,824042
2026-05-19 20:18:22,lombar,16724,-28,-648,44,-1508,297,1481497
2026-05-19 20:18:22,esterno,1360,15696,-3472,-1291,647,336,824064
2026-05-19 20:18:22,lombar,16720,-188,-1264,263,-745,326,1481519
2026-05-19 20:18:22,esterno,1540,15768,-3808,-1610,1207,287,824086
2026-05-19 20:18:22,lombar,16664,28,-832,444,-637,324,1481541
2026-05-19 20:18:22,esterno,1512,15768,-3596,-1493,1309,226,824108
2026-05-19 20:18:22,lombar,16796,0,-1400,396,-717,208,1481563
2026-05-19 20:18:22,esterno,1896,16140,-3144,-1426,1191,472,824130
2026-05-19 20:18:22,lombar,16688,-40,-1068,945,-1174,136,1481585
2026-05-19 20:18:22,esterno,2092,16204,-2884,-1547,1568,578,824152
2026-05-19 20:18:22,lombar,16752,28,-1060,955,-1091,260,1481607
2026-05-19 20:18:22,esterno,1472,16012,-2904,-1904,1709,159,824174
2026-05-19 20:18:22,lombar,16596,80,-1052,927,-963,308,1481629
2026-05-19 20:18:22,esterno,1528,15484,-3460,-1617,1746,-147,824196
2026-05-19 20:18:22,lombar,16580,324,-936,1080,-618,276,1481651
2026-05-19 20:18:22,esterno,1876,15740,-2692,-1340,1570,34,824218
2026-05-19 20:18:22,lombar,16712,400,-1020,1136,-1011,205,1481673
2026-05-19 20:18:22,esterno,2196,15996,-2728,-1775,1636,55,824240
2026-05-19 20:18:22,lombar,16720,488,-960,1103,-1089,391,1481695
2026-05-19 20:18:22,esterno,1708,15648,-3244,-2043,1784,-95,824262
2026-05-19 20:18:22,lombar,16968,280,-948,1074,-764,387,1481717
2026-05-19 20:18:22,esterno,1340,14892,-3244,-1544,1565,-354,824284
2026-05-19 20:18:22,lombar,16792,192,-1088,995,-768,425,1481739
2026-05-19 20:18:22,esterno,1592,15000,-2592,-1179,1390,-578,824306
2026-05-19 20:18:22,lombar,17000,140,-1092,1254,-409,404,1481761
2026-05-19 20:18:22,esterno,1540,15264,-2124,-1073,1509,-825,824328
2026-05-19 20:18:22,lombar,17060,136,-1160,1174,247,398,1481783
2026-05-19 20:18:22,esterno,1340,15608,-2068,-760,1280,-954,824350
2026-05-19 20:18:22,lombar,16804,268,-1036,885,605,525,1481805
2026-05-19 20:18:22,esterno,1252,15576,-2716,-328,1232,-1098,824372
2026-05-19 20:18:22,lombar,16868,396,-1384,667,678,562,1481827
2026-05-19 20:18:22,esterno,1280,15664,-1792,-273,1105,-1180,824394
2026-05-19 20:18:22,lombar,16776,244,-952,487,590,576,1481849
2026-05-19 20:18:22,esterno,1556,16288,-1840,-243,399,-862,824416
2026-05-19 20:18:22,lombar,16704,-88,-848,661,202,632,1481871
2026-05-19 20:18:22,esterno,1516,16376,-2232,-134,666,-701,824438
2026-05-19 20:18:22,lombar,16760,180,-768,810,460,677,1481893
2026-05-19 20:18:22,esterno,1296,16020,-2556,-240,1006,-682,824460
2026-05-19 20:18:22,lombar,16708,328,-660,848,619,699,1481915
2026-05-19 20:18:22,esterno,1028,15812,-3224,-185,864,-741,824482
2026-05-19 20:18:22,lombar,16920,444,-488,642,324,651,1481937
2026-05-19 20:18:22,esterno,896,15580,-3004,-45,789,-600,824504
2026-05-19 20:18:22,lombar,16720,232,-420,396,232,549,1481959
2026-05-19 20:18:23,esterno,856,15716,-2688,100,344,-187,824526
2026-05-19 20:18:23,lombar,16508,340,-292,214,434,459,1481981
2026-05-19 20:18:23,esterno,884,15452,-2852,482,205,-62,824548
2026-05-19 20:18:23,lombar,16556,316,-368,143,458,459,1482003
2026-05-19 20:18:23,esterno,732,15568,-2772,514,67,-199,824570
2026-05-19 20:18:23,lombar,16464,92,-244,-21,446,402,1482025
2026-05-19 20:18:23,esterno,780,15744,-2932,13,-163,-148,824592
2026-05-19 20:18:23,lombar,16628,176,-572,-378,323,384,1482047
2026-05-19 20:18:23,esterno,1088,15756,-3220,-330,-315,-12,824614
2026-05-19 20:18:23,lombar,16764,252,-384,-477,-71,303,1482069
2026-05-19 20:18:23,esterno,1356,15916,-2868,-187,-177,123,824636
2026-05-19 20:18:23,lombar,16552,28,-652,-405,-118,288,1482091
2026-05-19 20:18:23,esterno,1356,15932,-2640,52,-140,75,824658
2026-05-19 20:18:23,lombar,16608,-224,-916,-334,-124,354,1482113
2026-05-19 20:18:23,esterno,1420,15832,-2656,-125,-204,89,824680
2026-05-19 20:18:23,lombar,16624,-180,-740,-371,-338,324,1482135
2026-05-19 20:18:23,esterno,1108,15836,-2480,-369,33,94,824702
2026-05-19 20:18:23,lombar,16808,-176,-508,-391,-465,329,1482157
2026-05-19 20:18:23,esterno,1060,15744,-2600,-354,-104,224,824724
2026-05-19 20:18:23,lombar,16676,-84,-824,-36,-232,249,1482179
2026-05-19 20:18:23,esterno,1324,15804,-2660,-74,-203,380,824746
2026-05-19 20:18:23,lombar,16552,-164,-532,-118,-98,232,1482201
2026-05-19 20:18:23,esterno,1316,15960,-2452,107,-106,417,824768
2026-05-19 20:18:23,lombar,16676,-16,-784,-11,-483,329,1482223
2026-05-19 20:18:23,esterno,1232,16052,-2412,21,-146,336,824790
2026-05-19 20:18:23,lombar,16600,-112,-760,-74,-427,305,1482245
2026-05-19 20:18:23,esterno,1156,16116,-2584,-85,-233,458,824812
2026-05-19 20:18:23,lombar,16664,96,-856,-65,-271,252,1482267
2026-05-19 20:18:23,esterno,1188,16000,-2532,-120,-322,492,824834
2026-05-19 20:18:23,lombar,16636,52,-948,76,-196,223,1482289
2026-05-19 20:18:23,esterno,1360,15964,-2644,-259,-354,467,824856
2026-05-19 20:18:23,lombar,16664,132,-764,101,-584,181,1482311
2026-05-19 20:18:23,esterno,1404,15796,-2472,-324,-377,465,824878
2026-05-19 20:18:23,lombar,16752,224,-752,161,-396,179,1482333
2026-05-19 20:18:23,esterno,1536,15796,-2644,-166,-262,494,824900
2026-05-19 20:18:23,lombar,16548,124,-844,-96,-356,137,1482355
2026-05-19 20:18:23,esterno,1428,15848,-2904,-15,244,370,824922
2026-05-19 20:18:23,lombar,16604,348,-668,-50,-527,155,1482377
2026-05-19 20:18:23,esterno,1636,15944,-2224,-173,-423,332,824944
2026-05-19 20:18:23,lombar,16776,88,-864,-139,-765,170,1482399
2026-05-19 20:18:23,esterno,1428,15844,-2328,-454,-605,491,824966
2026-05-19 20:18:23,lombar,16704,112,-504,32,-544,239,1482421
2026-05-19 20:18:23,esterno,1252,15744,-2536,-321,-336,504,824988
2026-05-19 20:18:23,lombar,16716,192,-816,-41,-233,334,1482443
2026-05-19 20:18:23,esterno,1424,15724,-2804,-99,-374,265,825010
2026-05-19 20:18:23,lombar,16904,264,-656,-137,-465,410,1482465
2026-05-19 20:18:23,esterno,1632,15704,-2796,-19,-351,9,825032
2026-05-19 20:18:23,lombar,16864,160,-840,-255,-626,356,1482487
2026-05-19 20:18:23,esterno,1516,15864,-2880,-137,-321,31,825054
2026-05-19 20:18:23,lombar,16632,188,-720,-131,-409,375,1482509
2026-05-19 20:18:23,esterno,1472,15552,-2612,-138,-400,-1,825076
2026-05-19 20:18:23,lombar,16728,80,-760,-111,-232,374,1482531
2026-05-19 20:18:23,esterno,1556,15348,-2868,60,-277,-107,825098
2026-05-19 20:18:23,lombar,16800,28,-436,-34,-319,279,1482553
2026-05-19 20:18:23,esterno,1480,15368,-2652,245,-211,-265,825120
2026-05-19 20:18:23,lombar,16956,68,-840,-41,-420,317,1482575
2026-05-19 20:18:23,esterno,1544,15592,-2456,279,-247,-335,825142
2026-05-19 20:18:23,lombar,16808,116,-900,-151,96,404,1482597
2026-05-19 20:18:23,esterno,1624,15768,-2688,199,-81,-239,825164
2026-05-19 20:18:23,lombar,16768,344,-644,-164,198,462,1482619
2026-05-19 20:18:23,esterno,1448,15712,-2856,421,-110,-83,825186
2026-05-19 20:18:23,lombar,16720,4,-972,-255,58,418,1482641
2026-05-19 20:18:23,esterno,1352,15836,-2840,603,-173,-163,825208
2026-05-19 20:18:23,lombar,16612,24,-992,55,139,313,1482663
2026-05-19 20:18:23,esterno,1532,15916,-2628,684,-60,-262,825230
2026-05-19 20:18:23,lombar,16736,348,-708,-101,156,414,1482685
2026-05-19 20:18:23,esterno,1436,16256,-2188,509,8,-243,825252
2026-05-19 20:18:23,lombar,16644,76,-688,-47,48,382,1482707
2026-05-19 20:18:23,esterno,1396,16012,-2628,180,-35,-144,825274
2026-05-19 20:18:23,lombar,16712,48,-652,64,176,260,1482729
2026-05-19 20:18:23,esterno,1464,15628,-2896,170,46,-118,825296
2026-05-19 20:18:23,lombar,16724,244,-744,175,136,279,1482751
2026-05-19 20:18:23,esterno,1428,15832,-2880,426,105,-145,825318
2026-05-19 20:18:23,lombar,16628,304,-556,293,16,213,1482773
2026-05-19 20:18:23,esterno,1360,15872,-2956,485,28,-122,825340
2026-05-19 20:18:23,lombar,16688,216,-448,193,-221,198,1482795
2026-05-19 20:18:23,esterno,1428,15768,-3156,406,219,-111,825362
2026-05-19 20:18:23,lombar,16704,252,-292,222,-226,163,1482817
2026-05-19 20:18:23,esterno,1308,15768,-3112,420,221,-87,825384
2026-05-19 20:18:23,lombar,16824,240,-384,267,-324,212,1482839
2026-05-19 20:18:23,esterno,1304,15844,-2992,570,67,-27,825406
2026-05-19 20:18:23,lombar,16720,172,-324,478,-568,203,1482861
2026-05-19 20:18:23,esterno,1396,15644,-3056,529,-88,-90,825428
2026-05-19 20:18:23,lombar,16732,-12,-672,504,-427,95,1482883
2026-05-19 20:18:23,esterno,1576,15384,-3352,764,307,-177,825450
2026-05-19 20:18:23,lombar,16568,-72,-788,561,-307,93,1482905
2026-05-19 20:18:23,esterno,1584,15520,-3496,1111,977,-166,825472
2026-05-19 20:18:23,lombar,16668,304,-852,506,-11,33,1482927
2026-05-19 20:18:23,esterno,1988,15848,-3236,1139,296,32,825494
2026-05-19 20:18:23,lombar,16668,452,-168,212,-277,153,1482949
2026-05-19 20:18:23,esterno,1440,15816,-3204,946,179,184,825516
2026-05-19 20:18:23,lombar,16756,376,-772,188,-345,150,1482971
2026-05-19 20:18:24,esterno,1168,15604,-3168,1011,418,-32,825538
2026-05-19 20:18:24,lombar,16752,144,-784,-67,134,150,1482993
2026-05-19 20:18:24,esterno,1204,15768,-3376,1162,267,-128,825560
2026-05-19 20:18:24,lombar,16728,292,-664,104,262,196,1483015
2026-05-19 20:18:24,esterno,1312,15908,-3320,1029,383,45,825582
2026-05-19 20:18:24,lombar,16764,252,-628,-23,-81,209,1483037
2026-05-19 20:18:24,esterno,1112,16088,-3084,703,371,-28,825604
2026-05-19 20:18:24,lombar,16728,284,-476,108,-184,125,1483059
2026-05-19 20:18:24,esterno,1180,15904,-3308,679,298,-194,825626
2026-05-19 20:18:24,lombar,16660,200,-548,154,215,155,1483081
2026-05-19 20:18:24,esterno,1188,15600,-3548,672,371,-453,825648
2026-05-19 20:18:24,lombar,16564,240,-428,308,31,210,1483103
2026-05-19 20:18:24,esterno,1196,15624,-3740,436,329,-471,825670
2026-05-19 20:18:24,lombar,16636,300,-316,313,-216,230,1483125
2026-05-19 20:18:24,esterno,1288,15600,-3560,526,63,-304,825692
2026-05-19 20:18:24,lombar,16632,292,-328,131,-233,259,1483147
2026-05-19 20:18:24,esterno,1376,15500,-3780,531,227,-245,825714
2026-05-19 20:18:24,lombar,16624,368,-480,104,-63,334,1483169
2026-05-19 20:18:24,esterno,1288,15600,-4168,351,277,-318,825736
2026-05-19 20:18:24,lombar,16672,308,-640,35,-185,285,1483191
2026-05-19 20:18:24,esterno,1404,15860,-3804,428,129,-248,825758
2026-05-19 20:18:24,lombar,16656,212,-668,46,-319,296,1483213
2026-05-19 20:18:24,esterno,1580,15824,-3996,547,245,-112,825780
2026-05-19 20:18:24,lombar,16572,180,-600,22,-184,420,1483235
2026-05-19 20:18:24,esterno,1364,16016,-3380,413,323,-208,825802
2026-05-19 20:18:24,lombar,16680,220,-620,86,-315,410,1483257
2026-05-19 20:18:24,esterno,1248,15980,-3548,187,179,-215,825824
2026-05-19 20:18:24,lombar,16660,252,-500,21,-326,393,1483279
2026-05-19 20:18:24,esterno,1168,15764,-3612,121,143,-194,825846
2026-05-19 20:18:24,lombar,16632,320,-468,149,-381,349,1483301
2026-05-19 20:18:24,esterno,1124,15744,-3756,96,184,-132,825868
2026-05-19 20:18:24,lombar,16740,272,-340,211,-427,328,1483323
2026-05-19 20:18:24,esterno,1236,15632,-4084,153,324,-130,825890
2026-05-19 20:18:24,lombar,16768,256,-548,201,-456,342,1483345
2026-05-19 20:18:24,esterno,1240,15712,-3924,226,335,-185,825912
2026-05-19 20:18:24,lombar,16656,284,-492,248,-500,338,1483367
2026-05-19 20:18:24,esterno,1384,15620,-3972,231,338,-126,825934
2026-05-19 20:18:24,lombar,16572,360,-276,249,-453,328,1483389
2026-05-19 20:18:24,esterno,1248,15680,-3736,257,345,-75,825956
2026-05-19 20:18:24,lombar,16672,152,-488,139,-532,329,1483411
2026-05-19 20:18:24,esterno,1132,15664,-3532,206,257,-89,825978
2026-05-19 20:18:24,lombar,16692,84,-464,241,-639,299,1483433
2026-05-19 20:18:24,esterno,1220,15560,-3832,254,304,-17,826000
2026-05-19 20:18:24,lombar,16848,232,-604,361,-610,219,1483455
2026-05-19 20:18:24,esterno,1304,15472,-4308,398,873,-111,826022
2026-05-19 20:18:24,lombar,16608,272,-508,360,-573,396,1483477
2026-05-19 20:18:24,esterno,1264,15636,-3664,283,466,-267,826044
2026-05-19 20:18:24,lombar,16628,132,-480,247,-825,330,1483499
2026-05-19 20:18:24,esterno,1176,15704,-3832,204,-121,-144,826066
2026-05-19 20:18:24,lombar,16796,204,-536,302,-803,311,1483521
2026-05-19 20:18:24,esterno,1088,15280,-4304,415,605,-84,826088
2026-05-19 20:18:24,lombar,16840,200,-572,67,-554,307,1483543
2026-05-19 20:18:24,esterno,1028,15360,-4024,648,717,-347,826110
2026-05-19 20:18:24,lombar,16656,144,-852,-3,-758,327,1483565
2026-05-19 20:18:24,esterno,1160,15712,-4044,672,647,-391,826132
2026-05-19 20:18:24,lombar,16680,104,-888,149,-758,247,1483587
2026-05-19 20:18:24,esterno,972,15752,-3700,328,702,-384,826154
2026-05-19 20:18:24,lombar,16620,88,-740,298,-442,92,1483609
2026-05-19 20:18:24,esterno,848,15644,-3848,272,635,-162,826176
2026-05-19 20:18:24,lombar,16680,-52,-1072,450,-461,119,1483631
2026-05-19 20:18:24,esterno,1168,15472,-4160,488,642,-152,826198
2026-05-19 20:18:24,lombar,16560,80,-1116,492,-522,116,1483653
2026-05-19 20:18:24,esterno,1304,15496,-4048,461,678,-111,826220
2026-05-19 20:18:24,lombar,16768,244,-932,570,-250,189,1483675
2026-05-19 20:18:24,esterno,1288,15732,-4132,227,729,-160,826242
2026-05-19 20:18:24,lombar,16740,280,-1072,699,-144,79,1483697
2026-05-19 20:18:24,esterno,1280,15864,-4084,-40,685,-112,826264
2026-05-19 20:18:24,lombar,16740,384,-872,544,-26,27,1483719
2026-05-19 20:18:24,esterno,1088,15468,-4532,-114,744,-27,826286
2026-05-19 20:18:24,esterno,1100,15336,-4312,123,495,121,826308
2026-05-19 20:18:24,lombar,16716,464,-880,561,-198,52,1483741
2026-05-19 20:18:24,lombar,16708,412,-596,489,-358,163,1483763
2026-05-19 20:18:24,esterno,1264,15416,-4120,629,393,137,826330
2026-05-19 20:18:24,lombar,16616,292,-652,465,-269,165,1483785
2026-05-19 20:18:24,esterno,1192,15732,-3960,501,505,-46,826352
2026-05-19 20:18:24,lombar,16660,416,-756,385,-37,249,1483807
2026-05-19 20:18:24,esterno,1076,15624,-4312,21,355,-78,826374
2026-05-19 20:18:24,lombar,16588,508,-720,423,-106,154,1483829
2026-05-19 20:18:24,lombar,16696,344,-692,323,-344,239,1483851
2026-05-19 20:18:24,esterno,1044,15300,-4608,135,225,-8,826396
2026-05-19 20:18:24,esterno,1108,15376,-4244,313,79,106,826418
2026-05-19 20:18:24,lombar,16736,404,-980,111,-266,385,1483873
2026-05-19 20:18:24,esterno,1152,15700,-4124,282,-37,138,826440
2026-05-19 20:18:24,lombar,16872,448,-828,33,-292,390,1483895
2026-05-19 20:18:24,esterno,1144,15736,-3988,338,56,-19,826462
2026-05-19 20:18:24,lombar,16648,288,-828,70,-207,408,1483917
2026-05-19 20:18:24,esterno,1176,15840,-4196,131,156,-154,826484
2026-05-19 20:18:24,lombar,16868,356,-828,39,-229,347,1483939
2026-05-19 20:18:24,lombar,16732,216,-1232,324,236,394,1483961
2026-05-19 20:18:24,esterno,1332,15632,-4188,-5,151,-23,826506
2026-05-19 20:18:25,esterno,1316,15480,-3824,294,162,83,826528
2026-05-19 20:18:25,lombar,16972,176,-416,317,302,400,1483983
2026-05-19 20:18:25,esterno,1156,15488,-3860,923,251,-20,826550
2026-05-19 20:18:25,lombar,16676,80,-992,213,544,453,1484005
2026-05-19 20:18:25,esterno,800,15408,-4560,416,927,-361,826572
2026-05-19 20:18:25,lombar,16732,296,-736,263,635,504,1484027
2026-05-19 20:18:25,esterno,876,15348,-4628,-134,149,-260,826594
2026-05-19 20:18:25,lombar,16668,292,-664,401,50,459,1484049
2026-05-19 20:18:25,esterno,1048,15552,-4740,425,-100,-185,826616
2026-05-19 20:18:25,lombar,16824,420,-680,525,339,452,1484071
2026-05-19 20:18:25,esterno,892,15280,-4388,628,181,-397,826638
2026-05-19 20:18:25,lombar,16672,560,-476,348,789,546,1484093
2026-05-19 20:18:25,esterno,1160,15268,-4744,436,194,-606,826660
2026-05-19 20:18:25,lombar,16604,344,-424,188,344,459,1484115
2026-05-19 20:18:25,esterno,1380,15448,-4660,566,222,-557,826682
2026-05-19 20:18:25,lombar,16664,372,-536,101,199,576,1484137
2026-05-19 20:18:25,esterno,1196,15720,-4240,429,24,-422,826704
2026-05-19 20:18:25,lombar,16436,320,-572,92,313,518,1484159
2026-05-19 20:18:25,esterno,936,15712,-4476,272,65,-344,826726
2026-05-19 20:18:25,lombar,16684,352,-500,127,330,593,1484181
2026-05-19 20:18:25,esterno,1148,15680,-4868,233,335,-378,826748
2026-05-19 20:18:25,lombar,16600,196,-648,135,200,578,1484203
2026-05-19 20:18:25,esterno,1264,15500,-4420,398,172,-438,826770
2026-05-19 20:18:25,lombar,16680,244,-636,142,384,446,1484225
2026-05-19 20:18:25,esterno,956,15688,-4280,383,276,-456,826792
2026-05-19 20:18:25,lombar,16792,132,-484,31,384,502,1484247
2026-05-19 20:18:25,esterno,960,15896,-4520,-41,441,-340,826814
2026-05-19 20:18:25,lombar,16596,140,-328,219,281,592,1484269
2026-05-19 20:18:25,esterno,964,15608,-4772,-193,417,-345,826836
2026-05-19 20:18:25,lombar,16620,100,-432,163,309,591,1484291
2026-05-19 20:18:25,esterno,768,15640,-4792,-240,361,-322,826858
2026-05-19 20:18:25,lombar,16772,272,-384,238,-13,611,1484313
2026-05-19 20:18:25,esterno,848,15612,-4776,-206,379,-290,826880
2026-05-19 20:18:25,lombar,16632,136,-688,153,-52,629,1484335
2026-05-19 20:18:25,esterno,828,15556,-4300,-398,555,-391,826902
2026-05-19 20:18:25,lombar,16716,252,-372,318,29,588,1484357
2026-05-19 20:18:25,esterno,812,15336,-4680,-965,486,-363,826924
2026-05-19 20:18:25,lombar,16576,208,-340,332,-299,552,1484379
2026-05-19 20:18:25,esterno,836,15444,-4552,-702,273,-291,826946
2026-05-19 20:18:25,lombar,16676,284,-368,157,-347,529,1484401
2026-05-19 20:18:25,esterno,1100,15896,-4516,-577,254,-183,826968
2026-05-19 20:18:25,lombar,16732,256,-248,204,-256,613,1484423
2026-05-19 20:18:25,esterno,1104,15788,-4132,-570,339,-321,826990
2026-05-19 20:18:25,lombar,16624,100,-420,241,-262,530,1484445
2026-05-19 20:18:25,esterno,772,15652,-4376,-415,433,-388,827012
2026-05-19 20:18:25,lombar,16800,184,-188,287,-341,426,1484467
2026-05-19 20:18:25,esterno,520,15480,-4460,-433,243,-273,827034
2026-05-19 20:18:25,lombar,16632,376,-284,238,-377,484,1484489
2026-05-19 20:18:25,esterno,712,15424,-4320,-420,169,-221,827056
2026-05-19 20:18:25,lombar,16836,360,-256,191,-380,479,1484511
2026-05-19 20:18:25,esterno,1056,15488,-4064,-318,30,-286,827078
2026-05-19 20:18:25,lombar,16728,352,-512,28,-266,410,1484533
2026-05-19 20:18:25,esterno,888,15488,-4764,-26,392,-319,827100
2026-05-19 20:18:25,lombar,16724,272,-572,-182,-61,340,1484555
2026-05-19 20:18:25,esterno,788,15360,-4416,-427,610,-262,827122
2026-05-19 20:18:25,lombar,16804,176,-276,77,-316,209,1484577
2026-05-19 20:18:25,esterno,920,15612,-4440,-420,-181,95,827144
2026-05-19 20:18:25,lombar,16868,56,-404,314,-458,194,1484599
2026-05-19 20:18:25,esterno,1108,15816,-4380,-145,-120,240,827166
2026-05-19 20:18:25,lombar,16668,-16,-404,676,-57,232,1484621
2026-05-19 20:18:25,esterno,1168,15528,-4648,-216,579,266,827188
2026-05-19 20:18:25,lombar,16476,104,-312,1001,-10,86,1484643
2026-05-19 20:18:25,esterno,1332,15276,-4952,-53,681,404,827210
2026-05-19 20:18:25,lombar,16644,328,-392,1192,-164,-156,1484665
2026-05-19 20:18:25,esterno,1380,15544,-4876,21,922,587,827232
2026-05-19 20:18:25,lombar,16520,16,-288,1183,-193,0,1484687
2026-05-19 20:18:25,esterno,1368,15916,-4576,-332,1037,753,827254
2026-05-19 20:18:25,lombar,16796,216,-572,1378,-208,-223,1484709
2026-05-19 20:18:25,esterno,1420,15844,-4472,-203,1290,635,827276
2026-05-19 20:18:25,lombar,16620,208,-432,1606,-367,-242,1484731
2026-05-19 20:18:25,esterno,1444,15724,-4352,-59,1583,541,827298
2026-05-19 20:18:25,lombar,16656,460,-176,1446,-401,-160,1484753
2026-05-19 20:18:25,esterno,1220,15476,-4328,-331,1575,613,827320
2026-05-19 20:18:25,lombar,16636,412,-372,1221,-424,-145,1484775
2026-05-19 20:18:25,esterno,1024,15404,-4476,-381,1406,585,827342
2026-05-19 20:18:25,lombar,16884,332,-392,1119,-385,-127,1484797
2026-05-19 20:18:25,esterno,1140,15496,-4536,-485,1583,432,827364
2026-05-19 20:18:25,lombar,16824,396,-328,1182,-467,-92,1484819
2026-05-19 20:18:25,esterno,988,15532,-4172,-319,1514,208,827386
2026-05-19 20:18:25,lombar,16732,420,-104,956,-65,-61,1484841
2026-05-19 20:18:25,esterno,1208,15376,-4428,-227,1458,218,827408
2026-05-19 20:18:25,lombar,16800,388,-160,826,-36,-71,1484863
2026-05-19 20:18:25,esterno,964,15452,-4392,-230,1454,121,827430
2026-05-19 20:18:25,lombar,16716,284,-156,631,-136,131,1484885
2026-05-19 20:18:25,esterno,788,15484,-4292,-307,1173,58,827452
2026-05-19 20:18:25,lombar,16696,364,-284,723,-105,197,1484907
2026-05-19 20:18:25,esterno,780,15484,-4276,-385,882,-30,827474
2026-05-19 20:18:25,lombar,16620,516,-20,619,9,232,1484929
2026-05-19 20:18:25,esterno,788,15568,-4340,-426,677,-43,827496
2026-05-19 20:18:25,lombar,16636,368,-60,449,-211,330,1484951
2026-05-19 20:18:25,esterno,896,15712,-4244,-481,426,-87,827518
2026-05-19 20:18:25,lombar,16688,404,8,368,-369,585,1484973
2026-05-19 20:18:26,esterno,960,15568,-4476,-671,278,-121,827540
2026-05-19 20:18:26,lombar,16592,240,-260,234,-359,588,1484995
2026-05-19 20:18:26,esterno,1104,15692,-4724,-741,325,-191,827562
2026-05-19 20:18:26,lombar,16492,420,-64,247,-500,637,1485017
2026-05-19 20:18:26,esterno,1212,15612,-4608,-772,281,-127,827584
2026-05-19 20:18:26,lombar,16696,320,-48,169,-476,444,1485039
2026-05-19 20:18:26,esterno,1280,15032,-4396,-620,168,-150,827606
2026-05-19 20:18:26,lombar,16728,228,-312,91,-619,357,1485061
2026-05-19 20:18:26,esterno,1440,15328,-4124,-77,363,-161,827628
2026-05-19 20:18:26,lombar,16776,388,-120,-27,-338,460,1485083
2026-05-19 20:18:26,esterno,1452,15592,-4412,24,953,-129,827650
2026-05-19 20:18:26,lombar,16800,332,-500,13,-312,336,1485105
2026-05-19 20:18:26,esterno,1056,15512,-4152,-145,1272,-216,827672
2026-05-19 20:18:26,lombar,16876,212,-256,-35,-268,190,1485127
2026-05-19 20:18:26,esterno,1128,15660,-4220,-296,538,-30,827694
2026-05-19 20:18:26,lombar,16696,72,-464,92,-347,-34,1485149
2026-05-19 20:18:26,esterno,920,15904,-4044,-169,422,395,827716
2026-05-19 20:18:26,lombar,16696,132,-416,163,15,-57,1485171
2026-05-19 20:18:26,esterno,900,15732,-3996,25,711,668,827738
2026-05-19 20:18:26,lombar,16752,320,-624,284,47,-65,1485193
2026-05-19 20:18:26,esterno,1060,15576,-4128,-244,868,419,827760
2026-05-19 20:18:26,lombar,16644,268,-476,452,-51,-111,1485215
2026-05-19 20:18:26,esterno,1496,15724,-4272,-403,1065,188,827782
2026-05-19 20:18:26,lombar,16728,340,-216,532,-297,-25,1485237
2026-05-19 20:18:26,esterno,1260,15764,-4116,-590,1001,232,827804
2026-05-19 20:18:26,lombar,16744,384,-172,599,-270,-23,1485259
2026-05-19 20:18:26,esterno,1168,15544,-4220,-575,876,315,827826
2026-05-19 20:18:26,lombar,16592,460,-176,642,-141,-82,1485281
2026-05-19 20:18:26,esterno,1216,15476,-4208,-387,860,260,827848
2026-05-19 20:18:26,lombar,16808,488,-184,758,-291,-35,1485303
2026-05-19 20:18:26,esterno,1412,15368,-4300,-516,721,154,827870
2026-05-19 20:18:26,lombar,16628,428,-188,779,-529,106,1485325
2026-05-19 20:18:26,esterno,1552,15564,-4252,-626,581,84,827892
2026-05-19 20:18:26,lombar,16776,396,-192,673,-392,238,1485347
2026-05-19 20:18:26,esterno,1528,15600,-4108,-769,708,92,827914
2026-05-19 20:18:26,lombar,16676,624,32,701,-362,344,1485369
2026-05-19 20:18:26,esterno,1376,15540,-4172,-713,670,-17,827936
2026-05-19 20:18:26,lombar,16964,796,-244,612,-582,244,1485391
2026-05-19 20:18:26,esterno,1296,15736,-4080,-897,503,-87,827958
2026-05-19 20:18:26,lombar,16852,560,-288,516,-525,355,1485413
2026-05-19 20:18:26,esterno,1436,15480,-4400,-1277,819,-256,827980
2026-05-19 20:18:26,lombar,16864,576,-356,295,-421,485,1485435
2026-05-19 20:18:26,esterno,1424,15652,-3752,-1231,666,-270,828002
2026-05-19 20:18:26,lombar,16728,528,-536,97,-373,543,1485457
2026-05-19 20:18:26,esterno,1616,15516,-3468,-553,333,-170,828024
2026-05-19 20:18:26,lombar,16792,520,-472,92,-159,550,1485479
2026-05-19 20:18:26,esterno,1428,15608,-3508,-294,548,-204,828046
2026-05-19 20:18:26,lombar,16772,460,-284,167,-244,591,1485501
2026-05-19 20:18:26,esterno,1232,15484,-3492,-653,476,-275,828068
2026-05-19 20:18:26,lombar,16788,392,-328,45,-346,583,1485523
2026-05-19 20:18:26,esterno,1148,15580,-4044,-624,300,-412,828090
2026-05-19 20:18:26,lombar,16736,444,-120,-94,-235,579,1485545
2026-05-19 20:18:26,esterno,980,15784,-3968,-390,55,-442,828112
2026-05-19 20:18:26,lombar,16760,456,-424,-16,-18,479,1485567
2026-05-19 20:18:26,esterno,1028,15584,-3852,-358,-29,-396,828134
2026-05-19 20:18:26,lombar,16664,228,-176,-153,-264,428,1485589
2026-05-19 20:18:26,esterno,1116,15560,-3688,-386,-92,-546,828156
2026-05-19 20:18:26,lombar,16688,172,-24,21,-384,618,1485611
2026-05-19 20:18:26,esterno,1276,15556,-3844,-365,-322,-490,828178
2026-05-19 20:18:26,lombar,16644,232,-264,68,-197,546,1485633
2026-05-19 20:18:26,esterno,1052,15672,-4152,245,-384,-249,828200
2026-05-19 20:18:26,lombar,16780,332,-56,200,-210,464,1485655
2026-05-19 20:18:26,esterno,904,15876,-4148,312,-227,-259,828222
2026-05-19 20:18:26,lombar,16804,320,-448,265,-253,415,1485677
2026-05-19 20:18:26,esterno,828,15592,-3556,65,-1016,20,828244
2026-05-19 20:18:26,lombar,16752,252,-320,218,-258,428,1485699
2026-05-19 20:18:26,esterno,1052,15600,-3892,181,-827,-289,828266
2026-05-19 20:18:26,lombar,16776,424,-320,343,-285,421,1485721
