timestamp,node,ax,ay,az,gx,gy,gz,t_ms
2026-05-19 20:18:30,lombar,17956,740,704,-356,1329,185,1489835
2026-05-19 20:18:30,esterno,824,15744,-4460,2125,82,125,832402
2026-05-19 20:18:30,lombar,16092,-552,-288,-114,1174,159,1489857
2026-05-19 20:18:30,esterno,932,15708,-4576,2047,313,8,832424
2026-05-19 20:18:30,lombar,16728,-40,-16,-81,817,17,1489879
2026-05-19 20:18:30,esterno,1052,16004,-4860,1763,641,85,832446
2026-05-19 20:18:30,lombar,16244,-476,44,-233,950,-42,1489901
2026-05-19 20:18:30,esterno,756,15820,-4732,1560,826,89,832468
2026-05-19 20:18:30,lombar,16772,-548,108,200,597,70,1489923
2026-05-19 20:18:30,esterno,600,15788,-4984,1322,877,-36,832490
2026-05-19 20:18:30,lombar,16524,-612,192,554,450,238,1489945
2026-05-19 20:18:30,esterno,564,15684,-5080,1030,1031,-183,832512
2026-05-19 20:18:30,lombar,16520,-332,-220,639,573,329,1489967
2026-05-19 20:18:31,esterno,612,15820,-5544,855,1441,-309,832534
2026-05-19 20:18:31,lombar,16416,-252,32,758,54,572,1489989
2026-05-19 20:18:31,esterno,760,15748,-4792,503,1582,-401,832556
2026-05-19 20:18:31,lombar,16528,-228,88,1014,-236,668,1490011
2026-05-19 20:18:31,esterno,972,15884,-4764,52,1204,-465,832578
2026-05-19 20:18:31,lombar,16392,-468,-284,1335,-23,669,1490033
2026-05-19 20:18:31,esterno,1028,15964,-4996,-293,1706,-543,832600
2026-05-19 20:18:31,lombar,16424,-344,192,1341,-217,865,1490055
2026-05-19 20:18:31,esterno,1088,15680,-5072,-556,2329,-699,832622
2026-05-19 20:18:31,lombar,16364,-516,16,1548,-690,1011,1490077
2026-05-19 20:18:31,esterno,1324,15404,-5108,-595,2664,-852,832644
2026-05-19 20:18:31,lombar,16616,-436,-156,1803,-672,1038,1490099
2026-05-19 20:18:31,esterno,1320,15572,-5060,-787,2943,-874,832666
2026-05-19 20:18:31,lombar,16660,-500,164,2106,-757,1129,1490121
2026-05-19 20:18:31,esterno,1120,15512,-4896,-1139,3497,-954,832688
2026-05-19 20:18:31,lombar,16612,-660,104,2557,-677,1355,1490143
2026-05-19 20:18:31,esterno,1064,15368,-4968,-1276,3825,-1127,832710
2026-05-19 20:18:31,lombar,16672,-496,300,3093,-594,1456,1490165
2026-05-19 20:18:31,esterno,1144,15244,-5276,-1194,4110,-1320,832732
2026-05-19 20:18:31,lombar,16680,-456,-116,3262,-738,1528,1490187
2026-05-19 20:18:31,esterno,948,15312,-4800,-1163,4319,-1322,832754
2026-05-19 20:18:31,lombar,16796,-624,-24,3582,-765,1473,1490209
2026-05-19 20:18:31,esterno,824,15756,-4864,-1238,4484,-1043,832776
2026-05-19 20:18:31,lombar,16852,-832,4,4293,-856,1117,1490231
2026-05-19 20:18:31,esterno,852,15736,-4732,-1400,4914,-881,832798
2026-05-19 20:18:31,esterno,1028,15776,-4828,-1439,5121,-905,832820
2026-05-19 20:18:31,lombar,17144,-516,-164,5083,-319,728,1490253
2026-05-19 20:18:31,lombar,17136,88,-252,5532,-469,302,1490275
2026-05-19 20:18:31,esterno,1936,16000,-4900,-1146,5290,-582,832842
2026-05-19 20:18:31,lombar,17352,256,-364,6157,-885,-276,1490297
2026-05-19 20:18:31,esterno,2372,16200,-4664,-910,5852,-416,832864
2026-05-19 20:18:31,lombar,17044,856,-344,6814,-718,-797,1490319
2026-05-19 20:18:31,esterno,2924,16244,-4568,-1076,6166,-383,832886
2026-05-19 20:18:31,lombar,16784,1776,-104,7296,-1034,-946,1490341
2026-05-19 20:18:31,esterno,3416,15808,-4572,-1063,6503,-366,832908
2026-05-19 20:18:31,lombar,16528,2352,-1000,6837,-1015,-950,1490363
2026-05-19 20:18:31,esterno,3340,15364,-4608,-937,6120,-620,832930
2026-05-19 20:18:31,lombar,16456,2768,-704,6249,-1291,-933,1490385
2026-05-19 20:18:31,esterno,3308,15664,-4452,-977,5634,-769,832952
2026-05-19 20:18:31,lombar,16000,3812,-1168,6053,-1800,-901,1490407
2026-05-19 20:18:31,esterno,3448,15704,-3652,-1134,5181,-660,832974
2026-05-19 20:18:31,lombar,15236,4732,-1652,4959,-1293,-907,1490429
2026-05-19 20:18:31,esterno,3708,15528,-3064,-1413,4460,-213,832996
2026-05-19 20:18:31,lombar,15132,5056,-1216,3167,-1573,-705,1490451
2026-05-19 20:18:31,esterno,4056,15392,-2776,-2140,3452,213,833018
2026-05-19 20:18:31,lombar,15856,4436,-1112,2109,-2627,-360,1490473
2026-05-19 20:18:31,esterno,3892,15380,-2548,-2718,2465,17,833040
2026-05-19 20:18:31,lombar,16364,3580,-1144,1104,-2685,20,1490495
2026-05-19 20:18:31,esterno,3916,15800,-3280,-2928,1824,-125,833062
2026-05-19 20:18:31,lombar,16128,3024,-1708,-113,-2721,953,1490517
2026-05-19 20:18:31,esterno,3388,16240,-3028,-3494,1182,-126,833084
2026-05-19 20:18:31,lombar,16684,2124,-1648,-1372,-4248,1527,1490539
2026-05-19 20:18:31,esterno,2724,16352,-2996,-4023,-8,-235,833106
2026-05-19 20:18:31,lombar,18304,740,-1772,-747,-4304,1551,1490561
2026-05-19 20:18:31,esterno,1880,16512,-3248,-3602,418,-772,833128
2026-05-19 20:18:31,lombar,18284,-400,-1596,97,-2642,1918,1490583
2026-05-19 20:18:31,esterno,1376,16252,-3516,-3029,964,-1345,833150
2026-05-19 20:18:31,lombar,17860,-704,-992,-78,-2035,2260,1490605
2026-05-19 20:18:31,esterno,784,16072,-3380,-2616,780,-1845,833172
2026-05-19 20:18:31,lombar,17176,252,-1192,-114,-2668,1916,1490627
2026-05-19 20:18:31,esterno,668,15552,-2840,-1914,605,-2000,833194
2026-05-19 20:18:31,lombar,16348,1356,-948,-102,-2000,1246,1490649
2026-05-19 20:18:31,esterno,716,14868,-2620,-1979,946,-1971,833216
2026-05-19 20:18:31,lombar,16000,1704,-948,-605,-1401,831,1490671
2026-05-19 20:18:31,esterno,824,14712,-2676,-2668,948,-1632,833238
2026-05-19 20:18:31,lombar,15780,1612,-1260,-1526,-1478,828,1490693
2026-05-19 20:18:31,esterno,1356,14416,-3276,-2325,673,-1199,833260
2026-05-19 20:18:31,lombar,16492,516,-876,-2111,-1858,939,1490715
2026-05-19 20:18:31,esterno,1320,14304,-3212,-1578,234,-1104,833282
2026-05-19 20:18:31,lombar,17304,-456,-408,-2287,-1514,910,1490737
2026-05-19 20:18:31,esterno,1080,14960,-3336,-1233,224,-1217,833304
2026-05-19 20:18:31,lombar,17292,-652,-720,-1914,-1154,849,1490759
2026-05-19 20:18:31,esterno,844,15812,-2684,-1231,181,-1336,833326
2026-05-19 20:18:31,lombar,16968,-392,-1188,-1689,-1221,1109,1490781
2026-05-19 20:18:31,esterno,508,15508,-2480,-439,-18,-1077,833348
2026-05-19 20:18:31,lombar,16604,-72,-1908,-1520,-839,1310,1490803
2026-05-19 20:18:31,esterno,480,14912,-2504,224,-222,-1050,833370
2026-05-19 20:18:31,lombar,16692,-52,-1544,-1524,-264,1282,1490825
2026-05-19 20:18:31,esterno,400,15128,-2156,471,304,-1315,833392
2026-05-19 20:18:31,lombar,16976,-320,-1464,-1702,160,1074,1490847
2026-05-19 20:18:31,esterno,216,15644,-1824,686,26,-1393,833414
2026-05-19 20:18:31,lombar,16928,-420,-1212,-1684,919,738,1490869
2026-05-19 20:18:31,esterno,-440,15756,-2152,1141,-518,-1200,833436
2026-05-19 20:18:31,lombar,17084,-560,-1340,-1811,1408,762,1490891
2026-05-19 20:18:31,esterno,-752,15200,-2476,1341,-970,-983,833458
2026-05-19 20:18:31,lombar,16900,-720,-1180,-1575,1871,791,1490913
2026-05-19 20:18:31,esterno,-436,14880,-2892,1101,-1053,-864,833480
2026-05-19 20:18:31,lombar,16956,-880,-1252,-1691,2001,974,1490935
2026-05-19 20:18:31,esterno,88,15420,-2968,1482,-1103,-692,833502
2026-05-19 20:18:31,lombar,17208,-1164,-1216,-1616,2161,997,1490957
2026-05-19 20:18:31,esterno,52,15756,-3068,2236,-1336,-617,833524
2026-05-19 20:18:32,lombar,17124,-1532,-652,-1183,2145,1135,1490979
2026-05-19 20:18:32,esterno,-148,15804,-3140,2616,-1289,-544,833546
2026-05-19 20:18:32,lombar,17080,-1412,-872,-863,2349,1033,1491001
2026-05-19 20:18:32,esterno,-628,15776,-3192,2506,-1228,-432,833568
2026-05-19 20:18:32,lombar,17036,-1252,-1152,-888,2898,1027,1491023
2026-05-19 20:18:32,esterno,-1040,15952,-3372,2579,-1194,-457,833590
2026-05-19 20:18:32,lombar,16532,-1064,-1112,-900,3251,830,1491045
2026-05-19 20:18:32,esterno,-1188,16412,-3424,2898,-1186,-286,833612
2026-05-19 20:18:32,lombar,16412,-884,-1048,-1588,3040,803,1491067
2026-05-19 20:18:32,esterno,-1148,16720,-2824,2439,-1486,-43,833634
2026-05-19 20:18:32,lombar,16520,-1128,-1056,-2215,1580,672,1491089
2026-05-19 20:18:32,esterno,-1320,16852,-2604,1772,-1994,100,833656
2026-05-19 20:18:32,lombar,16600,-1420,-1276,-2401,927,587,1491111
2026-05-19 20:18:32,esterno,-1356,16572,-3376,1433,-1817,147,833678
2026-05-19 20:18:32,lombar,16340,-1908,-1076,-2336,1447,745,1491133
2026-05-19 20:18:32,esterno,-1320,16088,-3360,1068,-1726,-48,833700
2026-05-19 20:18:32,lombar,15908,-2456,-964,-2117,1388,889,1491155
2026-05-19 20:18:32,esterno,-992,15932,-3368,764,-1983,-16,833722
2026-05-19 20:18:32,lombar,16192,-2384,-768,-1791,345,1125,1491177
2026-05-19 20:18:32,esterno,-1080,16068,-3712,213,-1772,119,833744
2026-05-19 20:18:32,lombar,15788,-2028,-652,-1733,-139,1119,1491199
2026-05-19 20:18:32,esterno,-1316,16140,-3332,-600,-1725,179,833766
2026-05-19 20:18:32,lombar,15932,-1828,-548,-1652,-524,894,1491221
2026-05-19 20:18:32,esterno,-1528,15976,-3568,-873,-1903,296,833788
2026-05-19 20:18:32,lombar,16016,-2016,-784,-1369,-1041,591,1491243
2026-05-19 20:18:32,esterno,-1608,16404,-4004,-1409,-1925,473,833810
2026-05-19 20:18:32,lombar,15692,-2308,-980,-1251,-1108,239,1491265
2026-05-19 20:18:32,esterno,-1476,16340,-3248,-2167,-1977,711,833832
2026-05-19 20:18:32,lombar,15836,-2748,-1064,-1190,-1758,253,1491287
2026-05-19 20:18:32,esterno,-1196,16308,-3200,-2750,-1771,716,833854
2026-05-19 20:18:32,lombar,15812,-3004,-900,-708,-2420,229,1491309
2026-05-19 20:18:32,esterno,-1320,15984,-2724,-3146,-1649,605,833876
2026-05-19 20:18:32,lombar,15696,-3044,-1120,148,-2404,-42,1491331
2026-05-19 20:18:32,esterno,-1780,15980,-2956,-3587,-1564,530,833898
2026-05-19 20:18:32,lombar,17440,-1804,-704,644,-2647,-340,1491353
2026-05-19 20:18:32,esterno,-1520,16524,-3552,-4295,-1420,935,833920
2026-05-19 20:18:32,lombar,17980,-232,-604,526,-3189,-149,1491375
2026-05-19 20:18:32,esterno,-1232,16764,-3024,-4469,-1304,1272,833942
2026-05-19 20:18:32,lombar,16440,232,-1352,146,-2720,-637,1491397
2026-05-19 20:18:32,esterno,-352,16252,-2264,-4203,-1532,1587,833964
2026-05-19 20:18:32,lombar,16596,-632,-1344,186,-2710,-935,1491419
2026-05-19 20:18:32,esterno,732,15880,-2584,-4042,-1217,1895,833986
2026-05-19 20:18:32,lombar,16704,-1500,-1164,118,-2984,-728,1491441
2026-05-19 20:18:32,esterno,976,15460,-2040,-3746,-1116,1969,834008
2026-05-19 20:18:32,lombar,17072,-1524,-1028,-144,-2803,-372,1491463
2026-05-19 20:18:32,esterno,524,15132,-1844,-3022,-1135,2177,834030
2026-05-19 20:18:32,lombar,16900,-1436,-1452,-128,-2809,-51,1491485
2026-05-19 20:18:32,esterno,-192,15012,-1628,-2600,-989,2224,834052
2026-05-19 20:18:32,lombar,16688,-1692,-1652,364,-2373,-96,1491507
2026-05-19 20:18:32,esterno,-804,15140,-1536,-2508,-1117,2008,834074
2026-05-19 20:18:32,esterno,-556,15604,-1620,-2357,-1062,1872,834096
2026-05-19 20:18:32,lombar,16992,-1316,-1380,895,-1784,-238,1491529
2026-05-19 20:18:32,lombar,17084,-688,-1404,1182,-1297,-306,1491551
2026-05-19 20:18:32,esterno,80,15492,-1260,-2134,-809,1547,834118
2026-05-19 20:18:32,lombar,16948,-660,-1868,1085,-1348,-350,1491573
2026-05-19 20:18:32,esterno,404,15344,-1124,-1528,-979,1273,834140
2026-05-19 20:18:32,lombar,16792,-668,-1648,724,-1506,-336,1491595
2026-05-19 20:18:32,esterno,368,15360,-1840,-750,-654,1026,834162
2026-05-19 20:18:32,lombar,17060,-496,-1836,584,-1240,-419,1491617
2026-05-19 20:18:32,esterno,820,15732,-1044,-776,-833,839,834184
2026-05-19 20:18:32,lombar,17084,-192,-1536,521,-540,-651,1491639
2026-05-19 20:18:32,esterno,1364,15684,-1208,-891,-881,876,834206
2026-05-19 20:18:32,lombar,16980,-240,-1428,730,233,-898,1491661
2026-05-19 20:18:32,esterno,2052,15464,-2296,-434,115,770,834228
2026-05-19 20:18:32,lombar,16960,-124,-1516,988,738,-968,1491683
2026-05-19 20:18:32,esterno,2612,15408,-2312,420,985,855,834250
2026-05-19 20:18:32,lombar,16876,-524,-1584,1195,1081,-978,1491705
2026-05-19 20:18:32,esterno,2564,15396,-2080,1306,1573,999,834272
2026-05-19 20:18:32,lombar,16684,-548,-1176,1495,876,-979,1491727
2026-05-19 20:18:32,esterno,1892,15612,-1764,1726,2269,997,834294
2026-05-19 20:18:32,lombar,16796,-316,-1468,1848,718,-1056,1491749
2026-05-19 20:18:32,esterno,1008,15596,-1620,1793,2447,1262,834316
2026-05-19 20:18:32,lombar,16616,236,-1308,2613,1215,-1370,1491771
2026-05-19 20:18:32,esterno,736,15248,-1848,2204,2418,1484,834338
2026-05-19 20:18:32,lombar,16436,408,-1284,2503,1492,-1708,1491793
2026-05-19 20:18:32,esterno,908,15100,-1936,2714,2390,1592,834360
2026-05-19 20:18:32,lombar,16368,324,-296,2780,-365,-2155,1491815
2026-05-19 20:18:32,esterno,1456,15220,-1848,2890,2092,1633,834382
2026-05-19 20:18:32,lombar,16980,172,-1220,3933,-1103,-2700,1491837
2026-05-19 20:18:32,esterno,2044,15664,-2332,2626,2002,1538,834404
2026-05-19 20:18:32,lombar,16552,1008,-2684,4185,3548,-2355,1491859
2026-05-19 20:18:32,esterno,3028,15904,-2256,2472,1947,1570,834426
2026-05-19 20:18:32,lombar,16188,1648,-1656,3733,3463,-2062,1491881
2026-05-19 20:18:32,esterno,3812,15912,-2528,2671,2461,1521,834448
2026-05-19 20:18:32,lombar,16452,2556,-1816,3405,1572,-2087,1491903
2026-05-19 20:18:32,esterno,4404,16360,-2248,2577,2204,1828,834470
2026-05-19 20:18:32,lombar,17124,3188,-2108,3457,1553,-1907,1491925
2026-05-19 20:18:32,esterno,4532,16928,-2844,2566,2320,2295,834492
2026-05-19 20:18:32,lombar,16748,2836,-1424,2690,888,-1547,1491947
2026-05-19 20:18:32,esterno,4212,17284,-2328,2057,2091,2168,834514
2026-05-19 20:18:33,lombar,16280,2368,-1912,2428,357,-1221,1491969
2026-05-19 20:18:33,esterno,4288,16792,-2500,1166,2170,1689,834536
2026-05-19 20:18:33,lombar,16128,2788,-1824,1977,728,-919,1491991
2026-05-19 20:18:33,esterno,3948,16044,-2276,1108,2180,1131,834558
2026-05-19 20:18:33,lombar,15740,3268,-1860,1822,622,-680,1492013
2026-05-19 20:18:33,esterno,3096,15460,-1940,1397,1731,684,834580
2026-05-19 20:18:33,lombar,15468,3664,-2080,1712,213,-235,1492035
2026-05-19 20:18:33,esterno,3020,15340,-2332,1096,1467,390,834602
2026-05-19 20:18:33,lombar,15676,3680,-1652,1070,-379,180,1492057
2026-05-19 20:18:33,esterno,3340,15452,-2360,237,897,417,834624
2026-05-19 20:18:33,lombar,16208,3364,-1388,445,-1127,138,1492079
2026-05-19 20:18:33,esterno,3632,15636,-2964,-311,626,103,834646
2026-05-19 20:18:33,lombar,16000,3304,-1620,-185,-1300,417,1492101
2026-05-19 20:18:33,esterno,3552,15640,-2252,-249,111,-602,834668
2026-05-19 20:18:33,lombar,15904,3404,-1612,-738,-1372,766,1492123
2026-05-19 20:18:33,esterno,3536,15640,-2244,-246,-1003,-904,834690
2026-05-19 20:18:33,lombar,15692,3016,-1476,-1192,-2025,1260,1492145
2026-05-19 20:18:33,esterno,3684,15536,-3172,-767,-699,-1018,834712
2026-05-19 20:18:33,lombar,16108,2520,-1940,-1205,-2096,1508,1492167
2026-05-19 20:18:33,esterno,3996,15320,-2672,-1483,-970,-1161,834734
2026-05-19 20:18:33,lombar,16392,2036,-1680,-811,-1677,1702,1492189
2026-05-19 20:18:33,esterno,4604,15376,-3024,-1457,-1439,-1223,834756
2026-05-19 20:18:33,lombar,16788,1900,-1624,-154,-1579,1874,1492211
2026-05-19 20:18:33,esterno,4700,15716,-3128,-961,-1406,-1156,834778
2026-05-19 20:18:33,lombar,17428,1400,-1564,446,-1617,1996,1492233
2026-05-19 20:18:33,esterno,4292,15920,-3688,-894,-452,-969,834800
2026-05-19 20:18:33,lombar,18144,756,-1056,866,-1596,1973,1492255
2026-05-19 20:18:33,esterno,3540,16128,-3748,-847,309,-1654,834822
2026-05-19 20:18:33,lombar,17560,624,-1440,1033,-331,2106,1492277
2026-05-19 20:18:33,esterno,2652,16172,-2816,-387,688,-2588,834844
2026-05-19 20:18:33,lombar,17068,1512,-2920,1567,1518,2366,1492299
2026-05-19 20:18:33,esterno,2496,15952,-2580,-350,1052,-2911,834866
2026-05-19 20:18:33,lombar,16000,2552,-656,2005,1045,2179,1492321
2026-05-19 20:18:33,esterno,2436,15268,-2744,-370,1450,-2790,834888
2026-05-19 20:18:33,lombar,16672,2004,-1624,474,-680,1886,1492343
2026-05-19 20:18:33,esterno,2720,15124,-2504,-105,1730,-2591,834910
2026-05-19 20:18:33,lombar,16408,1872,-1152,121,-386,1923,1492365
2026-05-19 20:18:33,esterno,2508,15152,-2532,-224,2135,-2572,834932
2026-05-19 20:18:33,lombar,16416,1336,-1604,-348,-885,1645,1492387
2026-05-19 20:18:33,esterno,2220,15532,-2520,-310,2379,-2661,834954
2026-05-19 20:18:33,lombar,16760,1096,-1236,-484,-285,1434,1492409
2026-05-19 20:18:33,esterno,1708,15636,-2428,-69,2343,-2521,834976
2026-05-19 20:18:33,lombar,17140,500,-1124,-1288,-140,1720,1492431
2026-05-19 20:18:33,esterno,1332,15644,-3016,267,2213,-2320,834998
2026-05-19 20:18:33,lombar,16940,20,-1412,-1508,321,1963,1492453
2026-05-19 20:18:33,esterno,1380,15464,-2848,481,1488,-2142,835020
2026-05-19 20:18:33,lombar,16972,-156,-864,-1709,95,2152,1492475
2026-05-19 20:18:33,esterno,1096,15548,-2844,737,1881,-2183,835042
2026-05-19 20:18:33,lombar,16560,-244,-1372,-1611,564,2380,1492497
2026-05-19 20:18:33,esterno,492,15652,-2660,726,1730,-2413,835064
2026-05-19 20:18:33,lombar,16584,-204,-1112,-1397,845,2162,1492519
2026-05-19 20:18:33,esterno,-12,15664,-3080,545,1560,-2547,835086
2026-05-19 20:18:33,lombar,16192,-872,-1472,-969,904,2092,1492541
2026-05-19 20:18:33,esterno,-764,15524,-2880,359,1468,-2576,835108
2026-05-19 20:18:33,lombar,16724,-904,-1272,-847,1198,2207,1492563
2026-05-19 20:18:33,esterno,-872,15856,-2216,278,885,-2432,835130
2026-05-19 20:18:33,lombar,16628,-1208,-728,-345,1163,1910,1492585
2026-05-19 20:18:33,esterno,-592,16144,-2412,31,423,-2204,835152
2026-05-19 20:18:33,lombar,16848,-1408,-976,81,981,1647,1492607
2026-05-19 20:18:33,esterno,-792,15836,-2872,-242,293,-2218,835174
2026-05-19 20:18:33,lombar,17100,-1488,-472,561,1421,1705,1492629
2026-05-19 20:18:33,esterno,-736,15736,-3532,-269,399,-2282,835196
2026-05-19 20:18:33,lombar,16656,-1428,-320,1264,1990,1521,1492651
2026-05-19 20:18:33,esterno,-524,15504,-3536,-91,612,-2111,835218
2026-05-19 20:18:33,lombar,16504,-1252,-364,1151,2063,1675,1492673
2026-05-19 20:18:33,esterno,-556,15624,-3648,-47,467,-1857,835240
2026-05-19 20:18:33,lombar,16336,-880,-460,947,1397,1475,1492695
2026-05-19 20:18:33,esterno,-892,15412,-3468,325,398,-1778,835262
2026-05-19 20:18:33,lombar,16296,-1048,-324,563,1119,1541,1492717
2026-05-19 20:18:33,esterno,-1056,15544,-3296,1078,689,-1721,835284
2026-05-19 20:18:33,lombar,16448,-1284,-132,347,1099,1435,1492739
2026-05-19 20:18:33,esterno,-816,16340,-2440,345,479,-1648,835306
2026-05-19 20:18:33,lombar,16376,-1500,-512,438,583,1272,1492761
2026-05-19 20:18:33,esterno,-676,16388,-2916,-469,76,-1282,835328
2026-05-19 20:18:33,lombar,16408,-1620,-540,741,501,1059,1492783
2026-05-19 20:18:33,esterno,-1020,15884,-3668,-192,692,-1162,835350
2026-05-19 20:18:33,esterno,-1408,15540,-3356,93,866,-1255,835372
2026-05-19 20:18:33,lombar,16568,-1628,-528,638,565,976,1492805
2026-05-19 20:18:33,lombar,16388,-1688,-396,417,200,832,1492827
2026-05-19 20:18:33,esterno,-1464,15684,-2980,-30,792,-1013,835394
2026-05-19 20:18:33,lombar,16664,-1740,-92,120,24,918,1492849
2026-05-19 20:18:33,esterno,-1400,15920,-2760,-545,951,-863,835416
2026-05-19 20:18:33,lombar,16544,-1560,-168,402,1,704,1492871
2026-05-19 20:18:33,esterno,-1116,15916,-2944,-541,835,-634,835438
2026-05-19 20:18:33,lombar,16388,-1508,-68,523,314,687,1492893
2026-05-19 20:18:33,esterno,-948,15872,-2884,-79,884,-624,835460
2026-05-19 20:18:33,lombar,16504,-1648,-72,458,255,483,1492915
2026-05-19 20:18:33,esterno,-1120,15676,-3180,-26,1119,-565,835482
2026-05-19 20:18:33,lombar,16648,-1620,-96,415,-114,501,1492937
2026-05-19 20:18:33,esterno,-1232,15568,-3152,-65,1224,-388,835504
2026-05-19 20:18:33,lombar,16816,-1572,28,346,-341,489,1492959
2026-05-19 20:18:34,esterno,-1184,15712,-3144,-119,1023,-110,835526
2026-05-19 20:18:34,lombar,16864,-1480,-88,297,-708,485,1492981
2026-05-19 20:18:34,esterno,-1324,15804,-2668,20,739,-47,835548
2026-05-19 20:18:34,lombar,16568,-1220,-276,234,-424,485,1493003
2026-05-19 20:18:34,esterno,-1468,15560,-2752,184,725,-311,835570
2026-05-19 20:18:34,lombar,16716,-1212,-296,232,-173,433,1493025
2026-05-19 20:18:34,esterno,-1172,15776,-2868,109,464,-363,835592
2026-05-19 20:18:34,lombar,16840,-1300,-64,-14,-380,481,1493047
2026-05-19 20:18:34,esterno,-964,15972,-2804,-180,669,-369,835614
2026-05-19 20:18:34,lombar,16876,-1084,-248,-318,-516,656,1493069
2026-05-19 20:18:34,esterno,-376,16212,-2664,-431,419,-277,835636
2026-05-19 20:18:34,lombar,16856,-1136,-220,-500,-402,645,1493091
2026-05-19 20:18:34,esterno,-400,15888,-2956,19,197,-243,835658
2026-05-19 20:18:34,lombar,16808,-1488,-192,-310,-321,552,1493113
2026-05-19 20:18:34,esterno,-1116,15596,-2812,666,11,-109,835680
2026-05-19 20:18:34,lombar,16648,-1492,-272,-187,-263,451,1493135
2026-05-19 20:18:34,esterno,-1112,15612,-3276,382,261,-69,835702
2026-05-19 20:18:34,lombar,16512,-1668,-300,-183,-247,467,1493157
2026-05-19 20:18:34,esterno,-732,15772,-3112,-245,990,134,835724
2026-05-19 20:18:34,lombar,16452,-1588,-152,-8,-435,428,1493179
2026-05-19 20:18:34,esterno,-552,15300,-3560,99,846,402,835746
2026-05-19 20:18:34,lombar,16840,-1464,-56,290,-648,673,1493201
2026-05-19 20:18:34,esterno,-996,15248,-3232,726,142,139,835768
2026-05-19 20:18:34,lombar,16960,-1232,-276,751,-476,517,1493223
2026-05-19 20:18:34,esterno,-1484,15664,-2976,877,-130,-90,835790
2026-05-19 20:18:34,lombar,16712,-1004,-404,583,-249,322,1493245
2026-05-19 20:18:34,esterno,-1284,16188,-2420,393,-409,163,835812
2026-05-19 20:18:34,lombar,16656,-836,-520,222,124,379,1493267
2026-05-19 20:18:34,esterno,-116,16152,-3132,-170,-169,675,835834
2026-05-19 20:18:34,lombar,16520,-732,-176,-282,265,323,1493289
2026-05-19 20:18:34,esterno,572,15696,-3060,239,138,908,835856
2026-05-19 20:18:34,lombar,16684,-912,-96,-699,-20,221,1493311
2026-05-19 20:18:34,esterno,-248,15052,-3012,1134,-880,588,835878
2026-05-19 20:18:34,lombar,16924,-1464,160,-512,-298,173,1493333
2026-05-19 20:18:34,esterno,-1724,15112,-2928,1389,-1681,217,835900
2026-05-19 20:18:34,lombar,16668,-1416,-268,150,-293,31,1493355
2026-05-19 20:18:34,esterno,-2280,15524,-3368,1059,-1295,260,835922
2026-05-19 20:18:34,lombar,16388,-1060,-564,435,450,8,1493377
2026-05-19 20:18:34,esterno,-2052,15528,-2816,739,-1412,343,835944
2026-05-19 20:18:34,lombar,16548,-1240,-288,-163,643,303,1493399
2026-05-19 20:18:34,esterno,-1452,15572,-3160,730,-1960,126,835966
2026-05-19 20:18:34,lombar,16848,-1580,-108,-651,-110,640,1493421
2026-05-19 20:18:34,esterno,-1056,15896,-3392,492,-1862,-420,835988
2026-05-19 20:18:34,lombar,16808,-1668,-484,-547,-380,668,1493443
2026-05-19 20:18:34,esterno,-464,16344,-3964,-30,-1921,-434,836010
2026-05-19 20:18:34,lombar,16920,-1196,-296,-171,-162,684,1493465
2026-05-19 20:18:34,esterno,-144,16212,-4312,32,-1661,-212,836032
2026-05-19 20:18:34,lombar,16664,-972,-340,-341,-341,483,1493487
2026-05-19 20:18:34,esterno,144,15968,-4140,332,-1146,191,836054
2026-05-19 20:18:34,lombar,16620,-1268,-64,-768,-406,296,1493509
2026-05-19 20:18:34,esterno,28,15896,-3596,465,-417,597,836076
2026-05-19 20:18:34,lombar,16852,-1744,-136,-1034,-278,272,1493531
2026-05-19 20:18:34,esterno,-304,15744,-3564,281,-47,558,836098
2026-05-19 20:18:34,lombar,16580,-1564,-92,-984,-504,283,1493553
2026-05-19 20:18:34,esterno,-916,15300,-3724,-43,610,365,836120
2026-05-19 20:18:34,lombar,16596,-1456,-136,-800,-536,97,1493575
2026-05-19 20:18:34,esterno,-1356,15176,-3772,-161,871,202,836142
2026-05-19 20:18:34,lombar,16704,-1628,-208,-604,-205,-171,1493597
2026-05-19 20:18:34,esterno,-880,15440,-3904,-25,761,363,836164
2026-05-19 20:18:34,lombar,16892,-1256,-128,-509,-201,-53,1493619
2026-05-19 20:18:34,esterno,-660,15768,-3436,-66,980,276,836186
2026-05-19 20:18:34,lombar,16672,-1072,-280,-515,-557,90,1493641
2026-05-19 20:18:34,esterno,-632,15948,-3228,-397,698,209,836208
2026-05-19 20:18:34,lombar,16632,-924,-388,-697,-495,32,1493663
2026-05-19 20:18:34,esterno,-788,15620,-3440,-178,360,144,836230
2026-05-19 20:18:34,lombar,16824,-1424,-292,-339,-58,99,1493685
2026-05-19 20:18:34,esterno,-1152,15536,-3560,183,219,108,836252
2026-05-19 20:18:34,lombar,16676,-1432,-24,138,-242,181,1493707
2026-05-19 20:18:34,esterno,-1152,15772,-3428,-112,-44,247,836274
2026-05-19 20:18:34,lombar,16756,-1492,-240,213,-547,374,1493729
2026-05-19 20:18:34,esterno,-680,15880,-3576,-633,-16,140,836296
2026-05-19 20:18:34,lombar,16548,-1292,-420,348,-622,423,1493751
2026-05-19 20:18:34,esterno,-404,15960,-3348,-708,5,14,836318
2026-05-19 20:18:34,lombar,16648,-1004,-364,396,-748,469,1493773
2026-05-19 20:18:34,esterno,-156,15744,-3720,-518,25,-11,836340
2026-05-19 20:18:34,lombar,16644,-828,-368,244,-779,564,1493795
2026-05-19 20:18:34,esterno,-488,15572,-3644,-535,79,-40,836362
2026-05-19 20:18:34,lombar,16632,-832,-380,108,-835,414,1493817
2026-05-19 20:18:34,esterno,-516,15748,-3512,-595,-93,99,836384
2026-05-19 20:18:34,lombar,16696,-948,-468,-100,-875,441,1493839
2026-05-19 20:18:34,esterno,-452,16032,-3340,-688,-131,292,836406
2026-05-19 20:18:34,lombar,16716,-1004,-436,-154,-956,273,1493861
2026-05-19 20:18:34,esterno,-380,15932,-3540,-571,60,408,836428
2026-05-19 20:18:34,lombar,16740,-844,-436,-223,-1040,125,1493883
2026-05-19 20:18:34,esterno,-256,15584,-3608,-476,641,399,836450
2026-05-19 20:18:34,lombar,16596,-980,-508,-415,-681,52,1493905
2026-05-19 20:18:34,esterno,-28,15660,-3212,-740,-46,440,836472
2026-05-19 20:18:34,lombar,16668,-912,-136,-363,-960,-14,1493927
2026-05-19 20:18:34,esterno,-236,15524,-3752,-572,-264,657,836494
2026-05-19 20:18:34,lombar,16772,-1072,-416,-289,-1107,159,1493949
2026-05-19 20:18:34,esterno,-748,15600,-3760,-95,359,524,836516
2026-05-19 20:18:35,lombar,16856,-1044,-676,-223,-779,196,1493971
2026-05-19 20:18:35,esterno,-300,15976,-3296,-242,412,449,836538
2026-05-19 20:18:35,lombar,16744,-980,-640,-247,-741,75,1493993
2026-05-19 20:18:35,esterno,-132,15912,-3120,-548,545,612,836560
2026-05-19 20:18:35,lombar,16520,-1004,-600,-397,-923,49,1494015
2026-05-19 20:18:35,esterno,-264,15664,-3080,-622,314,679,836582
2026-05-19 20:18:35,lombar,16652,-708,-656,-411,-1034,6,1494037
2026-05-19 20:18:35,esterno,-640,15400,-3388,-455,87,524,836604
2026-05-19 20:18:35,esterno,-624,15116,-3504,-434,-240,272,836626
2026-05-19 20:18:35,lombar,16636,-556,-384,-370,-833,2,1494059
2026-05-19 20:18:35,lombar,16728,-864,-688,-430,-866,59,1494081
2026-05-19 20:18:35,esterno,-468,15440,-3268,-250,-468,120,836648
2026-05-19 20:18:35,lombar,16820,-1012,-540,-530,-1345,225,1494103
2026-05-19 20:18:35,esterno,-264,16056,-2904,-436,-577,273,836670
2026-05-19 20:18:35,lombar,16740,-1032,-928,-710,-1047,480,1494125
2026-05-19 20:18:35,esterno,56,16172,-3160,-779,-616,321,836692
2026-05-19 20:18:35,lombar,16764,-668,-728,-718,-697,299,1494147
2026-05-19 20:18:35,esterno,192,15824,-3552,-579,-615,363,836714
2026-05-19 20:18:35,lombar,16892,-560,-728,-858,-263,502,1494169
2026-05-19 20:18:35,esterno,424,15528,-3452,-110,-1254,672,836736
2026-05-19 20:18:35,lombar,16748,-252,-448,-1299,49,853,1494191
2026-05-19 20:18:35,esterno,612,15168,-3112,115,-1169,1021,836758
2026-05-19 20:18:35,lombar,16536,-372,-540,-1496,-31,509,1494213
2026-05-19 20:18:35,esterno,-308,15060,-2652,305,-1249,827,836780
2026-05-19 20:18:35,lombar,16608,-920,-804,-1606,-126,122,1494235
2026-05-19 20:18:35,lombar,16596,-1552,-684,-1409,-283,295,1494257
2026-05-19 20:18:35,esterno,-1308,15108,-3196,426,-1618,564,836802
2026-05-19 20:18:35,esterno,-1552,15612,-3456,91,-2038,461,836824
2026-05-19 20:18:35,lombar,16836,-1396,-584,-986,27,615,1494279
2026-05-19 20:18:35,esterno,-836,15992,-3364,-554,-2038,564,836846
2026-05-19 20:18:35,lombar,16684,-1076,-884,-1039,238,528,1494301
2026-05-19 20:18:35,esterno,-68,15908,-3292,-447,-1873,444,836868
2026-05-19 20:18:35,lombar,16424,-848,-872,-1086,-219,239,1494323
2026-05-19 20:18:35,esterno,-132,15856,-3180,112,-1271,148,836890
2026-05-19 20:18:35,lombar,16492,-1192,-828,-1120,-906,25,1494345
2026-05-19 20:18:35,esterno,-512,16132,-3372,-63,-1021,120,836912
2026-05-19 20:18:35,lombar,16716,-1472,-692,-1309,-559,130,1494367
2026-05-19 20:18:35,lombar,16888,-1276,-620,-1308,-330,297,1494389
2026-05-19 20:18:35,esterno,-340,16044,-4264,-519,-657,477,836934
2026-05-19 20:18:35,esterno,432,15680,-3860,-345,-547,916,836956
2026-05-19 20:18:35,lombar,16972,-1008,-844,-1148,-203,250,1494411
2026-05-19 20:18:35,esterno,1180,15024,-2960,41,-748,1066,836978
2026-05-19 20:18:35,lombar,16828,-672,-836,-954,151,116,1494433
2026-05-19 20:18:35,esterno,1308,15272,-2304,545,-457,894,837000
2026-05-19 20:18:35,lombar,16736,-884,-1100,-877,535,-45,1494455
2026-05-19 20:18:35,lombar,16504,-1184,-1068,-1002,516,-29,1494477
2026-05-19 20:18:35,esterno,356,16304,-2448,960,-97,847,837022
2026-05-19 20:18:35,esterno,-476,17172,-2352,525,-634,1202,837044
2026-05-19 20:18:35,lombar,16368,-1312,-756,-961,9,153,1494499
2026-05-19 20:18:35,esterno,-776,16668,-3336,-470,-1208,1500,837066
2026-05-19 20:18:35,lombar,16456,-1040,-500,-1075,-851,183,1494521
2026-05-19 20:18:35,esterno,-904,15924,-4096,-1102,-876,1457,837088
2026-05-19 20:18:35,lombar,16168,-640,-588,-847,-781,93,1494543
2026-05-19 20:18:35,esterno,-1020,15480,-4216,-1099,-734,1530,837110
2026-05-19 20:18:35,lombar,16120,-836,-564,-1131,-419,-502,1494565
2026-05-19 20:18:35,esterno,-812,15360,-3772,-1004,-781,1848,837132
2026-05-19 20:18:35,lombar,16288,-1300,-508,-1180,-487,-566,1494587
2026-05-19 20:18:35,esterno,-352,15188,-4040,-1495,-634,1969,837154
2026-05-19 20:18:35,lombar,16608,-1428,-12,-999,-1726,-681,1494609
2026-05-19 20:18:35,esterno,-56,14468,-3884,-1744,-330,1520,837176
2026-05-19 20:18:35,lombar,17240,-1208,-492,-12,-1729,-547,1494631
2026-05-19 20:18:35,esterno,568,14100,-3180,-590,-300,1327,837198
2026-05-19 20:18:35,lombar,17524,-736,-1208,1190,-191,-480,1494653
2026-05-19 20:18:35,esterno,1228,15352,-1892,610,-621,1288,837220
2026-05-19 20:18:35,lombar,16896,-344,-1396,1520,1124,-470,1494675
2026-05-19 20:18:35,esterno,1240,17492,-812,300,-883,1063,837242
2026-05-19 20:18:35,lombar,16656,-112,-1496,626,172,-443,1494697
2026-05-19 20:18:35,esterno,796,18380,-1556,-559,-921,1020,837264
2026-05-19 20:18:35,lombar,16324,-288,-1308,-406,-1455,-241,1494719
2026-05-19 20:18:35,esterno,508,16884,-2752,-1034,-915,1392,837286
2026-05-19 20:18:35,lombar,16320,-340,-1316,-815,-2364,-279,1494741
2026-05-19 20:18:35,esterno,476,15580,-3572,-1275,-780,1497,837308
2026-05-19 20:18:35,lombar,16412,-612,-1336,-736,-2238,-416,1494763
2026-05-19 20:18:35,esterno,988,15396,-4324,-1861,-411,1271,837330
2026-05-19 20:18:35,lombar,16576,-676,-596,-579,-1611,-280,1494785
2026-05-19 20:18:35,esterno,1428,15076,-3900,-1890,578,1284,837352
2026-05-19 20:18:35,lombar,16552,-548,-804,-704,-1261,-19,1494807
2026-05-19 20:18:35,esterno,1268,14788,-2716,-1103,203,1384,837374
2026-05-19 20:18:35,lombar,16808,-196,-792,-729,-1312,-87,1494829
2026-05-19 20:18:35,esterno,812,15076,-2656,-151,-419,1519,837396
2026-05-19 20:18:35,lombar,16736,-360,-1036,-645,-1258,-441,1494851
2026-05-19 20:18:35,esterno,464,15896,-2236,-300,-205,1484,837418
2026-05-19 20:18:35,lombar,16676,-428,-912,-741,-612,-482,1494873
2026-05-19 20:18:35,esterno,644,16196,-2428,-926,-437,1656,837440
2026-05-19 20:18:35,lombar,16608,-652,-1256,-1049,-415,-458,1494895
2026-05-19 20:18:35,esterno,824,15704,-2724,-653,-764,1712,837462
2026-05-19 20:18:35,lombar,16804,-520,-1272,-956,-346,-470,1494917
2026-05-19 20:18:35,esterno,1396,15384,-2792,-119,-822,1457,837484
2026-05-19 20:18:35,lombar,16684,-528,-1096,-746,-33,-296,1494939
2026-05-19 20:18:35,esterno,1416,15428,-2648,-28,-910,1202,837506
2026-05-19 20:18:35,lombar,16680,-632,-1000,-620,355,-339,1494961
2026-05-19 20:18:35,esterno,1056,15468,-2660,207,-1066,930,837528
2026-05-19 20:18:36,lombar,16952,-616,-836,-286,-323,-217,1494983
2026-05-19 20:18:36,esterno,944,15348,-2636,491,-1166,759,837550
2026-05-19 20:18:36,lombar,16812,-392,-1396,596,-624,-425,1495005
2026-05-19 20:18:36,esterno,928,15412,-2660,482,-1504,809,837572
2026-05-19 20:18:36,lombar,16636,-228,-1220,654,158,-333,1495027
2026-05-19 20:18:36,esterno,1448,15216,-3184,535,-1210,876,837594
2026-05-19 20:18:36,lombar,16368,-60,-628,631,-506,-312,1495049
2026-05-19 20:18:36,esterno,1500,15476,-3064,1041,-777,827,837616
2026-05-19 20:18:36,lombar,16684,-232,-1064,575,-752,-592,1495071
2026-05-19 20:18:36,esterno,1688,15752,-2880,1166,-1028,794,837638
2026-05-19 20:18:36,lombar,16936,-240,-880,916,-114,-736,1495093
2026-05-19 20:18:36,esterno,1984,16008,-3116,859,-811,852,837660
2026-05-19 20:18:36,lombar,16764,112,-1592,1220,-228,-618,1495115
2026-05-19 20:18:36,esterno,1936,16012,-3256,769,-83,1022,837682
2026-05-19 20:18:36,lombar,16524,404,-1504,1004,132,-433,1495137
2026-05-19 20:18:36,esterno,2108,15652,-3072,1188,157,1000,837704
2026-05-19 20:18:36,lombar,16776,544,-880,1055,-274,-573,1495159
2026-05-19 20:18:36,esterno,1928,15532,-3156,1521,226,731,837726
2026-05-19 20:18:36,lombar,16696,580,-1392,972,-34,-618,1495181
2026-05-19 20:18:36,esterno,1560,16148,-2948,1146,139,626,837748
2026-05-19 20:18:36,lombar,16580,420,-1368,628,137,-516,1495203
2026-05-19 20:18:36,esterno,1800,16720,-2996,439,-288,852,837770
2026-05-19 20:18:36,lombar,16716,772,-1220,584,-213,-247,1495225
2026-05-19 20:18:36,esterno,1980,16360,-3380,128,-385,912,837792
2026-05-19 20:18:36,lombar,16440,948,-1696,431,-188,-165,1495247
2026-05-19 20:18:36,esterno,2172,15740,-3168,230,-541,796,837814
2026-05-19 20:18:36,lombar,16544,1016,-1356,364,-180,-221,1495269
2026-05-19 20:18:36,esterno,1956,15592,-2928,390,-930,681,837836
2026-05-19 20:18:36,lombar,16672,1024,-1488,719,-165,-267,1495291
2026-05-19 20:18:36,esterno,2148,15864,-2992,333,-1044,509,837858
2026-05-19 20:18:36,lombar,16980,964,-1152,962,87,-294,1495313
2026-05-19 20:18:36,esterno,2824,15916,-3616,-48,-655,334,837880
2026-05-19 20:18:36,lombar,16852,996,-1488,1043,167,-200,1495335
2026-05-19 20:18:36,esterno,3356,15796,-3744,-227,-413,293,837902
2026-05-19 20:18:36,lombar,16428,1460,-1396,813,173,12,1495357
2026-05-19 20:18:36,esterno,3780,15580,-3624,92,-697,351,837924
2026-05-19 20:18:36,lombar,15592,2316,-1692,621,246,382,1495379
2026-05-19 20:18:36,esterno,3320,15300,-3028,447,-621,60,837946
2026-05-19 20:18:36,lombar,15796,3128,-1532,3,-150,303,1495401
2026-05-19 20:18:36,esterno,3296,15592,-2672,-296,-874,264,837968
2026-05-19 20:18:36,lombar,16004,2936,-2216,-857,-439,200,1495423
2026-05-19 20:18:36,esterno,3372,15964,-3244,-1174,-949,901,837990
2026-05-19 20:18:36,lombar,16436,2004,-1788,-1363,-1042,274,1495445
2026-05-19 20:18:36,esterno,3312,16376,-3052,-1337,-1330,1109,838012
2026-05-19 20:18:36,lombar,15896,1744,-2112,-1771,-1853,650,1495467
2026-05-19 20:18:36,esterno,3216,16472,-2596,-1375,-1827,919,838034
2026-05-19 20:18:36,lombar,15684,2044,-2272,-1950,-2238,1188,1495489
2026-05-19 20:18:36,esterno,3020,15920,-2336,-1757,-1819,851,838056
2026-05-19 20:18:36,lombar,16016,2236,-2356,-2056,-2287,1061,1495511
2026-05-19 20:18:36,esterno,3236,15228,-3128,-2433,-1573,862,838078
2026-05-19 20:18:36,lombar,20356,348,72,-2119,-3330,-331,1495533
2026-05-19 20:18:36,esterno,3300,16456,-4816,-2202,-562,843,838100
2026-05-19 20:18:36,lombar,15568,-1388,-3860,-74,-1632,627,1495555
2026-05-19 20:18:36,esterno,3232,16216,-2492,-833,-1276,348,838122
2026-05-19 20:18:36,lombar,16956,236,-544,-2009,162,1803,1495577
2026-05-19 20:18:36,esterno,1804,15460,-2080,-513,-657,-293,838144
2026-05-19 20:18:36,lombar,15300,1824,-2188,-2884,-184,1552,1495599
2026-05-19 20:18:36,esterno,1492,15640,-2232,-1610,-307,-38,838166
2026-05-19 20:18:36,lombar,15852,1920,-2184,-2634,-1277,597,1495621
2026-05-19 20:18:36,esterno,1368,15108,-2508,-2416,-301,183,838188
2026-05-19 20:18:36,lombar,16884,276,-1700,-2805,-2523,792,1495643
2026-05-19 20:18:36,esterno,1488,15284,-2116,-2116,-663,172,838210
2026-05-19 20:18:36,lombar,16352,-56,-1956,-3383,-2322,1128,1495665
2026-05-19 20:18:36,esterno,1744,16416,-2520,-2290,-1579,423,838232
2026-05-19 20:18:36,lombar,17060,-48,-2184,-2299,-1574,709,1495687
2026-05-19 20:18:36,esterno,2060,16500,-3008,-2326,-1318,492,838254
2026-05-19 20:18:36,lombar,17276,-716,-1928,-808,-1643,467,1495709
2026-05-19 20:18:36,esterno,2488,15848,-2996,-1603,-1017,477,838276
2026-05-19 20:18:36,lombar,16952,-1012,-1824,110,-1792,334,1495731
2026-05-19 20:18:36,esterno,3192,15476,-2964,-768,-658,516,838298
2026-05-19 20:18:36,lombar,16672,-576,-2256,782,-1313,372,1495753
2026-05-19 20:18:36,esterno,3336,15360,-2412,-598,-14,419,838320
2026-05-19 20:18:36,lombar,16272,116,-1864,1262,-638,333,1495775
2026-05-19 20:18:36,esterno,2784,15292,-2260,-664,331,316,838342
2026-05-19 20:18:36,lombar,15984,796,-2096,1432,82,186,1495797
2026-05-19 20:18:36,esterno,2112,15292,-2244,-479,761,305,838364
2026-05-19 20:18:36,lombar,15820,1036,-2160,851,-472,-104,1495819
2026-05-19 20:18:36,esterno,1720,15448,-2076,-387,666,387,838386
2026-05-19 20:18:36,lombar,16352,856,-1876,275,-1766,-131,1495841
2026-05-19 20:18:36,esterno,1712,15880,-1900,-736,395,541,838408
2026-05-19 20:18:36,lombar,16688,404,-2240,101,-1701,-51,1495863
2026-05-19 20:18:36,esterno,2140,16156,-1800,-946,242,658,838430
2026-05-19 20:18:36,lombar,16716,224,-1908,129,-1309,66,1495885
2026-05-19 20:18:36,esterno,2408,15992,-2256,-817,210,663,838452
2026-05-19 20:18:36,lombar,16952,100,-2192,328,-1238,110,1495907
2026-05-19 20:18:36,esterno,2784,15736,-2740,-397,404,464,838474
2026-05-19 20:18:36,lombar,16732,404,-2180,399,-1036,175,1495929
2026-05-19 20:18:36,esterno,2996,15444,-2444,-47,270,491,838496
2026-05-19 20:18:36,lombar,16432,720,-2268,396,-884,194,1495951
2026-05-19 20:18:37,esterno,2908,15404,-2152,162,645,393,838518
2026-05-19 20:18:37,lombar,16320,568,-2528,120,-827,149,1495973
2026-05-19 20:18:37,esterno,2376,15852,-1760,-65,496,55,838540
2026-05-19 20:18:37,lombar,16428,628,-2620,99,-730,294,1495995
2026-05-19 20:18:37,esterno,2144,15932,-1976,-358,483,46,838562
2026-05-19 20:18:37,lombar,16340,540,-2752,208,-876,439,1496017
2026-05-19 20:18:37,esterno,2340,15712,-1832,-309,329,-4,838584
2026-05-19 20:18:37,lombar,16532,372,-2572,500,-930,543,1496039
2026-05-19 20:18:37,esterno,2372,15744,-2068,-245,288,-149,838606
2026-05-19 20:18:37,lombar,16444,404,-2508,544,-796,398,1496061
2026-05-19 20:18:37,esterno,2680,15636,-2400,-163,341,-235,838628
2026-05-19 20:18:37,lombar,16796,684,-2420,666,-475,580,1496083
2026-05-19 20:18:37,esterno,2824,15928,-2504,117,363,-338,838650
2026-05-19 20:18:37,lombar,16468,604,-2532,563,-841,464,1496105
2026-05-19 20:18:37,esterno,2776,16112,-2252,467,300,-428,838672
2026-05-19 20:18:37,lombar,16508,584,-2604,642,-908,588,1496127
2026-05-19 20:18:37,esterno,2676,16120,-1816,598,429,-492,838694
2026-05-19 20:18:37,lombar,16524,532,-2708,730,-686,569,1496149
2026-05-19 20:18:37,esterno,2588,16080,-1792,429,635,-503,838716
2026-05-19 20:18:37,lombar,16360,728,-2656,1026,-518,619,1496171
2026-05-19 20:18:37,esterno,2488,15864,-2380,445,808,-519,838738
2026-05-19 20:18:37,lombar,16180,548,-2376,788,-880,661,1496193
2026-05-19 20:18:37,esterno,2556,15804,-1976,570,858,-531,838760
2026-05-19 20:18:37,lombar,16424,748,-2432,482,-1244,687,1496215
2026-05-19 20:18:37,esterno,2352,15884,-1752,282,107,-416,838782
2026-05-19 20:18:37,lombar,16400,588,-2952,405,-871,589,1496237
2026-05-19 20:18:37,esterno,2376,15880,-2712,156,243,-239,838804
2026-05-19 20:18:37,lombar,16296,492,-2860,210,-603,555,1496259
2026-05-19 20:18:37,esterno,2448,15732,-2760,473,309,-175,838826
2026-05-19 20:18:37,lombar,16452,540,-2756,110,-853,596,1496281
2026-05-19 20:18:37,esterno,2528,15848,-2608,574,505,-289,838848
2026-05-19 20:18:37,lombar,16528,408,-3056,293,-976,568,1496303
2026-05-19 20:18:37,esterno,2572,15964,-2500,359,616,-352,838870
2026-05-19 20:18:37,lombar,16492,336,-3032,339,-887,525,1496325
2026-05-19 20:18:37,esterno,2448,15996,-2584,329,536,-303,838892
2026-05-19 20:18:37,lombar,16424,260,-3080,98,-643,511,1496347
2026-05-19 20:18:37,esterno,2224,15640,-2520,144,496,-273,838914
2026-05-19 20:18:37,lombar,16292,316,-3044,115,-527,521,1496369
2026-05-19 20:18:37,esterno,2072,15636,-2648,359,417,-157,838936
2026-05-19 20:18:37,lombar,16244,364,-3036,60,-458,381,1496391
2026-05-19 20:18:37,esterno,2168,15556,-2440,316,179,-134,838958
2026-05-19 20:18:37,lombar,16360,344,-2876,28,-376,393,1496413
2026-05-19 20:18:37,esterno,2336,15468,-2760,128,314,-198,838980
2026-05-19 20:18:37,lombar,16316,280,-2908,64,-415,401,1496435
2026-05-19 20:18:37,esterno,2368,15796,-2420,75,90,-97,839002
2026-05-19 20:18:37,lombar,16464,252,-2804,143,-345,362,1496457
2026-05-19 20:18:37,esterno,2460,15604,-2684,40,-49,14,839024
2026-05-19 20:18:37,lombar,16348,264,-2844,107,-314,346,1496479
2026-05-19 20:18:37,esterno,2412,15516,-2784,158,264,52,839046
2026-05-19 20:18:37,lombar,16340,236,-3124,92,-326,335,1496501
2026-05-19 20:18:37,esterno,2412,15540,-2456,335,206,-15,839068
2026-05-19 20:18:37,lombar,16420,296,-2776,80,-337,293,1496523
2026-05-19 20:18:37,esterno,2316,15804,-2332,307,96,-88,839090
2026-05-19 20:18:37,lombar,16332,324,-3208,193,12,305,1496545
2026-05-19 20:18:37,esterno,2236,15704,-2672,-30,438,-68,839112
2026-05-19 20:18:37,lombar,16268,228,-3032,153,-118,289,1496567
2026-05-19 20:18:37,esterno,2280,15316,-2668,-108,176,64,839134
2026-05-19 20:18:37,lombar,16360,420,-2984,-59,-85,337,1496589
2026-05-19 20:18:37,esterno,2104,15280,-2960,-14,220,125,839156
2026-05-19 20:18:37,lombar,16144,328,-3280,-33,251,169,1496611
2026-05-19 20:18:37,esterno,1920,15004,-3056,-298,371,-38,839178
2026-05-19 20:18:37,lombar,16332,260,-2852,-147,291,130,1496633
2026-05-19 20:18:37,lombar,16492,156,-2948,-250,-10,38,1496655
2026-05-19 20:18:37,esterno,2328,15628,-2488,-261,-145,250,839200
2026-05-19 20:18:37,esterno,2460,15972,-1900,-642,-24,436,839222
2026-05-19 20:18:37,lombar,16324,204,-2984,-127,126,106,1496677
2026-05-19 20:18:37,esterno,2224,15716,-2424,-1541,108,180,839244
2026-05-19 20:18:37,lombar,16040,404,-2816,-103,589,147,1496699
2026-05-19 20:18:37,esterno,2152,15608,-3316,-1298,73,161,839266
2026-05-19 20:18:37,lombar,16304,476,-2932,-50,516,130,1496721
2026-05-19 20:18:37,esterno,2256,15800,-2632,-601,-22,180,839288
2026-05-19 20:18:37,lombar,16296,588,-2600,-47,-162,255,1496743
2026-05-19 20:18:37,esterno,2424,16012,-2328,-866,-19,94,839310
2026-05-19 20:18:37,lombar,16408,292,-2708,-153,-357,162,1496765
2026-05-19 20:18:37,esterno,2468,16004,-1860,-1462,-9,38,839332
2026-05-19 20:18:37,lombar,16296,412,-2692,-115,262,160,1496787
2026-05-19 20:18:37,esterno,2272,15908,-2528,-1405,-245,130,839354
2026-05-19 20:18:37,lombar,16264,428,-2752,-133,330,300,1496809
2026-05-19 20:18:37,esterno,2464,15660,-2544,-955,-324,34,839376
2026-05-19 20:18:37,lombar,16364,588,-2780,-56,-86,368,1496831
2026-05-19 20:18:37,esterno,2420,15584,-2260,-844,-166,-125,839398
2026-05-19 20:18:37,lombar,16308,456,-2688,-93,-429,305,1496853
2026-05-19 20:18:37,esterno,2468,15924,-2092,-800,121,-164,839420
2026-05-19 20:18:37,lombar,16568,360,-2880,-66,25,265,1496875
2026-05-19 20:18:37,esterno,2340,16128,-1756,-530,-101,16,839442
2026-05-19 20:18:37,lombar,16564,352,-2888,-40,558,405,1496897
2026-05-19 20:18:37,esterno,2392,16128,-1916,-605,-259,31,839464
2026-05-19 20:18:37,lombar,16392,552,-2708,33,321,426,1496919
2026-05-19 20:18:37,lombar,16452,404,-2716,-75,-30,347,1496941
2026-05-19 20:18:37,esterno,2340,16020,-1904,-918,12,-112,839486
2026-05-19 20:18:37,esterno,2444,15748,-2056,-841,-10,-122,839508
2026-05-19 20:18:38,lombar,16444,436,-2524,-216,-139,393,1496963
2026-05-19 20:18:38,esterno,2352,15724,-2136,-407,-81,-82,839530
2026-05-19 20:18:38,lombar,16448,456,-2564,-187,139,322,1496985
2026-05-19 20:18:38,esterno,2360,15924,-1808,-332,-48,-183,839552
2026-05-19 20:18:38,lombar,16432,368,-2492,-150,236,294,1497007
2026-05-19 20:18:38,esterno,2312,16028,-1624,-741,-92,-188,839574
2026-05-19 20:18:38,lombar,16420,524,-2588,-153,35,326,1497029
2026-05-19 20:18:38,esterno,2164,15848,-1972,-710,35,-237,839596
2026-05-19 20:18:38,lombar,16328,544,-2592,-169,132,234,1497051
2026-05-19 20:18:38,esterno,2404,15576,-2052,-368,-189,-286,839618
2026-05-19 20:18:38,lombar,16440,540,-2304,-54,222,226,1497073
2026-05-19 20:18:38,esterno,2364,15752,-1640,-329,10,-596,839640
2026-05-19 20:18:38,lombar,16552,344,-2560,25,-100,229,1497095
2026-05-19 20:18:38,esterno,2432,16172,-1432,-441,-171,-549,839662
2026-05-19 20:18:38,lombar,16408,296,-2384,-37,-89,139,1497117
2026-05-19 20:18:38,esterno,2228,15988,-1844,-202,-158,-353,839684
2026-05-19 20:18:38,lombar,16388,396,-2656,-8,-61,240,1497139
2026-05-19 20:18:38,esterno,2108,16068,-1732,-146,-230,-401,839706
2026-05-19 20:18:38,lombar,16432,560,-2420,81,-151,291,1497161
2026-05-19 20:18:38,esterno,2284,15764,-1824,-420,-201,-596,839728
2026-05-19 20:18:38,lombar,16432,376,-2384,146,-192,183,1497183
2026-05-19 20:18:38,esterno,2304,15600,-1824,-290,-46,-882,839750
2026-05-19 20:18:38,lombar,16444,372,-2328,139,-175,196,1497205
2026-05-19 20:18:38,esterno,2188,15736,-1996,96,20,-910,839772
2026-05-19 20:18:38,lombar,16488,468,-2388,136,-163,248,1497227
2026-05-19 20:18:38,esterno,1856,15752,-1848,168,-65,-719,839794
2026-05-19 20:18:38,lombar,16488,500,-2512,237,-97,314,1497249
2026-05-19 20:18:38,esterno,1720,15776,-1980,-46,29,-591,839816
2026-05-19 20:18:38,lombar,16412,488,-2344,166,15,274,1497271
2026-05-19 20:18:38,esterno,1880,15716,-1860,-25,48,-373,839838
2026-05-19 20:18:38,lombar,16416,432,-2444,141,-25,216,1497293
2026-05-19 20:18:38,esterno,2116,15632,-1920,329,170,-301,839860
2026-05-19 20:18:38,lombar,16428,508,-2248,59,-31,267,1497315
2026-05-19 20:18:38,esterno,2020,15912,-1560,349,154,-430,839882
2026-05-19 20:18:38,lombar,16492,664,-2412,9,-67,265,1497337
2026-05-19 20:18:38,esterno,1988,15972,-1892,104,-321,-165,839904
2026-05-19 20:18:38,lombar,16508,492,-2248,-125,36,280,1497359
2026-05-19 20:18:38,esterno,1760,15832,-2192,231,33,-115,839926
2026-05-19 20:18:38,lombar,16628,528,-2556,22,161,351,1497381
2026-05-19 20:18:38,esterno,1956,15680,-2032,505,292,-178,839948
2026-05-19 20:18:38,lombar,16540,540,-2256,82,67,255,1497403
2026-05-19 20:18:38,esterno,1864,15688,-1868,715,193,-235,839970
2026-05-19 20:18:38,lombar,16648,540,-2412,60,184,172,1497425
2026-05-19 20:18:38,esterno,2008,16156,-1900,576,218,-248,839992
2026-05-19 20:18:38,lombar,16440,428,-2460,-26,394,299,1497447
2026-05-19 20:18:38,esterno,1980,16220,-1836,194,136,-145,840014
2026-05-19 20:18:38,lombar,16536,512,-2372,-5,317,327,1497469
2026-05-19 20:18:38,esterno,2052,15864,-1932,164,176,-190,840036
2026-05-19 20:18:38,lombar,16360,644,-2600,-79,252,309,1497491
2026-05-19 20:18:38,esterno,1904,15836,-2152,679,250,-262,840058
2026-05-19 20:18:38,lombar,16480,708,-2188,-11,86,314,1497513
2026-05-19 20:18:38,esterno,1840,15752,-2296,937,138,-199,840080
2026-05-19 20:18:38,lombar,16388,432,-2320,175,403,288,1497535
2026-05-19 20:18:38,esterno,1680,16020,-1944,691,-16,-185,840102
2026-05-19 20:18:38,lombar,16460,660,-2032,-150,401,292,1497557
2026-05-19 20:18:38,esterno,1776,15952,-2188,323,-77,-52,840124
2026-05-19 20:18:38,lombar,16392,560,-2232,-104,264,283,1497579
2026-05-19 20:18:38,esterno,1684,15560,-2312,416,60,403,840146
2026-05-19 20:18:38,lombar,16464,636,-2060,-33,286,356,1497601
2026-05-19 20:18:38,esterno,2088,15620,-2488,444,-176,95,840168
2026-05-19 20:18:38,lombar,16472,616,-2120,-49,257,260,1497623
2026-05-19 20:18:38,esterno,2244,16064,-2248,537,267,-494,840190
2026-05-19 20:18:38,lombar,16508,524,-2356,-12,274,293,1497645
2026-05-19 20:18:38,esterno,1896,16284,-1928,509,8,-185,840212
2026-05-19 20:18:38,lombar,16448,436,-2232,-81,53,246,1497667
2026-05-19 20:18:38,esterno,1744,15848,-2476,87,13,157,840234
2026-05-19 20:18:38,lombar,16464,468,-2092,3,64,238,1497689
2026-05-19 20:18:38,esterno,1528,15796,-2340,-71,-59,344,840256
2026-05-19 20:18:38,lombar,16552,544,-2068,-14,142,324,1497711
2026-05-19 20:18:38,esterno,1644,15952,-2228,154,-297,365,840278
2026-05-19 20:18:38,lombar,16432,744,-1852,-93,43,337,1497733
2026-05-19 20:18:38,esterno,2124,16020,-2484,82,-117,-57,840300
2026-05-19 20:18:38,lombar,16428,508,-2096,-81,-6,257,1497755
2026-05-19 20:18:38,esterno,2048,16036,-2312,-171,37,-72,840322
2026-05-19 20:18:38,lombar,16468,516,-2080,-20,-132,276,1497777
2026-05-19 20:18:38,esterno,1864,15768,-2504,-203,-111,108,840344
2026-05-19 20:18:38,lombar,16468,580,-2176,38,-121,318,1497799
2026-05-19 20:18:38,esterno,1568,15792,-2240,-164,-84,452,840366
2026-05-19 20:18:38,lombar,16360,584,-2060,-3,47,307,1497821
2026-05-19 20:18:38,esterno,1660,15760,-2348,-434,-337,406,840388
2026-05-19 20:18:38,lombar,16496,680,-1904,78,-177,255,1497843
2026-05-19 20:18:38,esterno,2168,16000,-2676,-342,194,-148,840410
2026-05-19 20:18:38,lombar,16560,580,-1824,-59,-326,280,1497865
2026-05-19 20:18:38,esterno,2028,16048,-1808,-151,-47,25,840432
2026-05-19 20:18:38,lombar,16580,496,-1968,31,-179,254,1497887
2026-05-19 20:18:38,esterno,1908,15808,-2704,-253,-387,508,840454
2026-05-19 20:18:38,lombar,16596,360,-2000,25,-88,219,1497909
2026-05-19 20:18:38,lombar,16484,636,-1848,97,-30,333,1497931
2026-05-19 20:18:38,esterno,1784,15708,-2800,-250,-156,559,840476
2026-05-19 20:18:38,esterno,2024,15804,-2476,-355,146,175,840498
2026-05-19 20:18:38,lombar,16424,756,-1692,-58,-194,314,1497953
2026-05-19 20:18:38,esterno,2216,15884,-2024,-152,233,-105,840520
2026-05-19 20:18:38,lombar,16464,648,-1868,-65,8,200,1497975
2026-05-19 20:18:39,esterno,2056,16112,-2360,-26,115,-33,840542
2026-05-19 20:18:39,lombar,16580,468,-1848,-103,-32,207,1497997
2026-05-19 20:18:39,esterno,1796,15756,-2496,-353,115,192,840564
2026-05-19 20:18:39,lombar,16380,528,-1708,27,-173,270,1498019
2026-05-19 20:18:39,esterno,1632,15672,-2532,-404,132,279,840586
2026-05-19 20:18:39,lombar,16468,632,-1880,52,-139,269,1498041
2026-05-19 20:18:39,esterno,1988,15624,-2604,-59,78,355,840608
2026-05-19 20:18:39,lombar,16480,640,-1784,152,-127,236,1498063
2026-05-19 20:18:39,esterno,2180,15604,-2236,-27,-44,245,840630
2026-05-19 20:18:39,lombar,16428,632,-1768,14,-92,284,1498085
2026-05-19 20:18:39,esterno,2228,15988,-2036,-41,-60,137,840652
2026-05-19 20:18:39,lombar,16488,776,-1708,-1,-179,270,1498107
2026-05-19 20:18:39,esterno,2124,15872,-2472,-52,15,115,840674
2026-05-19 20:18:39,lombar,16536,680,-1956,67,-229,258,1498129
2026-05-19 20:18:39,esterno,1784,15848,-2392,-212,-4,101,840696
2026-05-19 20:18:39,lombar,16548,668,-2156,105,-202,241,1498151
2026-05-19 20:18:39,esterno,1884,15908,-2768,-422,-73,119,840718
2026-05-19 20:18:39,lombar,16496,548,-2028,91,-298,379,1498173
2026-05-19 20:18:39,esterno,2184,16020,-2252,-499,125,7,840740
2026-05-19 20:18:39,lombar,16544,612,-2092,64,-239,385,1498195
2026-05-19 20:18:39,esterno,2128,15956,-2140,-506,-49,-90,840762
2026-05-19 20:18:39,lombar,16548,620,-1844,186,-33,337,1498217
2026-05-19 20:18:39,esterno,2000,15880,-2332,-614,-53,-114,840784
2026-05-19 20:18:39,lombar,16564,728,-1700,205,-87,341,1498239
2026-05-19 20:18:39,esterno,1716,15940,-2176,-544,-267,89,840806
2026-05-19 20:18:39,lombar,16524,708,-1904,43,-219,406,1498261
2026-05-19 20:18:39,esterno,1932,15672,-2232,-503,-282,87,840828
2026-05-19 20:18:39,lombar,16492,732,-1788,-42,18,349,1498283
2026-05-19 20:18:39,esterno,2192,16004,-2352,-590,24,-126,840850
2026-05-19 20:18:39,lombar,16572,556,-1628,-5,-79,251,1498305
2026-05-19 20:18:39,esterno,2188,15968,-2260,-596,67,201,840872
2026-05-19 20:18:39,lombar,16508,584,-1768,-22,-74,333,1498327
2026-05-19 20:18:39,esterno,2056,15712,-2172,-485,-52,338,840894
2026-05-19 20:18:39,lombar,16496,672,-1704,-10,-200,417,1498349
2026-05-19 20:18:39,esterno,2168,15900,-2196,-415,45,111,840916
2026-05-19 20:18:39,lombar,16408,748,-1724,85,-240,270,1498371
2026-05-19 20:18:39,esterno,1904,15592,-2252,-387,172,233,840938
2026-05-19 20:18:39,lombar,16492,716,-1596,55,-243,356,1498393
2026-05-19 20:18:39,esterno,1808,15656,-2400,-521,278,75,840960
2026-05-19 20:18:39,lombar,16448,756,-1624,-160,-408,424,1498415
2026-05-19 20:18:39,esterno,2128,15972,-2104,-525,-155,162,840982
2026-05-19 20:18:39,lombar,16548,664,-1644,-133,-391,291,1498437
2026-05-19 20:18:39,esterno,2172,15980,-2328,-478,-279,199,841004
2026-05-19 20:18:39,lombar,16524,652,-1656,-55,-361,297,1498459
2026-05-19 20:18:39,esterno,1976,15748,-2664,-455,128,263,841026
2026-05-19 20:18:39,lombar,16604,688,-1776,40,-282,411,1498481
2026-05-19 20:18:39,esterno,2072,15528,-2392,-263,220,154,841048
2026-05-19 20:18:39,lombar,16464,692,-1704,72,-502,317,1498503
2026-05-19 20:18:39,esterno,2060,15948,-2060,-58,165,79,841070
2026-05-19 20:18:39,lombar,16560,680,-1644,-21,-395,335,1498525
2026-05-19 20:18:39,esterno,1940,16196,-1796,-284,-47,274,841092
2026-05-19 20:18:39,lombar,16608,632,-1748,-87,-287,333,1498547
2026-05-19 20:18:39,esterno,1928,15772,-1928,-382,88,305,841114
2026-05-19 20:18:39,lombar,16596,736,-1912,-57,-339,370,1498569
2026-05-19 20:18:39,esterno,2092,15352,-2300,-2,143,621,841136
2026-05-19 20:18:39,lombar,16624,664,-1876,68,-143,351,1498591
2026-05-19 20:18:39,esterno,1848,15572,-2236,412,105,1077,841158
2026-05-19 20:18:39,lombar,16636,672,-1804,34,-331,456,1498613
2026-05-19 20:18:39,esterno,1796,16160,-1688,193,-338,1368,841180
2026-05-19 20:18:39,lombar,16380,584,-1820,-178,-148,531,1498635
2026-05-19 20:18:39,esterno,2312,16344,-2248,-203,-424,814,841202
2026-05-19 20:18:39,lombar,16552,832,-1396,-63,-145,521,1498657
2026-05-19 20:18:39,esterno,2472,16008,-2160,-63,74,585,841224
2026-05-19 20:18:39,lombar,16512,660,-1796,-118,-329,490,1498679
2026-05-19 20:18:39,esterno,2528,15464,-2544,53,-57,940,841246
2026-05-19 20:18:39,lombar,16412,520,-2048,-123,-198,581,1498701
2026-05-19 20:18:39,esterno,2612,15784,-2188,-268,5,1059,841268
2026-05-19 20:18:39,lombar,16396,596,-1748,-126,-268,517,1498723
2026-05-19 20:18:39,esterno,2776,16104,-2476,-405,-325,-401,841290
2026-05-19 20:18:39,lombar,16548,692,-1568,-168,-445,505,1498745
2026-05-19 20:18:39,esterno,2408,16012,-1716,70,178,-828,841312
2026-05-19 20:18:39,lombar,16460,720,-1856,-172,-295,621,1498767
2026-05-19 20:18:39,esterno,2300,15612,-2116,-422,80,-773,841334
2026-05-19 20:18:39,lombar,16340,704,-1928,-84,-260,514,1498789
2026-05-19 20:18:39,esterno,2500,15472,-2368,-494,7,-813,841356
2026-05-19 20:18:39,lombar,16716,548,-1808,-224,-470,415,1498811
2026-05-19 20:18:39,esterno,2608,15924,-2020,-104,31,-656,841378
2026-05-19 20:18:39,lombar,16684,640,-1820,-275,-565,558,1498833
2026-05-19 20:18:39,esterno,2056,15948,-2048,-5,42,-340,841400
2026-05-19 20:18:39,lombar,16756,596,-1836,-233,-447,524,1498855
2026-05-19 20:18:39,esterno,1744,15780,-2172,-482,125,-17,841422
2026-05-19 20:18:39,lombar,16716,612,-2060,-58,-290,429,1498877
2026-05-19 20:18:39,esterno,2128,15604,-2376,-848,255,-17,841444
2026-05-19 20:18:39,lombar,16672,352,-1888,88,-201,252,1498899
2026-05-19 20:18:39,esterno,2644,15452,-2256,-666,640,130,841466
2026-05-19 20:18:39,lombar,16552,216,-1792,214,-172,316,1498921
2026-05-19 20:18:39,esterno,2444,15392,-2388,-7,1222,348,841488
2026-05-19 20:18:39,lombar,16660,128,-1532,338,-250,342,1498943
2026-05-19 20:18:39,esterno,2132,15296,-2164,324,680,260,841510
2026-05-19 20:18:39,lombar,16784,500,-1688,410,-381,261,1498965
2026-05-19 20:18:40,esterno,2360,15608,-2616,250,774,-328,841532
2026-05-19 20:18:40,lombar,16596,444,-1996,377,-213,142,1498987
2026-05-19 20:18:40,esterno,2612,15648,-2568,-105,1712,-721,841554
2026-05-19 20:18:40,lombar,16716,556,-2072,469,190,252,1499009
2026-05-19 20:18:40,esterno,2284,15424,-2208,518,1673,-447,841576
2026-05-19 20:18:40,lombar,16472,548,-2020,836,693,324,1499031
2026-05-19 20:18:40,esterno,1844,15648,-2024,1500,1400,-10,841598
2026-05-19 20:18:40,lombar,16388,616,-1896,1214,530,360,1499053
2026-05-19 20:18:40,esterno,1340,16152,-1668,1412,1189,101,841620
2026-05-19 20:18:40,lombar,16316,592,-1512,1036,529,530,1499075
2026-05-19 20:18:40,esterno,1548,16152,-1952,257,951,-169,841642
2026-05-19 20:18:40,lombar,16412,828,-1192,879,402,610,1499097
2026-05-19 20:18:40,lombar,16336,992,-1692,710,978,644,1499119
2026-05-19 20:18:40,lombar,16300,1284,-1264,228,1026,671,1499141
2026-05-19 20:18:40,lombar,16720,1164,-1216,-163,440,629,1499163
2026-05-19 20:18:40,esterno,2244,15180,-2552,-197,830,-348,841664
2026-05-19 20:18:40,esterno,2884,14752,-2912,554,632,-414,841686
2026-05-19 20:18:40,esterno,2692,15240,-2452,1259,349,-306,841708
2026-05-19 20:18:40,esterno,2096,16220,-2376,970,64,-276,841730
2026-05-19 20:18:40,lombar,16804,812,-1552,-573,581,759,1499185
2026-05-19 20:18:40,esterno,1592,16580,-2296,160,-219,-269,841752
2026-05-19 20:18:40,esterno,1508,16444,-1988,-204,-597,-468,841774
2026-05-19 20:18:40,lombar,16616,384,-1924,-671,267,975,1499207
2026-05-19 20:18:40,lombar,16716,592,-1604,-729,-109,1020,1499229
2026-05-19 20:18:40,esterno,1908,16168,-2240,-200,-1129,-499,841796
2026-05-19 20:18:40,lombar,16704,500,-1544,-779,-264,1086,1499251
2026-05-19 20:18:40,esterno,1860,15948,-2304,-121,-1111,-571,841818
2026-05-19 20:18:40,lombar,16632,340,-1428,-595,-93,1059,1499273
2026-05-19 20:18:40,esterno,1764,16092,-2320,-264,-1273,-451,841840
2026-05-19 20:18:40,lombar,16624,152,-1588,-654,170,934,1499295
2026-05-19 20:18:40,esterno,2060,16036,-2444,-254,-1367,-269,841862
2026-05-19 20:18:40,lombar,16744,268,-1408,-621,69,736,1499317
2026-05-19 20:18:40,esterno,2352,15904,-2200,-198,-1249,-293,841884
2026-05-19 20:18:40,lombar,16588,224,-1384,-792,187,757,1499339
2026-05-19 20:18:40,esterno,2368,16008,-2560,-206,-837,-297,841906
2026-05-19 20:18:40,lombar,16796,328,-1544,-578,123,703,1499361
2026-05-19 20:18:40,esterno,2476,15860,-2740,-231,-511,-235,841928
2026-05-19 20:18:40,lombar,16736,244,-1456,-483,99,636,1499383
2026-05-19 20:18:40,esterno,2268,15844,-2580,39,-248,-195,841950
2026-05-19 20:18:40,lombar,16580,192,-1108,-493,39,618,1499405
2026-05-19 20:18:40,esterno,2156,16308,-2644,-50,-233,-95,841972
2026-05-19 20:18:40,lombar,16812,188,-1276,-479,72,498,1499427
2026-05-19 20:18:40,esterno,1964,15700,-2820,-164,-146,-119,841994
2026-05-19 20:18:40,lombar,16552,188,-1020,-446,-41,562,1499449
2026-05-19 20:18:40,esterno,1568,15332,-2832,511,284,-322,842016
2026-05-19 20:18:40,lombar,16652,160,-1252,-429,130,526,1499471
2026-05-19 20:18:40,esterno,1668,15784,-2088,573,-82,-372,842038
2026-05-19 20:18:40,lombar,16596,436,-1164,-504,199,523,1499493
2026-05-19 20:18:40,esterno,1644,15940,-2436,-58,-523,-311,842060
2026-05-19 20:18:40,lombar,16464,408,-1388,-658,-126,560,1499515
2026-05-19 20:18:40,esterno,1716,15976,-2832,-264,-385,-238,842082
2026-05-19 20:18:40,lombar,16412,480,-1128,-707,-115,645,1499537
2026-05-19 20:18:40,esterno,1768,15848,-2920,183,-436,-274,842104
2026-05-19 20:18:40,lombar,16484,388,-1076,-837,-7,611,1499559
2026-05-19 20:18:40,esterno,2000,15840,-2684,44,-555,-328,842126
2026-05-19 20:18:40,lombar,16724,300,-1136,-918,-395,629,1499581
2026-05-19 20:18:40,esterno,1824,16128,-2596,-143,-620,-218,842148
2026-05-19 20:18:40,lombar,16816,160,-1016,-1066,-210,661,1499603
2026-05-19 20:18:40,esterno,1392,16200,-2192,-385,-1003,16,842170
2026-05-19 20:18:40,lombar,16784,244,-1136,-1058,-211,586,1499625
2026-05-19 20:18:40,esterno,1508,15908,-2624,-378,-1003,54,842192
2026-05-19 20:18:40,lombar,16636,180,-1124,-951,-350,545,1499647
2026-05-19 20:18:40,esterno,1572,15624,-2756,-206,-1016,85,842214
2026-05-19 20:18:40,lombar,16616,52,-1192,-718,-416,479,1499669
2026-05-19 20:18:40,esterno,1668,15804,-2904,-222,-1020,173,842236
2026-05-19 20:18:40,lombar,16836,68,-860,-735,-387,459,1499691
2026-05-19 20:18:40,esterno,1784,15688,-2816,-297,-1044,182,842258
2026-05-19 20:18:40,lombar,16752,180,-968,-728,-324,441,1499713
2026-05-19 20:18:40,esterno,1800,15648,-2644,-175,-1024,85,842280
2026-05-19 20:18:40,lombar,16616,8,-1196,-612,-231,336,1499735
2026-05-19 20:18:40,esterno,1648,15636,-2732,-73,-857,37,842302
2026-05-19 20:18:40,lombar,16756,-72,-1060,-400,-474,340,1499757
2026-05-19 20:18:40,esterno,1828,15508,-3064,-85,-946,203,842324
2026-05-19 20:18:40,lombar,16852,12,-1060,-384,-198,444,1499779
2026-05-19 20:18:40,esterno,1924,15500,-2824,49,-702,95,842346
2026-05-19 20:18:40,lombar,16748,244,-904,-384,-328,461,1499801
2026-05-19 20:18:40,esterno,1976,15480,-2728,386,-741,-33,842368
2026-05-19 20:18:40,lombar,16772,264,-1044,-427,-163,458,1499823
2026-05-19 20:18:40,esterno,1920,15668,-2608,458,-850,-43,842390
2026-05-19 20:18:40,lombar,16764,180,-1032,-443,137,325,1499845
2026-05-19 20:18:40,esterno,1756,15784,-2724,426,-736,9,842412
2026-05-19 20:18:40,lombar,16864,280,-1236,-427,176,503,1499867
2026-05-19 20:18:40,esterno,1768,15928,-2980,343,-643,-34,842434
2026-05-19 20:18:40,lombar,16628,212,-940,-461,-136,501,1499889
2026-05-19 20:18:40,lombar,16772,212,-1180,-602,45,620,1499911
2026-05-19 20:18:40,esterno,1768,15868,-2820,402,-468,-182,842456
2026-05-19 20:18:40,esterno,1868,15732,-2732,603,-487,-320,842478
2026-05-19 20:18:40,lombar,16592,296,-904,-458,150,589,1499933
2026-05-19 20:18:40,esterno,1724,15784,-3004,519,-402,-375,842500
2026-05-19 20:18:40,lombar,16764,116,-904,-682,90,559,1499955
2026-05-19 20:18:40,esterno,1544,15824,-2796,554,-454,-347,842522
2026-05-19 20:18:41,lombar,16604,44,-896,-824,-154,642,1499977
2026-05-19 20:18:41,esterno,1548,15640,-3292,765,-49,-406,842544
2026-05-19 20:18:41,lombar,16576,20,-1120,-786,114,656,1499999
2026-05-19 20:18:41,esterno,1500,15552,-2576,587,-231,-513,842566
2026-05-19 20:18:41,lombar,16716,160,-908,-687,-67,566,1500021
2026-05-19 20:18:41,esterno,1408,15540,-2784,343,-861,-447,842588
2026-05-19 20:18:41,lombar,16568,-116,-1504,-528,141,657,1500043
2026-05-19 20:18:41,esterno,1600,15772,-3496,636,-476,-303,842610
2026-05-19 20:18:41,lombar,16660,60,-968,-363,242,598,1500065
2026-05-19 20:18:41,esterno,1648,15820,-2908,789,-70,-468,842632
2026-05-19 20:18:41,lombar,16552,-140,-984,-413,-71,637,1500087
2026-05-19 20:18:41,esterno,1800,16032,-3064,752,-217,-460,842654
2026-05-19 20:18:41,lombar,16668,36,-940,-437,-44,590,1500109
2026-05-19 20:18:41,esterno,1692,16160,-3208,463,-245,-431,842676
2026-05-19 20:18:41,lombar,16440,144,-1252,-458,320,697,1500131
2026-05-19 20:18:41,esterno,1440,15872,-3132,118,-138,-365,842698
2026-05-19 20:18:41,lombar,16684,84,-940,-364,-26,645,1500153
2026-05-19 20:18:41,esterno,1280,15596,-3136,260,-170,-263,842720
2026-05-19 20:18:41,lombar,16576,88,-1032,-199,22,616,1500175
2026-05-19 20:18:41,esterno,1388,15684,-3060,485,-292,-133,842742
2026-05-19 20:18:41,lombar,16644,32,-952,-273,163,599,1500197
2026-05-19 20:18:41,esterno,1532,15628,-2944,267,-285,-206,842764
2026-05-19 20:18:41,lombar,16784,-36,-860,-270,23,590,1500219
2026-05-19 20:18:41,lombar,16584,-72,-876,-307,214,530,1500241
2026-05-19 20:18:41,esterno,1600,15784,-3256,140,-212,-262,842786
2026-05-19 20:18:41,esterno,1432,15660,-3540,264,-291,-290,842808
2026-05-19 20:18:41,lombar,16868,12,-904,-379,127,605,1500263
2026-05-19 20:18:41,esterno,1248,15564,-3700,412,-236,-193,842830
2026-05-19 20:18:41,lombar,16744,-60,-720,-208,161,494,1500285
2026-05-19 20:18:41,esterno,1604,15540,-3196,585,-156,-113,842852
2026-05-19 20:18:41,lombar,16840,44,-596,-244,286,481,1500307
2026-05-19 20:18:41,esterno,1364,15680,-3120,771,-90,-195,842874
2026-05-19 20:18:41,lombar,16776,-120,-812,-564,306,513,1500329
2026-05-19 20:18:41,esterno,1320,15732,-3252,714,-200,-221,842896
2026-05-19 20:18:41,lombar,16764,-120,-656,-347,454,386,1500351
2026-05-19 20:18:41,esterno,1252,15804,-3524,611,-257,-144,842918
2026-05-19 20:18:41,lombar,16704,-116,-888,-347,483,465,1500373
2026-05-19 20:18:41,esterno,1392,15744,-3576,669,-137,-51,842940
2026-05-19 20:18:41,lombar,16624,-276,-716,-123,221,368,1500395
2026-05-19 20:18:41,esterno,1244,15828,-3512,847,-103,-58,842962
2026-05-19 20:18:41,lombar,16840,-308,-820,-143,521,298,1500417
2026-05-19 20:18:41,esterno,1456,16160,-3300,837,-117,-52,842984
2026-05-19 20:18:41,lombar,16816,-184,-844,-232,211,308,1500439
2026-05-19 20:18:41,esterno,1604,16288,-3452,633,94,-144,843006
2026-05-19 20:18:41,lombar,16700,-72,-416,-224,112,273,1500461
2026-05-19 20:18:41,esterno,1304,16364,-3492,459,109,-138,843028
2026-05-19 20:18:41,esterno,1128,15884,-3624,518,98,-20,843050
2026-05-19 20:18:41,lombar,16740,-140,-796,-220,239,149,1500483
2026-05-19 20:18:41,lombar,16612,-100,-648,-142,191,65,1500505
2026-05-19 20:18:41,esterno,1076,15432,-3848,556,583,-21,843072
2026-05-19 20:18:41,lombar,16704,16,-508,-172,75,177,1500527
2026-05-19 20:18:41,esterno,1384,15668,-3324,163,-47,28,843094
2026-05-19 20:18:41,lombar,16648,-56,-200,-78,-38,21,1500549
2026-05-19 20:18:41,esterno,1428,15516,-3804,297,-295,230,843116
2026-05-19 20:18:41,lombar,16576,-128,-408,193,76,-20,1500571
2026-05-19 20:18:41,esterno,1296,15380,-3996,653,213,315,843138
2026-05-19 20:18:41,lombar,16564,-104,-400,373,67,-65,1500593
2026-05-19 20:18:41,esterno,1384,15456,-3964,611,296,314,843160
2026-05-19 20:18:41,lombar,16700,100,-420,487,-213,41,1500615
2026-05-19 20:18:41,esterno,1616,15704,-3972,613,305,390,843182
2026-05-19 20:18:41,lombar,16608,-32,-188,423,-559,31,1500637
2026-05-19 20:18:41,esterno,1588,15852,-3864,458,316,381,843204
2026-05-19 20:18:41,lombar,16696,-16,-516,445,-477,-19,1500659
2026-05-19 20:18:41,esterno,1440,15648,-3820,340,301,400,843226
2026-05-19 20:18:41,lombar,16588,124,-544,475,-317,0,1500681
2026-05-19 20:18:41,esterno,1416,15460,-4240,525,313,456,843248
2026-05-19 20:18:41,lombar,16704,4,-308,317,-506,15,1500703
2026-05-19 20:18:41,esterno,1404,15512,-3972,565,363,383,843270
2026-05-19 20:18:41,lombar,16756,-80,-728,221,-418,73,1500725
2026-05-19 20:18:41,esterno,1552,15808,-3836,387,292,439,843292
2026-05-19 20:18:41,lombar,16772,60,-732,207,-213,54,1500747
2026-05-19 20:18:41,esterno,1512,15860,-3932,167,369,404,843314
2026-05-19 20:18:41,lombar,16596,40,-608,170,-291,100,1500769
2026-05-19 20:18:41,esterno,1388,15740,-4036,163,385,329,843336
2026-05-19 20:18:41,lombar,16716,96,-776,330,-103,53,1500791
2026-05-19 20:18:41,esterno,1336,15728,-4112,206,261,403,843358
2026-05-19 20:18:41,lombar,16588,84,-552,71,67,-29,1500813
2026-05-19 20:18:41,esterno,1540,15580,-4056,115,390,446,843380
2026-05-19 20:18:41,lombar,16768,176,-452,18,-228,85,1500835
2026-05-19 20:18:41,esterno,1448,15620,-3600,139,310,322,843402
2026-05-19 20:18:41,lombar,16724,80,-412,10,-161,55,1500857
2026-05-19 20:18:41,esterno,1540,15692,-4012,85,280,398,843424
2026-05-19 20:18:41,lombar,16748,24,-500,225,54,-83,1500879
2026-05-19 20:18:41,esterno,1544,15668,-3992,-20,216,394,843446
2026-05-19 20:18:41,lombar,16820,144,-436,170,-253,57,1500901
2026-05-19 20:18:41,esterno,1544,15628,-4288,-23,181,366,843468
2026-05-19 20:18:41,lombar,16804,160,-276,197,-486,127,1500923
2026-05-19 20:18:41,esterno,1676,15524,-3964,130,153,259,843490
2026-05-19 20:18:41,lombar,16548,228,-576,286,-131,94,1500945
2026-05-19 20:18:41,esterno,1768,15624,-4012,177,182,199,843512
2026-05-19 20:18:42,lombar,16584,256,-376,216,-179,140,1500967
2026-05-19 20:18:42,esterno,1804,15628,-4096,64,170,200,843534
2026-05-19 20:18:42,lombar,16524,260,-436,189,-405,203,1500989
2026-05-19 20:18:42,esterno,1688,15576,-4084,-13,282,243,843556
2026-05-19 20:18:42,lombar,16364,272,-524,260,-391,223,1501011
2026-05-19 20:18:42,esterno,1720,15492,-4544,57,465,256,843578
2026-05-19 20:18:42,lombar,16656,560,-492,220,-367,319,1501033
2026-05-19 20:18:42,esterno,1640,15424,-3780,-94,446,113,843600
2026-05-19 20:18:42,lombar,16596,540,-412,-118,-642,342,1501055
2026-05-19 20:18:42,esterno,1840,15744,-3780,-471,-515,296,843622
2026-05-19 20:18:42,lombar,16608,328,-616,10,-563,296,1501077
2026-05-19 20:18:42,esterno,1764,15736,-4308,-176,-251,381,843644
2026-05-19 20:18:42,lombar,16768,444,-348,-173,-377,332,1501099
2026-05-19 20:18:42,esterno,1576,15368,-4028,-53,96,246,843666
2026-05-19 20:18:42,lombar,16756,416,-728,-84,-502,334,1501121
2026-05-19 20:18:42,esterno,1828,15592,-4292,-46,-61,182,843688
2026-05-19 20:18:42,lombar,16628,216,-596,-192,-572,362,1501143
2026-05-19 20:18:42,esterno,1896,15820,-4132,-44,-218,210,843710
2026-05-19 20:18:42,lombar,16832,208,-468,-30,-573,357,1501165
2026-05-19 20:18:42,esterno,1804,15908,-3772,-237,-293,283,843732
2026-05-19 20:18:42,lombar,16956,424,-556,-170,-509,438,1501187
2026-05-19 20:18:42,esterno,1864,15608,-3952,-74,-197,272,843754
2026-05-19 20:18:42,lombar,16816,420,-504,-164,-354,424,1501209
2026-05-19 20:18:42,esterno,1768,15404,-4136,165,-136,146,843776
2026-05-19 20:18:42,lombar,16628,360,-720,-153,-289,321,1501231
2026-05-19 20:18:42,esterno,1764,15324,-4108,164,-166,-37,843798
2026-05-19 20:18:42,lombar,16836,288,-500,-127,-260,435,1501253
2026-05-19 20:18:42,esterno,1860,15660,-4040,98,-146,-41,843820
2026-05-19 20:18:42,lombar,16696,408,-296,-128,-292,412,1501275
2026-05-19 20:18:42,esterno,1856,15604,-4212,-27,-151,-18,843842
2026-05-19 20:18:42,lombar,16748,292,-392,-175,-241,377,1501297
2026-05-19 20:18:42,esterno,1852,15552,-4304,51,-102,89,843864
2026-05-19 20:18:42,lombar,16740,332,-556,-160,-275,378,1501319
2026-05-19 20:18:42,esterno,1992,15304,-4456,220,-181,170,843886
2026-05-19 20:18:42,lombar,16760,308,-552,-90,-177,407,1501341
2026-05-19 20:18:42,esterno,1960,15392,-4272,373,0,-112,843908
2026-05-19 20:18:42,lombar,16736,236,-496,-146,-367,366,1501363
2026-05-19 20:18:42,esterno,1780,15668,-4028,286,-104,-126,843930
2026-05-19 20:18:42,lombar,16720,228,-700,-63,-209,361,1501385
2026-05-19 20:18:42,esterno,1832,15712,-4272,15,-197,30,843952
2026-05-19 20:18:42,lombar,16700,232,-720,56,-9,319,1501407
2026-05-19 20:18:42,esterno,1772,15504,-4452,-29,-62,128,843974
2026-05-19 20:18:42,lombar,16760,260,-440,-47,-213,383,1501429
2026-05-19 20:18:42,esterno,1780,15564,-4276,11,-87,125,843996
2026-05-19 20:18:42,lombar,16784,280,-824,17,-283,371,1501451
2026-05-19 20:18:42,esterno,1756,15584,-4448,43,-9,65,844018
2026-05-19 20:18:42,lombar,16728,284,-524,64,4,254,1501473
2026-05-19 20:18:42,esterno,1816,15608,-4348,6,112,-50,844040
2026-05-19 20:18:42,lombar,16632,264,-528,107,-223,252,1501495
2026-05-19 20:18:42,esterno,1836,15692,-4372,-64,122,-47,844062
2026-05-19 20:18:42,lombar,16784,308,-572,-17,-259,364,1501517
2026-05-19 20:18:42,esterno,1732,15704,-4436,45,287,-58,844084
2026-05-19 20:18:42,lombar,16724,244,-552,-88,-283,374,1501539
2026-05-19 20:18:42,esterno,1712,15552,-4712,5,1033,-294,844106
2026-05-19 20:18:42,lombar,16696,184,-480,-130,-180,346,1501561
2026-05-19 20:18:42,esterno,1784,15660,-3712,-453,-11,-329,844128
2026-05-19 20:18:42,lombar,16696,180,-496,-38,-276,346,1501583
2026-05-19 20:18:42,esterno,1856,15516,-4544,-230,7,-149,844150
2026-05-19 20:18:42,lombar,16792,328,-492,84,-298,374,1501605
2026-05-19 20:18:42,esterno,1652,15376,-4504,148,799,-201,844172
2026-05-19 20:18:42,lombar,16964,100,-260,104,-383,349,1501627
2026-05-19 20:18:42,esterno,1700,15392,-4648,189,574,-259,844194
2026-05-19 20:18:42,lombar,16780,144,-452,340,-346,301,1501649
2026-05-19 20:18:42,esterno,1756,15516,-4344,333,459,-106,844216
2026-05-19 20:18:42,lombar,16740,172,-352,339,-435,207,1501671
2026-05-19 20:18:42,esterno,1720,15592,-4088,153,397,-8,844238
2026-05-19 20:18:42,lombar,16600,212,-384,359,-125,261,1501693
2026-05-19 20:18:42,esterno,1808,15192,-4272,169,357,73,844260
2026-05-19 20:18:42,lombar,16512,408,-452,331,-212,136,1501715
2026-05-19 20:18:42,lombar,16736,404,-496,299,-297,178,1501737
2026-05-19 20:18:42,esterno,1760,15128,-4688,393,385,32,844282
2026-05-19 20:18:42,esterno,1680,15280,-4664,383,403,2,844304
2026-05-19 20:18:42,lombar,16692,216,-368,383,-265,159,1501759
2026-05-19 20:18:42,esterno,1676,15648,-4344,280,114,78,844326
2026-05-19 20:18:42,lombar,16596,232,-432,473,-276,196,1501781
2026-05-19 20:18:42,lombar,16448,304,-520,509,-462,281,1501803
2026-05-19 20:18:42,esterno,1732,16116,-4608,-245,81,236,844348
2026-05-19 20:18:42,esterno,1600,16188,-4740,-906,296,163,844370
2026-05-19 20:18:42,lombar,16544,352,-332,284,-689,284,1501825
2026-05-19 20:18:42,esterno,1632,15632,-4984,-1111,-165,242,844392
2026-05-19 20:18:42,lombar,16664,444,-636,248,-850,275,1501847
2026-05-19 20:18:42,esterno,1644,14812,-4956,-829,96,200,844414
2026-05-19 20:18:42,lombar,16720,572,-476,111,-855,203,1501869
2026-05-19 20:18:42,esterno,1692,15088,-3792,-466,-258,455,844436
2026-05-19 20:18:42,lombar,16824,400,-504,-37,-732,126,1501891
2026-05-19 20:18:42,esterno,1560,15116,-3684,-297,-338,788,844458
2026-05-19 20:18:42,lombar,16608,248,-628,54,-462,-164,1501913
2026-05-19 20:18:42,esterno,1772,15080,-4000,-377,196,799,844480
2026-05-19 20:18:42,lombar,16824,200,-896,184,-372,-189,1501935
2026-05-19 20:18:42,esterno,2096,15160,-3928,-103,268,942,844502
2026-05-19 20:18:42,lombar,16864,296,-560,416,-215,-247,1501957
2026-05-19 20:18:43,esterno,2328,15332,-4216,340,195,1051,844524
2026-05-19 20:18:43,lombar,16944,240,-648,446,-126,-361,1501979
2026-05-19 20:18:43,esterno,2088,15668,-4356,527,477,991,844546
2026-05-19 20:18:43,lombar,17096,160,-940,435,106,-478,1502001
2026-05-19 20:18:43,esterno,1844,15964,-4000,441,591,929,844568
2026-05-19 20:18:43,lombar,16944,260,-1064,611,221,-356,1502023
2026-05-19 20:18:43,esterno,2220,16040,-4308,519,890,668,844590
2026-05-19 20:18:43,lombar,16892,368,-740,697,58,-268,1502045
2026-05-19 20:18:43,esterno,2376,15800,-4568,701,1748,108,844612
2026-05-19 20:18:43,lombar,16972,364,-912,854,153,-198,1502067
2026-05-19 20:18:43,esterno,2404,15688,-3628,355,895,-140,844634
2026-05-19 20:18:43,lombar,16688,236,-640,1045,186,-224,1502089
2026-05-19 20:18:43,esterno,2080,15492,-4724,322,788,-150,844656
2026-05-19 20:18:43,lombar,16628,404,-512,1275,374,-213,1502111
2026-05-19 20:18:43,esterno,1664,15128,-4572,444,1369,-88,844678
2026-05-19 20:18:43,lombar,16452,668,-500,1212,120,41,1502133
2026-05-19 20:18:43,esterno,2152,15056,-4532,464,1253,-124,844700
2026-05-19 20:18:43,lombar,16432,816,-300,1254,45,-19,1502155
2026-05-19 20:18:43,esterno,2492,15308,-4400,440,1263,-164,844722
2026-05-19 20:18:43,lombar,16392,776,-548,1106,125,34,1502177
2026-05-19 20:18:43,esterno,2408,15580,-4024,201,1104,-186,844744
2026-05-19 20:18:43,lombar,16348,784,-628,957,69,147,1502199
2026-05-19 20:18:43,esterno,2092,15436,-4300,20,951,-109,844766
2026-05-19 20:18:43,lombar,16376,844,-588,1009,-160,177,1502221
2026-05-19 20:18:43,esterno,2104,15336,-4832,-70,1057,-8,844788
2026-05-19 20:18:43,lombar,16660,808,-332,830,-347,265,1502243
2026-05-19 20:18:43,esterno,2196,15420,-4812,-271,967,-7,844810
2026-05-19 20:18:43,lombar,16812,672,-448,993,-198,111,1502265
2026-05-19 20:18:43,esterno,2380,15696,-4692,-386,1034,-95,844832
2026-05-19 20:18:43,lombar,16812,508,-760,1094,-140,122,1502287
2026-05-19 20:18:43,esterno,2464,15956,-4592,-376,998,-35,844854
2026-05-19 20:18:43,lombar,16648,656,-524,1207,-317,118,1502309
2026-05-19 20:18:43,esterno,2180,15936,-4536,-259,1248,42,844876
2026-05-19 20:18:43,lombar,16588,896,-604,1219,-302,23,1502331
2026-05-19 20:18:43,esterno,2268,15716,-4600,-386,1284,207,844898
2026-05-19 20:18:43,lombar,16824,1024,-700,1094,-304,61,1502353
2026-05-19 20:18:43,esterno,2344,15572,-4700,-510,1363,94,844920
2026-05-19 20:18:43,lombar,16652,780,-344,806,-401,79,1502375
2026-05-19 20:18:43,esterno,2136,15696,-4100,-433,1262,-124,844942
2026-05-19 20:18:43,lombar,16516,612,-504,578,-553,76,1502397
2026-05-19 20:18:43,esterno,1900,15492,-4024,-491,1031,-27,844964
2026-05-19 20:18:43,lombar,16708,884,-424,431,-449,40,1502419
2026-05-19 20:18:43,esterno,1760,15276,-4312,-594,1052,108,844986
2026-05-19 20:18:43,lombar,16484,728,-568,621,-458,-12,1502441
2026-05-19 20:18:43,esterno,1960,15272,-4524,-657,940,253,845008
2026-05-19 20:18:43,lombar,16984,536,-516,680,-573,38,1502463
2026-05-19 20:18:43,esterno,2116,15076,-4464,-484,900,232,845030
2026-05-19 20:18:43,lombar,16876,432,-340,893,-346,-29,1502485
2026-05-19 20:18:43,esterno,2308,15328,-4828,-205,1005,216,845052
2026-05-19 20:18:43,lombar,16928,572,-344,963,-320,-141,1502507
2026-05-19 20:18:43,esterno,2288,15316,-4456,71,877,291,845074
2026-05-19 20:18:43,lombar,16748,668,-348,1028,-293,-28,1502529
2026-05-19 20:18:43,esterno,2292,15376,-4192,245,710,422,845096
2026-05-19 20:18:43,lombar,16840,636,-520,1167,-133,-273,1502551
2026-05-19 20:18:43,esterno,2128,15364,-4504,402,946,458,845118
2026-05-19 20:18:43,lombar,16852,616,-488,1303,-52,-407,1502573
2026-05-19 20:18:43,esterno,2240,15448,-4916,441,1585,319,845140
2026-05-19 20:18:43,lombar,16836,576,-540,1379,13,-252,1502595
2026-05-19 20:18:43,esterno,2508,15628,-4184,365,758,350,845162
2026-05-19 20:18:43,lombar,16796,876,-464,1339,113,-458,1502617
2026-05-19 20:18:43,esterno,2400,15620,-4480,361,620,543,845184
2026-05-19 20:18:43,lombar,16796,700,-644,1516,215,-497,1502639
2026-05-19 20:18:43,esterno,2388,15516,-4660,513,1356,627,845206
2026-05-19 20:18:43,lombar,16780,828,-200,1597,211,-567,1502661
2026-05-19 20:18:43,esterno,2520,15500,-4548,656,1492,443,845228
2026-05-19 20:18:43,lombar,16800,780,-640,1699,-35,-537,1502683
2026-05-19 20:18:43,esterno,2744,15612,-4744,722,1491,285,845250
2026-05-19 20:18:43,lombar,16552,908,-572,1577,228,-527,1502705
2026-05-19 20:18:43,esterno,2408,15508,-4448,499,1527,370,845272
2026-05-19 20:18:43,lombar,16356,1252,-260,1631,237,-528,1502727
2026-05-19 20:18:43,esterno,2416,15408,-4432,419,1434,500,845294
2026-05-19 20:18:43,lombar,16296,1348,-372,1391,-5,-494,1502749
2026-05-19 20:18:43,esterno,2684,15008,-4800,366,1637,450,845316
2026-05-19 20:18:43,lombar,16292,1476,-284,1285,-372,-444,1502771
2026-05-19 20:18:43,esterno,2668,14928,-4564,138,1545,329,845338
2026-05-19 20:18:43,lombar,16316,1440,-376,1177,-276,-364,1502793
2026-05-19 20:18:43,esterno,2788,15152,-4760,-52,1268,340,845360
2026-05-19 20:18:43,lombar,16364,1388,-468,1048,-369,-202,1502815
2026-05-19 20:18:43,esterno,3008,15652,-4716,-342,1180,426,845382
2026-05-19 20:18:43,lombar,16460,1432,-372,911,-643,-84,1502837
2026-05-19 20:18:43,esterno,2748,15480,-4676,-456,1221,385,845404
2026-05-19 20:18:43,lombar,16428,1512,-592,955,-588,58,1502859
2026-05-19 20:18:43,esterno,2912,15464,-4488,-520,902,342,845426
2026-05-19 20:18:43,lombar,16464,1548,-504,924,-650,168,1502881
2026-05-19 20:18:43,esterno,2900,15180,-4624,-466,882,201,845448
2026-05-19 20:18:43,lombar,16512,1532,-604,834,-923,327,1502903
2026-05-19 20:18:43,esterno,2800,15532,-4140,-577,605,109,845470
2026-05-19 20:18:43,lombar,16588,1552,-612,674,-1001,335,1502925
2026-05-19 20:18:43,esterno,2764,15520,-4332,-754,266,287,845492
2026-05-19 20:18:43,lombar,16612,1624,-544,486,-849,355,1502947
2026-05-19 20:18:43,esterno,2816,15372,-4408,-761,88,285,845514
2026-05-19 20:18:43,lombar,16820,1536,-572,406,-894,345,1502969
2026-05-19 20:18:44,esterno,2768,15316,-4300,-760,-24,195,845536
2026-05-19 20:18:44,lombar,16588,1588,-628,377,-844,355,1502991
2026-05-19 20:18:44,esterno,2956,15052,-4404,-625,-7,44,845558
2026-05-19 20:18:44,lombar,16804,1420,-444,424,-896,301,1503013
2026-05-19 20:18:44,esterno,2936,15020,-4380,-267,-117,-48,845580
2026-05-19 20:18:44,lombar,16760,1552,-356,343,-895,282,1503035
2026-05-19 20:18:44,esterno,2860,15048,-4412,22,-346,-52,845602
2026-05-19 20:18:44,lombar,16636,1692,-644,-67,-795,373,1503057
2026-05-19 20:18:44,esterno,2644,15092,-4304,13,-332,-140,845624
2026-05-19 20:18:44,lombar,16616,1428,-1008,-474,-406,392,1503079
2026-05-19 20:18:44,esterno,2728,15140,-4296,89,-410,-191,845646
2026-05-19 20:18:44,lombar,16692,1388,-1068,-279,-219,423,1503101
2026-05-19 20:18:44,esterno,2924,15304,-4368,194,-417,-254,845668
2026-05-19 20:18:44,lombar,16688,1252,-904,-315,104,543,1503123
2026-05-19 20:18:44,esterno,2944,15504,-4092,374,-458,-203,845690
2026-05-19 20:18:44,lombar,16700,1176,-496,14,246,417,1503145
2026-05-19 20:18:44,esterno,2812,15420,-4644,643,99,-199,845712
2026-05-19 20:18:44,lombar,16796,1084,-540,-201,243,525,1503167
2026-05-19 20:18:44,esterno,2884,15404,-4104,343,-256,-240,845734
2026-05-19 20:18:44,lombar,16676,1168,-636,-342,359,495,1503189
2026-05-19 20:18:44,esterno,2884,15508,-4512,18,-730,-166,845756
2026-05-19 20:18:44,lombar,16552,1144,-700,-106,256,382,1503211
2026-05-19 20:18:44,esterno,2664,15448,-5180,375,-255,-101,845778
2026-05-19 20:18:44,lombar,16700,1056,-820,-55,149,483,1503233
2026-05-19 20:18:44,esterno,2656,15228,-4704,572,21,-193,845800
2026-05-19 20:18:44,lombar,16648,1044,-784,-25,199,458,1503255
2026-05-19 20:18:44,esterno,2820,15468,-4664,512,44,-244,845822
2026-05-19 20:18:44,lombar,16544,1148,-520,-27,56,368,1503277
2026-05-19 20:18:44,esterno,2880,15796,-4496,156,121,-251,845844
2026-05-19 20:18:44,lombar,16500,1148,-384,-95,52,378,1503299
2026-05-19 20:18:44,esterno,2672,15644,-4520,34,-31,-76,845866
2026-05-19 20:18:44,lombar,16404,1136,-760,-116,50,346,1503321
2026-05-19 20:18:44,esterno,2532,15408,-4812,119,201,-108,845888
2026-05-19 20:18:44,lombar,16516,1188,-420,27,-157,386,1503343
2026-05-19 20:18:44,esterno,2756,15400,-4812,-132,264,-87,845910
2026-05-19 20:18:44,lombar,16632,980,-316,113,-372,354,1503365
2026-05-19 20:18:44,esterno,2772,15428,-4752,-186,73,79,845932
2026-05-19 20:18:44,lombar,16468,1192,-376,170,-212,296,1503387
2026-05-19 20:18:44,esterno,2840,15564,-4728,-179,147,149,845954
2026-05-19 20:18:44,lombar,16552,1340,-436,21,-355,356,1503409
2026-05-19 20:18:44,esterno,2660,15348,-4688,-288,343,46,845976
2026-05-19 20:18:44,lombar,16600,1100,-272,66,-414,306,1503431
2026-05-19 20:18:44,esterno,2428,15388,-4936,-352,199,95,845998
2026-05-19 20:18:44,lombar,16580,1180,-656,28,-275,310,1503453
2026-05-19 20:18:44,esterno,2556,15184,-5076,-321,-12,267,846020
2026-05-19 20:18:44,lombar,16604,1232,-552,108,-460,386,1503475
2026-05-19 20:18:44,esterno,2604,15408,-4656,-413,108,123,846042
2026-05-19 20:18:44,lombar,16644,1332,-380,-18,-562,396,1503497
2026-05-19 20:18:44,esterno,2852,15524,-4508,-614,-11,161,846064
2026-05-19 20:18:44,lombar,16532,1256,-468,-176,-511,334,1503519
2026-05-19 20:18:44,esterno,2728,15436,-4692,-527,-55,153,846086
2026-05-19 20:18:44,lombar,16528,1276,-584,3,-491,347,1503541
2026-05-19 20:18:44,esterno,2696,15340,-4796,-578,-42,92,846108
2026-05-19 20:18:44,lombar,16668,1092,-420,34,-405,388,1503563
2026-05-19 20:18:44,esterno,2560,15452,-4664,-686,39,89,846130
2026-05-19 20:18:44,lombar,16608,1140,-616,369,-479,410,1503585
2026-05-19 20:18:44,esterno,2792,15328,-4432,-558,51,221,846152
2026-05-19 20:18:44,lombar,16616,1228,-576,278,-512,413,1503607
2026-05-19 20:18:44,esterno,2868,15404,-4480,-492,39,191,846174
2026-05-19 20:18:44,lombar,16624,1128,-508,294,-521,374,1503629
2026-05-19 20:18:44,esterno,2792,15428,-4672,-534,177,79,846196
2026-05-19 20:18:44,lombar,16756,1172,-544,339,-408,319,1503651
2026-05-19 20:18:44,esterno,2848,15396,-4704,-447,187,138,846218
2026-05-19 20:18:44,lombar,16584,1308,-596,315,-386,369,1503673
2026-05-19 20:18:44,esterno,2800,15388,-4484,-292,216,170,846240
2026-05-19 20:18:44,lombar,16612,1224,-536,284,-450,261,1503695
2026-05-19 20:18:44,esterno,2736,15304,-4644,-333,116,181,846262
2026-05-19 20:18:44,lombar,16496,972,-612,258,-414,250,1503717
2026-05-19 20:18:44,esterno,2736,15452,-4540,-373,181,171,846284
2026-05-19 20:18:44,lombar,16644,1204,-640,332,-556,206,1503739
2026-05-19 20:18:44,esterno,2724,15536,-4588,-445,130,233,846306
2026-05-19 20:18:44,lombar,16652,1184,-484,277,-428,318,1503761
2026-05-19 20:18:44,esterno,3064,15352,-4860,-560,303,227,846328
2026-05-19 20:18:44,lombar,16740,1328,-544,272,-488,127,1503783
2026-05-19 20:18:44,esterno,3408,15296,-4632,-530,654,272,846350
2026-05-19 20:18:44,lombar,16720,1300,-568,232,-526,124,1503805
2026-05-19 20:18:44,esterno,3212,15264,-4516,-210,603,337,846372
2026-05-19 20:18:44,lombar,16764,1288,-656,444,-439,122,1503827
2026-05-19 20:18:44,esterno,2836,15492,-5016,20,1223,135,846394
2026-05-19 20:18:44,lombar,16624,1276,-748,370,-476,176,1503849
2026-05-19 20:18:44,esterno,2540,15520,-3820,-319,772,156,846416
2026-05-19 20:18:44,lombar,16636,1708,-548,328,-475,280,1503871
2026-05-19 20:18:44,esterno,2504,15520,-4232,-671,-357,402,846438
2026-05-19 20:18:44,lombar,16672,1512,-372,301,-435,228,1503893
2026-05-19 20:18:44,esterno,2484,15252,-4828,-266,230,308,846460
2026-05-19 20:18:44,lombar,16504,1320,-608,265,-373,258,1503915
2026-05-19 20:18:44,esterno,2784,15124,-4372,-147,310,58,846482
2026-05-19 20:18:44,lombar,16620,1364,-848,432,-355,292,1503937
2026-05-19 20:18:44,esterno,3024,15372,-4680,-73,-410,-247,846504
2026-05-19 20:18:44,lombar,16544,1184,-696,466,-309,343,1503959
2026-05-19 20:18:45,esterno,1860,15152,-4836,1774,-178,-1547,846526
2026-05-19 20:18:45,lombar,16544,1468,-712,370,-249,379,1503981
2026-05-19 20:18:45,esterno,3512,16576,-2448,2964,849,-2678,846548
2026-05-19 20:18:45,lombar,16696,1428,-664,356,-375,419,1504003
2026-05-19 20:18:45,esterno,2212,15392,-4600,-1452,-760,-365,846570
2026-05-19 20:18:45,lombar,16608,1348,-716,252,-428,601,1504025
2026-05-19 20:18:45,esterno,2620,14344,-6048,-1928,1011,441,846592
2026-05-19 20:18:45,lombar,16516,1304,-608,-160,-521,553,1504047
2026-05-19 20:18:45,esterno,3772,15340,-3676,-117,-503,-351,846614
2026-05-19 20:18:45,lombar,16524,1244,-516,-313,-525,440,1504069
2026-05-19 20:18:45,lombar,16704,1196,-620,-495,-529,416,1504091
2026-05-19 20:18:45,esterno,3924,15688,-5336,146,-432,-78,846636
2026-05-19 20:18:45,esterno,2700,15056,-4684,-630,578,263,846658
2026-05-19 20:18:45,lombar,16608,972,-612,-669,-409,288,1504113
2026-05-19 20:18:45,esterno,2988,15184,-4648,-803,564,444,846680
2026-05-19 20:18:45,lombar,16744,1104,-948,-473,-255,160,1504135
2026-05-19 20:18:45,esterno,3220,15492,-4496,-391,612,376,846702
2026-05-19 20:18:45,lombar,16900,1260,-732,-312,-273,295,1504157
2026-05-19 20:18:45,esterno,2644,15808,-4300,-275,402,430,846724
2026-05-19 20:18:45,lombar,16592,1096,-868,-115,-269,274,1504179
2026-05-19 20:18:45,esterno,1952,15332,-4464,-546,521,486,846746
2026-05-19 20:18:45,lombar,16476,1044,-1188,305,-15,230,1504201
2026-05-19 20:18:45,esterno,1680,15136,-4836,361,1088,-744,846768
2026-05-19 20:18:45,lombar,16480,796,-876,856,-108,317,1504223
2026-05-19 20:18:45,esterno,2824,15920,-2912,580,1459,-1402,846790
2026-05-19 20:18:45,lombar,16620,1176,-564,1016,-297,410,1504245
2026-05-19 20:18:45,esterno,2600,15460,-4768,-789,456,-378,846812
2026-05-19 20:18:45,lombar,16540,1392,-592,844,-163,517,1504267
2026-05-19 20:18:45,esterno,2624,14788,-4908,-471,1114,64,846834
2026-05-19 20:18:45,lombar,16444,1644,-720,675,-263,557,1504289
2026-05-19 20:18:45,esterno,2936,15676,-3824,-84,-688,-110,846856
2026-05-19 20:18:45,lombar,16384,1760,-412,370,-308,712,1504311
2026-05-19 20:18:45,lombar,16680,1488,-344,72,-331,614,1504333
2026-05-19 20:18:45,esterno,2840,15468,-4964,-259,-1099,-284,846878
2026-05-19 20:18:45,esterno,2844,15120,-4988,-677,-541,-352,846900
2026-05-19 20:18:45,lombar,16736,1240,-612,-242,-274,477,1504355
2026-05-19 20:18:45,esterno,3132,15208,-4892,-415,-297,236,846922
2026-05-19 20:18:45,lombar,16784,960,-688,-107,-320,122,1504377
2026-05-19 20:18:45,esterno,3492,15080,-4876,-31,197,242,846944
2026-05-19 20:18:45,lombar,16940,624,-464,-129,-511,-104,1504399
2026-05-19 20:18:45,esterno,3668,15560,-5032,-209,1293,-29,846966
2026-05-19 20:18:45,lombar,16864,552,-1184,121,-188,-192,1504421
2026-05-19 20:18:45,esterno,2708,15480,-4336,427,2760,-203,846988
2026-05-19 20:18:45,lombar,16640,996,-1332,553,327,-105,1504443
2026-05-19 20:18:45,esterno,1652,15492,-2692,1142,2173,-563,847010
2026-05-19 20:18:45,lombar,16504,1176,-1056,774,-42,73,1504465
2026-05-19 20:18:45,esterno,1336,15452,-3312,319,1579,-706,847032
2026-05-19 20:18:45,lombar,16480,1668,-516,313,-230,525,1504487
2026-05-19 20:18:45,esterno,1612,15724,-3520,-510,494,52,847054
2026-05-19 20:18:45,lombar,16368,1936,-840,-173,23,674,1504509
2026-05-19 20:18:45,esterno,1940,15512,-4276,-258,-1964,1017,847076
2026-05-19 20:18:45,lombar,16508,1764,-272,-457,124,817,1504531
2026-05-19 20:18:45,esterno,2432,14780,-5520,222,-2751,177,847098
2026-05-19 20:18:45,lombar,17040,1216,-164,-740,-73,836,1504553
2026-05-19 20:18:45,esterno,3240,15192,-5380,-355,-1175,-847,847120
2026-05-19 20:18:45,lombar,16936,784,-324,-706,134,843,1504575
2026-05-19 20:18:45,esterno,3736,14952,-5044,-401,-771,-619,847142
2026-05-19 20:18:45,lombar,16644,252,-708,-373,73,335,1504597
2026-05-19 20:18:45,esterno,4260,14712,-5780,454,424,-634,847164
2026-05-19 20:18:45,lombar,16848,140,-360,270,276,-140,1504619
2026-05-19 20:18:45,esterno,3448,15264,-5328,1305,2473,-969,847186
2026-05-19 20:18:45,lombar,16880,436,-1124,490,571,-39,1504641
2026-05-19 20:18:45,esterno,1372,15864,-3352,2192,3175,-1286,847208
2026-05-19 20:18:45,lombar,16496,1464,-728,881,480,352,1504663
2026-05-19 20:18:45,esterno,872,16108,-2064,1163,1652,-977,847230
2026-05-19 20:18:45,lombar,16444,1960,-384,414,-63,897,1504685
2026-05-19 20:18:45,esterno,908,15980,-3448,-514,-1306,-544,847252
2026-05-19 20:18:45,lombar,16356,2432,-764,-686,135,1245,1504707
2026-05-19 20:18:45,esterno,1000,14904,-5876,-130,-2472,-33,847274
2026-05-19 20:18:45,lombar,16496,2076,-560,-828,266,1202,1504729
2026-05-19 20:18:45,esterno,2252,14512,-5996,386,-2122,-316,847296
2026-05-19 20:18:45,lombar,16932,952,-268,-852,432,937,1504751
2026-05-19 20:18:45,esterno,3552,15228,-4720,382,-884,-1091,847318
2026-05-19 20:18:45,lombar,16832,-176,-508,-578,428,864,1504773
2026-05-19 20:18:45,esterno,4272,15752,-4712,387,-697,-1393,847340
2026-05-19 20:18:45,lombar,16744,-112,-456,210,479,725,1504795
2026-05-19 20:18:45,esterno,4268,15452,-6700,373,798,-1434,847362
2026-05-19 20:18:45,lombar,16800,352,-480,564,585,307,1504817
2026-05-19 20:18:45,esterno,2812,15648,-5876,1106,3275,-1444,847384
2026-05-19 20:18:45,lombar,16588,680,-744,1044,748,116,1504839
2026-05-19 20:18:45,esterno,1136,16248,-2900,1484,2906,-810,847406
2026-05-19 20:18:45,lombar,16564,1216,-740,1107,280,287,1504861
2026-05-19 20:18:45,esterno,700,16404,-2420,419,1810,-182,847428
2026-05-19 20:18:45,lombar,16412,1580,-92,535,-314,761,1504883
2026-05-19 20:18:45,esterno,784,16240,-4532,-1002,-513,161,847450
2026-05-19 20:18:45,lombar,16516,1964,28,29,-376,914,1504905
2026-05-19 20:18:45,esterno,572,15044,-5876,-864,-1792,720,847472
2026-05-19 20:18:45,lombar,16452,1712,-288,-694,-131,642,1504927
2026-05-19 20:18:45,esterno,1580,14672,-5540,-339,-1790,438,847494
2026-05-19 20:18:45,lombar,16908,1092,-8,-807,-38,485,1504949
2026-05-19 20:18:45,esterno,2520,14988,-5036,-243,-1340,-531,847516
2026-05-19 20:18:46,lombar,16736,56,-516,-696,-12,317,1504971
2026-05-19 20:18:46,esterno,3020,15364,-5416,-452,-141,-1014,847538
2026-05-19 20:18:46,lombar,16836,-168,-260,-78,-42,178,1504993
2026-05-19 20:18:46,esterno,3444,15212,-5936,-520,812,-906,847560
2026-05-19 20:18:46,lombar,16904,228,-428,294,-86,-12,1505015
2026-05-19 20:18:46,esterno,2916,15352,-5372,178,1805,-711,847582
2026-05-19 20:18:46,lombar,17080,636,-228,853,216,-308,1505037
2026-05-19 20:18:46,esterno,2848,15652,-4248,672,2433,-319,847604
2026-05-19 20:18:46,lombar,16868,948,-112,848,-7,-150,1505059
2026-05-19 20:18:46,esterno,2540,15540,-3596,391,2479,318,847626
2026-05-19 20:18:46,lombar,16408,1396,-332,883,306,-105,1505081
2026-05-19 20:18:46,esterno,1760,15320,-4164,380,1405,1215,847648
2026-05-19 20:18:46,lombar,16444,1692,-100,995,173,-44,1505103
2026-05-19 20:18:46,esterno,948,15104,-5444,663,-120,1790,847670
2026-05-19 20:18:46,lombar,16396,1552,-60,907,66,-113,1505125
2026-05-19 20:18:46,esterno,856,15424,-5572,582,-355,1663,847692
2026-05-19 20:18:46,lombar,16440,1588,-236,737,121,-2,1505147
2026-05-19 20:18:46,esterno,2052,15880,-4536,-33,-172,1693,847714
2026-05-19 20:18:46,lombar,16444,2232,-132,571,188,-20,1505169
2026-05-19 20:18:46,esterno,2772,15380,-4820,-478,-57,1140,847736
2026-05-19 20:18:46,lombar,16064,2044,-376,138,202,-79,1505191
2026-05-19 20:18:46,esterno,2840,15100,-5240,-464,172,69,847758
2026-05-19 20:18:46,lombar,16744,1636,-192,-184,-442,163,1505213
2026-05-19 20:18:46,esterno,2712,15256,-5036,-417,142,-300,847780
2026-05-19 20:18:46,lombar,16544,1248,-392,-306,-739,362,1505235
2026-05-19 20:18:46,esterno,2940,15700,-4772,-624,-125,-55,847802
2026-05-19 20:18:46,lombar,16584,1328,-264,-313,-708,480,1505257
2026-05-19 20:18:46,esterno,3100,15748,-4348,-764,-367,373,847824
2026-05-19 20:18:46,lombar,16388,1588,-260,-403,-693,573,1505279
2026-05-19 20:18:46,esterno,2992,15540,-4424,-598,-455,643,847846
2026-05-19 20:18:46,lombar,16552,1284,-408,-473,-717,449,1505301
2026-05-19 20:18:46,esterno,2632,15136,-4844,-476,-472,659,847868
2026-05-19 20:18:46,lombar,16756,1032,-556,-129,-835,508,1505323
2026-05-19 20:18:46,esterno,2568,15304,-5028,-652,-484,590,847890
2026-05-19 20:18:46,lombar,16672,1096,-504,-36,-1049,693,1505345
2026-05-19 20:18:46,esterno,2444,15460,-4656,-752,-654,549,847912
2026-05-19 20:18:46,lombar,16536,1128,-108,-315,-1127,810,1505367
2026-05-19 20:18:46,esterno,2332,15468,-4480,-741,-806,410,847934
2026-05-19 20:18:46,lombar,16624,852,-436,-333,-1108,826,1505389
2026-05-19 20:18:46,esterno,2128,15064,-4476,-573,-792,110,847956
2026-05-19 20:18:46,lombar,17124,524,-340,-63,-776,796,1505411
2026-05-19 20:18:46,esterno,1876,15104,-5232,-636,-257,-301,847978
2026-05-19 20:18:46,lombar,17120,312,-536,626,-520,851,1505433
2026-05-19 20:18:46,esterno,2164,15056,-4800,-964,-1080,-418,848000
2026-05-19 20:18:46,lombar,17060,392,-156,1295,-173,962,1505455
2026-05-19 20:18:46,esterno,2524,15144,-4912,-720,-1382,-221,848022
2026-05-19 20:18:46,lombar,17120,560,120,1388,-381,824,1505477
2026-05-19 20:18:46,esterno,2568,15048,-5076,119,-676,-232,848044
2026-05-19 20:18:46,lombar,16868,692,-108,1376,-169,757,1505499
2026-05-19 20:18:46,esterno,2480,15020,-4868,654,-506,-482,848066
2026-05-19 20:18:46,lombar,16796,984,-272,1282,-62,678,1505521
2026-05-19 20:18:46,esterno,2376,15124,-5084,758,-344,-579,848088
2026-05-19 20:18:46,lombar,17032,1000,-524,999,201,575,1505543
2026-05-19 20:18:46,esterno,2356,15372,-4796,705,-61,-516,848110
2026-05-19 20:18:46,lombar,16660,464,-356,481,255,465,1505565
2026-05-19 20:18:46,esterno,2564,15384,-4596,791,157,-300,848132
2026-05-19 20:18:46,lombar,16416,268,-484,1083,923,295,1505587
2026-05-19 20:18:46,esterno,2840,15164,-5140,907,844,-372,848154
2026-05-19 20:18:46,lombar,17100,508,60,1331,1059,134,1505609
2026-05-19 20:18:46,esterno,2952,15188,-5512,889,1723,-383,848176
2026-05-19 20:18:46,esterno,2680,15456,-5736,920,2186,-284,848198
2026-05-19 20:18:46,lombar,16868,436,88,1331,950,45,1505631
2026-05-19 20:18:46,lombar,16492,468,148,1752,1078,-239,1505653
2026-05-19 20:18:46,esterno,2440,15472,-5800,1064,2419,-319,848220
2026-05-19 20:18:46,lombar,16896,660,304,1988,1192,-546,1505675
2026-05-19 20:18:46,esterno,2056,15696,-5816,1216,2874,-271,848242
2026-05-19 20:18:46,lombar,16628,596,24,2517,991,-712,1505697
2026-05-19 20:18:46,esterno,2036,15628,-5572,1114,3086,139,848264
2026-05-19 20:18:46,lombar,16228,748,328,2683,965,-718,1505719
2026-05-19 20:18:46,esterno,2528,15408,-5492,907,3040,468,848286
2026-05-19 20:18:46,lombar,16196,1220,472,2712,157,-630,1505741
2026-05-19 20:18:46,esterno,2512,15248,-5252,637,3415,346,848308
2026-05-19 20:18:46,lombar,15884,988,248,2324,162,-560,1505763
2026-05-19 20:18:46,esterno,2664,15196,-5076,157,3147,206,848330
2026-05-19 20:18:46,lombar,16220,996,216,2244,-37,-438,1505785
2026-05-19 20:18:46,esterno,2752,15020,-5624,-128,3196,136,848352
2026-05-19 20:18:46,lombar,16412,936,484,2408,-653,-207,1505807
2026-05-19 20:18:46,esterno,2724,15284,-5760,-407,3218,239,848374
2026-05-19 20:18:46,lombar,16716,1076,464,2601,-649,6,1505829
2026-05-19 20:18:46,esterno,2480,15408,-5908,-688,3146,243,848396
2026-05-19 20:18:46,lombar,16632,1132,116,2696,-682,163,1505851
2026-05-19 20:18:46,esterno,2432,15332,-5736,-732,3193,-80,848418
2026-05-19 20:18:46,lombar,16860,1368,284,2776,-797,37,1505873
2026-05-19 20:18:46,esterno,2600,15548,-5728,-719,3115,-277,848440
2026-05-19 20:18:46,lombar,16972,1728,532,2877,-882,36,1505895
2026-05-19 20:18:46,esterno,2760,15540,-5168,-663,2998,-177,848462
2026-05-19 20:18:46,lombar,16684,1856,364,2692,-876,-115,1505917
2026-05-19 20:18:46,esterno,2904,15664,-4892,-593,2832,27,848484
2026-05-19 20:18:46,lombar,16880,2108,32,2306,-822,-393,1505939
2026-05-19 20:18:46,esterno,2992,15416,-5228,-567,3031,26,848506
2026-05-19 20:18:46,lombar,16628,2012,-68,1911,-801,-502,1505961
2026-05-19 20:18:47,esterno,3016,15276,-5076,-556,3019,-2,848528
2026-05-19 20:18:47,lombar,16624,2108,-96,1923,-816,-549,1505983
2026-05-19 20:18:47,esterno,3232,14932,-4860,-311,2883,199,848550
2026-05-19 20:18:47,lombar,16560,2176,52,1689,-686,-612,1506005
2026-05-19 20:18:47,esterno,3164,14988,-4656,-137,2598,233,848572
2026-05-19 20:18:47,lombar,16732,2068,264,1444,-585,-665,1506027
2026-05-19 20:18:47,esterno,3052,15196,-4588,-115,2231,377,848594
2026-05-19 20:18:47,lombar,16864,2404,40,1043,-588,-546,1506049
2026-05-19 20:18:47,esterno,2880,15168,-4868,-85,1757,579,848616
2026-05-19 20:18:47,lombar,16732,2416,-156,816,-473,-441,1506071
2026-05-19 20:18:47,esterno,3064,14956,-4760,-1,1176,702,848638
2026-05-19 20:18:47,lombar,16640,2396,-76,672,-351,-386,1506093
2026-05-19 20:18:47,esterno,3260,14904,-4608,175,749,644,848660
2026-05-19 20:18:47,lombar,16672,2420,-116,509,-207,-361,1506115
2026-05-19 20:18:47,esterno,3372,14916,-4536,651,271,612,848682
2026-05-19 20:18:47,lombar,16704,2536,-260,270,-35,-239,1506137
2026-05-19 20:18:47,esterno,3352,15108,-5324,974,166,482,848704
2026-05-19 20:18:47,lombar,16752,2568,-560,-131,-227,-94,1506159
2026-05-19 20:18:47,esterno,3176,15024,-4392,620,-219,148,848726
2026-05-19 20:18:47,lombar,16464,2672,-600,-679,-311,201,1506181
2026-05-19 20:18:47,esterno,3340,15384,-4104,181,-1386,171,848748
2026-05-19 20:18:47,lombar,16196,2752,-1216,-1119,-383,450,1506203
2026-05-19 20:18:47,esterno,3380,15224,-4492,263,-1462,135,848770
2026-05-19 20:18:47,lombar,15784,3104,-900,-1128,-379,730,1506225
2026-05-19 20:18:47,esterno,3172,14880,-4164,117,-1485,-3,848792
2026-05-19 20:18:47,lombar,15740,2980,-1060,-1605,-512,1048,1506247
2026-05-19 20:18:47,esterno,3128,14832,-4084,-181,-2410,76,848814
2026-05-19 20:18:47,lombar,15664,2916,-1076,-1949,-625,1411,1506269
2026-05-19 20:18:47,esterno,3316,15132,-4436,-867,-2784,126,848836
2026-05-19 20:18:47,lombar,18456,2492,96,-2611,-1170,1235,1506291
2026-05-19 20:18:47,esterno,3432,15844,-5832,-1905,-2345,250,848858
2026-05-19 20:18:47,lombar,16992,336,-1352,-1893,-1667,1513,1506313
2026-05-19 20:18:47,esterno,3072,15812,-6072,-1942,-1844,-237,848880
2026-05-19 20:18:47,lombar,16720,1076,-124,-1283,289,1361,1506335
2026-05-19 20:18:47,esterno,3068,15476,-5508,-1243,-2152,-1388,848902
2026-05-19 20:18:47,lombar,17064,1640,-432,-1645,-614,1940,1506357
2026-05-19 20:18:47,esterno,3072,15940,-4904,-1193,-1386,-2019,848924
2026-05-19 20:18:47,lombar,16156,1956,-316,-1939,-654,1841,1506379
2026-05-19 20:18:47,esterno,3276,15752,-4464,-2006,-1484,-2159,848946
2026-05-19 20:18:47,lombar,16124,2552,-284,-2737,-205,1890,1506401
2026-05-19 20:18:47,esterno,3324,15108,-4384,-2368,-1610,-1975,848968
2026-05-19 20:18:47,lombar,16256,2480,-488,-3642,-1700,2127,1506423
2026-05-19 20:18:47,lombar,16440,2044,-700,-4261,-1751,2663,1506445
2026-05-19 20:18:47,esterno,2572,15240,-4336,-2408,-2151,-1396,848990
2026-05-19 20:18:47,esterno,1644,15348,-4068,-2733,-3560,-1344,849012
2026-05-19 20:18:47,lombar,16740,1568,-992,-4853,-750,3008,1506467
2026-05-19 20:18:47,esterno,1436,15820,-4048,-2600,-5114,-1803,849034
2026-05-19 20:18:47,lombar,16872,916,-992,-5181,-1202,3331,1506489
2026-05-19 20:18:47,esterno,3424,16676,-4416,-2804,-4653,-1625,849056
2026-05-19 20:18:47,lombar,16420,108,-1068,-4378,-1463,2808,1506511
2026-05-19 20:18:47,esterno,4860,16604,-3896,-3471,-2357,-1202,849078
2026-05-19 20:18:47,lombar,16780,-44,-596,-3856,-707,2430,1506533
2026-05-19 20:18:47,esterno,4920,15824,-4928,-3003,-2092,-721,849100
2026-05-19 20:18:47,lombar,17092,-192,-560,-3657,-1151,2542,1506555
2026-05-19 20:18:47,esterno,3956,14864,-5664,-1686,-996,-690,849122
2026-05-19 20:18:47,lombar,16924,100,-348,-3475,-1621,2826,1506577
2026-05-19 20:18:47,esterno,2968,14424,-4572,-646,-951,-741,849144
2026-05-19 20:18:47,lombar,16604,244,-400,-3236,-1224,2520,1506599
2026-05-19 20:18:47,esterno,2040,14576,-4044,-136,-758,-964,849166
2026-05-19 20:18:47,lombar,16800,-84,-156,-2420,-1002,1690,1506621
2026-05-19 20:18:47,esterno,1072,15580,-3268,-771,308,-1170,849188
2026-05-19 20:18:47,lombar,16932,-180,-212,-1696,-1071,1203,1506643
2026-05-19 20:18:47,esterno,896,16412,-3916,-1522,795,-542,849210
2026-05-19 20:18:47,lombar,17024,-540,-536,-1247,-912,992,1506665
2026-05-19 20:18:47,esterno,1528,15836,-4108,-1417,1106,150,849232
2026-05-19 20:18:47,lombar,17024,-416,-544,-641,-922,945,1506687
2026-05-19 20:18:47,esterno,1904,14748,-3956,-597,1011,-154,849254
2026-05-19 20:18:47,lombar,16880,-188,-460,-372,-620,859,1506709
2026-05-19 20:18:47,esterno,1040,14384,-3820,210,754,-1087,849276
2026-05-19 20:18:47,lombar,16616,16,-168,189,-524,652,1506731
2026-05-19 20:18:47,lombar,16628,128,-228,364,-392,274,1506753
2026-05-19 20:18:47,esterno,424,14800,-4172,614,531,-1469,849298
2026-05-19 20:18:47,esterno,324,15148,-3932,275,290,-1406,849320
2026-05-19 20:18:47,lombar,16636,164,-372,435,-306,184,1506775
2026-05-19 20:18:47,esterno,492,15108,-3996,219,-747,-1246,849342
2026-05-19 20:18:47,lombar,16836,332,172,404,-253,439,1506797
2026-05-19 20:18:47,esterno,160,14608,-3696,1320,-2265,-1709,849364
2026-05-19 20:18:47,lombar,16952,636,-116,106,-400,1030,1506819
2026-05-19 20:18:47,esterno,-184,14596,-4644,2353,-3325,-2674,849386
2026-05-19 20:18:47,lombar,16892,964,-944,-571,128,1497,1506841
2026-05-19 20:18:47,esterno,-640,14924,-2928,1823,-4385,-3735,849408
2026-05-19 20:18:47,lombar,17032,1324,-24,-1266,-26,1998,1506863
2026-05-19 20:18:47,esterno,-1232,15884,-2780,782,-6430,-4087,849430
2026-05-19 20:18:47,esterno,-1040,17232,-3988,41,-7288,-3840,849452
2026-05-19 20:18:47,lombar,17208,964,-324,-2356,462,2531,1506885
2026-05-19 20:18:47,lombar,17108,716,-948,-3970,1280,2984,1506907
2026-05-19 20:18:47,esterno,764,18440,-4300,-670,-6835,-2597,849474
2026-05-19 20:18:47,lombar,16432,660,-1320,-5118,1043,2960,1506929
2026-05-19 20:18:47,esterno,3204,16748,-4220,-989,-6172,-1561,849496
2026-05-19 20:18:47,lombar,16328,752,-784,-6465,-3,2729,1506951
2026-05-19 20:18:47,esterno,3184,14668,-4388,-375,-4729,-1876,849518
2026-05-19 20:18:48,lombar,15984,8,-1192,-7120,-63,2376,1506973
2026-05-19 20:18:48,esterno,1460,13592,-3608,926,-4162,-2287,849540
2026-05-19 20:18:48,lombar,16120,-756,-968,-7150,285,2201,1506995
2026-05-19 20:18:48,esterno,-688,13396,-3876,1853,-4007,-2502,849562
2026-05-19 20:18:48,lombar,16044,-684,-576,-6585,574,1990,1507017
2026-05-19 20:18:48,esterno,-2012,14408,-4836,1518,-3142,-2618,849584
2026-05-19 20:18:48,lombar,16324,-1012,-480,-6453,619,1862,1507039
2026-05-19 20:18:48,esterno,-2068,15984,-4080,679,-3273,-2071,849606
2026-05-19 20:18:48,lombar,16692,-1664,-496,-5993,1137,1736,1507061
2026-05-19 20:18:48,esterno,-1052,16504,-4048,735,-4238,-1331,849628
2026-05-19 20:18:48,lombar,16544,-2608,-304,-5194,1196,1475,1507083
2026-05-19 20:18:48,esterno,256,16756,-5092,531,-3328,-819,849650
2026-05-19 20:18:48,lombar,16640,-3148,48,-4179,786,1721,1507105
2026-05-19 20:18:48,esterno,-460,14908,-5336,876,-2577,-874,849672
2026-05-19 20:18:48,lombar,16912,-2800,-12,-2949,997,1681,1507127
2026-05-19 20:18:48,esterno,-848,14456,-5188,1197,-2132,-501,849694
2026-05-19 20:18:48,lombar,16484,-2216,-284,-1412,1237,1186,1507149
2026-05-19 20:18:48,esterno,-1800,14408,-4904,1767,-2121,-368,849716
2026-05-19 20:18:48,lombar,16396,-1692,-780,-725,1129,906,1507171
2026-05-19 20:18:48,esterno,-2172,15700,-4412,1743,-2136,49,849738
2026-05-19 20:18:48,lombar,16164,-1676,-752,-989,516,665,1507193
2026-05-19 20:18:48,esterno,-1816,16872,-4136,927,-2520,490,849760
2026-05-19 20:18:48,lombar,16280,-2260,-1068,-1143,-343,473,1507215
2026-05-19 20:18:48,esterno,-1092,16892,-4204,272,-2396,733,849782
2026-05-19 20:18:48,lombar,16276,-2712,-900,-522,-887,253,1507237
2026-05-19 20:18:48,esterno,-528,16636,-4284,-200,-1403,909,849804
2026-05-19 20:18:48,lombar,16336,-2796,-1008,-11,-720,272,1507259
2026-05-19 20:18:48,esterno,-256,16392,-4216,-873,28,820,849826
2026-05-19 20:18:48,lombar,16648,-2576,-704,168,-924,52,1507281
2026-05-19 20:18:48,esterno,-832,15836,-4264,-1063,972,581,849848
2026-05-19 20:18:48,lombar,16856,-2112,-636,447,-1035,-172,1507303
2026-05-19 20:18:48,esterno,-1300,15432,-4320,-721,1663,432,849870
2026-05-19 20:18:48,lombar,16624,-1988,-844,967,-169,-539,1507325
2026-05-19 20:18:48,esterno,-1552,15216,-4436,-583,1920,820,849892
2026-05-19 20:18:48,lombar,16920,-1824,-764,1222,181,-735,1507347
2026-05-19 20:18:48,esterno,-1712,15532,-4420,-650,2073,1378,849914
2026-05-19 20:18:48,lombar,17060,-1676,-464,1476,-286,-904,1507369
2026-05-19 20:18:48,esterno,-1512,16120,-4316,-916,2062,1823,849936
2026-05-19 20:18:48,lombar,16988,-1824,-604,1558,-459,-1058,1507391
2026-05-19 20:18:48,esterno,-912,16228,-4196,-993,2370,1942,849958
2026-05-19 20:18:48,lombar,16908,-1828,-676,1587,-364,-818,1507413
2026-05-19 20:18:48,esterno,-664,15648,-4060,-678,2628,1816,849980
2026-05-19 20:18:48,lombar,16584,-1808,-672,1626,-122,-885,1507435
2026-05-19 20:18:48,esterno,-520,15304,-4872,-390,3664,1430,850002
2026-05-19 20:18:48,lombar,16428,-2296,-656,1845,-29,-1040,1507457
2026-05-19 20:18:48,esterno,-456,15388,-3584,-662,3636,1406,850024
2026-05-19 20:18:48,lombar,16788,-2328,-476,2513,-495,-1144,1507479
2026-05-19 20:18:48,esterno,-492,15636,-4036,-1036,3664,1570,850046
2026-05-19 20:18:48,lombar,16740,-2152,-584,3117,-721,-947,1507501
2026-05-19 20:18:48,esterno,-1012,15380,-4040,-805,4453,1277,850068
2026-05-19 20:18:48,lombar,16580,-1840,-1104,3549,-495,-874,1507523
2026-05-19 20:18:48,esterno,-1324,15164,-3756,-524,4440,968,850090
2026-05-19 20:18:48,lombar,16300,-1764,-844,3499,-257,-1002,1507545
2026-05-19 20:18:48,esterno,-1288,15372,-3720,-445,4134,1210,850112
2026-05-19 20:18:48,lombar,16428,-2148,-552,3518,-1128,-1040,1507567
2026-05-19 20:18:48,esterno,-1184,15608,-3704,-827,4103,1462,850134
2026-05-19 20:18:48,lombar,16388,-2124,-576,3856,-1211,-1217,1507589
2026-05-19 20:18:48,esterno,-956,15468,-3404,-1241,4066,1673,850156
2026-05-19 20:18:48,lombar,16184,-1988,-688,4090,-831,-1623,1507611
2026-05-19 20:18:48,esterno,-896,15240,-3876,-945,4211,1456,850178
2026-05-19 20:18:48,lombar,16292,-1836,-688,4701,-737,-1883,1507633
2026-05-19 20:18:48,esterno,-600,15284,-4032,-769,4536,1305,850200
2026-05-19 20:18:48,lombar,16448,-1624,-1192,4727,-487,-2188,1507655
2026-05-19 20:18:48,esterno,-856,15668,-3820,-907,4935,1339,850222
2026-05-19 20:18:48,lombar,18176,-716,-836,4260,-491,-2305,1507677
2026-05-19 20:18:48,esterno,-652,16764,-4040,-1300,5003,1518,850244
2026-05-19 20:18:48,lombar,18096,496,-584,3688,-1991,-2007,1507699
2026-05-19 20:18:48,esterno,-200,17236,-3480,-1364,4787,1773,850266
2026-05-19 20:18:48,lombar,17496,736,-752,2565,-2039,-2017,1507721
2026-05-19 20:18:48,esterno,692,16852,-3060,-468,4034,1678,850288
2026-05-19 20:18:48,lombar,17528,660,-788,2370,-906,-1687,1507743
2026-05-19 20:18:48,esterno,1680,16244,-3020,0,3936,1565,850310
2026-05-19 20:18:48,lombar,16764,212,-468,2615,238,-1735,1507765
2026-05-19 20:18:48,esterno,1412,15064,-3460,-317,4027,1291,850332
2026-05-19 20:18:48,lombar,16908,-76,-468,3413,688,-1831,1507787
2026-05-19 20:18:48,esterno,736,14744,-3780,-383,3633,1029,850354
2026-05-19 20:18:48,lombar,16912,-304,-128,3973,-212,-1451,1507809
2026-05-19 20:18:48,esterno,764,14356,-3780,109,2882,1249,850376
2026-05-19 20:18:48,lombar,17112,0,-280,4611,-288,-832,1507831
2026-05-19 20:18:48,esterno,824,14512,-3792,829,1939,1496,850398
2026-05-19 20:18:48,lombar,16796,336,-80,4556,458,-502,1507853
2026-05-19 20:18:48,esterno,940,14576,-4040,1471,957,1210,850420
2026-05-19 20:18:48,lombar,16660,632,-556,4865,1564,-650,1507875
2026-05-19 20:18:48,esterno,936,14692,-4644,2196,1112,513,850442
2026-05-19 20:18:48,lombar,16816,1056,188,4918,1488,-780,1507897
2026-05-19 20:18:48,esterno,1204,15064,-4340,3566,1205,-434,850464
2026-05-19 20:18:48,lombar,16780,1424,448,4889,928,-783,1507919
2026-05-19 20:18:48,esterno,2480,14876,-4372,3002,1109,46,850486
2026-05-19 20:18:48,lombar,16524,1332,148,4598,1384,-863,1507941
2026-05-19 20:18:48,esterno,2736,14328,-5260,2348,1144,553,850508
2026-05-19 20:18:48,lombar,16548,1420,356,4294,1641,-671,1507963
2026-05-19 20:18:49,esterno,3092,14528,-5540,2779,1293,309,850530
2026-05-19 20:18:49,lombar,16608,1676,748,4155,1138,-514,1507985
2026-05-19 20:18:49,esterno,2880,14712,-5480,3518,1308,252,850552
2026-05-19 20:18:49,lombar,16788,1892,560,3870,1212,-619,1508007
2026-05-19 20:18:49,esterno,2384,14632,-6188,3845,2005,66,850574
2026-05-19 20:18:49,lombar,16212,2340,-84,3372,1891,-794,1508029
2026-05-19 20:18:49,esterno,2088,14728,-5656,3857,2067,-313,850596
2026-05-19 20:18:49,lombar,16244,2352,-12,2783,1593,-1009,1508051
2026-05-19 20:18:49,esterno,2600,15320,-5316,3557,2397,-343,850618
2026-05-19 20:18:49,lombar,16720,1592,-136,2992,1343,-1162,1508073
2026-05-19 20:18:49,esterno,2692,15600,-5692,3465,2567,-294,850640
2026-05-19 20:18:49,lombar,16772,1644,264,2989,1480,-995,1508095
2026-05-19 20:18:49,esterno,2316,15784,-5456,2910,2189,170,850662
2026-05-19 20:18:49,lombar,16428,2392,-216,2367,881,-470,1508117
2026-05-19 20:18:49,esterno,1876,15856,-5428,2313,1609,72,850684
2026-05-19 20:18:49,lombar,16452,2524,-320,1904,551,-127,1508139
2026-05-19 20:18:49,esterno,2348,16392,-5592,1315,1514,68,850706
2026-05-19 20:18:49,lombar,16292,2608,36,1571,625,-17,1508161
2026-05-19 20:18:49,esterno,2972,15772,-5516,554,1406,506,850728
2026-05-19 20:18:49,lombar,16136,2592,288,1126,776,-45,1508183
2026-05-19 20:18:49,esterno,3100,14648,-5816,955,690,729,850750
2026-05-19 20:18:49,lombar,16212,2396,36,699,798,-88,1508205
2026-05-19 20:18:49,esterno,2656,14348,-5704,1246,88,577,850772
2026-05-19 20:18:49,lombar,16340,2664,664,811,240,-26,1508227
2026-05-19 20:18:49,esterno,2216,14712,-5692,1095,-355,480,850794
2026-05-19 20:18:49,lombar,16376,2716,-16,656,353,55,1508249
2026-05-19 20:18:49,esterno,2488,14644,-6120,1044,-630,437,850816
2026-05-19 20:18:49,lombar,16364,2520,116,576,466,151,1508271
2026-05-19 20:18:49,esterno,3076,14784,-6260,650,-519,389,850838
2026-05-19 20:18:49,lombar,16324,2688,396,554,-124,67,1508293
2026-05-19 20:18:49,esterno,3776,14880,-7044,396,118,161,850860
2026-05-19 20:18:49,lombar,16468,2852,-120,185,293,165,1508315
2026-05-19 20:18:49,lombar,16432,2284,-740,-675,106,248,1508337
2026-05-19 20:18:49,esterno,4232,15168,-6520,408,516,53,850882
2026-05-19 20:18:49,esterno,4152,15404,-6592,393,525,8,850904
2026-05-19 20:18:49,lombar,16400,2592,240,42,-745,450,1508359
2026-05-19 20:18:49,esterno,3560,15688,-5948,409,286,219,850926
2026-05-19 20:18:49,lombar,16524,2688,200,-291,-322,355,1508381
2026-05-19 20:18:49,esterno,2648,16160,-5504,253,-351,574,850948
2026-05-19 20:18:49,lombar,16700,2644,324,-942,-112,358,1508403
2026-05-19 20:18:49,esterno,2276,16392,-5740,-567,-629,736,850970
2026-05-19 20:18:49,lombar,16672,2328,216,-1354,-833,519,1508425
2026-05-19 20:18:49,esterno,2528,15756,-6016,-1412,-1016,788,850992
2026-05-19 20:18:49,lombar,16544,2412,132,-1273,-683,413,1508447
2026-05-19 20:18:49,esterno,2764,15100,-6492,-1387,-1245,636,851014
2026-05-19 20:18:49,lombar,16616,2064,84,-1154,-836,444,1508469
2026-05-19 20:18:49,esterno,2856,14740,-6376,-1165,-1088,456,851036
2026-05-19 20:18:49,lombar,16508,2092,136,-843,-940,422,1508491
2026-05-19 20:18:49,esterno,3016,14852,-6096,-1304,-983,452,851058
2026-05-19 20:18:49,lombar,16724,1956,260,-560,-898,437,1508513
2026-05-19 20:18:49,esterno,3224,14776,-6124,-1421,-897,404,851080
2026-05-19 20:18:49,lombar,16656,1880,556,-332,-878,503,1508535
2026-05-19 20:18:49,esterno,3276,14680,-6140,-1533,-760,305,851102
2026-05-19 20:18:49,lombar,16496,1984,648,-55,-918,560,1508557
2026-05-19 20:18:49,esterno,3284,14536,-6716,-1341,-313,167,851124
2026-05-19 20:18:49,lombar,16644,2008,444,11,-707,556,1508579
2026-05-19 20:18:49,esterno,2888,14312,-6172,-1020,-107,26,851146
2026-05-19 20:18:49,lombar,16800,2000,444,51,-723,561,1508601
2026-05-19 20:18:49,esterno,3012,14692,-6004,-897,-1038,191,851168
2026-05-19 20:18:49,lombar,16616,2012,784,106,-730,689,1508623
2026-05-19 20:18:49,esterno,3028,14548,-6596,-573,-920,339,851190
2026-05-19 20:18:49,lombar,16484,2000,424,70,-523,783,1508645
2026-05-19 20:18:49,esterno,3036,14404,-6216,-206,-352,89,851212
2026-05-19 20:18:49,lombar,16376,2312,148,-151,-333,985,1508667
2026-05-19 20:18:49,esterno,3012,14400,-6560,10,-189,-163,851234
2026-05-19 20:18:49,lombar,16592,2396,624,-452,-877,1085,1508689
2026-05-19 20:18:49,esterno,2668,14764,-6368,-184,-217,-236,851256
2026-05-19 20:18:49,lombar,16500,2248,356,-1089,-800,982,1508711
2026-05-19 20:18:49,esterno,2676,15156,-6056,-371,-660,-168,851278
2026-05-19 20:18:49,lombar,16604,2028,28,-1395,-664,1012,1508733
2026-05-19 20:18:49,esterno,2728,15600,-5804,-296,-716,-44,851300
2026-05-19 20:18:49,lombar,16860,1904,-432,-1356,-716,935,1508755
2026-05-19 20:18:49,esterno,2788,15856,-5692,-549,-445,-73,851322
2026-05-19 20:18:49,lombar,16828,2024,60,-1455,-818,1018,1508777
2026-05-19 20:18:49,esterno,2948,15928,-5612,-939,-306,-231,851344
2026-05-19 20:18:49,lombar,16680,2004,-176,-1760,-924,1026,1508799
2026-05-19 20:18:49,esterno,2788,15736,-5452,-1232,-517,-339,851366
2026-05-19 20:18:49,lombar,16604,1992,-320,-1774,-1098,983,1508821
2026-05-19 20:18:49,esterno,2796,15652,-5460,-1544,-514,-327,851388
2026-05-19 20:18:49,lombar,16680,1876,-100,-1819,-1336,975,1508843
2026-05-19 20:18:49,esterno,2636,15448,-5444,-1509,-573,-435,851410
2026-05-19 20:18:49,lombar,16320,1752,-456,-1803,-1118,983,1508865
2026-05-19 20:18:49,esterno,2540,15352,-5408,-1610,-837,-524,851432
2026-05-19 20:18:49,lombar,16500,1676,24,-1669,-1323,1172,1508887
2026-05-19 20:18:49,esterno,2624,15168,-5708,-1869,-647,-540,851454
2026-05-19 20:18:49,lombar,16528,1688,76,-1771,-1593,1373,1508909
2026-05-19 20:18:49,esterno,2612,14928,-5196,-1859,-1074,-603,851476
2026-05-19 20:18:49,lombar,16492,1640,40,-1813,-1187,1385,1508931
2026-05-19 20:18:49,esterno,2528,14956,-5544,-1711,-1591,-486,851498
2026-05-19 20:18:49,lombar,16616,1420,-48,-1874,-1476,1507,1508953
2026-05-19 20:18:49,esterno,2312,15052,-5352,-1729,-1630,-496,851520
2026-05-19 20:18:50,lombar,16840,1300,88,-1818,-1576,1678,1508975
2026-05-19 20:18:50,esterno,2404,15124,-5476,-1575,-1788,-547,851542
2026-05-19 20:18:50,lombar,16628,1364,-80,-1981,-1308,1644,1508997
2026-05-19 20:18:50,esterno,2280,15192,-5628,-1313,-1761,-765,851564
2026-05-19 20:18:50,lombar,16564,1880,-24,-1921,-847,1785,1509019
2026-05-19 20:18:50,esterno,2264,15100,-5308,-1279,-1656,-874,851586
2026-05-19 20:18:50,lombar,16788,1960,20,-2831,-931,1991,1509041
2026-05-19 20:18:50,esterno,1924,15092,-4960,-1165,-2160,-836,851608
2026-05-19 20:18:50,lombar,16976,1800,-208,-3787,-695,2168,1509063
2026-05-19 20:18:50,esterno,1896,15136,-5096,-1099,-2548,-1116,851630
2026-05-19 20:18:50,lombar,17104,1552,-228,-4876,-746,2390,1509085
2026-05-19 20:18:50,lombar,17080,1380,-68,-5697,-1065,2412,1509107
2026-05-19 20:18:50,esterno,1448,15352,-4944,-1201,-2879,-1563,851652
2026-05-19 20:18:50,esterno,904,15852,-4964,-967,-3319,-1819,851674
2026-05-19 20:18:50,lombar,17460,1152,-228,-6192,-1291,2415,1509129
2026-05-19 20:18:50,esterno,452,15724,-5148,-761,-2912,-2123,851696
2026-05-19 20:18:50,lombar,16900,668,-420,-5917,-750,2314,1509151
2026-05-19 20:18:50,esterno,332,15600,-3952,-744,-3865,-2227,851718
2026-05-19 20:18:50,lombar,16984,336,-92,-6081,-359,2326,1509173
2026-05-19 20:18:50,esterno,340,15504,-4464,-740,-4656,-1953,851740
2026-05-19 20:18:50,lombar,16812,124,-156,-5890,-302,2479,1509195
2026-05-19 20:18:50,esterno,636,14888,-5044,-489,-3891,-1850,851762
2026-05-19 20:18:50,lombar,16848,-208,76,-6156,-274,2581,1509217
2026-05-19 20:18:50,esterno,780,14636,-5128,-172,-4038,-2003,851784
2026-05-19 20:18:50,lombar,16560,-428,-64,-6016,-43,2661,1509239
2026-05-19 20:18:50,esterno,768,14592,-5236,101,-4102,-2090,851806
2026-05-19 20:18:50,lombar,16712,-500,88,-5888,-7,2596,1509261
2026-05-19 20:18:50,esterno,340,14608,-5072,50,-4150,-1970,851828
2026-05-19 20:18:50,lombar,16712,-604,56,-5461,142,2433,1509283
2026-05-19 20:18:50,esterno,160,14636,-5396,391,-4114,-1716,851850
2026-05-19 20:18:50,lombar,16672,-744,12,-5139,392,2462,1509305
2026-05-19 20:18:50,esterno,300,14572,-5500,884,-3890,-1456,851872
2026-05-19 20:18:50,lombar,16656,-800,144,-4881,500,2466,1509327
2026-05-19 20:18:50,esterno,352,14732,-5576,1253,-3710,-1372,851894
2026-05-19 20:18:50,lombar,16444,-796,36,-5335,580,2506,1509349
2026-05-19 20:18:50,esterno,164,15104,-4868,1672,-3661,-1175,851916
2026-05-19 20:18:50,lombar,16548,-1316,-488,-5638,859,2400,1509371
2026-05-19 20:18:50,esterno,-276,15456,-4860,1603,-3647,-681,851938
2026-05-19 20:18:50,lombar,16480,-1680,-804,-5204,1299,1867,1509393
2026-05-19 20:18:50,esterno,-1356,15236,-5132,1431,-3474,-614,851960
2026-05-19 20:18:50,lombar,16788,-1940,-600,-4356,1137,1781,1509415
2026-05-19 20:18:50,esterno,-2148,15340,-4964,1115,-3622,-800,851982
2026-05-19 20:18:50,lombar,16584,-1616,-896,-3637,1237,1338,1509437
2026-05-19 20:18:50,lombar,16496,-1932,-416,-3454,908,1169,1509459
2026-05-19 20:18:50,esterno,-2228,16268,-4768,829,-3830,-387,852004
2026-05-19 20:18:50,esterno,-1836,16944,-4200,129,-3817,195,852026
2026-05-19 20:18:50,lombar,16472,-2000,-688,-3499,710,1018,1509481
2026-05-19 20:18:50,esterno,-1392,16700,-4720,-1130,-3911,702,852048
2026-05-19 20:18:50,lombar,16596,-2332,-700,-3178,238,921,1509503
2026-05-19 20:18:50,esterno,-1048,16308,-5820,-1766,-3575,889,852070
2026-05-19 20:18:50,lombar,16444,-2360,-424,-2772,-320,800,1509525
2026-05-19 20:18:50,esterno,-820,16076,-5148,-1615,-3492,1038,852092
2026-05-19 20:18:50,lombar,16428,-2248,-456,-2286,-951,663,1509547
2026-05-19 20:18:50,esterno,-664,15956,-4860,-1424,-3100,1104,852114
2026-05-19 20:18:50,lombar,16364,-2016,-276,-1724,-672,519,1509569
2026-05-19 20:18:50,esterno,-704,15680,-4632,-1768,-2328,961,852136
2026-05-19 20:18:50,lombar,16316,-1720,-440,-1638,-707,355,1509591
2026-05-19 20:18:50,esterno,-636,15104,-4868,-1962,-2006,929,852158
2026-05-19 20:18:50,lombar,16372,-1500,-16,-1509,-560,199,1509613
2026-05-19 20:18:50,esterno,-800,14820,-5012,-1746,-1768,1082,852180
2026-05-19 20:18:50,lombar,16760,-1428,228,-1615,-723,99,1509635
2026-05-19 20:18:50,esterno,-788,15012,-4816,-1533,-1710,1228,852202
2026-05-19 20:18:50,lombar,16684,-1412,20,-1469,-615,72,1509657
2026-05-19 20:18:50,esterno,-704,15032,-4912,-1316,-1400,1048,852224
2026-05-19 20:18:50,lombar,16868,-1376,264,-1295,-722,131,1509679
2026-05-19 20:18:50,esterno,-488,15024,-4628,-1302,-704,740,852246
2026-05-19 20:18:50,lombar,16780,-1264,424,-1338,-500,103,1509701
2026-05-19 20:18:50,esterno,-312,15212,-4264,-1577,-1485,953,852268
2026-05-19 20:18:50,lombar,16828,-1652,36,-1194,-446,77,1509723
2026-05-19 20:18:50,esterno,-320,14924,-4992,-1202,-1493,1020,852290
2026-05-19 20:18:50,lombar,16976,-2084,-492,-496,-123,23,1509745
2026-05-19 20:18:50,esterno,-324,14652,-4808,-375,-670,706,852312
2026-05-19 20:18:50,lombar,16780,-1880,-244,-106,454,-19,1509767
2026-05-19 20:18:50,esterno,24,15336,-4312,-169,-250,688,852334
2026-05-19 20:18:50,lombar,16828,-1744,-476,11,79,90,1509789
2026-05-19 20:18:50,esterno,196,15924,-4176,-349,67,973,852356
2026-05-19 20:18:50,lombar,16888,-1596,-248,-52,-484,93,1509811
2026-05-19 20:18:50,esterno,-76,16080,-3444,-546,69,886,852378
2026-05-19 20:18:50,lombar,17056,-1404,-76,586,-793,25,1509833
2026-05-19 20:18:50,esterno,-528,15896,-3868,-341,-11,615,852400
2026-05-19 20:18:50,lombar,16784,-1204,-40,1202,-192,-199,1509855
2026-05-19 20:18:50,esterno,-732,15528,-4272,-293,111,445,852422
2026-05-19 20:18:50,lombar,16836,-1180,-236,1229,-261,-164,1509877
2026-05-19 20:18:50,esterno,-720,15348,-4344,-388,-157,456,852444
2026-05-19 20:18:50,lombar,16612,-968,-44,1043,-369,-56,1509899
2026-05-19 20:18:50,esterno,-508,15404,-3984,-439,-319,710,852466
2026-05-19 20:18:50,lombar,16716,-980,116,887,-411,-72,1509921
2026-05-19 20:18:50,esterno,-424,15628,-4144,-727,-106,403,852488
2026-05-19 20:18:50,lombar,16760,-976,188,1066,-209,-151,1509943
2026-05-19 20:18:50,esterno,-120,15616,-3696,-786,136,178,852510
2026-05-19 20:18:50,lombar,16840,-668,76,858,-104,33,1509965
2026-05-19 20:18:51,esterno,-136,15252,-4164,-424,-177,176,852532
2026-05-19 20:18:51,lombar,16864,-676,244,759,-326,-51,1509987
2026-05-19 20:18:51,esterno,36,15056,-4660,55,-291,86,852554
2026-05-19 20:18:51,lombar,16648,-612,4,510,-42,13,1510009
2026-05-19 20:18:51,esterno,-132,15356,-3908,-128,-137,19,852576
2026-05-19 20:18:51,lombar,16552,-588,16,111,-36,179,1510031
2026-05-19 20:18:51,esterno,-212,15568,-4100,-326,-618,70,852598
2026-05-19 20:18:51,lombar,16668,-404,140,-153,-100,373,1510053
2026-05-19 20:18:51,esterno,32,15560,-4328,-283,-532,-124,852620
2026-05-19 20:18:51,lombar,16884,-408,132,-520,-579,543,1510075
2026-05-19 20:18:51,esterno,44,15592,-3996,-304,-426,-438,852642
2026-05-19 20:18:51,lombar,16856,-580,8,-668,-173,572,1510097
2026-05-19 20:18:51,esterno,-20,15828,-4020,-189,-830,132,852664
2026-05-19 20:18:51,lombar,16648,-692,224,-530,449,434,1510119
2026-05-19 20:18:51,esterno,-284,15560,-4240,326,-814,123,852686
2026-05-19 20:18:51,lombar,16652,-748,-160,-473,-308,387,1510141
2026-05-19 20:18:51,esterno,-116,15704,-3932,91,-868,-89,852708
2026-05-19 20:18:51,lombar,16568,-760,-480,-620,-398,731,1510163
2026-05-19 20:18:51,esterno,292,15448,-4232,-817,-494,66,852730
2026-05-19 20:18:51,lombar,16736,-780,52,-853,-160,699,1510185
2026-05-19 20:18:51,esterno,504,15356,-4256,-104,-318,-34,852752
2026-05-19 20:18:51,lombar,16768,-628,-148,-587,-293,564,1510207
2026-05-19 20:18:51,esterno,88,15884,-4368,148,-299,-365,852774
2026-05-19 20:18:51,lombar,16856,-852,-4,-607,-659,560,1510229
2026-05-19 20:18:51,esterno,-168,15812,-4580,-416,521,-300,852796
2026-05-19 20:18:51,lombar,16796,-1116,40,-185,-241,531,1510251
2026-05-19 20:18:51,esterno,-112,15496,-4012,-424,-116,-251,852818
2026-05-19 20:18:51,lombar,16728,-996,156,99,321,555,1510273
2026-05-19 20:18:51,esterno,104,15484,-4276,-218,-545,10,852840
2026-05-19 20:18:51,lombar,16604,-736,-64,430,175,431,1510295
2026-05-19 20:18:51,esterno,4,15524,-4424,-118,300,317,852862
2026-05-19 20:18:51,lombar,16668,-884,-132,392,-31,352,1510317
2026-05-19 20:18:51,esterno,-512,15388,-4264,142,352,195,852884
2026-05-19 20:18:51,lombar,16724,-852,-96,109,-116,533,1510339
2026-05-19 20:18:51,esterno,-808,15616,-4268,265,240,-26,852906
2026-05-19 20:18:51,lombar,16748,-816,208,92,-370,566,1510361
2026-05-19 20:18:51,esterno,-604,15832,-3592,-393,-65,-61,852928
2026-05-19 20:18:51,lombar,16692,-924,20,298,-281,399,1510383
2026-05-19 20:18:51,esterno,-44,15672,-3676,-997,-57,-201,852950
2026-05-19 20:18:51,lombar,16792,-936,104,468,59,330,1510405
2026-05-19 20:18:51,esterno,208,14960,-4484,-286,267,0,852972
2026-05-19 20:18:51,lombar,16656,-840,-196,341,48,310,1510427
2026-05-19 20:18:51,esterno,260,15356,-4552,447,264,-195,852994
2026-05-19 20:18:51,lombar,16608,-652,-8,-32,-474,387,1510449
2026-05-19 20:18:51,esterno,60,16032,-3496,-68,50,65,853016
2026-05-19 20:18:51,lombar,16884,-732,76,-223,-948,344,1510471
2026-05-19 20:18:51,esterno,120,16476,-3612,-1173,203,264,853038
2026-05-19 20:18:51,lombar,16808,-1032,-84,-393,-509,404,1510493
2026-05-19 20:18:51,esterno,364,15804,-4136,-1046,758,298,853060
2026-05-19 20:18:51,lombar,16752,-864,-180,-33,19,446,1510515
2026-05-19 20:18:51,esterno,-28,15488,-4560,-603,907,244,853082
2026-05-19 20:18:51,lombar,16708,-568,40,274,-508,262,1510537
2026-05-19 20:18:51,esterno,-292,15528,-3964,-557,41,638,853104
2026-05-19 20:18:51,lombar,16644,-816,-224,-5,-1132,205,1510559
2026-05-19 20:18:51,esterno,-596,15936,-3740,-529,98,300,853126
2026-05-19 20:18:51,lombar,16788,-1000,-80,-60,-387,270,1510581
2026-05-19 20:18:51,esterno,-192,15800,-3580,-1303,179,283,853148
2026-05-19 20:18:51,lombar,16748,-640,196,326,-149,309,1510603
2026-05-19 20:18:51,esterno,-20,15404,-4160,-1220,120,220,853170
2026-05-19 20:18:51,lombar,16600,-828,-100,400,-532,97,1510625
2026-05-19 20:18:51,esterno,-304,15768,-3956,-730,-195,351,853192
2026-05-19 20:18:51,lombar,16776,-564,164,204,-681,154,1510647
2026-05-19 20:18:51,esterno,-376,16016,-3608,-887,-560,419,853214
2026-05-19 20:18:51,lombar,16800,-604,252,363,-576,92,1510669
2026-05-19 20:18:51,esterno,-196,15904,-3384,-1064,-726,217,853236
2026-05-19 20:18:51,lombar,16808,-856,172,413,-302,32,1510691
2026-05-19 20:18:51,esterno,-132,15652,-3428,-754,-1281,266,853258
2026-05-19 20:18:51,lombar,16908,-868,624,146,-308,177,1510713
2026-05-19 20:18:51,esterno,-420,15240,-3868,-319,-1627,535,853280
2026-05-19 20:18:51,lombar,16956,-696,340,150,-503,313,1510735
2026-05-19 20:18:51,esterno,-704,15304,-3988,-399,-1712,498,853302
2026-05-19 20:18:51,lombar,16744,-612,60,263,-217,260,1510757
2026-05-19 20:18:51,esterno,-288,15480,-4028,-955,-1790,203,853324
2026-05-19 20:18:51,lombar,16804,-588,196,377,-305,332,1510779
2026-05-19 20:18:51,esterno,356,15584,-4052,-1144,-1952,-106,853346
2026-05-19 20:18:51,lombar,16772,-264,432,333,-681,547,1510801
2026-05-19 20:18:51,esterno,644,15472,-4692,-642,-1164,-348,853368
2026-05-19 20:18:51,lombar,16644,-348,0,-127,-789,610,1510823
2026-05-19 20:18:51,esterno,296,15252,-3684,-268,-1102,-587,853390
2026-05-19 20:18:51,lombar,16636,-384,320,-244,-491,592,1510845
2026-05-19 20:18:51,esterno,428,15492,-3380,-441,-1542,-276,853412
2026-05-19 20:18:51,lombar,16752,-744,328,-541,-489,599,1510867
2026-05-19 20:18:51,esterno,120,15504,-3924,-566,-1629,-42,853434
2026-05-19 20:18:51,lombar,16780,-788,60,-428,-276,636,1510889
2026-05-19 20:18:51,esterno,-120,15384,-4212,-400,-747,-212,853456
2026-05-19 20:18:51,lombar,16836,-708,44,-701,-366,677,1510911
2026-05-19 20:18:51,esterno,-68,15292,-4124,-148,-605,-395,853478
2026-05-19 20:18:51,lombar,16744,-524,160,-809,-389,764,1510933
2026-05-19 20:18:51,esterno,4,15744,-4104,-38,-732,-330,853500
2026-05-19 20:18:51,lombar,16880,-612,292,-879,-482,640,1510955
2026-05-19 20:18:51,esterno,-32,15992,-3580,-60,-594,-4,853522
2026-05-19 20:18:52,lombar,16728,-896,164,-786,-269,515,1510977
2026-05-19 20:18:52,esterno,-40,15612,-3656,17,-428,48,853544
2026-05-19 20:18:52,lombar,16836,-896,184,-693,-138,495,1510999
2026-05-19 20:18:52,esterno,-300,15280,-3856,60,-283,-146,853566
2026-05-19 20:18:52,lombar,16800,-1132,144,-608,-225,494,1511021
2026-05-19 20:18:52,esterno,-492,15452,-3772,97,-631,-146,853588
2026-05-19 20:18:52,lombar,16860,-908,276,-552,-241,467,1511043
2026-05-19 20:18:52,esterno,-532,15460,-3948,97,-834,8,853610
2026-05-19 20:18:52,lombar,16896,-868,284,-478,100,434,1511065
2026-05-19 20:18:52,esterno,-408,15328,-3916,52,-545,10,853632
2026-05-19 20:18:52,lombar,16764,-968,216,-261,294,427,1511087
2026-05-19 20:18:52,esterno,-544,15384,-4208,257,-307,-225,853654
2026-05-19 20:18:52,lombar,16760,-1120,480,-128,38,316,1511109
2026-05-19 20:18:52,esterno,-272,15352,-4088,580,-404,-262,853676
2026-05-19 20:18:52,lombar,16944,-1296,564,-112,-314,389,1511131
2026-05-19 20:18:52,esterno,-368,15168,-4020,858,-112,-344,853698
2026-05-19 20:18:52,lombar,17204,-1184,1180,-505,-632,426,1511153
2026-05-19 20:18:52,esterno,-384,15188,-4004,789,-77,-277,853720
2026-05-19 20:18:52,lombar,17364,-1372,720,-202,-351,375,1511175
2026-05-19 20:18:52,esterno,-356,14620,-4172,1106,158,-342,853742
2026-05-19 20:18:52,lombar,16724,-1204,-128,1165,830,174,1511197
2026-05-19 20:18:52,esterno,-428,14768,-4600,1766,305,-485,853764
2026-05-19 20:18:52,lombar,16360,-1256,-344,1231,1566,100,1511219
2026-05-19 20:18:52,esterno,-40,15412,-4648,1943,879,-174,853786
2026-05-19 20:18:52,lombar,16700,-1488,-80,1008,472,40,1511241
2026-05-19 20:18:52,esterno,728,16032,-4400,2141,1171,317,853808
2026-05-19 20:18:52,lombar,16704,-1280,-4,773,25,-5,1511263
2026-05-19 20:18:52,esterno,740,16392,-3952,2369,1483,441,853830
2026-05-19 20:18:52,lombar,16900,-996,4,776,63,52,1511285
2026-05-19 20:18:52,esterno,-88,16372,-3868,1970,1847,155,853852
2026-05-19 20:18:52,lombar,16664,-884,-280,811,934,-41,1511307
2026-05-19 20:18:52,esterno,-836,16028,-4200,1403,1882,-39,853874
2026-05-19 20:18:52,lombar,16492,-816,200,1078,864,-91,1511329
2026-05-19 20:18:52,esterno,-1100,16216,-4384,1375,1401,411,853896
2026-05-19 20:18:52,lombar,16252,-684,356,927,161,-94,1511351
2026-05-19 20:18:52,esterno,-1248,16488,-4104,1302,821,774,853918
2026-05-19 20:18:52,lombar,16480,-948,300,552,-305,-230,1511373
2026-05-19 20:18:52,esterno,-704,16200,-4988,948,933,929,853940
2026-05-19 20:18:52,lombar,16664,-1136,188,1036,-45,-583,1511395
2026-05-19 20:18:52,esterno,-204,15996,-5064,773,2287,770,853962
2026-05-19 20:18:52,lombar,16712,-1312,-28,1151,500,-618,1511417
2026-05-19 20:18:52,esterno,108,15408,-4300,531,1741,616,853984
2026-05-19 20:18:52,lombar,16532,-1364,392,1379,-183,-667,1511439
2026-05-19 20:18:52,esterno,-12,15236,-4448,172,1717,485,854006
2026-05-19 20:18:52,lombar,16832,-1300,372,1492,-607,-607,1511461
2026-05-19 20:18:52,esterno,88,15304,-4972,94,2184,729,854028
2026-05-19 20:18:52,lombar,16688,-1168,136,1758,-266,-840,1511483
2026-05-19 20:18:52,esterno,144,14844,-5388,147,3481,768,854050
2026-05-19 20:18:52,lombar,17016,-1144,84,2204,110,-1089,1511505
2026-05-19 20:18:52,esterno,568,15524,-5096,186,4160,910,854072
2026-05-19 20:18:52,lombar,16900,-1176,244,2394,131,-903,1511527
2026-05-19 20:18:52,esterno,448,15648,-4636,54,3584,879,854094
2026-05-19 20:18:52,lombar,16896,-1232,400,3016,-575,-944,1511549
2026-05-19 20:18:52,esterno,124,15604,-4508,-74,3706,335,854116
2026-05-19 20:18:52,lombar,16552,-984,476,3544,-636,-790,1511571
2026-05-19 20:18:52,esterno,-288,15428,-4692,-209,3915,-68,854138
2026-05-19 20:18:52,lombar,16712,-624,272,3536,-398,-634,1511593
2026-05-19 20:18:52,esterno,-384,15136,-5076,-494,3570,-118,854160
2026-05-19 20:18:52,lombar,16720,-412,284,3370,-396,-531,1511615
2026-05-19 20:18:52,esterno,60,14884,-5284,-307,3529,155,854182
2026-05-19 20:18:52,lombar,16868,-404,480,3219,-406,-469,1511637
2026-05-19 20:18:52,esterno,700,15116,-5052,-200,3309,259,854204
2026-05-19 20:18:52,lombar,16644,-572,312,2934,73,-468,1511659
2026-05-19 20:18:52,esterno,760,14556,-5196,1,3920,-247,854226
2026-05-19 20:18:52,lombar,16992,-688,300,3281,-379,-363,1511681
2026-05-19 20:18:52,esterno,728,14520,-4696,544,4185,-696,854248
2026-05-19 20:18:52,lombar,17020,-612,-32,3338,307,-141,1511703
2026-05-19 20:18:52,esterno,548,14712,-4252,1371,3555,-627,854270
2026-05-19 20:18:52,lombar,17032,-532,76,3496,747,-335,1511725
2026-05-19 20:18:52,esterno,284,15824,-3932,1756,3749,-342,854292
2026-05-19 20:18:52,lombar,16936,-164,-164,3608,1182,-413,1511747
2026-05-19 20:18:52,esterno,200,17560,-3684,955,3533,242,854314
2026-05-19 20:18:52,lombar,16836,-48,128,3561,884,-415,1511769
2026-05-19 20:18:52,esterno,492,17636,-4780,-256,3378,579,854336
2026-05-19 20:18:52,lombar,16608,-52,32,3587,183,-375,1511791
2026-05-19 20:18:52,esterno,660,16404,-5260,-745,3350,391,854358
2026-05-19 20:18:52,lombar,16392,-152,180,3936,-103,-343,1511813
2026-05-19 20:18:52,esterno,800,15364,-5628,-513,3142,67,854380
2026-05-19 20:18:52,lombar,16376,-272,76,4141,-414,-448,1511835
2026-05-19 20:18:52,esterno,928,15040,-5396,-416,3235,-29,854402
2026-05-19 20:18:52,lombar,16296,-276,308,4334,-496,-466,1511857
2026-05-19 20:18:52,esterno,916,15164,-5084,-841,3467,202,854424
2026-05-19 20:18:52,lombar,16464,-56,528,4263,-730,-399,1511879
2026-05-19 20:18:52,esterno,648,15432,-5268,-1291,3839,217,854446
2026-05-19 20:18:52,lombar,16632,-64,396,4287,-869,-360,1511901
2026-05-19 20:18:52,esterno,716,15576,-5228,-1447,3896,77,854468
2026-05-19 20:18:52,lombar,16708,-12,368,4326,-1097,-316,1511923
2026-05-19 20:18:52,esterno,828,15428,-5040,-1530,3870,-83,854490
2026-05-19 20:18:52,lombar,16788,60,544,4283,-1262,-384,1511945
2026-05-19 20:18:52,esterno,1004,15216,-4832,-1447,3838,-191,854512
2026-05-19 20:18:53,lombar,16796,16,812,4237,-1170,-333,1511967
2026-05-19 20:18:53,esterno,1004,14820,-5100,-852,4111,-136,854534
2026-05-19 20:18:53,lombar,16956,220,708,4261,-803,-414,1511989
2026-05-19 20:18:53,esterno,736,14896,-4876,-679,4640,-248,854556
2026-05-19 20:18:53,lombar,16920,268,500,4224,-551,-357,1512011
2026-05-19 20:18:53,esterno,780,15276,-4176,-961,3516,-121,854578
2026-05-19 20:18:53,lombar,16868,208,624,4413,-675,-421,1512033
2026-05-19 20:18:53,esterno,952,14888,-5196,-536,3459,107,854600
2026-05-19 20:18:53,lombar,17056,216,432,4662,-319,-333,1512055
2026-05-19 20:18:53,esterno,892,14332,-4608,215,4006,-277,854622
2026-05-19 20:18:53,lombar,16904,296,32,4322,-254,-243,1512077
2026-05-19 20:18:53,esterno,1572,14748,-4836,471,3899,-639,854644
2026-05-19 20:18:53,lombar,16596,640,92,4125,25,-165,1512099
2026-05-19 20:18:53,esterno,1416,15188,-4464,575,4064,-608,854666
2026-05-19 20:18:53,lombar,16720,332,208,4018,37,-194,1512121
2026-05-19 20:18:53,esterno,1420,15436,-4312,466,4116,-421,854688
2026-05-19 20:18:53,lombar,16680,236,-192,4171,449,-243,1512143
2026-05-19 20:18:53,esterno,1232,15672,-4564,525,4141,-318,854710
2026-05-19 20:18:53,lombar,16732,624,44,4089,552,-319,1512165
2026-05-19 20:18:53,esterno,1088,15832,-4860,581,4417,-203,854732
2026-05-19 20:18:53,lombar,16824,752,68,4060,194,-384,1512187
2026-05-19 20:18:53,esterno,1032,16244,-4452,587,3913,220,854754
2026-05-19 20:18:53,lombar,16644,820,64,3899,252,-407,1512209
2026-05-19 20:18:53,esterno,1072,16064,-4552,552,3507,362,854776
2026-05-19 20:18:53,lombar,16676,764,112,3763,331,-509,1512231
2026-05-19 20:18:53,esterno,1316,16264,-4144,33,3729,161,854798
2026-05-19 20:18:53,lombar,16592,640,60,3596,27,-546,1512253
2026-05-19 20:18:53,esterno,1372,15968,-4648,-236,3741,24,854820
2026-05-19 20:18:53,lombar,16496,744,272,3677,-115,-708,1512275
2026-05-19 20:18:53,esterno,1676,15580,-4744,-240,3499,205,854842
2026-05-19 20:18:53,lombar,16524,848,284,3796,-393,-737,1512297
2026-05-19 20:18:53,esterno,1828,15696,-4992,-496,3786,221,854864
2026-05-19 20:18:53,lombar,16476,1032,556,3730,-463,-623,1512319
2026-05-19 20:18:53,esterno,1948,15748,-4652,-783,3778,236,854886
2026-05-19 20:18:53,lombar,16640,916,208,3842,-529,-677,1512341
2026-05-19 20:18:53,esterno,2056,15540,-4992,-909,3591,220,854908
2026-05-19 20:18:53,lombar,16604,1020,-44,3857,-523,-747,1512363
2026-05-19 20:18:53,esterno,2156,15460,-4784,-976,3648,166,854930
2026-05-19 20:18:53,lombar,16624,1116,236,3869,-823,-599,1512385
2026-05-19 20:18:53,esterno,2156,15344,-4652,-912,3615,232,854952
2026-05-19 20:18:53,lombar,16756,972,300,3908,-795,-497,1512407
2026-05-19 20:18:53,esterno,2340,15168,-4636,-634,3644,334,854974
2026-05-19 20:18:53,lombar,16712,1140,348,4092,-371,-461,1512429
2026-05-19 20:18:53,esterno,2380,15072,-4668,-540,3732,276,854996
2026-05-19 20:18:53,lombar,16976,1436,496,4294,-237,-404,1512451
2026-05-19 20:18:53,esterno,2300,14752,-4760,-455,3746,209,855018
2026-05-19 20:18:53,lombar,16544,1412,280,3981,-160,-293,1512473
2026-05-19 20:18:53,esterno,2340,14880,-4812,-72,3640,273,855040
2026-05-19 20:18:53,lombar,16784,1400,396,3807,-299,-186,1512495
2026-05-19 20:18:53,esterno,2308,15104,-4560,170,3576,297,855062
2026-05-19 20:18:53,lombar,16748,1468,140,3646,129,-158,1512517
2026-05-19 20:18:53,esterno,2176,15128,-4512,250,3350,208,855084
2026-05-19 20:18:53,lombar,16684,1652,-56,3246,197,-142,1512539
2026-05-19 20:18:53,esterno,1956,15196,-4328,430,3012,-29,855106
2026-05-19 20:18:53,lombar,16748,1732,120,3118,207,-168,1512561
2026-05-19 20:18:53,esterno,1980,15308,-4472,908,2932,-57,855128
2026-05-19 20:18:53,lombar,16624,1776,-248,2917,350,-301,1512583
2026-05-19 20:18:53,esterno,2176,15468,-3760,785,2989,-34,855150
2026-05-19 20:18:53,lombar,16572,1928,68,2373,350,-269,1512605
2026-05-19 20:18:53,esterno,2544,15712,-4052,295,2236,143,855172
2026-05-19 20:18:53,lombar,16648,1992,-76,1910,109,-323,1512627
2026-05-19 20:18:53,esterno,2588,15984,-4612,153,1909,274,855194
2026-05-19 20:18:53,lombar,16612,1940,-432,1682,-7,-167,1512649
2026-05-19 20:18:53,esterno,2548,15784,-4296,292,2004,89,855216
2026-05-19 20:18:53,lombar,16572,2172,-280,1599,43,-92,1512671
2026-05-19 20:18:53,esterno,2672,16004,-4108,169,1745,-61,855238
2026-05-19 20:18:53,lombar,16768,2016,-124,1475,-89,-100,1512693
2026-05-19 20:18:53,esterno,2944,16016,-4520,-317,1979,-98,855260
2026-05-19 20:18:53,lombar,16804,1816,-200,1295,-221,9,1512715
2026-05-19 20:18:53,esterno,2940,15852,-4228,-567,1617,-5,855282
2026-05-19 20:18:53,lombar,16572,2112,196,865,-277,244,1512737
2026-05-19 20:18:53,esterno,2764,15520,-4224,-337,1239,-143,855304
2026-05-19 20:18:53,lombar,16460,2248,-108,809,-307,289,1512759
2026-05-19 20:18:53,esterno,2464,15384,-4440,-521,1172,-247,855326
2026-05-19 20:18:53,esterno,2568,15336,-4176,-950,799,-141,855348
2026-05-19 20:18:53,lombar,16496,2100,188,726,-611,233,1512781
2026-05-19 20:18:53,lombar,16536,2212,476,677,-502,304,1512803
2026-05-19 20:18:53,esterno,2856,15084,-4420,-946,380,-137,855370
2026-05-19 20:18:53,lombar,16616,2104,132,355,-603,408,1512825
2026-05-19 20:18:53,esterno,2932,15028,-4384,-951,376,-110,855392
2026-05-19 20:18:53,lombar,16604,1852,228,299,-719,379,1512847
2026-05-19 20:18:53,esterno,2796,15076,-4664,-790,100,-142,855414
2026-05-19 20:18:53,lombar,16724,1940,140,238,-529,468,1512869
2026-05-19 20:18:53,esterno,2868,15100,-4524,-579,-282,-122,855436
2026-05-19 20:18:53,lombar,16788,1916,16,2,-572,698,1512891
2026-05-19 20:18:53,esterno,2912,15100,-4204,-283,-319,-30,855458
2026-05-19 20:18:53,lombar,16552,1896,-52,-351,-538,756,1512913
2026-05-19 20:18:53,esterno,2780,15232,-4036,-420,-420,-117,855480
2026-05-19 20:18:53,lombar,16728,1820,-36,-485,-432,722,1512935
2026-05-19 20:18:53,esterno,2628,15300,-4288,-474,-680,-162,855502
2026-05-19 20:18:53,lombar,16844,1856,-180,-567,-232,822,1512957
2026-05-19 20:18:54,esterno,2528,15340,-4076,-116,-837,-316,855524
2026-05-19 20:18:54,lombar,16856,1836,-212,-704,-234,910,1512979
2026-05-19 20:18:54,esterno,2492,15520,-3920,-27,-964,-287,855546
2026-05-19 20:18:54,lombar,16824,1808,-460,-996,-143,902,1513001
2026-05-19 20:18:54,esterno,2536,15588,-3768,-122,-1101,-251,855568
2026-05-19 20:18:54,lombar,16892,1908,-376,-1259,-93,891,1513023
2026-05-19 20:18:54,esterno,2660,15736,-3820,5,-1362,-278,855590
2026-05-19 20:18:54,lombar,16856,1648,-308,-1354,-116,930,1513045
2026-05-19 20:18:54,esterno,2660,15880,-3636,184,-1552,-434,855612
2026-05-19 20:18:54,lombar,16696,1752,-68,-1664,-155,1005,1513067
2026-05-19 20:18:54,esterno,2440,16060,-3756,-41,-1626,-475,855634
2026-05-19 20:18:54,lombar,16740,1884,-160,-1779,-22,997,1513089
2026-05-19 20:18:54,esterno,2408,15928,-4144,-293,-1740,-486,855656
2026-05-19 20:18:54,lombar,16868,1676,108,-1990,-291,1012,1513111
2026-05-19 20:18:54,esterno,2512,15348,-4340,-202,-1952,-490,855678
2026-05-19 20:18:54,lombar,16660,1608,-220,-2004,-136,1014,1513133
2026-05-19 20:18:54,esterno,2504,15372,-4308,-61,-2218,-627,855700
2026-05-19 20:18:54,lombar,16560,1496,168,-1926,-241,815,1513155
2026-05-19 20:18:54,esterno,2664,15608,-4336,16,-2264,-632,855722
2026-05-19 20:18:54,lombar,16636,1312,380,-2007,-113,879,1513177
2026-05-19 20:18:54,esterno,2556,15368,-4864,120,-1535,-531,855744
2026-05-19 20:18:54,lombar,16616,1148,-164,-1961,-133,764,1513199
2026-05-19 20:18:54,esterno,2392,15440,-4328,-87,-1897,-302,855766
2026-05-19 20:18:54,lombar,16548,1044,8,-1546,-451,632,1513221
2026-05-19 20:18:54,esterno,2160,15492,-4264,-133,-2434,-76,855788
2026-05-19 20:18:54,lombar,16596,1228,152,-1309,-693,730,1513243
2026-05-19 20:18:54,esterno,2068,15336,-4812,-14,-2102,-38,855810
2026-05-19 20:18:54,lombar,16508,1384,92,-1446,-455,839,1513265
2026-05-19 20:18:54,esterno,2136,15216,-5060,-112,-1684,-186,855832
2026-05-19 20:18:54,lombar,16384,1576,-84,-1630,-812,790,1513287
2026-05-19 20:18:54,esterno,2428,15116,-5080,213,-1687,-183,855854
2026-05-19 20:18:54,lombar,16140,1800,60,-1968,-803,737,1513309
2026-05-19 20:18:54,esterno,2524,15320,-4436,559,-1370,-55,855876
2026-05-19 20:18:54,lombar,16316,1612,48,-2298,-1176,585,1513331
2026-05-19 20:18:54,esterno,2264,15768,-3744,324,-1862,185,855898
2026-05-19 20:18:54,lombar,16340,1508,-292,-2664,-1070,579,1513353
2026-05-19 20:18:54,esterno,2192,16040,-4020,-252,-1911,388,855920
2026-05-19 20:18:54,lombar,16484,1468,-660,-2837,-1084,818,1513375
2026-05-19 20:18:54,esterno,2200,16188,-3972,-761,-1940,445,855942
2026-05-19 20:18:54,lombar,16756,1368,-364,-3091,-1560,950,1513397
2026-05-19 20:18:54,esterno,2524,16200,-4308,-1036,-1933,410,855964
2026-05-19 20:18:54,lombar,16944,1072,-720,-3188,-1769,1064,1513419
2026-05-19 20:18:54,esterno,2724,16332,-4216,-1261,-1804,251,855986
2026-05-19 20:18:54,lombar,16956,760,-776,-2766,-1606,1040,1513441
2026-05-19 20:18:54,esterno,2260,15948,-3720,-1337,-1773,19,856008
2026-05-19 20:18:54,lombar,16976,824,-692,-2666,-1464,1011,1513463
2026-05-19 20:18:54,esterno,2036,15996,-3764,-1222,-1789,-127,856030
2026-05-19 20:18:54,lombar,16956,968,-500,-2484,-1297,1104,1513485
2026-05-19 20:18:54,esterno,1872,15840,-3956,-1312,-2074,-79,856052
2026-05-19 20:18:54,lombar,16956,1028,-452,-2553,-1206,1273,1513507
2026-05-19 20:18:54,esterno,1568,15484,-4004,-1258,-2150,-224,856074
2026-05-19 20:18:54,lombar,16804,1008,-404,-2727,-1259,1284,1513529
2026-05-19 20:18:54,esterno,1452,15316,-4048,-1202,-2489,-235,856096
2026-05-19 20:18:54,lombar,16764,1016,-360,-2854,-1189,1231,1513551
2026-05-19 20:18:54,esterno,1600,15200,-4172,-1059,-2479,-174,856118
2026-05-19 20:18:54,lombar,16680,1040,-60,-3087,-774,1138,1513573
2026-05-19 20:18:54,esterno,1416,14816,-4324,-683,-2569,-242,856140
2026-05-19 20:18:54,lombar,16688,940,-24,-3271,-493,1221,1513595
2026-05-19 20:18:54,esterno,1512,14784,-4352,-309,-2573,-451,856162
2026-05-19 20:18:54,lombar,16468,832,260,-3564,-594,1188,1513617
2026-05-19 20:18:54,esterno,1408,14576,-4412,-225,-2428,-599,856184
2026-05-19 20:18:54,lombar,16620,584,-364,-3768,-626,1168,1513639
2026-05-19 20:18:54,esterno,1324,14804,-4240,-66,-2449,-585,856206
2026-05-19 20:18:54,lombar,16540,356,-176,-3602,-412,1028,1513661
2026-05-19 20:18:54,esterno,1372,15104,-4332,236,-2559,-527,856228
2026-05-19 20:18:54,lombar,16444,152,-616,-3530,-56,1073,1513683
2026-05-19 20:18:54,esterno,1188,15268,-4404,312,-2537,-499,856250
2026-05-19 20:18:54,lombar,16608,180,-728,-3287,-158,1057,1513705
2026-05-19 20:18:54,esterno,1060,15632,-4580,178,-2642,-514,856272
2026-05-19 20:18:54,lombar,16840,124,-612,-2851,-400,1026,1513727
2026-05-19 20:18:54,esterno,1244,15796,-4372,224,-2576,-429,856294
2026-05-19 20:18:54,lombar,16840,312,-744,-2533,-108,1000,1513749
2026-05-19 20:18:54,esterno,1400,16304,-3644,398,-2610,-239,856316
2026-05-19 20:18:54,lombar,16944,60,-796,-2822,-19,835,1513771
2026-05-19 20:18:54,esterno,1240,16732,-3752,478,-2480,0,856338
2026-05-19 20:18:54,lombar,16988,132,-788,-2283,-98,744,1513793
2026-05-19 20:18:54,esterno,888,16656,-4160,250,-1657,-145,856360
2026-05-19 20:18:54,lombar,16968,16,-852,-1978,-72,632,1513815
2026-05-19 20:18:54,esterno,860,16312,-3336,-367,-2549,-230,856382
2026-05-19 20:18:54,lombar,16964,-104,-520,-1558,-126,456,1513837
2026-05-19 20:18:54,esterno,1160,15868,-4280,-461,-2745,41,856404
2026-05-19 20:18:54,lombar,16600,12,-472,-1669,-16,607,1513859
2026-05-19 20:18:54,esterno,1116,15336,-4400,31,-1776,26,856426
2026-05-19 20:18:54,lombar,16548,364,-184,-1837,-97,483,1513881
2026-05-19 20:18:54,esterno,1268,15188,-4808,352,-1833,-28,856448
2026-05-19 20:18:54,lombar,16440,496,-144,-2181,-161,385,1513903
2026-05-19 20:18:54,esterno,984,15212,-4632,435,-1853,-48,856470
2026-05-19 20:18:54,lombar,16420,308,4,-2425,-37,436,1513925
2026-05-19 20:18:54,esterno,500,15204,-4312,40,-1902,1,856492
2026-05-19 20:18:54,lombar,16572,272,400,-2487,-254,476,1513947
2026-05-19 20:18:54,esterno,404,14912,-4508,-17,-2072,78,856514
2026-05-19 20:18:54,lombar,16552,140,200,-2703,-515,598,1513969
2026-05-19 20:18:55,esterno,584,14624,-4804,242,-2090,-170,856536
2026-05-19 20:18:55,lombar,16408,344,216,-2968,-230,594,1513991
2026-05-19 20:18:55,esterno,664,14648,-4760,494,-2106,-281,856558
2026-05-19 20:18:55,lombar,16392,332,124,-2962,-281,701,1514013
2026-05-19 20:18:55,esterno,564,14944,-4456,631,-2223,-300,856580
2026-05-19 20:18:55,lombar,16448,108,72,-3191,-245,759,1514035
2026-05-19 20:18:55,esterno,648,15092,-4540,655,-2287,-297,856602
2026-05-19 20:18:55,lombar,16532,-184,16,-3298,-214,599,1514057
2026-05-19 20:18:55,esterno,652,15100,-4772,671,-2101,-241,856624
2026-05-19 20:18:55,lombar,16528,-448,-412,-2839,-297,539,1514079
2026-05-19 20:18:55,esterno,668,15292,-4868,715,-1984,-16,856646
2026-05-19 20:18:55,lombar,16684,-484,-428,-2484,-56,615,1514101
2026-05-19 20:18:55,esterno,828,15952,-4880,682,-1837,268,856668
2026-05-19 20:18:55,lombar,16876,-504,-756,-1955,-634,661,1514123
2026-05-19 20:18:55,esterno,756,16640,-4604,270,-1497,534,856690
2026-05-19 20:18:55,lombar,16736,-444,-1080,-1773,-957,691,1514145
2026-05-19 20:18:55,esterno,656,17168,-4416,-389,-1623,824,856712
2026-05-19 20:18:55,lombar,16688,-376,-1112,-1584,-1172,678,1514167
2026-05-19 20:18:55,esterno,480,17212,-3684,-759,-1515,770,856734
2026-05-19 20:18:55,lombar,16576,-224,-940,-1669,-1518,798,1514189
2026-05-19 20:18:55,esterno,380,16740,-3340,-1138,-1515,680,856756
2026-05-19 20:18:55,lombar,16520,-212,-876,-1700,-1645,886,1514211
2026-05-19 20:18:55,esterno,220,16160,-3776,-1533,-1275,525,856778
2026-05-19 20:18:55,lombar,16836,-420,-532,-1547,-1454,714,1514233
2026-05-19 20:18:55,esterno,-116,15700,-3936,-1776,-1252,532,856800
2026-05-19 20:18:55,lombar,16868,-804,-236,-1325,-1400,726,1514255
2026-05-19 20:18:55,esterno,76,15284,-4804,-1600,-1344,507,856822
2026-05-19 20:18:55,lombar,16760,-864,-352,-1072,-1170,790,1514277
2026-05-19 20:18:55,esterno,160,15084,-5028,-1418,-1223,234,856844
2026-05-19 20:18:55,lombar,16684,-732,-96,-922,-1075,932,1514299
2026-05-19 20:18:55,esterno,332,14876,-4756,-1138,-1081,-81,856866
2026-05-19 20:18:55,lombar,16580,-388,-24,-1019,-1152,984,1514321
2026-05-19 20:18:55,esterno,196,14852,-4232,-926,-1009,-204,856888
2026-05-19 20:18:55,lombar,16524,-344,-48,-1160,-1280,877,1514343
2026-05-19 20:18:55,esterno,44,14800,-4500,-667,-1079,-252,856910
2026-05-19 20:18:55,lombar,16412,-544,-212,-1009,-1122,750,1514365
2026-05-19 20:18:55,esterno,-28,14732,-4924,-429,-423,-390,856932
2026-05-19 20:18:55,lombar,16632,-560,-280,-969,-840,673,1514387
2026-05-19 20:18:55,esterno,208,15044,-3776,-814,-850,-495,856954
2026-05-19 20:18:55,lombar,16788,-792,-380,-1041,-934,687,1514409
2026-05-19 20:18:55,lombar,17056,-792,-636,-854,-820,689,1514431
2026-05-19 20:18:55,esterno,340,15160,-4204,-745,-1352,-386,856976
2026-05-19 20:18:55,esterno,248,15180,-4464,78,-161,-546,856998
2026-05-19 20:18:55,lombar,17072,-692,-836,-868,-677,765,1514453
2026-05-19 20:18:55,lombar,16860,-788,-1056,-1069,-188,730,1514475
2026-05-19 20:18:55,esterno,196,15500,-4080,249,-68,-630,857020
2026-05-19 20:18:55,esterno,428,16072,-3896,451,46,-451,857042
2026-05-19 20:18:55,lombar,17196,-860,-1164,-547,-521,633,1514497
2026-05-19 20:18:55,esterno,288,16616,-3352,22,291,-190,857064
2026-05-19 20:18:55,lombar,16876,-920,-1112,-180,-217,297,1514519
2026-05-19 20:18:55,esterno,320,16564,-3500,-430,363,45,857086
2026-05-19 20:18:55,lombar,17064,-912,-1036,229,-142,314,1514541
2026-05-19 20:18:55,esterno,460,15988,-4064,-128,570,171,857108
2026-05-19 20:18:55,lombar,16932,-916,-1200,480,-425,412,1514563
2026-05-19 20:18:55,esterno,396,15616,-4260,86,626,149,857130
2026-05-19 20:18:55,lombar,16584,-900,-1068,797,-239,396,1514585
2026-05-19 20:18:55,esterno,164,15480,-4280,-16,976,48,857152
2026-05-19 20:18:55,lombar,16592,-960,-940,987,-298,347,1514607
2026-05-19 20:18:55,esterno,160,15896,-3656,-444,927,43,857174
2026-05-19 20:18:55,lombar,16544,-888,-784,1145,-503,261,1514629
2026-05-19 20:18:55,esterno,248,15512,-3952,-525,973,49,857196
2026-05-19 20:18:55,lombar,16656,-828,-756,1328,-332,208,1514651
2026-05-19 20:18:55,esterno,208,15448,-4216,-208,1432,-118,857218
2026-05-19 20:18:55,lombar,16588,-560,-856,1290,-130,333,1514673
2026-05-19 20:18:55,esterno,264,15320,-4204,-120,1268,-207,857240
2026-05-19 20:18:55,lombar,16632,-440,-620,879,-426,408,1514695
2026-05-19 20:18:55,esterno,116,15408,-3808,-99,1475,-402,857262
2026-05-19 20:18:55,lombar,16708,-320,-956,805,-298,279,1514717
2026-05-19 20:18:55,esterno,-88,15728,-3884,-447,1171,-309,857284
2026-05-19 20:18:55,lombar,16740,-276,-1088,824,-189,207,1514739
2026-05-19 20:18:55,esterno,20,15940,-4140,-662,1293,-193,857306
2026-05-19 20:18:55,lombar,16464,-252,-940,747,-367,221,1514761
2026-05-19 20:18:55,esterno,116,15980,-3844,-663,1143,-166,857328
2026-05-19 20:18:55,lombar,16568,-720,-1100,444,-1057,261,1514783
2026-05-19 20:18:55,esterno,216,15916,-3620,-672,927,-204,857350
2026-05-19 20:18:55,lombar,16472,-896,-932,585,-943,255,1514805
