timestamp,node,ax,ay,az,gx,gy,gz,t_ms
2026-05-19 20:07:05,esterno,4260,11908,-7620,1840,-274,655,147278
2026-05-19 20:07:05,lombar,15628,1512,5416,689,1782,504,804711
2026-05-19 20:07:05,lombar,16000,1616,6864,815,2220,1287,804733
2026-05-19 20:07:05,esterno,4708,13200,-8280,2903,1440,-567,147300
2026-05-19 20:07:05,esterno,4340,14704,-7588,1841,1279,50,147322
2026-05-19 20:07:05,lombar,16072,188,6520,-678,2337,1468,804755
2026-05-19 20:07:05,lombar,15228,-844,5724,-1084,2492,1149,804777
2026-05-19 20:07:05,esterno,3552,14868,-8428,-222,1466,455,147344
2026-05-19 20:07:05,esterno,928,14532,-8048,-890,1746,-671,147366
2026-05-19 20:07:05,lombar,15232,240,6716,-326,1261,922,804799
2026-05-19 20:07:05,esterno,-436,14228,-7256,708,1428,-1160,147388
2026-05-19 20:07:05,lombar,15368,1064,5276,1109,1531,802,804821
2026-05-19 20:07:05,lombar,17364,2580,7736,1354,1468,1730,804843
2026-05-19 20:07:05,esterno,-540,13660,-8312,3143,1639,-849,147410
2026-05-19 20:07:05,esterno,1648,14516,-7400,3099,1807,296,147432
2026-05-19 20:07:05,lombar,14452,1436,4976,1184,-345,296,804865
2026-05-19 20:07:05,lombar,13848,4000,3168,145,1493,406,804887
2026-05-19 20:07:05,esterno,2648,15852,-5308,1007,1362,571,147454
2026-05-19 20:07:05,esterno,2656,16956,-2828,-1551,442,-156,147476
2026-05-19 20:07:05,lombar,18016,1968,6104,-578,-4574,-476,804909
2026-05-19 20:07:05,esterno,2588,18604,-4012,-1581,-438,342,147498
2026-05-19 20:07:05,lombar,19028,52,5376,247,514,-1091,804931
2026-05-19 20:07:06,lombar,17952,-1216,5228,863,-449,553,804953
2026-05-19 20:07:06,esterno,2744,18228,-6232,-189,-178,892,147520
2026-05-19 20:07:06,esterno,2872,15692,-6576,520,182,234,147542
2026-05-19 20:07:06,lombar,16364,-1040,5300,1682,372,2097,804975
2026-05-19 20:07:06,esterno,2356,13588,-6728,1427,458,-509,147564
2026-05-19 20:07:06,lombar,14920,548,5512,1445,1246,1558,804997
2026-05-19 20:07:06,esterno,1472,13040,-6404,962,1097,-1403,147586
2026-05-19 20:07:06,lombar,15340,912,5384,1052,225,1084,805019
2026-05-19 20:07:06,lombar,15488,264,5780,1163,583,1013,805041
2026-05-19 20:07:06,esterno,876,14392,-6416,-1068,1632,-2118,147608
2026-05-19 20:07:06,esterno,528,15840,-6720,-2230,1663,-1762,147630
2026-05-19 20:07:06,lombar,15960,404,5888,1216,-56,1094,805063
2026-05-19 20:07:06,lombar,15892,928,5396,1150,-769,1206,805085
2026-05-19 20:07:06,esterno,488,15936,-6188,-1996,1035,-874,147652
2026-05-19 20:07:06,lombar,15712,1028,5892,790,-445,958,805107
2026-05-19 20:07:06,esterno,1116,15364,-5788,-1535,142,-242,147674
2026-05-19 20:07:06,esterno,1736,14752,-6612,-1258,154,-227,147696
2026-05-19 20:07:06,lombar,16072,1184,5916,191,-426,734,805129
2026-05-19 20:07:06,esterno,1592,15016,-6240,-1670,613,-798,147718
2026-05-19 20:07:06,lombar,16440,1136,6096,-379,-695,595,805151
2026-05-19 20:07:06,esterno,1368,15324,-5644,-1659,266,-784,147740
2026-05-19 20:07:06,lombar,16192,720,5868,-525,-266,451,805173
2026-05-19 20:07:06,lombar,16200,440,5888,-535,-338,543,805195
2026-05-19 20:07:06,esterno,1016,15372,-5448,-1177,-51,-607,147762
2026-05-19 20:07:06,esterno,1108,14780,-5516,-645,-267,-471,147784
2026-05-19 20:07:06,lombar,15868,344,5656,-403,-10,656,805217
2026-05-19 20:07:06,esterno,1404,14580,-5684,-742,-316,-476,147806
2026-05-19 20:07:06,lombar,15780,352,5720,-455,-124,605,805239
2026-05-19 20:07:06,esterno,1444,15088,-5932,-1372,73,-580,147828
2026-05-19 20:07:06,lombar,16280,404,5696,-323,-393,451,805261
2026-05-19 20:07:06,lombar,16108,380,5284,-39,-338,349,805283
2026-05-19 20:07:06,esterno,1424,15712,-5764,-1600,264,-524,147850
2026-05-19 20:07:06,lombar,16088,628,5288,173,-790,435,805305
2026-05-19 20:07:06,esterno,1344,15844,-5180,-876,-150,-373,147872
2026-05-19 20:07:06,esterno,1392,15656,-5296,-68,-205,-231,147894
2026-05-19 20:07:06,lombar,16152,796,5620,256,-904,414,805327
2026-05-19 20:07:06,esterno,1660,15464,-5476,-59,-253,-163,147916
2026-05-19 20:07:06,lombar,16168,864,5356,192,-727,330,805349
2026-05-19 20:07:06,esterno,1760,15412,-5436,-534,-48,-42,147938
2026-05-19 20:07:06,lombar,16100,640,5396,257,-751,211,805371
2026-05-19 20:07:06,lombar,16244,708,5436,287,-736,183,805393
2026-05-19 20:07:06,esterno,1816,15264,-5220,-603,-214,85,147960
2026-05-19 20:07:06,esterno,1372,15176,-5344,-356,-424,35,147982
2026-05-19 20:07:06,lombar,16200,784,5604,235,-667,344,805415
2026-05-19 20:07:06,lombar,16004,744,5576,165,-672,412,805437
2026-05-19 20:07:06,esterno,1212,15308,-5540,-249,-646,120,148004
2026-05-19 20:07:06,esterno,1772,15052,-5756,-560,-689,228,148026
2026-05-19 20:07:06,lombar,15784,520,5320,65,-382,389,805459
2026-05-19 20:07:06,esterno,2044,15048,-6092,-789,-327,166,148048
2026-05-19 20:07:06,lombar,16008,508,5772,73,-769,275,805481
2026-05-19 20:07:06,esterno,2004,15120,-5968,-674,-15,112,148070
2026-05-19 20:07:06,lombar,15948,548,5804,202,-440,378,805503
2026-05-19 20:07:06,esterno,1624,15068,-5956,-442,189,52,148092
2026-05-19 20:07:06,lombar,16072,580,5660,295,-666,376,805525
2026-05-19 20:07:06,esterno,1420,14964,-5788,-350,421,83,148114
2026-05-19 20:07:06,lombar,15920,560,5616,256,-673,372,805547
2026-05-19 20:07:06,esterno,1296,15004,-5984,-547,613,111,148136
2026-05-19 20:07:06,lombar,16012,776,5620,132,-779,355,805569
2026-05-19 20:07:06,esterno,1424,15056,-5560,-632,566,238,148158
2026-05-19 20:07:06,lombar,16040,780,5200,192,-738,267,805591
2026-05-19 20:07:06,esterno,1408,15212,-5444,-611,663,414,148180
2026-05-19 20:07:06,lombar,16036,520,5392,262,-803,267,805613
2026-05-19 20:07:06,esterno,1464,15388,-5224,-684,719,392,148202
2026-05-19 20:07:06,lombar,16272,448,5256,206,-990,226,805635
2026-05-19 20:07:06,esterno,1620,15312,-5184,-671,792,232,148224
2026-05-19 20:07:06,lombar,16392,520,5120,362,-929,237,805657
2026-05-19 20:07:06,esterno,1708,15360,-4732,-466,704,70,148246
2026-05-19 20:07:06,lombar,16344,796,4972,391,-728,198,805679
2026-05-19 20:07:06,lombar,16236,700,4700,348,-685,230,805701
2026-05-19 20:07:06,esterno,1748,15448,-5008,-164,733,10,148268
2026-05-19 20:07:06,esterno,1756,15700,-4484,-378,534,-24,148290
2026-05-19 20:07:06,lombar,16456,680,4872,331,-757,279,805723
2026-05-19 20:07:06,esterno,1960,15896,-4576,-784,36,147,148312
2026-05-19 20:07:06,lombar,16380,820,5088,206,-785,304,805745
2026-05-19 20:07:06,lombar,16292,848,4724,210,-657,343,805767
2026-05-19 20:07:06,esterno,1860,15724,-5028,-812,272,185,148334
2026-05-19 20:07:06,esterno,1700,15408,-5224,-667,458,55,148356
2026-05-19 20:07:06,lombar,16328,876,4768,187,-650,339,805789
2026-05-19 20:07:06,esterno,1796,15240,-5164,-357,441,159,148378
2026-05-19 20:07:06,lombar,16300,888,4880,217,-657,356,805811
2026-05-19 20:07:06,esterno,1704,15396,-4916,-344,634,197,148400
2026-05-19 20:07:06,lombar,16228,648,4944,169,-713,470,805833
2026-05-19 20:07:06,lombar,16196,652,4880,159,-604,456,805855
2026-05-19 20:07:06,esterno,1664,15312,-4748,-510,422,227,148422
2026-05-19 20:07:06,esterno,1748,15256,-5052,-374,392,187,148444
2026-05-19 20:07:06,lombar,16208,692,5032,72,-578,388,805877
2026-05-19 20:07:06,esterno,1652,15356,-5068,-406,541,167,148466
2026-05-19 20:07:06,lombar,16276,712,5000,93,-348,305,805899
2026-05-19 20:07:06,esterno,1404,15308,-5024,-528,427,275,148488
2026-05-19 20:07:06,lombar,16324,668,5108,110,-312,306,805921
2026-05-19 20:07:06,lombar,16260,584,4988,112,-461,431,805943
2026-05-19 20:07:06,esterno,1396,15240,-4800,-398,224,270,148510
2026-05-19 20:07:07,esterno,1532,15176,-4984,-340,148,219,148532
2026-05-19 20:07:07,lombar,16204,612,5196,117,-372,417,805965
2026-05-19 20:07:07,esterno,1512,15088,-4884,-347,253,93,148554
2026-05-19 20:07:07,lombar,16420,644,4832,114,-302,398,805987
2026-05-19 20:07:07,lombar,16136,508,5024,188,-214,266,806009
2026-05-19 20:07:07,esterno,1732,15144,-4872,-269,222,52,148576
2026-05-19 20:07:07,esterno,2024,15256,-5052,-313,324,15,148598
2026-05-19 20:07:07,lombar,16360,540,5000,154,-217,317,806031
2026-05-19 20:07:07,esterno,1812,15280,-4768,-310,619,-152,148620
2026-05-19 20:07:07,lombar,16296,648,4852,201,-200,397,806053
2026-05-19 20:07:07,esterno,1560,15500,-4828,-209,424,-229,148642
2026-05-19 20:07:07,lombar,16300,604,4880,199,-275,377,806075
2026-05-19 20:07:07,esterno,1664,15548,-4828,-151,214,-118,148664
2026-05-19 20:07:07,lombar,16412,492,4820,256,-131,289,806097
2026-05-19 20:07:07,esterno,1756,15492,-4712,-184,174,41,148686
2026-05-19 20:07:07,lombar,16292,612,5176,215,-240,339,806119
2026-05-19 20:07:07,esterno,1616,15436,-4664,-197,157,3,148708
2026-05-19 20:07:07,lombar,16340,676,4956,143,-242,384,806141
2026-05-19 20:07:07,lombar,16180,608,4848,164,-114,271,806163
2026-05-19 20:07:07,esterno,1692,15376,-4924,-49,37,-29,148730
2026-05-19 20:07:07,esterno,1776,15344,-5004,-74,105,-96,148752
2026-05-19 20:07:07,lombar,16352,608,4832,162,-133,294,806185
2026-05-19 20:07:07,esterno,1744,15340,-4848,-97,141,-141,148774
2026-05-19 20:07:07,lombar,16320,724,4900,128,-145,328,806207
2026-05-19 20:07:07,esterno,1828,15512,-4792,-19,92,-119,148796
2026-05-19 20:07:07,lombar,16220,784,5012,92,-266,469,806229
2026-05-19 20:07:07,esterno,1768,15468,-4700,82,7,-136,148818
2026-05-19 20:07:07,lombar,16252,728,4852,54,-102,447,806251
2026-05-19 20:07:07,lombar,16172,768,4864,-9,-140,343,806273
2026-05-19 20:07:07,esterno,1624,15320,-5008,57,-20,-188,148840
2026-05-19 20:07:07,esterno,1504,15284,-5196,-49,-8,-214,148862
2026-05-19 20:07:07,lombar,16240,652,4840,12,-127,369,806295
2026-05-19 20:07:07,lombar,16356,648,5056,59,-253,378,806317
2026-05-19 20:07:07,esterno,1692,15320,-5068,-218,22,-77,148884
2026-05-19 20:07:07,esterno,1860,15368,-4800,-86,82,-59,148906
2026-05-19 20:07:07,lombar,16268,560,5068,68,-266,460,806339
2026-05-19 20:07:07,lombar,16172,680,5156,43,-185,437,806361
2026-05-19 20:07:07,esterno,1896,15420,-4736,50,-62,-136,148928
2026-05-19 20:07:07,lombar,16196,700,5152,35,-156,419,806383
2026-05-19 20:07:07,esterno,1688,15408,-4996,179,10,-193,148950
2026-05-19 20:07:07,esterno,1536,15332,-5144,70,365,-115,148972
2026-05-19 20:07:07,lombar,16152,672,5032,65,-96,449,806405
2026-05-19 20:07:07,lombar,16188,472,5056,68,-257,362,806427
2026-05-19 20:07:07,esterno,1844,15640,-4836,-123,-103,95,148994
2026-05-19 20:07:07,lombar,16208,672,5160,76,-228,434,806449
2026-05-19 20:07:07,esterno,1672,15476,-5036,-172,-256,252,149016
2026-05-19 20:07:07,esterno,1404,15260,-5348,-76,190,78,149038
2026-05-19 20:07:07,lombar,16212,764,5076,133,-221,399,806471
2026-05-19 20:07:07,esterno,1384,15136,-5328,-34,182,-85,149060
2026-05-19 20:07:07,lombar,16212,756,5124,130,-27,356,806493
2026-05-19 20:07:07,lombar,16220,612,4848,79,-231,389,806515
2026-05-19 20:07:07,esterno,1520,15336,-5188,84,247,-38,149082
2026-05-19 20:07:07,esterno,1660,15592,-4972,-81,353,-66,149104
2026-05-19 20:07:07,lombar,16184,436,5064,49,-254,421,806537
2026-05-19 20:07:07,esterno,1744,15480,-5016,-35,193,-64,149126
2026-05-19 20:07:07,lombar,16240,608,5156,44,-389,419,806559
2026-05-19 20:07:07,lombar,16148,488,5028,108,-185,327,806581
2026-05-19 20:07:07,esterno,1660,15320,-5104,136,218,-145,149148
2026-05-19 20:07:07,lombar,16288,500,5232,99,-231,366,806603
2026-05-19 20:07:07,esterno,1580,15288,-5092,-81,383,-144,149170
2026-05-19 20:07:07,lombar,16228,700,5072,92,-316,380,806625
2026-05-19 20:07:07,esterno,1576,15104,-4992,-7,348,-83,149192
2026-05-19 20:07:07,esterno,1600,15528,-4844,103,90,-152,149214
2026-05-19 20:07:07,lombar,16168,668,5084,157,-156,408,806647
2026-05-19 20:07:07,esterno,1512,15584,-4952,-63,264,-188,149236
2026-05-19 20:07:07,lombar,16152,668,5080,126,-204,374,806669
2026-05-19 20:07:07,esterno,1664,15512,-5152,-97,172,-139,149258
2026-05-19 20:07:07,lombar,16220,704,5220,128,-264,308,806691
2026-05-19 20:07:07,esterno,1584,15356,-5200,-120,104,-93,149280
2026-05-19 20:07:07,esterno,1840,15500,-5380,-238,152,-42,149302
2026-05-19 20:07:07,lombar,16256,656,4980,150,-299,327,806713
2026-05-19 20:07:07,lombar,16072,648,5168,91,-347,446,806735
2026-05-19 20:07:07,esterno,1600,15340,-5064,-262,292,-91,149324
2026-05-19 20:07:07,lombar,16184,600,4856,75,-529,431,806757
2026-05-19 20:07:07,esterno,1636,15336,-5052,-247,89,-110,149346
2026-05-19 20:07:07,lombar,16144,532,4988,128,-331,384,806779
2026-05-19 20:07:07,esterno,1540,15264,-5328,-349,72,-49,149368
2026-05-19 20:07:07,lombar,16176,496,5024,133,-461,332,806801
2026-05-19 20:07:07,esterno,1544,15420,-5132,-557,154,93,149390
2026-05-19 20:07:07,lombar,16220,708,5112,104,-467,352,806823
2026-05-19 20:07:07,esterno,1660,15356,-5088,-539,169,222,149412
2026-05-19 20:07:07,lombar,16152,600,5008,77,-419,388,806845
2026-05-19 20:07:07,esterno,1636,15244,-5028,-379,250,78,149434
2026-05-19 20:07:07,lombar,16296,600,4992,52,-454,400,806867
2026-05-19 20:07:07,lombar,16304,576,4868,110,-433,377,806889
2026-05-19 20:07:07,esterno,1616,15396,-4800,-298,212,1,149456
2026-05-19 20:07:07,esterno,1580,15484,-4744,-165,136,34,149478
2026-05-19 20:07:07,lombar,16248,532,5108,61,-340,352,806911
2026-05-19 20:07:07,lombar,16368,544,4992,87,-560,396,806933
2026-05-19 20:07:07,esterno,1552,15504,-4824,-72,120,147,149500
2026-05-19 20:07:07,esterno,1648,15408,-4912,-24,26,88,149522
2026-05-19 20:07:07,lombar,16276,508,5032,104,-420,394,806955
2026-05-19 20:07:08,esterno,1584,15572,-4844,-49,7,-49,149544
2026-05-19 20:07:08,lombar,16228,668,4912,96,-506,428,806977
2026-05-19 20:07:08,esterno,1536,15460,-5100,-130,61,-5,149566
2026-05-19 20:07:08,lombar,16280,572,4908,68,-461,413,806999
2026-05-19 20:07:08,esterno,1540,15496,-5116,-143,-21,43,149588
2026-05-19 20:07:08,lombar,16264,748,4832,5,-402,355,807021
2026-05-19 20:07:08,esterno,1572,15408,-5104,-31,55,83,149610
2026-05-19 20:07:08,lombar,16256,592,4920,18,-701,406,807043
2026-05-19 20:07:08,lombar,16280,604,4852,18,-524,396,807065
2026-05-19 20:07:08,esterno,1784,15404,-4848,-56,86,23,149632
2026-05-19 20:07:08,esterno,1760,15324,-5020,63,66,-98,149654
2026-05-19 20:07:08,lombar,16200,544,5044,80,-640,451,807087
2026-05-19 20:07:08,esterno,1432,15312,-5160,91,345,-85,149676
2026-05-19 20:07:08,lombar,16184,620,4684,87,-283,370,807109
2026-05-19 20:07:08,esterno,1568,15396,-4780,-79,-77,37,149698
2026-05-19 20:07:08,lombar,16364,344,4888,64,-435,270,807131
2026-05-19 20:07:08,esterno,1396,15368,-4904,-202,-381,171,149720
2026-05-19 20:07:08,lombar,16432,520,4992,41,-630,494,807153
2026-05-19 20:07:08,esterno,1624,15280,-5580,-37,227,22,149742
2026-05-19 20:07:08,lombar,16240,592,4852,154,-323,351,807175
2026-05-19 20:07:08,lombar,16312,388,4860,55,-359,358,807197
2026-05-19 20:07:08,esterno,1872,15260,-5372,83,414,-120,149764
2026-05-19 20:07:08,esterno,1772,15464,-5136,170,511,-212,149786
2026-05-19 20:07:08,lombar,16376,584,4776,89,-511,602,807219
2026-05-19 20:07:08,esterno,1700,15540,-4984,66,717,-221,149808
2026-05-19 20:07:08,lombar,16300,640,4972,120,-455,516,807241
2026-05-19 20:07:08,lombar,16404,664,4840,219,-389,367,807263
2026-05-19 20:07:08,esterno,1492,15624,-5020,123,457,-68,149830
2026-05-19 20:07:08,esterno,1556,15428,-5216,197,417,-46,149852
2026-05-19 20:07:08,lombar,16064,404,4772,104,-441,344,807285
2026-05-19 20:07:08,esterno,1596,15292,-5004,41,507,-44,149874
2026-05-19 20:07:08,lombar,16204,604,4680,158,-236,412,807307
2026-05-19 20:07:08,esterno,1492,15316,-5236,23,484,4,149896
2026-05-19 20:07:08,lombar,16348,672,4880,186,-151,356,807329
2026-05-19 20:07:08,esterno,1472,15388,-4984,94,254,-24,149918
2026-05-19 20:07:08,lombar,16372,416,4980,71,-466,353,807351
2026-05-19 20:07:08,esterno,1556,15356,-5080,44,113,-41,149940
2026-05-19 20:07:08,lombar,16364,500,5104,104,-352,354,807373
2026-05-19 20:07:08,esterno,1472,15336,-5080,-90,20,-64,149962
2026-05-19 20:07:08,lombar,16300,532,4796,58,-360,390,807395
2026-05-19 20:07:08,esterno,1448,15196,-5316,-56,-31,-17,149984
2026-05-19 20:07:08,lombar,16296,564,4864,36,-390,433,807417
2026-05-19 20:07:08,esterno,1516,15276,-5360,0,-75,-11,150006
2026-05-19 20:07:08,lombar,16168,696,4656,-15,-290,463,807439
2026-05-19 20:07:08,esterno,1396,15356,-4872,68,17,-133,150028
2026-05-19 20:07:08,lombar,16316,524,4896,-4,-459,486,807461
2026-05-19 20:07:08,esterno,1596,15468,-4960,-57,-217,-149,150050
2026-05-19 20:07:08,lombar,16184,480,4708,28,-309,464,807483
2026-05-19 20:07:08,esterno,1704,15320,-4972,-56,-315,-28,150072
2026-05-19 20:07:08,lombar,16504,272,4656,17,-392,293,807505
2026-05-19 20:07:08,esterno,1700,15296,-5080,-96,-158,-10,150094
2026-05-19 20:07:08,lombar,16068,720,4800,290,-136,515,807527
2026-05-19 20:07:08,lombar,16472,484,4936,225,81,575,807549
2026-05-19 20:07:08,esterno,1704,15252,-5368,-122,15,-15,150116
2026-05-19 20:07:08,esterno,1592,15364,-5112,12,191,-90,150138
2026-05-19 20:07:08,lombar,16280,592,4896,142,-347,487,807571
2026-05-19 20:07:08,esterno,1644,15392,-5080,-23,209,-92,150160
2026-05-19 20:07:08,lombar,16288,504,4776,25,-160,446,807593
2026-05-19 20:07:08,esterno,1500,15300,-5144,-91,211,6,150182
2026-05-19 20:07:08,lombar,16056,196,4920,101,-108,198,807615
2026-05-19 20:07:08,esterno,1536,15316,-5388,-94,266,47,150204
2026-05-19 20:07:08,lombar,16344,228,4948,40,-127,4,807637
2026-05-19 20:07:08,lombar,16548,552,4920,86,-435,274,807659
2026-05-19 20:07:08,esterno,1484,15276,-5112,-113,302,-27,150226
2026-05-19 20:07:08,esterno,1560,15304,-5080,-101,310,-55,150248
2026-05-19 20:07:08,lombar,16512,800,4688,114,-352,415,807681
2026-05-19 20:07:08,lombar,16356,752,4916,135,-97,433,807703
2026-05-19 20:07:08,esterno,1396,15248,-5144,-143,214,-113,150270
2026-05-19 20:07:08,esterno,1328,15260,-4972,47,73,-112,150292
2026-05-19 20:07:08,lombar,16112,424,4728,37,-232,344,807725
2026-05-19 20:07:08,lombar,16004,692,4748,93,-91,272,807747
2026-05-19 20:07:08,esterno,1416,15284,-5456,68,394,-105,150314
2026-05-19 20:07:08,esterno,1648,15396,-4708,-190,-120,-69,150336
2026-05-19 20:07:08,lombar,16424,476,4796,143,-144,138,807769
2026-05-19 20:07:08,esterno,1660,15276,-5188,-208,-384,38,150358
2026-05-19 20:07:08,lombar,16188,476,4880,145,-270,359,807791
2026-05-19 20:07:08,lombar,16232,700,4748,185,101,308,807813
2026-05-19 20:07:08,esterno,1432,15172,-5716,-69,84,-49,150380
2026-05-19 20:07:08,esterno,1476,15216,-5624,-131,288,-156,150402
2026-05-19 20:07:08,lombar,16280,304,4812,241,115,210,807835
2026-05-19 20:07:08,lombar,16284,376,4700,136,-22,347,807857
2026-05-19 20:07:08,esterno,1644,15348,-5292,-7,280,-124,150424
2026-05-19 20:07:08,esterno,1544,15584,-4836,-30,369,-143,150446
2026-05-19 20:07:08,lombar,16176,584,4936,140,-190,369,807879
2026-05-19 20:07:08,esterno,1528,15516,-5128,-87,288,-101,150468
2026-05-19 20:07:08,lombar,16276,520,4900,182,-147,305,807901
2026-05-19 20:07:08,esterno,1532,15284,-5240,-7,161,-67,150490
2026-05-19 20:07:08,lombar,16292,768,4920,104,-281,442,807923
2026-05-19 20:07:08,esterno,1520,15212,-5288,-87,228,-21,150512
2026-05-19 20:07:08,lombar,16412,388,4988,-143,-502,348,807945
2026-05-19 20:07:09,esterno,1460,15184,-5240,-149,316,-59,150534
2026-05-19 20:07:09,lombar,16424,856,4516,-242,-638,434,807967
2026-05-19 20:07:09,lombar,16496,668,4832,-130,-527,349,807989
2026-05-19 20:07:09,esterno,1444,15336,-5200,-23,230,-66,150556
2026-05-19 20:07:09,esterno,1428,15452,-5256,-100,96,-30,150578
2026-05-19 20:07:09,lombar,16140,316,4716,16,-359,348,808011
2026-05-19 20:07:09,esterno,1460,15372,-5216,-177,85,69,150600
2026-05-19 20:07:09,lombar,16200,492,5032,146,-189,240,808033
2026-05-19 20:07:09,lombar,16452,608,4792,84,-72,188,808055
2026-05-19 20:07:09,esterno,1444,15304,-5484,-188,165,65,150622
2026-05-19 20:07:09,esterno,1696,15224,-5476,-224,69,-17,150644
2026-05-19 20:07:09,lombar,16232,496,4688,61,-101,281,808077
2026-05-19 20:07:09,esterno,1548,15304,-5304,-197,190,-41,150666
2026-05-19 20:07:09,lombar,16296,396,4800,49,-241,285,808099
2026-05-19 20:07:09,esterno,1464,15488,-4940,-277,237,-27,150688
2026-05-19 20:07:09,lombar,16200,600,4844,68,-332,361,808121
2026-05-19 20:07:09,esterno,1424,15456,-5128,-284,27,43,150710
2026-05-19 20:07:09,lombar,16264,516,4776,106,-320,301,808143
2026-05-19 20:07:09,lombar,16392,500,4764,158,-203,302,808165
2026-05-19 20:07:09,esterno,1416,15408,-5216,-131,-50,-6,150732
2026-05-19 20:07:09,esterno,1524,15448,-5264,-184,38,-5,150754
2026-05-19 20:07:09,lombar,16448,568,4848,94,-318,380,808187
2026-05-19 20:07:09,esterno,1604,15088,-5200,-170,63,17,150776
2026-05-19 20:07:09,lombar,16264,588,4964,97,-257,288,808209
2026-05-19 20:07:09,esterno,1556,15184,-5180,-59,20,-5,150798
2026-05-19 20:07:09,lombar,16220,576,4840,100,-172,334,808231
2026-05-19 20:07:09,esterno,1496,15240,-5176,-7,0,-3,150820
2026-05-19 20:07:09,lombar,16280,464,4644,59,-161,249,808253
2026-05-19 20:07:09,esterno,1488,15472,-5144,-26,31,-3,150842
2026-05-19 20:07:09,lombar,16312,516,4820,53,-314,377,808275
2026-05-19 20:07:09,esterno,1504,15384,-5272,-57,82,38,150864
2026-05-19 20:07:09,lombar,16332,524,4764,105,-201,397,808297
2026-05-19 20:07:09,lombar,16276,540,4768,108,-268,362,808319
2026-05-19 20:07:09,esterno,1604,15316,-5280,-75,78,37,150886
2026-05-19 20:07:09,esterno,1528,15208,-5264,-67,126,-25,150908
2026-05-19 20:07:09,lombar,16240,564,4932,113,-255,376,808341
2026-05-19 20:07:09,lombar,16212,552,4696,162,-228,380,808363
2026-05-19 20:07:09,esterno,1456,15288,-5072,-10,1,-65,150930
2026-05-19 20:07:09,esterno,1668,15368,-5636,282,100,-41,150952
2026-05-19 20:07:09,lombar,16272,600,4752,143,-196,321,808385
2026-05-19 20:07:09,esterno,1452,15108,-5400,295,207,-72,150974
2026-05-19 20:07:09,lombar,16268,484,4980,44,-255,366,808407
2026-05-19 20:07:09,esterno,1452,15268,-5244,140,-367,44,150996
2026-05-19 20:07:09,lombar,16392,472,5052,103,-294,331,808429
2026-05-19 20:07:09,esterno,1484,15280,-5632,256,-131,124,151018
2026-05-19 20:07:09,lombar,16340,624,4676,-8,-110,334,808451
2026-05-19 20:07:09,lombar,16196,596,4956,-4,63,361,808473
2026-05-19 20:07:09,esterno,1424,15292,-5516,332,230,-16,151040
2026-05-19 20:07:09,esterno,1700,15476,-5244,333,157,35,151062
2026-05-19 20:07:09,lombar,16452,448,4816,104,-268,259,808495
2026-05-19 20:07:09,lombar,16244,532,4860,-30,-29,312,808517
2026-05-19 20:07:09,esterno,1556,15512,-5272,394,233,-15,151084
2026-05-19 20:07:09,esterno,1108,15460,-5360,171,184,-49,151106
2026-05-19 20:07:09,lombar,16224,476,5056,-15,-330,287,808539
2026-05-19 20:07:09,esterno,1412,15416,-5432,142,106,1,151128
2026-05-19 20:07:09,lombar,16240,472,4972,30,-128,287,808561
2026-05-19 20:07:09,esterno,1620,15236,-5544,235,94,-11,151150
2026-05-19 20:07:09,lombar,16216,412,4888,94,-196,318,808583
2026-05-19 20:07:09,esterno,1416,15260,-5736,70,267,-59,151172
2026-05-19 20:07:09,lombar,16240,340,4980,30,-271,267,808605
2026-05-19 20:07:09,esterno,1372,15288,-5480,-30,260,-71,151194
2026-05-19 20:07:09,lombar,16180,500,5120,8,-348,294,808627
2026-05-19 20:07:09,esterno,1312,15336,-5372,-43,62,-66,151216
2026-05-19 20:07:09,lombar,16268,408,5052,75,-357,367,808649
2026-05-19 20:07:09,lombar,16164,492,5028,81,-294,292,808671
2026-05-19 20:07:09,esterno,1528,15388,-5612,-106,273,-45,151238
2026-05-19 20:07:09,esterno,1472,15268,-5616,-81,208,-47,151260
2026-05-19 20:07:09,lombar,16148,460,5088,157,-254,211,808693
2026-05-19 20:07:09,esterno,1444,15136,-5712,-70,132,3,151282
2026-05-19 20:07:09,lombar,16308,460,5284,202,-288,256,808715
2026-05-19 20:07:09,esterno,1644,15248,-5520,-142,227,3,151304
2026-05-19 20:07:09,lombar,16156,480,5044,128,-328,311,808737
2026-05-19 20:07:09,esterno,1532,15348,-5280,-130,426,-146,151326
2026-05-19 20:07:09,lombar,16224,592,4840,93,-224,317,808759
2026-05-19 20:07:09,esterno,1344,15468,-5436,-175,148,-118,151348
2026-05-19 20:07:09,lombar,16308,540,4956,160,-273,271,808781
2026-05-19 20:07:09,esterno,1528,15392,-5392,-198,17,14,151370
2026-05-19 20:07:09,lombar,16372,460,4788,137,-172,294,808803
2026-05-19 20:07:09,lombar,16292,516,4856,108,-324,327,808825
2026-05-19 20:07:09,esterno,1524,15348,-5520,-327,80,132,151392
2026-05-19 20:07:09,esterno,1608,15284,-5528,-257,129,139,151414
2026-05-19 20:07:09,lombar,16328,680,4832,147,-356,247,808847
2026-05-19 20:07:09,esterno,1656,15084,-5568,-76,281,33,151436
2026-05-19 20:07:09,lombar,16196,364,4848,155,-163,229,808869
2026-05-19 20:07:09,esterno,1764,15308,-5492,-112,470,-28,151458
2026-05-19 20:07:09,lombar,16300,584,4952,221,-72,283,808891
2026-05-19 20:07:09,esterno,1904,15428,-5204,-252,589,-36,151480
2026-05-19 20:07:09,lombar,16320,688,4928,267,-239,432,808913
2026-05-19 20:07:09,lombar,16188,716,4952,246,-288,409,808935
2026-05-19 20:07:09,esterno,1728,15496,-5368,-266,591,-169,151502
2026-05-19 20:07:10,esterno,1232,15252,-5556,-102,504,-411,151524
2026-05-19 20:07:10,lombar,16252,692,5096,162,-240,581,808957
2026-05-19 20:07:10,lombar,16312,612,4888,117,-327,465,808979
2026-05-19 20:07:10,esterno,1104,15192,-5512,-241,309,-502,151546
2026-05-19 20:07:10,esterno,1056,15292,-5408,-401,34,-314,151568
2026-05-19 20:07:10,lombar,16216,612,5040,52,-255,536,809001
2026-05-19 20:07:10,esterno,1324,15276,-5380,-353,-166,-91,151590
2026-05-19 20:07:10,lombar,16160,660,5224,49,-366,530,809023
2026-05-19 20:07:10,esterno,1392,15220,-5692,-158,107,-161,151612
2026-05-19 20:07:10,lombar,16272,496,4960,-48,-291,558,809045
2026-05-19 20:07:10,esterno,1476,15200,-5380,-180,-363,-246,151634
2026-05-19 20:07:10,lombar,16152,416,4888,-97,-303,439,809067
2026-05-19 20:07:10,esterno,1256,15284,-5320,-228,-538,-124,151656
2026-05-19 20:07:10,lombar,16304,324,5036,-55,-359,425,809089
2026-05-19 20:07:10,esterno,1372,15368,-5568,-298,-117,62,151678
2026-05-19 20:07:10,lombar,16288,384,4936,-8,-220,449,809111
2026-05-19 20:07:10,esterno,1528,15268,-5488,-350,202,45,151700
2026-05-19 20:07:10,lombar,16304,436,4924,50,-348,470,809133
2026-05-19 20:07:10,esterno,1584,15220,-5564,-180,318,-68,151722
2026-05-19 20:07:10,lombar,16268,492,4936,96,-402,372,809155
2026-05-19 20:07:10,esterno,1256,15324,-5328,-42,529,-248,151744
2026-05-19 20:07:10,lombar,16324,264,5004,81,-293,376,809177
2026-05-19 20:07:10,esterno,1224,15432,-5084,-173,468,-123,151766
2026-05-19 20:07:10,lombar,16236,332,4984,125,-456,350,809199
2026-05-19 20:07:10,esterno,1236,15568,-5372,-84,354,50,151788
2026-05-19 20:07:10,lombar,16208,360,4992,180,-340,340,809221
2026-05-19 20:07:10,lombar,16324,464,4956,147,-320,258,809243
2026-05-19 20:07:10,esterno,1428,15460,-5448,-74,391,122,151810
2026-05-19 20:07:10,esterno,1340,15288,-5340,-260,390,114,151832
2026-05-19 20:07:10,lombar,16312,544,4964,157,-379,295,809265
2026-05-19 20:07:10,lombar,16208,392,4944,152,-366,272,809287
2026-05-19 20:07:10,esterno,1228,15188,-5368,-234,244,69,151854
2026-05-19 20:07:10,esterno,1324,15396,-5552,-198,227,98,151876
2026-05-19 20:07:10,lombar,16296,440,4976,140,-382,246,809309
2026-05-19 20:07:10,esterno,1360,15504,-5368,-325,302,126,151898
2026-05-19 20:07:10,lombar,16140,436,5144,101,-416,314,809331
2026-05-19 20:07:10,esterno,1396,15324,-5644,-454,291,157,151920
2026-05-19 20:07:10,lombar,16388,380,4720,139,-409,255,809353
2026-05-19 20:07:10,esterno,1556,15252,-5552,-496,301,175,151942
2026-05-19 20:07:10,lombar,16344,412,5016,241,-368,194,809375
2026-05-19 20:07:10,lombar,16312,544,4796,168,-292,297,809397
2026-05-19 20:07:10,esterno,1484,15420,-5264,-545,527,91,151964
2026-05-19 20:07:10,esterno,1392,15456,-5184,-636,508,81,151986
2026-05-19 20:07:10,lombar,16180,584,4864,126,-594,256,809419
2026-05-19 20:07:10,lombar,16284,600,4728,162,-511,268,809441
2026-05-19 20:07:10,esterno,1524,15428,-5152,-657,222,109,152008
2026-05-19 20:07:10,esterno,1236,15420,-5224,-607,33,146,152030
2026-05-19 20:07:10,lombar,16340,556,4796,131,-495,340,809463
2026-05-19 20:07:10,esterno,1284,15444,-5404,-730,-64,218,152052
2026-05-19 20:07:10,lombar,16276,640,4936,59,-633,355,809485
2026-05-19 20:07:10,esterno,1344,15460,-5304,-711,-79,307,152074
2026-05-19 20:07:10,lombar,16244,692,4828,5,-629,320,809507
2026-05-19 20:07:10,esterno,1508,15480,-5404,-684,-166,377,152096
2026-05-19 20:07:10,lombar,16104,556,4964,-81,-655,273,809529
2026-05-19 20:07:10,esterno,1536,15152,-5496,-738,-150,393,152118
2026-05-19 20:07:10,lombar,16132,356,5052,-19,-906,271,809551
2026-05-19 20:07:10,esterno,1520,14868,-5440,-588,15,229,152140
2026-05-19 20:07:10,lombar,16392,464,5216,47,-754,270,809573
2026-05-19 20:07:10,lombar,16224,592,4876,-24,-654,307,809595
2026-05-19 20:07:10,esterno,1564,14884,-5320,-496,222,188,152162
2026-05-19 20:07:10,esterno,1612,15168,-5228,-555,421,222,152184
2026-05-19 20:07:10,lombar,16248,384,4672,81,-545,328,809617
2026-05-19 20:07:10,esterno,1412,15244,-4868,-336,357,163,152206
2026-05-19 20:07:10,lombar,16336,236,4616,191,-443,200,809639
2026-05-19 20:07:10,esterno,1608,15384,-4680,-257,313,52,152228
2026-05-19 20:07:10,lombar,16464,380,4528,295,-428,276,809661
2026-05-19 20:07:10,esterno,1668,15388,-4928,-151,458,-21,152250
2026-05-19 20:07:10,lombar,16320,436,4480,269,-353,266,809683
2026-05-19 20:07:10,esterno,1452,15556,-4632,-212,506,-8,152272
2026-05-19 20:07:10,lombar,16596,520,4412,227,-347,256,809705
2026-05-19 20:07:10,esterno,1652,15732,-4600,-325,56,89,152294
2026-05-19 20:07:10,lombar,16408,612,4400,158,-378,352,809727
2026-05-19 20:07:10,lombar,16336,524,4412,122,-504,361,809749
2026-05-19 20:07:10,esterno,1568,15604,-4768,-384,-132,46,152316
2026-05-19 20:07:10,esterno,1424,15272,-5212,-347,145,-67,152338
2026-05-19 20:07:10,lombar,16424,668,4548,95,-395,314,809771
2026-05-19 20:07:10,esterno,1576,15420,-5076,-416,146,-81,152360
2026-05-19 20:07:10,lombar,16444,648,4608,94,-434,263,809793
2026-05-19 20:07:10,esterno,1544,15420,-5080,-390,148,-68,152382
2026-05-19 20:07:10,lombar,16420,548,4752,33,-508,445,809815
2026-05-19 20:07:10,esterno,1496,15320,-4876,-414,296,-188,152404
2026-05-19 20:07:10,lombar,16444,584,4672,-33,-486,457,809837
2026-05-19 20:07:10,lombar,16348,536,4692,-9,-256,382,809859
2026-05-19 20:07:10,esterno,1548,15436,-4952,-243,33,-189,152426
2026-05-19 20:07:10,esterno,1796,15336,-4860,-88,138,-266,152448
2026-05-19 20:07:10,lombar,16200,352,4632,73,-218,360,809881
2026-05-19 20:07:10,lombar,16412,556,4720,54,-161,361,809903
2026-05-19 20:07:10,esterno,1580,15440,-4980,-248,343,-247,152470
2026-05-19 20:07:10,lombar,16240,532,4588,79,-302,468,809925
2026-05-19 20:07:10,esterno,1492,15416,-4852,-264,287,-98,152492
2026-05-19 20:07:10,esterno,1520,15348,-5048,-172,175,-141,152514
2026-05-19 20:07:10,lombar,16336,420,4544,107,-298,423,809947
2026-05-19 20:07:11,esterno,1508,15428,-5048,-223,405,-109,152536
2026-05-19 20:07:11,lombar,16396,480,4728,113,-234,353,809969
2026-05-19 20:07:11,esterno,1328,15504,-4792,-278,247,-67,152558
2026-05-19 20:07:11,lombar,16340,600,4524,110,-271,322,809991
2026-05-19 20:07:11,esterno,1324,15468,-5140,-206,179,-12,152580
2026-05-19 20:07:11,lombar,16452,500,4672,136,-275,381,810013
2026-05-19 20:07:11,esterno,1616,15472,-5064,-202,233,5,152602
2026-05-19 20:07:11,lombar,16392,456,4728,202,-290,363,810035
2026-05-19 20:07:11,esterno,1468,15568,-4988,-252,300,-82,152624
2026-05-19 20:07:11,lombar,16312,484,4700,125,-335,413,810057
2026-05-19 20:07:11,esterno,1404,15408,-4976,-195,157,-147,152646
2026-05-19 20:07:11,lombar,16304,424,4632,137,-247,361,810079
2026-05-19 20:07:11,esterno,1536,15356,-4884,-181,3,-82,152668
2026-05-19 20:07:11,lombar,16340,380,4612,83,-210,356,810101
2026-05-19 20:07:11,esterno,1480,15508,-4864,-321,133,-18,152690
2026-05-19 20:07:11,lombar,16292,668,4520,85,-339,414,810123
2026-05-19 20:07:11,esterno,1504,15476,-4912,-396,210,-3,152712
2026-05-19 20:07:11,lombar,16316,560,4752,102,-364,390,810145
2026-05-19 20:07:11,lombar,16272,448,4648,56,-238,354,810167
2026-05-19 20:07:11,esterno,1524,15380,-4908,-197,144,-121,152734
2026-05-19 20:07:11,esterno,1504,15408,-4696,-172,78,-95,152756
2026-05-19 20:07:11,lombar,16376,456,4544,45,-342,389,810189
2026-05-19 20:07:11,lombar,16360,636,4540,-30,-314,389,810211
2026-05-19 20:07:11,esterno,1492,15388,-4812,-320,61,40,152778
2026-05-19 20:07:11,esterno,1400,15388,-4956,-328,113,-5,152800
2026-05-19 20:07:11,lombar,16300,520,4696,-5,-385,396,810233
2026-05-19 20:07:11,esterno,1200,15208,-4976,-254,89,-132,152822
2026-05-19 20:07:11,lombar,16360,468,4504,54,-305,377,810255
2026-05-19 20:07:11,esterno,1312,15376,-4964,-255,50,-125,152844
2026-05-19 20:07:11,lombar,16312,468,4680,51,-340,416,810277
2026-05-19 20:07:11,esterno,1652,15516,-4824,-352,52,-9,152866
2026-05-19 20:07:11,lombar,16412,472,4708,80,-369,370,810299
2026-05-19 20:07:11,lombar,16392,372,4628,80,-364,395,810321
2026-05-19 20:07:11,esterno,1516,15408,-4856,-224,106,9,152888
2026-05-19 20:07:11,esterno,1428,15528,-5136,-59,421,-43,152910
2026-05-19 20:07:11,lombar,16304,468,4516,139,-298,397,810343
2026-05-19 20:07:11,lombar,16240,424,4444,148,-352,284,810365
2026-05-19 20:07:11,esterno,1436,15556,-4680,-253,59,-95,152932
2026-05-19 20:07:11,lombar,16232,460,4636,143,-384,298,810387
2026-05-19 20:07:11,esterno,1472,15524,-4872,-498,7,-26,152954
2026-05-19 20:07:11,lombar,16360,544,4636,5,-470,398,810409
2026-05-19 20:07:11,esterno,1312,15448,-5052,-477,248,55,152976
2026-05-19 20:07:11,esterno,1320,15476,-5252,-496,426,12,152998
2026-05-19 20:07:11,lombar,16324,588,4548,93,-486,428,810431
2026-05-19 20:07:11,esterno,1564,15416,-4972,-354,427,-119,153020
2026-05-19 20:07:11,lombar,16332,516,4628,78,-536,376,810453
2026-05-19 20:07:11,esterno,1524,15600,-4916,-467,533,-160,153042
2026-05-19 20:07:11,lombar,16240,412,4472,7,-398,434,810475
2026-05-19 20:07:11,esterno,1356,15612,-4700,-738,554,-66,153064
2026-05-19 20:07:11,lombar,16280,320,4668,10,-613,382,810497
2026-05-19 20:07:11,lombar,16236,356,4628,29,-538,330,810519
2026-05-19 20:07:11,esterno,1412,15496,-5008,-744,510,22,153086
2026-05-19 20:07:11,esterno,1460,15520,-5000,-720,554,23,153108
2026-05-19 20:07:11,lombar,16308,516,4680,97,-592,335,810541
2026-05-19 20:07:11,esterno,1376,15516,-4824,-805,593,-40,153130
2026-05-19 20:07:11,lombar,16360,432,4572,72,-633,414,810563
2026-05-19 20:07:11,esterno,1324,15592,-4596,-760,419,7,153152
2026-05-19 20:07:11,lombar,16236,408,4780,87,-726,353,810585
2026-05-19 20:07:11,esterno,1316,15548,-5024,-821,447,92,153174
2026-05-19 20:07:11,lombar,16400,372,4624,105,-843,375,810607
2026-05-19 20:07:11,esterno,1304,15480,-4852,-1030,471,132,153196
2026-05-19 20:07:11,lombar,16272,516,4436,-20,-702,398,810629
2026-05-19 20:07:11,lombar,16264,328,4688,67,-882,270,810651
2026-05-19 20:07:11,esterno,1280,15532,-4804,-1036,374,104,153218
2026-05-19 20:07:11,esterno,1532,15480,-4484,-835,166,27,153240
2026-05-19 20:07:11,lombar,16384,376,4408,113,-850,313,810673
2026-05-19 20:07:11,esterno,1380,15356,-4396,-778,252,26,153262
2026-05-19 20:07:11,lombar,16272,552,4440,43,-907,385,810695
2026-05-19 20:07:11,esterno,1408,15640,-4588,-837,217,152,153284
2026-05-19 20:07:11,lombar,16288,444,4344,70,-880,365,810717
2026-05-19 20:07:11,esterno,1500,15544,-4372,-787,-11,185,153306
2026-05-19 20:07:11,lombar,16416,344,4524,39,-950,283,810739
2026-05-19 20:07:11,esterno,1512,15648,-4304,-707,-50,242,153328
2026-05-19 20:07:11,lombar,16404,444,4260,138,-1003,325,810761
2026-05-19 20:07:11,esterno,1528,15836,-4344,-825,107,258,153350
2026-05-19 20:07:11,lombar,16356,544,4324,225,-1155,292,810783
2026-05-19 20:07:11,esterno,1460,15688,-4952,-971,281,229,153372
2026-05-19 20:07:11,lombar,16260,428,4380,195,-1199,305,810805
2026-05-19 20:07:11,esterno,1604,15336,-4904,-900,469,163,153394
2026-05-19 20:07:11,lombar,16376,404,4184,262,-1165,332,810827
2026-05-19 20:07:11,esterno,1672,15308,-4332,-827,502,101,153416
2026-05-19 20:07:11,lombar,16384,340,4168,214,-1336,393,810849
2026-05-19 20:07:11,esterno,1648,15600,-4040,-777,579,103,153438
2026-05-19 20:07:11,lombar,16292,396,4248,346,-1566,384,810871
2026-05-19 20:07:11,esterno,1540,15728,-4432,-887,608,146,153460
2026-05-19 20:07:11,lombar,16368,324,4024,385,-1499,301,810893
2026-05-19 20:07:11,esterno,1208,15532,-4340,-1096,437,173,153482
2026-05-19 20:07:11,lombar,16288,484,4224,294,-1415,321,810915
2026-05-19 20:07:11,esterno,1164,15424,-4072,-1182,333,250,153504
2026-05-19 20:07:11,lombar,16460,496,3920,294,-1500,425,810937
2026-05-19 20:07:12,lombar,16704,548,3756,110,-1406,435,810959
2026-05-19 20:07:12,esterno,1392,15720,-3676,-1151,-43,361,153526
2026-05-19 20:07:12,lombar,16312,356,3816,248,-1473,260,810981
2026-05-19 20:07:12,esterno,1620,15736,-4416,-912,47,376,153548
2026-05-19 20:07:12,lombar,16460,336,3632,235,-1464,306,811003
2026-05-19 20:07:12,esterno,1896,15632,-3820,-955,265,270,153570
2026-05-19 20:07:12,lombar,16500,356,3436,295,-1566,365,811025
2026-05-19 20:07:12,esterno,1876,15612,-3608,-1196,15,246,153592
2026-05-19 20:07:12,esterno,1672,15440,-3856,-1247,18,95,153614
2026-05-19 20:07:12,lombar,16336,588,3440,352,-1574,477,811047
2026-05-19 20:07:12,esterno,1344,15504,-3996,-1185,262,36,153636
2026-05-19 20:07:12,lombar,16404,744,3656,255,-1661,524,811069
2026-05-19 20:07:12,esterno,1556,15636,-4052,-1328,148,139,153658
2026-05-19 20:07:12,lombar,16672,668,3564,49,-1786,495,811091
2026-05-19 20:07:12,esterno,1828,15872,-3856,-1353,236,273,153680
2026-05-19 20:07:12,lombar,16844,532,3344,60,-1821,466,811113
2026-05-19 20:07:12,lombar,16580,344,3168,55,-1905,525,811135
2026-05-19 20:07:12,esterno,1964,15792,-3296,-1252,462,210,153702
2026-05-19 20:07:12,esterno,1936,15660,-3360,-1086,403,52,153724
2026-05-19 20:07:12,lombar,16600,356,2924,105,-1855,529,811157
2026-05-19 20:07:12,esterno,1820,15268,-3364,-991,680,-40,153746
2026-05-19 20:07:12,lombar,16548,404,3028,152,-1604,459,811179
2026-05-19 20:07:12,esterno,1556,15504,-2916,-889,574,108,153768
2026-05-19 20:07:12,lombar,16664,484,2904,134,-1593,423,811201
2026-05-19 20:07:12,lombar,16616,436,3000,46,-1546,433,811223
2026-05-19 20:07:12,esterno,1612,16000,-2952,-865,431,231,153790
2026-05-19 20:07:12,esterno,1604,15928,-3160,-1029,463,250,153812
2026-05-19 20:07:12,lombar,16696,412,2972,124,-1597,376,811245
2026-05-19 20:07:12,lombar,16804,328,2604,148,-1269,399,811267
2026-05-19 20:07:12,esterno,1720,15688,-3576,-1135,606,227,153834
2026-05-19 20:07:12,esterno,1692,15696,-3164,-1002,589,158,153856
2026-05-19 20:07:12,lombar,16732,176,2608,133,-1455,402,811289
2026-05-19 20:07:12,esterno,1736,15640,-3160,-938,344,189,153878
2026-05-19 20:07:12,lombar,16780,280,2888,229,-1331,402,811311
2026-05-19 20:07:12,lombar,16856,408,2432,197,-1309,425,811333
2026-05-19 20:07:12,esterno,1944,15596,-2932,-886,559,157,153900
2026-05-19 20:07:12,esterno,1612,15684,-2496,-789,440,-15,153922
2026-05-19 20:07:12,lombar,16660,472,2476,226,-1246,468,811355
2026-05-19 20:07:12,esterno,1656,15768,-2732,-766,154,57,153944
2026-05-19 20:07:12,lombar,16636,372,2400,203,-1098,426,811377
2026-05-19 20:07:12,lombar,16884,224,2424,111,-1018,307,811399
2026-05-19 20:07:12,esterno,1916,15672,-2980,-785,207,180,153966
2026-05-19 20:07:12,esterno,1752,15624,-2880,-810,351,217,153988
2026-05-19 20:07:12,lombar,17020,380,2340,276,-993,335,811421
2026-05-19 20:07:12,lombar,16736,352,2184,296,-883,435,811443
2026-05-19 20:07:12,esterno,1744,15644,-2892,-698,339,65,154010
2026-05-19 20:07:12,esterno,1864,15812,-2700,-514,401,-54,154032
2026-05-19 20:07:12,lombar,16716,384,2220,208,-1058,444,811465
2026-05-19 20:07:12,esterno,1812,15856,-2812,-445,254,-42,154054
2026-05-19 20:07:12,lombar,16808,404,2264,143,-1046,428,811487
2026-05-19 20:07:12,esterno,2012,15716,-3004,-593,414,32,154076
2026-05-19 20:07:12,lombar,16732,252,2396,108,-803,361,811509
2026-05-19 20:07:12,esterno,1908,15780,-2896,-683,479,35,154098
2026-05-19 20:07:12,lombar,16760,356,2092,138,-1041,366,811531
2026-05-19 20:07:12,lombar,16672,360,2064,172,-921,419,811553
2026-05-19 20:07:12,esterno,1928,15780,-2856,-580,604,-3,154120
2026-05-19 20:07:12,esterno,2032,15948,-2884,-527,635,46,154142
2026-05-19 20:07:12,lombar,16756,388,2220,329,-907,386,811575
2026-05-19 20:07:12,lombar,16780,300,1764,344,-583,424,811597
2026-05-19 20:07:12,esterno,2152,15872,-2660,-420,701,136,154164
2026-05-19 20:07:12,esterno,2188,16088,-2540,-260,1055,289,154186
2026-05-19 20:07:12,lombar,16584,392,1824,349,-496,381,811619
2026-05-19 20:07:12,lombar,16720,180,2160,324,-1000,367,811641
2026-05-19 20:07:12,esterno,2172,16180,-2276,-414,670,492,154208
2026-05-19 20:07:12,esterno,2020,15696,-2860,-431,358,580,154230
2026-05-19 20:07:12,lombar,16856,52,2552,396,-1016,285,811663
2026-05-19 20:07:12,esterno,1824,15208,-3624,-268,951,427,154252
2026-05-19 20:07:12,lombar,16728,236,2652,416,-632,327,811685
2026-05-19 20:07:12,lombar,16720,336,2136,439,-344,275,811707
2026-05-19 20:07:12,esterno,1456,15236,-3544,-194,1216,228,154274
2026-05-19 20:07:12,esterno,1376,15540,-2848,-127,769,137,154296
2026-05-19 20:07:12,lombar,16716,340,2452,451,-171,220,811729
2026-05-19 20:07:12,esterno,1540,15856,-2572,-60,718,-11,154318
2026-05-19 20:07:12,lombar,16864,480,2356,271,-628,358,811751
2026-05-19 20:07:12,esterno,1576,16068,-2420,-94,547,-53,154340
2026-05-19 20:07:12,lombar,16632,448,2048,187,-685,452,811773
2026-05-19 20:07:12,lombar,16640,212,2160,136,-618,263,811795
2026-05-19 20:07:12,esterno,1880,15756,-2576,-77,336,58,154362
2026-05-19 20:07:12,esterno,2012,15420,-2976,-218,249,19,154384
2026-05-19 20:07:12,lombar,16848,148,2056,256,-243,228,811817
2026-05-19 20:07:12,esterno,1932,15416,-2824,-172,234,-129,154406
2026-05-19 20:07:12,lombar,16872,288,1996,258,-138,305,811839
2026-05-19 20:07:12,esterno,1908,15696,-2696,-31,106,-187,154428
2026-05-19 20:07:12,lombar,16700,724,2036,141,-265,530,811861
2026-05-19 20:07:12,esterno,1976,16112,-2292,-103,104,-73,154450
2026-05-19 20:07:12,lombar,16712,568,1884,-53,-357,379,811883
2026-05-19 20:07:12,esterno,2188,15936,-2572,-163,46,102,154472
2026-05-19 20:07:12,lombar,16836,332,2212,-20,-566,274,811905
2026-05-19 20:07:12,esterno,2052,15808,-2936,-205,119,79,154494
2026-05-19 20:07:12,lombar,16852,80,1552,172,-94,276,811927
2026-05-19 20:07:12,lombar,16720,388,2032,239,-79,336,811949
2026-05-19 20:07:13,esterno,2104,15616,-2760,-340,23,10,154516
2026-05-19 20:07:13,esterno,1872,15844,-2428,-240,208,-101,154538
2026-05-19 20:07:13,lombar,16688,600,1776,5,-419,409,811971
2026-05-19 20:07:13,esterno,1836,16092,-2444,-223,-7,-21,154560
2026-05-19 20:07:13,lombar,16680,468,2240,-69,-609,416,811993
2026-05-19 20:07:13,esterno,1804,16000,-2828,-247,-117,126,154582
2026-05-19 20:07:13,lombar,16796,144,1932,-42,-256,321,812015
2026-05-19 20:07:13,lombar,16756,344,2100,27,-132,383,812037
2026-05-19 20:07:13,esterno,1940,15636,-2924,-341,-128,76,154604
2026-05-19 20:07:13,esterno,1984,15500,-2572,-275,5,-97,154626
2026-05-19 20:07:13,lombar,16732,436,2084,104,-68,465,812059
2026-05-19 20:07:13,esterno,2036,15676,-2592,-134,-23,-155,154648
2026-05-19 20:07:13,lombar,16676,364,2052,50,-20,411,812081
2026-05-19 20:07:13,esterno,1836,15864,-2732,-108,39,-33,154670
2026-05-19 20:07:13,lombar,16736,316,2348,66,-349,339,812103
2026-05-19 20:07:13,esterno,1876,15808,-2900,-204,34,64,154692
2026-05-19 20:07:13,lombar,16772,344,2212,27,60,346,812125
2026-05-19 20:07:13,esterno,1944,15592,-2980,-208,124,4,154714
2026-05-19 20:07:13,lombar,16724,328,2024,-9,-90,318,812147
2026-05-19 20:07:13,esterno,1880,15744,-2772,-128,153,-58,154736
2026-05-19 20:07:13,lombar,16744,308,2092,170,48,345,812169
2026-05-19 20:07:13,esterno,1808,15836,-2352,-73,39,-41,154758
2026-05-19 20:07:13,lombar,16824,368,2132,63,-383,273,812191
2026-05-19 20:07:13,esterno,1852,15796,-2612,50,-126,69,154780
2026-05-19 20:07:13,lombar,16732,292,2156,56,-32,341,812213
2026-05-19 20:07:13,lombar,16688,244,2068,19,147,304,812235
2026-05-19 20:07:13,esterno,1864,15820,-3008,179,135,-8,154802
2026-05-19 20:07:13,lombar,16640,176,2092,32,-61,189,812257
2026-05-19 20:07:13,esterno,2112,15944,-2592,-68,-224,-1,154824
2026-05-19 20:07:13,esterno,1980,15732,-2596,-123,-395,76,154846
2026-05-19 20:07:13,lombar,16840,28,2116,34,-173,260,812279
2026-05-19 20:07:13,lombar,16736,364,2228,144,104,336,812301
2026-05-19 20:07:13,esterno,1760,15516,-2984,161,-85,-64,154868
2026-05-19 20:07:13,esterno,1700,15496,-3216,135,-18,-92,154890
2026-05-19 20:07:13,lombar,16588,508,2124,150,250,438,812323
2026-05-19 20:07:13,esterno,1932,15784,-3084,-33,-21,-70,154912
2026-05-19 20:07:13,lombar,16708,448,2244,184,-84,268,812345
2026-05-19 20:07:13,esterno,1964,16036,-2484,87,166,-128,154934
2026-05-19 20:07:13,lombar,16848,392,2392,80,-171,290,812367
2026-05-19 20:07:13,esterno,1944,15940,-2612,93,95,-139,154956
2026-05-19 20:07:13,lombar,16812,312,2184,-27,21,367,812389
2026-05-19 20:07:13,esterno,1900,15760,-2684,187,120,-93,154978
2026-05-19 20:07:13,lombar,16504,292,2184,-4,159,321,812411
2026-05-19 20:07:13,esterno,1848,15792,-3116,236,79,-19,155000
2026-05-19 20:07:13,lombar,16648,320,2356,79,39,273,812433
2026-05-19 20:07:13,esterno,1824,15616,-3004,29,216,-71,155022
2026-05-19 20:07:13,lombar,16664,300,2372,98,-22,332,812455
2026-05-19 20:07:13,esterno,1748,15664,-2820,16,255,-124,155044
2026-05-19 20:07:13,lombar,16792,300,2392,145,-116,332,812477
2026-05-19 20:07:13,esterno,1852,16108,-2872,70,163,-44,155066
2026-05-19 20:07:13,lombar,16692,300,2196,75,-8,293,812499
2026-05-19 20:07:13,esterno,1812,15876,-2704,107,162,-50,155088
2026-05-19 20:07:13,lombar,16624,364,2368,42,61,263,812521
2026-05-19 20:07:13,esterno,1776,15876,-2952,92,244,-46,155110
2026-05-19 20:07:13,lombar,16712,308,2252,-59,148,233,812543
2026-05-19 20:07:13,lombar,16704,344,2572,108,-169,292,812565
2026-05-19 20:07:13,esterno,1732,15780,-3180,0,-116,-71,155132
2026-05-19 20:07:13,esterno,1684,15656,-3200,-112,101,-136,155154
2026-05-19 20:07:13,lombar,16604,396,2644,29,-88,335,812587
2026-05-19 20:07:13,esterno,1976,15684,-3080,-156,172,-50,155176
2026-05-19 20:07:13,lombar,16664,376,2392,18,-118,411,812609
2026-05-19 20:07:13,esterno,2072,15660,-3124,-83,79,-21,155198
2026-05-19 20:07:13,lombar,16516,352,2520,85,53,291,812631
2026-05-19 20:07:13,lombar,16664,356,2552,91,-125,280,812653
2026-05-19 20:07:13,lombar,16760,364,2572,97,-201,420,812675
2026-05-19 20:07:13,esterno,1848,15800,-3108,-31,56,-126,155220
2026-05-19 20:07:13,esterno,1544,15860,-3168,-151,91,-158,155242
2026-05-19 20:07:13,lombar,16644,372,2432,75,-169,352,812697
2026-05-19 20:07:13,esterno,1760,15652,-3100,-198,78,-46,155264
2026-05-19 20:07:13,esterno,1956,15724,-2896,-130,94,35,155286
2026-05-19 20:07:13,lombar,16568,304,2352,64,-168,307,812719
2026-05-19 20:07:13,esterno,1928,15864,-2812,-97,74,43,155308
2026-05-19 20:07:13,lombar,16680,432,2472,51,-240,364,812741
2026-05-19 20:07:13,esterno,1872,15716,-3048,73,147,-56,155330
2026-05-19 20:07:13,lombar,16700,332,2552,41,-250,376,812763
2026-05-19 20:07:13,esterno,1772,15748,-3100,86,161,-81,155352
2026-05-19 20:07:13,lombar,16784,296,2440,46,-100,287,812785
2026-05-19 20:07:13,esterno,1604,15852,-3184,-109,136,-7,155374
2026-05-19 20:07:13,lombar,16612,272,2324,74,-153,318,812807
2026-05-19 20:07:13,lombar,16712,440,2484,144,-250,394,812829
2026-05-19 20:07:13,esterno,1724,15876,-2824,-209,-25,30,155396
2026-05-19 20:07:13,esterno,1788,15772,-3104,11,-48,-30,155418
2026-05-19 20:07:13,lombar,16640,412,2568,57,-154,362,812851
2026-05-19 20:07:13,lombar,16700,304,2476,69,-304,408,812873
2026-05-19 20:07:13,esterno,1704,15768,-3040,104,120,-143,155440
2026-05-19 20:07:13,esterno,1980,15764,-2896,-107,-329,-38,155462
2026-05-19 20:07:13,lombar,16528,184,2452,18,-153,354,812895
2026-05-19 20:07:13,esterno,1780,15828,-3164,-211,-223,21,155484
2026-05-19 20:07:13,lombar,16568,376,2416,78,-226,349,812917
2026-05-19 20:07:13,lombar,16664,504,2352,106,-213,459,812939
2026-05-19 20:07:13,esterno,1712,15756,-3284,-175,33,20,155506
2026-05-19 20:07:14,lombar,16712,368,2644,109,-327,349,812961
2026-05-19 20:07:14,esterno,1872,15680,-3152,-213,114,-37,155528
2026-05-19 20:07:14,esterno,2048,15760,-3112,-105,147,-19,155550
2026-05-19 20:07:14,lombar,16792,272,2676,27,-420,313,812983
2026-05-19 20:07:14,esterno,1708,15756,-2980,-70,350,-72,155572
2026-05-19 20:07:14,lombar,16524,404,2312,-64,-213,418,813005
2026-05-19 20:07:14,esterno,1688,15716,-2984,-79,228,-88,155594
2026-05-19 20:07:14,lombar,16744,416,2480,79,-285,368,813027
2026-05-19 20:07:14,esterno,1716,15784,-3000,51,216,-42,155616
2026-05-19 20:07:14,lombar,16648,180,2632,110,-234,259,813049
2026-05-19 20:07:14,esterno,1868,15768,-3092,-89,303,11,155638
2026-05-19 20:07:14,lombar,16820,192,2556,224,-415,312,813071
2026-05-19 20:07:14,esterno,1820,15796,-3212,-228,322,1,155660
2026-05-19 20:07:14,lombar,16644,224,2604,227,-204,369,813093
2026-05-19 20:07:14,esterno,1744,15732,-2876,-82,282,-36,155682
2026-05-19 20:07:14,lombar,16628,364,2432,91,-237,349,813115
2026-05-19 20:07:14,lombar,16728,388,2348,85,-342,377,813137
2026-05-19 20:07:14,esterno,1696,15768,-2956,-75,291,-16,155704
2026-05-19 20:07:14,lombar,16680,340,2612,78,-322,331,813159
2026-05-19 20:07:14,esterno,1644,15912,-2940,-152,286,-55,155726
2026-05-19 20:07:14,lombar,16752,292,2476,145,-227,299,813181
2026-05-19 20:07:14,esterno,1668,15668,-3124,-153,158,25,155748
2026-05-19 20:07:14,lombar,16604,404,2364,156,-114,347,813203
2026-05-19 20:07:14,esterno,2008,15664,-3104,-199,179,103,155770
2026-05-19 20:07:14,esterno,1708,15708,-2828,-169,317,-43,155792
2026-05-19 20:07:14,lombar,16644,292,2400,116,-209,354,813225
2026-05-19 20:07:14,esterno,1692,15800,-2804,-146,71,-27,155814
2026-05-19 20:07:14,lombar,16784,352,2560,133,-232,326,813247
2026-05-19 20:07:14,esterno,1736,15804,-2908,-42,-84,-8,155836
2026-05-19 20:07:14,lombar,16728,196,2556,84,-32,262,813269
2026-05-19 20:07:14,esterno,1812,15768,-2904,-95,6,52,155858
2026-05-19 20:07:14,lombar,16632,228,2468,93,-132,315,813291
2026-05-19 20:07:14,esterno,1788,15796,-3096,-195,92,82,155880
2026-05-19 20:07:14,lombar,16900,444,2332,171,-164,350,813313
2026-05-19 20:07:14,lombar,16648,392,2304,84,-52,320,813335
2026-05-19 20:07:14,esterno,1856,15740,-3024,-66,122,9,155902
2026-05-19 20:07:14,esterno,1876,15696,-3048,24,134,0,155924
2026-05-19 20:07:14,lombar,16648,272,2384,204,-121,273,813357
2026-05-19 20:07:14,esterno,1828,15744,-3020,25,132,-47,155946
2026-05-19 20:07:14,lombar,16800,332,2436,130,-151,350,813379
2026-05-19 20:07:14,esterno,1796,15796,-2936,32,198,30,155968
2026-05-19 20:07:14,lombar,16728,444,2492,169,-115,419,813401
2026-05-19 20:07:14,esterno,1876,15708,-3060,28,281,41,155990
2026-05-19 20:07:14,lombar,16672,352,2508,90,-95,304,813423
2026-05-19 20:07:14,esterno,1692,15656,-3064,163,174,19,156012
2026-05-19 20:07:14,lombar,16672,284,2524,110,-39,245,813445
2026-05-19 20:07:14,lombar,16668,232,2476,110,64,297,813467
2026-05-19 20:07:14,esterno,1724,15656,-2932,164,21,-55,156034
2026-05-19 20:07:14,lombar,16712,240,2560,135,100,235,813489
2026-05-19 20:07:14,esterno,1640,15632,-3128,345,100,-68,156056
2026-05-19 20:07:14,esterno,1776,15804,-2972,375,221,-59,156078
2026-05-19 20:07:14,lombar,16764,336,2628,187,28,315,813511
2026-05-19 20:07:14,esterno,2088,15836,-3132,247,-191,31,156100
2026-05-19 20:07:14,lombar,16684,528,2656,42,77,377,813533
2026-05-19 20:07:14,esterno,1748,15792,-3156,260,-136,-8,156122
2026-05-19 20:07:14,lombar,16728,416,2420,69,-11,262,813555
2026-05-19 20:07:14,esterno,1528,15700,-3344,298,15,-43,156144
2026-05-19 20:07:14,lombar,16692,436,2520,50,185,323,813577
2026-05-19 20:07:14,esterno,1816,15564,-3264,337,67,-49,156166
2026-05-19 20:07:14,lombar,16700,348,2656,44,188,231,813599
2026-05-19 20:07:14,lombar,16684,420,2664,-41,94,247,813621
2026-05-19 20:07:14,esterno,1936,15756,-3152,468,77,-75,156188
2026-05-19 20:07:14,lombar,16668,364,2548,-164,275,329,813643
2026-05-19 20:07:14,esterno,1664,15836,-3088,465,299,-198,156210
2026-05-19 20:07:14,esterno,1664,15776,-3256,300,102,-288,156232
2026-05-19 20:07:14,lombar,16548,484,2736,-121,31,271,813665
2026-05-19 20:07:14,esterno,1584,15788,-3372,309,60,-235,156254
2026-05-19 20:07:14,lombar,16676,260,2680,-16,-323,226,813687
2026-05-19 20:07:14,esterno,1776,15796,-3592,265,214,-186,156276
2026-05-19 20:07:14,lombar,16704,336,2828,34,104,299,813709
2026-05-19 20:07:14,esterno,1756,15780,-3436,147,221,-136,156298
2026-05-19 20:07:14,lombar,16564,288,2792,51,40,351,813731
2026-05-19 20:07:14,lombar,16560,388,2900,0,-102,342,813753
2026-05-19 20:07:14,esterno,1908,15768,-3388,217,203,-187,156320
2026-05-19 20:07:14,esterno,1744,15824,-3504,157,319,-240,156342
2026-05-19 20:07:14,lombar,16624,380,2880,61,-18,308,813775
2026-05-19 20:07:14,lombar,16512,424,2940,114,-96,312,813797
2026-05-19 20:07:14,esterno,1644,15724,-3588,38,345,-142,156364
2026-05-19 20:07:14,esterno,1692,15592,-3640,-34,297,-51,156386
2026-05-19 20:07:14,lombar,16636,428,2920,168,40,282,813819
2026-05-19 20:07:14,esterno,1672,15676,-3684,-40,291,-29,156408
2026-05-19 20:07:14,lombar,16616,396,2856,183,-26,357,813841
2026-05-19 20:07:14,lombar,16576,480,3036,95,-69,369,813863
2026-05-19 20:07:14,esterno,1596,15836,-3404,-74,350,-96,156430
2026-05-19 20:07:14,esterno,1696,15796,-3392,-74,219,-62,156452
2026-05-19 20:07:14,lombar,16616,496,3036,85,-225,332,813885
2026-05-19 20:07:14,esterno,1748,15732,-3540,-68,144,32,156474
2026-05-19 20:07:14,lombar,16532,384,2956,132,-208,230,813907
2026-05-19 20:07:14,esterno,1648,15616,-3732,-166,178,66,156496
2026-05-19 20:07:14,lombar,16544,356,2844,105,-78,298,813929
2026-05-19 20:07:14,lombar,16476,524,2884,-48,-99,362,813951
2026-05-19 20:07:15,esterno,1792,15708,-3440,-215,234,24,156518
2026-05-19 20:07:15,esterno,1640,15804,-3420,-186,207,3,156540
2026-05-19 20:07:15,lombar,16636,508,2712,-8,-328,296,813973
2026-05-19 20:07:15,lombar,16716,368,3036,-11,-311,256,813995
2026-05-19 20:07:15,esterno,1644,15728,-3540,-208,285,25,156562
2026-05-19 20:07:15,esterno,1644,15740,-3404,-239,323,-17,156584
2026-05-19 20:07:15,lombar,16592,384,3140,-25,-227,303,814017
2026-05-19 20:07:15,esterno,1648,15760,-3432,-222,375,-10,156606
2026-05-19 20:07:15,lombar,16580,464,2968,-5,-206,316,814039
2026-05-19 20:07:15,esterno,1680,15760,-3444,-255,307,-48,156628
2026-05-19 20:07:15,lombar,16728,292,2664,104,-336,310,814061
2026-05-19 20:07:15,esterno,1580,15792,-3284,-203,250,-80,156650
2026-05-19 20:07:15,lombar,16692,236,2944,109,-296,338,814083
2026-05-19 20:07:15,lombar,16660,236,2900,146,-397,320,814105
2026-05-19 20:07:15,esterno,1668,15848,-3056,-216,6,-29,156672
2026-05-19 20:07:15,esterno,1556,15772,-3608,-100,-47,30,156694
2026-05-19 20:07:15,lombar,16588,340,2844,109,-301,327,814127
2026-05-19 20:07:15,lombar,16704,540,3028,79,-308,311,814149
2026-05-19 20:07:15,esterno,1488,15656,-3376,-84,57,-14,156716
2026-05-19 20:07:15,lombar,16588,408,2776,72,-328,314,814171
2026-05-19 20:07:15,esterno,1712,15756,-3344,-188,-407,33,156738
2026-05-19 20:07:15,esterno,1816,15696,-3296,-142,-338,156,156760
2026-05-19 20:07:15,lombar,16636,504,2940,109,-511,334,814193
2026-05-19 20:07:15,lombar,16536,484,2988,107,-275,327,814215
2026-05-19 20:07:15,esterno,1708,15556,-3680,-199,98,150,156782
2026-05-19 20:07:15,lombar,16608,364,2788,179,-263,356,814237
2026-05-19 20:07:15,esterno,1784,15680,-3720,-295,350,13,156804
2026-05-19 20:07:15,esterno,1748,15712,-3420,-149,346,-153,156826
2026-05-19 20:07:15,lombar,16728,432,2964,239,-378,287,814259
2026-05-19 20:07:15,esterno,1516,15836,-3204,-146,454,-180,156848
2026-05-19 20:07:15,lombar,16668,392,2744,17,-395,398,814281
2026-05-19 20:07:15,lombar,16724,360,2652,100,-435,328,814303
2026-05-19 20:07:15,esterno,1576,15744,-3192,-201,329,-20,156870
2026-05-19 20:07:15,esterno,1724,15612,-3580,-61,221,74,156892
2026-05-19 20:07:15,lombar,16560,328,2636,129,-173,309,814325
2026-05-19 20:07:15,esterno,1928,15556,-3404,-150,369,31,156914
2026-05-19 20:07:15,lombar,16656,232,2784,148,-306,312,814347
2026-05-19 20:07:15,esterno,1768,15676,-3444,-280,380,-70,156936
2026-05-19 20:07:15,lombar,16660,444,2784,65,-337,452,814369
2026-05-19 20:07:15,esterno,1660,15804,-3208,-136,326,-84,156958
2026-05-19 20:07:15,lombar,16608,428,2912,63,-317,410,814391
2026-05-19 20:07:15,esterno,1568,15720,-3424,-265,438,-47,156980
2026-05-19 20:07:15,lombar,16664,444,2824,20,-322,333,814413
2026-05-19 20:07:15,esterno,1504,15784,-3280,-358,276,13,157002
2026-05-19 20:07:15,lombar,16608,316,3012,61,-331,289,814435
2026-05-19 20:07:15,lombar,16688,260,2920,141,-203,332,814457
2026-05-19 20:07:15,esterno,1700,15720,-3292,-306,87,30,157024
2026-05-19 20:07:15,esterno,1880,15712,-3360,-309,164,-10,157046
2026-05-19 20:07:15,lombar,16648,320,2860,39,-93,309,814479
2026-05-19 20:07:15,esterno,1616,15804,-2964,-306,275,-55,157068
2026-05-19 20:07:15,lombar,16640,368,2656,-2,-425,346,814501
2026-05-19 20:07:15,lombar,16588,320,2836,30,-310,365,814523
2026-05-19 20:07:15,esterno,1536,15768,-3184,-265,-11,-9,157090
2026-05-19 20:07:15,esterno,1664,15748,-3420,-186,-21,-36,157112
2026-05-19 20:07:15,lombar,16656,364,2772,138,-202,290,814545
2026-05-19 20:07:15,lombar,16584,420,2800,131,-314,368,814567
2026-05-19 20:07:15,esterno,1744,15784,-3376,-313,63,30,157134
2026-05-19 20:07:15,esterno,1860,15676,-3320,-295,109,34,157156
2026-05-19 20:07:15,lombar,16692,328,2836,121,-354,338,814589
2026-05-19 20:07:15,lombar,16580,320,3004,131,-298,302,814611
2026-05-19 20:07:15,esterno,1736,15604,-3368,-124,117,90,157178
2026-05-19 20:07:15,esterno,1680,15768,-3468,-161,254,50,157200
2026-05-19 20:07:15,lombar,16644,436,2944,112,-312,287,814633
2026-05-19 20:07:15,esterno,1644,15816,-3492,-261,371,6,157222
2026-05-19 20:07:15,lombar,16644,420,2608,111,-323,376,814655
2026-05-19 20:07:15,lombar,16584,428,3052,130,-297,349,814677
2026-05-19 20:07:15,esterno,1572,15708,-3236,-294,371,13,157244
2026-05-19 20:07:15,esterno,1816,15712,-3268,-189,339,50,157266
2026-05-19 20:07:15,lombar,16572,376,2916,88,-410,366,814699
2026-05-19 20:07:15,esterno,1596,15540,-3168,-71,240,23,157288
2026-05-19 20:07:15,lombar,16600,356,2752,92,-346,307,814721
2026-05-19 20:07:15,lombar,16660,296,2644,61,-270,303,814743
2026-05-19 20:07:15,esterno,1580,15572,-3252,-75,30,8,157310
2026-05-19 20:07:15,esterno,1468,15592,-3444,-23,30,-46,157332
2026-05-19 20:07:15,lombar,16640,348,2744,56,-431,329,814765
2026-05-19 20:07:15,esterno,1720,15688,-3388,-61,184,-45,157354
2026-05-19 20:07:15,lombar,16688,384,2764,63,-347,333,814787
2026-05-19 20:07:15,esterno,1780,15988,-3144,-63,-321,76,157376
2026-05-19 20:07:15,lombar,16728,404,2636,66,-388,351,814809
2026-05-19 20:07:15,esterno,1664,15820,-3224,95,-494,77,157398
2026-05-19 20:07:15,lombar,16660,444,2836,11,-378,354,814831
2026-05-19 20:07:15,esterno,1612,15624,-3628,83,11,12,157420
2026-05-19 20:07:15,lombar,16536,384,2840,-83,-329,437,814853
2026-05-19 20:07:15,esterno,1692,15668,-3456,-118,82,-56,157442
2026-05-19 20:07:15,lombar,16620,360,2740,2,-255,344,814875
2026-05-19 20:07:15,esterno,1792,15788,-3476,-62,6,-12,157464
2026-05-19 20:07:15,lombar,16628,264,2736,8,-318,288,814897
2026-05-19 20:07:15,lombar,16768,300,2780,19,-375,380,814919
2026-05-19 20:07:15,esterno,1732,15992,-3320,11,430,-58,157486
2026-05-19 20:07:15,lombar,16676,440,2828,58,-402,443,814941
2026-05-19 20:07:15,esterno,1668,15892,-3312,-81,356,-132,157508
2026-05-19 20:07:16,esterno,1708,15648,-3392,76,241,-150,157530
2026-05-19 20:07:16,lombar,16600,264,2536,75,-408,339,814963
2026-05-19 20:07:16,esterno,1692,15748,-3356,72,344,-113,157552
2026-05-19 20:07:16,lombar,16620,256,2692,117,-326,373,814985
2026-05-19 20:07:16,lombar,16644,352,2832,122,-429,404,815007
2026-05-19 20:07:16,esterno,1628,15672,-3552,-40,502,-51,157574
2026-05-19 20:07:16,esterno,1596,15700,-3308,46,441,-55,157596
2026-05-19 20:07:16,lombar,16652,416,2900,138,-383,396,815029
2026-05-19 20:07:16,esterno,1700,15836,-3408,8,368,-69,157618
2026-05-19 20:07:16,lombar,16664,384,2808,119,-446,343,815051
2026-05-19 20:07:16,lombar,16600,284,2756,193,-339,290,815073
2026-05-19 20:07:16,esterno,1552,15732,-3352,12,324,-77,157640
2026-05-19 20:07:16,esterno,1604,15716,-3280,14,226,2,157662
2026-05-19 20:07:16,lombar,16708,244,2756,252,-402,308,815095
2026-05-19 20:07:16,esterno,1840,15664,-3408,-16,209,53,157684
2026-05-19 20:07:16,lombar,16784,308,2748,171,-355,320,815117
2026-05-19 20:07:16,esterno,1464,15744,-3228,13,349,-28,157706
2026-05-19 20:07:16,lombar,16648,504,2604,115,-418,367,815139
2026-05-19 20:07:16,esterno,1592,15828,-3248,14,104,-44,157728
2026-05-19 20:07:16,lombar,16676,320,2456,114,-316,275,815161
2026-05-19 20:07:16,lombar,16672,224,2668,140,-260,293,815183
2026-05-19 20:07:16,esterno,1648,15776,-3236,19,-23,-20,157750
2026-05-19 20:07:16,esterno,1840,15796,-3304,49,37,86,157772
2026-05-19 20:07:16,lombar,16644,336,2632,165,-422,345,815205
2026-05-19 20:07:16,lombar,16680,444,2748,154,-307,433,815227
2026-05-19 20:07:16,esterno,1768,15612,-3492,-10,55,81,157794
2026-05-19 20:07:16,esterno,1776,15660,-3368,6,58,8,157816
2026-05-19 20:07:16,lombar,16584,516,2524,86,-355,348,815249
2026-05-19 20:07:16,esterno,1768,15720,-3592,37,48,-6,157838
2026-05-19 20:07:16,lombar,16608,288,2712,-17,-379,366,815271
2026-05-19 20:07:16,lombar,16684,280,2516,57,-420,361,815293
2026-05-19 20:07:16,esterno,1788,15804,-3392,-60,122,35,157860
2026-05-19 20:07:16,esterno,1628,15684,-3412,-53,111,77,157882
2026-05-19 20:07:16,lombar,16752,484,2756,17,-257,415,815315
2026-05-19 20:07:16,esterno,1648,15600,-3496,43,136,50,157904
2026-05-19 20:07:16,lombar,16628,380,2664,88,-346,366,815337
2026-05-19 20:07:16,esterno,1744,15752,-3144,56,83,-41,157926
2026-05-19 20:07:16,lombar,16652,348,2708,106,-417,339,815359
2026-05-19 20:07:16,lombar,16652,336,2612,159,-248,366,815381
2026-05-19 20:07:16,esterno,1588,15688,-3428,195,-24,-76,157948
2026-05-19 20:07:16,esterno,1460,15632,-3676,168,148,-92,157970
2026-05-19 20:07:16,lombar,16780,380,2704,77,-373,367,815403
2026-05-19 20:07:16,esterno,1484,15736,-3472,24,-62,-42,157992
2026-05-19 20:07:16,lombar,16680,332,2624,1,-394,352,815425
2026-05-19 20:07:16,esterno,1664,15732,-3356,-152,-501,44,158014
2026-05-19 20:07:16,lombar,16648,308,2740,100,-346,342,815447
2026-05-19 20:07:16,esterno,1712,15632,-3788,27,-78,46,158036
2026-05-19 20:07:16,lombar,16768,420,2708,43,-372,393,815469
2026-05-19 20:07:16,esterno,1648,15600,-3808,32,327,-106,158058
2026-05-19 20:07:16,lombar,16696,368,2896,67,-451,337,815491
2026-05-19 20:07:16,esterno,1852,15668,-3788,108,316,-121,158080
2026-05-19 20:07:16,lombar,16588,176,2616,85,-399,239,815513
2026-05-19 20:07:16,lombar,16632,248,2468,40,-486,330,815535
2026-05-19 20:07:16,esterno,1720,15808,-3476,-35,489,-152,158102
2026-05-19 20:07:16,esterno,1632,15940,-3640,-295,512,-177,158124
2026-05-19 20:07:16,lombar,16588,320,2572,50,-593,397,815557
2026-05-19 20:07:16,esterno,1572,15808,-4048,-650,733,-179,158146
2026-05-19 20:07:16,lombar,16696,212,2752,148,-631,364,815579
2026-05-19 20:07:16,lombar,16636,320,2692,157,-437,358,815601
2026-05-19 20:07:16,esterno,1692,15544,-4080,-768,694,-49,158168
2026-05-19 20:07:16,esterno,1564,15536,-3812,-684,602,-58,158190
2026-05-19 20:07:16,lombar,16524,216,2484,168,-625,303,815623
2026-05-19 20:07:16,esterno,1508,15752,-3272,-528,574,-120,158212
2026-05-19 20:07:16,lombar,16576,484,2596,225,-794,399,815645
2026-05-19 20:07:16,esterno,1536,15876,-3152,-597,295,-3,158234
2026-05-19 20:07:16,lombar,16608,276,2584,191,-716,432,815667
2026-05-19 20:07:16,lombar,16668,316,2552,211,-514,321,815689
2026-05-19 20:07:16,esterno,1712,15548,-3680,-561,142,101,158256
2026-05-19 20:07:16,esterno,1552,15520,-3744,-569,189,142,158278
2026-05-19 20:07:16,lombar,16660,368,2716,208,-251,277,815711
2026-05-19 20:07:16,esterno,1808,15544,-3712,-507,107,121,158300
2026-05-19 20:07:16,lombar,16756,484,2504,202,-419,324,815733
2026-05-19 20:07:16,esterno,1660,15696,-3144,-311,281,-18,158322
2026-05-19 20:07:16,lombar,16632,492,2476,126,-569,301,815755
2026-05-19 20:07:16,esterno,1728,15956,-2928,-403,62,43,158344
2026-05-19 20:07:16,lombar,16704,248,2364,92,-563,379,815777
2026-05-19 20:07:16,esterno,1704,15684,-3376,-410,-2,125,158366
2026-05-19 20:07:16,lombar,16636,200,2388,127,-319,299,815799
2026-05-19 20:07:16,esterno,1788,15628,-3336,-436,69,150,158388
2026-05-19 20:07:16,lombar,16764,436,2180,89,-409,389,815821
2026-05-19 20:07:16,lombar,16660,352,2376,98,-497,320,815843
2026-05-19 20:07:16,esterno,1808,15636,-3184,-394,151,164,158410
2026-05-19 20:07:16,esterno,1784,15740,-3184,-278,131,122,158432
2026-05-19 20:07:16,lombar,16800,280,2296,141,-430,344,815865
2026-05-19 20:07:16,esterno,1724,15872,-3020,-363,173,72,158454
2026-05-19 20:07:16,lombar,16784,296,2520,100,-351,335,815887
2026-05-19 20:07:16,lombar,16692,452,2316,90,-402,437,815909
2026-05-19 20:07:16,esterno,1476,15848,-3124,-450,107,174,158476
2026-05-19 20:07:16,lombar,16708,416,2352,104,-342,424,815931
2026-05-19 20:07:16,esterno,1540,15820,-3140,-501,97,146,158498
2026-05-19 20:07:16,esterno,1576,15696,-3108,-535,-17,124,158520
2026-05-19 20:07:16,lombar,16652,280,2276,6,-420,305,815953
2026-05-19 20:07:17,esterno,1632,15620,-3032,-507,-133,103,158542
2026-05-19 20:07:17,lombar,16640,208,2384,1,-338,358,815975
2026-05-19 20:07:17,esterno,1568,15580,-3444,-316,111,67,158564
2026-05-19 20:07:17,lombar,16544,156,2540,19,-334,302,815997
2026-05-19 20:07:17,esterno,1680,15668,-2848,-372,-12,12,158586
2026-05-19 20:07:17,lombar,16864,168,2696,40,-227,263,816019
2026-05-19 20:07:17,lombar,16728,172,2500,61,-274,266,816041
2026-05-19 20:07:17,esterno,1760,15680,-3192,-414,-484,46,158608
2026-05-19 20:07:17,esterno,1652,15656,-3508,-101,-1,-38,158630
2026-05-19 20:07:17,lombar,16780,316,2284,191,-146,401,816063
2026-05-19 20:07:17,esterno,1556,15524,-3308,-162,348,-127,158652
2026-05-19 20:07:17,lombar,16596,476,2444,156,-17,381,816085
2026-05-19 20:07:17,esterno,1708,15752,-3364,-157,329,-30,158674
2026-05-19 20:07:17,lombar,16720,264,2500,177,-234,304,816107
2026-05-19 20:07:17,esterno,1872,15876,-2996,-123,239,10,158696
2026-05-19 20:07:17,lombar,16780,200,2584,106,-213,197,816129
2026-05-19 20:07:17,lombar,16660,332,2384,67,-63,383,816151
2026-05-19 20:07:17,esterno,1752,15880,-2952,-282,342,-49,158718
2026-05-19 20:07:17,esterno,1416,15800,-3140,-228,277,-33,158740
2026-05-19 20:07:17,lombar,16608,536,2432,123,-186,389,816173
2026-05-19 20:07:17,esterno,1632,15952,-3140,-93,53,182,158762
2026-05-19 20:07:17,lombar,16596,312,2088,93,-274,285,816195
2026-05-19 20:07:17,esterno,1856,15824,-3136,-269,127,290,158784
2026-05-19 20:07:17,lombar,16800,180,2528,88,-335,344,816217
2026-05-19 20:07:17,esterno,1696,15900,-3060,-375,206,184,158806
2026-05-19 20:07:17,lombar,16704,288,2296,49,-170,318,816239
2026-05-19 20:07:17,esterno,1728,16100,-2996,-356,96,106,158828
2026-05-19 20:07:17,lombar,16576,344,2468,-16,-243,276,816261
2026-05-19 20:07:17,esterno,1600,16088,-3100,-546,9,234,158850
2026-05-19 20:07:17,lombar,16652,352,2560,36,-294,290,816283
2026-05-19 20:07:17,esterno,1448,15804,-3636,-795,117,166,158872
2026-05-19 20:07:17,lombar,16652,260,2560,85,-569,289,816305
2026-05-19 20:07:17,esterno,1744,15176,-3712,-1005,42,114,158894
2026-05-19 20:07:17,lombar,16692,356,2404,87,-529,367,816327
2026-05-19 20:07:17,lombar,16644,356,2664,69,-424,351,816349
2026-05-19 20:07:17,esterno,1900,15316,-3236,-778,301,52,158916
2026-05-19 20:07:17,lombar,16512,332,2740,128,-503,345,816371
2026-05-19 20:07:17,esterno,1688,15552,-3468,-598,274,11,158938
2026-05-19 20:07:17,esterno,1724,15284,-3476,-547,214,-59,158960
2026-05-19 20:07:17,lombar,16616,312,2528,216,-530,307,816393
2026-05-19 20:07:17,esterno,1744,15444,-3056,-408,243,9,158982
2026-05-19 20:07:17,lombar,16772,620,2544,135,-276,362,816415
2026-05-19 20:07:17,esterno,1672,15640,-2896,-287,265,-6,159004
2026-05-19 20:07:17,lombar,16748,408,2312,72,-201,322,816437
2026-05-19 20:07:17,lombar,16832,356,2064,137,-137,260,816459
2026-05-19 20:07:17,esterno,1792,15900,-2544,-164,148,22,159026
2026-05-19 20:07:17,esterno,1996,16152,-2644,-170,106,58,159048
2026-05-19 20:07:17,lombar,16704,380,2172,120,-110,358,816481
2026-05-19 20:07:17,lombar,16576,328,2304,190,-348,268,816503
2026-05-19 20:07:17,esterno,1924,16008,-3204,-463,354,87,159070
2026-05-19 20:07:17,esterno,1884,15696,-3164,-556,364,125,159092
2026-05-19 20:07:17,lombar,16824,284,2232,179,-393,245,816525
2026-05-19 20:07:17,lombar,16904,424,2476,162,-243,328,816547
2026-05-19 20:07:17,esterno,1704,15716,-2532,-368,241,90,159114
2026-05-19 20:07:17,esterno,1792,16104,-2092,-250,27,94,159136
2026-05-19 20:07:17,lombar,16700,396,2088,199,-128,376,816569
2026-05-19 20:07:17,esterno,1656,15868,-2392,-113,-33,112,159158
2026-05-19 20:07:17,lombar,16556,280,2192,81,-321,285,816591
2026-05-19 20:07:17,esterno,1640,15776,-2788,-151,-9,68,159180
2026-05-19 20:07:17,lombar,16924,196,2256,104,-170,251,816613
2026-05-19 20:07:17,esterno,1940,15832,-2868,-321,-331,106,159202
2026-05-19 20:07:17,lombar,16780,320,2364,157,-101,307,816635
2026-05-19 20:07:17,lombar,16732,320,2488,138,-302,346,816657
2026-05-19 20:07:17,esterno,1888,15796,-3148,-331,-197,-24,159224
2026-05-19 20:07:17,esterno,1756,15664,-3272,-136,196,-136,159246
2026-05-19 20:07:17,lombar,16680,436,2600,75,-160,469,816679
2026-05-19 20:07:17,lombar,16696,444,2416,11,11,382,816701
2026-05-19 20:07:17,esterno,1824,15700,-3076,-149,159,-114,159268
2026-05-19 20:07:17,esterno,1880,15768,-2780,-41,278,-102,159290
2026-05-19 20:07:17,lombar,16704,372,2424,-17,-186,330,816723
2026-05-19 20:07:17,esterno,1584,15868,-2740,1,247,-185,159312
2026-05-19 20:07:17,lombar,16596,240,2196,-15,-83,413,816745
2026-05-19 20:07:17,lombar,16636,280,2676,53,-196,348,816767
2026-05-19 20:07:17,esterno,1580,15880,-2928,-92,123,-117,159334
2026-05-19 20:07:17,esterno,1776,15744,-2980,25,244,28,159356
2026-05-19 20:07:17,lombar,16636,296,2672,96,-121,266,816789
2026-05-19 20:07:17,esterno,1652,15684,-2960,60,243,-23,159378
2026-05-19 20:07:17,lombar,16676,228,2604,-27,-81,320,816811
2026-05-19 20:07:17,esterno,1696,15772,-2728,47,208,-141,159400
2026-05-19 20:07:17,lombar,16720,328,2296,9,-149,362,816833
2026-05-19 20:07:17,esterno,1676,16040,-2604,119,198,-91,159422
2026-05-19 20:07:17,lombar,16692,320,2532,27,-292,394,816855
2026-05-19 20:07:17,esterno,1760,15976,-2904,-36,180,34,159444
2026-05-19 20:07:17,lombar,16504,164,2472,57,-138,304,816877
2026-05-19 20:07:17,esterno,1652,15564,-3116,-165,252,89,159466
2026-05-19 20:07:17,lombar,16672,200,2520,158,-253,343,816899
2026-05-19 20:07:17,lombar,16708,260,2456,180,-213,296,816921
2026-05-19 20:07:17,esterno,1644,15604,-3208,-213,199,97,159488
2026-05-19 20:07:17,esterno,1844,15896,-2884,-172,324,-7,159510
2026-05-19 20:07:17,lombar,16716,476,2540,145,-221,383,816943
2026-05-19 20:07:18,lombar,16576,356,2588,86,-202,321,816965
2026-05-19 20:07:18,esterno,1556,16000,-2796,-135,291,-86,159532
2026-05-19 20:07:18,lombar,16704,224,2660,109,-351,238,816987
2026-05-19 20:07:18,esterno,1592,15940,-2760,-78,-78,75,159554
2026-05-19 20:07:18,esterno,1592,15696,-3008,-78,-78,107,159576
2026-05-19 20:07:18,lombar,16728,220,2536,173,-194,266,817009
2026-05-19 20:07:18,esterno,1716,15696,-3020,-186,160,67,159598
2026-05-19 20:07:18,lombar,16696,448,2716,104,-158,287,817031
2026-05-19 20:07:18,esterno,1760,15820,-2976,-130,147,56,159620
2026-05-19 20:07:18,lombar,16688,380,2544,128,-109,259,817053
2026-05-19 20:07:18,esterno,1828,15880,-3000,-4,167,8,159642
2026-05-19 20:07:18,lombar,16744,248,2564,-4,-141,255,817075
2026-05-19 20:07:18,esterno,1856,15784,-2800,-67,140,13,159664
2026-05-19 20:07:18,lombar,16744,372,2440,43,-294,294,817097
2026-05-19 20:07:18,esterno,1704,15876,-2880,-115,199,50,159686
2026-05-19 20:07:18,lombar,16624,396,2436,38,-205,279,817119
2026-05-19 20:07:18,esterno,1676,15768,-3168,-195,181,17,159708
2026-05-19 20:07:18,lombar,16644,388,2492,-17,-171,266,817141
2026-05-19 20:07:18,lombar,16708,392,2668,-79,-263,266,817163
2026-05-19 20:07:18,esterno,1744,15744,-2792,-266,51,42,159730
2026-05-19 20:07:18,lombar,16668,220,2572,28,-324,231,817185
2026-05-19 20:07:18,esterno,1852,15792,-2912,-243,-35,51,159752
2026-05-19 20:07:18,esterno,1840,15752,-3084,24,287,13,159774
2026-05-19 20:07:18,lombar,16692,340,2384,56,-152,218,817207
2026-05-19 20:07:18,esterno,1736,15940,-2604,-24,-73,39,159796
2026-05-19 20:07:18,lombar,16676,264,2644,103,-200,281,817229
2026-05-19 20:07:18,esterno,1816,15816,-2740,-79,-144,76,159818
2026-05-19 20:07:18,lombar,16640,332,2560,154,-133,285,817251
2026-05-19 20:07:18,lombar,16672,384,2464,136,-236,336,817273
2026-05-19 20:07:18,esterno,1740,15796,-2988,-37,14,101,159840
2026-05-19 20:07:18,esterno,1776,15628,-3296,-81,271,39,159862
2026-05-19 20:07:18,lombar,16712,412,2620,122,-257,366,817295
2026-05-19 20:07:18,lombar,16652,492,2456,134,-109,304,817317
2026-05-19 20:07:18,esterno,1912,15660,-3032,-79,283,9,159884
2026-05-19 20:07:18,esterno,1824,15812,-2780,-28,352,-115,159906
2026-05-19 20:07:18,lombar,16764,480,2384,87,-202,348,817339
2026-05-19 20:07:18,esterno,1636,15900,-2736,-28,271,-82,159928
2026-05-19 20:07:18,lombar,16656,468,2436,-2,-288,363,817361
2026-05-19 20:07:18,esterno,1784,15792,-2924,10,141,62,159950
2026-05-19 20:07:18,lombar,16608,336,2604,12,-163,271,817383
2026-05-19 20:07:18,esterno,1740,15764,-3152,16,223,103,159972
2026-05-19 20:07:18,lombar,16676,148,2464,43,-220,244,817405
2026-05-19 20:07:18,esterno,1640,15744,-3044,-135,234,40,159994
2026-05-19 20:07:18,lombar,16660,256,2648,86,-239,285,817427
2026-05-19 20:07:18,esterno,1656,15708,-2852,-22,130,-32,160016
2026-05-19 20:07:18,lombar,16564,388,2512,84,-346,356,817449
2026-05-19 20:07:18,esterno,1752,15812,-2972,41,215,-62,160038
2026-05-19 20:07:18,lombar,16628,320,2584,104,-226,251,817471
2026-05-19 20:07:18,esterno,1560,15760,-3068,-157,294,30,160060
2026-05-19 20:07:18,lombar,16680,304,2592,79,-172,267,817493
2026-05-19 20:07:18,esterno,1684,15820,-3272,-228,267,73,160082
2026-05-19 20:07:18,lombar,16768,204,2364,156,-254,244,817515
2026-05-19 20:07:18,esterno,1832,15808,-3072,-188,76,65,160104
2026-05-19 20:07:18,lombar,16808,336,2436,258,-224,260,817537
2026-05-19 20:07:18,esterno,1776,15784,-3008,-154,344,-32,160126
2026-05-19 20:07:18,lombar,16692,444,2588,175,-172,299,817559
2026-05-19 20:07:18,lombar,16688,472,2452,152,-292,332,817581
2026-05-19 20:07:18,esterno,1788,15952,-2964,-162,231,27,160148
2026-05-19 20:07:18,esterno,1844,15788,-2928,-159,19,137,160170
2026-05-19 20:07:18,lombar,16620,484,2588,196,-157,272,817603
2026-05-19 20:07:18,esterno,1868,15844,-2952,-166,89,166,160192
2026-05-19 20:07:18,lombar,16640,348,2424,77,-243,192,817625
2026-05-19 20:07:18,esterno,1676,15860,-2928,-262,123,98,160214
2026-05-19 20:07:18,lombar,16696,468,2692,69,-342,326,817647
2026-05-19 20:07:18,esterno,1812,15700,-2884,-168,16,66,160236
2026-05-19 20:07:18,lombar,16600,620,2608,40,-214,308,817669
2026-05-19 20:07:18,esterno,1712,15676,-3000,-137,-35,104,160258
2026-05-19 20:07:18,lombar,16620,320,2572,118,-243,286,817691
2026-05-19 20:07:18,esterno,1780,15800,-2992,-232,78,73,160280
2026-05-19 20:07:18,lombar,16644,436,2788,115,-181,280,817713
2026-05-19 20:07:18,lombar,16604,440,2648,66,-284,344,817735
2026-05-19 20:07:18,esterno,1900,15844,-3024,-219,97,27,160302
2026-05-19 20:07:18,esterno,1880,15780,-2952,-185,153,-43,160324
2026-05-19 20:07:18,lombar,16532,344,2600,-45,-198,347,817757
2026-05-19 20:07:18,esterno,1792,15848,-2776,-205,-28,13,160346
2026-05-19 20:07:18,lombar,16528,344,2740,26,-271,320,817779
2026-05-19 20:07:18,esterno,1628,15688,-3200,-40,29,-33,160368
2026-05-19 20:07:18,lombar,16596,304,2692,51,-280,275,817801
2026-05-19 20:07:18,lombar,16800,488,2584,86,-153,326,817823
2026-05-19 20:07:18,esterno,1616,15760,-2992,-87,60,23,160390
2026-05-19 20:07:18,esterno,1940,15828,-3076,-191,-268,55,160412
2026-05-19 20:07:18,lombar,16740,368,2596,113,15,246,817845
2026-05-19 20:07:18,lombar,16748,312,2600,112,-114,231,817867
2026-05-19 20:07:18,esterno,1992,15856,-2876,-164,-306,113,160434
2026-05-19 20:07:18,esterno,1876,15804,-2920,-101,10,121,160456
2026-05-19 20:07:18,lombar,16720,440,2588,56,-126,370,817889
2026-05-19 20:07:18,esterno,1792,15744,-3012,-75,162,83,160478
2026-05-19 20:07:18,lombar,16816,508,2560,142,-175,344,817911
2026-05-19 20:07:18,esterno,1916,15852,-2992,-50,239,-20,160500
2026-05-19 20:07:18,lombar,16812,424,2584,175,-60,318,817933
2026-05-19 20:07:18,esterno,1720,15928,-2848,-68,461,-121,160522
2026-05-19 20:07:19,lombar,16568,376,2516,80,-57,353,817955
2026-05-19 20:07:19,esterno,1580,15936,-2872,-69,200,-75,160544
2026-05-19 20:07:19,lombar,16720,540,2692,87,-191,325,817977
2026-05-19 20:07:19,esterno,1640,15812,-3032,62,80,77,160566
2026-05-19 20:07:19,lombar,16656,400,2672,27,57,387,817999
2026-05-19 20:07:19,esterno,1792,15816,-3008,-72,147,135,160588
2026-05-19 20:07:19,lombar,16580,388,2740,-3,-261,351,818021
2026-05-19 20:07:19,esterno,1776,15680,-3176,-270,260,50,160610
2026-05-19 20:07:19,lombar,16740,276,2856,42,-234,276,818043
2026-05-19 20:07:19,esterno,1780,15716,-3112,-215,190,-3,160632
2026-05-19 20:07:19,lombar,16768,356,2832,49,-245,311,818065
2026-05-19 20:07:19,esterno,1768,15672,-3292,-288,388,53,160654
2026-05-19 20:07:19,lombar,16644,484,2916,160,-168,305,818087
2026-05-19 20:07:19,esterno,1604,15596,-3096,-251,427,42,160676
2026-05-19 20:07:19,lombar,16676,328,2652,102,-143,351,818109
2026-05-19 20:07:19,esterno,1876,15572,-3156,-184,411,21,160698
2026-05-19 20:07:19,lombar,16716,364,2680,212,-124,265,818131
2026-05-19 20:07:19,esterno,1964,15664,-2948,-180,509,23,160720
2026-05-19 20:07:19,lombar,16780,320,2524,135,20,290,818153
2026-05-19 20:07:19,esterno,1808,15696,-2708,-118,468,-55,160742
2026-05-19 20:07:19,lombar,16576,356,2536,99,-130,334,818175
2026-05-19 20:07:19,lombar,16716,428,2640,185,-133,323,818197
2026-05-19 20:07:19,esterno,1804,15744,-2736,-107,371,5,160764
2026-05-19 20:07:19,esterno,1776,15764,-3064,-65,266,73,160786
2026-05-19 20:07:19,lombar,16752,312,2524,232,38,238,818219
2026-05-19 20:07:19,lombar,16628,416,2472,214,-111,262,818241
2026-05-19 20:07:19,esterno,1748,16024,-2852,-52,215,56,160808
2026-05-19 20:07:19,esterno,1812,15972,-2860,-118,158,58,160830
2026-05-19 20:07:19,lombar,16660,480,2396,174,-133,353,818263
2026-05-19 20:07:19,esterno,2028,16024,-3004,-129,176,102,160852
2026-05-19 20:07:19,lombar,16584,456,2724,83,-208,322,818285
2026-05-19 20:07:19,esterno,1596,15820,-3224,-78,73,122,160874
2026-05-19 20:07:19,lombar,16680,408,2716,83,-298,214,818307
2026-05-19 20:07:19,esterno,1720,15844,-2936,-228,176,74,160896
2026-05-19 20:07:19,lombar,16528,428,2716,112,-110,273,818329
2026-05-19 20:07:19,esterno,1824,15588,-2928,-242,147,64,160918
2026-05-19 20:07:19,lombar,16580,632,2892,62,-190,361,818351
2026-05-19 20:07:19,esterno,1972,15676,-2884,-156,3,10,160940
2026-05-19 20:07:19,lombar,16600,452,2940,8,-333,397,818373
2026-05-19 20:07:19,esterno,1908,15652,-3192,34,166,-33,160962
2026-05-19 20:07:19,lombar,16536,268,2924,48,-208,263,818395
2026-05-19 20:07:19,esterno,1592,15628,-2940,-139,90,-72,160984
2026-05-19 20:07:19,lombar,16732,516,2844,-22,-160,308,818417
2026-05-19 20:07:19,esterno,1896,15780,-2876,-221,-306,-1,161006
2026-05-19 20:07:19,lombar,16632,528,2852,62,-199,354,818439
2026-05-19 20:07:19,lombar,16632,500,2836,94,-191,287,818461
2026-05-19 20:07:19,esterno,1784,15880,-3052,-105,-265,76,161028
2026-05-19 20:07:19,esterno,1848,15632,-3460,-4,67,72,161050
2026-05-19 20:07:19,lombar,16580,388,2640,67,-166,331,818483
2026-05-19 20:07:19,lombar,16612,524,2876,113,-171,378,818505
2026-05-19 20:07:19,esterno,1832,15592,-3132,35,117,9,161072
2026-05-19 20:07:19,esterno,1912,15824,-3088,28,219,-26,161094
2026-05-19 20:07:19,lombar,16616,392,2716,68,-280,396,818527
2026-05-19 20:07:19,esterno,1740,15944,-2824,-102,349,-122,161116
2026-05-19 20:07:19,lombar,16652,448,2640,-10,-333,400,818549
2026-05-19 20:07:19,esterno,1668,15876,-3092,-153,219,-17,161138
2026-05-19 20:07:19,lombar,16696,436,2908,47,-298,378,818571
2026-05-19 20:07:19,esterno,1848,15620,-3152,53,152,72,161160
2026-05-19 20:07:19,lombar,16584,260,2572,108,-216,325,818593
2026-05-19 20:07:19,esterno,1780,15636,-2900,-73,291,23,161182
2026-05-19 20:07:19,lombar,16648,228,2900,133,-267,308,818615
2026-05-19 20:07:19,esterno,1764,15768,-3148,-132,422,-93,161204
2026-05-19 20:07:19,lombar,16720,328,2780,138,-257,365,818637
2026-05-19 20:07:19,esterno,1844,15896,-3188,-78,345,-112,161226
2026-05-19 20:07:19,lombar,16708,356,2880,149,-208,302,818659
2026-05-19 20:07:19,esterno,1776,15772,-2772,-121,464,-40,161248
2026-05-19 20:07:19,lombar,16660,456,2700,136,-216,344,818681
2026-05-19 20:07:19,esterno,1808,15744,-2904,8,489,-14,161270
2026-05-19 20:07:19,lombar,16716,364,2924,104,-227,300,818703
2026-05-19 20:07:19,esterno,1908,15788,-2976,33,325,-50,161292
2026-05-19 20:07:19,lombar,16700,372,2792,186,-194,215,818725
2026-05-19 20:07:19,esterno,1892,15872,-2948,-136,396,-86,161314
2026-05-19 20:07:19,lombar,16636,564,2812,128,-208,368,818747
2026-05-19 20:07:19,esterno,1624,15780,-2992,-188,342,-96,161336
2026-05-19 20:07:19,lombar,16644,460,2692,128,-312,320,818769
2026-05-19 20:07:19,esterno,1736,15732,-3004,-171,174,-18,161358
2026-05-19 20:07:19,lombar,16704,408,2696,122,-157,240,818791
2026-05-19 20:07:19,lombar,16652,464,2772,133,-68,255,818813
2026-05-19 20:07:19,esterno,1680,15804,-2960,-132,124,52,161380
2026-05-19 20:07:19,esterno,1896,15836,-2804,-194,117,26,161402
2026-05-19 20:07:19,lombar,16672,472,2928,113,-330,371,818835
2026-05-19 20:07:19,esterno,2060,15868,-2992,-89,61,6,161424
2026-05-19 20:07:19,lombar,16624,388,2916,76,-267,396,818857
2026-05-19 20:07:19,esterno,1764,15732,-2988,-119,171,-8,161446
2026-05-19 20:07:19,lombar,16568,516,2676,75,-212,326,818879
2026-05-19 20:07:19,esterno,1676,15684,-3164,-166,116,51,161468
2026-05-19 20:07:19,lombar,16740,388,2596,27,-159,301,818901
2026-05-19 20:07:19,esterno,1812,15648,-3128,-110,60,32,161490
2026-05-19 20:07:19,lombar,16600,436,2936,133,-350,347,818923
2026-05-19 20:07:19,esterno,1916,15848,-3008,-117,109,-4,161512
2026-05-19 20:07:19,lombar,16596,464,2948,48,-230,433,818945
2026-05-19 20:07:20,esterno,1972,15840,-3036,-192,-32,37,161534
2026-05-19 20:07:20,lombar,16492,296,2888,65,-347,360,818967
2026-05-19 20:07:20,esterno,1796,15672,-3248,-10,-20,71,161556
2026-05-19 20:07:20,lombar,16716,376,2820,47,-313,309,818989
2026-05-19 20:07:20,lombar,16580,404,2828,46,-268,359,819011
2026-05-19 20:07:20,esterno,1740,15552,-3156,-38,90,47,161578
2026-05-19 20:07:20,esterno,1964,15688,-3096,-149,-192,63,161600
2026-05-19 20:07:20,lombar,16688,388,2880,121,-265,286,819033
2026-05-19 20:07:20,esterno,1808,15872,-3072,-176,-166,99,161622
2026-05-19 20:07:20,lombar,16712,372,2816,41,-306,394,819055
2026-05-19 20:07:20,esterno,1644,15688,-3280,-98,134,46,161644
2026-05-19 20:07:20,lombar,16672,544,2868,109,-279,348,819077
2026-05-19 20:07:20,esterno,1776,15624,-3292,-64,210,-16,161666
2026-05-19 20:07:20,lombar,16744,364,2704,96,-282,324,819099
2026-05-19 20:07:20,lombar,16712,424,2580,99,-236,301,819121
2026-05-19 20:07:20,esterno,1952,15724,-3236,-17,184,-1,161688
2026-05-19 20:07:20,lombar,16672,444,2784,35,-301,403,819143
2026-05-19 20:07:20,esterno,1728,15864,-2892,33,331,-71,161710
2026-05-19 20:07:20,esterno,1680,15764,-3064,67,162,-112,161732
2026-05-19 20:07:20,lombar,16568,428,2808,10,-409,374,819165
2026-05-19 20:07:20,esterno,1840,15744,-2876,109,222,-36,161754
2026-05-19 20:07:20,lombar,16600,380,2764,38,-219,256,819187
2026-05-19 20:07:20,esterno,1764,15708,-3128,38,259,4,161776
2026-05-19 20:07:20,lombar,16680,348,2940,72,-302,320,819209
2026-05-19 20:07:20,lombar,16648,424,2844,60,-369,411,819231
2026-05-19 20:07:20,esterno,1728,15748,-3008,56,247,-41,161798
2026-05-19 20:07:20,esterno,1640,15744,-3060,189,169,-110,161820
2026-05-19 20:07:20,lombar,16760,328,2804,94,-427,373,819253
2026-05-19 20:07:20,esterno,1672,15748,-3020,106,357,-46,161842
2026-05-19 20:07:20,lombar,16500,400,2864,50,-308,278,819275
2026-05-19 20:07:20,esterno,1780,15748,-3360,75,402,-2,161864
2026-05-19 20:07:20,lombar,16656,376,2740,96,-419,232,819297
2026-05-19 20:07:20,lombar,16676,352,2732,134,-381,281,819319
2026-05-19 20:07:20,esterno,1904,15756,-3228,40,235,82,161886
2026-05-19 20:07:20,esterno,1948,15696,-3076,-26,357,-33,161908
2026-05-19 20:07:20,lombar,16500,420,2764,98,-358,350,819341
2026-05-19 20:07:20,lombar,16600,480,2768,60,-563,364,819363
2026-05-19 20:07:20,esterno,1780,15804,-2816,-75,355,-103,161930
2026-05-19 20:07:20,esterno,1776,15712,-3100,-85,99,-5,161952
2026-05-19 20:07:20,lombar,16688,424,2712,46,-402,322,819385
2026-05-19 20:07:20,esterno,1716,15704,-3160,-30,14,82,161974
2026-05-19 20:07:20,lombar,16676,412,2688,71,-413,293,819407
2026-05-19 20:07:20,lombar,16624,488,2744,169,-416,384,819429
2026-05-19 20:07:20,esterno,1812,15820,-3308,-76,71,95,161996
2026-05-19 20:07:20,esterno,1976,15732,-3328,-165,269,-37,162018
2026-05-19 20:07:20,lombar,16640,452,2796,85,-558,384,819451
2026-05-19 20:07:20,esterno,1836,15720,-3152,-54,243,-98,162040
2026-05-19 20:07:20,lombar,16552,516,2820,40,-459,394,819473
2026-05-19 20:07:20,esterno,1784,15724,-3192,-67,187,-72,162062
2026-05-19 20:07:20,lombar,16668,396,2848,88,-468,338,819495
2026-05-19 20:07:20,esterno,1740,15812,-3276,-122,273,-89,162084
2026-05-19 20:07:20,esterno,1796,15696,-3044,-116,328,-119,162106
2026-05-19 20:07:20,esterno,1800,15724,-3228,90,261,-122,162128
2026-05-19 20:07:20,lombar,16520,468,2804,117,-448,383,819517
2026-05-19 20:07:20,lombar,16632,500,2756,24,-476,471,819539
2026-05-19 20:07:20,lombar,16524,440,2636,24,-403,469,819561
2026-05-19 20:07:20,esterno,1840,15924,-2836,207,231,-136,162150
2026-05-19 20:07:20,lombar,16584,388,2788,55,-487,393,819583
2026-05-19 20:07:20,esterno,1812,15752,-3180,209,270,-184,162172
2026-05-19 20:07:20,lombar,16612,228,2724,61,-704,401,819605
2026-05-19 20:07:20,lombar,16744,448,2644,73,-433,427,819627
2026-05-19 20:07:20,esterno,1656,15564,-3576,226,394,-196,162194
2026-05-19 20:07:20,esterno,1672,15500,-3240,273,-16,-178,162216
2026-05-19 20:07:20,lombar,16676,344,2776,47,-383,391,819649
2026-05-19 20:07:20,esterno,1720,15736,-2892,-53,-124,-9,162238
2026-05-19 20:07:20,lombar,16648,280,2744,169,-466,377,819671
2026-05-19 20:07:20,esterno,1900,15672,-3188,-27,182,96,162260
2026-05-19 20:07:20,lombar,16620,368,2584,181,-386,482,819693
2026-05-19 20:07:20,lombar,16712,324,2540,45,-422,404,819715
2026-05-19 20:07:20,esterno,1772,15660,-3324,213,398,-109,162282
2026-05-19 20:07:20,esterno,1952,15832,-3304,257,363,-191,162304
2026-05-19 20:07:20,lombar,16860,432,2512,78,-366,291,819737
2026-05-19 20:07:20,esterno,1768,15948,-3032,258,725,-265,162326
2026-05-19 20:07:20,lombar,16744,396,2620,31,-324,436,819759
2026-05-19 20:07:20,lombar,16700,244,2392,62,-319,358,819781
2026-05-19 20:07:20,esterno,1636,15836,-2964,0,521,-121,162348
2026-05-19 20:07:20,lombar,16612,356,2460,156,-348,336,819803
2026-05-19 20:07:20,esterno,1572,15636,-3204,106,323,30,162370
2026-05-19 20:07:20,esterno,1680,15608,-3488,48,355,-71,162392
2026-05-19 20:07:20,lombar,16680,308,2676,114,-331,379,819825
2026-05-19 20:07:20,esterno,1572,15672,-3528,-115,450,-168,162414
2026-05-19 20:07:20,lombar,16720,340,2620,155,-478,353,819847
2026-05-19 20:07:20,lombar,16772,324,2540,105,-292,370,819869
2026-05-19 20:07:20,esterno,1636,15736,-3200,14,360,-132,162436
2026-05-19 20:07:20,lombar,16624,376,2684,163,-238,366,819891
2026-05-19 20:07:20,esterno,1708,15768,-3176,-33,324,-53,162458
2026-05-19 20:07:20,esterno,1664,15700,-3372,-111,377,-115,162480
2026-05-19 20:07:20,lombar,16508,432,2596,174,-315,409,819913
2026-05-19 20:07:20,lombar,16584,380,2588,180,-219,311,819935
2026-05-19 20:07:20,esterno,1596,15604,-3400,-102,274,-141,162502
2026-05-19 20:07:21,lombar,16764,412,2664,82,-172,317,819957
2026-05-19 20:07:21,esterno,1716,15672,-3544,-80,204,-65,162524
2026-05-19 20:07:21,esterno,1608,15836,-3248,-110,293,-59,162546
2026-05-19 20:07:21,lombar,16680,456,2420,-4,-254,366,819979
2026-05-19 20:07:21,lombar,16732,356,2420,96,-348,297,820001
2026-05-19 20:07:21,esterno,1728,15860,-3356,-200,102,54,162568
2026-05-19 20:07:21,esterno,1760,15792,-3312,-187,86,33,162590
2026-05-19 20:07:21,lombar,16704,304,2644,97,-367,266,820023
2026-05-19 20:07:21,esterno,1688,15844,-3388,-197,-25,40,162612
2026-05-19 20:07:21,lombar,16616,324,2380,161,-341,413,820045
2026-05-19 20:07:21,esterno,1632,15692,-3280,-147,34,55,162634
2026-05-19 20:07:21,lombar,16612,480,2604,95,-377,388,820067
2026-05-19 20:07:21,esterno,1712,15764,-3272,-120,-31,94,162656
2026-05-19 20:07:21,lombar,16608,544,2528,91,-418,330,820089
2026-05-19 20:07:21,esterno,1828,15844,-3508,-123,10,51,162678
2026-05-19 20:07:21,lombar,16712,396,2720,79,-443,400,820111
2026-05-19 20:07:21,esterno,1668,15820,-3448,-186,67,38,162700
2026-05-19 20:07:21,lombar,16676,340,2772,54,-317,312,820133
2026-05-19 20:07:21,esterno,1644,15588,-3432,-239,70,31,162722
2026-05-19 20:07:21,lombar,16584,340,2540,24,-307,347,820155
2026-05-19 20:07:21,esterno,1568,15696,-3512,-295,-36,95,162744
2026-05-19 20:07:21,lombar,16688,392,2480,134,-241,353,820177
2026-05-19 20:07:21,esterno,1744,15752,-3512,-531,-149,225,162766
2026-05-19 20:07:21,lombar,16668,432,2664,82,-184,343,820199
2026-05-19 20:07:21,esterno,1736,15788,-3796,-616,-64,274,162788
2026-05-19 20:07:21,lombar,16588,244,2632,90,-186,267,820221
2026-05-19 20:07:21,lombar,16756,252,2568,160,-130,287,820243
2026-05-19 20:07:21,esterno,1684,15640,-3104,-679,-48,138,162810
2026-05-19 20:07:21,lombar,16544,320,2676,82,-172,282,820265
2026-05-19 20:07:21,esterno,1916,15688,-2928,-624,-852,166,162832
2026-05-19 20:07:21,lombar,16668,560,2488,47,-236,338,820287
2026-05-19 20:07:21,esterno,1728,15564,-3824,-258,-379,102,162854
2026-05-19 20:07:21,esterno,1636,15696,-3692,-386,-27,81,162876
2026-05-19 20:07:21,lombar,16764,520,2416,53,-188,337,820309
2026-05-19 20:07:21,esterno,1812,15680,-3436,-526,31,59,162898
2026-05-19 20:07:21,lombar,16600,412,2624,148,-140,253,820331
2026-05-19 20:07:21,lombar,16692,300,2488,154,-201,337,820353
2026-05-19 20:07:21,esterno,2092,15840,-3144,-394,143,8,162920
2026-05-19 20:07:21,esterno,1912,15928,-3044,-402,239,-42,162942
2026-05-19 20:07:21,lombar,16700,452,2556,54,-212,393,820375
2026-05-19 20:07:21,lombar,16720,364,2544,91,-224,358,820397
2026-05-19 20:07:21,esterno,1476,15672,-3216,-425,195,47,162964
2026-05-19 20:07:21,esterno,1644,15728,-3076,-438,141,61,162986
2026-05-19 20:07:21,lombar,16604,232,2596,129,-77,344,820419
2026-05-19 20:07:21,esterno,1784,15864,-3220,-482,298,66,163008
2026-05-19 20:07:21,lombar,16684,332,2712,118,-241,332,820441
2026-05-19 20:07:21,lombar,16712,388,2624,134,-228,378,820463
2026-05-19 20:07:21,esterno,1732,15776,-3068,-377,261,-7,163030
2026-05-19 20:07:21,esterno,1696,15780,-3084,-177,171,-51,163052
2026-05-19 20:07:21,lombar,16532,500,2692,49,-212,353,820485
2026-05-19 20:07:21,lombar,16676,412,2820,-12,-189,333,820507
2026-05-19 20:07:21,esterno,1528,15720,-3036,-185,110,9,163074
2026-05-19 20:07:21,esterno,1724,15872,-3256,-261,127,0,163096
2026-05-19 20:07:21,lombar,16624,300,2524,75,-227,265,820529
2026-05-19 20:07:21,lombar,16668,364,2648,178,-158,327,820551
2026-05-19 20:07:21,esterno,1836,15720,-3272,-405,119,-13,163118
2026-05-19 20:07:21,esterno,1776,15832,-2940,-368,156,-12,163140
2026-05-19 20:07:21,lombar,16572,424,2712,65,-226,397,820573
2026-05-19 20:07:21,esterno,1632,15752,-2732,-333,187,21,163162
2026-05-19 20:07:21,lombar,16644,364,2656,41,-296,379,820595
2026-05-19 20:07:21,lombar,16640,336,2688,19,-202,198,820617
2026-05-19 20:07:21,esterno,1608,15736,-2884,-328,-17,-7,163184
2026-05-19 20:07:21,esterno,1700,15828,-3284,-302,-28,2,163206
2026-05-19 20:07:21,lombar,16620,368,2500,21,-133,285,820639
2026-05-19 20:07:21,esterno,1744,15776,-3036,-321,9,51,163228
2026-05-19 20:07:21,lombar,16652,476,2864,39,-284,301,820661
2026-05-19 20:07:21,esterno,1860,15736,-3072,-247,29,85,163250
2026-05-19 20:07:21,lombar,16744,512,2592,81,-333,299,820683
2026-05-19 20:07:21,esterno,1868,15728,-2976,-216,153,99,163272
2026-05-19 20:07:21,lombar,16560,424,2672,128,-267,311,820705
2026-05-19 20:07:21,esterno,1792,15684,-3016,-222,102,47,163294
2026-05-19 20:07:21,lombar,16620,364,2612,87,-168,307,820727
2026-05-19 20:07:21,esterno,1728,15840,-2908,-125,162,8,163316
2026-05-19 20:07:21,lombar,16656,420,2764,115,-302,291,820749
2026-05-19 20:07:21,esterno,1792,15736,-3052,-122,170,71,163338
2026-05-19 20:07:21,lombar,16756,388,2472,95,-169,320,820771
2026-05-19 20:07:21,lombar,16684,516,2556,123,-201,316,820793
2026-05-19 20:07:21,esterno,1748,15872,-3108,-217,187,84,163360
2026-05-19 20:07:21,esterno,1692,15632,-3172,-213,141,103,163382
2026-05-19 20:07:21,lombar,16684,364,2792,43,-235,344,820815
2026-05-19 20:07:21,esterno,1752,15824,-2864,-146,-73,61,163404
2026-05-19 20:07:21,lombar,16736,324,2840,66,-244,322,820837
2026-05-19 20:07:21,lombar,16644,228,2592,122,-96,280,820859
2026-05-19 20:07:21,esterno,1628,15728,-3016,-68,-151,13,163426
2026-05-19 20:07:21,lombar,16628,308,2516,66,-345,295,820881
2026-05-19 20:07:21,esterno,1744,15724,-3152,0,212,-5,163448
2026-05-19 20:07:21,esterno,1912,15888,-2940,-216,-336,90,163470
2026-05-19 20:07:21,lombar,16764,476,2712,56,-254,363,820903
2026-05-19 20:07:21,lombar,16524,484,2868,46,-219,238,820925
2026-05-19 20:07:21,esterno,1736,15844,-2860,-135,-438,99,163492
2026-05-19 20:07:21,esterno,1796,15732,-3452,-100,-119,38,163514
2026-05-19 20:07:21,lombar,16732,420,2616,-28,-239,358,820947
2026-05-19 20:07:22,esterno,1920,15716,-3296,-201,26,-14,163536
2026-05-19 20:07:22,lombar,16684,368,2600,-18,-363,292,820969
2026-05-19 20:07:22,esterno,1996,15700,-3236,-60,150,-16,163558
2026-05-19 20:07:22,lombar,16668,392,2508,29,-199,260,820991
2026-05-19 20:07:22,esterno,1572,15816,-2984,-37,411,-153,163580
2026-05-19 20:07:22,lombar,16548,560,2744,-50,-100,381,821013
2026-05-19 20:07:22,esterno,1616,15980,-2852,-156,200,-155,163602
2026-05-19 20:07:22,lombar,16672,432,2708,32,-402,406,821035
2026-05-19 20:07:22,esterno,1808,15860,-3072,35,155,-97,163624
2026-05-19 20:07:22,lombar,16576,460,2800,80,-149,351,821057
2026-05-19 20:07:22,lombar,16660,328,2632,126,-196,343,821079
2026-05-19 20:07:22,esterno,1844,15708,-3144,-43,297,-35,163646
2026-05-19 20:07:22,esterno,1832,15700,-3084,-186,299,9,163668
2026-05-19 20:07:22,lombar,16680,352,2756,39,-201,393,821101
2026-05-19 20:07:22,esterno,1676,15756,-2972,-111,186,-28,163690
2026-05-19 20:07:22,lombar,16692,336,2508,126,-347,326,821123
2026-05-19 20:07:22,lombar,16588,388,2632,192,-172,308,821145
2026-05-19 20:07:22,esterno,1804,15756,-3096,-136,454,-24,163712
2026-05-19 20:07:22,lombar,16576,416,2812,193,-267,278,821167
2026-05-19 20:07:22,esterno,1604,15760,-2992,-178,405,-28,163734
2026-05-19 20:07:22,esterno,1732,15768,-2924,-203,283,77,163756
2026-05-19 20:07:22,lombar,16736,312,2824,193,-235,303,821189
2026-05-19 20:07:22,esterno,1836,15784,-2956,-160,256,52,163778
2026-05-19 20:07:22,lombar,16620,424,2688,173,-172,324,821211
2026-05-19 20:07:22,lombar,16592,444,2576,57,-332,407,821233
2026-05-19 20:07:22,esterno,1716,15788,-2784,-195,431,-44,163800
2026-05-19 20:07:22,esterno,1596,15836,-2972,-281,154,-90,163822
2026-05-19 20:07:22,lombar,16504,336,2832,140,-188,304,821255
2026-05-19 20:07:22,lombar,16656,380,2748,162,-199,387,821277
2026-05-19 20:07:22,esterno,1624,15920,-2984,-242,-26,3,163844
2026-05-19 20:07:22,esterno,1848,15796,-3256,-247,2,76,163866
2026-05-19 20:07:22,lombar,16740,364,2608,108,-323,390,821299
2026-05-19 20:07:22,esterno,1744,15724,-3308,-288,70,36,163888
2026-05-19 20:07:22,lombar,16536,424,2756,46,-229,386,821321
2026-05-19 20:07:22,esterno,1772,15776,-2976,-188,139,-75,163910
2026-05-19 20:07:22,lombar,16720,416,2560,50,-299,356,821343
2026-05-19 20:07:22,esterno,1664,15724,-2960,-133,100,-49,163932
2026-05-19 20:07:22,lombar,16704,344,2756,44,-317,374,821365
2026-05-19 20:07:22,esterno,1736,15684,-3048,-114,82,59,163954
2026-05-19 20:07:22,lombar,16644,340,2740,44,-223,314,821387
2026-05-19 20:07:22,esterno,1704,15776,-2964,-126,144,78,163976
2026-05-19 20:07:22,lombar,16620,432,2788,110,-257,341,821409
2026-05-19 20:07:22,esterno,1724,15828,-3236,-131,168,61,163998
2026-05-19 20:07:22,lombar,16724,372,2660,94,-224,278,821431
2026-05-19 20:07:22,esterno,1724,15748,-3228,-147,135,59,164020
2026-05-19 20:07:22,lombar,16672,184,2564,43,-167,313,821453
2026-05-19 20:07:22,lombar,16596,344,2612,137,-278,310,821475
2026-05-19 20:07:22,esterno,1668,15784,-2852,-145,28,43,164042
2026-05-19 20:07:22,lombar,16724,384,2692,197,-265,326,821497
2026-05-19 20:07:22,esterno,1700,15900,-2908,-141,-153,66,164064
2026-05-19 20:07:22,lombar,16720,472,2828,210,-355,322,821519
2026-05-19 20:07:22,esterno,1696,15820,-3060,123,-299,79,164086
2026-05-19 20:07:22,lombar,16692,420,2780,129,-252,323,821541
2026-05-19 20:07:22,esterno,1692,15572,-3156,104,185,-44,164108
2026-05-19 20:07:22,lombar,16712,380,2668,116,-197,342,821563
2026-05-19 20:07:22,esterno,1796,15640,-2800,-144,-331,-33,164130
2026-05-19 20:07:22,esterno,1832,15672,-2908,-79,-372,55,164152
2026-05-19 20:07:22,lombar,16524,472,2828,146,-281,300,821585
2026-05-19 20:07:22,lombar,16672,472,2660,37,-110,367,821607
2026-05-19 20:07:22,esterno,1772,15620,-3452,-178,-69,94,164174
2026-05-19 20:07:22,lombar,16792,396,2756,31,-226,324,821629
2026-05-19 20:07:22,esterno,1784,15668,-3216,-293,203,65,164196
2026-05-19 20:07:22,esterno,1896,15884,-3044,-122,147,25,164218
2026-05-19 20:07:22,lombar,16640,400,2780,146,-231,335,821651
2026-05-19 20:07:22,lombar,16692,336,2692,92,-224,352,821673
2026-05-19 20:07:22,esterno,1840,15912,-2888,-52,440,-45,164240
2026-05-19 20:07:22,esterno,1628,15936,-2940,-184,337,-50,164262
2026-05-19 20:07:22,lombar,16656,400,2800,111,-301,411,821695
2026-05-19 20:07:22,esterno,1692,15772,-3140,-6,247,-73,164284
2026-05-19 20:07:22,lombar,16648,396,2672,85,-191,314,821717
2026-05-19 20:07:22,lombar,16632,280,2608,114,-206,322,821739
2026-05-19 20:07:22,esterno,1844,15748,-3092,-40,327,-106,164306
2026-05-19 20:07:22,esterno,1844,15896,-3032,-245,313,-23,164328
2026-05-19 20:07:22,lombar,16636,420,2972,41,-313,347,821761
2026-05-19 20:07:22,lombar,16692,300,2876,20,-279,401,821783
2026-05-19 20:07:22,esterno,1792,15752,-2980,-103,154,-16,164350
2026-05-19 20:07:22,esterno,1728,15880,-3376,-15,343,-6,164372
2026-05-19 20:07:22,lombar,16748,468,2788,114,-239,322,821805
2026-05-19 20:07:22,esterno,1600,15664,-3104,-162,277,-45,164394
2026-05-19 20:07:22,lombar,16580,512,2760,57,-194,339,821827
2026-05-19 20:07:22,esterno,1596,15652,-3088,-91,197,20,164416
2026-05-19 20:07:22,lombar,16668,332,2544,172,-177,304,821849
2026-05-19 20:07:22,esterno,1784,15808,-3072,-66,1,67,164438
2026-05-19 20:07:22,lombar,16580,276,2580,192,-72,271,821871
2026-05-19 20:07:22,esterno,1724,15728,-3068,-170,196,24,164460
2026-05-19 20:07:22,lombar,16516,420,2708,140,-242,359,821893
2026-05-19 20:07:22,esterno,1708,15896,-3092,-301,181,16,164482
2026-05-19 20:07:22,lombar,16664,388,2748,97,-210,349,821915
2026-05-19 20:07:22,lombar,16740,404,2712,100,-200,281,821937
2026-05-19 20:07:22,esterno,1652,15716,-3152,-219,3,-52,164504
2026-05-19 20:07:23,esterno,1744,15904,-2996,-213,35,-2,164526
2026-05-19 20:07:23,lombar,16608,316,2644,77,-309,380,821959
2026-05-19 20:07:23,lombar,16604,380,2656,89,-290,388,821981
2026-05-19 20:07:23,esterno,1884,15768,-2892,-219,-23,81,164548
2026-05-19 20:07:23,esterno,1736,15732,-3092,-163,84,43,164570
2026-05-19 20:07:23,lombar,16672,308,2592,59,-231,373,822003
2026-05-19 20:07:23,esterno,1772,15684,-3052,-235,92,20,164592
2026-05-19 20:07:23,lombar,16616,296,2784,32,-59,342,822025
2026-05-19 20:07:23,esterno,1720,15756,-2992,-243,110,19,164614
2026-05-19 20:07:23,lombar,16692,396,2672,34,-232,271,822047
2026-05-19 20:07:23,esterno,1720,15796,-3116,-68,1,38,164636
2026-05-19 20:07:23,lombar,16776,404,2980,84,-232,342,822069
2026-05-19 20:07:23,lombar,16700,392,2752,66,-119,315,822091
2026-05-19 20:07:23,esterno,1788,15816,-3180,-96,88,55,164658
2026-05-19 20:07:23,esterno,1680,15800,-3200,-155,107,74,164680
2026-05-19 20:07:23,lombar,16712,296,2684,156,-101,328,822113
2026-05-19 20:07:23,lombar,16636,264,2876,160,-267,364,822135
2026-05-19 20:07:23,esterno,1736,15832,-3172,-170,121,20,164702
2026-05-19 20:07:23,esterno,1720,15744,-3072,-178,64,48,164724
2026-05-19 20:07:23,lombar,16588,288,2964,180,-290,336,822157
2026-05-19 20:07:23,esterno,1724,15708,-2924,-185,124,112,164746
2026-05-19 20:07:23,lombar,16592,320,2856,243,-205,297,822179
2026-05-19 20:07:23,lombar,16696,340,2788,187,-218,285,822201
2026-05-19 20:07:23,esterno,1764,15592,-3040,-177,-12,108,164768
2026-05-19 20:07:23,esterno,1868,15700,-3360,-13,230,-26,164790
2026-05-19 20:07:23,lombar,16644,420,3000,115,-211,354,822223
2026-05-19 20:07:23,lombar,16572,472,2596,84,-231,360,822245
2026-05-19 20:07:23,esterno,1620,15828,-2748,-106,172,-99,164812
2026-05-19 20:07:23,esterno,1752,15880,-2724,-151,-230,16,164834
2026-05-19 20:07:23,lombar,16652,344,2844,51,-315,272,822267
2026-05-19 20:07:23,lombar,16680,444,2804,18,-302,399,822289
2026-05-19 20:07:23,esterno,1668,15724,-3048,-191,-120,106,164856
2026-05-19 20:07:23,esterno,1664,15616,-3420,-260,256,86,164878
2026-05-19 20:07:23,lombar,16736,416,2704,124,-262,343,822311
2026-05-19 20:07:23,esterno,1856,15688,-3096,-148,141,-64,164900
2026-05-19 20:07:23,lombar,16596,496,2756,135,-235,302,822333
2026-05-19 20:07:23,lombar,16636,528,2928,35,-268,385,822355
2026-05-19 20:07:23,esterno,1920,15884,-3084,48,292,-99,164922
2026-05-19 20:07:23,esterno,1812,15940,-2728,-110,297,-57,164944
2026-05-19 20:07:23,lombar,16784,344,2600,-27,-356,403,822377
2026-05-19 20:07:23,lombar,16668,296,2884,38,-296,307,822399
2026-05-19 20:07:23,esterno,1760,15812,-2932,-118,98,64,164966
2026-05-19 20:07:23,esterno,1940,15824,-3224,-28,172,45,164988
2026-05-19 20:07:23,lombar,16632,340,2756,105,-201,305,822421
2026-05-19 20:07:23,lombar,16592,336,3000,121,-249,339,822443
2026-05-19 20:07:23,esterno,1780,15736,-3040,-194,310,8,165010
2026-05-19 20:07:23,esterno,1736,15724,-2892,-148,190,66,165032
2026-05-19 20:07:23,lombar,16656,408,2940,83,-360,346,822465
2026-05-19 20:07:23,esterno,1672,15764,-3240,-67,136,45,165054
2026-05-19 20:07:23,lombar,16632,296,2764,115,-303,280,822487
2026-05-19 20:07:23,esterno,1684,15704,-2868,-242,352,71,165076
2026-05-19 20:07:23,lombar,16580,348,2728,132,-241,303,822509
2026-05-19 20:07:23,esterno,1772,15812,-3332,-256,363,61,165098
2026-05-19 20:07:23,lombar,16628,328,2744,146,-314,338,822531
2026-05-19 20:07:23,esterno,1928,15784,-2964,-207,251,-8,165120
2026-05-19 20:07:23,lombar,16752,300,2796,186,-204,265,822553
2026-05-19 20:07:23,esterno,1828,15788,-3092,-203,271,3,165142
2026-05-19 20:07:23,lombar,16580,332,2908,133,-183,315,822575
2026-05-19 20:07:23,lombar,16648,444,2892,91,-257,339,822597
2026-05-19 20:07:23,esterno,1808,15816,-3012,-247,360,-20,165164
2026-05-19 20:07:23,lombar,16624,468,2860,123,-213,316,822619
2026-05-19 20:07:23,esterno,1708,15776,-2908,-255,98,-29,165186
2026-05-19 20:07:23,esterno,1824,15808,-2844,-239,80,-8,165208
2026-05-19 20:07:23,lombar,16568,416,2816,135,-169,308,822641
2026-05-19 20:07:23,esterno,1888,15744,-3020,-334,118,16,165230
2026-05-19 20:07:23,lombar,16624,452,2972,168,-356,383,822663
2026-05-19 20:07:23,esterno,1772,15800,-3092,-285,89,24,165252
2026-05-19 20:07:23,lombar,16672,596,2748,103,-210,378,822685
2026-05-19 20:07:23,lombar,16628,488,2900,58,-296,305,822707
2026-05-19 20:07:23,esterno,1844,15796,-2896,-177,106,31,165274
2026-05-19 20:07:23,lombar,16628,416,2852,-8,-316,358,822729
2026-05-19 20:07:23,esterno,1792,15836,-2860,-143,122,8,165296
2026-05-19 20:07:23,lombar,16588,428,2760,-37,-253,280,822751
2026-05-19 20:07:23,esterno,1816,15708,-3004,-97,109,-10,165318
2026-05-19 20:07:23,esterno,1872,15712,-2808,-95,117,58,165340
2026-05-19 20:07:23,lombar,16592,560,2776,33,-224,317,822773
2026-05-19 20:07:23,esterno,1876,15864,-2916,-116,96,65,165362
2026-05-19 20:07:23,lombar,16680,380,2944,61,-376,326,822795
2026-05-19 20:07:23,esterno,1772,15656,-3128,-28,119,52,165384
2026-05-19 20:07:23,lombar,16664,428,2696,75,-343,371,822817
2026-05-19 20:07:23,esterno,1804,15692,-3116,-49,148,10,165406
2026-05-19 20:07:23,lombar,16708,304,2920,0,-263,291,822839
2026-05-19 20:07:23,esterno,1864,15744,-3120,-167,141,-71,165428
2026-05-19 20:07:23,lombar,16680,340,2780,87,-296,333,822861
2026-05-19 20:07:23,esterno,1748,15840,-2812,-172,157,17,165450
2026-05-19 20:07:23,lombar,16604,456,3060,86,-241,315,822883
2026-05-19 20:07:23,lombar,16700,452,2924,59,-343,368,822905
2026-05-19 20:07:23,esterno,1720,15816,-2988,-102,-17,70,165472
2026-05-19 20:07:23,esterno,1620,15744,-3152,187,3,-39,165494
2026-05-19 20:07:23,lombar,16760,392,2960,37,-383,283,822927
2026-05-19 20:07:23,esterno,1668,15744,-2960,23,206,-174,165516
2026-05-19 20:07:23,lombar,16684,452,2724,-11,-304,325,822949
2026-05-19 20:07:24,lombar,16592,176,2680,78,-378,223,822971
2026-05-19 20:07:24,esterno,1852,15692,-2872,-72,-237,-63,165538
2026-05-19 20:07:24,esterno,1792,15776,-2944,82,-136,-65,165560
2026-05-19 20:07:24,lombar,16736,344,2680,-42,-323,310,822993
2026-05-19 20:07:24,esterno,1632,15532,-3104,196,194,-175,165582
2026-05-19 20:07:24,lombar,16704,508,3012,-52,-396,371,823015
2026-05-19 20:07:24,esterno,1644,15644,-2968,274,135,-292,165604
2026-05-19 20:07:24,lombar,16624,476,2744,-52,-292,328,823037
2026-05-19 20:07:24,lombar,16652,336,2700,51,-338,314,823059
2026-05-19 20:07:24,esterno,1936,15848,-3236,251,254,-251,165626
2026-05-19 20:07:24,esterno,1872,15856,-3068,6,478,-183,165648
2026-05-19 20:07:24,lombar,16600,332,2828,4,-305,354,823081
2026-05-19 20:07:24,esterno,1680,15816,-3012,32,384,-79,165670
2026-05-19 20:07:24,lombar,16748,428,2668,154,-472,410,823103
2026-05-19 20:07:24,esterno,1760,15888,-3188,179,388,-161,165692
2026-05-19 20:07:24,lombar,16616,388,2924,170,-363,391,823125
2026-05-19 20:07:24,esterno,1812,15796,-3060,25,451,-132,165714
2026-05-19 20:07:24,lombar,16696,416,2948,23,-392,313,823147
2026-05-19 20:07:24,esterno,1724,15656,-3104,-94,487,-47,165736
2026-05-19 20:07:24,lombar,16608,236,2600,51,-420,360,823169
2026-05-19 20:07:24,esterno,1696,15748,-2988,-5,424,-1,165758
2026-05-19 20:07:24,lombar,16748,324,2660,124,-283,348,823191
2026-05-19 20:07:24,lombar,16644,420,2688,131,-353,372,823213
2026-05-19 20:07:24,esterno,1756,15788,-3252,-101,599,-52,165780
2026-05-19 20:07:24,esterno,1612,15724,-3140,18,527,-141,165802
2026-05-19 20:07:24,lombar,16596,420,2624,185,-298,358,823235
2026-05-19 20:07:24,esterno,1764,15676,-3160,109,382,-132,165824
2026-05-19 20:07:24,lombar,16704,424,2932,136,-239,457,823257
2026-05-19 20:07:24,esterno,1780,15780,-3160,52,431,-60,165846
2026-05-19 20:07:24,lombar,16700,412,2804,105,-263,382,823279
2026-05-19 20:07:24,esterno,1612,15768,-3012,-21,541,-107,165868
2026-05-19 20:07:24,lombar,16716,356,2668,-5,-372,366,823301
2026-05-19 20:07:24,esterno,1488,15840,-3088,-9,259,-104,165890
2026-05-19 20:07:24,lombar,16660,296,2708,56,-276,402,823323
2026-05-19 20:07:24,esterno,1556,15780,-3112,-5,5,-95,165912
2026-05-19 20:07:24,lombar,16644,296,2648,112,-213,322,823345
2026-05-19 20:07:24,lombar,16724,492,2792,109,-388,457,823367
2026-05-19 20:07:24,esterno,1696,15868,-3040,-75,97,9,165934
2026-05-19 20:07:24,esterno,1880,15728,-3124,-52,147,19,165956
2026-05-19 20:07:24,lombar,16596,296,2676,133,-396,392,823389
2026-05-19 20:07:24,lombar,16732,340,2640,68,-342,360,823411
2026-05-19 20:07:24,esterno,1688,15576,-3372,104,215,-50,165978
2026-05-19 20:07:24,esterno,1700,15816,-3232,85,268,-118,166000
2026-05-19 20:07:24,lombar,16708,376,2716,93,-276,347,823433
2026-05-19 20:07:24,esterno,1604,15792,-3196,20,260,-71,166022
2026-05-19 20:07:24,lombar,16624,428,2768,73,-276,379,823455
2026-05-19 20:07:24,esterno,1676,15856,-3096,94,220,-41,166044
2026-05-19 20:07:24,lombar,16620,404,2764,84,-423,413,823477
2026-05-19 20:07:24,esterno,1736,15756,-3172,158,175,39,166066
2026-05-19 20:07:24,lombar,16640,360,2796,93,-294,375,823499
2026-05-19 20:07:24,lombar,16564,220,2668,94,-211,279,823521
2026-05-19 20:07:24,esterno,1644,15656,-3372,145,177,25,166088
2026-05-19 20:07:24,esterno,1588,15584,-3436,39,179,-33,166110
2026-05-19 20:07:24,lombar,16768,344,2912,154,-331,347,823543
2026-05-19 20:07:24,esterno,1628,15700,-3336,16,174,-22,166132
2026-05-19 20:07:24,lombar,16776,360,2832,181,-348,384,823565
2026-05-19 20:07:24,esterno,1676,15764,-3184,139,211,-23,166154
2026-05-19 20:07:24,lombar,16616,404,2732,84,-374,340,823587
2026-05-19 20:07:24,esterno,1676,15804,-3332,213,182,16,166176
2026-05-19 20:07:24,lombar,16556,280,2644,96,-392,328,823609
2026-05-19 20:07:24,esterno,1608,15688,-3652,379,208,-30,166198
2026-05-19 20:07:24,lombar,16632,336,2724,70,-338,324,823631
2026-05-19 20:07:24,esterno,1708,15560,-3476,264,381,-142,166220
2026-05-19 20:07:24,lombar,16716,412,2740,60,-352,408,823653
2026-05-19 20:07:24,esterno,1776,15812,-2776,109,-41,-9,166242
2026-05-19 20:07:24,lombar,16636,376,2872,148,-321,384,823675
2026-05-19 20:07:24,lombar,16572,272,2924,97,-320,292,823697
2026-05-19 20:07:24,esterno,1732,15700,-3444,253,-51,119,166264
2026-05-19 20:07:24,esterno,1504,15628,-3632,241,435,-53,166286
2026-05-19 20:07:24,lombar,16784,456,2504,64,-239,374,823719
2026-05-19 20:07:24,esterno,1612,15636,-3632,239,388,-150,166308
2026-05-19 20:07:24,lombar,16680,424,2608,101,-433,387,823741
2026-05-19 20:07:24,esterno,1660,15852,-3304,403,432,-123,166330
2026-05-19 20:07:24,lombar,16808,300,2740,38,-225,363,823763
2026-05-19 20:07:24,esterno,1744,15896,-3148,236,397,-72,166352
2026-05-19 20:07:24,lombar,16576,256,2420,100,-243,378,823785
2026-05-19 20:07:24,esterno,1700,15884,-3364,150,332,14,166374
2026-05-19 20:07:24,lombar,16512,300,2604,147,-370,343,823807
2026-05-19 20:07:24,esterno,1644,15696,-3652,259,286,-21,166396
2026-05-19 20:07:24,lombar,16732,308,2840,114,-325,375,823829
2026-05-19 20:07:24,lombar,16888,348,2620,98,-186,329,823851
2026-05-19 20:07:24,esterno,1760,15600,-3608,105,333,-116,166418
2026-05-19 20:07:24,esterno,1660,15724,-3648,128,414,-102,166440
2026-05-19 20:07:24,lombar,16580,300,2700,113,-279,321,823873
2026-05-19 20:07:24,esterno,1652,15912,-3336,209,331,-57,166462
2026-05-19 20:07:24,lombar,16688,332,2712,164,-277,328,823895
2026-05-19 20:07:24,lombar,16696,400,2540,126,-190,314,823917
2026-05-19 20:07:24,esterno,1568,15716,-3500,94,147,-19,166484
2026-05-19 20:07:24,esterno,1652,15540,-3752,57,315,-15,166506
2026-05-19 20:07:24,lombar,16604,344,2460,184,-159,335,823939
2026-05-19 20:07:25,esterno,1656,15604,-3848,-6,264,49,166528
2026-05-19 20:07:25,lombar,16720,356,2704,121,-294,298,823961
2026-05-19 20:07:25,esterno,1848,15764,-3596,70,353,65,166550
2026-05-19 20:07:25,lombar,16584,348,2640,39,-355,316,823983
2026-05-19 20:07:25,esterno,1700,15776,-3364,61,269,98,166572
2026-05-19 20:07:25,lombar,16584,408,2716,-4,-386,410,824005
2026-05-19 20:07:25,esterno,1556,15764,-3800,76,228,127,166594
2026-05-19 20:07:25,lombar,16612,392,2520,83,-350,274,824027
2026-05-19 20:07:25,esterno,1504,15816,-3564,-211,268,163,166616
2026-05-19 20:07:25,lombar,16592,368,2624,61,-402,362,824049
2026-05-19 20:07:25,esterno,1696,15840,-4016,-383,354,296,166638
2026-05-19 20:07:25,lombar,16724,316,2688,127,-475,326,824071
2026-05-19 20:07:25,esterno,1856,15596,-3764,-534,537,296,166660
2026-05-19 20:07:25,lombar,16632,384,2880,100,-470,389,824093
2026-05-19 20:07:25,esterno,1916,15440,-3648,-314,407,184,166682
2026-05-19 20:07:25,lombar,16896,588,2608,50,-235,430,824115
2026-05-19 20:07:25,lombar,16668,396,2732,102,-272,371,824137
2026-05-19 20:07:25,esterno,1984,15644,-3408,-50,285,18,166704
2026-05-19 20:07:25,esterno,1840,15796,-3568,25,155,3,166726
2026-05-19 20:07:25,lombar,16672,360,2664,125,-217,396,824159
2026-05-19 20:07:25,lombar,16448,340,2868,70,-373,360,824181
2026-05-19 20:07:25,esterno,1460,15700,-3468,-99,120,84,166748
2026-05-19 20:07:25,esterno,1164,15552,-3620,-32,-170,196,166770
2026-05-19 20:07:25,lombar,16512,444,2900,15,-343,334,824203
2026-05-19 20:07:25,esterno,1116,15404,-3220,-55,-519,84,166792
2026-05-19 20:07:25,lombar,16608,388,2468,-59,-162,328,824225
2026-05-19 20:07:25,lombar,16792,240,2484,-118,-199,399,824247
2026-05-19 20:07:25,esterno,1300,15720,-3248,102,-816,-47,166814
2026-05-19 20:07:25,esterno,1840,15984,-3816,-7,-461,7,166836
2026-05-19 20:07:25,lombar,16904,-16,2632,-212,-275,294,824269
2026-05-19 20:07:25,esterno,2232,16008,-3132,-386,-440,57,166858
2026-05-19 20:07:25,lombar,16708,244,2476,-17,-266,274,824291
2026-05-19 20:07:25,esterno,2292,15684,-3728,-422,-521,143,166880
2026-05-19 20:07:25,lombar,16488,208,2520,26,-292,306,824313
2026-05-19 20:07:25,esterno,2076,15496,-3880,88,213,84,166902
2026-05-19 20:07:25,lombar,16600,308,2700,79,-266,251,824335
2026-05-19 20:07:25,esterno,1692,15516,-3792,-200,435,-2,166924
2026-05-19 20:07:25,lombar,16712,300,2212,106,-50,242,824357
2026-05-19 20:07:25,esterno,1792,15692,-3816,-393,563,125,166946
2026-05-19 20:07:25,lombar,16780,468,2768,93,-188,239,824379
2026-05-19 20:07:25,esterno,2100,15940,-3584,-289,801,244,166968
2026-05-19 20:07:25,lombar,16712,596,2656,72,-278,266,824401
2026-05-19 20:07:25,lombar,16532,496,2612,113,-218,244,824423
2026-05-19 20:07:25,esterno,1952,15864,-3512,-315,749,277,166990
2026-05-19 20:07:25,lombar,16584,408,2784,180,-314,192,824445
2026-05-19 20:07:25,esterno,1588,15688,-3360,-103,577,323,167012
2026-05-19 20:07:25,esterno,1212,15380,-3172,66,302,293,167034
2026-05-19 20:07:25,lombar,16668,420,2632,218,-172,250,824467
2026-05-19 20:07:25,esterno,988,15304,-3448,10,-236,148,167056
2026-05-19 20:07:25,lombar,16764,676,2720,70,15,380,824489
2026-05-19 20:07:25,lombar,16844,528,2728,-202,110,368,824511
2026-05-19 20:07:25,esterno,1228,15656,-3408,-77,-611,154,167078
