timestamp,node,ax,ay,az,gx,gy,gz,t_ms
2026-05-19 20:07:37,lombar,16772,396,1460,6,-253,367,836611
2026-05-19 20:07:37,esterno,1860,15836,-2572,-85,-189,59,179178
2026-05-19 20:07:37,lombar,16856,468,1520,-28,-96,352,836633
2026-05-19 20:07:37,esterno,1664,15576,-2576,-40,-62,-57,179200
2026-05-19 20:07:37,esterno,1868,15644,-2184,-18,12,-61,179222
2026-05-19 20:07:37,lombar,16864,364,1220,33,-256,375,836655
2026-05-19 20:07:37,esterno,1988,15988,-2208,-73,299,-6,179244
2026-05-19 20:07:37,lombar,16724,240,1408,27,-421,329,836677
2026-05-19 20:07:37,esterno,1628,16108,-2428,-183,413,-94,179266
2026-05-19 20:07:37,lombar,16728,268,1268,-46,-244,298,836699
2026-05-19 20:07:37,esterno,1628,15964,-2356,-52,51,-121,179288
2026-05-19 20:07:37,lombar,16884,356,1392,56,-298,371,836721
2026-05-19 20:07:37,esterno,1612,15816,-2308,101,90,-103,179310
2026-05-19 20:07:37,lombar,16872,272,1456,106,-300,381,836743
2026-05-19 20:07:37,esterno,1796,15640,-2312,-226,304,-134,179332
2026-05-19 20:07:37,lombar,16672,180,1340,48,-166,375,836765
2026-05-19 20:07:37,esterno,1860,15648,-2240,-383,166,-61,179354
2026-05-19 20:07:37,lombar,16712,264,1360,3,-318,287,836787
2026-05-19 20:07:37,esterno,1924,16004,-2152,-142,238,-78,179376
2026-05-19 20:07:37,lombar,16712,332,1316,10,-132,290,836809
2026-05-19 20:07:37,lombar,16736,264,1408,65,-95,211,836831
2026-05-19 20:07:37,esterno,1852,16064,-1964,-200,448,-64,179398
2026-05-19 20:07:37,esterno,1832,15840,-2420,-319,317,29,179420
2026-05-19 20:07:37,lombar,16948,312,1332,119,-372,259,836853
2026-05-19 20:07:37,esterno,1908,15748,-2444,-212,198,87,179442
2026-05-19 20:07:37,lombar,16704,388,1520,167,-285,332,836875
2026-05-19 20:07:37,lombar,16720,388,1368,112,-230,311,836897
2026-05-19 20:07:37,esterno,1936,15756,-2208,-242,512,90,179464
2026-05-19 20:07:37,esterno,1720,15716,-2248,-339,476,38,179486
2026-05-19 20:07:37,lombar,16740,436,1360,152,-301,283,836919
2026-05-19 20:07:37,esterno,1628,15916,-2436,-297,333,-32,179508
2026-05-19 20:07:37,lombar,16808,280,1328,172,-303,275,836941
2026-05-19 20:07:38,esterno,1712,16104,-2464,-300,285,137,179530
2026-05-19 20:07:38,lombar,16640,292,2080,145,-456,276,836963
2026-05-19 20:07:38,esterno,1728,15876,-2360,-394,174,194,179552
2026-05-19 20:07:38,lombar,16976,404,1588,224,-398,351,836985
2026-05-19 20:07:38,lombar,16964,320,1216,136,19,273,837007
2026-05-19 20:07:38,esterno,1856,15748,-1960,-180,72,125,179574
2026-05-19 20:07:38,esterno,1968,15776,-1852,42,141,45,179596
2026-05-19 20:07:38,lombar,16604,308,888,87,-382,191,837029
2026-05-19 20:07:38,esterno,1872,15816,-1916,77,66,-18,179618
2026-05-19 20:07:38,lombar,16752,348,1080,100,-148,213,837051
2026-05-19 20:07:38,esterno,1920,15868,-2144,-90,88,-57,179640
2026-05-19 20:07:38,lombar,16808,436,1428,23,17,277,837073
2026-05-19 20:07:38,esterno,1752,15776,-1984,-74,63,-100,179662
2026-05-19 20:07:38,lombar,16780,340,992,28,-128,291,837095
2026-05-19 20:07:38,esterno,1908,15904,-1620,62,-45,-167,179684
2026-05-19 20:07:38,lombar,16652,312,1308,38,-162,353,837117
2026-05-19 20:07:38,lombar,16664,328,1264,119,-123,238,837139
2026-05-19 20:07:38,esterno,1904,15940,-2188,84,38,-166,179706
2026-05-19 20:07:38,esterno,1664,16004,-2304,-11,341,-119,179728
2026-05-19 20:07:38,lombar,16964,420,1252,54,-16,346,837161
2026-05-19 20:07:38,lombar,17132,504,1264,-6,119,342,837183
2026-05-19 20:07:38,esterno,1868,15848,-2420,-194,-198,-81,179750
2026-05-19 20:07:38,esterno,1936,15880,-1956,-90,-88,-40,179772
2026-05-19 20:07:38,lombar,16716,304,1580,73,110,358,837205
2026-05-19 20:07:38,lombar,16704,308,1416,104,77,291,837227
2026-05-19 20:07:38,esterno,1784,16080,-2344,0,-66,69,179794
2026-05-19 20:07:38,esterno,1624,15880,-2548,-135,132,-3,179816
2026-05-19 20:07:38,lombar,16776,600,1676,131,200,333,837249
2026-05-19 20:07:38,esterno,1992,15824,-2608,-77,167,28,179838
2026-05-19 20:07:38,lombar,16900,392,1400,103,189,303,837271
2026-05-19 20:07:38,lombar,16792,380,1148,-26,71,332,837293
2026-05-19 20:07:38,esterno,1748,15772,-2092,31,50,26,179860
2026-05-19 20:07:38,esterno,1596,15716,-1884,216,-43,-54,179882
2026-05-19 20:07:38,lombar,16664,240,1816,-52,19,390,837315
2026-05-19 20:07:38,esterno,1720,15664,-2044,346,-82,53,179904
2026-05-19 20:07:38,lombar,16564,424,1624,14,197,323,837337
2026-05-19 20:07:38,esterno,1984,15692,-2788,104,133,265,179926
2026-05-19 20:07:38,lombar,16592,340,1664,145,217,240,837359
2026-05-19 20:07:38,esterno,1760,15788,-2868,-187,256,174,179948
2026-05-19 20:07:38,lombar,16744,116,1832,116,-149,179,837381
2026-05-19 20:07:38,esterno,1444,15884,-2280,20,238,-18,179970
2026-05-19 20:07:38,lombar,16952,592,1788,104,-225,340,837403
2026-05-19 20:07:38,esterno,1700,15880,-2060,309,173,-146,179992
2026-05-19 20:07:38,lombar,16856,588,1640,165,293,406,837425
2026-05-19 20:07:38,lombar,16552,364,1716,115,242,371,837447
2026-05-19 20:07:38,esterno,1952,15704,-2148,334,250,-183,180014
2026-05-19 20:07:38,esterno,2056,15844,-2380,128,325,-148,180036
2026-05-19 20:07:38,lombar,16620,340,1520,147,248,356,837469
2026-05-19 20:07:38,esterno,2020,15880,-2588,-188,440,-32,180058
2026-05-19 20:07:38,lombar,16952,476,1308,95,258,272,837491
2026-05-19 20:07:38,esterno,1604,15812,-2064,-67,233,-104,180080
2026-05-19 20:07:38,lombar,16800,356,2116,-35,320,278,837513
2026-05-19 20:07:38,esterno,1460,15932,-2092,274,60,-212,180102
2026-05-19 20:07:38,lombar,16768,484,1528,29,66,330,837535
2026-05-19 20:07:38,esterno,1788,16192,-2236,263,120,-20,180124
2026-05-19 20:07:38,lombar,16556,336,1844,-1,116,363,837557
2026-05-19 20:07:38,esterno,1908,15940,-2696,-51,157,94,180146
2026-05-19 20:07:38,lombar,16736,316,1596,54,312,238,837579
2026-05-19 20:07:38,esterno,1972,15820,-2472,-182,314,-21,180168
2026-05-19 20:07:38,lombar,16852,376,1388,54,32,317,837601
2026-05-19 20:07:38,esterno,2060,15772,-2384,36,375,-89,180190
2026-05-19 20:07:38,lombar,16688,352,2052,173,205,391,837623
2026-05-19 20:07:38,esterno,1928,15740,-2204,197,342,-155,180212
2026-05-19 20:07:38,lombar,16696,452,2104,68,280,335,837645
2026-05-19 20:07:38,esterno,1760,15956,-2308,217,296,-124,180234
2026-05-19 20:07:38,lombar,16520,304,1716,86,268,286,837667
2026-05-19 20:07:38,esterno,1612,15928,-2428,90,215,-31,180256
2026-05-19 20:07:38,lombar,16680,596,1928,81,310,302,837689
2026-05-19 20:07:38,esterno,1600,15752,-2932,-31,252,2,180278
2026-05-19 20:07:38,lombar,16852,700,2164,-6,243,382,837711
2026-05-19 20:07:38,esterno,1864,15656,-2872,-28,307,-95,180300
2026-05-19 20:07:38,lombar,16456,584,2720,-11,119,400,837733
2026-05-19 20:07:38,lombar,16668,296,2032,84,204,447,837755
2026-05-19 20:07:38,esterno,1976,15892,-2316,14,255,-84,180322
2026-05-19 20:07:38,esterno,1784,15912,-2924,193,202,-91,180344
2026-05-19 20:07:38,lombar,16636,336,2024,158,-49,311,837777
2026-05-19 20:07:38,esterno,1644,15768,-2472,264,302,-241,180366
2026-05-19 20:07:38,lombar,16764,492,2216,72,206,406,837799
2026-05-19 20:07:38,esterno,1740,15840,-2616,115,-236,-233,180388
2026-05-19 20:07:38,lombar,16584,328,2192,-39,297,409,837821
2026-05-19 20:07:38,esterno,1644,15768,-2268,189,-318,-104,180410
2026-05-19 20:07:38,lombar,16624,232,2008,49,50,300,837843
2026-05-19 20:07:38,esterno,1572,15792,-2864,233,-96,58,180432
2026-05-19 20:07:38,lombar,16668,344,2248,53,85,386,837865
2026-05-19 20:07:38,esterno,1716,15752,-3076,121,90,83,180454
2026-05-19 20:07:38,lombar,16756,472,2260,107,-169,445,837887
2026-05-19 20:07:38,lombar,16652,324,2384,53,-126,406,837909
2026-05-19 20:07:38,esterno,2024,15736,-2860,62,246,-63,180476
2026-05-19 20:07:38,esterno,1688,15872,-2808,80,194,-208,180498
2026-05-19 20:07:38,lombar,16208,376,2756,-110,-377,377,837931
2026-05-19 20:07:38,esterno,1152,15848,-2572,289,-124,-201,180520
2026-05-19 20:07:38,lombar,16844,312,2496,59,-336,493,837953
2026-05-19 20:07:39,esterno,1596,15956,-2840,358,-48,-79,180542
2026-05-19 20:07:39,lombar,16768,344,2052,54,114,381,837975
2026-05-19 20:07:39,esterno,1748,15984,-2544,-6,107,-55,180564
2026-05-19 20:07:39,lombar,16608,192,2216,72,-141,370,837997
2026-05-19 20:07:39,esterno,1676,15900,-2612,-50,82,-135,180586
2026-05-19 20:07:39,lombar,16560,284,2164,98,-275,401,838019
2026-05-19 20:07:39,esterno,1664,15800,-2620,101,-54,-158,180608
2026-05-19 20:07:39,lombar,16692,436,2064,7,-146,491,838041
2026-05-19 20:07:39,lombar,16652,308,2032,127,-143,405,838063
2026-05-19 20:07:39,esterno,1656,15892,-3148,-30,296,-156,180630
2026-05-19 20:07:39,esterno,1556,15796,-2824,-263,374,-246,180652
2026-05-19 20:07:39,lombar,16656,144,2344,98,-219,369,838085
2026-05-19 20:07:39,esterno,1692,15976,-2744,-305,273,-201,180674
2026-05-19 20:07:39,lombar,16664,204,2112,132,-308,404,838107
2026-05-19 20:07:39,esterno,1836,15996,-2732,-313,400,-116,180696
2026-05-19 20:07:39,lombar,16816,388,2112,176,-151,402,838129
2026-05-19 20:07:39,esterno,1544,15884,-2600,-338,515,-231,180718
2026-05-19 20:07:39,lombar,16600,416,2264,124,-289,400,838151
2026-05-19 20:07:39,esterno,1452,15768,-2392,-246,192,-164,180740
2026-05-19 20:07:39,lombar,16496,432,2456,113,-351,434,838173
2026-05-19 20:07:39,esterno,1440,15892,-2352,-128,-115,-65,180762
2026-05-19 20:07:39,lombar,16584,220,2200,47,-370,376,838195
2026-05-19 20:07:39,esterno,1576,15772,-2444,-264,-144,-40,180784
2026-05-19 20:07:39,lombar,16520,312,2268,14,-340,344,838217
2026-05-19 20:07:39,esterno,1628,15740,-3024,-371,75,13,180806
2026-05-19 20:07:39,lombar,16756,444,2200,49,-366,409,838239
2026-05-19 20:07:39,esterno,1728,15732,-3124,-449,301,21,180828
2026-05-19 20:07:39,lombar,16792,192,2368,131,-350,368,838261
2026-05-19 20:07:39,esterno,1612,15972,-2812,-402,232,-66,180850
2026-05-19 20:07:39,lombar,16748,368,2364,151,-287,398,838283
2026-05-19 20:07:39,esterno,1564,16000,-2600,-185,204,-167,180872
2026-05-19 20:07:39,lombar,16792,316,2020,150,-380,413,838305
2026-05-19 20:07:39,lombar,16560,360,2200,39,-431,462,838327
2026-05-19 20:07:39,esterno,1600,16008,-2336,-76,144,-164,180894
2026-05-19 20:07:39,esterno,1480,15844,-2632,-201,-40,-69,180916
2026-05-19 20:07:39,lombar,16592,204,2144,18,-335,386,838349
2026-05-19 20:07:39,lombar,16648,360,2348,-23,-463,296,838371
2026-05-19 20:07:39,esterno,1376,15708,-2844,-257,23,114,180938
2026-05-19 20:07:39,esterno,1452,15636,-2592,-269,24,141,180960
2026-05-19 20:07:39,lombar,16788,304,2352,-26,-349,379,838393
2026-05-19 20:07:39,esterno,1744,15732,-2628,-303,-2,3,180982
2026-05-19 20:07:39,lombar,16700,356,2196,19,-391,360,838415
2026-05-19 20:07:39,esterno,1804,15884,-2724,-34,-4,-108,181004
2026-05-19 20:07:39,lombar,16628,128,2348,56,-388,313,838437
2026-05-19 20:07:39,esterno,1564,15880,-2496,68,154,-143,181026
2026-05-19 20:07:39,lombar,16872,220,2268,99,-502,375,838459
2026-05-19 20:07:39,esterno,1496,15820,-2556,-27,-331,-75,181048
2026-05-19 20:07:39,lombar,16700,312,2132,29,-408,382,838481
2026-05-19 20:07:39,esterno,1640,15796,-2496,-78,-164,-50,181070
2026-05-19 20:07:39,lombar,16648,108,2112,81,-450,356,838503
2026-05-19 20:07:39,lombar,16700,360,1976,142,-330,410,838525
2026-05-19 20:07:39,esterno,1524,15704,-2808,-215,309,47,181092
2026-05-19 20:07:39,lombar,16768,392,2084,118,-552,346,838547
2026-05-19 20:07:39,esterno,1464,15696,-2880,-210,254,57,181114
2026-05-19 20:07:39,lombar,16748,312,2004,49,-409,408,838569
2026-05-19 20:07:39,esterno,1592,15896,-2756,105,319,6,181136
2026-05-19 20:07:39,esterno,1604,16000,-2452,77,514,-122,181158
2026-05-19 20:07:39,lombar,16628,272,2228,45,-465,402,838591
2026-05-19 20:07:39,esterno,1568,15916,-2492,-24,355,-84,181180
2026-05-19 20:07:39,lombar,16704,368,2160,96,-486,329,838613
2026-05-19 20:07:39,esterno,1640,15900,-2628,135,312,19,181202
2026-05-19 20:07:39,lombar,16564,172,1924,113,-322,265,838635
2026-05-19 20:07:39,esterno,1568,15920,-2784,44,340,27,181224
2026-05-19 20:07:39,lombar,16696,256,2136,159,-562,387,838657
2026-05-19 20:07:39,lombar,16780,356,1900,92,-537,401,838679
2026-05-19 20:07:39,esterno,1544,15732,-2728,-114,417,-8,181246
2026-05-19 20:07:39,esterno,1560,15776,-2456,-42,288,-55,181268
2026-05-19 20:07:39,lombar,16740,284,2092,58,-562,413,838701
2026-05-19 20:07:39,esterno,1556,15832,-2732,11,378,-96,181290
2026-05-19 20:07:39,lombar,16732,264,2008,127,-435,358,838723
2026-05-19 20:07:39,esterno,1500,15840,-2836,-51,409,-174,181312
2026-05-19 20:07:39,lombar,16752,276,2116,88,-429,404,838745
2026-05-19 20:07:39,esterno,1660,15668,-2792,-21,372,-98,181334
2026-05-19 20:07:39,lombar,16816,144,2120,134,-443,331,838767
2026-05-19 20:07:39,esterno,1660,15824,-2500,11,470,-20,181356
2026-05-19 20:07:39,lombar,16764,284,2060,143,-430,312,838789
2026-05-19 20:07:39,esterno,1384,15880,-2320,39,391,-143,181378
2026-05-19 20:07:39,lombar,16700,344,2068,-1,-527,429,838811
2026-05-19 20:07:39,lombar,16764,352,2056,-5,-624,349,838833
2026-05-19 20:07:39,esterno,1180,15972,-2340,122,134,-112,181400
2026-05-19 20:07:39,esterno,1344,15992,-2716,120,-103,-18,181422
2026-05-19 20:07:39,lombar,16644,296,1776,-21,-387,306,838855
2026-05-19 20:07:39,lombar,16596,116,2036,21,-516,289,838877
2026-05-19 20:07:39,esterno,1632,16032,-3024,-92,-52,124,181444
2026-05-19 20:07:39,esterno,1696,15928,-2836,-271,12,60,181466
2026-05-19 20:07:39,lombar,16768,272,2200,37,-621,390,838899
2026-05-19 20:07:39,esterno,1596,15824,-3268,-304,105,-58,181488
2026-05-19 20:07:39,lombar,16704,432,2228,3,-741,424,838921
2026-05-19 20:07:39,esterno,1724,15764,-3000,-217,111,-132,181510
2026-05-19 20:07:39,lombar,16644,388,2108,-30,-755,392,838943
2026-05-19 20:07:40,esterno,1560,15952,-2712,-232,72,-48,181532
2026-05-19 20:07:40,lombar,16548,168,2012,32,-773,324,838965
2026-05-19 20:07:40,lombar,16504,108,2076,67,-861,333,838987
2026-05-19 20:07:40,esterno,1512,15816,-2768,-281,-14,116,181554
2026-05-19 20:07:40,esterno,1484,15740,-3124,-296,36,126,181576
2026-05-19 20:07:40,lombar,16588,216,2088,70,-922,414,839009
2026-05-19 20:07:40,esterno,1404,15604,-3124,-400,150,55,181598
2026-05-19 20:07:40,lombar,16728,316,1972,162,-789,335,839031
2026-05-19 20:07:40,esterno,1320,15608,-3032,-282,254,67,181620
2026-05-19 20:07:40,lombar,16772,332,1760,84,-738,411,839053
2026-05-19 20:07:40,esterno,1672,15916,-2776,130,294,43,181642
2026-05-19 20:07:40,lombar,16788,204,1852,86,-928,402,839075
2026-05-19 20:07:40,esterno,1752,16112,-2516,259,368,41,181664
2026-05-19 20:07:40,lombar,16768,80,1676,155,-977,317,839097
2026-05-19 20:07:40,esterno,1600,16056,-2564,224,386,17,181686
2026-05-19 20:07:40,lombar,16736,100,1732,234,-947,307,839119
2026-05-19 20:07:40,lombar,16776,112,1480,183,-705,372,839141
2026-05-19 20:07:40,esterno,1452,15736,-2884,146,497,-51,181708
2026-05-19 20:07:40,esterno,1428,15628,-2224,-12,27,-1,181730
2026-05-19 20:07:40,lombar,16636,316,1412,252,-782,313,839163
2026-05-19 20:07:40,lombar,16644,272,1504,222,-1061,323,839185
2026-05-19 20:07:40,esterno,1548,15836,-2552,-129,-65,205,181752
2026-05-19 20:07:40,esterno,1648,15768,-3088,-207,437,80,181774
2026-05-19 20:07:40,lombar,16740,260,1576,170,-1071,372,839207
2026-05-19 20:07:40,esterno,1556,15628,-3084,-369,503,-80,181796
2026-05-19 20:07:40,lombar,16828,364,1420,203,-1002,363,839229
2026-05-19 20:07:40,esterno,1628,15708,-2364,-192,496,-70,181818
2026-05-19 20:07:40,lombar,16884,260,1448,208,-982,370,839251
2026-05-19 20:07:40,esterno,1472,15884,-2364,-185,357,-33,181840
2026-05-19 20:07:40,lombar,16716,232,1544,95,-1007,344,839273
2026-05-19 20:07:40,lombar,16732,204,1428,115,-1081,258,839295
2026-05-19 20:07:40,esterno,1424,15920,-2824,-577,342,65,181862
2026-05-19 20:07:40,esterno,1624,15604,-2976,-669,282,90,181884
2026-05-19 20:07:40,lombar,16844,164,1260,97,-1091,342,839317
2026-05-19 20:07:40,esterno,1628,15432,-2472,-492,167,13,181906
2026-05-19 20:07:40,lombar,16768,84,1004,109,-968,296,839339
2026-05-19 20:07:40,esterno,1544,15664,-2124,-477,0,-56,181928
2026-05-19 20:07:40,lombar,16788,288,1248,61,-846,302,839361
2026-05-19 20:07:40,lombar,16712,344,1084,36,-932,346,839383
2026-05-19 20:07:40,esterno,1532,15808,-2272,-452,-226,-38,181950
2026-05-19 20:07:40,esterno,1676,15960,-2892,-367,-259,-70,181972
2026-05-19 20:07:40,lombar,16552,108,1384,84,-962,457,839405
2026-05-19 20:07:40,esterno,1848,15632,-3100,-517,282,-83,181994
2026-05-19 20:07:40,lombar,16764,-36,1292,269,-912,217,839427
2026-05-19 20:07:40,esterno,1740,15456,-3144,-592,-129,-47,182016
2026-05-19 20:07:40,lombar,16976,264,1164,312,-461,278,839449
2026-05-19 20:07:40,esterno,1608,15996,-2960,-422,691,-109,182038
2026-05-19 20:07:40,lombar,16940,96,1420,346,-787,349,839471
2026-05-19 20:07:40,lombar,17008,448,1152,211,-813,392,839493
2026-05-19 20:07:40,esterno,1136,16200,-2408,-558,472,-156,182060
2026-05-19 20:07:40,esterno,1076,16180,-2524,-605,-49,-16,182082
2026-05-19 20:07:40,lombar,16828,316,1324,234,-839,354,839515
2026-05-19 20:07:40,esterno,1380,16004,-2148,-515,-3,125,182104
2026-05-19 20:07:40,lombar,16676,168,1184,133,-497,298,839537
2026-05-19 20:07:40,esterno,1768,15920,-2392,-686,-74,386,182126
2026-05-19 20:07:40,lombar,16484,248,1144,98,-885,341,839559
2026-05-19 20:07:40,esterno,1816,15444,-2960,-786,207,306,182148
2026-05-19 20:07:40,lombar,16800,132,1224,259,-820,273,839581
2026-05-19 20:07:40,esterno,1676,15492,-2660,-685,323,79,182170
2026-05-19 20:07:40,lombar,16820,264,912,256,-575,296,839603
2026-05-19 20:07:40,esterno,1512,15748,-2296,-682,268,-1,182192
2026-05-19 20:07:40,lombar,16748,304,1124,139,-734,378,839625
2026-05-19 20:07:40,lombar,16808,388,804,46,-714,389,839647
2026-05-19 20:07:40,esterno,1644,15908,-2020,-767,163,58,182214
2026-05-19 20:07:40,esterno,1856,15976,-2132,-764,136,131,182236
2026-05-19 20:07:40,lombar,16680,220,988,75,-818,335,839669
2026-05-19 20:07:40,esterno,1484,15976,-2200,-665,120,147,182258
2026-05-19 20:07:40,lombar,16788,240,872,119,-762,368,839691
2026-05-19 20:07:40,esterno,1424,15920,-2256,-589,47,113,182280
2026-05-19 20:07:40,lombar,16904,308,712,119,-637,404,839713
2026-05-19 20:07:40,esterno,1468,15856,-2040,-569,124,96,182302
2026-05-19 20:07:40,lombar,16912,308,892,36,-610,358,839735
2026-05-19 20:07:40,lombar,16748,336,680,-26,-452,336,839757
2026-05-19 20:07:40,esterno,1580,15840,-1776,-501,-141,203,182324
2026-05-19 20:07:40,esterno,1652,15772,-2016,-249,113,250,182346
2026-05-19 20:07:40,lombar,16564,52,648,-35,-704,283,839779
2026-05-19 20:07:40,lombar,16784,60,788,-29,-680,265,839801
2026-05-19 20:07:40,esterno,1716,15616,-1820,-337,-1,164,182368
2026-05-19 20:07:40,esterno,1644,15560,-2024,-423,-513,232,182390
2026-05-19 20:07:40,lombar,16964,144,704,84,-320,245,839823
2026-05-19 20:07:40,esterno,1472,15752,-1900,-131,-312,157,182412
2026-05-19 20:07:40,lombar,16900,176,484,120,-117,86,839845
2026-05-19 20:07:40,esterno,1272,15720,-1664,10,-409,163,182434
2026-05-19 20:07:40,lombar,16840,316,312,198,-121,256,839867
2026-05-19 20:07:40,esterno,1532,15764,-1996,-75,-347,-11,182456
2026-05-19 20:07:40,lombar,16360,504,804,228,-227,382,839889
2026-05-19 20:07:40,esterno,1784,15544,-2924,161,-446,-187,182478
2026-05-19 20:07:40,lombar,16816,352,1112,2,-745,385,839911
2026-05-19 20:07:40,esterno,1836,15444,-2888,494,-223,-341,182500
2026-05-19 20:07:40,lombar,17448,232,1160,-101,-49,317,839933
2026-05-19 20:07:41,esterno,1560,15968,-1972,307,-195,-85,182522
2026-05-19 20:07:41,lombar,16976,184,936,-102,432,253,839955
2026-05-19 20:07:41,esterno,1516,16272,-2164,305,-390,51,182544
2026-05-19 20:07:41,lombar,16176,308,1040,22,-12,206,839977
2026-05-19 20:07:41,lombar,16748,160,924,2,-329,164,839999
2026-05-19 20:07:41,esterno,1744,16180,-2840,344,-272,-154,182566
2026-05-19 20:07:41,lombar,17272,216,964,-40,13,264,840021
2026-05-19 20:07:41,esterno,1844,16068,-2236,93,-211,-205,182588
2026-05-19 20:07:41,esterno,1648,16128,-1572,143,-597,25,182610
2026-05-19 20:07:41,lombar,16808,252,452,37,113,178,840043
2026-05-19 20:07:41,lombar,16464,480,824,-19,-400,17,840065
2026-05-19 20:07:41,esterno,1312,15936,-1720,174,-441,211,182632
2026-05-19 20:07:41,esterno,1232,15596,-2072,54,-171,224,182654
2026-05-19 20:07:41,lombar,16736,392,624,-86,-363,179,840087
2026-05-19 20:07:41,lombar,16876,28,864,90,205,311,840109
2026-05-19 20:07:41,esterno,1868,15344,-3000,-237,44,43,182676
2026-05-19 20:07:41,esterno,2516,15880,-3148,-517,809,-152,182698
2026-05-19 20:07:41,lombar,16628,188,840,353,70,253,840131
2026-05-19 20:07:41,esterno,1852,16216,-2888,-565,1231,-334,182720
2026-05-19 20:07:41,lombar,16820,84,1048,334,-565,281,840153
2026-05-19 20:07:41,lombar,17276,68,924,413,-344,187,840175
2026-05-19 20:07:41,esterno,1400,16120,-2736,-397,1012,-402,182742
2026-05-19 20:07:41,esterno,1012,16256,-1900,-251,637,-278,182764
2026-05-19 20:07:41,lombar,17012,432,924,425,76,293,840197
2026-05-19 20:07:41,lombar,16432,684,788,339,-92,306,840219
2026-05-19 20:07:41,esterno,1280,16188,-1736,-349,311,18,182786
2026-05-19 20:07:41,esterno,1692,15784,-2156,-415,218,164,182808
2026-05-19 20:07:41,lombar,16484,572,1076,66,-284,283,840241
2026-05-19 20:07:41,lombar,16700,404,1044,28,-47,330,840263
2026-05-19 20:07:41,esterno,1840,15432,-2708,-389,85,137,182830
2026-05-19 20:07:41,esterno,1812,15564,-2688,-465,196,0,182852
2026-05-19 20:07:41,lombar,16720,344,1012,-90,-237,259,840285
2026-05-19 20:07:41,esterno,1544,15816,-2284,-595,202,-40,182874
2026-05-19 20:07:41,lombar,16764,412,944,-148,-351,336,840307
2026-05-19 20:07:41,esterno,1432,15948,-2364,-638,40,-13,182896
2026-05-19 20:07:41,lombar,16848,272,932,-152,-363,368,840329
2026-05-19 20:07:41,esterno,1468,15996,-2184,-589,-72,23,182918
2026-05-19 20:07:41,lombar,16808,156,976,-115,-175,456,840351
2026-05-19 20:07:41,esterno,1580,16056,-2172,-651,-46,129,182940
2026-05-19 20:07:41,lombar,16932,280,828,-99,-193,373,840373
2026-05-19 20:07:41,esterno,1664,15892,-2188,-570,-40,154,182962
2026-05-19 20:07:41,lombar,16972,304,808,-137,-117,385,840395
2026-05-19 20:07:41,lombar,16788,240,1148,-11,-139,373,840417
2026-05-19 20:07:41,esterno,1596,15860,-2132,-427,-25,56,182984
2026-05-19 20:07:41,esterno,1576,15844,-1932,-307,-129,44,183006
2026-05-19 20:07:41,lombar,16628,200,968,87,-119,411,840439
2026-05-19 20:07:41,esterno,1356,15940,-2424,-145,-81,74,183028
2026-05-19 20:07:41,lombar,16740,180,916,78,-165,392,840461
2026-05-19 20:07:41,esterno,1296,15936,-2152,-136,-92,65,183050
2026-05-19 20:07:41,lombar,16748,304,948,106,-72,366,840483
2026-05-19 20:07:41,esterno,1592,15980,-1948,-289,-418,137,183072
2026-05-19 20:07:41,lombar,16832,296,1096,44,-199,355,840505
2026-05-19 20:07:41,lombar,16800,232,1032,18,-235,309,840527
2026-05-19 20:07:41,esterno,1560,16052,-2208,-283,-431,102,183094
2026-05-19 20:07:41,esterno,1576,15824,-2388,-219,-61,86,183116
2026-05-19 20:07:41,lombar,16588,244,1152,144,-290,319,840549
2026-05-19 20:07:41,esterno,1728,15724,-2176,-238,4,103,183138
2026-05-19 20:07:41,lombar,16808,396,924,140,-120,311,840571
2026-05-19 20:07:41,esterno,1700,15840,-2292,-130,174,30,183160
2026-05-19 20:07:41,lombar,16760,320,976,140,-25,289,840593
2026-05-19 20:07:41,esterno,1508,16020,-1900,-160,339,-50,183182
2026-05-19 20:07:41,lombar,16752,188,1180,78,-116,334,840615
2026-05-19 20:07:41,esterno,1536,16000,-1936,-232,202,96,183204
2026-05-19 20:07:41,lombar,16780,208,1008,35,-212,294,840637
2026-05-19 20:07:41,esterno,1532,16076,-2156,23,65,188,183226
2026-05-19 20:07:41,lombar,16796,308,1020,106,29,137,840659
2026-05-19 20:07:41,esterno,1524,15904,-2156,-68,178,107,183248
2026-05-19 20:07:41,lombar,16736,204,1192,174,-123,249,840681
2026-05-19 20:07:41,esterno,1784,15720,-2140,-250,277,22,183270
2026-05-19 20:07:41,lombar,16696,232,1164,110,-412,303,840703
2026-05-19 20:07:41,esterno,1912,15788,-2184,-257,443,-109,183292
2026-05-19 20:07:41,lombar,16696,432,912,108,-280,308,840725
2026-05-19 20:07:41,esterno,1868,15852,-2396,-249,541,-105,183314
2026-05-19 20:07:41,lombar,16860,364,1272,177,2,320,840747
2026-05-19 20:07:41,esterno,1420,15980,-2124,-159,524,-38,183336
2026-05-19 20:07:41,lombar,16880,344,936,108,-241,313,840769
2026-05-19 20:07:41,lombar,16672,260,1172,225,-275,325,840791
2026-05-19 20:07:41,esterno,1512,15952,-2024,-156,319,-39,183358
2026-05-19 20:07:41,esterno,1660,15852,-2232,-195,337,-62,183380
2026-05-19 20:07:41,lombar,16716,352,1128,261,-269,356,840813
2026-05-19 20:07:41,esterno,1732,15712,-2048,-239,442,-114,183402
2026-05-19 20:07:41,lombar,16680,588,952,62,-309,381,840835
2026-05-19 20:07:41,esterno,1696,15708,-2116,-372,319,-119,183424
2026-05-19 20:07:41,lombar,16788,368,1220,-15,-449,411,840857
2026-05-19 20:07:41,esterno,1608,16012,-1960,-352,138,-24,183446
2026-05-19 20:07:41,lombar,16748,164,1100,36,-394,365,840879
2026-05-19 20:07:41,lombar,16616,240,932,53,-371,371,840901
2026-05-19 20:07:41,esterno,1580,15988,-1928,-452,77,50,183468
2026-05-19 20:07:41,esterno,1296,15900,-2212,-504,62,95,183490
2026-05-19 20:07:41,lombar,16804,528,1144,130,-375,378,840923
2026-05-19 20:07:41,esterno,1424,15756,-2168,-332,-13,172,183512
2026-05-19 20:07:41,lombar,16768,472,1052,12,-531,360,840945
2026-05-19 20:07:42,esterno,1580,15784,-2196,-261,-51,206,183534
2026-05-19 20:07:42,lombar,16856,144,1160,-69,-710,292,840967
2026-05-19 20:07:42,lombar,16836,188,960,63,-490,350,840989
2026-05-19 20:07:42,esterno,1960,15788,-2168,-319,263,147,183556
2026-05-19 20:07:42,esterno,2012,15972,-2032,-215,492,32,183578
2026-05-19 20:07:42,lombar,16692,180,976,170,-407,406,841011
2026-05-19 20:07:42,lombar,16656,176,1084,237,-578,331,841033
2026-05-19 20:07:42,esterno,1868,16008,-1892,-57,444,-29,183600
2026-05-19 20:07:42,esterno,1472,15940,-2188,-98,526,-32,183622
2026-05-19 20:07:42,lombar,16904,280,932,313,-639,371,841055
2026-05-19 20:07:42,esterno,1388,15816,-1900,-214,484,87,183644
2026-05-19 20:07:42,lombar,16712,248,956,227,-309,363,841077
2026-05-19 20:07:42,lombar,16576,236,968,334,-494,319,841099
2026-05-19 20:07:42,esterno,1584,15916,-1764,-175,364,162,183666
2026-05-19 20:07:42,esterno,1548,16044,-1600,-84,122,198,183688
2026-05-19 20:07:42,lombar,16824,304,952,227,-382,262,841121
2026-05-19 20:07:42,esterno,1656,15844,-2092,-120,126,150,183710
2026-05-19 20:07:42,lombar,16856,364,808,99,-374,334,841143
2026-05-19 20:07:42,esterno,1584,15760,-1888,-7,246,23,183732
2026-05-19 20:07:42,lombar,16652,436,748,98,-348,289,841165
2026-05-19 20:07:42,esterno,1788,16000,-1780,-35,-285,145,183754
2026-05-19 20:07:42,lombar,16696,264,876,15,-270,229,841187
2026-05-19 20:07:42,esterno,1712,16032,-1732,-32,-295,198,183776
2026-05-19 20:07:42,lombar,16776,332,948,121,-227,340,841209
2026-05-19 20:07:42,esterno,1588,15976,-2216,-72,11,152,183798
2026-05-19 20:07:42,lombar,16764,316,776,135,-270,312,841231
2026-05-19 20:07:42,esterno,1652,15808,-2240,-265,131,50,183820
2026-05-19 20:07:42,lombar,16732,316,964,24,-296,346,841253
2026-05-19 20:07:42,esterno,1776,15892,-1988,-110,126,45,183842
2026-05-19 20:07:42,lombar,16764,292,1048,96,-293,389,841275
2026-05-19 20:07:42,esterno,1556,15928,-1984,-56,323,-59,183864
2026-05-19 20:07:42,lombar,16780,292,884,30,-261,390,841297
2026-05-19 20:07:42,esterno,1496,15932,-1960,-200,220,-68,183886
2026-05-19 20:07:42,lombar,16720,288,1100,-19,-323,417,841319
2026-05-19 20:07:42,lombar,16768,248,912,23,-91,312,841341
2026-05-19 20:07:42,esterno,1684,15816,-2112,-45,129,-24,183908
2026-05-19 20:07:42,esterno,1752,16036,-1832,-97,184,28,183930
2026-05-19 20:07:42,lombar,16800,264,1120,51,-284,261,841363
2026-05-19 20:07:42,esterno,1644,15976,-1956,-246,171,75,183952
2026-05-19 20:07:42,lombar,16668,272,1076,30,-271,383,841385
2026-05-19 20:07:42,lombar,16784,248,1068,45,-317,348,841407
2026-05-19 20:07:42,esterno,1604,15772,-2080,-171,187,21,183974
2026-05-19 20:07:42,esterno,1716,15948,-2252,-224,255,30,183996
2026-05-19 20:07:42,lombar,16704,320,1072,92,-222,315,841429
2026-05-19 20:07:42,esterno,1688,15828,-2244,-302,379,91,184018
2026-05-19 20:07:42,lombar,16816,268,1092,112,-211,280,841451
2026-05-19 20:07:42,esterno,1628,15876,-2020,-267,360,130,184040
2026-05-19 20:07:42,lombar,16752,140,932,193,-286,287,841473
2026-05-19 20:07:42,esterno,1856,15920,-2120,-276,301,91,184062
2026-05-19 20:07:42,lombar,16640,132,1044,141,-224,290,841495
2026-05-19 20:07:42,esterno,1776,15916,-1844,-368,519,11,184084
2026-05-19 20:07:42,lombar,16736,356,1088,103,-348,362,841517
2026-05-19 20:07:42,lombar,16888,236,720,59,-187,311,841539
2026-05-19 20:07:42,esterno,1676,15900,-1720,-388,322,125,184106
2026-05-19 20:07:42,esterno,1528,15956,-1872,-298,-20,229,184128
2026-05-19 20:07:42,lombar,16832,144,836,73,-322,258,841561
2026-05-19 20:07:42,esterno,1372,16048,-1928,-243,-180,199,184150
2026-05-19 20:07:42,lombar,16836,280,928,129,-221,245,841583
2026-05-19 20:07:42,esterno,1548,15988,-2004,-371,-66,137,184172
2026-05-19 20:07:42,lombar,16672,400,836,162,-279,310,841605
2026-05-19 20:07:42,esterno,1872,15796,-2160,-431,16,88,184194
2026-05-19 20:07:42,lombar,16680,448,904,138,-440,274,841627
2026-05-19 20:07:42,lombar,16664,412,1020,47,-512,380,841649
2026-05-19 20:07:42,esterno,1980,15608,-1944,-355,76,48,184216
2026-05-19 20:07:42,esterno,1864,15740,-1800,-236,80,-6,184238
2026-05-19 20:07:42,lombar,16628,340,1076,31,-411,361,841671
2026-05-19 20:07:42,esterno,1616,15792,-1748,-227,111,-41,184260
2026-05-19 20:07:42,lombar,16680,280,964,8,-378,296,841693
2026-05-19 20:07:42,esterno,1528,15884,-2228,-204,62,78,184282
2026-05-19 20:07:42,lombar,16772,276,876,4,-236,336,841715
2026-05-19 20:07:42,esterno,1908,15928,-2272,-203,100,174,184304
2026-05-19 20:07:42,lombar,16812,256,932,62,-420,313,841737
2026-05-19 20:07:42,esterno,1884,15948,-2012,-269,211,156,184326
2026-05-19 20:07:42,lombar,16804,296,928,157,-302,327,841759
2026-05-19 20:07:42,esterno,1884,15916,-1832,-119,151,93,184348
2026-05-19 20:07:42,lombar,16736,164,992,143,-405,396,841781
2026-05-19 20:07:42,esterno,1816,15892,-1740,-10,59,-56,184370
2026-05-19 20:07:42,lombar,16844,236,876,110,-398,335,841803
2026-05-19 20:07:42,esterno,1612,15940,-1716,-187,-55,-57,184392
2026-05-19 20:07:42,lombar,16668,336,920,169,-271,398,841825
2026-05-19 20:07:42,lombar,16760,264,928,66,-334,310,841847
2026-05-19 20:07:42,esterno,1680,15876,-2268,-150,120,19,184414
2026-05-19 20:07:42,esterno,1632,15852,-1612,-210,-10,80,184436
2026-05-19 20:07:42,lombar,16868,340,748,6,-330,356,841869
2026-05-19 20:07:42,lombar,16712,288,656,97,-254,360,841891
2026-05-19 20:07:42,esterno,2028,15956,-1636,-192,-275,179,184458
2026-05-19 20:07:42,lombar,16720,180,684,92,-282,328,841913
2026-05-19 20:07:42,esterno,1780,16032,-1732,-87,-291,145,184480
2026-05-19 20:07:42,esterno,1736,15880,-1916,-203,55,81,184502
2026-05-19 20:07:42,lombar,16904,244,964,60,-356,344,841935
2026-05-19 20:07:43,lombar,16820,296,1020,131,-275,313,841957
2026-05-19 20:07:43,esterno,1884,15924,-1924,-261,157,61,184524
2026-05-19 20:07:43,esterno,1796,15804,-2324,-124,280,27,184546
2026-05-19 20:07:43,lombar,16844,236,952,119,-197,378,841979
2026-05-19 20:07:43,esterno,1628,15824,-1840,-193,326,-60,184568
2026-05-19 20:07:43,lombar,16732,224,844,55,-274,364,842001
2026-05-19 20:07:43,esterno,1732,15796,-1860,-169,192,-94,184590
2026-05-19 20:07:43,lombar,16624,212,1068,143,-398,369,842023
2026-05-19 20:07:43,esterno,1768,15748,-1984,-15,135,-41,184612
2026-05-19 20:07:43,lombar,16752,204,1040,151,-275,299,842045
2026-05-19 20:07:43,lombar,16800,252,924,163,-158,295,842067
2026-05-19 20:07:43,esterno,1684,15756,-2032,-131,100,-17,184634
2026-05-19 20:07:43,esterno,1688,15772,-1932,-258,203,-7,184656
2026-05-19 20:07:43,lombar,16692,236,1084,153,-220,324,842089
2026-05-19 20:07:43,lombar,16772,348,836,172,-278,391,842111
2026-05-19 20:07:43,esterno,1700,15816,-2056,-168,161,-11,184678
2026-05-19 20:07:43,esterno,1752,15828,-1916,-177,326,-31,184700
2026-05-19 20:07:43,lombar,16764,364,972,173,-259,374,842133
2026-05-19 20:07:43,lombar,16860,272,972,154,-226,405,842155
2026-05-19 20:07:43,esterno,1740,15900,-1904,-130,343,-30,184722
2026-05-19 20:07:43,esterno,1728,15848,-1996,-141,94,101,184744
2026-05-19 20:07:43,lombar,16688,192,796,93,-311,333,842177
2026-05-19 20:07:43,esterno,1836,15828,-1944,-191,257,25,184766
2026-05-19 20:07:43,lombar,16728,224,804,95,-323,226,842199
2026-05-19 20:07:43,lombar,16784,420,828,129,-342,366,842221
2026-05-19 20:07:43,esterno,1716,15944,-1760,-246,358,-39,184788
2026-05-19 20:07:43,esterno,1804,15792,-1608,-268,200,1,184810
2026-05-19 20:07:43,lombar,16936,368,864,155,-297,340,842243
2026-05-19 20:07:43,lombar,16772,212,888,155,-147,285,842265
2026-05-19 20:07:43,esterno,1816,15828,-1828,-131,121,22,184832
2026-05-19 20:07:43,lombar,16776,352,732,80,-358,415,842287
2026-05-19 20:07:43,esterno,1688,15968,-1656,-130,140,21,184854
2026-05-19 20:07:43,esterno,1760,15968,-1680,-201,97,2,184876
2026-05-19 20:07:43,lombar,16780,308,920,61,-358,380,842309
2026-05-19 20:07:43,esterno,1796,15944,-2080,-121,113,28,184898
2026-05-19 20:07:43,lombar,16728,264,720,1,-70,298,842331
2026-05-19 20:07:43,esterno,1872,15832,-2064,-92,199,42,184920
2026-05-19 20:07:43,lombar,16728,272,936,94,-83,239,842353
2026-05-19 20:07:43,esterno,1844,15948,-1696,-61,159,23,184942
2026-05-19 20:07:43,lombar,16824,332,800,81,-316,314,842375
2026-05-19 20:07:43,esterno,1720,15884,-1788,41,175,-28,184964
2026-05-19 20:07:43,lombar,16752,284,832,124,-239,346,842397
2026-05-19 20:07:43,lombar,16796,164,1008,123,-186,385,842419
2026-05-19 20:07:43,esterno,1784,15920,-1752,-15,151,-46,184986
2026-05-19 20:07:43,esterno,1716,15868,-2060,-118,228,-7,185008
2026-05-19 20:07:43,lombar,16720,280,920,156,-191,354,842441
2026-05-19 20:07:43,lombar,16760,316,952,129,-177,344,842463
2026-05-19 20:07:43,esterno,1720,15792,-2128,-101,194,40,185030
2026-05-19 20:07:43,esterno,1724,15828,-1848,-17,89,35,185052
2026-05-19 20:07:43,lombar,16784,252,992,126,-264,349,842485
2026-05-19 20:07:43,esterno,1748,15848,-1816,61,-29,-18,185074
2026-05-19 20:07:43,lombar,16680,332,1012,146,-243,318,842507
2026-05-19 20:07:43,lombar,16720,344,1044,209,-172,323,842529
2026-05-19 20:07:43,esterno,1804,15724,-2188,205,174,-93,185096
2026-05-19 20:07:43,esterno,1748,15828,-1936,190,120,-56,185118
2026-05-19 20:07:43,lombar,16796,368,860,164,55,351,842551
2026-05-19 20:07:43,lombar,16692,96,1152,87,-180,248,842573
2026-05-19 20:07:43,lombar,16776,340,980,193,-289,296,842595
2026-05-19 20:07:43,esterno,1756,15844,-1756,192,-253,14,185140
2026-05-19 20:07:43,esterno,1628,15912,-1916,245,-287,57,185162
2026-05-19 20:07:43,lombar,16756,400,916,255,22,338,842617
2026-05-19 20:07:43,esterno,1712,15816,-2352,161,97,-23,185184
2026-05-19 20:07:43,esterno,1860,15792,-2124,103,306,-49,185206
2026-05-19 20:07:43,lombar,16784,336,480,75,155,251,842639
2026-05-19 20:07:43,esterno,1884,16060,-1872,287,242,-13,185228
2026-05-19 20:07:43,lombar,16592,240,920,62,-261,299,842661
2026-05-19 20:07:43,esterno,1732,16072,-1792,295,257,-74,185250
2026-05-19 20:07:43,lombar,16972,192,1036,26,-411,410,842683
2026-05-19 20:07:43,esterno,1736,16056,-1960,26,245,-130,185272
2026-05-19 20:07:43,lombar,16772,384,936,24,-224,371,842705
2026-05-19 20:07:43,esterno,1728,15824,-2236,102,155,-42,185294
2026-05-19 20:07:43,lombar,16652,288,896,44,-111,210,842727
2026-05-19 20:07:43,esterno,1820,15632,-2228,157,128,13,185316
2026-05-19 20:07:43,lombar,16748,256,1088,94,-78,284,842749
2026-05-19 20:07:43,lombar,16816,248,1056,88,-194,401,842771
2026-05-19 20:07:43,esterno,1916,15804,-1976,64,219,-31,185338
2026-05-19 20:07:43,lombar,16708,416,1088,71,-248,334,842793
2026-05-19 20:07:43,esterno,1708,16048,-2096,93,224,-88,185360
2026-05-19 20:07:43,esterno,1872,16048,-2156,-11,196,-56,185382
2026-05-19 20:07:43,lombar,16772,300,980,80,-87,315,842815
2026-05-19 20:07:43,esterno,1560,15940,-2108,-35,173,-57,185404
2026-05-19 20:07:43,lombar,16700,256,984,27,-48,353,842837
2026-05-19 20:07:43,esterno,1816,15712,-2196,-85,141,50,185426
2026-05-19 20:07:43,lombar,16728,184,992,94,-123,299,842859
2026-05-19 20:07:43,esterno,2036,15900,-2312,-69,224,-6,185448
2026-05-19 20:07:43,lombar,16700,204,1048,145,-143,290,842881
2026-05-19 20:07:43,esterno,1752,15984,-2040,-95,357,-138,185470
2026-05-19 20:07:43,lombar,16760,292,1052,69,-216,411,842903
2026-05-19 20:07:43,esterno,1564,15924,-2052,-117,208,-144,185492
2026-05-19 20:07:43,lombar,16696,436,912,92,-101,286,842925
2026-05-19 20:07:43,esterno,1572,15868,-2136,-96,27,-37,185514
2026-05-19 20:07:43,lombar,16740,224,1044,85,-294,302,842947
2026-05-19 20:07:44,esterno,1720,15920,-2180,-116,50,104,185536
2026-05-19 20:07:44,lombar,16792,344,1044,32,-193,384,842969
2026-05-19 20:07:44,esterno,1812,15896,-2148,-143,138,90,185558
2026-05-19 20:07:44,lombar,16704,336,1176,91,-239,356,842991
2026-05-19 20:07:44,esterno,1836,15808,-2192,-24,168,-25,185580
2026-05-19 20:07:44,lombar,16720,264,1088,77,-211,340,843013
2026-05-19 20:07:44,esterno,1744,15720,-2116,64,179,-63,185602
2026-05-19 20:07:44,lombar,16788,360,1012,68,-235,354,843035
2026-05-19 20:07:44,esterno,1712,15904,-2348,26,163,-39,185624
2026-05-19 20:07:44,lombar,16688,348,1088,91,-216,359,843057
2026-05-19 20:07:44,lombar,16720,352,1248,54,-316,367,843079
2026-05-19 20:07:44,esterno,1684,16044,-2100,-34,188,16,185646
2026-05-19 20:07:44,esterno,1616,15904,-2212,-41,155,31,185668
2026-05-19 20:07:44,lombar,16800,100,1032,86,-365,335,843101
2026-05-19 20:07:44,esterno,1620,15816,-2240,-39,98,-66,185690
2026-05-19 20:07:44,lombar,16832,268,940,108,-221,336,843123
2026-05-19 20:07:44,lombar,16668,268,1064,93,-236,325,843145
2026-05-19 20:07:44,esterno,1588,15872,-2092,78,51,-31,185712
2026-05-19 20:07:44,esterno,1524,15976,-1912,52,-60,23,185734
2026-05-19 20:07:44,lombar,16816,204,1140,57,-420,375,843167
2026-05-19 20:07:44,lombar,16740,160,1256,108,-345,343,843189
2026-05-19 20:07:44,esterno,1728,15828,-2248,83,54,42,185756
2026-05-19 20:07:44,esterno,1648,15868,-2332,70,383,-80,185778
2026-05-19 20:07:44,lombar,16668,232,872,106,-298,368,843211
2026-05-19 20:07:44,lombar,16740,272,1120,32,-364,412,843233
2026-05-19 20:07:44,esterno,1776,15916,-2208,-21,82,-25,185800
2026-05-19 20:07:44,esterno,1724,15948,-1972,-34,-109,73,185822
2026-05-19 20:07:44,lombar,16856,196,1036,167,-551,398,843255
2026-05-19 20:07:44,esterno,1596,15788,-2268,56,62,117,185844
2026-05-19 20:07:44,lombar,16756,308,960,174,-255,403,843277
2026-05-19 20:07:44,esterno,1644,15704,-2388,43,333,-7,185866
2026-05-19 20:07:44,lombar,16772,328,984,96,-354,381,843299
2026-05-19 20:07:44,esterno,1976,15856,-2284,67,334,-99,185888
2026-05-19 20:07:44,lombar,16772,380,1100,112,-446,354,843321
2026-05-19 20:07:44,lombar,16880,316,1056,37,-348,419,843343
2026-05-19 20:07:44,esterno,1744,16004,-2228,153,417,-127,185910
2026-05-19 20:07:44,esterno,1472,15932,-2152,185,333,-102,185932
2026-05-19 20:07:44,lombar,16760,236,956,31,-422,417,843365
2026-05-19 20:07:44,lombar,16856,316,1152,123,-303,287,843387
2026-05-19 20:07:44,esterno,1708,15804,-2300,227,88,31,185954
2026-05-19 20:07:44,esterno,1728,15696,-2440,427,104,-24,185976
2026-05-19 20:07:44,lombar,16720,164,1168,135,-346,320,843409
2026-05-19 20:07:44,esterno,1812,15520,-2500,661,39,-92,185998
2026-05-19 20:07:44,lombar,16744,140,980,215,-380,427,843431
2026-05-19 20:07:44,esterno,1716,15696,-2304,927,6,-148,186020
2026-05-19 20:07:44,lombar,16620,188,1108,175,-388,410,843453
2026-05-19 20:07:44,lombar,16800,252,1364,178,-517,362,843475
2026-05-19 20:07:44,esterno,1564,15832,-2432,1132,-13,-109,186042
2026-05-19 20:07:44,esterno,1524,15848,-2240,983,-156,-103,186064
2026-05-19 20:07:44,lombar,16816,360,900,264,-288,407,843497
2026-05-19 20:07:44,esterno,1628,15740,-2576,789,-9,-108,186086
2026-05-19 20:07:44,lombar,16664,172,944,199,-381,320,843519
2026-05-19 20:07:44,lombar,16712,168,772,123,-285,295,843541
2026-05-19 20:07:44,esterno,1984,15768,-2592,534,-127,-90,186108
2026-05-19 20:07:44,esterno,1744,15752,-2548,429,80,-143,186130
2026-05-19 20:07:44,lombar,16748,332,816,59,-327,393,843563
2026-05-19 20:07:44,esterno,1772,16056,-2424,354,-34,-161,186152
2026-05-19 20:07:44,lombar,16784,424,856,58,-421,423,843585
2026-05-19 20:07:44,esterno,1628,15992,-2648,383,-191,-45,186174
2026-05-19 20:07:44,lombar,16796,352,1208,38,-455,367,843607
2026-05-19 20:07:44,esterno,1744,15800,-2732,381,-86,-39,186196
2026-05-19 20:07:44,lombar,16836,232,884,63,-451,415,843629
2026-05-19 20:07:44,lombar,16720,288,808,45,-314,432,843651
2026-05-19 20:07:44,esterno,1696,15760,-2784,200,49,-25,186218
2026-05-19 20:07:44,esterno,1624,15748,-2728,75,206,-22,186240
2026-05-19 20:07:44,lombar,16712,180,928,-37,-231,328,843673
2026-05-19 20:07:44,lombar,16792,252,812,15,-488,363,843695
2026-05-19 20:07:44,esterno,1656,15860,-2584,37,178,-95,186262
2026-05-19 20:07:44,esterno,1572,15968,-2724,-58,187,-85,186284
2026-05-19 20:07:44,lombar,16836,312,864,11,-402,410,843717
2026-05-19 20:07:44,esterno,1572,15804,-2856,-119,137,0,186306
2026-05-19 20:07:44,lombar,16812,256,772,48,-324,472,843739
2026-05-19 20:07:44,lombar,16756,176,800,-10,-261,415,843761
2026-05-19 20:07:44,esterno,1644,15584,-3032,-125,112,105,186328
2026-05-19 20:07:44,esterno,1608,15792,-2664,-182,132,68,186350
2026-05-19 20:07:44,lombar,16752,292,852,52,-140,377,843783
2026-05-19 20:07:44,esterno,1708,15812,-2544,-233,154,-54,186372
2026-05-19 20:07:44,lombar,16732,228,648,68,-402,398,843805
2026-05-19 20:07:44,esterno,1720,15844,-2668,-108,149,-55,186394
2026-05-19 20:07:44,lombar,16836,144,896,69,-396,340,843827
2026-05-19 20:07:44,esterno,1636,15892,-2912,-109,442,-45,186416
2026-05-19 20:07:44,lombar,16716,192,892,71,-106,321,843849
2026-05-19 20:07:44,esterno,1612,15876,-2500,-385,44,35,186438
2026-05-19 20:07:44,lombar,16864,124,860,142,-221,319,843871
2026-05-19 20:07:44,esterno,1572,15796,-2992,-318,-193,84,186460
2026-05-19 20:07:44,lombar,16680,108,920,113,-286,352,843893
2026-05-19 20:07:44,esterno,1560,15760,-3044,-172,268,-51,186482
2026-05-19 20:07:44,lombar,16720,336,840,109,-83,358,843915
2026-05-19 20:07:44,esterno,1640,15872,-2916,-329,325,-137,186504
2026-05-19 20:07:44,lombar,16660,260,1096,115,-144,340,843937
2026-05-19 20:07:45,esterno,1708,15964,-2792,-279,369,12,186526
2026-05-19 20:07:45,lombar,16796,144,796,168,-210,326,843959
2026-05-19 20:07:45,esterno,1656,15880,-2616,-291,294,37,186548
2026-05-19 20:07:45,lombar,16896,344,1260,59,-283,307,843981
2026-05-19 20:07:45,lombar,16612,272,896,-52,-271,327,844003
2026-05-19 20:07:45,esterno,1392,15764,-2712,-419,260,21,186570
2026-05-19 20:07:45,esterno,1372,15440,-2768,-346,66,40,186592
2026-05-19 20:07:45,lombar,16768,252,1008,-29,-237,280,844025
2026-05-19 20:07:45,esterno,1492,15676,-2596,-238,35,128,186614
2026-05-19 20:07:45,lombar,16772,64,1076,-42,-239,250,844047
2026-05-19 20:07:45,esterno,1620,15852,-2716,-353,236,217,186636
2026-05-19 20:07:45,lombar,16808,180,920,-25,-272,300,844069
2026-05-19 20:07:45,esterno,1692,15764,-2572,-353,408,185,186658
2026-05-19 20:07:45,lombar,16748,284,764,-5,-162,285,844091
2026-05-19 20:07:45,esterno,1816,16108,-2348,-382,174,207,186680
2026-05-19 20:07:45,lombar,16764,116,832,-3,-68,290,844113
2026-05-19 20:07:45,lombar,16728,80,1004,15,-267,245,844135
2026-05-19 20:07:45,esterno,1608,16112,-2360,-328,144,412,186702
2026-05-19 20:07:45,lombar,16764,24,864,69,-200,80,844157
2026-05-19 20:07:45,esterno,1604,15836,-2840,-176,153,526,186724
2026-05-19 20:07:45,lombar,16808,236,1076,253,-219,168,844179
2026-05-19 20:07:45,esterno,1976,15424,-3024,-226,127,407,186746
2026-05-19 20:07:45,lombar,16688,448,1020,134,-159,280,844201
2026-05-19 20:07:45,esterno,1792,15676,-2536,-117,533,196,186768
2026-05-19 20:07:45,esterno,1600,15824,-2440,-205,375,180,186790
2026-05-19 20:07:45,lombar,16804,328,1020,101,-334,222,844223
2026-05-19 20:07:45,esterno,1644,15760,-2780,-145,225,205,186812
2026-05-19 20:07:45,lombar,16684,0,992,126,-165,156,844245
2026-05-19 20:07:45,lombar,16692,228,1116,178,-199,117,844267
2026-05-19 20:07:45,esterno,1668,15856,-2752,-268,299,273,186834
2026-05-19 20:07:45,esterno,1692,15712,-2656,-454,230,270,186856
2026-05-19 20:07:45,lombar,16680,496,1036,153,-314,208,844289
2026-05-19 20:07:45,lombar,16768,460,888,156,-412,216,844311
2026-05-19 20:07:45,esterno,1800,15632,-2720,-292,173,151,186878
2026-05-19 20:07:45,esterno,1736,15712,-2768,-136,156,103,186900
2026-05-19 20:07:45,lombar,16696,372,1064,32,-293,202,844333
2026-05-19 20:07:45,esterno,1760,15812,-2976,-319,275,169,186922
2026-05-19 20:07:45,lombar,16716,316,988,35,-200,272,844355
2026-05-19 20:07:45,esterno,2012,15792,-2552,-452,277,92,186944
2026-05-19 20:07:45,lombar,16848,380,1128,57,-524,323,844377
2026-05-19 20:07:45,esterno,2064,15828,-2480,-371,314,16,186966
2026-05-19 20:07:45,lombar,16852,348,868,89,-467,426,844399
2026-05-19 20:07:45,esterno,1976,15924,-2524,-308,285,-108,186988
2026-05-19 20:07:45,lombar,16632,316,900,1,-338,294,844421
2026-05-19 20:07:45,esterno,1776,15864,-2412,-334,175,-58,187010
2026-05-19 20:07:45,lombar,16764,196,868,115,-306,341,844443
2026-05-19 20:07:45,lombar,16712,300,836,121,-374,345,844465
2026-05-19 20:07:45,esterno,1780,15768,-2728,-224,236,-11,187032
2026-05-19 20:07:45,lombar,16644,480,1156,45,-470,377,844487
2026-05-19 20:07:45,esterno,1732,15756,-2508,-350,57,-42,187054
2026-05-19 20:07:45,lombar,16852,388,900,61,-491,310,844509
2026-05-19 20:07:45,esterno,1876,15848,-2432,-428,-340,-46,187076
2026-05-19 20:07:45,esterno,1656,15840,-2808,-304,-151,30,187098
2026-05-19 20:07:45,lombar,16780,232,876,100,-319,386,844531
2026-05-19 20:07:45,esterno,1652,15692,-2720,-366,131,29,187120
2026-05-19 20:07:45,lombar,16760,352,776,41,-219,376,844553
2026-05-19 20:07:45,lombar,16760,240,824,58,-282,326,844575
2026-05-19 20:07:45,esterno,1960,15588,-2572,-321,136,-29,187142
2026-05-19 20:07:45,esterno,2036,15852,-2376,-163,240,-190,187164
2026-05-19 20:07:45,lombar,16896,236,1016,89,-352,390,844597
2026-05-19 20:07:45,lombar,16712,396,748,-7,-252,484,844619
2026-05-19 20:07:45,esterno,1828,16084,-2144,-344,331,-258,187186
2026-05-19 20:07:45,lombar,16704,304,724,100,-262,369,844641
2026-05-19 20:07:45,esterno,1724,15936,-2264,-444,216,-121,187208
2026-05-19 20:07:45,esterno,1792,15840,-2464,-209,142,-43,187230
2026-05-19 20:07:45,lombar,16820,176,692,165,-185,362,844663
2026-05-19 20:07:45,esterno,1640,15836,-2412,-281,200,-102,187252
2026-05-19 20:07:45,lombar,16888,176,880,90,-298,428,844685
2026-05-19 20:07:45,esterno,1704,15752,-2356,-444,237,-141,187274
2026-05-19 20:07:45,lombar,16644,220,708,89,-321,441,844707
2026-05-19 20:07:45,esterno,1724,15804,-2260,-368,95,-133,187296
2026-05-19 20:07:45,lombar,16648,332,948,84,-284,311,844729
2026-05-19 20:07:45,esterno,1680,15712,-2540,-386,136,-30,187318
2026-05-19 20:07:45,lombar,16868,252,1076,132,-188,366,844751
2026-05-19 20:07:45,esterno,1624,15740,-2484,-404,217,-13,187340
2026-05-19 20:07:45,lombar,16764,264,808,174,-140,285,844773
2026-05-19 20:07:45,esterno,2128,15720,-2380,-416,104,5,187362
2026-05-19 20:07:45,lombar,16828,212,1168,242,-225,414,844795
2026-05-19 20:07:45,lombar,16756,268,1104,224,-44,432,844817
2026-05-19 20:07:45,esterno,2040,15688,-2408,-371,487,-144,187384
2026-05-19 20:07:45,esterno,1836,15784,-2248,-410,699,-191,187406
2026-05-19 20:07:45,lombar,16664,220,760,183,-135,410,844839
2026-05-19 20:07:45,esterno,1688,15844,-2200,-424,306,-76,187428
2026-05-19 20:07:45,lombar,16760,152,1028,269,-130,279,844861
2026-05-19 20:07:45,lombar,16692,292,1004,233,-186,367,844883
2026-05-19 20:07:45,esterno,1672,15956,-2440,-284,359,-112,187450
2026-05-19 20:07:45,esterno,1632,15956,-2232,-349,464,-225,187472
2026-05-19 20:07:45,lombar,16804,464,776,263,-268,460,844905
2026-05-19 20:07:45,lombar,16836,480,1044,250,-307,517,844927
2026-05-19 20:07:45,esterno,1572,15732,-2488,-271,333,-337,187494
2026-05-19 20:07:45,esterno,1488,15888,-2008,-82,53,-274,187516
2026-05-19 20:07:45,lombar,16748,520,1084,136,-299,559,844949
2026-05-19 20:07:46,lombar,16864,316,1140,8,-344,477,844971
2026-05-19 20:07:46,esterno,1596,15860,-2132,-28,-233,-80,187538
2026-05-19 20:07:46,esterno,1596,15932,-2296,-64,-210,-15,187560
2026-05-19 20:07:46,lombar,16720,48,956,-268,-264,470,844993
2026-05-19 20:07:46,esterno,1824,15884,-2340,-210,-95,70,187582
2026-05-19 20:07:46,lombar,16732,260,700,-122,-114,371,845015
2026-05-19 20:07:46,esterno,1700,15804,-2440,-204,84,133,187604
2026-05-19 20:07:46,lombar,16916,196,1092,-61,-126,329,845037
2026-05-19 20:07:46,esterno,1788,15948,-2124,-72,56,80,187626
2026-05-19 20:07:46,lombar,16888,172,772,-30,-284,310,845059
2026-05-19 20:07:46,esterno,1524,15984,-2116,11,-93,-34,187648
2026-05-19 20:07:46,lombar,16556,32,812,38,-180,356,845081
2026-05-19 20:07:46,esterno,1508,15904,-2368,79,187,-76,187670
2026-05-19 20:07:46,lombar,16792,128,828,54,-79,370,845103
2026-05-19 20:07:46,lombar,16924,128,904,67,-163,256,845125
2026-05-19 20:07:46,esterno,1644,15932,-2096,-197,-144,-28,187692
2026-05-19 20:07:46,esterno,1628,16032,-1944,-328,-333,109,187714
2026-05-19 20:07:46,lombar,16816,172,1020,177,-242,273,845147
2026-05-19 20:07:46,lombar,16784,296,912,206,-165,299,845169
2026-05-19 20:07:46,esterno,1676,15936,-2492,-166,-240,175,187736
2026-05-19 20:07:46,lombar,16660,408,1124,118,-166,357,845191
2026-05-19 20:07:46,esterno,1668,15648,-2552,-140,-40,48,187758
2026-05-19 20:07:46,esterno,1752,15620,-2508,-139,-38,-84,187780
2026-05-19 20:07:46,lombar,16776,272,996,89,-202,290,845213
2026-05-19 20:07:46,lombar,16772,316,1200,126,-98,294,845235
2026-05-19 20:07:46,esterno,1724,15892,-2384,-173,185,-105,187802
2026-05-19 20:07:46,esterno,1480,16004,-2360,-312,234,0,187824
2026-05-19 20:07:46,lombar,16780,292,1172,102,-124,348,845257
2026-05-19 20:07:46,esterno,1624,15864,-2324,-224,103,59,187846
2026-05-19 20:07:46,lombar,16724,252,1052,38,-240,328,845279
2026-05-19 20:07:46,esterno,1684,15808,-2424,-2,77,16,187868
2026-05-19 20:07:46,lombar,16688,212,1076,15,-197,232,845301
2026-05-19 20:07:46,esterno,1652,15772,-2320,-142,120,-25,187890
2026-05-19 20:07:46,lombar,16764,140,1212,30,-315,310,845323
2026-05-19 20:07:46,esterno,1724,15896,-2348,-314,163,39,187912
2026-05-19 20:07:46,lombar,16688,224,980,72,-274,362,845345
2026-05-19 20:07:46,lombar,16628,344,920,105,-306,340,845367
2026-05-19 20:07:46,esterno,1676,15896,-2520,-335,220,108,187934
2026-05-19 20:07:46,esterno,1664,15764,-2536,-399,241,77,187956
2026-05-19 20:07:46,lombar,16932,176,1232,47,-309,271,845389
2026-05-19 20:07:46,esterno,1764,15748,-2588,-343,305,20,187978
2026-05-19 20:07:46,lombar,16740,192,840,172,-239,323,845411
2026-05-19 20:07:46,lombar,16692,228,1096,167,-364,295,845433
2026-05-19 20:07:46,esterno,1920,15816,-2288,-362,172,83,188000
2026-05-19 20:07:46,esterno,1720,15796,-2236,-307,366,61,188022
2026-05-19 20:07:46,lombar,16732,304,1012,34,-412,323,845455
2026-05-19 20:07:46,esterno,1552,15840,-1888,-354,331,-11,188044
2026-05-19 20:07:46,lombar,16772,284,1088,60,-392,352,845477
2026-05-19 20:07:46,esterno,1696,15928,-2204,-381,50,34,188066
2026-05-19 20:07:46,lombar,16664,76,868,90,-228,280,845499
2026-05-19 20:07:46,esterno,1628,16064,-2368,-317,15,64,188088
2026-05-19 20:07:46,lombar,16756,252,1052,116,-348,277,845521
2026-05-19 20:07:46,esterno,1720,15904,-2052,-296,8,108,188110
2026-05-19 20:07:46,lombar,16720,332,980,102,-496,342,845543
2026-05-19 20:07:46,esterno,1812,15720,-2192,-228,50,67,188132
2026-05-19 20:07:46,lombar,16644,252,880,91,-385,394,845565
2026-05-19 20:07:46,esterno,1832,15816,-2260,-181,53,47,188154
2026-05-19 20:07:46,lombar,16768,188,968,93,-265,341,845587
2026-05-19 20:07:46,esterno,1764,15712,-2140,-231,142,-13,188176
2026-05-19 20:07:46,lombar,16884,280,1008,66,-271,297,845609
2026-05-19 20:07:46,esterno,1780,16008,-2252,-215,135,-10,188198
2026-05-19 20:07:46,lombar,16900,368,1020,18,-330,355,845631
2026-05-19 20:07:46,esterno,1712,15912,-2300,-184,142,56,188220
2026-05-19 20:07:46,lombar,16864,312,780,37,-393,363,845653
2026-05-19 20:07:46,esterno,1744,15796,-2068,-212,173,69,188242
2026-05-19 20:07:46,lombar,16844,160,892,78,-330,375,845675
2026-05-19 20:07:46,esterno,1772,15888,-2248,-262,118,11,188264
2026-05-19 20:07:46,lombar,16712,260,908,99,-234,332,845697
2026-05-19 20:07:46,esterno,1760,15904,-2020,-223,104,-66,188286
2026-05-19 20:07:46,lombar,16772,176,1160,91,-357,329,845719
2026-05-19 20:07:46,lombar,16852,252,1008,122,-494,301,845741
2026-05-19 20:07:46,esterno,1644,15744,-2320,-6,342,-97,188308
2026-05-19 20:07:46,esterno,1752,15792,-2100,-117,54,-108,188330
2026-05-19 20:07:46,lombar,16844,316,1088,103,-278,341,845763
2026-05-19 20:07:46,lombar,16768,236,1044,145,-183,289,845785
2026-05-19 20:07:46,esterno,1728,15912,-2076,-249,-159,82,188352
2026-05-19 20:07:46,lombar,16768,304,724,116,-282,362,845807
2026-05-19 20:07:46,esterno,1744,15928,-2452,-155,-90,77,188374
2026-05-19 20:07:46,esterno,1576,15876,-2360,-115,194,-56,188396
2026-05-19 20:07:46,lombar,16748,272,1112,91,-294,423,845829
2026-05-19 20:07:46,esterno,1860,15844,-2184,-3,157,-33,188418
2026-05-19 20:07:46,lombar,16908,268,840,116,-176,365,845851
2026-05-19 20:07:46,esterno,1876,15880,-2056,107,315,-90,188440
2026-05-19 20:07:46,lombar,16788,248,892,82,-156,402,845873
2026-05-19 20:07:46,esterno,1604,16024,-1952,-105,323,-102,188462
2026-05-19 20:07:46,lombar,16788,180,892,-5,-290,328,845895
2026-05-19 20:07:46,esterno,1648,15924,-2084,-82,166,-67,188484
2026-05-19 20:07:46,lombar,16716,300,1048,58,-311,326,845917
2026-05-19 20:07:46,esterno,1740,15880,-2420,107,198,-31,188506
2026-05-19 20:07:46,lombar,16800,196,784,61,-109,312,845939
2026-05-19 20:07:47,lombar,16712,228,908,31,-236,295,845961
2026-05-19 20:07:47,esterno,1656,16060,-2188,-142,283,37,188528
2026-05-19 20:07:47,esterno,1640,15920,-2216,-229,272,55,188550
2026-05-19 20:07:47,lombar,16780,272,1120,101,-309,371,845983
2026-05-19 20:07:47,esterno,1704,15944,-2296,-133,236,-44,188572
2026-05-19 20:07:47,lombar,16792,296,972,119,-295,334,846005
2026-05-19 20:07:47,lombar,16768,308,976,145,-220,325,846027
2026-05-19 20:07:47,esterno,1676,15932,-2184,-178,259,-135,188594
2026-05-19 20:07:47,lombar,16584,160,984,182,-246,301,846049
2026-05-19 20:07:47,esterno,1612,15880,-2420,-172,266,-55,188616
2026-05-19 20:07:47,esterno,1680,15836,-2384,-287,-10,63,188638
2026-05-19 20:07:47,lombar,16720,152,1184,173,-407,280,846071
2026-05-19 20:07:47,esterno,1748,15940,-2240,-370,241,14,188660
2026-05-19 20:07:47,lombar,16672,364,1044,125,-340,404,846093
2026-05-19 20:07:47,lombar,16604,336,1028,77,-445,418,846115
2026-05-19 20:07:47,esterno,1548,16048,-2044,-481,175,-7,188682
2026-05-19 20:07:47,esterno,1696,15888,-2280,-484,-117,32,188704
2026-05-19 20:07:47,lombar,16676,204,928,48,-545,306,846137
2026-05-19 20:07:47,esterno,1732,15936,-2588,-413,-86,67,188726
2026-05-19 20:07:47,lombar,16780,208,1120,40,-429,369,846159
2026-05-19 20:07:47,lombar,16684,304,884,105,-607,436,846181
2026-05-19 20:07:47,esterno,1876,15808,-2332,-556,38,114,188748
2026-05-19 20:07:47,lombar,16672,240,1168,124,-696,357,846203
2026-05-19 20:07:47,esterno,1712,15900,-2252,-613,51,59,188770
2026-05-19 20:07:47,esterno,1580,15912,-2520,-580,19,49,188792
2026-05-19 20:07:47,lombar,16784,228,1072,111,-736,363,846225
2026-05-19 20:07:47,esterno,1656,15856,-2332,-656,51,63,188814
2026-05-19 20:07:47,lombar,16804,260,956,120,-700,355,846247
2026-05-19 20:07:47,esterno,1740,15876,-2140,-642,47,93,188836
2026-05-19 20:07:47,lombar,16636,244,824,157,-674,425,846269
2026-05-19 20:07:47,esterno,1696,15732,-2160,-594,183,84,188858
2026-05-19 20:07:47,lombar,16664,224,944,91,-913,336,846291
2026-05-19 20:07:47,esterno,1760,15892,-2004,-634,208,58,188880
2026-05-19 20:07:47,lombar,16912,152,684,-2,-856,388,846313
2026-05-19 20:07:47,esterno,1588,15992,-1920,-672,223,26,188902
2026-05-19 20:07:47,lombar,16756,52,884,32,-691,354,846335
2026-05-19 20:07:47,lombar,16580,228,828,95,-853,409,846357
2026-05-19 20:07:47,esterno,1740,16060,-1784,-685,-18,113,188924
2026-05-19 20:07:47,esterno,1544,15864,-2184,-581,77,54,188946
2026-05-19 20:07:47,lombar,16708,200,820,51,-772,376,846379
2026-05-19 20:07:47,esterno,1652,15864,-2032,-693,219,-5,188968
2026-05-19 20:07:47,lombar,16732,212,648,139,-639,408,846401
2026-05-19 20:07:47,esterno,1824,16052,-1652,-771,-202,83,188990
2026-05-19 20:07:47,lombar,16684,32,584,129,-858,308,846423
2026-05-19 20:07:47,esterno,1804,15976,-1816,-664,-220,209,189012
2026-05-19 20:07:47,lombar,16760,96,744,179,-1085,365,846445
2026-05-19 20:07:47,esterno,1572,15884,-2076,-739,208,191,189034
2026-05-19 20:07:47,lombar,16720,192,716,202,-897,415,846467
2026-05-19 20:07:47,lombar,16752,320,600,154,-746,353,846489
2026-05-19 20:07:47,esterno,1664,15764,-2216,-827,158,68,189056
2026-05-19 20:07:47,lombar,16716,240,700,52,-907,388,846511
2026-05-19 20:07:47,esterno,1788,15864,-2000,-679,146,22,189078
2026-05-19 20:07:47,lombar,16788,280,580,19,-984,456,846533
2026-05-19 20:07:47,esterno,1728,15872,-1708,-641,326,49,189100
2026-05-19 20:07:47,esterno,1716,15908,-1584,-822,275,107,189122
2026-05-19 20:07:47,lombar,16644,272,724,60,-1134,370,846555
2026-05-19 20:07:47,lombar,16728,212,500,57,-933,299,846577
2026-05-19 20:07:47,esterno,1772,15868,-1916,-664,274,144,189144
2026-05-19 20:07:47,lombar,16800,208,568,64,-645,280,846599
2026-05-19 20:07:47,esterno,1832,15852,-1708,-696,442,56,189166
2026-05-19 20:07:47,esterno,1716,15756,-1608,-850,462,-49,189188
2026-05-19 20:07:47,lombar,16824,148,488,107,-807,432,846621
2026-05-19 20:07:47,esterno,1704,15788,-1436,-552,314,-41,189210
2026-05-19 20:07:47,lombar,16820,64,384,169,-1083,459,846643
2026-05-19 20:07:47,lombar,16580,292,368,194,-806,466,846665
2026-05-19 20:07:47,esterno,1628,15804,-1688,-449,375,4,189232
2026-05-19 20:07:47,esterno,1628,15700,-1704,-474,419,-4,189254
2026-05-19 20:07:47,lombar,16624,252,392,169,-947,311,846687
2026-05-19 20:07:47,lombar,16808,112,296,112,-784,321,846709
2026-05-19 20:07:47,esterno,1812,15780,-1440,-580,206,83,189276
2026-05-19 20:07:47,esterno,1968,15816,-1468,-537,271,74,189298
2026-05-19 20:07:47,lombar,16692,116,32,105,-813,282,846731
2026-05-19 20:07:47,esterno,1780,15792,-1244,-352,432,-41,189320
2026-05-19 20:07:47,lombar,16752,300,80,143,-900,428,846753
2026-05-19 20:07:47,lombar,16816,224,320,133,-835,412,846775
2026-05-19 20:07:47,esterno,1848,15996,-1392,-324,272,-22,189342
2026-05-19 20:07:47,esterno,1876,15924,-1428,-161,192,6,189364
2026-05-19 20:07:47,lombar,16912,48,68,221,-854,301,846797
2026-05-19 20:07:47,esterno,1712,15948,-1456,-116,222,-8,189386
2026-05-19 20:07:47,lombar,16684,164,-80,162,-566,358,846819
2026-05-19 20:07:47,lombar,16628,248,-172,153,-633,387,846841
2026-05-19 20:07:47,esterno,1752,15828,-1448,-260,233,12,189408
2026-05-19 20:07:47,lombar,16752,188,16,193,-856,426,846863
2026-05-19 20:07:47,esterno,1780,15836,-1228,-181,297,111,189430
2026-05-19 20:07:47,esterno,1740,15952,-1668,-10,212,90,189452
2026-05-19 20:07:47,lombar,16872,100,224,150,-732,394,846885
2026-05-19 20:07:47,esterno,1748,15916,-1380,37,258,-43,189474
2026-05-19 20:07:47,lombar,16748,180,20,99,-585,372,846907
2026-05-19 20:07:47,lombar,16648,156,16,147,-730,371,846929
2026-05-19 20:07:47,esterno,1752,15904,-1448,4,207,-57,189496
2026-05-19 20:07:47,lombar,16692,212,-164,152,-782,418,846951
2026-05-19 20:07:47,esterno,1796,15852,-1396,52,209,-17,189518
2026-05-19 20:07:48,lombar,16844,160,0,71,-659,381,846973
2026-05-19 20:07:48,esterno,1740,15788,-1464,-30,47,43,189540
2026-05-19 20:07:48,lombar,16884,56,28,96,-578,333,846995
2026-05-19 20:07:48,esterno,1636,15744,-1564,-22,137,-20,189562
2026-05-19 20:07:48,lombar,16828,140,-8,121,-557,354,847017
2026-05-19 20:07:48,esterno,1752,15760,-1248,19,56,-47,189584
2026-05-19 20:07:48,lombar,16748,48,-8,93,-586,367,847039
2026-05-19 20:07:48,esterno,1820,15868,-1432,174,5,-18,189606
2026-05-19 20:07:48,esterno,1704,15956,-1784,240,336,-61,189628
2026-05-19 20:07:48,lombar,16748,180,-152,111,-465,378,847061
2026-05-19 20:07:48,esterno,1852,15836,-1556,205,7,-121,189650
2026-05-19 20:07:48,lombar,16820,108,-124,160,-571,358,847083
2026-05-19 20:07:48,esterno,1732,15752,-1308,242,-212,-90,189672
2026-05-19 20:07:48,lombar,16836,104,68,273,-487,285,847105
2026-05-19 20:07:48,esterno,1824,15760,-1996,318,37,-27,189694
2026-05-19 20:07:48,lombar,16620,292,-400,135,-287,333,847127
2026-05-19 20:07:48,lombar,16756,268,-116,81,-334,396,847149
2026-05-19 20:07:48,esterno,1796,15836,-1764,258,476,-79,189716
2026-05-19 20:07:48,esterno,1992,16100,-1432,293,447,-52,189738
2026-05-19 20:07:48,lombar,16912,104,-188,93,-322,377,847171
2026-05-19 20:07:48,esterno,1740,16308,-1076,363,483,-105,189760
2026-05-19 20:07:48,lombar,16944,136,-224,105,-541,349,847193
2026-05-19 20:07:48,esterno,1700,16132,-1320,193,377,-127,189782
2026-05-19 20:07:48,lombar,16716,132,-204,88,-280,398,847215
2026-05-19 20:07:48,esterno,1608,15744,-1532,154,254,11,189804
2026-05-19 20:07:48,lombar,16608,172,-204,127,-287,282,847237
2026-05-19 20:07:48,esterno,1668,15720,-1780,306,270,61,189826
2026-05-19 20:07:48,lombar,16756,196,-276,197,-210,273,847259
2026-05-19 20:07:48,lombar,16828,76,-92,224,-279,344,847281
2026-05-19 20:07:48,esterno,1760,15724,-1732,311,370,5,189848
2026-05-19 20:07:48,esterno,1708,15856,-1884,312,309,-79,189870
2026-05-19 20:07:48,lombar,16600,124,-440,163,95,360,847303
2026-05-19 20:07:48,lombar,16660,96,120,113,-304,304,847325
2026-05-19 20:07:48,esterno,1628,16044,-1840,290,232,-114,189892
2026-05-19 20:07:48,esterno,1528,16060,-1772,244,311,-43,189914
2026-05-19 20:07:48,lombar,16924,140,116,263,-398,291,847347
2026-05-19 20:07:48,esterno,1440,15828,-2032,202,206,1,189936
2026-05-19 20:07:48,lombar,16736,8,-216,227,-51,344,847369
2026-05-19 20:07:48,esterno,1828,15792,-1932,199,211,-3,189958
2026-05-19 20:07:48,lombar,16664,124,28,357,-201,326,847391
2026-05-19 20:07:48,esterno,1828,15764,-1864,267,330,-112,189980
2026-05-19 20:07:48,lombar,16804,268,140,337,-52,333,847413
2026-05-19 20:07:48,lombar,16856,216,-296,251,64,344,847435
2026-05-19 20:07:48,esterno,1720,15824,-1728,345,120,-87,190002
2026-05-19 20:07:48,esterno,1752,15840,-1852,480,71,16,190024
2026-05-19 20:07:48,lombar,16512,28,-436,6,498,171,847457
2026-05-19 20:07:48,esterno,1816,16112,-1648,420,53,46,190046
2026-05-19 20:07:48,lombar,16680,-24,-180,151,179,235,847479
2026-05-19 20:07:48,esterno,1848,16076,-1716,218,100,45,190068
2026-05-19 20:07:48,lombar,16884,132,56,339,75,407,847501
2026-05-19 20:07:48,esterno,1808,16028,-1880,193,200,-4,190090
2026-05-19 20:07:48,lombar,16748,392,-24,262,237,414,847523
2026-05-19 20:07:48,lombar,16812,264,-20,69,16,334,847545
2026-05-19 20:07:48,esterno,1856,15804,-2092,281,155,-27,190112
2026-05-19 20:07:48,lombar,16856,160,-12,14,-65,343,847567
2026-05-19 20:07:48,esterno,1828,15928,-2104,372,145,-49,190134
2026-05-19 20:07:48,lombar,16720,188,-16,-8,-79,393,847589
2026-05-19 20:07:48,esterno,1716,16068,-1808,272,107,-103,190156
2026-05-19 20:07:48,esterno,1644,15880,-1996,192,40,-95,190178
2026-05-19 20:07:48,lombar,16768,128,4,51,-74,349,847611
2026-05-19 20:07:48,esterno,1744,15756,-2276,181,2,-98,190200
2026-05-19 20:07:48,lombar,16800,188,72,72,-35,356,847633
2026-05-19 20:07:48,esterno,1696,15716,-2264,188,25,-114,190222
2026-05-19 20:07:48,lombar,16880,248,80,101,-67,387,847655
2026-05-19 20:07:48,esterno,1716,15984,-2064,195,6,-114,190244
2026-05-19 20:07:48,esterno,1832,15840,-2240,386,25,-141,190266
2026-05-19 20:07:48,lombar,16672,184,88,0,-49,447,847677
2026-05-19 20:07:48,lombar,16696,4,160,-187,-94,368,847699
2026-05-19 20:07:48,esterno,1760,15720,-2296,385,271,-257,190288
2026-05-19 20:07:48,lombar,16760,180,80,-96,-78,415,847721
2026-05-19 20:07:48,esterno,1808,15860,-1876,55,-200,-220,190310
2026-05-19 20:07:48,lombar,16780,52,84,50,51,356,847743
2026-05-19 20:07:48,esterno,1656,15924,-2260,163,-139,4,190332
2026-05-19 20:07:48,lombar,16916,120,-76,84,-58,378,847765
2026-05-19 20:07:48,lombar,16668,220,172,181,41,462,847787
2026-05-19 20:07:48,esterno,1668,15852,-2576,288,235,-41,190354
2026-05-19 20:07:48,esterno,1660,15716,-2564,167,383,-218,190376
2026-05-19 20:07:48,lombar,16692,124,408,14,-50,277,847809
2026-05-19 20:07:48,lombar,16784,8,108,-14,-63,314,847831
2026-05-19 20:07:48,esterno,1832,15940,-2364,276,447,-174,190398
2026-05-19 20:07:48,esterno,1676,16088,-1944,194,483,-127,190420
2026-05-19 20:07:48,lombar,16708,120,176,21,-35,375,847853
2026-05-19 20:07:48,esterno,1472,16000,-2048,2,395,-99,190442
2026-05-19 20:07:48,lombar,16708,108,164,6,31,367,847875
2026-05-19 20:07:48,lombar,16624,48,180,117,15,335,847897
2026-05-19 20:07:48,esterno,1580,15788,-2476,32,321,-121,190464
2026-05-19 20:07:48,esterno,1624,15740,-2508,101,277,-132,190486
2026-05-19 20:07:48,lombar,16744,80,384,135,-81,349,847919
2026-05-19 20:07:48,lombar,16740,108,520,191,-73,340,847941
2026-05-19 20:07:48,esterno,1540,15792,-2304,22,339,-105,190508
2026-05-19 20:07:49,esterno,1624,15856,-2452,12,335,-97,190530
2026-05-19 20:07:49,lombar,16752,124,344,147,-50,413,847963
2026-05-19 20:07:49,esterno,1696,15960,-2224,-69,44,-71,190552
2026-05-19 20:07:49,lombar,16708,104,296,85,-48,323,847985
2026-05-19 20:07:49,esterno,1504,15756,-2272,-11,173,-101,190574
2026-05-19 20:07:49,lombar,16724,108,292,41,-31,295,848007
2026-05-19 20:07:49,lombar,16736,12,480,76,-75,303,848029
2026-05-19 20:07:49,esterno,1500,15824,-2240,-13,129,23,190596
2026-05-19 20:07:49,esterno,1640,15744,-2288,51,154,11,190618
2026-05-19 20:07:49,lombar,16756,68,328,176,-122,393,848051
2026-05-19 20:07:49,esterno,1400,15756,-1992,171,270,-45,190640
2026-05-19 20:07:49,lombar,16728,140,240,31,-101,350,848073
2026-05-19 20:07:49,lombar,16748,72,388,70,-78,292,848095
2026-05-19 20:07:49,esterno,1428,15916,-2100,112,-74,-13,190662
2026-05-19 20:07:49,esterno,1584,15980,-2520,80,-104,14,190684
2026-05-19 20:07:49,lombar,16772,-52,308,81,-8,321,848117
2026-05-19 20:07:49,esterno,1696,15900,-2420,5,-68,2,190706
2026-05-19 20:07:49,lombar,16892,176,300,168,-12,366,848139
2026-05-19 20:07:49,lombar,16680,148,460,62,-179,396,848161
2026-05-19 20:07:49,esterno,1664,15952,-2228,-76,36,-7,190728
2026-05-19 20:07:49,lombar,16824,120,412,7,-177,346,848183
2026-05-19 20:07:49,esterno,1748,15872,-2288,-14,38,-51,190750
2026-05-19 20:07:49,esterno,1520,15852,-2416,18,96,-68,190772
2026-05-19 20:07:49,lombar,16720,120,436,-10,-107,318,848205
2026-05-19 20:07:49,esterno,1548,15816,-2312,-66,81,-88,190794
2026-05-19 20:07:49,lombar,16716,56,588,24,-172,329,848227
2026-05-19 20:07:49,esterno,1592,15856,-2508,-14,105,5,190816
2026-05-19 20:07:49,lombar,16736,84,572,17,-120,365,848249
2026-05-19 20:07:49,esterno,1560,15844,-2520,-26,158,-20,190838
2026-05-19 20:07:49,lombar,16780,84,484,48,-73,320,848271
2026-05-19 20:07:49,esterno,1444,15836,-2520,-8,108,-47,190860
2026-05-19 20:07:49,lombar,16832,248,592,65,-160,332,848293
2026-05-19 20:07:49,esterno,1388,15748,-2372,64,53,-29,190882
2026-05-19 20:07:49,lombar,16752,172,484,78,-58,309,848315
2026-05-19 20:07:49,esterno,1676,15804,-2340,14,49,29,190904
2026-05-19 20:07:49,lombar,16748,164,676,57,-42,328,848337
2026-05-19 20:07:49,lombar,16644,-4,536,109,-174,282,848359
2026-05-19 20:07:49,esterno,1696,15872,-2344,19,65,93,190926
2026-05-19 20:07:49,esterno,1636,15916,-2780,175,352,30,190948
2026-05-19 20:07:49,lombar,16788,32,332,214,-89,319,848381
2026-05-19 20:07:49,lombar,16804,80,504,67,-158,244,848403
2026-05-19 20:07:49,esterno,1640,15932,-2196,36,132,-49,190970
2026-05-19 20:07:49,esterno,1680,15836,-2496,-1,-185,25,190992
2026-05-19 20:07:49,lombar,16772,72,396,187,-130,293,848425
2026-05-19 20:07:49,lombar,16652,112,292,50,-76,253,848447
2026-05-19 20:07:49,esterno,1520,15856,-2768,216,189,79,191014
2026-05-19 20:07:49,esterno,1528,15728,-2616,94,244,64,191036
2026-05-19 20:07:49,lombar,16772,156,408,126,-120,325,848469
2026-05-19 20:07:49,lombar,16816,20,276,85,-2,294,848491
2026-05-19 20:07:49,esterno,1672,15752,-2452,63,162,11,191058
2026-05-19 20:07:49,esterno,1636,16020,-2352,117,292,-68,191080
2026-05-19 20:07:49,lombar,16816,268,344,44,-35,329,848513
2026-05-19 20:07:49,esterno,1480,16044,-2436,-90,147,-6,191102
2026-05-19 20:07:49,lombar,16800,176,452,-7,-142,318,848535
2026-05-19 20:07:49,lombar,16680,36,456,-5,-104,284,848557
2026-05-19 20:07:49,esterno,1492,15772,-2548,-16,35,92,191124
2026-05-19 20:07:49,esterno,1652,15756,-2552,133,32,75,191146
2026-05-19 20:07:49,lombar,16660,72,460,19,-6,318,848579
2026-05-19 20:07:49,esterno,1732,15800,-2712,-52,171,-5,191168
2026-05-19 20:07:49,lombar,16688,124,688,45,-94,280,848601
2026-05-19 20:07:49,esterno,1612,15768,-2660,-65,208,-12,191190
2026-05-19 20:07:49,lombar,16832,132,368,67,-149,345,848623
2026-05-19 20:07:49,esterno,1756,15872,-2352,-60,115,7,191212
2026-05-19 20:07:49,lombar,16752,120,616,22,-74,346,848645
2026-05-19 20:07:49,lombar,16804,132,680,-7,-218,325,848667
2026-05-19 20:07:49,esterno,1452,15960,-2448,-34,195,122,191234
2026-05-19 20:07:49,esterno,1568,15856,-2604,-35,112,80,191256
2026-05-19 20:07:49,lombar,16672,116,628,89,-99,262,848689
2026-05-19 20:07:49,lombar,16764,88,532,168,3,277,848711
2026-05-19 20:07:49,esterno,1732,15752,-2768,-119,48,61,191278
2026-05-19 20:07:49,lombar,16664,264,664,99,-45,331,848733
2026-05-19 20:07:49,esterno,1588,15772,-2804,-133,305,19,191300
2026-05-19 20:07:49,lombar,16968,372,684,74,-104,442,848755
2026-05-19 20:07:49,esterno,1472,15932,-2340,-39,185,50,191322
2026-05-19 20:07:49,esterno,1596,15844,-2464,-5,-42,37,191344
2026-05-19 20:07:49,lombar,16616,84,628,56,-71,316,848777
2026-05-19 20:07:49,esterno,1688,15968,-2704,-51,38,66,191366
2026-05-19 20:07:49,lombar,16748,88,520,90,55,318,848799
2026-05-19 20:07:49,lombar,16688,192,508,50,-164,338,848821
2026-05-19 20:07:49,esterno,1556,15904,-2596,-122,39,100,191388
2026-05-19 20:07:49,lombar,16764,176,824,19,-176,360,848843
2026-05-19 20:07:49,esterno,1624,15856,-2444,-53,-5,60,191410
2026-05-19 20:07:49,esterno,1664,15864,-2512,10,30,51,191432
2026-05-19 20:07:49,lombar,16708,224,580,8,-23,355,848865
2026-05-19 20:07:49,esterno,1604,15848,-2656,-20,38,-5,191454
2026-05-19 20:07:49,lombar,16780,48,736,74,-57,342,848887
2026-05-19 20:07:49,esterno,1644,15792,-2640,-53,73,-53,191476
2026-05-19 20:07:49,lombar,16820,192,688,25,-144,334,848909
2026-05-19 20:07:49,esterno,1636,15848,-2640,-42,99,-40,191498
2026-05-19 20:07:49,lombar,16804,112,680,-84,-47,340,848931
2026-05-19 20:07:50,esterno,1696,15760,-2696,41,86,21,191520
2026-05-19 20:07:50,lombar,16860,132,696,8,-137,325,848953
2026-05-19 20:07:50,lombar,16656,92,568,-28,-149,387,848975
2026-05-19 20:07:50,esterno,1592,15784,-2688,-33,83,-11,191542
2026-05-19 20:07:50,esterno,1580,15848,-2656,-99,97,-26,191564
2026-05-19 20:07:50,lombar,16704,112,708,55,-120,359,848997
2026-05-19 20:07:50,lombar,16748,228,780,73,-50,314,849019
2026-05-19 20:07:50,esterno,1584,15908,-2524,-92,-17,-42,191586
2026-05-19 20:07:50,esterno,1652,15884,-2780,57,33,-8,191608
2026-05-19 20:07:50,lombar,16728,156,836,58,-141,275,849041
2026-05-19 20:07:50,esterno,1396,15824,-2808,161,333,-30,191630
2026-05-19 20:07:50,lombar,16756,148,684,20,-230,373,849063
2026-05-19 20:07:50,esterno,1668,15784,-2480,-68,-166,-3,191652
2026-05-19 20:07:50,lombar,16696,36,620,-30,-92,268,849085
2026-05-19 20:07:50,esterno,1512,15872,-2552,-106,-223,-3,191674
2026-05-19 20:07:50,lombar,16780,140,548,126,-158,298,849107
2026-05-19 20:07:50,esterno,1536,15764,-2896,-38,82,55,191696
2026-05-19 20:07:50,lombar,16796,160,888,132,-142,318,849129
2026-05-19 20:07:50,esterno,1664,15680,-2852,-2,235,41,191718
2026-05-19 20:07:50,lombar,16852,148,824,102,-166,316,849151
2026-05-19 20:07:50,lombar,16728,204,744,113,-129,343,849173
2026-05-19 20:07:50,esterno,1728,15924,-2808,0,239,-22,191740
2026-05-19 20:07:50,esterno,1616,15824,-2724,52,337,-84,191762
2026-05-19 20:07:50,lombar,16728,160,920,-14,-76,365,849195
2026-05-19 20:07:50,esterno,1536,15784,-2564,-19,210,-75,191784
2026-05-19 20:07:50,lombar,16816,48,764,7,-227,347,849217
2026-05-19 20:07:50,esterno,1512,15752,-2792,116,134,-17,191806
2026-05-19 20:07:50,lombar,16728,72,620,-69,-73,263,849239
2026-05-19 20:07:50,esterno,1540,15868,-2704,90,163,76,191828
2026-05-19 20:07:50,lombar,16820,44,804,32,-191,208,849261
2026-05-19 20:07:50,esterno,1624,15872,-2536,-130,247,96,191850
2026-05-19 20:07:50,lombar,16708,140,808,-32,-249,356,849283
2026-05-19 20:07:50,lombar,16824,200,856,99,-214,344,849305
2026-05-19 20:07:50,esterno,1604,15904,-2592,-117,271,-32,191872
2026-05-19 20:07:50,lombar,16812,20,780,146,-140,222,849327
2026-05-19 20:07:50,esterno,1660,15832,-2792,-92,228,-85,191894
2026-05-19 20:07:50,esterno,1468,15796,-2792,-86,269,-25,191916
2026-05-19 20:07:50,lombar,16768,108,940,118,-190,326,849349
2026-05-19 20:07:50,esterno,1508,15704,-2880,-110,238,49,191938
2026-05-19 20:07:50,lombar,16756,124,740,154,-111,277,849371
2026-05-19 20:07:50,lombar,16704,336,592,157,-100,282,849393
2026-05-19 20:07:50,esterno,1664,15752,-2748,-215,163,38,191960
2026-05-19 20:07:50,esterno,1528,15908,-2624,-214,305,28,191982
2026-05-19 20:07:50,lombar,16660,304,684,29,-269,320,849415
2026-05-19 20:07:50,esterno,1488,15928,-2452,-170,120,55,192004
2026-05-19 20:07:50,lombar,16804,148,812,45,-219,284,849437
2026-05-19 20:07:50,esterno,1524,15852,-2704,-198,-6,114,192026
2026-05-19 20:07:50,lombar,16696,44,768,56,-97,254,849459
2026-05-19 20:07:50,lombar,16672,180,804,55,-165,243,849481
2026-05-19 20:07:50,esterno,1784,15788,-2872,-284,45,134,192048
2026-05-19 20:07:50,esterno,1628,15788,-2700,-323,107,67,192070
2026-05-19 20:07:50,lombar,16648,224,848,55,-189,353,849503
2026-05-19 20:07:50,lombar,16796,144,700,41,-201,356,849525
2026-05-19 20:07:50,esterno,1604,15676,-2676,-197,117,35,192092
2026-05-19 20:07:50,esterno,1636,15752,-2656,-119,90,130,192114
2026-05-19 20:07:50,lombar,16720,136,864,76,-124,229,849547
2026-05-19 20:07:50,esterno,1544,15860,-2688,-251,128,155,192136
2026-05-19 20:07:50,lombar,16784,144,924,98,-103,278,849569
2026-05-19 20:07:50,lombar,16748,140,844,69,-76,313,849591
2026-05-19 20:07:50,esterno,1668,15864,-2464,-318,164,79,192158
2026-05-19 20:07:50,esterno,1592,15832,-2484,-230,101,16,192180
2026-05-19 20:07:50,lombar,16748,184,684,75,-8,259,849613
2026-05-19 20:07:50,lombar,16740,-16,952,33,-63,281,849635
2026-05-19 20:07:50,esterno,1612,15852,-2684,-187,52,51,192202
2026-05-19 20:07:50,esterno,1608,15820,-2640,-267,99,73,192224
2026-05-19 20:07:50,lombar,16652,76,812,82,-104,315,849657
2026-05-19 20:07:50,esterno,1616,15840,-2916,-348,163,35,192246
2026-05-19 20:07:50,lombar,16748,188,956,144,-53,340,849679
2026-05-19 20:07:50,esterno,1612,15828,-2688,-371,101,-46,192268
2026-05-19 20:07:50,lombar,16656,224,952,157,-201,286,849701
2026-05-19 20:07:50,esterno,1556,15764,-2564,-314,20,-93,192290
2026-05-19 20:07:50,lombar,16784,224,992,46,-251,372,849723
2026-05-19 20:07:50,esterno,1828,15696,-2864,-202,68,-24,192312
2026-05-19 20:07:50,lombar,16628,204,908,-25,-277,402,849745
2026-05-19 20:07:50,esterno,1608,15776,-2856,-164,321,-135,192334
2026-05-19 20:07:50,lombar,16812,356,1084,12,-325,348,849767
2026-05-19 20:07:50,lombar,16756,84,940,4,-245,364,849789
2026-05-19 20:07:50,esterno,1676,15824,-2640,-309,-257,-197,192356
2026-05-19 20:07:50,esterno,1612,15952,-2672,-276,-284,-34,192378
2026-05-19 20:07:50,lombar,16804,176,940,99,-212,343,849811
2026-05-19 20:07:50,lombar,16796,292,896,150,-261,327,849833
2026-05-19 20:07:50,esterno,1520,15912,-2952,-185,-77,59,192400
2026-05-19 20:07:50,esterno,1560,15792,-2764,-171,180,38,192422
2026-05-19 20:07:50,lombar,16768,248,1084,102,-211,390,849855
2026-05-19 20:07:50,esterno,1860,15700,-2696,-54,96,-27,192444
2026-05-19 20:07:50,lombar,16700,288,904,34,-211,352,849877
2026-05-19 20:07:50,esterno,1684,15988,-2624,-54,383,-137,192466
2026-05-19 20:07:50,lombar,16836,260,960,-48,-269,368,849899
2026-05-19 20:07:50,esterno,1564,16032,-2520,-237,260,-42,192488
2026-05-19 20:07:50,lombar,16688,72,848,46,-287,346,849921
2026-05-19 20:07:50,lombar,16720,80,1000,117,-190,322,849943
2026-05-19 20:07:50,esterno,1508,15816,-2696,-29,167,62,192510
2026-05-19 20:07:51,esterno,1664,15784,-2660,-117,361,26,192532
2026-05-19 20:07:51,lombar,16768,164,856,152,-171,258,849965
2026-05-19 20:07:51,esterno,1532,15808,-2600,-288,328,24,192554
2026-05-19 20:07:51,lombar,16772,104,1016,123,-339,370,849987
2026-05-19 20:07:51,lombar,16756,180,1104,80,-308,366,850009
2026-05-19 20:07:51,esterno,1436,15784,-2624,-220,255,-68,192576
2026-05-19 20:07:51,esterno,1496,15884,-2628,-166,237,-52,192598
2026-05-19 20:07:51,lombar,16600,208,908,77,-172,299,850031
2026-05-19 20:07:51,esterno,1316,15784,-2628,-237,289,0,192620
2026-05-19 20:07:51,lombar,16696,184,964,82,-207,332,850053
2026-05-19 20:07:51,esterno,1580,15904,-2720,-238,222,65,192642
2026-05-19 20:07:51,lombar,16728,172,772,159,-76,317,850075
2026-05-19 20:07:51,lombar,16776,88,776,189,-129,300,850097
2026-05-19 20:07:51,esterno,1800,15828,-2656,-301,89,-5,192664
2026-05-19 20:07:51,esterno,1588,15868,-2504,-318,334,-93,192686
2026-05-19 20:07:51,lombar,16776,192,944,107,-267,371,850119
2026-05-19 20:07:51,lombar,16752,236,1032,78,-326,390,850141
2026-05-19 20:07:51,esterno,1480,15904,-2244,-310,221,-51,192708
2026-05-19 20:07:51,esterno,1624,15868,-2480,-306,-68,42,192730
2026-05-19 20:07:51,lombar,16824,-28,840,128,-177,288,850163
2026-05-19 20:07:51,esterno,1676,15820,-2524,-314,-56,81,192752
2026-05-19 20:07:51,lombar,16704,128,940,95,-86,300,850185
2026-05-19 20:07:51,lombar,16800,340,948,11,-333,367,850207
2026-05-19 20:07:51,esterno,1736,15864,-2560,-413,17,20,192774
2026-05-19 20:07:51,esterno,1704,15844,-2620,-343,55,48,192796
2026-05-19 20:07:51,lombar,16852,248,1056,29,-435,306,850229
2026-05-19 20:07:51,lombar,16812,180,1076,46,-196,308,850251
2026-05-19 20:07:51,esterno,1544,15800,-2676,-284,142,67,192818
2026-05-19 20:07:51,esterno,1736,15856,-2524,-302,194,32,192840
2026-05-19 20:07:51,lombar,16732,0,844,90,-193,371,850273
2026-05-19 20:07:51,esterno,1696,15704,-2420,-224,234,-75,192862
2026-05-19 20:07:51,lombar,16820,164,912,67,-284,392,850295
2026-05-19 20:07:51,esterno,1584,15764,-2432,-151,252,-140,192884
2026-05-19 20:07:51,lombar,16656,272,772,130,-256,373,850317
2026-05-19 20:07:51,esterno,1568,15936,-2528,-184,217,-11,192906
2026-05-19 20:07:51,lombar,16724,240,936,122,-171,310,850339
2026-05-19 20:07:51,esterno,1552,15812,-2508,-196,85,73,192928
2026-05-19 20:07:51,lombar,16756,256,732,119,-268,303,850361
2026-05-19 20:07:51,esterno,1480,15760,-2728,-172,-7,51,192950
2026-05-19 20:07:51,lombar,16804,188,1128,79,-309,393,850383
2026-05-19 20:07:51,esterno,1660,15784,-2576,-248,-13,23,192972
2026-05-19 20:07:51,lombar,16684,196,1036,80,-274,391,850405
2026-05-19 20:07:51,lombar,16732,144,968,113,-272,329,850427
2026-05-19 20:07:51,esterno,1744,15772,-2460,-271,57,-23,192994
2026-05-19 20:07:51,lombar,16812,108,964,133,-236,353,850449
2026-05-19 20:07:51,esterno,1736,15848,-2448,-218,23,-37,193016
2026-05-19 20:07:51,lombar,16712,212,1028,124,-226,357,850471
2026-05-19 20:07:51,esterno,1652,15856,-2756,-74,394,-55,193038
2026-05-19 20:07:51,esterno,1568,15788,-2456,-236,81,-102,193060
2026-05-19 20:07:51,lombar,16748,248,1060,69,-302,319,850493
2026-05-19 20:07:51,lombar,16852,92,920,111,-230,284,850515
2026-05-19 20:07:51,esterno,1680,15832,-2512,-244,-133,-7,193082
2026-05-19 20:07:51,esterno,1568,15860,-2628,-187,-33,114,193104
2026-05-19 20:07:51,lombar,16732,112,988,160,-173,303,850537
2026-05-19 20:07:51,lombar,16732,312,1008,141,-216,304,850559
2026-05-19 20:07:51,esterno,1540,15796,-2648,-230,229,129,193126
2026-05-19 20:07:51,lombar,16784,220,980,110,-252,360,850581
2026-05-19 20:07:51,esterno,1684,15748,-2516,-174,251,51,193148
2026-05-19 20:07:51,lombar,16840,344,892,77,-146,345,850603
2026-05-19 20:07:51,esterno,1696,15764,-2448,8,363,-101,193170
2026-05-19 20:07:51,esterno,1396,16008,-2412,-85,291,-126,193192
2026-05-19 20:07:51,lombar,16780,144,1164,-56,-301,375,850625
2026-05-19 20:07:51,esterno,1544,15880,-2676,-46,116,39,193214
2026-05-19 20:07:51,lombar,16784,200,980,72,-177,327,850647
2026-05-19 20:07:51,esterno,1608,15760,-2568,34,155,85,193236
2026-05-19 20:07:51,lombar,16820,80,952,105,-136,282,850669
2026-05-19 20:07:51,esterno,1608,15868,-2420,-119,306,-26,193258
2026-05-19 20:07:51,lombar,16752,176,1052,168,-232,336,850691
2026-05-19 20:07:51,esterno,1496,15880,-2324,-99,246,-23,193280
2026-05-19 20:07:51,lombar,16812,224,1204,118,-256,323,850713
2026-05-19 20:07:51,esterno,1508,15856,-2396,-35,92,-19,193302
2026-05-19 20:07:51,lombar,16736,196,876,92,-166,368,850735
2026-05-19 20:07:51,lombar,16772,140,1072,64,-83,307,850757
2026-05-19 20:07:51,esterno,1532,15852,-2596,-165,284,110,193324
2026-05-19 20:07:51,esterno,1592,15936,-2784,-175,268,77,193346
2026-05-19 20:07:51,lombar,16872,164,1152,103,-236,282,850779
2026-05-19 20:07:51,esterno,1732,15868,-2684,-185,158,87,193368
2026-05-19 20:07:51,lombar,16716,100,1056,107,-119,318,850801
2026-05-19 20:07:51,esterno,1804,15892,-2508,-261,316,6,193390
2026-05-19 20:07:51,lombar,16716,152,892,165,-156,296,850823
2026-05-19 20:07:51,esterno,1628,15780,-2428,-275,448,-9,193412
2026-05-19 20:07:51,lombar,16740,320,980,31,-335,336,850845
2026-05-19 20:07:51,lombar,16772,164,1088,140,-297,319,850867
2026-05-19 20:07:51,esterno,1636,15852,-2516,-279,139,39,193434
2026-05-19 20:07:51,esterno,1612,15784,-2440,-181,78,65,193456
2026-05-19 20:07:51,lombar,16812,36,1052,211,-59,261,850889
2026-05-19 20:07:51,lombar,16640,96,988,206,-163,332,850911
2026-05-19 20:07:51,esterno,1744,15840,-2392,-303,113,37,193478
2026-05-19 20:07:51,esterno,1668,15900,-2580,-276,128,51,193500
2026-05-19 20:07:51,lombar,16752,264,1112,96,-391,352,850933
2026-05-19 20:07:52,esterno,1656,15880,-2516,-71,66,67,193522
2026-05-19 20:07:52,lombar,16788,184,1004,55,-201,315,850955
2026-05-19 20:07:52,esterno,1664,15908,-2376,-56,53,42,193544
2026-05-19 20:07:52,lombar,16716,196,1040,47,-87,282,850977
2026-05-19 20:07:52,esterno,1668,15932,-2504,-118,59,-28,193566
2026-05-19 20:07:52,lombar,16744,180,1112,33,-366,370,850999
2026-05-19 20:07:52,esterno,1732,15848,-2344,-87,51,-18,193588
2026-05-19 20:07:52,lombar,16724,264,1144,23,-298,367,851021
2026-05-19 20:07:52,esterno,1620,15704,-2424,-79,54,24,193610
2026-05-19 20:07:52,lombar,16708,84,1200,-7,-320,322,851043
2026-05-19 20:07:52,lombar,16728,184,1008,42,-330,322,851065
2026-05-19 20:07:52,esterno,1548,15704,-2644,-90,108,27,193632
2026-05-19 20:07:52,esterno,1632,15844,-2568,-99,139,-28,193654
2026-05-19 20:07:52,lombar,16716,188,988,57,-295,306,851087
2026-05-19 20:07:52,esterno,1664,15792,-2692,-135,158,-54,193676
2026-05-19 20:07:52,lombar,16776,80,1012,36,-256,381,851109
2026-05-19 20:07:52,esterno,1640,15928,-2476,-105,132,-5,193698
2026-05-19 20:07:52,lombar,16848,164,1072,96,-217,387,851131
2026-05-19 20:07:52,esterno,1744,15876,-2228,0,77,54,193720
2026-05-19 20:07:52,lombar,16660,224,1108,106,-212,356,851153
2026-05-19 20:07:52,lombar,16736,116,772,74,-317,310,851175
2026-05-19 20:07:52,esterno,1596,15960,-2460,57,-36,-25,193742
2026-05-19 20:07:52,esterno,1500,15828,-2768,149,337,-78,193764
2026-05-19 20:07:52,lombar,16792,32,1228,56,-234,256,851197
2026-05-19 20:07:52,esterno,1676,15744,-2304,26,-37,-122,193786
2026-05-19 20:07:52,lombar,16768,212,952,106,-240,340,851219
2026-05-19 20:07:52,esterno,1684,15824,-2268,61,-185,-28,193808
2026-05-19 20:07:52,lombar,16584,-40,848,202,-321,287,851241
2026-05-19 20:07:52,esterno,1764,15784,-2948,137,147,-31,193830
2026-05-19 20:07:52,lombar,16820,224,1072,258,-265,381,851263
2026-05-19 20:07:52,esterno,1692,15684,-2904,135,694,-256,193852
2026-05-19 20:07:52,lombar,16840,484,1076,247,-239,485,851285
2026-05-19 20:07:52,esterno,1816,15692,-2692,258,581,-363,193874
2026-05-19 20:07:52,lombar,16768,352,1296,89,-479,447,851307
2026-05-19 20:07:52,esterno,1700,15632,-2600,555,494,-324,193896
2026-05-19 20:07:52,lombar,16712,44,1012,-72,-403,455,851329
2026-05-19 20:07:52,esterno,1296,15904,-2432,411,405,-224,193918
2026-05-19 20:07:52,lombar,16884,48,808,-101,-403,420,851351
2026-05-19 20:07:52,lombar,16672,120,1096,-124,-258,277,851373
2026-05-19 20:07:52,esterno,1264,15892,-2480,138,216,48,193940
2026-05-19 20:07:52,esterno,1588,15844,-2740,202,297,131,193962
2026-05-19 20:07:52,lombar,16748,152,936,-34,-145,264,851395
2026-05-19 20:07:52,esterno,1724,15916,-2448,119,322,88,193984
2026-05-19 20:07:52,lombar,16900,112,940,28,-167,298,851417
2026-05-19 20:07:52,esterno,1676,15912,-2608,137,300,12,194006
2026-05-19 20:07:52,lombar,16812,56,1064,29,-303,393,851439
2026-05-19 20:07:52,lombar,16736,8,956,61,-351,340,851461
2026-05-19 20:07:52,esterno,1592,15924,-2624,289,298,-63,194028
2026-05-19 20:07:52,lombar,16712,80,1064,120,-287,334,851483
2026-05-19 20:07:52,esterno,1400,15928,-2684,135,378,-80,194050
2026-05-19 20:07:52,esterno,1340,15912,-2772,-48,474,-34,194072
2026-05-19 20:07:52,lombar,16756,100,944,152,-287,326,851505
2026-05-19 20:07:52,lombar,16828,116,1148,184,-291,266,851527
2026-05-19 20:07:52,esterno,1524,15808,-2604,-3,156,83,194094
2026-05-19 20:07:52,esterno,1596,15752,-2668,103,276,60,194116
2026-05-19 20:07:52,lombar,16652,240,1132,151,-161,292,851549
2026-05-19 20:07:52,lombar,16848,200,1144,39,-311,307,851571
2026-05-19 20:07:52,esterno,1560,15892,-2544,-19,293,17,194138
2026-05-19 20:07:52,esterno,1632,15860,-2992,-83,-32,108,194160
2026-05-19 20:07:52,lombar,16796,240,1116,66,-219,301,851593
2026-05-19 20:07:52,esterno,1560,15780,-2952,17,-104,91,194182
2026-05-19 20:07:52,lombar,16700,212,992,-20,-184,226,851615
2026-05-19 20:07:52,esterno,1708,15868,-2796,-11,-9,109,194204
2026-05-19 20:07:52,lombar,16760,308,988,57,-389,347,851637
2026-05-19 20:07:52,esterno,1740,15732,-2904,13,66,89,194226
2026-05-19 20:07:52,lombar,16760,312,1300,70,-338,341,851659
2026-05-19 20:07:52,lombar,16744,260,1032,41,-271,365,851681
2026-05-19 20:07:52,esterno,1692,15748,-2920,116,101,32,194248
2026-05-19 20:07:52,esterno,1544,15892,-2924,32,168,-41,194270
2026-05-19 20:07:52,lombar,16724,80,1100,5,-386,353,851703
2026-05-19 20:07:52,esterno,1652,15860,-2688,-30,167,-26,194292
2026-05-19 20:07:52,lombar,16848,92,1136,139,-395,385,851725
2026-05-19 20:07:52,lombar,16740,60,1060,67,-337,329,851747
2026-05-19 20:07:52,esterno,1560,15868,-3036,152,136,-5,194314
2026-05-19 20:07:52,esterno,1464,15712,-2796,86,70,77,194336
2026-05-19 20:07:52,lombar,16788,128,1180,62,-360,318,851769
2026-05-19 20:07:52,esterno,1572,15756,-2924,49,84,33,194358
2026-05-19 20:07:52,lombar,16872,152,1180,81,-393,338,851791
2026-05-19 20:07:52,esterno,1600,15756,-3056,99,92,-11,194380
2026-05-19 20:07:52,lombar,16696,40,1056,164,-367,388,851813
2026-05-19 20:07:52,lombar,16816,60,1080,153,-264,339,851835
2026-05-19 20:07:52,esterno,1668,15784,-2888,149,157,2,194402
2026-05-19 20:07:52,esterno,1728,15816,-2592,11,208,15,194424
2026-05-19 20:07:52,lombar,16840,164,860,153,-353,377,851857
2026-05-19 20:07:52,esterno,1692,15796,-2848,135,194,-14,194446
2026-05-19 20:07:52,lombar,16700,168,1104,110,-351,430,851879
2026-05-19 20:07:52,esterno,1608,15808,-2972,361,359,-137,194468
2026-05-19 20:07:52,lombar,16764,128,1056,31,-300,371,851901
2026-05-19 20:07:52,esterno,1660,15952,-2796,224,194,-193,194490
2026-05-19 20:07:52,lombar,17024,76,896,17,-383,336,851923
2026-05-19 20:07:52,lombar,16808,56,980,193,-185,350,851945
2026-05-19 20:07:52,esterno,1416,15952,-2524,-98,-296,11,194512
2026-05-19 20:07:53,lombar,16720,160,824,111,-222,372,851967
2026-05-19 20:07:53,esterno,1516,15788,-3064,96,-62,133,194534
2026-05-19 20:07:53,lombar,16896,352,1028,61,-289,377,851989
2026-05-19 20:07:53,esterno,1492,15624,-3132,176,259,-59,194556
2026-05-19 20:07:53,esterno,1644,15736,-3160,157,255,-166,194578
2026-05-19 20:07:53,lombar,16764,116,1072,57,-293,353,852011
2026-05-19 20:07:53,esterno,1596,15808,-2888,168,368,-153,194600
2026-05-19 20:07:53,lombar,16788,116,992,46,-231,376,852033
2026-05-19 20:07:53,esterno,1672,15940,-2912,33,351,-71,194622
2026-05-19 20:07:53,lombar,16792,36,980,25,-421,403,852055
2026-05-19 20:07:53,esterno,1572,15776,-3076,22,216,-37,194644
2026-05-19 20:07:53,lombar,16792,88,1028,151,-342,365,852077
2026-05-19 20:07:53,esterno,1596,15660,-3048,129,249,-70,194666
2026-05-19 20:07:53,lombar,16816,112,1112,146,-220,298,852099
2026-05-19 20:07:53,esterno,1520,15624,-3172,2,331,-123,194688
2026-05-19 20:07:53,lombar,16772,76,1044,109,-201,373,852121
2026-05-19 20:07:53,esterno,1528,15764,-3084,-52,359,-97,194710
2026-05-19 20:07:53,lombar,16872,204,1012,66,-281,386,852143
2026-05-19 20:07:53,esterno,1524,15900,-2820,52,216,-62,194732
2026-05-19 20:07:53,lombar,16740,92,1164,94,-213,373,852165
2026-05-19 20:07:53,esterno,1688,15836,-2964,-21,98,-32,194754
2026-05-19 20:07:53,lombar,16604,68,988,119,-177,279,852187
2026-05-19 20:07:53,esterno,1508,15828,-3208,-111,178,-22,194776
2026-05-19 20:07:53,lombar,16772,84,924,154,-208,319,852209
2026-05-19 20:07:53,esterno,1680,15696,-3168,-161,120,22,194798
2026-05-19 20:07:53,lombar,16780,136,1004,165,-299,310,852231
2026-05-19 20:07:53,lombar,16780,96,904,98,-266,358,852253
2026-05-19 20:07:53,esterno,1640,15732,-3056,-137,227,-11,194820
2026-05-19 20:07:53,esterno,1496,15872,-2720,-141,254,-75,194842
2026-05-19 20:07:53,lombar,16700,84,760,62,-268,307,852275
2026-05-19 20:07:53,lombar,16720,152,1120,94,-276,302,852297
2026-05-19 20:07:53,esterno,1628,15924,-3000,-207,-14,-21,194864
2026-05-19 20:07:53,esterno,1632,15752,-3252,-201,-35,79,194886
2026-05-19 20:07:53,lombar,16904,180,1216,123,-219,235,852319
2026-05-19 20:07:53,esterno,1624,15716,-3096,-271,87,55,194908
2026-05-19 20:07:53,lombar,16832,176,1048,115,-267,351,852341
2026-05-19 20:07:53,lombar,16704,112,968,74,-283,333,852363
2026-05-19 20:07:53,esterno,1504,15648,-2948,-232,117,30,194930
2026-05-19 20:07:53,esterno,1480,15792,-3088,-95,93,8,194952
2026-05-19 20:07:53,lombar,16832,84,872,96,-260,332,852385
2026-05-19 20:07:53,esterno,1572,15824,-3092,-115,16,-5,194974
2026-05-19 20:07:53,lombar,16640,16,992,91,-158,355,852407
2026-05-19 20:07:53,esterno,1540,15776,-3152,-133,58,39,194996
2026-05-19 20:07:53,lombar,16788,96,1096,62,-242,374,852429
2026-05-19 20:07:53,lombar,16752,-4,988,20,-230,282,852451
2026-05-19 20:07:53,esterno,1592,15748,-3188,-203,116,94,195018
2026-05-19 20:07:53,esterno,1544,15788,-3164,-220,72,84,195040
2026-05-19 20:07:53,lombar,16772,32,1128,90,-218,302,852473
2026-05-19 20:07:53,esterno,1512,15684,-2972,-231,166,-6,195062
2026-05-19 20:07:53,lombar,16808,124,972,58,-221,340,852495
2026-05-19 20:07:53,esterno,1532,15772,-2996,-167,65,-45,195084
2026-05-19 20:07:53,lombar,16808,148,1060,74,-264,305,852517
2026-05-19 20:07:53,esterno,1460,15780,-2976,-64,20,35,195106
2026-05-19 20:07:53,lombar,16808,-24,976,38,-190,300,852539
2026-05-19 20:07:53,esterno,1660,15796,-3292,-18,346,24,195128
2026-05-19 20:07:53,lombar,16816,52,1004,42,-223,362,852561
2026-05-19 20:07:53,esterno,1664,15820,-2780,-317,-8,-2,195150
2026-05-19 20:07:53,lombar,16836,36,1068,89,-216,234,852583
2026-05-19 20:07:53,lombar,16720,120,956,83,-267,356,852605
2026-05-19 20:07:53,esterno,1552,15808,-2972,-286,-287,42,195172
2026-05-19 20:07:53,esterno,1640,15772,-3132,-127,95,20,195194
2026-05-19 20:07:53,lombar,16820,292,1208,82,-275,380,852627
2026-05-19 20:07:53,esterno,1532,15664,-3344,-252,266,28,195216
2026-05-19 20:07:53,lombar,16744,216,1036,69,-226,308,852649
2026-05-19 20:07:53,esterno,1512,15632,-3192,-218,267,-3,195238
2026-05-19 20:07:53,lombar,16868,20,1020,148,-212,259,852671
2026-05-19 20:07:53,lombar,16764,152,1040,116,-130,357,852693
2026-05-19 20:07:53,esterno,1644,15860,-2704,-238,305,-34,195260
2026-05-19 20:07:53,esterno,1484,15928,-2788,-354,212,-10,195282
2026-05-19 20:07:53,lombar,16728,124,1036,47,-235,241,852715
2026-05-19 20:07:53,lombar,16704,48,1032,58,-173,262,852737
2026-05-19 20:07:53,esterno,1368,15668,-2944,-249,95,-21,195304
2026-05-19 20:07:53,lombar,16800,140,1120,47,-96,254,852759
2026-05-19 20:07:53,esterno,1576,15744,-3084,-190,115,15,195326
2026-05-19 20:07:53,lombar,16788,80,1128,30,-174,354,852781
2026-05-19 20:07:53,esterno,1696,15872,-2868,-380,195,25,195348
2026-05-19 20:07:53,esterno,1568,15828,-3220,-374,314,13,195370
2026-05-19 20:07:53,lombar,16692,152,940,44,-238,352,852803
2026-05-19 20:07:53,esterno,1532,16076,-2960,-327,346,-46,195392
2026-05-19 20:07:53,lombar,16596,32,1124,99,-215,297,852825
2026-05-19 20:07:53,esterno,1512,15904,-3044,-378,316,31,195414
2026-05-19 20:07:53,lombar,16780,128,1400,145,-257,319,852847
2026-05-19 20:07:53,esterno,1428,15692,-3092,-310,298,51,195436
2026-05-19 20:07:53,lombar,16764,144,1000,168,-260,356,852869
2026-05-19 20:07:53,esterno,1600,15616,-2844,-381,122,28,195458
2026-05-19 20:07:53,lombar,16824,108,1176,142,-304,274,852891
2026-05-19 20:07:53,lombar,16632,244,1060,116,-258,275,852913
2026-05-19 20:07:53,esterno,1500,15632,-2868,-394,326,-35,195480
2026-05-19 20:07:53,esterno,1448,15800,-2800,-479,297,-60,195502
2026-05-19 20:07:53,lombar,16752,44,1332,94,-286,348,852935
2026-05-19 20:07:54,esterno,1564,15824,-2928,-574,87,36,195524
2026-05-19 20:07:54,lombar,16784,160,1228,91,-238,288,852957
2026-05-19 20:07:54,esterno,1600,15824,-2864,-502,119,33,195546
2026-05-19 20:07:54,lombar,16680,44,1224,87,-316,295,852979
2026-05-19 20:07:54,esterno,1632,15828,-2880,-475,211,-15,195568
2026-05-19 20:07:54,lombar,16868,216,936,93,-360,381,853001
2026-05-19 20:07:54,esterno,1572,15824,-2996,-458,180,-40,195590
2026-05-19 20:07:54,lombar,16668,88,1080,32,-372,397,853023
2026-05-19 20:07:54,esterno,1544,15668,-2696,-323,68,36,195612
2026-05-19 20:07:54,lombar,16672,72,1040,104,-454,333,853045
2026-05-19 20:07:54,esterno,1536,15684,-2388,-258,35,84,195634
2026-05-19 20:07:54,lombar,16716,52,836,98,-251,303,853067
2026-05-19 20:07:54,lombar,16708,136,924,111,-270,350,853089
2026-05-19 20:07:54,esterno,1724,15856,-2616,-295,79,53,195656
2026-05-19 20:07:54,esterno,1668,15852,-2684,-265,64,49,195678
2026-05-19 20:07:54,lombar,16808,72,968,86,-316,328,853111
2026-05-19 20:07:54,esterno,1592,15908,-2748,-225,69,10,195700
2026-05-19 20:07:54,lombar,16804,52,900,8,-172,340,853133
2026-05-19 20:07:54,esterno,1512,15808,-2784,-259,90,-30,195722
2026-05-19 20:07:54,lombar,16704,120,768,90,-155,335,853155
2026-05-19 20:07:54,esterno,1560,15824,-2608,-237,-4,-22,195744
2026-05-19 20:07:54,lombar,16868,180,1080,154,-238,385,853177
2026-05-19 20:07:54,esterno,1644,15704,-2472,-96,-131,-15,195766
2026-05-19 20:07:54,lombar,16712,84,972,130,-200,339,853199
2026-05-19 20:07:54,lombar,16804,108,1180,146,-171,311,853221
2026-05-19 20:07:54,esterno,1632,15660,-3080,-15,237,-97,195788
2026-05-19 20:07:54,esterno,1616,15844,-2628,-267,17,-27,195810
2026-05-19 20:07:54,lombar,16820,96,1132,42,-86,337,853243
2026-05-19 20:07:54,esterno,1660,15888,-2564,-341,-250,110,195832
2026-05-19 20:07:54,lombar,16780,76,1480,84,-290,302,853265
2026-05-19 20:07:54,esterno,1440,15752,-2924,-140,-209,149,195854
2026-05-19 20:07:54,lombar,16628,184,1032,94,-147,379,853287
2026-05-19 20:07:54,esterno,1468,15584,-3080,-176,75,8,195876
2026-05-19 20:07:54,lombar,16808,236,1048,70,-57,335,853309
2026-05-19 20:07:54,esterno,1644,15704,-2872,-136,169,12,195898
2026-05-19 20:07:54,lombar,16756,172,1060,98,-129,346,853331
2026-05-19 20:07:54,esterno,1492,16016,-2604,-86,296,21,195920
2026-05-19 20:07:54,lombar,16672,76,1128,62,-159,379,853353
2026-05-19 20:07:54,lombar,16824,140,1088,67,-409,425,853375
2026-05-19 20:07:54,esterno,1452,15952,-2460,-210,170,45,195942
2026-05-19 20:07:54,esterno,1584,15848,-3060,-156,141,3,195964
2026-05-19 20:07:54,lombar,16676,100,1092,63,-292,331,853397
2026-05-19 20:07:54,esterno,1664,15768,-3096,-113,177,-25,195986
2026-05-19 20:07:54,lombar,16460,88,976,86,-124,319,853419
2026-05-19 20:07:54,lombar,16580,60,1304,46,-331,314,853441
2026-05-19 20:07:54,esterno,1576,15776,-2960,-372,306,11,196008
2026-05-19 20:07:54,esterno,1332,15624,-2980,-392,296,11,196030
2026-05-19 20:07:54,lombar,16972,148,1192,105,-555,406,853463
2026-05-19 20:07:54,esterno,1524,15704,-2864,-310,156,-113,196052
2026-05-19 20:07:54,lombar,16716,132,1128,127,-346,380,853485
2026-05-19 20:07:54,esterno,1588,15788,-2712,-415,253,-107,196074
2026-05-19 20:07:54,lombar,16768,236,1180,72,-228,417,853507
2026-05-19 20:07:54,lombar,16784,172,1072,157,-453,338,853529
2026-05-19 20:07:54,esterno,1608,15740,-2808,-346,325,-95,196096
2026-05-19 20:07:54,esterno,1740,15804,-2640,-315,143,17,196118
2026-05-19 20:07:54,lombar,16748,84,1228,95,-288,354,853551
2026-05-19 20:07:54,lombar,16796,60,1116,135,-284,337,853573
2026-05-19 20:07:54,esterno,1752,15916,-2696,-384,300,2,196140
2026-05-19 20:07:54,esterno,1480,16144,-2348,-446,406,-43,196162
2026-05-19 20:07:54,lombar,16808,180,748,47,-262,330,853595
2026-05-19 20:07:54,esterno,1472,16008,-2548,-451,32,60,196184
2026-05-19 20:07:54,lombar,16716,224,1048,48,-443,300,853617
2026-05-19 20:07:54,esterno,1636,15992,-2540,-380,-26,118,196206
2026-05-19 20:07:54,lombar,16840,124,1148,126,-354,360,853639
2026-05-19 20:07:54,esterno,1588,15868,-2428,-473,4,181,196228
2026-05-19 20:07:54,lombar,16796,120,1100,58,-361,421,853661
2026-05-19 20:07:54,esterno,1544,16008,-2572,-533,-40,210,196250
2026-05-19 20:07:54,lombar,16740,156,988,145,-418,338,853683
2026-05-19 20:07:54,esterno,1432,15932,-2556,-615,-91,163,196272
2026-05-19 20:07:54,lombar,16716,208,1192,63,-349,355,853705
2026-05-19 20:07:54,lombar,16864,188,1164,77,-521,344,853727
2026-05-19 20:07:54,esterno,1480,15824,-2684,-633,-207,146,196294
2026-05-19 20:07:54,esterno,1496,15784,-2608,-592,-131,170,196316
2026-05-19 20:07:54,lombar,16684,112,1168,87,-476,370,853749
2026-05-19 20:07:54,esterno,1456,15772,-2928,-525,99,129,196338
2026-05-19 20:07:54,lombar,16768,112,1352,75,-454,413,853771
2026-05-19 20:07:54,lombar,16584,56,1268,100,-437,368,853793
2026-05-19 20:07:54,esterno,1600,15736,-2796,-526,247,35,196360
2026-05-19 20:07:54,esterno,1460,15700,-2640,-518,340,-79,196382
2026-05-19 20:07:54,lombar,16852,128,1016,106,-495,386,853815
2026-05-19 20:07:54,esterno,1444,15808,-2220,-505,302,-30,196404
2026-05-19 20:07:54,lombar,16676,80,1028,96,-477,331,853837
2026-05-19 20:07:54,esterno,1704,15992,-2656,-528,195,179,196426
2026-05-19 20:07:54,lombar,16584,-32,1252,10,-607,295,853859
2026-05-19 20:07:54,esterno,1564,15816,-2960,-496,517,174,196448
2026-05-19 20:07:54,lombar,16680,172,1128,72,-731,391,853881
2026-05-19 20:07:54,esterno,1548,15624,-2152,-520,80,-31,196470
2026-05-19 20:07:54,lombar,16776,200,1176,62,-710,342,853903
2026-05-19 20:07:54,esterno,1668,15672,-2308,-303,-35,-32,196492
2026-05-19 20:07:54,lombar,16768,-16,860,77,-625,323,853925
2026-05-19 20:07:54,esterno,1628,15784,-2352,-107,236,76,196514
2026-05-19 20:07:54,lombar,16884,76,608,192,-541,330,853947
2026-05-19 20:07:55,lombar,16788,168,900,193,-374,349,853969
2026-05-19 20:07:55,esterno,1644,15884,-2388,-331,506,102,196536
2026-05-19 20:07:55,lombar,16996,116,764,194,-724,312,853991
2026-05-19 20:07:55,esterno,1800,16020,-2184,-327,494,59,196558
2026-05-19 20:07:55,lombar,16836,192,760,165,-603,399,854013
2026-05-19 20:07:55,esterno,1796,16088,-2020,-121,634,-84,196580
2026-05-19 20:07:55,lombar,16768,144,684,35,-536,392,854035
2026-05-19 20:07:55,esterno,1584,16036,-2040,-136,431,-26,196602
2026-05-19 20:07:55,esterno,1328,15980,-2148,-295,327,25,196624
2026-05-19 20:07:55,lombar,16624,68,592,70,-437,334,854057
2026-05-19 20:07:55,lombar,16592,32,620,184,-433,255,854079
2026-05-19 20:07:55,esterno,1508,15884,-2484,-314,5,44,196646
2026-05-19 20:07:55,esterno,1640,15984,-2628,-557,180,12,196668
2026-05-19 20:07:55,lombar,16648,148,964,59,-622,361,854101
2026-05-19 20:07:55,esterno,1696,15576,-2540,-723,420,15,196690
2026-05-19 20:07:55,lombar,17076,84,1188,89,-1138,410,854123
2026-05-19 20:07:55,esterno,1636,15388,-2520,-381,370,-49,196712
2026-05-19 20:07:55,lombar,16884,72,852,122,-804,414,854145
2026-05-19 20:07:55,esterno,1560,15704,-2320,-229,414,-22,196734
2026-05-19 20:07:55,lombar,16644,120,880,189,-455,347,854167
2026-05-19 20:07:55,lombar,16760,8,920,186,-594,263,854189
2026-05-19 20:07:55,esterno,1296,15712,-2296,-263,504,-116,196756
2026-05-19 20:07:55,esterno,1712,15704,-2228,-283,262,-50,196778
2026-05-19 20:07:55,lombar,16820,52,668,112,-522,269,854211
2026-05-19 20:07:55,esterno,1772,15900,-2296,-120,416,63,196800
2026-05-19 20:07:55,lombar,16820,112,700,144,-464,326,854233
2026-05-19 20:07:55,esterno,1668,16096,-1896,-39,401,46,196822
2026-05-19 20:07:55,lombar,16752,124,516,88,-477,315,854255
2026-05-19 20:07:55,esterno,1672,16060,-2084,0,172,36,196844
2026-05-19 20:07:55,lombar,16844,128,468,190,-493,370,854277
2026-05-19 20:07:55,esterno,1876,16020,-2092,-135,160,-34,196866
2026-05-19 20:07:55,lombar,16720,76,540,226,-386,310,854299
2026-05-19 20:07:55,esterno,1748,16040,-2144,-263,276,37,196888
2026-05-19 20:07:55,lombar,16748,164,552,147,-595,359,854321
2026-05-19 20:07:55,lombar,16756,144,664,199,-696,370,854343
2026-05-19 20:07:55,esterno,1664,15736,-2252,-235,258,97,196910
2026-05-19 20:07:55,esterno,1576,15752,-2056,-86,194,99,196932
2026-05-19 20:07:55,lombar,16664,176,600,21,-356,337,854365
2026-05-19 20:07:55,esterno,1584,15732,-2196,-117,141,88,196954
2026-05-19 20:07:55,lombar,16744,248,720,73,-439,283,854387
2026-05-19 20:07:55,esterno,1652,15812,-2216,-88,115,82,196976
2026-05-19 20:07:55,lombar,16936,144,796,43,-405,393,854409
2026-05-19 20:07:55,lombar,16864,180,732,20,-414,335,854431
2026-05-19 20:07:55,esterno,1484,15868,-2356,-115,106,67,196998
2026-05-19 20:07:55,lombar,16772,-88,424,45,-298,314,854453
2026-05-19 20:07:55,esterno,1664,15808,-2424,-100,91,92,197020
2026-05-19 20:07:55,lombar,16724,88,676,86,-328,399,854475
2026-05-19 20:07:55,esterno,1632,15812,-2300,-123,246,57,197042
2026-05-19 20:07:55,esterno,1836,15920,-2096,-96,130,16,197064
2026-05-19 20:07:55,lombar,16780,100,604,85,-379,381,854497
2026-05-19 20:07:55,esterno,1572,15852,-2444,88,371,-93,197086
2026-05-19 20:07:55,lombar,16792,64,560,89,-379,369,854519
2026-05-19 20:07:55,esterno,1528,15876,-2140,-74,158,-85,197108
2026-05-19 20:07:55,lombar,16768,28,440,107,-334,334,854541
2026-05-19 20:07:55,esterno,1560,15896,-2092,-307,-357,140,197130
2026-05-19 20:07:55,lombar,16748,-24,844,168,-397,341,854563
2026-05-19 20:07:55,esterno,1580,15908,-2584,-122,-83,216,197152
2026-05-19 20:07:55,lombar,16764,80,708,136,-364,337,854585
2026-05-19 20:07:55,esterno,1664,15744,-2532,-244,260,-20,197174
2026-05-19 20:07:55,lombar,16768,280,708,122,-445,326,854607
2026-05-19 20:07:55,esterno,1824,15816,-2424,-165,342,-33,197196
2026-05-19 20:07:55,lombar,16904,188,736,157,-344,312,854629
2026-05-19 20:07:55,esterno,1792,16168,-2052,33,328,-24,197218
2026-05-19 20:07:55,lombar,16740,32,532,101,-379,341,854651
2026-05-19 20:07:55,esterno,1508,15932,-2428,-94,245,21,197240
2026-05-19 20:07:55,lombar,16672,60,556,43,-386,344,854673
2026-05-19 20:07:55,esterno,1452,15936,-2448,-431,354,39,197262
2026-05-19 20:07:55,lombar,16752,24,632,142,-416,271,854695
2026-05-19 20:07:55,esterno,1732,15612,-2452,-402,240,92,197284
2026-05-19 20:07:55,lombar,16840,-20,556,140,-296,214,854717
2026-05-19 20:07:55,lombar,16728,-76,592,136,-325,250,854739
2026-05-19 20:07:55,esterno,1684,15680,-2508,-190,324,55,197306
2026-05-19 20:07:55,esterno,1764,15884,-2188,-234,338,15,197328
2026-05-19 20:07:55,lombar,16548,100,568,181,-397,312,854761
2026-05-19 20:07:55,esterno,1644,15900,-2196,-225,300,-25,197350
2026-05-19 20:07:55,lombar,16860,196,376,115,-431,354,854783
2026-05-19 20:07:55,lombar,16856,240,768,157,-264,310,854805
2026-05-19 20:07:55,esterno,1596,15900,-2240,-293,156,21,197372
2026-05-19 20:07:55,lombar,16896,168,456,145,-285,260,854827
2026-05-19 20:07:55,esterno,1632,15708,-2236,-263,227,12,197394
2026-05-19 20:07:55,esterno,1916,15828,-2312,-277,40,24,197416
2026-05-19 20:07:55,lombar,16732,220,508,79,-284,265,854849
2026-05-19 20:07:55,esterno,1656,15956,-2220,-203,112,0,197438
2026-05-19 20:07:55,lombar,16644,280,344,78,-405,339,854871
2026-05-19 20:07:55,esterno,1568,16032,-1948,-289,135,-25,197460
2026-05-19 20:07:55,lombar,16732,220,396,-34,-459,348,854893
2026-05-19 20:07:55,esterno,1592,16052,-2188,-459,-126,105,197482
2026-05-19 20:07:55,lombar,16812,124,552,-10,-628,306,854915
2026-05-19 20:07:55,esterno,1652,15880,-2096,-519,-43,174,197504
2026-05-19 20:07:55,lombar,16808,-48,364,-24,-414,284,854937
2026-05-19 20:07:56,lombar,16836,-8,592,123,-364,309,854959
2026-05-19 20:07:56,esterno,1736,15700,-2308,-479,59,187,197526
2026-05-19 20:07:56,esterno,1656,15656,-2240,-465,112,70,197548
2026-05-19 20:07:56,lombar,16788,108,612,152,-369,372,854981
2026-05-19 20:07:56,esterno,1596,15808,-2068,-455,131,57,197570
2026-05-19 20:07:56,lombar,16800,60,348,173,-391,328,855003
2026-05-19 20:07:56,lombar,16728,148,440,115,-78,292,855025
2026-05-19 20:07:56,esterno,1612,15752,-2248,-473,166,65,197592
2026-05-19 20:07:56,esterno,1696,15888,-2056,-487,263,92,197614
2026-05-19 20:07:56,lombar,16728,76,584,10,-139,346,855047
2026-05-19 20:07:56,esterno,1632,15888,-2080,-485,163,116,197636
2026-05-19 20:07:56,lombar,16900,100,448,26,-92,327,855069
2026-05-19 20:07:56,esterno,1688,15816,-2096,-450,162,86,197658
2026-05-19 20:07:56,lombar,16744,88,512,42,-197,377,855091
2026-05-19 20:07:56,lombar,16660,140,704,30,-215,355,855113
2026-05-19 20:07:56,esterno,1568,15876,-1928,-519,112,60,197680
2026-05-19 20:07:56,esterno,1612,15716,-2380,-381,146,74,197702
2026-05-19 20:07:56,lombar,16768,100,672,77,-112,263,855135
2026-05-19 20:07:56,esterno,1588,15676,-2152,-210,349,-24,197724
2026-05-19 20:07:56,lombar,16772,40,576,27,-78,324,855157
2026-05-19 20:07:56,esterno,1708,15944,-1752,-439,-328,66,197746
2026-05-19 20:07:56,lombar,16740,88,488,111,-127,306,855179
2026-05-19 20:07:56,esterno,1644,16008,-2088,-529,-273,60,197768
2026-05-19 20:07:56,lombar,16740,-12,568,106,-287,289,855201
2026-05-19 20:07:56,lombar,16596,304,624,56,-122,332,855223
2026-05-19 20:07:56,esterno,1504,15728,-2420,-379,186,-22,197790
2026-05-19 20:07:56,esterno,1648,15748,-2532,-303,65,49,197812
2026-05-19 20:07:56,lombar,16816,152,140,74,4,224,855245
2026-05-19 20:07:56,lombar,16692,92,588,158,-367,353,855267
2026-05-19 20:07:56,esterno,1824,15968,-2144,-340,55,127,197834
2026-05-19 20:07:56,lombar,16656,68,544,98,-479,281,855289
2026-05-19 20:07:56,esterno,1856,16036,-1880,-427,160,43,197856
2026-05-19 20:07:56,esterno,1740,15688,-1876,-455,228,-51,197878
2026-05-19 20:07:56,lombar,16732,204,500,47,-371,317,855311
2026-05-19 20:07:56,lombar,16740,308,352,127,37,262,855333
2026-05-19 20:07:56,esterno,1756,15860,-1956,-362,240,-73,197900
2026-05-19 20:07:56,esterno,1712,15936,-1912,-466,186,74,197922
2026-05-19 20:07:56,lombar,16668,88,512,79,-95,211,855355
2026-05-19 20:07:56,esterno,1752,16084,-2104,-664,214,52,197944
2026-05-19 20:07:56,lombar,16800,20,564,107,-424,377,855377
2026-05-19 20:07:56,esterno,1624,16052,-2024,-543,119,-42,197966
2026-05-19 20:07:56,lombar,16916,228,520,101,-484,442,855399
2026-05-19 20:07:56,esterno,1700,16080,-2016,-410,43,31,197988
2026-05-19 20:07:56,lombar,16784,144,580,148,-256,349,855421
2026-05-19 20:07:56,lombar,16660,196,388,137,-196,352,855443
2026-05-19 20:07:56,esterno,1484,15688,-1960,-502,215,56,198010
2026-05-19 20:07:56,lombar,16832,192,684,110,-320,408,855465
2026-05-19 20:07:56,esterno,1748,15688,-2272,-616,230,71,198032
2026-05-19 20:07:56,esterno,1804,15796,-1940,-636,164,76,198054
2026-05-19 20:07:56,lombar,16812,96,548,129,-397,363,855487
2026-05-19 20:07:56,esterno,1644,15784,-1724,-482,422,-57,198076
2026-05-19 20:07:56,lombar,16660,108,668,98,-174,410,855509
2026-05-19 20:07:56,esterno,1640,15904,-1604,-436,229,-20,198098
2026-05-19 20:07:56,lombar,16840,196,524,94,-429,345,855531
2026-05-19 20:07:56,esterno,1736,15836,-1764,-429,155,67,198120
2026-05-19 20:07:56,lombar,16840,128,704,213,-314,348,855553
2026-05-19 20:07:56,lombar,16720,52,464,185,-226,342,855575
2026-05-19 20:07:56,esterno,1712,15804,-1584,-308,180,96,198142
2026-05-19 20:07:56,esterno,1788,15844,-1624,-248,64,15,198164
2026-05-19 20:07:56,lombar,16744,120,460,196,-330,327,855597
2026-05-19 20:07:56,esterno,1668,15732,-1880,-167,138,-54,198186
2026-05-19 20:07:56,lombar,16776,152,452,85,-299,409,855619
2026-05-19 20:07:56,esterno,1764,15824,-1612,-69,51,-32,198208
2026-05-19 20:07:56,lombar,16916,176,332,100,-148,370,855641
2026-05-19 20:07:56,esterno,1820,15828,-1380,74,-4,17,198230
2026-05-19 20:07:56,lombar,16896,96,548,85,-199,309,855663
2026-05-19 20:07:56,esterno,1756,15852,-1452,148,-71,-33,198252
2026-05-19 20:07:56,lombar,16780,224,472,102,-195,312,855685
2026-05-19 20:07:56,lombar,16856,56,544,69,-106,372,855707
2026-05-19 20:07:56,esterno,1620,15976,-1596,97,-24,-83,198274
2026-05-19 20:07:56,esterno,1680,15964,-1792,-14,0,-28,198296
2026-05-19 20:07:56,lombar,16748,124,404,50,-56,362,855729
2026-05-19 20:07:56,lombar,16880,144,416,54,-58,380,855751
2026-05-19 20:07:56,esterno,1648,15856,-1800,7,-68,27,198318
2026-05-19 20:07:56,lombar,16772,0,624,19,-106,308,855773
2026-05-19 20:07:56,esterno,1876,15864,-1888,83,-204,36,198340
2026-05-19 20:07:56,lombar,16688,60,556,87,-92,308,855795
2026-05-19 20:07:56,esterno,1744,15912,-2064,207,209,-51,198362
2026-05-19 20:07:56,esterno,1584,15956,-1568,84,-50,-65,198384
2026-05-19 20:07:56,lombar,16780,176,596,15,-79,335,855817
2026-05-19 20:07:56,esterno,1852,15996,-1808,103,-289,79,198406
2026-05-19 20:07:56,lombar,16824,36,656,33,-66,228,855839
2026-05-19 20:07:56,esterno,1676,16004,-2164,75,-140,119,198428
2026-05-19 20:07:56,lombar,16716,20,824,105,-118,319,855861
2026-05-19 20:07:56,lombar,16856,204,728,199,51,333,855883
2026-05-19 20:07:56,esterno,1616,15664,-2504,-8,208,64,198450
2026-05-19 20:07:56,esterno,1720,15588,-2116,36,185,13,198472
2026-05-19 20:07:56,lombar,16648,152,540,263,25,263,855905
2026-05-19 20:07:56,esterno,1724,15820,-1756,350,267,-62,198494
2026-05-19 20:07:56,lombar,16736,156,732,181,-51,346,855927
2026-05-19 20:07:56,esterno,1572,16020,-1604,376,255,-111,198516
2026-05-19 20:07:56,lombar,16812,188,872,23,-254,372,855949
2026-05-19 20:07:57,esterno,1436,16004,-1892,305,-13,-29,198538
2026-05-19 20:07:57,lombar,16780,-52,612,67,-120,327,855971
2026-05-19 20:07:57,lombar,16724,40,512,120,170,284,855993
2026-05-19 20:07:57,esterno,1660,15952,-2220,353,39,13,198560
2026-05-19 20:07:57,esterno,1768,15884,-2068,241,157,0,198582
2026-05-19 20:07:57,lombar,16872,88,844,120,71,299,856015
2026-05-19 20:07:57,esterno,1796,15960,-1944,132,213,37,198604
2026-05-19 20:07:57,lombar,16768,108,568,159,14,376,856037
2026-05-19 20:07:57,esterno,1692,15924,-1916,168,105,-40,198626
2026-05-19 20:07:57,lombar,16664,108,824,205,250,366,856059
2026-05-19 20:07:57,esterno,1584,15992,-2088,118,224,-71,198648
2026-05-19 20:07:57,lombar,16756,248,680,62,79,361,856081
2026-05-19 20:07:57,lombar,16772,172,636,96,-83,343,856103
2026-05-19 20:07:57,esterno,1584,15960,-2196,57,299,-28,198670
2026-05-19 20:07:57,esterno,1728,15792,-1992,29,-34,51,198692
2026-05-19 20:07:57,lombar,16704,-56,716,147,255,287,856125
2026-05-19 20:07:57,esterno,1740,15844,-1964,24,287,80,198714
2026-05-19 20:07:57,lombar,16556,76,732,70,221,217,856147
2026-05-19 20:07:57,esterno,1644,15836,-2020,-39,238,36,198736
2026-05-19 20:07:57,lombar,16772,280,804,27,-44,278,856169
2026-05-19 20:07:57,lombar,16808,148,864,70,-212,286,856191
2026-05-19 20:07:57,esterno,1720,15940,-2012,-107,74,-13,198758
2026-05-19 20:07:57,esterno,1764,16028,-2108,2,-37,29,198780
2026-05-19 20:07:57,lombar,16800,-8,624,126,-19,197,856213
2026-05-19 20:07:57,lombar,16732,228,964,109,-38,299,856235
2026-05-19 20:07:57,esterno,1720,16012,-2112,-91,34,95,198802
2026-05-19 20:07:57,esterno,1728,15828,-2140,-136,152,80,198824
2026-05-19 20:07:57,lombar,16660,268,948,88,-51,335,856257
2026-05-19 20:07:57,esterno,1780,15740,-2224,-43,202,-33,198846
2026-05-19 20:07:57,lombar,16752,192,924,46,-101,317,856279
2026-05-19 20:07:57,esterno,1780,15816,-2112,-18,176,-94,198868
2026-05-19 20:07:57,lombar,16656,192,1044,40,-79,262,856301
2026-05-19 20:07:57,esterno,1672,15864,-2108,62,84,-15,198890
2026-05-19 20:07:57,lombar,16832,308,1176,-11,-212,329,856323
2026-05-19 20:07:57,lombar,16740,164,808,-10,-41,331,856345
2026-05-19 20:07:57,esterno,1660,15900,-2100,91,82,8,198912
2026-05-19 20:07:57,esterno,1664,15908,-2120,10,86,42,198934
2026-05-19 20:07:57,lombar,16620,132,940,75,-121,254,856367
2026-05-19 20:07:57,lombar,16740,112,936,78,-196,325,856389
2026-05-19 20:07:57,esterno,1684,15900,-2292,29,23,-34,198956
2026-05-19 20:07:57,esterno,1632,15832,-2272,40,30,-63,198978
2026-05-19 20:07:57,lombar,16768,104,932,-19,-158,361,856411
2026-05-19 20:07:57,esterno,1744,15824,-2032,-11,-17,-26,199000
2026-05-19 20:07:57,lombar,16748,104,848,45,-121,320,856433
2026-05-19 20:07:57,lombar,16784,164,892,57,-70,305,856455
2026-05-19 20:07:57,esterno,1704,15760,-2244,76,52,57,199022
2026-05-19 20:07:57,esterno,1644,15940,-2104,116,275,-16,199044
2026-05-19 20:07:57,lombar,16736,76,988,90,-115,300,856477
2026-05-19 20:07:57,esterno,1848,15932,-2096,26,-131,-13,199066
2026-05-19 20:07:57,lombar,16768,180,756,114,-102,312,856499
2026-05-19 20:07:57,esterno,1652,16036,-2188,12,-105,1,199088
2026-05-19 20:07:57,lombar,16724,188,1352,112,-180,250,856521
2026-05-19 20:07:57,lombar,16676,144,1008,90,-163,311,856543
2026-05-19 20:07:57,esterno,1580,15876,-2480,-29,153,72,199110
2026-05-19 20:07:57,esterno,1692,15788,-2380,1,192,54,199132
2026-05-19 20:07:57,lombar,16784,192,940,91,-146,373,856565
2026-05-19 20:07:57,lombar,16692,132,808,58,-151,357,856587
2026-05-19 20:07:57,esterno,1744,15916,-2104,172,174,-11,199154
2026-05-19 20:07:57,esterno,1508,15804,-2076,126,363,-73,199176
2026-05-19 20:07:57,lombar,16808,216,1128,-29,-88,313,856609
2026-05-19 20:07:57,lombar,16820,224,936,-78,44,368,856631
2026-05-19 20:07:57,esterno,1576,15884,-2056,-10,186,21,199198
2026-05-19 20:07:57,lombar,16624,4,884,-151,325,167,856653
2026-05-19 20:07:57,esterno,1736,15804,-2468,142,187,140,199220
2026-05-19 20:07:57,esterno,1712,15980,-2352,129,284,81,199242
2026-05-19 20:07:57,lombar,16960,32,892,53,81,171,856675
2026-05-19 20:07:57,esterno,1660,15972,-2024,-13,199,4,199264
2026-05-19 20:07:57,lombar,16736,52,1160,-6,-183,325,856697
2026-05-19 20:07:57,esterno,1740,15888,-2092,135,152,-2,199286
2026-05-19 20:07:57,lombar,16748,296,1180,-1,-242,386,856719
2026-05-19 20:07:57,esterno,1708,15856,-2648,144,342,31,199308
2026-05-19 20:07:57,lombar,16600,204,724,178,-19,129,856741
2026-05-19 20:07:57,lombar,16744,4,1144,162,-73,238,856763
2026-05-19 20:07:57,esterno,1660,15744,-2332,-66,395,35,199330
2026-05-19 20:07:57,esterno,1504,15872,-2156,-67,203,56,199352
2026-05-19 20:07:57,lombar,16920,184,1088,147,-236,332,856785
2026-05-19 20:07:57,esterno,1900,15900,-2380,-2,236,68,199374
2026-05-19 20:07:57,lombar,16752,224,1004,169,-49,259,856807
2026-05-19 20:07:57,esterno,1740,15928,-2320,-142,428,49,199396
2026-05-19 20:07:57,lombar,16584,232,1128,33,-139,213,856829
2026-05-19 20:07:57,esterno,1700,15828,-2372,-125,145,120,199418
2026-05-19 20:07:57,lombar,16812,312,1140,52,-233,256,856851
2026-05-19 20:07:57,esterno,1696,15804,-2372,35,79,62,199440
2026-05-19 20:07:57,lombar,16840,224,1192,121,45,305,856873
2026-05-19 20:07:57,esterno,1736,15816,-2280,43,16,40,199462
2026-05-19 20:07:57,lombar,16688,236,1208,115,-29,353,856895
2026-05-19 20:07:57,esterno,1760,15832,-2292,-38,85,21,199484
2026-05-19 20:07:57,lombar,16692,164,1040,63,-177,288,856917
2026-05-19 20:07:57,esterno,1728,15876,-2400,-26,119,57,199506
2026-05-19 20:07:57,lombar,16740,336,1156,78,-179,283,856939
2026-05-19 20:07:58,esterno,1792,15896,-2524,-32,192,50,199528
2026-05-19 20:07:58,lombar,16708,312,1164,62,-51,300,856961
2026-05-19 20:07:58,esterno,1644,15860,-2256,44,82,-4,199550
2026-05-19 20:07:58,lombar,16708,412,1088,40,-57,353,856983
2026-05-19 20:07:58,lombar,16768,272,1336,-17,-117,415,857005
2026-05-19 20:07:58,esterno,1656,15716,-2248,87,40,-45,199572
2026-05-19 20:07:58,esterno,1768,15836,-2484,108,119,0,199594
2026-05-19 20:07:58,lombar,16752,52,1232,-69,-89,322,857027
2026-05-19 20:07:58,lombar,16804,212,1112,-35,-178,265,857049
2026-05-19 20:07:58,esterno,1688,15816,-2400,-59,127,38,199616
2026-05-19 20:07:58,esterno,1776,15848,-2724,-40,24,-8,199638
2026-05-19 20:07:58,lombar,16836,192,1284,88,-105,389,857071
2026-05-19 20:07:58,lombar,16792,152,1404,71,-205,326,857093
2026-05-19 20:07:58,esterno,1688,15940,-2280,15,140,-97,199660
2026-05-19 20:07:58,esterno,1768,15828,-2300,-48,-56,-57,199682
2026-05-19 20:07:58,lombar,16696,160,1096,131,-39,414,857115
2026-05-19 20:07:58,esterno,1776,15704,-2668,125,211,-56,199704
2026-05-19 20:07:58,lombar,16736,124,1284,39,-190,366,857137
2026-05-19 20:07:58,esterno,1668,15788,-2116,23,223,-114,199726
2026-05-19 20:07:58,lombar,16756,188,1344,72,-307,406,857159
2026-05-19 20:07:58,esterno,1760,15724,-2404,-62,-176,-45,199748
2026-05-19 20:07:58,lombar,16712,116,1360,80,-222,341,857181
2026-05-19 20:07:58,esterno,1688,15824,-2636,-46,-99,-73,199770
2026-05-19 20:07:58,lombar,16796,368,1092,139,-204,318,857203
2026-05-19 20:07:58,esterno,1568,15696,-2900,-98,250,-25,199792
2026-05-19 20:07:58,lombar,16776,164,1268,140,-240,397,857225
2026-05-19 20:07:58,esterno,1776,15660,-2476,-34,365,-69,199814
2026-05-19 20:07:58,lombar,16804,212,1124,200,-248,313,857247
2026-05-19 20:07:58,esterno,1904,15820,-2408,150,330,-104,199836
2026-05-19 20:07:58,lombar,16696,112,1196,142,-264,367,857269
2026-05-19 20:07:58,esterno,1628,15976,-2316,136,539,-248,199858
2026-05-19 20:07:58,lombar,16704,264,1352,86,-357,414,857291
2026-05-19 20:07:58,lombar,16720,308,1392,79,-402,417,857313
2026-05-19 20:07:58,esterno,1672,15936,-2420,-43,308,-197,199880
2026-05-19 20:07:58,esterno,1580,15752,-2712,46,415,-83,199902
2026-05-19 20:07:58,lombar,16668,236,1332,188,-179,364,857335
2026-05-19 20:07:58,esterno,1748,15716,-2236,83,479,-85,199924
2026-05-19 20:07:58,lombar,16740,96,1276,139,-201,429,857357
2026-05-19 20:07:58,esterno,1576,15800,-2348,79,302,-96,199946
2026-05-19 20:07:58,lombar,16776,160,1292,132,-554,472,857379
2026-05-19 20:07:58,esterno,1696,15848,-2484,229,244,-175,199968
2026-05-19 20:07:58,lombar,16816,172,1300,89,-434,401,857401
2026-05-19 20:07:58,esterno,1580,15928,-2744,66,409,-78,199990
2026-05-19 20:07:58,lombar,16812,212,1160,139,-254,321,857423
2026-05-19 20:07:58,esterno,1464,15752,-2604,-63,371,-6,200012
2026-05-19 20:07:58,lombar,16684,100,1260,111,-352,316,857445
2026-05-19 20:07:58,esterno,1692,15740,-2564,-55,212,31,200034
2026-05-19 20:07:58,lombar,16752,52,1216,194,-291,314,857467
2026-05-19 20:07:58,esterno,1756,15852,-2484,-11,243,-3,200056
2026-05-19 20:07:58,lombar,16820,40,1056,121,-304,394,857489
2026-05-19 20:07:58,esterno,1568,15940,-2448,-40,375,-135,200078
2026-05-19 20:07:58,lombar,16608,160,1044,35,-421,341,857511
2026-05-19 20:07:58,esterno,1472,15980,-2392,-81,142,-28,200100
2026-05-19 20:07:58,lombar,16804,124,1156,82,-347,303,857533
2026-05-19 20:07:58,esterno,1680,15840,-2600,-56,116,75,200122
2026-05-19 20:07:58,lombar,16844,48,1112,63,-200,276,857555
2026-05-19 20:07:58,esterno,1664,16008,-2348,-104,139,137,200144
2026-05-19 20:07:58,lombar,16884,148,1188,126,-330,372,857577
2026-05-19 20:07:58,esterno,1752,15892,-2664,-97,169,58,200166
2026-05-19 20:07:58,lombar,16720,200,1136,72,-435,315,857599
2026-05-19 20:07:58,lombar,16764,184,1200,143,-372,339,857621
2026-05-19 20:07:58,esterno,1608,15824,-2596,14,236,16,200188
2026-05-19 20:07:58,lombar,16780,116,1304,47,-298,309,857643
2026-05-19 20:07:58,esterno,1784,15816,-2556,-48,222,53,200210
2026-05-19 20:07:58,esterno,1684,15896,-2692,-92,244,99,200232
2026-05-19 20:07:58,lombar,16792,164,1140,93,-314,327,857665
2026-05-19 20:07:58,lombar,16784,240,1188,73,-426,338,857687
2026-05-19 20:07:58,esterno,1684,15940,-2572,-88,230,47,200254
2026-05-19 20:07:58,esterno,1620,15784,-2628,-80,153,-22,200276
2026-05-19 20:07:58,lombar,16768,240,1084,50,-342,386,857709
2026-05-19 20:07:58,esterno,1780,15816,-2760,-107,254,-13,200298
2026-05-19 20:07:58,lombar,16732,228,1332,79,-256,268,857731
2026-05-19 20:07:58,esterno,1752,15796,-2684,-251,333,26,200320
2026-05-19 20:07:58,lombar,16788,200,1220,44,-392,319,857753
2026-05-19 20:07:58,esterno,1704,15816,-2580,-200,268,44,200342
2026-05-19 20:07:58,lombar,16744,136,1276,112,-446,387,857775
2026-05-19 20:07:58,lombar,16700,164,1140,141,-450,430,857797
2026-05-19 20:07:58,esterno,1632,15900,-2384,-179,146,-1,200364
2026-05-19 20:07:58,esterno,1556,15868,-2712,-150,189,47,200386
2026-05-19 20:07:58,lombar,16588,248,1136,36,-466,425,857819
2026-05-19 20:07:58,lombar,16732,360,1224,17,-390,344,857841
2026-05-19 20:07:58,esterno,1648,15892,-2964,-56,455,101,200408
2026-05-19 20:07:58,esterno,1748,15876,-2468,-213,48,182,200430
2026-05-19 20:07:58,lombar,16748,228,1148,15,-316,255,857863
2026-05-19 20:07:58,lombar,16884,72,1052,104,-482,236,857885
2026-05-19 20:07:58,esterno,1680,15768,-2356,-194,-189,196,200452
2026-05-19 20:07:58,esterno,1604,15752,-2884,-35,24,176,200474
2026-05-19 20:07:58,lombar,16756,188,924,106,-303,358,857907
2026-05-19 20:07:58,lombar,16692,320,1240,45,-275,349,857929
2026-05-19 20:07:58,esterno,1636,15752,-3020,-72,434,95,200496
2026-05-19 20:07:58,esterno,1976,15764,-2568,5,460,110,200518
2026-05-19 20:07:58,lombar,16848,116,960,138,-354,214,857951
2026-05-19 20:07:59,esterno,1676,16020,-2348,164,503,72,200540
2026-05-19 20:07:59,lombar,16824,88,1024,49,-243,326,857973
2026-05-19 20:07:59,esterno,1620,16160,-2308,67,549,36,200562
2026-05-19 20:07:59,lombar,16704,160,1008,107,-404,326,857995
2026-05-19 20:07:59,esterno,1724,16056,-2448,-66,408,130,200584
2026-05-19 20:07:59,lombar,16700,112,1104,176,-314,287,858017
2026-05-19 20:07:59,esterno,1532,15748,-2700,-115,240,276,200606
2026-05-19 20:07:59,lombar,16812,56,1140,204,-267,226,858039
2026-05-19 20:07:59,lombar,16800,136,1028,91,-353,260,858061
2026-05-19 20:07:59,esterno,1452,15760,-2524,-16,146,339,200628
2026-05-19 20:07:59,lombar,16524,212,1176,-34,-364,318,858083
2026-05-19 20:07:59,esterno,1548,15692,-2344,-32,30,242,200650
2026-05-19 20:07:59,lombar,16776,156,1096,19,-483,234,858105
2026-05-19 20:07:59,esterno,1788,15920,-2812,-123,130,176,200672
2026-05-19 20:07:59,lombar,16848,-20,1292,6,-309,248,858127
2026-05-19 20:07:59,esterno,1900,15780,-2504,-238,169,211,200694
2026-05-19 20:07:59,lombar,16688,-72,1040,109,-261,181,858149
2026-05-19 20:07:59,esterno,1828,15644,-2984,-162,388,291,200716
2026-05-19 20:07:59,lombar,16748,84,1056,228,-275,155,858171
2026-05-19 20:07:59,esterno,2060,15672,-2696,-23,261,275,200738
2026-05-19 20:07:59,esterno,1864,15736,-2696,14,401,113,200760
2026-05-19 20:07:59,lombar,16796,360,1184,182,-251,248,858193
2026-05-19 20:07:59,esterno,1700,15988,-2392,-51,258,178,200782
2026-05-19 20:07:59,lombar,16724,400,932,88,-304,206,858215
2026-05-19 20:07:59,esterno,1832,15936,-2516,-1,-10,353,200804
2026-05-19 20:07:59,lombar,16756,356,1048,71,-346,178,858237
2026-05-19 20:07:59,esterno,1892,15944,-2516,-12,-45,374,200826
2026-05-19 20:07:59,lombar,16784,280,1096,141,-269,112,858259
2026-05-19 20:07:59,esterno,2028,15744,-2648,-119,-29,321,200848
2026-05-19 20:07:59,lombar,16688,284,1196,131,-300,326,858281
2026-05-19 20:07:59,lombar,16752,348,1004,125,-316,309,858303
2026-05-19 20:07:59,esterno,1832,15644,-2676,-131,31,151,200870
2026-05-19 20:07:59,lombar,16788,364,1072,45,-187,286,858325
2026-05-19 20:07:59,esterno,1888,15808,-2428,-53,-11,140,200892
2026-05-19 20:07:59,esterno,1952,15928,-2424,-40,-57,211,200914
2026-05-19 20:07:59,lombar,16808,380,1144,16,-216,303,858347
2026-05-19 20:07:59,esterno,1928,15936,-2684,-19,-120,244,200936
2026-05-19 20:07:59,lombar,16756,240,940,-23,-209,293,858369
2026-05-19 20:07:59,esterno,1868,15744,-2772,-47,-199,169,200958
2026-05-19 20:07:59,lombar,16776,332,1052,-44,-273,310,858391
2026-05-19 20:07:59,esterno,2016,15676,-2812,-122,-107,178,200980
2026-05-19 20:07:59,lombar,16852,112,1088,-57,-250,314,858413
2026-05-19 20:07:59,lombar,16812,140,940,46,-262,247,858435
2026-05-19 20:07:59,esterno,1984,15652,-2756,-141,61,143,201002
2026-05-19 20:07:59,lombar,16788,120,1024,109,-216,262,858457
2026-05-19 20:07:59,esterno,1948,15636,-2604,-175,204,123,201024
2026-05-19 20:07:59,esterno,1928,15936,-2584,-140,155,54,201046
2026-05-19 20:07:59,lombar,16800,260,1192,137,-158,296,858479
2026-05-19 20:07:59,esterno,1760,15920,-2812,-10,249,12,201068
2026-05-19 20:07:59,lombar,16736,336,1056,131,-200,280,858501
2026-05-19 20:07:59,esterno,1708,15828,-2564,-176,-1,28,201090
2026-05-19 20:07:59,lombar,16696,256,1076,85,-160,331,858523
2026-05-19 20:07:59,lombar,16720,228,1136,42,-219,214,858545
2026-05-19 20:07:59,esterno,2072,15692,-2536,-307,-632,249,201112
2026-05-19 20:07:59,esterno,2112,15656,-3084,-100,-16,127,201134
2026-05-19 20:07:59,lombar,16848,240,968,81,-211,331,858567
2026-05-19 20:07:59,lombar,16796,336,1012,90,-110,311,858589
2026-05-19 20:07:59,esterno,2072,15744,-3192,-242,425,-70,201156
2026-05-19 20:07:59,esterno,2128,15736,-2584,-185,449,-86,201178
2026-05-19 20:07:59,lombar,16864,208,964,171,-158,244,858611
2026-05-19 20:07:59,lombar,16724,248,1088,136,-185,344,858633
2026-05-19 20:07:59,esterno,2096,16060,-2148,-31,387,-54,201200
2026-05-19 20:07:59,esterno,1888,16144,-2540,-263,379,0,201222
2026-05-19 20:07:59,lombar,16660,276,812,100,-164,347,858655
2026-05-19 20:07:59,esterno,1620,15920,-2852,-507,383,79,201244
2026-05-19 20:07:59,lombar,16784,228,1072,118,-184,181,858677
2026-05-19 20:07:59,esterno,1752,15832,-2760,-484,181,173,201266
2026-05-19 20:07:59,lombar,16760,356,1040,34,-112,296,858699
