timestamp,node,ax,ay,az,gx,gy,gz,t_ms
2026-05-19 20:08:08,esterno,1524,15184,-4592,-496,338,-99,210242
2026-05-19 20:08:08,lombar,16688,64,2720,117,-433,290,867697
2026-05-19 20:08:08,esterno,1688,15460,-4428,-328,396,-128,210264
2026-05-19 20:08:08,lombar,16740,312,2640,56,-449,420,867719
2026-05-19 20:08:08,esterno,1760,15520,-4284,-453,485,-104,210286
2026-05-19 20:08:08,lombar,16640,208,2684,139,-520,397,867741
2026-05-19 20:08:08,esterno,1732,15604,-4084,-465,497,4,210308
2026-05-19 20:08:08,lombar,16624,276,2400,125,-378,300,867763
2026-05-19 20:08:08,esterno,1836,15496,-4264,-263,474,-15,210330
2026-05-19 20:08:08,lombar,16768,252,2660,8,-454,393,867785
2026-05-19 20:08:08,esterno,1740,15412,-4352,-214,526,-123,210352
2026-05-19 20:08:08,esterno,1616,15532,-4064,-301,643,-173,210374
2026-05-19 20:08:08,lombar,16704,0,2676,94,-464,328,867807
2026-05-19 20:08:08,lombar,16708,220,2548,113,-309,280,867829
2026-05-19 20:08:08,esterno,1544,15512,-3956,-237,497,-47,210396
2026-05-19 20:08:08,lombar,16720,168,2356,97,-152,372,867851
2026-05-19 20:08:08,esterno,1460,15740,-3644,-268,238,78,210418
2026-05-19 20:08:08,lombar,16776,-20,2456,126,-415,309,867873
2026-05-19 20:08:08,esterno,1428,15704,-3984,-319,203,107,210440
2026-05-19 20:08:08,lombar,16784,96,2676,76,-370,337,867895
2026-05-19 20:08:08,esterno,1512,15656,-4192,-450,232,63,210462
2026-05-19 20:08:08,lombar,16724,320,2416,58,-507,382,867917
2026-05-19 20:08:08,esterno,1752,15616,-4144,-501,94,35,210484
2026-05-19 20:08:08,lombar,16748,188,2332,-78,-213,374,867939
2026-05-19 20:08:08,esterno,1620,15668,-3732,-384,173,-32,210506
2026-05-19 20:08:09,lombar,16692,56,2528,-98,-559,298,867961
2026-05-19 20:08:09,esterno,1640,15880,-3632,-571,-129,74,210528
2026-05-19 20:08:09,lombar,16684,76,2668,-59,-574,185,867983
2026-05-19 20:08:09,esterno,1656,15756,-4020,-754,-169,194,210550
2026-05-19 20:08:09,lombar,16628,136,2568,64,-314,283,868005
2026-05-19 20:08:09,esterno,1604,15452,-4256,-746,-140,236,210572
2026-05-19 20:08:09,lombar,16516,224,2668,126,-261,388,868027
2026-05-19 20:08:09,esterno,1492,15296,-4540,-564,133,16,210594
2026-05-19 20:08:09,lombar,16476,200,2680,129,-512,355,868049
2026-05-19 20:08:09,esterno,1572,15440,-4144,-415,151,-113,210616
2026-05-19 20:08:09,lombar,16504,236,2780,30,-557,437,868071
2026-05-19 20:08:09,esterno,1572,15416,-4196,-420,159,-194,210638
2026-05-19 20:08:09,esterno,1732,15468,-4144,-626,309,-239,210660
2026-05-19 20:08:09,lombar,16812,140,2540,62,-405,323,868093
2026-05-19 20:08:09,lombar,16844,152,2656,11,-209,274,868115
2026-05-19 20:08:09,esterno,1884,15604,-4020,-818,539,-178,210682
2026-05-19 20:08:09,lombar,16860,232,2420,77,-137,347,868137
2026-05-19 20:08:09,esterno,1572,15644,-3608,-691,425,-146,210704
2026-05-19 20:08:09,esterno,1312,15520,-3196,-512,80,-71,210726
2026-05-19 20:08:09,lombar,16668,392,2224,-47,-129,307,868159
2026-05-19 20:08:09,lombar,16732,252,2200,-31,-31,229,868181
2026-05-19 20:08:09,esterno,1560,15484,-3512,-280,235,-23,210748
2026-05-19 20:08:09,lombar,16984,248,2244,7,57,218,868203
2026-05-19 20:08:09,esterno,1836,15660,-3372,-287,207,-132,210770
2026-05-19 20:08:09,lombar,16920,-8,2400,-25,159,249,868225
2026-05-19 20:08:09,esterno,1968,15828,-3300,-571,-331,-151,210792
2026-05-19 20:08:09,lombar,16784,156,2196,21,254,327,868247
2026-05-19 20:08:09,esterno,1644,15528,-3752,-315,-69,-94,210814
2026-05-19 20:08:09,lombar,16824,296,2220,26,531,277,868269
2026-05-19 20:08:09,esterno,1376,15328,-3820,67,211,-166,210836
2026-05-19 20:08:09,lombar,16632,24,2512,173,456,229,868291
2026-05-19 20:08:09,esterno,1396,15308,-4040,334,140,-249,210858
2026-05-19 20:08:09,lombar,16720,104,2608,117,514,343,868313
2026-05-19 20:08:09,esterno,1360,15684,-3896,481,98,-403,210880
2026-05-19 20:08:09,lombar,16616,268,2736,103,611,403,868335
2026-05-19 20:08:09,esterno,1396,16036,-3640,81,25,-409,210902
2026-05-19 20:08:09,lombar,16712,228,2976,-4,471,383,868357
2026-05-19 20:08:09,esterno,1492,16072,-3968,-148,-45,-382,210924
2026-05-19 20:08:09,lombar,16540,260,3032,23,706,427,868379
2026-05-19 20:08:09,esterno,1532,15672,-4280,61,-66,-520,210946
2026-05-19 20:08:09,lombar,16424,152,3120,-106,542,406,868401
2026-05-19 20:08:09,esterno,876,15948,-5248,31,557,-500,210968
2026-05-19 20:08:09,esterno,1548,15604,-4144,-635,1069,-165,210990
2026-05-19 20:08:09,lombar,16608,260,3188,-80,473,376,868423
2026-05-19 20:08:09,esterno,2008,15564,-3888,-552,157,-299,211012
2026-05-19 20:08:09,lombar,16428,216,3336,-95,446,435,868445
2026-05-19 20:08:09,lombar,16716,148,2456,-193,-102,339,868467
2026-05-19 20:08:09,esterno,1960,15968,-4092,-208,623,-379,211034
2026-05-19 20:08:09,lombar,16340,-192,3376,66,131,271,868489
2026-05-19 20:08:09,esterno,1920,16056,-3956,-456,839,-191,211056
2026-05-19 20:08:09,lombar,16932,-88,2664,254,459,163,868511
2026-05-19 20:08:09,esterno,1216,15976,-4140,-860,292,-54,211078
2026-05-19 20:08:09,lombar,16692,176,3208,321,338,502,868533
2026-05-19 20:08:09,esterno,900,16076,-4208,-813,103,-187,211100
2026-05-19 20:08:09,lombar,16636,548,3000,307,-101,611,868555
2026-05-19 20:08:09,esterno,1272,16016,-3616,-808,7,-381,211122
2026-05-19 20:08:09,lombar,16368,224,3008,253,-313,639,868577
2026-05-19 20:08:09,esterno,1348,15824,-3908,-815,235,-658,211144
2026-05-19 20:08:09,lombar,16480,4,2956,265,-328,460,868599
2026-05-19 20:08:09,esterno,1628,15624,-3656,-1113,660,-634,211166
2026-05-19 20:08:09,lombar,16616,32,2976,265,-20,450,868621
2026-05-19 20:08:09,esterno,1616,15144,-4228,-1369,745,-594,211188
2026-05-19 20:08:09,lombar,16736,-36,3036,483,-83,650,868643
2026-05-19 20:08:09,esterno,1196,15544,-3716,-1282,165,-257,211210
2026-05-19 20:08:09,esterno,780,15188,-3604,-1187,269,113,211232
2026-05-19 20:08:09,lombar,17200,172,2792,990,26,1115,868665
2026-05-19 20:08:09,lombar,16320,-160,3276,1239,-561,1283,868687
2026-05-19 20:08:09,esterno,1136,15672,-3136,-1494,426,-75,211254
2026-05-19 20:08:09,lombar,16072,-652,3212,1201,-38,720,868709
2026-05-19 20:08:09,esterno,116,16724,-2608,-1777,481,816,211276
2026-05-19 20:08:09,lombar,16848,388,3512,752,90,589,868731
2026-05-19 20:08:09,esterno,1024,15696,-3436,-1873,-41,203,211298
2026-05-19 20:08:09,esterno,3036,15032,-5020,-1607,-731,-822,211320
2026-05-19 20:08:09,lombar,16632,612,3464,228,-389,763,868753
2026-05-19 20:08:09,esterno,516,15636,-3328,-1624,-920,-237,211342
2026-05-19 20:08:09,lombar,16108,36,3308,-140,-308,409,868775
2026-05-19 20:08:09,lombar,16612,36,3112,-257,-394,70,868797
2026-05-19 20:08:09,esterno,140,15044,-3048,-472,101,-20,211364
2026-05-19 20:08:09,lombar,16852,-16,3180,-219,-237,-116,868819
2026-05-19 20:08:09,esterno,808,15436,-3072,-325,-644,-16,211386
2026-05-19 20:08:09,lombar,17048,136,2720,-316,-515,57,868841
2026-05-19 20:08:09,esterno,1408,16492,-3084,-336,-626,-368,211408
2026-05-19 20:08:09,lombar,16872,168,3056,-458,-402,212,868863
2026-05-19 20:08:09,lombar,16552,12,2760,-527,-808,108,868885
2026-05-19 20:08:09,esterno,1252,16516,-3176,-366,-435,-617,211430
2026-05-19 20:08:09,esterno,1440,15672,-2648,-567,-293,-568,211452
2026-05-19 20:08:09,lombar,16592,-156,2576,-402,-739,161,868907
2026-05-19 20:08:09,esterno,1972,14712,-2944,-365,-218,-314,211474
2026-05-19 20:08:09,lombar,16720,-336,2828,-404,-200,173,868929
2026-05-19 20:08:09,esterno,1588,14872,-3508,-363,79,100,211496
2026-05-19 20:08:09,lombar,16860,-140,2740,-216,-224,165,868951
2026-05-19 20:08:09,esterno,1148,15876,-3132,-532,-105,207,211518
2026-05-19 20:08:10,lombar,16720,44,3048,-95,-803,280,868973
2026-05-19 20:08:10,esterno,1428,16272,-2988,-353,214,208,211540
2026-05-19 20:08:10,lombar,16492,52,2864,39,-629,349,868995
2026-05-19 20:08:10,esterno,1664,15980,-2948,-153,750,475,211562
2026-05-19 20:08:10,lombar,16396,-44,3092,159,-695,69,869017
2026-05-19 20:08:10,esterno,1296,15560,-3104,-473,838,722,211584
2026-05-19 20:08:10,lombar,16720,-116,2920,185,-448,69,869039
2026-05-19 20:08:10,esterno,980,15620,-3024,-536,666,823,211606
2026-05-19 20:08:10,lombar,16888,-132,2808,362,-163,85,869061
2026-05-19 20:08:10,esterno,1156,15976,-3320,-446,840,671,211628
2026-05-19 20:08:10,lombar,16640,96,2988,364,-506,186,869083
2026-05-19 20:08:10,esterno,1412,16472,-2824,-519,812,427,211650
2026-05-19 20:08:10,lombar,16488,200,2612,367,-790,175,869105
2026-05-19 20:08:10,esterno,1536,16284,-2588,-528,989,380,211672
2026-05-19 20:08:10,lombar,16484,144,2608,372,-713,127,869127
2026-05-19 20:08:10,esterno,1368,15880,-2444,-970,762,155,211694
2026-05-19 20:08:10,lombar,16768,72,2604,259,-532,199,869149
2026-05-19 20:08:10,esterno,1572,15764,-3204,-996,912,302,211716
2026-05-19 20:08:10,lombar,16660,164,2868,189,-683,162,869171
2026-05-19 20:08:10,esterno,1456,15788,-2716,-381,665,769,211738
2026-05-19 20:08:10,lombar,16360,236,2980,107,-866,286,869193
2026-05-19 20:08:10,esterno,636,15492,-2388,28,131,416,211760
2026-05-19 20:08:10,lombar,16476,232,2996,10,-951,181,869215
2026-05-19 20:08:10,esterno,1740,16124,-3168,-964,494,46,211782
2026-05-19 20:08:10,lombar,16876,212,2956,87,-746,99,869237
2026-05-19 20:08:10,esterno,1832,15976,-3496,-1179,453,551,211804
2026-05-19 20:08:10,lombar,16744,36,2896,178,-261,67,869259
2026-05-19 20:08:10,esterno,1064,15620,-2844,-409,-135,278,211826
2026-05-19 20:08:10,esterno,1252,15612,-2936,-66,62,-320,211848
2026-05-19 20:08:10,lombar,16484,340,2984,97,-703,334,869281
2026-05-19 20:08:10,lombar,16744,320,2680,11,-1129,313,869303
2026-05-19 20:08:10,esterno,2108,16028,-3232,-290,1035,21,211870
2026-05-19 20:08:10,esterno,2180,16332,-3468,-752,1231,404,211892
2026-05-19 20:08:10,lombar,16708,300,2888,184,-777,69,869325
2026-05-19 20:08:10,lombar,16380,-16,2756,520,-722,-45,869347
2026-05-19 20:08:10,esterno,1240,15808,-2000,-678,388,287,211914
2026-05-19 20:08:10,lombar,16252,228,3368,82,-927,465,869369
2026-05-19 20:08:10,esterno,1032,14836,-2552,-315,131,-267,211936
2026-05-19 20:08:10,lombar,17008,608,2316,76,-503,431,869391
2026-05-19 20:08:10,esterno,1844,15808,-2960,-483,1257,290,211958
2026-05-19 20:08:10,esterno,2028,17116,-3096,-803,837,871,211980
2026-05-19 20:08:10,lombar,17160,364,2136,264,-86,115,869413
2026-05-19 20:08:10,lombar,16780,0,2348,503,-744,189,869435
2026-05-19 20:08:10,esterno,1476,16564,-2236,-290,483,814,212002
2026-05-19 20:08:10,lombar,16424,248,2868,202,-1789,599,869457
2026-05-19 20:08:10,esterno,1240,15308,-1424,1047,-340,-371,212024
2026-05-19 20:08:10,lombar,16060,392,2720,88,-1492,591,869479
2026-05-19 20:08:10,esterno,1108,14864,-2376,995,-223,-574,212046
2026-05-19 20:08:10,lombar,16436,316,2996,-69,-864,335,869501
2026-05-19 20:08:10,esterno,832,15040,-3696,-196,-57,-148,212068
2026-05-19 20:08:10,lombar,16792,308,2696,-187,-898,269,869523
2026-05-19 20:08:10,esterno,764,15268,-4220,-462,-320,35,212090
2026-05-19 20:08:10,lombar,16912,104,2368,-213,-1371,272,869545
2026-05-19 20:08:10,esterno,1220,15752,-3336,209,-336,396,212112
2026-05-19 20:08:10,lombar,16916,208,2316,-302,-1569,403,869567
2026-05-19 20:08:10,esterno,1680,16108,-2236,305,-471,688,212134
2026-05-19 20:08:10,esterno,2008,16564,-2096,-536,-458,370,212156
2026-05-19 20:08:10,lombar,17112,244,2016,-238,-1309,422,869589
2026-05-19 20:08:10,lombar,16892,200,1772,-257,-978,393,869611
2026-05-19 20:08:10,esterno,2192,16464,-2576,-612,-166,-255,212178
2026-05-19 20:08:10,lombar,16800,68,1764,-99,-860,330,869633
2026-05-19 20:08:10,esterno,2700,16168,-2992,-102,300,-468,212200
2026-05-19 20:08:10,lombar,16860,116,1524,184,-806,262,869655
2026-05-19 20:08:10,esterno,2752,16280,-2540,-318,994,-123,212222
2026-05-19 20:08:10,lombar,16692,84,1928,133,-895,341,869677
2026-05-19 20:08:10,esterno,1948,15848,-1876,-895,1024,114,212244
2026-05-19 20:08:10,lombar,16848,108,1724,181,-752,282,869699
2026-05-19 20:08:10,esterno,920,15496,-2068,-507,77,130,212266
2026-05-19 20:08:10,lombar,16888,280,1824,172,-513,367,869721
2026-05-19 20:08:10,esterno,416,15584,-2000,492,-26,-53,212288
2026-05-19 20:08:10,lombar,16916,484,1572,152,-241,366,869743
2026-05-19 20:08:10,esterno,1072,15844,-1708,343,103,56,212310
2026-05-19 20:08:10,lombar,16944,260,1712,218,-111,284,869765
2026-05-19 20:08:10,esterno,1860,15724,-1768,-293,-294,238,212332
2026-05-19 20:08:10,lombar,17100,240,1752,49,24,382,869787
2026-05-19 20:08:10,esterno,1828,15804,-2048,-237,-77,205,212354
2026-05-19 20:08:10,lombar,17044,152,1780,-39,169,407,869809
2026-05-19 20:08:10,esterno,1568,15876,-2248,199,-242,32,212376
2026-05-19 20:08:10,lombar,16776,260,1928,-2,338,369,869831
2026-05-19 20:08:10,esterno,1604,15604,-2244,511,-488,11,212398
2026-05-19 20:08:10,lombar,16756,48,1968,88,316,252,869853
2026-05-19 20:08:10,esterno,2096,15228,-2372,792,-170,88,212420
2026-05-19 20:08:10,lombar,16940,-44,1924,189,805,192,869875
2026-05-19 20:08:10,esterno,2196,14916,-2412,866,481,-126,212442
2026-05-19 20:08:10,lombar,16728,-168,2024,435,811,154,869897
2026-05-19 20:08:10,esterno,2020,15280,-2920,922,1190,-474,212464
2026-05-19 20:08:10,lombar,16632,-88,2424,586,837,122,869919
2026-05-19 20:08:10,esterno,1780,15524,-3128,1258,1534,-384,212486
2026-05-19 20:08:10,lombar,16732,192,2544,590,797,15,869941
2026-05-19 20:08:10,esterno,1420,15896,-3320,1227,2170,24,212508
2026-05-19 20:08:11,lombar,16740,460,2396,542,951,-31,869963
2026-05-19 20:08:11,esterno,1152,16008,-2496,1107,2015,382,212530
2026-05-19 20:08:11,lombar,16648,460,2292,503,1208,51,869985
2026-05-19 20:08:11,esterno,1056,15748,-2488,1524,972,283,212552
2026-05-19 20:08:11,lombar,16496,488,2596,367,1106,266,870007
2026-05-19 20:08:11,esterno,936,15532,-2628,2170,471,-105,212574
2026-05-19 20:08:11,lombar,16516,560,2704,261,868,277,870029
2026-05-19 20:08:11,esterno,1360,15800,-2928,1982,52,27,212596
2026-05-19 20:08:11,lombar,16768,564,2652,257,1096,159,870051
2026-05-19 20:08:11,esterno,1680,15948,-3720,1828,-3,231,212618
2026-05-19 20:08:11,esterno,1464,16064,-3752,1761,-85,68,212640
2026-05-19 20:08:11,lombar,16836,560,2712,16,1207,103,870073
2026-05-19 20:08:11,lombar,16648,488,2716,-15,1047,140,870095
2026-05-19 20:08:11,lombar,16644,276,2692,-57,872,207,870117
2026-05-19 20:08:11,esterno,1812,16108,-3492,1634,-726,75,212662
2026-05-19 20:08:11,esterno,1984,16060,-4152,1568,-929,130,212684
2026-05-19 20:08:11,esterno,1924,15896,-4460,1363,64,192,212706
2026-05-19 20:08:11,lombar,16416,280,2820,-67,620,322,870139
2026-05-19 20:08:11,lombar,16548,224,3140,-37,505,204,870161
2026-05-19 20:08:11,esterno,1780,15708,-4056,1204,397,202,212728
2026-05-19 20:08:11,esterno,1596,15480,-4036,1503,451,130,212750
2026-05-19 20:08:11,lombar,16564,84,2996,60,623,187,870183
2026-05-19 20:08:11,lombar,16544,84,3264,6,594,258,870205
2026-05-19 20:08:11,esterno,1192,15588,-4140,1362,376,9,212772
2026-05-19 20:08:11,lombar,16596,-12,3536,97,391,189,870227
2026-05-19 20:08:11,esterno,1144,15576,-4296,1012,128,81,212794
2026-05-19 20:08:11,lombar,16564,128,3328,187,548,225,870249
2026-05-19 20:08:11,esterno,1276,15400,-4476,1011,90,141,212816
2026-05-19 20:08:11,lombar,16420,272,3552,177,689,166,870271
2026-05-19 20:08:11,esterno,1180,15596,-4408,1063,-39,-95,212838
2026-05-19 20:08:11,esterno,1196,15620,-4680,1214,39,-378,212860
2026-05-19 20:08:11,lombar,16532,436,3544,188,574,234,870293
2026-05-19 20:08:11,lombar,16376,448,3572,103,461,229,870315
2026-05-19 20:08:11,esterno,1680,15688,-4576,1460,-41,-728,212882
2026-05-19 20:08:11,esterno,2064,15684,-4676,995,-118,-571,212904
2026-05-19 20:08:11,lombar,16456,552,3556,14,233,251,870337
2026-05-19 20:08:11,lombar,16360,520,3668,-100,64,281,870359
2026-05-19 20:08:11,esterno,1896,15292,-4932,438,-196,-436,212926
2026-05-19 20:08:11,lombar,16408,456,3560,40,4,280,870381
2026-05-19 20:08:11,esterno,1768,15260,-5032,366,-210,-491,212948
2026-05-19 20:08:11,esterno,1900,15500,-5020,377,-31,-290,212970
2026-05-19 20:08:11,lombar,16340,564,3860,-4,-232,300,870403
2026-05-19 20:08:11,lombar,16228,444,3244,78,-175,241,870425
2026-05-19 20:08:11,esterno,1712,15576,-4776,160,155,-55,212992
2026-05-19 20:08:11,lombar,16512,612,3784,25,-486,238,870447
2026-05-19 20:08:11,esterno,1728,15576,-4872,-89,-54,178,213014
2026-05-19 20:08:11,esterno,1892,15656,-4932,-154,39,77,213036
2026-05-19 20:08:11,lombar,16656,700,3548,3,-639,307,870469
2026-05-19 20:08:11,lombar,16348,556,3572,58,-630,323,870491
2026-05-19 20:08:11,esterno,1808,15688,-4676,-162,-1,-38,213058
2026-05-19 20:08:11,lombar,16396,416,3576,136,-865,370,870513
2026-05-19 20:08:11,esterno,1500,15520,-4816,-93,35,-189,213080
2026-05-19 20:08:11,lombar,16492,328,3340,183,-597,433,870535
2026-05-19 20:08:11,esterno,1452,15316,-4920,-2,17,-218,213102
2026-05-19 20:08:11,lombar,16572,568,3456,106,-771,395,870557
2026-05-19 20:08:11,esterno,1424,15280,-4972,-94,-89,-132,213124
2026-05-19 20:08:11,lombar,16460,396,3072,86,-736,421,870579
2026-05-19 20:08:11,esterno,1608,15372,-4660,-431,140,-52,213146
2026-05-19 20:08:11,lombar,16368,436,3320,64,-816,567,870601
2026-05-19 20:08:11,esterno,1560,15588,-4540,-530,303,10,213168
2026-05-19 20:08:11,lombar,16632,380,3292,9,-995,532,870623
2026-05-19 20:08:11,esterno,1672,15816,-4372,-418,270,-16,213190
2026-05-19 20:08:11,lombar,16616,256,3200,106,-835,461,870645
2026-05-19 20:08:11,esterno,1540,15660,-4552,-457,145,-38,213212
2026-05-19 20:08:11,lombar,16688,220,3140,143,-738,450,870667
2026-05-19 20:08:11,esterno,1408,15480,-4856,-379,521,-61,213234
2026-05-19 20:08:11,esterno,1168,15412,-4360,-432,629,-327,213256
2026-05-19 20:08:11,lombar,16588,296,2900,226,-793,479,870689
2026-05-19 20:08:11,lombar,16528,248,3188,274,-865,407,870711
2026-05-19 20:08:11,esterno,1288,15732,-4516,-668,-151,-140,213278
2026-05-19 20:08:11,lombar,16768,364,3148,246,-1137,522,870733
2026-05-19 20:08:11,esterno,1432,15532,-4748,-611,25,95,213300
2026-05-19 20:08:11,lombar,16592,400,2884,168,-897,527,870755
2026-05-19 20:08:11,esterno,1300,15332,-4264,-576,456,57,213322
2026-05-19 20:08:11,esterno,1356,15280,-4200,-466,376,-47,213344
2026-05-19 20:08:11,lombar,16632,364,2928,156,-618,451,870777
2026-05-19 20:08:11,lombar,16796,280,2888,-3,-662,465,870799
2026-05-19 20:08:11,esterno,1440,15572,-4188,-314,391,-164,213366
2026-05-19 20:08:11,lombar,16784,288,2752,-30,-772,486,870821
2026-05-19 20:08:11,esterno,1452,15868,-3612,-539,262,-32,213388
2026-05-19 20:08:11,esterno,1320,15764,-3684,-693,44,136,213410
2026-05-19 20:08:11,lombar,16704,284,2756,-13,-587,409,870843
2026-05-19 20:08:11,lombar,16812,164,2524,-4,-479,289,870865
2026-05-19 20:08:11,esterno,1492,15700,-3580,-430,67,57,213432
2026-05-19 20:08:11,lombar,16788,216,2664,55,-437,318,870887
2026-05-19 20:08:11,esterno,1320,15836,-3776,-491,-55,3,213454
2026-05-19 20:08:11,lombar,16736,272,2716,59,-359,352,870909
2026-05-19 20:08:11,esterno,1436,15708,-4132,-835,-11,146,213476
2026-05-19 20:08:11,lombar,16644,352,2696,88,-390,346,870931
2026-05-19 20:08:11,esterno,1468,15720,-4188,-952,99,189,213498
2026-05-19 20:08:12,lombar,16756,192,2692,121,-431,401,870953
2026-05-19 20:08:12,esterno,1452,15656,-4084,-858,26,163,213520
2026-05-19 20:08:12,esterno,1504,15344,-4056,-506,102,24,213542
2026-05-19 20:08:12,lombar,16816,108,2664,139,-441,318,870975
2026-05-19 20:08:12,lombar,16788,404,2760,203,-218,295,870997
2026-05-19 20:08:12,esterno,1604,15296,-4224,-387,52,-38,213564
2026-05-19 20:08:12,lombar,16692,320,2880,116,-310,301,871019
2026-05-19 20:08:12,esterno,1560,15500,-4244,-486,233,43,213586
2026-05-19 20:08:12,lombar,16736,344,2804,105,-220,375,871041
2026-05-19 20:08:12,esterno,1520,15504,-3904,-495,468,71,213608
2026-05-19 20:08:12,esterno,1452,15400,-3760,-371,21,111,213630
2026-05-19 20:08:12,lombar,16688,320,2920,37,-83,269,871063
2026-05-19 20:08:12,esterno,1372,15212,-3852,-2,-80,-27,213652
2026-05-19 20:08:12,lombar,16676,172,2620,46,31,210,871085
2026-05-19 20:08:12,lombar,16560,368,2768,-28,45,336,871107
2026-05-19 20:08:12,esterno,1484,15540,-3856,-9,24,-87,213674
2026-05-19 20:08:12,esterno,1424,15872,-4040,-239,3,54,213696
2026-05-19 20:08:12,lombar,16656,420,2880,-33,-151,290,871129
2026-05-19 20:08:12,lombar,16664,188,2572,-3,2,311,871151
2026-05-19 20:08:12,esterno,1412,15776,-4032,-99,-66,140,213718
2026-05-19 20:08:12,lombar,16656,244,2932,101,-72,264,871173
2026-05-19 20:08:12,esterno,1604,15660,-3952,-112,-148,88,213740
2026-05-19 20:08:12,lombar,16684,360,2848,25,-191,278,871195
2026-05-19 20:08:12,esterno,1568,15484,-4228,-105,-66,-39,213762
2026-05-19 20:08:12,lombar,16552,324,2848,32,-115,339,871217
2026-05-19 20:08:12,esterno,1500,15608,-4024,-41,85,-110,213784
2026-05-19 20:08:12,lombar,16508,300,3156,112,-141,274,871239
2026-05-19 20:08:12,esterno,1536,15736,-4444,-222,381,-8,213806
2026-05-19 20:08:12,lombar,16532,244,2952,109,-146,240,871261
2026-05-19 20:08:12,esterno,1512,15816,-4280,-503,848,93,213828
2026-05-19 20:08:12,lombar,16508,460,3120,169,-182,294,871283
2026-05-19 20:08:12,esterno,1348,15432,-4028,-456,410,87,213850
2026-05-19 20:08:12,esterno,1280,15228,-4280,177,475,-116,213872
2026-05-19 20:08:12,lombar,16664,368,3280,80,-146,454,871305
2026-05-19 20:08:12,lombar,16632,352,3156,22,-272,310,871327
2026-05-19 20:08:12,esterno,1396,15588,-3724,170,-98,-172,213894
2026-05-19 20:08:12,lombar,16496,180,3012,51,-290,356,871349
2026-05-19 20:08:12,esterno,1536,15636,-3996,-134,-429,38,213916
2026-05-19 20:08:12,lombar,16516,336,3060,29,-138,393,871371
2026-05-19 20:08:12,esterno,1476,15620,-4456,-208,-67,94,213938
2026-05-19 20:08:12,lombar,16672,452,3032,56,-349,340,871393
2026-05-19 20:08:12,esterno,1436,15596,-4320,-169,127,39,213960
2026-05-19 20:08:12,esterno,1444,15396,-4480,-60,123,-24,213982
2026-05-19 20:08:12,lombar,16536,352,3096,98,-391,332,871415
2026-05-19 20:08:12,esterno,1508,15636,-4292,-19,557,-260,214004
2026-05-19 20:08:12,lombar,16664,280,2896,72,-486,405,871437
2026-05-19 20:08:12,esterno,1528,15840,-3944,-276,448,-216,214026
2026-05-19 20:08:12,lombar,16536,156,3048,175,-573,392,871459
2026-05-19 20:08:12,lombar,16496,404,3040,191,-478,324,871481
2026-05-19 20:08:12,esterno,1548,15724,-4256,-291,441,-59,214048
2026-05-19 20:08:12,lombar,16596,312,2936,42,-347,374,871503
2026-05-19 20:08:12,esterno,1376,15524,-4228,-176,636,-134,214070
2026-05-19 20:08:12,lombar,16616,248,3044,121,-661,421,871525
2026-05-19 20:08:12,esterno,1372,15668,-4052,-312,399,-117,214092
2026-05-19 20:08:12,lombar,16580,224,2992,130,-621,408,871547
2026-05-19 20:08:12,esterno,1312,15684,-3916,-559,83,46,214114
2026-05-19 20:08:12,esterno,1492,15696,-4136,-648,202,144,214136
2026-05-19 20:08:12,lombar,16632,400,3024,164,-495,358,871569
2026-05-19 20:08:12,lombar,16552,380,2952,81,-616,426,871591
2026-05-19 20:08:12,esterno,1556,15600,-3968,-739,389,140,214158
2026-05-19 20:08:12,lombar,16588,452,2972,115,-689,205,871613
2026-05-19 20:08:12,esterno,1556,15512,-3904,-650,249,111,214180
2026-05-19 20:08:12,lombar,16732,336,2816,135,-632,306,871635
2026-05-19 20:08:12,esterno,1524,15440,-4272,-618,26,170,214202
2026-05-19 20:08:12,lombar,16668,316,2724,117,-630,353,871657
2026-05-19 20:08:12,esterno,1568,15740,-4108,-696,473,135,214224
2026-05-19 20:08:12,lombar,16636,460,2844,182,-640,368,871679
2026-05-19 20:08:12,esterno,1540,15852,-3760,-813,365,147,214246
2026-05-19 20:08:12,lombar,16580,256,2924,239,-623,365,871701
2026-05-19 20:08:12,esterno,1484,15716,-3884,-624,98,99,214268
2026-05-19 20:08:12,lombar,16524,224,2992,270,-648,395,871723
2026-05-19 20:08:12,esterno,1460,15580,-3884,-390,100,30,214290
2026-05-19 20:08:12,lombar,16704,236,2856,291,-846,455,871745
2026-05-19 20:08:12,esterno,1536,15272,-3892,-404,215,-58,214312
2026-05-19 20:08:12,lombar,16612,372,2896,361,-604,474,871767
2026-05-19 20:08:12,esterno,1408,15124,-3952,-242,162,-74,214334
2026-05-19 20:08:12,lombar,16656,296,2712,249,-452,378,871789
2026-05-19 20:08:12,esterno,1452,15240,-3936,38,36,-86,214356
2026-05-19 20:08:12,lombar,16808,280,2980,318,-659,435,871811
2026-05-19 20:08:12,esterno,1588,15572,-3624,66,22,-150,214378
2026-05-19 20:08:12,lombar,16752,300,3016,301,-466,441,871833
2026-05-19 20:08:12,esterno,1412,15600,-3672,236,-123,-24,214400
2026-05-19 20:08:12,lombar,16704,512,2680,201,-90,472,871855
2026-05-19 20:08:12,esterno,1452,15312,-3984,398,-59,-111,214422
2026-05-19 20:08:12,lombar,16600,292,2840,41,267,401,871877
2026-05-19 20:08:12,esterno,1336,15248,-3680,652,-84,-178,214444
2026-05-19 20:08:12,lombar,16432,244,2376,-469,952,489,871899
2026-05-19 20:08:12,esterno,1408,15176,-3468,947,-463,-237,214466
2026-05-19 20:08:12,lombar,16088,60,1892,-417,1566,423,871921
2026-05-19 20:08:12,esterno,1588,15580,-3684,983,-589,-220,214488
2026-05-19 20:08:12,lombar,17352,324,2708,-313,-606,353,871943
2026-05-19 20:08:12,esterno,1556,16756,-3916,230,41,-121,214510
2026-05-19 20:08:13,lombar,17232,364,2816,-424,-415,504,871965
2026-05-19 20:08:13,esterno,1684,17252,-3516,-595,-500,154,214532
2026-05-19 20:08:13,lombar,16696,56,2528,-311,31,519,871987
2026-05-19 20:08:13,lombar,16292,88,2496,-187,384,321,872009
2026-05-19 20:08:13,esterno,1760,16360,-3312,-292,-655,246,214554
2026-05-19 20:08:13,esterno,1524,15276,-3776,466,-185,104,214576
2026-05-19 20:08:13,lombar,16372,104,1792,-185,1131,212,872031
2026-05-19 20:08:13,esterno,1408,14616,-4108,587,-8,-132,214598
2026-05-19 20:08:13,lombar,16412,336,2316,127,698,302,872053
2026-05-19 20:08:13,esterno,1272,15188,-4436,170,27,-152,214620
2026-05-19 20:08:13,lombar,17280,332,2928,22,-329,433,872075
2026-05-19 20:08:13,esterno,1220,16576,-4040,-547,262,-41,214642
2026-05-19 20:08:13,lombar,17212,96,3308,12,-344,588,872097
2026-05-19 20:08:13,esterno,1432,17088,-3324,-1053,-4,329,214664
2026-05-19 20:08:13,lombar,16600,40,3336,294,-328,509,872119
2026-05-19 20:08:13,esterno,1732,16204,-3832,-643,-41,491,214686
2026-05-19 20:08:13,lombar,16304,124,3088,380,236,252,872141
2026-05-19 20:08:13,esterno,1700,14800,-4288,27,265,284,214708
2026-05-19 20:08:13,lombar,16432,152,3352,259,-25,225,872163
2026-05-19 20:08:13,esterno,1272,14284,-4316,195,174,-63,214730
2026-05-19 20:08:13,lombar,16620,268,3360,168,-226,324,872185
2026-05-19 20:08:13,esterno,1036,14520,-4628,20,109,-268,214752
2026-05-19 20:08:13,lombar,16524,144,3016,26,-31,318,872207
2026-05-19 20:08:13,esterno,1060,15664,-4660,-331,410,-201,214774
2026-05-19 20:08:13,lombar,16704,100,3204,75,-345,301,872229
2026-05-19 20:08:13,esterno,1316,16232,-4084,-405,362,106,214796
2026-05-19 20:08:13,lombar,16716,160,3408,150,-39,318,872251
2026-05-19 20:08:13,esterno,1616,16064,-4188,-15,30,249,214818
2026-05-19 20:08:13,lombar,16496,40,3188,272,-24,307,872273
2026-05-19 20:08:13,esterno,1776,15384,-4168,182,230,-12,214840
2026-05-19 20:08:13,esterno,1428,15024,-4232,49,692,-402,214862
2026-05-19 20:08:13,lombar,16464,260,3212,129,-159,293,872295
2026-05-19 20:08:13,lombar,16552,360,3236,-16,-398,348,872317
2026-05-19 20:08:13,esterno,1300,15460,-4228,-21,371,-417,214884
2026-05-19 20:08:13,lombar,16596,312,3324,135,-313,294,872339
2026-05-19 20:08:13,esterno,1216,15864,-4216,137,192,-122,214906
2026-05-19 20:08:13,lombar,16528,188,2992,230,-242,320,872361
2026-05-19 20:08:13,esterno,1528,16044,-3944,60,189,69,214928
2026-05-19 20:08:13,lombar,16496,376,3172,149,-251,360,872383
2026-05-19 20:08:13,esterno,1692,15668,-4072,-53,124,-19,214950
2026-05-19 20:08:13,lombar,16508,336,3076,126,-200,353,872405
2026-05-19 20:08:13,esterno,1668,15352,-4220,223,189,-171,214972
2026-05-19 20:08:13,lombar,16676,312,3260,143,-351,313,872427
2026-05-19 20:08:13,esterno,1548,15436,-4084,311,150,-227,214994
2026-05-19 20:08:13,lombar,16572,268,3096,136,-211,435,872449
2026-05-19 20:08:13,esterno,1380,15676,-4272,178,267,-157,215016
2026-05-19 20:08:13,lombar,16612,460,3432,146,-173,423,872471
2026-05-19 20:08:13,esterno,1180,15604,-4140,306,114,-95,215038
2026-05-19 20:08:13,lombar,16688,400,3228,356,247,478,872493
2026-05-19 20:08:13,esterno,1196,15192,-4400,570,37,-227,215060
2026-05-19 20:08:13,esterno,1244,15120,-4356,878,46,-422,215082
2026-05-19 20:08:13,lombar,16488,-16,2964,147,557,466,872515
2026-05-19 20:08:13,lombar,16740,92,3356,181,277,525,872537
2026-05-19 20:08:13,esterno,1312,15732,-3996,954,-140,-471,215104
2026-05-19 20:08:13,lombar,16660,120,3384,81,353,536,872559
2026-05-19 20:08:13,esterno,1472,15876,-4116,792,-303,-222,215126
2026-05-19 20:08:13,lombar,16444,212,2984,67,282,564,872581
2026-05-19 20:08:13,esterno,1176,15488,-4232,834,256,-368,215148
2026-05-19 20:08:13,lombar,16496,580,2596,-270,0,417,872603
2026-05-19 20:08:13,esterno,1400,15732,-4456,435,-126,-363,215170
2026-05-19 20:08:13,lombar,17104,124,3232,-201,-602,330,872625
2026-05-19 20:08:13,esterno,1244,16164,-4592,125,-82,-95,215192
2026-05-19 20:08:13,lombar,16760,4,3036,-39,-90,472,872647
2026-05-19 20:08:13,esterno,1256,16112,-4384,245,-111,230,215214
2026-05-19 20:08:13,lombar,16352,-124,3152,-56,182,468,872669
2026-05-19 20:08:13,esterno,1288,15764,-4344,463,160,125,215236
2026-05-19 20:08:13,lombar,16384,76,3312,77,58,296,872691
2026-05-19 20:08:13,esterno,1484,15200,-4552,485,388,-8,215258
2026-05-19 20:08:13,lombar,16688,216,3412,6,137,335,872713
2026-05-19 20:08:13,esterno,1200,15080,-4492,317,518,-168,215280
2026-05-19 20:08:13,lombar,16656,-44,3412,-144,171,444,872735
2026-05-19 20:08:13,esterno,944,15396,-4472,152,336,-257,215302
2026-05-19 20:08:13,lombar,16508,20,3300,-21,838,510,872757
2026-05-19 20:08:13,esterno,976,15676,-4320,358,204,-58,215324
2026-05-19 20:08:13,lombar,16516,112,3760,-97,976,431,872779
2026-05-19 20:08:13,esterno,1196,15480,-4408,621,99,-8,215346
2026-05-19 20:08:13,lombar,16492,124,4324,-254,1143,412,872801
2026-05-19 20:08:13,esterno,1376,15128,-4560,517,144,-100,215368
2026-05-19 20:08:13,lombar,16568,56,3720,-660,1826,399,872823
2026-05-19 20:08:13,esterno,1152,14752,-4452,617,65,-225,215390
2026-05-19 20:08:13,lombar,16196,200,3608,-451,2091,379,872845
2026-05-19 20:08:13,esterno,1148,15040,-4808,801,-194,-135,215412
2026-05-19 20:08:13,esterno,1060,15360,-5112,667,15,-102,215434
2026-05-19 20:08:13,lombar,16596,132,3936,-358,1508,280,872867
2026-05-19 20:08:13,esterno,964,15696,-4920,576,-21,-89,215456
2026-05-19 20:08:13,lombar,16784,-92,4444,-250,1236,250,872889
2026-05-19 20:08:13,lombar,16744,-44,3812,-149,1290,350,872911
2026-05-19 20:08:13,esterno,1484,15644,-5076,531,63,-157,215478
2026-05-19 20:08:13,lombar,16208,136,3416,-60,1261,405,872933
2026-05-19 20:08:13,esterno,1356,15404,-4688,636,188,-290,215500
2026-05-19 20:08:14,lombar,16100,344,3432,41,644,439,872955
2026-05-19 20:08:14,esterno,1276,15644,-4840,496,-114,-302,215522
2026-05-19 20:08:14,lombar,16768,100,3888,-22,-93,297,872977
2026-05-19 20:08:14,esterno,1168,16032,-5284,194,141,-203,215544
2026-05-19 20:08:14,lombar,16764,92,4108,49,-199,367,872999
2026-05-19 20:08:14,esterno,1212,15948,-4780,-24,-6,-49,215566
2026-05-19 20:08:14,lombar,16420,208,4304,35,-145,458,873021
2026-05-19 20:08:14,esterno,1348,15676,-4528,-39,-29,9,215588
2026-05-19 20:08:14,lombar,16144,248,3776,-78,-89,426,873043
2026-05-19 20:08:14,esterno,1328,15312,-4624,83,45,-20,215610
2026-05-19 20:08:14,lombar,16308,172,3912,-61,-190,307,873065
2026-05-19 20:08:14,esterno,1316,15276,-4708,47,47,-52,215632
2026-05-19 20:08:14,lombar,16436,64,3988,63,-434,323,873087
2026-05-19 20:08:14,esterno,1236,15232,-4812,-171,-2,-32,215654
2026-05-19 20:08:14,lombar,16556,192,4108,-78,-450,434,873109
2026-05-19 20:08:14,esterno,1024,15464,-5132,-379,273,41,215676
2026-05-19 20:08:14,lombar,16484,112,4104,59,-513,380,873131
2026-05-19 20:08:14,esterno,1128,15784,-4924,-432,316,172,215698
2026-05-19 20:08:14,lombar,16436,68,4144,106,-379,350,873153
2026-05-19 20:08:14,esterno,1136,15656,-4768,-230,156,214,215720
2026-05-19 20:08:14,lombar,16532,-132,3964,104,-398,327,873175
2026-05-19 20:08:14,esterno,1156,15292,-4788,61,130,85,215742
2026-05-19 20:08:14,lombar,16436,24,4168,170,-422,352,873197
2026-05-19 20:08:14,esterno,1100,15200,-5092,235,371,-50,215764
2026-05-19 20:08:14,lombar,16388,72,3860,269,-371,368,873219
2026-05-19 20:08:14,esterno,940,15252,-5092,-14,331,-56,215786
2026-05-19 20:08:14,lombar,16516,-28,4148,222,-418,280,873241
2026-05-19 20:08:14,esterno,1104,15556,-4756,-115,-220,163,215808
2026-05-19 20:08:14,lombar,16516,116,4016,238,-417,321,873263
2026-05-19 20:08:14,esterno,1272,15248,-5332,-39,142,106,215830
2026-05-19 20:08:14,lombar,16372,228,4060,174,-442,320,873285
2026-05-19 20:08:14,esterno,1252,15132,-5160,-66,507,-138,215852
2026-05-19 20:08:14,lombar,16584,28,3832,245,-637,283,873307
2026-05-19 20:08:14,esterno,1168,15308,-5300,116,314,-173,215874
2026-05-19 20:08:14,lombar,16448,192,4092,157,-581,397,873329
2026-05-19 20:08:14,esterno,1284,15576,-4912,4,510,-142,215896
2026-05-19 20:08:14,lombar,16536,176,4044,160,-511,366,873351
2026-05-19 20:08:14,esterno,1316,15680,-4704,-374,401,14,215918
2026-05-19 20:08:14,lombar,16288,176,4184,177,-465,280,873373
2026-05-19 20:08:14,esterno,1264,15240,-4904,-262,220,85,215940
2026-05-19 20:08:14,lombar,16396,80,3928,153,-406,324,873395
2026-05-19 20:08:14,esterno,1200,15132,-5048,-16,219,-50,215962
2026-05-19 20:08:14,lombar,16508,140,4084,136,-437,289,873417
2026-05-19 20:08:14,esterno,1072,15360,-5116,-132,254,-149,215984
2026-05-19 20:08:14,lombar,16584,140,4072,126,-351,339,873439
2026-05-19 20:08:14,esterno,1172,15540,-5076,-232,232,-39,216006
2026-05-19 20:08:14,lombar,16480,96,3980,62,-323,335,873461
2026-05-19 20:08:14,esterno,1180,15640,-4740,-262,138,79,216028
2026-05-19 20:08:14,lombar,16468,16,3992,57,-234,328,873483
2026-05-19 20:08:14,esterno,1272,15308,-4944,-236,74,53,216050
2026-05-19 20:08:14,lombar,16540,188,4132,85,-213,325,873505
2026-05-19 20:08:14,esterno,1180,15036,-5184,-135,53,-45,216072
2026-05-19 20:08:14,esterno,1308,15160,-5168,-141,92,-29,216094
2026-05-19 20:08:14,lombar,16544,96,4132,94,-202,275,873527
2026-05-19 20:08:14,lombar,16476,108,3944,4,-95,344,873549
2026-05-19 20:08:14,esterno,1244,15380,-4824,-18,263,19,216116
2026-05-19 20:08:14,lombar,16412,104,3936,30,46,310,873571
2026-05-19 20:08:14,esterno,1160,15644,-4676,34,-54,41,216138
2026-05-19 20:08:14,lombar,16584,-64,4036,83,-30,298,873593
2026-05-19 20:08:14,esterno,1200,15736,-4832,-58,-85,65,216160
2026-05-19 20:08:14,esterno,1360,15532,-4864,-200,59,13,216182
2026-05-19 20:08:14,lombar,16528,72,4172,70,-82,367,873615
2026-05-19 20:08:14,lombar,16528,200,4004,1,39,360,873637
2026-05-19 20:08:14,esterno,1136,15332,-4804,-194,-1,144,216204
2026-05-19 20:08:14,lombar,16260,108,3796,-6,216,322,873659
2026-05-19 20:08:14,esterno,1176,15280,-4968,-38,24,182,216226
2026-05-19 20:08:14,lombar,16556,-24,3928,-33,-93,381,873681
2026-05-19 20:08:14,esterno,1428,15296,-4908,-132,121,25,216248
2026-05-19 20:08:14,esterno,1264,15664,-5016,-153,53,17,216270
2026-05-19 20:08:14,lombar,16552,156,4004,-28,-52,431,873703
2026-05-19 20:08:14,lombar,16512,72,4072,-77,-170,351,873725
2026-05-19 20:08:14,esterno,1020,15672,-4952,-181,-12,85,216292
2026-05-19 20:08:14,lombar,16332,52,4212,-62,-184,441,873747
2026-05-19 20:08:14,esterno,1068,15512,-4832,-165,-64,148,216314
2026-05-19 20:08:14,lombar,16400,84,4096,-81,-186,343,873769
2026-05-19 20:08:14,esterno,1228,15360,-4972,-210,-84,189,216336
2026-05-19 20:08:14,lombar,16340,44,4240,67,-258,312,873791
2026-05-19 20:08:14,esterno,1136,15128,-5000,-66,-90,101,216358
2026-05-19 20:08:14,lombar,16500,16,4020,156,-235,311,873813
2026-05-19 20:08:14,esterno,1124,15208,-5224,135,257,-133,216380
2026-05-19 20:08:14,lombar,16464,96,4240,52,-266,308,873835
2026-05-19 20:08:14,esterno,1224,15688,-4816,-188,-179,-47,216402
2026-05-19 20:08:14,lombar,16480,-36,4064,108,-329,353,873857
2026-05-19 20:08:14,esterno,1156,15504,-5068,-319,-295,154,216424
2026-05-19 20:08:14,lombar,16412,160,4072,89,-359,419,873879
2026-05-19 20:08:14,esterno,1276,15228,-5236,-182,235,61,216446
2026-05-19 20:08:14,lombar,16384,100,4344,121,-400,305,873901
2026-05-19 20:08:14,esterno,1260,15052,-5196,-194,339,-154,216468
2026-05-19 20:08:14,esterno,1224,15152,-4960,70,332,-149,216490
2026-05-19 20:08:14,lombar,16560,0,4092,208,-306,393,873923
2026-05-19 20:08:14,lombar,16492,188,4012,136,-374,335,873945
2026-05-19 20:08:14,esterno,1060,15644,-4840,152,360,-156,216512
2026-05-19 20:08:15,lombar,16432,208,4120,104,-305,385,873967
2026-05-19 20:08:15,esterno,1152,15736,-4696,-140,167,-103,216534
2026-05-19 20:08:15,lombar,16412,164,3944,77,-266,305,873989
2026-05-19 20:08:15,esterno,1348,15520,-4840,-150,186,-30,216556
2026-05-19 20:08:15,lombar,16464,176,3920,17,-399,325,874011
2026-05-19 20:08:15,esterno,1260,15368,-5072,-157,216,54,216578
2026-05-19 20:08:15,lombar,16528,-84,3928,5,-371,299,874033
2026-05-19 20:08:15,esterno,1196,15320,-5144,-236,198,85,216600
2026-05-19 20:08:15,lombar,16456,-76,3916,76,-374,334,874055
2026-05-19 20:08:15,esterno,1192,15332,-4932,-246,167,81,216622
2026-05-19 20:08:15,lombar,16476,56,3972,100,-442,322,874077
2026-05-19 20:08:15,esterno,1160,15560,-4960,-406,11,80,216644
2026-05-19 20:08:15,lombar,16500,200,4220,62,-440,315,874099
2026-05-19 20:08:15,esterno,1220,15504,-4812,-427,194,104,216666
2026-05-19 20:08:15,lombar,16544,-32,3980,125,-318,242,874121
2026-05-19 20:08:15,esterno,1092,15232,-5152,-374,113,152,216688
2026-05-19 20:08:15,esterno,1192,15232,-5076,-326,124,113,216710
2026-05-19 20:08:15,lombar,16504,-56,4032,159,-335,260,874143
2026-05-19 20:08:15,lombar,16416,104,4088,87,-364,337,874165
2026-05-19 20:08:15,esterno,1300,15372,-4720,-355,357,12,216732
2026-05-19 20:08:15,lombar,16536,84,3980,94,-250,277,874187
2026-05-19 20:08:15,esterno,1168,15496,-4516,-358,168,13,216754
2026-05-19 20:08:15,lombar,16532,20,4084,178,-170,283,874209
2026-05-19 20:08:15,esterno,1424,15432,-4948,-290,192,19,216776
2026-05-19 20:08:15,lombar,16496,100,4140,114,-212,289,874231
2026-05-19 20:08:15,esterno,1440,15652,-4768,-264,290,148,216798
2026-05-19 20:08:15,lombar,16460,164,4064,81,-88,352,874253
2026-05-19 20:08:15,esterno,1268,15424,-4896,-303,196,169,216820
2026-05-19 20:08:15,esterno,1092,15324,-4908,-132,139,66,216842
2026-05-19 20:08:15,lombar,16388,152,4028,-81,-118,292,874275
2026-05-19 20:08:15,lombar,16484,60,4136,13,-156,283,874297
2026-05-19 20:08:15,esterno,1124,15376,-4580,38,-103,-43,216864
2026-05-19 20:08:15,lombar,16520,292,4048,-3,-106,366,874319
2026-05-19 20:08:15,esterno,1312,15472,-4716,41,-145,19,216886
2026-05-19 20:08:15,lombar,16476,60,3936,-50,-160,359,874341
2026-05-19 20:08:15,esterno,1388,15520,-4828,-14,92,79,216908
2026-05-19 20:08:15,lombar,16608,-20,4272,-23,-137,280,874363
2026-05-19 20:08:15,esterno,1220,15540,-4812,-46,59,68,216930
2026-05-19 20:08:15,lombar,16476,-144,3916,-51,-143,301,874385
2026-05-19 20:08:15,esterno,1148,15468,-4972,-51,-19,28,216952
2026-05-19 20:08:15,lombar,16396,-16,4128,48,-74,253,874407
2026-05-19 20:08:15,esterno,1096,15532,-4704,-64,-177,63,216974
2026-05-19 20:08:15,lombar,16416,-64,4148,134,-35,290,874429
2026-05-19 20:08:15,esterno,1268,15364,-5184,181,122,81,216996
2026-05-19 20:08:15,esterno,1252,15448,-4872,15,323,25,217018
2026-05-19 20:08:15,lombar,16464,36,4272,82,-183,306,874451
2026-05-19 20:08:15,lombar,16408,-40,4124,164,-89,234,874473
2026-05-19 20:08:15,esterno,1412,15492,-4896,-151,74,43,217040
2026-05-19 20:08:15,lombar,16596,80,4136,186,-78,272,874495
2026-05-19 20:08:15,esterno,1316,15408,-4756,-40,-43,-24,217062
2026-05-19 20:08:15,lombar,16480,208,4160,151,26,258,874517
2026-05-19 20:08:15,esterno,1112,15276,-5188,91,288,-124,217084
2026-05-19 20:08:15,esterno,1092,15288,-4920,115,232,-52,217106
2026-05-19 20:08:15,lombar,16380,120,4272,146,20,239,874539
2026-05-19 20:08:15,lombar,16428,156,4420,77,76,340,874561
2026-05-19 20:08:15,esterno,1288,15312,-5180,272,386,-72,217128
2026-05-19 20:08:15,lombar,16520,180,4420,0,155,288,874583
2026-05-19 20:08:15,esterno,1212,15480,-4600,271,331,-183,217150
2026-05-19 20:08:15,esterno,1252,15340,-4652,359,51,-170,217172
2026-05-19 20:08:15,lombar,16508,176,4260,-27,223,261,874605
2026-05-19 20:08:15,lombar,16412,212,4240,-30,472,205,874627
2026-05-19 20:08:15,esterno,1148,15268,-4800,619,5,-107,217194
2026-05-19 20:08:15,lombar,16336,256,4332,-35,670,167,874649
2026-05-19 20:08:15,esterno,1116,15388,-4988,498,29,113,217216
2026-05-19 20:08:15,lombar,16408,144,4464,-35,694,120,874671
2026-05-19 20:08:15,esterno,1012,15276,-5168,257,-39,165,217238
2026-05-19 20:08:15,lombar,16400,124,4488,-167,881,-12,874693
2026-05-19 20:08:15,esterno,1172,15448,-4912,278,-203,191,217260
2026-05-19 20:08:15,esterno,1240,15520,-4896,288,-70,226,217282
2026-05-19 20:08:15,lombar,16340,24,4488,-105,1026,-58,874715
2026-05-19 20:08:15,esterno,1316,15504,-5336,111,162,230,217304
2026-05-19 20:08:15,lombar,16272,12,4304,-10,786,-47,874737
2026-05-19 20:08:15,lombar,16552,-20,4520,179,632,-12,874759
2026-05-19 20:08:15,esterno,1228,15296,-5760,-107,96,138,217326
2026-05-19 20:08:15,lombar,16448,260,4804,204,322,185,874781
2026-05-19 20:08:15,esterno,1220,15372,-5688,-111,362,-145,217348
2026-05-19 20:08:15,lombar,16108,176,4264,215,99,273,874803
2026-05-19 20:08:15,esterno,1104,15640,-5204,86,292,-188,217370
2026-05-19 20:08:15,lombar,16320,248,4584,197,-146,213,874825
2026-05-19 20:08:15,esterno,1296,15668,-4976,192,72,-53,217392
2026-05-19 20:08:15,lombar,16272,168,4568,157,-165,357,874847
2026-05-19 20:08:15,esterno,1156,15448,-5068,23,-18,65,217414
2026-05-19 20:08:15,lombar,16224,364,4776,125,-262,320,874869
2026-05-19 20:08:15,esterno,1208,15296,-5144,-160,35,46,217436
2026-05-19 20:08:15,lombar,16312,424,4724,108,-250,292,874891
2026-05-19 20:08:15,esterno,1256,15128,-5352,-253,147,-36,217458
2026-05-19 20:08:15,lombar,16360,292,4736,113,-250,284,874913
2026-05-19 20:08:15,esterno,1328,15188,-5232,-117,136,-104,217480
2026-05-19 20:08:15,lombar,16320,344,4712,27,-185,310,874935
2026-05-19 20:08:15,esterno,1344,15196,-5324,11,-8,-110,217502
2026-05-19 20:08:16,lombar,16300,428,4676,-8,-241,258,874957
2026-05-19 20:08:16,esterno,1252,15400,-5208,61,-22,-13,217524
2026-05-19 20:08:16,lombar,16428,148,4664,-21,-226,261,874979
2026-05-19 20:08:16,esterno,1296,15488,-5280,-120,61,108,217546
2026-05-19 20:08:16,lombar,16352,136,4612,18,-133,250,875001
2026-05-19 20:08:16,esterno,1200,15316,-5252,-283,72,56,217568
2026-05-19 20:08:16,lombar,16180,224,4548,8,-40,298,875023
2026-05-19 20:08:16,esterno,1216,15420,-5228,-296,73,29,217590
2026-05-19 20:08:16,lombar,16232,124,4576,-13,-218,324,875045
2026-05-19 20:08:16,esterno,1216,15340,-5108,-317,-66,58,217612
2026-05-19 20:08:16,lombar,16396,72,4716,74,-213,285,875067
2026-05-19 20:08:16,esterno,1160,15352,-5500,-129,201,80,217634
2026-05-19 20:08:16,lombar,16440,40,4796,88,-336,335,875089
2026-05-19 20:08:16,esterno,1080,15484,-5016,-249,225,13,217656
2026-05-19 20:08:16,lombar,16304,192,4648,211,-276,247,875111
2026-05-19 20:08:16,esterno,1284,15404,-5160,-355,-97,60,217678
2026-05-19 20:08:16,esterno,1232,15476,-5144,-343,-15,88,217700
2026-05-19 20:08:16,lombar,16328,288,4624,194,-461,408,875133
2026-05-19 20:08:16,lombar,16288,336,4420,177,-312,324,875155
2026-05-19 20:08:16,esterno,1108,15320,-5348,-343,271,29,217722
2026-05-19 20:08:16,lombar,16376,112,4592,190,-361,250,875177
2026-05-19 20:08:16,esterno,1332,15084,-5408,-271,367,-72,217744
2026-05-19 20:08:16,lombar,16356,300,4592,120,-245,374,875199
2026-05-19 20:08:16,esterno,1264,15504,-5124,-124,551,-188,217766
2026-05-19 20:08:16,lombar,16364,336,4544,65,-266,368,875221
2026-05-19 20:08:16,esterno,1152,15560,-4772,-253,381,-101,217788
2026-05-19 20:08:16,lombar,16360,216,4592,142,-258,344,875243
2026-05-19 20:08:16,esterno,1280,15536,-4940,-380,205,88,217810
2026-05-19 20:08:16,lombar,16356,244,4772,102,-287,362,875265
2026-05-19 20:08:16,esterno,1336,15292,-5304,-370,393,73,217832
2026-05-19 20:08:16,lombar,16252,224,4648,91,-241,351,875287
2026-05-19 20:08:16,esterno,1344,15244,-5236,-346,355,28,217854
2026-05-19 20:08:16,lombar,16356,84,4712,135,-224,338,875309
2026-05-19 20:08:16,esterno,1236,15284,-4956,-210,279,-38,217876
2026-05-19 20:08:16,lombar,16344,304,4492,121,-252,355,875331
2026-05-19 20:08:16,esterno,1128,15460,-5076,-194,248,-84,217898
2026-05-19 20:08:16,lombar,16228,252,4576,132,-261,420,875353
2026-05-19 20:08:16,esterno,1264,15452,-5236,-397,310,30,217920
2026-05-19 20:08:16,lombar,16296,160,4504,214,-294,352,875375
2026-05-19 20:08:16,esterno,1204,15212,-5148,-447,334,19,217942
2026-05-19 20:08:16,lombar,16388,120,4748,203,-343,365,875397
2026-05-19 20:08:16,esterno,1292,15236,-5260,-301,202,-6,217964
2026-05-19 20:08:16,lombar,16360,364,4784,177,-378,440,875419
2026-05-19 20:08:16,esterno,1308,15384,-4956,-99,367,-103,217986
2026-05-19 20:08:16,lombar,16376,304,4632,113,-283,341,875441
2026-05-19 20:08:16,esterno,1172,15500,-4924,-104,204,-72,218008
2026-05-19 20:08:16,lombar,16304,104,4660,173,-292,339,875463
2026-05-19 20:08:16,esterno,1232,15356,-4964,-152,6,-38,218030
2026-05-19 20:08:16,lombar,16372,308,4676,157,-337,419,875485
2026-05-19 20:08:16,esterno,1364,15392,-4912,-217,109,14,218052
2026-05-19 20:08:16,lombar,16260,308,4752,61,-341,416,875507
2026-05-19 20:08:16,esterno,1356,15348,-5020,-292,74,68,218074
2026-05-19 20:08:16,lombar,16404,136,4464,68,-399,391,875529
2026-05-19 20:08:16,esterno,1284,15192,-5172,-144,187,53,218096
2026-05-19 20:08:16,lombar,16292,224,4672,130,-393,363,875551
2026-05-19 20:08:16,esterno,1292,15312,-4992,-83,218,-2,218118
2026-05-19 20:08:16,lombar,16340,304,4568,137,-385,386,875573
2026-05-19 20:08:16,esterno,1268,15436,-5048,-97,255,-93,218140
2026-05-19 20:08:16,esterno,1180,15440,-5080,-133,141,-18,218162
2026-05-19 20:08:16,lombar,16340,212,4688,132,-360,330,875595
2026-05-19 20:08:16,lombar,16368,100,4652,139,-324,376,875617
2026-05-19 20:08:16,esterno,1136,15360,-5152,-137,172,47,218184
2026-05-19 20:08:16,lombar,16356,200,4676,164,-300,387,875639
2026-05-19 20:08:16,esterno,1196,15264,-5264,-225,156,38,218206
2026-05-19 20:08:16,lombar,16352,196,4636,114,-359,375,875661
2026-05-19 20:08:16,esterno,1240,15424,-4944,-179,170,-31,218228
2026-05-19 20:08:16,lombar,16408,240,4616,123,-386,375,875683
2026-05-19 20:08:16,esterno,1288,15424,-4888,-12,135,-35,218250
2026-05-19 20:08:16,esterno,1144,15276,-5352,125,447,-97,218272
2026-05-19 20:08:16,lombar,16336,184,4740,107,-331,336,875705
2026-05-19 20:08:16,lombar,16480,64,4624,126,-284,306,875727
2026-05-19 20:08:16,esterno,1124,15496,-4844,-45,70,-46,218294
2026-05-19 20:08:16,esterno,1240,15420,-4860,-132,-479,158,218316
2026-05-19 20:08:16,lombar,16276,112,4592,147,-326,292,875749
2026-05-19 20:08:16,lombar,16364,304,4656,108,-258,396,875771
2026-05-19 20:08:16,esterno,1252,15276,-5572,-8,180,112,218338
2026-05-19 20:08:16,esterno,1196,15236,-5356,66,392,-133,218360
2026-05-19 20:08:16,lombar,16444,308,4384,85,-256,382,875793
2026-05-19 20:08:16,lombar,16400,144,4516,75,-272,355,875815
2026-05-19 20:08:16,esterno,1244,15332,-5200,312,249,-213,218382
2026-05-19 20:08:16,esterno,1252,15752,-4896,144,364,-116,218404
2026-05-19 20:08:16,lombar,16252,196,4500,75,-228,388,875837
2026-05-19 20:08:16,lombar,16396,368,4728,44,-219,318,875859
2026-05-19 20:08:16,esterno,1136,15520,-4912,-152,135,104,218426
2026-05-19 20:08:16,lombar,16324,192,4604,24,-217,266,875881
2026-05-19 20:08:16,esterno,1056,15080,-5124,57,-26,97,218448
2026-05-19 20:08:16,lombar,16308,192,4372,51,-196,263,875903
2026-05-19 20:08:16,esterno,1172,15116,-5244,143,-99,45,218470
2026-05-19 20:08:16,lombar,16448,176,4592,27,-182,323,875925
2026-05-19 20:08:16,esterno,1180,15252,-5200,138,80,-6,218492
2026-05-19 20:08:16,lombar,16368,132,4720,43,-151,270,875947
2026-05-19 20:08:16,esterno,1200,15472,-5148,245,1,19,218514
2026-05-19 20:08:17,esterno,1164,15540,-5216,94,-84,73,218536
2026-05-19 20:08:17,lombar,16368,44,4584,79,-88,265,875969
2026-05-19 20:08:17,lombar,16308,88,4824,122,-48,260,875991
2026-05-19 20:08:17,esterno,1064,15468,-5056,-126,-76,134,218558
2026-05-19 20:08:17,lombar,16376,248,4580,124,-57,249,876013
2026-05-19 20:08:17,esterno,1168,15116,-5328,-95,-120,106,218580
2026-05-19 20:08:17,lombar,16264,164,4700,112,-2,196,876035
2026-05-19 20:08:17,esterno,1168,15280,-5280,-48,-77,101,218602
2026-05-19 20:08:17,lombar,16452,240,4516,56,-17,230,876057
2026-05-19 20:08:17,esterno,1228,15516,-5264,-193,206,-23,218624
2026-05-19 20:08:17,lombar,16264,248,4656,62,-4,267,876079
2026-05-19 20:08:17,esterno,1148,15700,-5192,-432,-4,-33,218646
2026-05-19 20:08:17,lombar,16352,248,4568,96,-45,265,876101
2026-05-19 20:08:17,esterno,1304,15512,-5240,-319,-102,19,218668
2026-05-19 20:08:17,lombar,16228,336,4756,100,-77,351,876123
2026-05-19 20:08:17,esterno,1228,15384,-5012,-232,-33,133,218690
2026-05-19 20:08:17,lombar,16264,364,4808,-8,-80,305,876145
2026-05-19 20:08:17,esterno,1056,15104,-5408,-297,-69,250,218712
2026-05-19 20:08:17,lombar,16340,248,4876,-10,-148,254,876167
2026-05-19 20:08:17,esterno,1180,15152,-5256,-246,-17,64,218734
2026-05-19 20:08:17,lombar,16356,216,4780,40,-233,246,876189
2026-05-19 20:08:17,esterno,1180,15484,-5132,-141,-87,-59,218756
2026-05-19 20:08:17,esterno,1272,15512,-5224,-112,18,-2,218778
2026-05-19 20:08:17,lombar,16356,200,4700,64,-214,356,876211
2026-05-19 20:08:17,esterno,1336,15536,-5276,-170,222,73,218800
2026-05-19 20:08:17,lombar,16400,268,4844,89,-234,325,876233
2026-05-19 20:08:17,lombar,16292,232,4840,85,-267,360,876255
2026-05-19 20:08:17,esterno,1344,15192,-5224,-224,225,34,218822
2026-05-19 20:08:17,lombar,16240,200,4624,122,-289,390,876277
2026-05-19 20:08:17,esterno,1184,15284,-5280,-267,234,-62,218844
2026-05-19 20:08:17,esterno,1096,15416,-5148,-403,235,-156,218866
2026-05-19 20:08:17,lombar,16364,236,4680,156,-342,427,876299
2026-05-19 20:08:17,lombar,16236,140,4788,141,-338,370,876321
2026-05-19 20:08:17,esterno,1252,15400,-5060,-436,113,-86,218888
2026-05-19 20:08:17,lombar,16344,328,4888,125,-335,417,876343
2026-05-19 20:08:17,esterno,1308,15260,-5468,-126,364,11,218910
2026-05-19 20:08:17,lombar,16380,296,4612,133,-331,340,876365
2026-05-19 20:08:17,esterno,1248,15372,-4748,-305,233,-66,218932
2026-05-19 20:08:17,lombar,16300,184,4816,89,-380,315,876387
2026-05-19 20:08:17,esterno,1140,15396,-5124,-438,-343,62,218954
2026-05-19 20:08:17,esterno,984,15308,-5212,-90,-11,11,218976
2026-05-19 20:08:17,lombar,16356,380,4768,120,-334,361,876409
2026-05-19 20:08:17,lombar,16360,376,4748,34,-269,343,876431
2026-05-19 20:08:17,esterno,1144,15240,-5276,-60,221,-56,218998
2026-05-19 20:08:17,esterno,1276,15452,-5392,-51,255,-16,219020
2026-05-19 20:08:17,lombar,16428,140,4728,106,-311,347,876453
2026-05-19 20:08:17,lombar,16328,332,4660,62,-309,376,876475
2026-05-19 20:08:17,esterno,1288,15704,-4932,76,391,9,219042
2026-05-19 20:08:17,lombar,16292,60,4728,51,-388,354,876497
2026-05-19 20:08:17,esterno,1144,15544,-4884,57,119,11,219064
2026-05-19 20:08:17,lombar,16312,216,4648,108,-409,304,876519
2026-05-19 20:08:17,esterno,1148,15236,-4928,75,62,90,219086
2026-05-19 20:08:17,lombar,16376,208,4612,111,-438,350,876541
2026-05-19 20:08:17,esterno,1072,15244,-5284,-18,156,89,219108
2026-05-19 20:08:17,lombar,16432,292,4632,129,-355,324,876563
2026-05-19 20:08:17,esterno,1080,15448,-5272,-154,227,62,219130
2026-05-19 20:08:17,lombar,16460,184,4752,88,-310,339,876585
2026-05-19 20:08:17,esterno,1052,15296,-5016,-150,219,12,219152
2026-05-19 20:08:17,lombar,16408,180,4604,89,-277,294,876607
2026-05-19 20:08:17,esterno,1220,15484,-4932,-154,88,8,219174
2026-05-19 20:08:17,lombar,16320,176,4440,43,-239,334,876629
2026-05-19 20:08:17,esterno,1068,15468,-5076,-215,234,70,219196
2026-05-19 20:08:17,lombar,16364,208,4588,97,-203,330,876651
2026-05-19 20:08:17,esterno,1104,15288,-5196,-285,70,125,219218
2026-05-19 20:08:17,esterno,1420,15268,-5368,-324,155,96,219240
2026-05-19 20:08:17,lombar,16408,216,4848,154,-245,335,876673
2026-05-19 20:08:17,lombar,16340,292,4672,51,-238,367,876695
2026-05-19 20:08:17,esterno,1456,15268,-5096,-280,458,-122,219262
2026-05-19 20:08:17,lombar,16232,240,4788,73,-202,280,876717
2026-05-19 20:08:17,esterno,1288,15428,-4928,-212,303,-132,219284
2026-05-19 20:08:17,lombar,16420,132,4504,99,-193,221,876739
2026-05-19 20:08:17,esterno,1144,15524,-4972,-162,165,-44,219306
2026-05-19 20:08:17,lombar,16336,408,4724,127,-192,383,876761
2026-05-19 20:08:17,esterno,1144,15480,-5056,-263,181,65,219328
2026-05-19 20:08:17,lombar,16280,376,4716,57,-121,248,876783
2026-05-19 20:08:17,esterno,1064,15192,-4964,-274,129,156,219350
2026-05-19 20:08:17,esterno,1120,15112,-5028,-130,2,123,219372
2026-05-19 20:08:17,lombar,16376,156,4608,57,-122,240,876805
2026-05-19 20:08:17,esterno,1324,15424,-5076,-56,-7,47,219394
2026-05-19 20:08:17,lombar,16296,212,4664,61,-121,272,876827
2026-05-19 20:08:17,esterno,1412,15652,-5228,-216,69,99,219416
2026-05-19 20:08:17,lombar,16264,248,4496,72,-132,269,876849
2026-05-19 20:08:17,lombar,16316,284,4640,69,-111,240,876871
2026-05-19 20:08:17,esterno,1384,15280,-4972,-219,67,130,219438
2026-05-19 20:08:17,esterno,1224,15304,-4936,-65,53,18,219460
2026-05-19 20:08:17,lombar,16252,212,4780,97,-67,291,876893
2026-05-19 20:08:17,lombar,16248,228,4748,122,-112,286,876915
2026-05-19 20:08:17,esterno,1212,15700,-5220,-172,66,34,219482
2026-05-19 20:08:17,lombar,16276,216,4756,122,-144,336,876937
2026-05-19 20:08:17,esterno,1248,15600,-5288,-621,100,176,219504
2026-05-19 20:08:18,lombar,16320,268,4744,106,-129,307,876959
2026-05-19 20:08:18,esterno,1268,15224,-4844,-711,-35,209,219526
2026-05-19 20:08:18,lombar,16220,244,4880,100,-124,341,876981
2026-05-19 20:08:18,esterno,1228,15012,-5076,-275,-8,6,219548
2026-05-19 20:08:18,lombar,16244,208,4864,89,-134,293,877003
2026-05-19 20:08:18,esterno,1236,15096,-5576,26,444,-190,219570
2026-05-19 20:08:18,esterno,1324,15744,-4904,-461,-131,-24,219592
2026-05-19 20:08:18,lombar,16228,200,4980,107,-198,299,877025
2026-05-19 20:08:18,esterno,1292,15636,-5280,-859,-3,119,219614
2026-05-19 20:08:18,lombar,16312,276,4932,106,-252,347,877047
2026-05-19 20:08:18,lombar,16184,424,5024,72,-219,370,877069
2026-05-19 20:08:18,esterno,1100,15260,-5196,-619,254,52,219636
2026-05-19 20:08:18,esterno,1224,15036,-5288,-278,245,-182,219658
2026-05-19 20:08:18,lombar,16196,240,4992,100,-294,371,877091
2026-05-19 20:08:18,esterno,1216,15308,-5300,-295,413,-263,219680
2026-05-19 20:08:18,lombar,16360,396,4852,62,-342,465,877113
2026-05-19 20:08:18,esterno,1196,15600,-4880,-611,623,-191,219702
2026-05-19 20:08:18,lombar,16288,320,4692,-23,-384,500,877135
2026-05-19 20:08:18,lombar,16288,172,4892,-77,-446,397,877157
2026-05-19 20:08:18,esterno,1156,15664,-4864,-729,398,-71,219724
2026-05-19 20:08:18,lombar,16360,228,4768,-81,-370,399,877179
2026-05-19 20:08:18,esterno,1380,15368,-5196,-828,706,-77,219746
2026-05-19 20:08:18,lombar,16160,148,4692,-11,-341,352,877201
2026-05-19 20:08:18,esterno,1268,15212,-4828,-1001,1024,-167,219768
2026-05-19 20:08:18,esterno,1032,15080,-4572,-911,858,-201,219790
2026-05-19 20:08:18,lombar,16208,160,4772,85,-286,358,877223
2026-05-19 20:08:18,lombar,16380,-20,4824,148,-282,330,877245
2026-05-19 20:08:18,esterno,1080,15348,-4544,-738,585,-175,219812
2026-05-19 20:08:18,lombar,16460,164,4788,202,-240,345,877267
2026-05-19 20:08:18,esterno,1212,15960,-5192,-1046,766,-128,219834
2026-05-19 20:08:18,lombar,16364,372,4764,152,-312,449,877289
2026-05-19 20:08:18,esterno,1092,15808,-4812,-1206,878,-86,219856
2026-05-19 20:08:18,lombar,16388,252,4784,145,-292,369,877311
2026-05-19 20:08:18,esterno,1040,15348,-4276,-750,350,42,219878
2026-05-19 20:08:18,lombar,16280,260,4592,169,-229,398,877333
2026-05-19 20:08:18,esterno,1360,15204,-4272,-329,289,48,219900
2026-05-19 20:08:18,lombar,16256,284,4628,148,-233,315,877355
2026-05-19 20:08:18,esterno,1228,15476,-4532,-389,509,38,219922
2026-05-19 20:08:18,lombar,16320,400,4700,114,-187,328,877377
2026-05-19 20:08:18,esterno,1260,15672,-4572,-651,205,35,219944
2026-05-19 20:08:18,lombar,16340,272,4676,114,-238,324,877399
2026-05-19 20:08:18,esterno,1232,15688,-4528,-594,100,-35,219966
2026-05-19 20:08:18,lombar,16276,388,4736,42,-222,295,877421
2026-05-19 20:08:18,esterno,1276,15732,-4492,-457,73,90,219988
2026-05-19 20:08:18,lombar,16280,376,4920,25,-248,296,877443
2026-05-19 20:08:18,esterno,1364,15552,-4792,-473,121,162,220010
2026-05-19 20:08:18,esterno,1208,15524,-4852,-522,150,147,220032
2026-05-19 20:08:18,lombar,16240,176,4828,43,-240,349,877465
2026-05-19 20:08:18,lombar,16164,188,4916,82,-276,324,877487
2026-05-19 20:08:18,esterno,1220,15336,-4572,-499,195,84,220054
2026-05-19 20:08:18,lombar,16244,188,4924,89,-266,356,877509
2026-05-19 20:08:18,esterno,1224,15484,-4340,-466,179,27,220076
2026-05-19 20:08:18,lombar,16252,296,4780,65,-293,302,877531
2026-05-19 20:08:18,esterno,1344,15524,-4576,-438,260,15,220098
2026-05-19 20:08:18,lombar,16384,192,4852,53,-268,304,877553
2026-05-19 20:08:18,esterno,1340,15512,-4744,-496,476,9,220120
2026-05-19 20:08:18,lombar,16256,136,4740,75,-271,331,877575
2026-05-19 20:08:18,esterno,1216,15480,-4656,-570,692,9,220142
2026-05-19 20:08:18,lombar,16320,204,4664,164,-324,294,877597
2026-05-19 20:08:18,esterno,1092,15540,-4572,-591,559,-34,220164
2026-05-19 20:08:18,lombar,16236,324,4824,124,-312,316,877619
2026-05-19 20:08:18,esterno,972,15480,-4188,-470,82,-37,220186
2026-05-19 20:08:18,lombar,16376,168,4740,98,-347,366,877641
2026-05-19 20:08:18,esterno,1200,15524,-4228,-186,-142,39,220208
2026-05-19 20:08:18,lombar,16260,292,4640,89,-324,340,877663
2026-05-19 20:08:18,esterno,1332,15504,-4504,-245,410,41,220230
2026-05-19 20:08:18,lombar,16324,52,4844,135,-320,260,877685
2026-05-19 20:08:18,esterno,1480,15856,-4104,-636,-212,138,220252
2026-05-19 20:08:18,esterno,1356,15620,-4436,-506,-212,31,220274
2026-05-19 20:08:18,lombar,16236,340,4704,142,-272,278,877707
2026-05-19 20:08:18,lombar,16204,436,4912,87,-313,391,877729
2026-05-19 20:08:18,esterno,1124,15496,-4396,-284,10,-8,220296
2026-05-19 20:08:18,lombar,16424,132,4780,82,-257,285,877751
2026-05-19 20:08:18,esterno,1216,15364,-4508,-257,241,15,220318
2026-05-19 20:08:18,lombar,16360,256,4712,142,-274,375,877773
2026-05-19 20:08:18,esterno,1332,15696,-4432,-164,252,60,220340
2026-05-19 20:08:18,lombar,16308,232,4668,59,-267,408,877795
2026-05-19 20:08:18,esterno,1280,15616,-4344,-202,305,-115,220362
2026-05-19 20:08:18,lombar,16228,136,4944,34,-316,362,877817
2026-05-19 20:08:18,esterno,1076,15612,-4024,-135,62,-78,220384
2026-05-19 20:08:18,lombar,16292,268,4868,74,-320,419,877839
2026-05-19 20:08:18,esterno,1344,15356,-4204,41,50,68,220406
2026-05-19 20:08:18,lombar,16308,316,4824,115,-407,331,877861
2026-05-19 20:08:18,esterno,1456,15408,-4508,-177,339,65,220428
2026-05-19 20:08:18,lombar,16340,184,4812,123,-422,302,877883
2026-05-19 20:08:18,esterno,1280,15536,-4536,-397,350,35,220450
2026-05-19 20:08:18,lombar,16268,176,4884,108,-398,318,877905
2026-05-19 20:08:18,esterno,1260,15588,-4412,-242,305,-66,220472
2026-05-19 20:08:18,lombar,16420,184,4696,101,-347,323,877927
2026-05-19 20:08:18,esterno,1152,15656,-4692,-174,451,21,220494
2026-05-19 20:08:18,lombar,16212,244,4808,103,-295,318,877949
2026-05-19 20:08:18,esterno,1164,15540,-4368,-275,559,170,220516
2026-05-19 20:08:19,lombar,16308,240,4816,173,-365,296,877971
2026-05-19 20:08:19,esterno,1172,15320,-4012,-144,201,132,220538
2026-05-19 20:08:19,lombar,16312,108,4768,122,-321,334,877993
2026-05-19 20:08:19,esterno,1344,15412,-4220,8,212,-15,220560
2026-05-19 20:08:19,lombar,16316,208,4664,63,-300,274,878015
2026-05-19 20:08:19,esterno,1308,15528,-4292,-97,291,-79,220582
2026-05-19 20:08:19,lombar,16376,88,4544,78,-280,231,878037
2026-05-19 20:08:19,esterno,1380,15624,-4216,-187,110,12,220604
2026-05-19 20:08:19,lombar,16424,212,4504,108,-286,251,878059
2026-05-19 20:08:19,esterno,1252,15712,-4332,-16,70,-17,220626
2026-05-19 20:08:19,lombar,16368,388,4700,123,-233,363,878081
2026-05-19 20:08:19,esterno,1276,15756,-4288,85,13,-6,220648
2026-05-19 20:08:19,lombar,16356,448,4692,62,-265,329,878103
2026-05-19 20:08:19,esterno,1300,15540,-4260,123,-105,26,220670
2026-05-19 20:08:19,lombar,16312,252,4788,43,-243,296,878125
2026-05-19 20:08:19,esterno,1292,15484,-4356,164,21,34,220692
2026-05-19 20:08:19,lombar,16352,192,4720,46,-245,341,878147
2026-05-19 20:08:19,esterno,1328,15544,-4312,100,-13,41,220714
2026-05-19 20:08:19,lombar,16264,328,4748,35,-316,251,878169
2026-05-19 20:08:19,esterno,1244,15536,-4372,183,-116,12,220736
2026-05-19 20:08:19,lombar,16188,236,4692,-82,-235,306,878191
2026-05-19 20:08:19,esterno,1292,15552,-4272,248,-162,59,220758
2026-05-19 20:08:19,lombar,16308,192,4740,-116,-215,331,878213
2026-05-19 20:08:19,esterno,1236,15328,-4184,226,-239,74,220780
2026-05-19 20:08:19,lombar,16276,112,4912,-34,-253,241,878235
2026-05-19 20:08:19,esterno,1132,15320,-4308,610,-222,-48,220802
2026-05-19 20:08:19,lombar,16252,140,4836,6,-349,317,878257
2026-05-19 20:08:19,esterno,1164,15648,-4624,622,-132,-86,220824
2026-05-19 20:08:19,lombar,16372,228,4860,93,-353,254,878279
2026-05-19 20:08:19,esterno,1004,15800,-4868,127,-113,12,220846
2026-05-19 20:08:19,lombar,16224,244,4768,122,-387,269,878301
2026-05-19 20:08:19,esterno,1404,15484,-4424,-3,-131,17,220868
2026-05-19 20:08:19,lombar,16192,224,4772,187,-385,302,878323
2026-05-19 20:08:19,esterno,1380,15184,-4464,262,-159,-30,220890
2026-05-19 20:08:19,lombar,16240,344,4748,170,-316,354,878345
2026-05-19 20:08:19,esterno,1392,15460,-4960,309,474,-165,220912
2026-05-19 20:08:19,lombar,16308,392,4812,142,-263,309,878367
2026-05-19 20:08:19,esterno,1168,15672,-4228,-48,80,-227,220934
2026-05-19 20:08:19,esterno,1272,15548,-4456,54,-418,-180,220956
2026-05-19 20:08:19,lombar,16284,296,4692,150,-390,329,878389
2026-05-19 20:08:19,lombar,16324,448,4620,70,-287,307,878411
2026-05-19 20:08:19,esterno,1324,15504,-4512,314,-137,-180,220978
2026-05-19 20:08:19,lombar,16416,388,4716,80,-346,287,878433
2026-05-19 20:08:19,esterno,1312,15576,-4888,68,136,12,221000
2026-05-19 20:08:19,lombar,16376,268,4784,100,-387,372,878455
2026-05-19 20:08:19,esterno,1300,15508,-4940,38,243,78,221022
2026-05-19 20:08:19,lombar,16368,296,4792,71,-392,469,878477
2026-05-19 20:08:19,esterno,1300,15512,-4712,265,288,-172,221044
2026-05-19 20:08:19,esterno,1316,15868,-4220,253,213,-285,221066
2026-05-19 20:08:19,lombar,16220,184,4712,48,-409,407,878499
2026-05-19 20:08:19,lombar,16324,220,4628,32,-389,305,878521
2026-05-19 20:08:19,esterno,1296,15692,-4572,175,190,-41,221088
2026-05-19 20:08:19,lombar,16276,80,4596,31,-417,346,878543
2026-05-19 20:08:19,esterno,1196,15376,-4800,-3,306,122,221110
2026-05-19 20:08:19,lombar,16416,276,4804,98,-411,355,878565
2026-05-19 20:08:19,esterno,1144,15316,-4776,-88,313,107,221132
2026-05-19 20:08:19,lombar,16288,132,4676,148,-413,304,878587
2026-05-19 20:08:19,esterno,1108,15476,-4684,-4,246,-41,221154
2026-05-19 20:08:19,lombar,16324,140,4788,203,-363,339,878609
2026-05-19 20:08:19,esterno,1144,15520,-4720,-40,397,-89,221176
2026-05-19 20:08:19,lombar,16392,252,4916,177,-364,378,878631
2026-05-19 20:08:19,esterno,1032,15532,-4728,-156,504,-17,221198
2026-05-19 20:08:19,lombar,16240,192,4640,205,-366,321,878653
2026-05-19 20:08:19,esterno,1072,15408,-4920,-108,377,87,221220
2026-05-19 20:08:19,lombar,16432,124,4656,223,-335,297,878675
2026-05-19 20:08:19,esterno,1264,15468,-4728,-24,315,33,221242
2026-05-19 20:08:19,lombar,16348,304,4600,212,-407,429,878697
2026-05-19 20:08:19,esterno,1244,15540,-4764,48,447,-64,221264
2026-05-19 20:08:19,lombar,16292,392,4460,252,-378,363,878719
2026-05-19 20:08:19,esterno,1224,15508,-4600,97,216,-37,221286
2026-05-19 20:08:19,lombar,16336,392,4636,87,-484,372,878741
2026-05-19 20:08:19,esterno,1284,15484,-4628,214,20,-25,221308
2026-05-19 20:08:19,lombar,16432,260,4636,78,-437,385,878763
2026-05-19 20:08:19,esterno,1216,15564,-4520,251,-57,-11,221330
2026-05-19 20:08:19,lombar,16284,400,4548,85,-394,368,878785
2026-05-19 20:08:19,esterno,1336,15592,-4640,106,-22,54,221352
2026-05-19 20:08:19,lombar,16400,340,4452,110,-317,399,878807
2026-05-19 20:08:19,esterno,1216,15360,-4772,69,136,32,221374
2026-05-19 20:08:19,lombar,16416,208,4548,88,-319,340,878829
2026-05-19 20:08:19,esterno,1412,15424,-4620,164,102,3,221396
2026-05-19 20:08:19,lombar,16388,204,4576,85,-311,363,878851
2026-05-19 20:08:19,esterno,1192,15416,-4796,206,171,-5,221418
2026-05-19 20:08:19,esterno,1088,15484,-4796,196,97,-106,221440
2026-05-19 20:08:19,lombar,16332,204,4544,98,-281,440,878873
2026-05-19 20:08:19,lombar,16352,84,4708,60,-261,399,878895
2026-05-19 20:08:19,esterno,1232,15556,-4712,233,73,-181,221462
2026-05-19 20:08:19,lombar,16328,172,4500,106,-242,354,878917
2026-05-19 20:08:19,esterno,1276,15436,-4840,223,16,-104,221484
2026-05-19 20:08:19,lombar,16376,176,4768,121,-261,336,878939
2026-05-19 20:08:19,esterno,1228,15352,-5040,143,152,-35,221506
2026-05-19 20:08:20,lombar,16356,216,4592,86,-210,406,878961
2026-05-19 20:08:20,esterno,1040,15396,-5180,67,203,-89,221528
2026-05-19 20:08:20,lombar,16316,212,4720,42,-323,346,878983
2026-05-19 20:08:20,esterno,1268,15440,-4864,69,107,-83,221550
2026-05-19 20:08:20,lombar,16272,264,4748,47,-282,396,879005
2026-05-19 20:08:20,esterno,1220,15460,-4736,46,216,-113,221572
2026-05-19 20:08:20,lombar,16396,232,4608,62,-314,386,879027
2026-05-19 20:08:20,esterno,1084,15396,-4908,20,276,-61,221594
2026-05-19 20:08:20,lombar,16300,272,4616,85,-263,346,879049
2026-05-19 20:08:20,esterno,1316,15448,-5240,280,342,-28,221616
2026-05-19 20:08:20,lombar,16360,296,4560,74,-249,307,879071
2026-05-19 20:08:20,esterno,1096,15348,-4784,170,528,-158,221638
2026-05-19 20:08:20,lombar,16360,192,4576,175,-264,324,879093
2026-05-19 20:08:20,esterno,1132,15432,-4392,-66,-283,-71,221660
2026-05-19 20:08:20,lombar,16380,256,4488,124,-337,338,879115
2026-05-19 20:08:20,esterno,1172,15320,-5304,139,-223,11,221682
2026-05-19 20:08:20,lombar,16344,408,4660,59,-244,463,879137
2026-05-19 20:08:20,esterno,1264,15340,-5496,271,546,-87,221704
2026-05-19 20:08:20,lombar,16428,260,4736,22,-427,425,879159
2026-05-19 20:08:20,esterno,1256,15528,-5160,267,542,3,221726
2026-05-19 20:08:20,lombar,16416,104,4580,40,-460,399,879181
2026-05-19 20:08:20,esterno,1280,15752,-5036,314,553,-24,221748
2026-05-19 20:08:20,lombar,16272,16,4624,121,-454,439,879203
2026-05-19 20:08:20,esterno,1200,15668,-4644,147,490,-53,221770
2026-05-19 20:08:20,lombar,16180,160,4828,119,-469,373,879225
2026-05-19 20:08:20,esterno,1260,15456,-4852,42,203,111,221792
2026-05-19 20:08:20,lombar,16276,232,4664,115,-423,242,879247
2026-05-19 20:08:20,esterno,1012,15036,-5036,113,330,123,221814
2026-05-19 20:08:20,lombar,16188,224,4532,-23,-401,350,879269
2026-05-19 20:08:20,esterno,996,14860,-5372,81,327,14,221836
2026-05-19 20:08:20,lombar,16404,208,4784,-114,-568,364,879291
2026-05-19 20:08:20,esterno,940,15104,-5204,123,229,-165,221858
2026-05-19 20:08:20,lombar,16472,216,4768,-90,-499,422,879313
2026-05-19 20:08:20,esterno,996,15696,-5060,275,126,-243,221880
2026-05-19 20:08:20,lombar,16312,204,4496,-10,-573,406,879335
2026-05-19 20:08:20,esterno,1204,15664,-4780,104,171,-188,221902
2026-05-19 20:08:20,lombar,16356,72,4416,49,-327,385,879357
2026-05-19 20:08:20,esterno,1196,15240,-4940,141,177,-122,221924
2026-05-19 20:08:20,lombar,16312,44,4496,183,-363,284,879379
2026-05-19 20:08:20,esterno,1208,15028,-5280,327,205,-229,221946
2026-05-19 20:08:20,lombar,16372,240,4452,79,-314,381,879401
2026-05-19 20:08:20,esterno,1172,15236,-5196,276,360,-304,221968
2026-05-19 20:08:20,esterno,996,15404,-4904,12,99,-211,221990
2026-05-19 20:08:20,lombar,16392,256,4588,145,-280,322,879423
2026-05-19 20:08:20,lombar,16420,252,4508,151,-344,345,879445
2026-05-19 20:08:20,esterno,1108,15588,-5160,20,-24,-12,222012
2026-05-19 20:08:20,lombar,16448,240,4676,126,-364,353,879467
2026-05-19 20:08:20,esterno,1412,15492,-5284,111,139,0,222034
2026-05-19 20:08:20,lombar,16344,260,4500,145,-479,303,879489
2026-05-19 20:08:20,esterno,1304,15280,-5276,73,48,-83,222056
2026-05-19 20:08:20,esterno,1116,15308,-5144,209,110,-87,222078
2026-05-19 20:08:20,lombar,16312,240,4516,147,-377,371,879511
2026-05-19 20:08:20,lombar,16328,168,4608,179,-343,441,879533
2026-05-19 20:08:20,esterno,1172,15320,-5112,166,286,-18,222100
2026-05-19 20:08:20,esterno,1112,15336,-5284,99,207,-13,222122
2026-05-19 20:08:20,lombar,16372,368,4628,170,-325,396,879555
2026-05-19 20:08:20,lombar,16376,216,4512,130,-277,407,879577
2026-05-19 20:08:20,esterno,1188,15220,-5388,310,123,-55,222144
2026-05-19 20:08:20,lombar,16316,4,4552,46,-281,400,879599
2026-05-19 20:08:20,esterno,1140,15188,-5160,430,-68,-59,222166
2026-05-19 20:08:20,lombar,16340,4,4300,119,-480,273,879621
2026-05-19 20:08:20,esterno,1012,15408,-5512,478,-26,-7,222188
2026-05-19 20:08:20,lombar,16548,260,4564,180,-492,335,879643
2026-05-19 20:08:20,esterno,1056,15544,-5488,531,-32,130,222210
2026-05-19 20:08:20,lombar,16444,264,4480,204,-496,391,879665
2026-05-19 20:08:20,esterno,860,15388,-5148,594,-80,235,222232
2026-05-19 20:08:20,esterno,1200,15196,-5568,713,246,152,222254
2026-05-19 20:08:20,lombar,16372,36,4568,197,-401,411,879687
2026-05-19 20:08:20,lombar,16320,80,4472,222,-345,315,879709
2026-05-19 20:08:20,esterno,1260,15148,-5348,667,620,-141,222276
2026-05-19 20:08:20,esterno,1244,15192,-4992,331,-482,-34,222298
2026-05-19 20:08:20,lombar,16268,36,4636,214,-284,329,879731
2026-05-19 20:08:20,lombar,16504,216,4420,205,-263,328,879753
2026-05-19 20:08:20,esterno,1044,15196,-5904,386,-2,-22,222320
2026-05-19 20:08:20,lombar,16264,308,4640,169,-290,401,879775
2026-05-19 20:08:20,esterno,892,15276,-5780,224,575,-158,222342
2026-05-19 20:08:20,lombar,16480,208,4400,151,-336,341,879797
2026-05-19 20:08:20,esterno,1160,15360,-5504,343,286,-99,222364
2026-05-19 20:08:20,lombar,16472,240,4396,179,-328,373,879819
2026-05-19 20:08:20,esterno,1208,15476,-5484,658,434,-28,222386
2026-05-19 20:08:20,lombar,16216,80,4292,133,-342,322,879841
2026-05-19 20:08:20,esterno,1184,15376,-5428,430,430,-33,222408
2026-05-19 20:08:20,lombar,16292,-64,4380,154,-646,313,879863
2026-05-19 20:08:20,esterno,1068,15352,-5760,-37,361,-33,222430
2026-05-19 20:08:20,lombar,16544,304,4356,227,-634,352,879885
2026-05-19 20:08:20,esterno,1080,15076,-5764,-166,301,-67,222452
2026-05-19 20:08:20,lombar,16380,272,4416,198,-708,399,879907
2026-05-19 20:08:20,esterno,1160,15164,-5692,-2,287,-107,222474
2026-05-19 20:08:20,lombar,16344,188,4596,191,-644,427,879929
2026-05-19 20:08:20,esterno,1212,15324,-5584,14,429,-78,222496
2026-05-19 20:08:20,lombar,16336,104,4368,226,-629,431,879951
2026-05-19 20:08:20,esterno,1232,15364,-5600,-28,440,-13,222518
2026-05-19 20:08:21,lombar,16480,228,4376,207,-644,401,879973
2026-05-19 20:08:21,esterno,1320,15300,-5504,-171,-111,139,222540
2026-05-19 20:08:21,lombar,16232,292,4460,197,-476,412,879995
2026-05-19 20:08:21,esterno,1112,15000,-5636,-20,93,168,222562
2026-05-19 20:08:21,lombar,16332,204,4320,197,-474,319,880017
2026-05-19 20:08:21,esterno,1176,15140,-5916,161,208,232,222584
2026-05-19 20:08:21,lombar,16288,284,4440,155,-514,383,880039
2026-05-19 20:08:21,esterno,1072,15252,-5736,207,82,190,222606
2026-05-19 20:08:21,lombar,16356,72,4180,98,-489,356,880061
2026-05-19 20:08:21,esterno,1100,15228,-5676,137,99,132,222628
2026-05-19 20:08:21,esterno,1136,15200,-5612,-95,48,106,222650
2026-05-19 20:08:21,lombar,16436,52,4344,193,-595,428,880083
2026-05-19 20:08:21,lombar,16608,368,4412,182,-487,394,880105
2026-05-19 20:08:21,esterno,1168,15020,-5828,-46,87,-3,222672
2026-05-19 20:08:21,lombar,16548,196,4196,159,-505,412,880127
2026-05-19 20:08:21,esterno,1092,14936,-5400,319,6,51,222694
2026-05-19 20:08:21,lombar,16448,140,3952,80,-460,450,880149
2026-05-19 20:08:21,esterno,1056,15152,-5472,456,21,-43,222716
2026-05-19 20:08:21,lombar,16476,56,3880,113,-432,424,880171
2026-05-19 20:08:21,esterno,1236,15468,-5736,186,301,-97,222738
2026-05-19 20:08:21,lombar,16596,168,4092,197,-381,404,880193
2026-05-19 20:08:21,esterno,1140,15308,-5664,54,271,-98,222760
2026-05-19 20:08:21,lombar,16516,216,4160,141,-345,447,880215
2026-05-19 20:08:21,esterno,1120,15148,-5728,171,172,-174,222782
2026-05-19 20:08:21,lombar,16504,176,4044,152,-352,459,880237
2026-05-19 20:08:21,esterno,1072,15176,-5508,315,276,-101,222804
2026-05-19 20:08:21,lombar,16452,152,4088,128,-358,383,880259
2026-05-19 20:08:21,esterno,1152,15260,-5536,144,331,-66,222826
2026-05-19 20:08:21,lombar,16328,108,4084,150,-356,422,880281
2026-05-19 20:08:21,esterno,1220,15156,-5732,89,323,-112,222848
2026-05-19 20:08:21,lombar,16392,60,4244,198,-348,458,880303
2026-05-19 20:08:21,esterno,1244,15040,-6264,357,853,-204,222870
2026-05-19 20:08:21,lombar,16544,16,4140,200,-316,396,880325
2026-05-19 20:08:21,esterno,1300,15164,-5192,136,23,-145,222892
2026-05-19 20:08:21,lombar,16364,152,4144,206,-310,417,880347
2026-05-19 20:08:21,esterno,1060,15116,-6068,96,-273,-32,222914
2026-05-19 20:08:21,lombar,16352,192,4436,170,-238,453,880369
2026-05-19 20:08:21,esterno,804,15048,-5944,307,263,-148,222936
2026-05-19 20:08:21,lombar,16432,160,3964,80,-136,409,880391
2026-05-19 20:08:21,esterno,832,15060,-6208,253,190,-73,222958
2026-05-19 20:08:21,esterno,1268,15124,-6176,230,530,8,222980
2026-05-19 20:08:21,lombar,16504,28,4340,154,-274,496,880413
2026-05-19 20:08:21,lombar,16452,184,4260,156,-294,412,880435
2026-05-19 20:08:21,esterno,1208,15308,-5728,122,278,-110,223002
2026-05-19 20:08:21,lombar,16364,104,4156,124,-349,456,880457
2026-05-19 20:08:21,esterno,1044,15408,-5832,63,108,-82,223024
2026-05-19 20:08:21,lombar,16236,144,4476,131,-410,383,880479
2026-05-19 20:08:21,esterno,1196,15160,-5872,18,280,-48,223046
2026-05-19 20:08:21,lombar,16328,76,4356,127,-388,362,880501
2026-05-19 20:08:21,esterno,1164,14936,-5976,10,263,42,223068
2026-05-19 20:08:21,lombar,16484,-56,4200,161,-376,408,880523
2026-05-19 20:08:21,esterno,1132,14944,-6132,44,229,-52,223090
2026-05-19 20:08:21,lombar,16492,180,4360,125,-371,413,880545
2026-05-19 20:08:21,esterno,1132,15248,-6180,6,242,-77,223112
2026-05-19 20:08:21,lombar,16460,164,4296,171,-302,366,880567
2026-05-19 20:08:21,esterno,1104,15392,-5968,-129,229,33,223134
2026-05-19 20:08:21,lombar,16428,148,4088,152,-311,360,880589
2026-05-19 20:08:21,esterno,1104,15004,-5984,-178,27,57,223156
2026-05-19 20:08:21,lombar,16532,176,4352,112,-353,339,880611
2026-05-19 20:08:21,esterno,1080,14944,-5992,-37,-15,-101,223178
2026-05-19 20:08:21,esterno,1060,15088,-6088,88,56,-15,223200
2026-05-19 20:08:21,lombar,16348,84,4068,112,-394,413,880633
2026-05-19 20:08:21,lombar,16364,52,4184,53,-383,367,880655
2026-05-19 20:08:21,esterno,1108,15176,-5940,-10,26,122,223222
2026-05-19 20:08:21,lombar,16448,-16,4184,96,-357,365,880677
2026-05-19 20:08:21,esterno,1044,15156,-5932,-124,3,129,223244
2026-05-19 20:08:21,lombar,16392,136,4144,146,-398,380,880699
2026-05-19 20:08:21,esterno,1232,15204,-5968,-239,131,101,223266
2026-05-19 20:08:21,lombar,16752,36,3208,125,-644,307,880721
2026-05-19 20:08:21,esterno,1312,15024,-5952,-200,143,74,223288
2026-05-19 20:08:21,lombar,16324,56,4172,137,-422,329,880743
2026-05-19 20:08:21,esterno,1108,15000,-5844,76,-15,30,223310
2026-05-19 20:08:21,lombar,16520,164,4072,161,-338,364,880765
2026-05-19 20:08:21,esterno,1124,15060,-6052,124,-13,-50,223332
2026-05-19 20:08:21,esterno,952,15180,-5928,-85,136,-60,223354
2026-05-19 20:08:21,lombar,16432,120,3948,134,-349,378,880787
2026-05-19 20:08:21,lombar,16568,24,4164,109,-336,401,880809
2026-05-19 20:08:21,esterno,1128,15088,-6132,-205,248,47,223376
2026-05-19 20:08:21,lombar,16568,-16,4008,86,-325,365,880831
2026-05-19 20:08:21,esterno,1012,14904,-5952,-131,128,24,223398
2026-05-19 20:08:21,lombar,16384,88,4056,100,-281,367,880853
2026-05-19 20:08:21,esterno,972,14916,-5948,-179,233,-34,223420
2026-05-19 20:08:21,lombar,16412,80,4152,55,-246,356,880875
2026-05-19 20:08:21,esterno,1072,15184,-6168,-295,228,-122,223442
2026-05-19 20:08:21,lombar,16504,84,4128,28,-273,259,880897
2026-05-19 20:08:21,esterno,996,14944,-6576,-151,641,-116,223464
2026-05-19 20:08:21,lombar,16444,76,4204,53,-261,247,880919
2026-05-19 20:08:21,esterno,1072,15012,-5640,-217,-147,1,223486
2026-05-19 20:08:21,lombar,16304,112,4260,-58,-402,323,880941
2026-05-19 20:08:21,esterno,1128,15088,-5984,-90,-164,9,223508
2026-05-19 20:08:22,lombar,16356,112,4288,-172,-500,286,880963
2026-05-19 20:08:22,esterno,900,15016,-6012,33,36,-55,223530
2026-05-19 20:08:22,lombar,16420,76,4124,-229,-643,219,880985
2026-05-19 20:08:22,esterno,700,14716,-6468,178,-149,-74,223552
2026-05-19 20:08:22,lombar,16520,116,4080,-38,-595,138,881007
2026-05-19 20:08:22,esterno,728,14712,-6544,454,46,-135,223574
2026-05-19 20:08:22,lombar,16632,120,3852,48,-531,142,881029
2026-05-19 20:08:22,esterno,1256,15292,-6060,597,40,-55,223596
2026-05-19 20:08:22,lombar,16628,164,4116,85,-441,200,881051
2026-05-19 20:08:22,esterno,1316,15564,-6036,517,45,74,223618
2026-05-19 20:08:22,lombar,16360,24,4004,86,-413,198,881073
2026-05-19 20:08:22,esterno,1056,15456,-6032,279,43,77,223640
2026-05-19 20:08:22,lombar,16384,48,4036,97,-319,236,881095
2026-05-19 20:08:22,esterno,752,14964,-5800,142,-10,-41,223662
2026-05-19 20:08:22,lombar,16372,-12,3908,68,-287,277,881117
2026-05-19 20:08:22,esterno,848,14764,-6156,-154,76,-17,223684
2026-05-19 20:08:22,lombar,16628,140,4036,79,-214,287,881139
2026-05-19 20:08:22,esterno,924,15088,-6196,-497,180,16,223706
2026-05-19 20:08:22,lombar,16480,36,4228,111,-250,320,881161
2026-05-19 20:08:22,esterno,1132,15220,-5932,-515,-30,70,223728
2026-05-19 20:08:22,lombar,16424,80,4016,77,-299,326,881183
2026-05-19 20:08:22,esterno,1216,15328,-6168,-414,34,-12,223750
2026-05-19 20:08:22,esterno,1192,15256,-6104,-296,200,-42,223772
2026-05-19 20:08:22,lombar,16304,-132,3900,124,-127,259,881205
2026-05-19 20:08:22,lombar,16620,268,4096,48,-291,269,881227
2026-05-19 20:08:22,esterno,1232,14924,-6348,-155,291,33,223794
2026-05-19 20:08:22,lombar,16464,232,3936,51,-124,352,881249
2026-05-19 20:08:22,esterno,1012,14876,-6112,40,95,0,223816
2026-05-19 20:08:22,lombar,16448,-68,4080,53,-101,260,881271
2026-05-19 20:08:22,esterno,996,14964,-6000,-5,6,-111,223838
2026-05-19 20:08:22,esterno,1068,15156,-6180,-228,105,-9,223860
2026-05-19 20:08:22,lombar,16500,32,4032,115,-183,254,881293
2026-05-19 20:08:22,lombar,16520,124,4184,42,-262,338,881315
2026-05-19 20:08:22,esterno,1212,15216,-6192,-343,188,126,223882
2026-05-19 20:08:22,lombar,16460,156,4064,44,-182,353,881337
2026-05-19 20:08:22,esterno,1220,14796,-6028,-187,68,118,223904
2026-05-19 20:08:22,lombar,16456,128,4076,73,-215,288,881359
2026-05-19 20:08:22,esterno,1096,14928,-6132,119,5,-35,223926
2026-05-19 20:08:22,lombar,16444,52,4080,106,-175,335,881381
2026-05-19 20:08:22,esterno,980,15116,-6260,163,48,-94,223948
2026-05-19 20:08:22,esterno,1008,15164,-6312,-114,82,23,223970
2026-05-19 20:08:22,lombar,16484,168,3984,115,-235,332,881403
2026-05-19 20:08:22,lombar,16356,48,4000,91,-218,334,881425
2026-05-19 20:08:22,esterno,1176,15112,-6036,-148,118,84,223992
2026-05-19 20:08:22,lombar,16460,232,3984,43,-222,346,881447
2026-05-19 20:08:22,esterno,1000,15144,-5940,-35,189,43,224014
2026-05-19 20:08:22,lombar,16512,84,3952,92,-330,329,881469
2026-05-19 20:08:22,esterno,1096,15020,-6180,-26,101,-62,224036
2026-05-19 20:08:22,lombar,16600,64,4000,90,-291,366,881491
2026-05-19 20:08:22,esterno,888,14952,-6384,-21,402,-101,224058
2026-05-19 20:08:22,lombar,16380,120,3932,76,-292,378,881513
2026-05-19 20:08:22,esterno,1140,15256,-5732,-74,-56,-34,224080
2026-05-19 20:08:22,lombar,16400,20,3960,135,-259,305,881535
2026-05-19 20:08:22,esterno,1112,15252,-5740,-241,-263,190,224102
2026-05-19 20:08:22,lombar,16468,132,3984,104,-180,378,881557
2026-05-19 20:08:22,esterno,1172,14800,-6144,-271,131,119,224124
2026-05-19 20:08:22,lombar,16472,16,4220,79,-165,324,881579
2026-05-19 20:08:22,esterno,1132,14592,-6484,-114,267,-158,224146
2026-05-19 20:08:22,lombar,16548,12,3956,89,-224,368,881601
2026-05-19 20:08:22,esterno,1164,15072,-6560,131,329,-262,224168
2026-05-19 20:08:22,lombar,16388,52,3948,108,-208,349,881623
2026-05-19 20:08:22,esterno,1012,15524,-6156,-4,394,-138,224190
2026-05-19 20:08:22,lombar,16420,72,4192,159,-231,279,881645
2026-05-19 20:08:22,esterno,808,15444,-5836,-259,277,99,224212
2026-05-19 20:08:22,lombar,16464,204,4020,88,-321,342,881667
2026-05-19 20:08:22,esterno,1116,15164,-6088,-187,385,120,224234
2026-05-19 20:08:22,lombar,16332,48,4112,114,-298,322,881689
2026-05-19 20:08:22,esterno,972,14772,-6104,-92,181,61,224256
2026-05-19 20:08:22,lombar,16472,140,4088,150,-280,374,881711
2026-05-19 20:08:22,esterno,904,14916,-6452,-162,131,-44,224278
2026-05-19 20:08:22,lombar,16376,140,3972,144,-281,333,881733
2026-05-19 20:08:22,esterno,1108,15052,-6324,-323,322,-52,224300
2026-05-19 20:08:22,lombar,16328,264,4216,124,-288,289,881755
2026-05-19 20:08:22,esterno,1200,15196,-6060,-439,289,25,224322
2026-05-19 20:08:22,lombar,16348,128,4204,85,-332,315,881777
2026-05-19 20:08:22,esterno,1088,15120,-6080,-333,190,-10,224344
2026-05-19 20:08:22,lombar,16636,120,4192,108,-241,296,881799
2026-05-19 20:08:22,esterno,1000,14996,-6300,-170,94,-38,224366
2026-05-19 20:08:22,lombar,16492,192,4160,61,-307,345,881821
2026-05-19 20:08:22,esterno,984,14996,-6332,-284,191,125,224388
2026-05-19 20:08:22,lombar,16416,72,4076,-12,-267,337,881843
2026-05-19 20:08:22,esterno,1024,15088,-5952,-273,252,97,224410
2026-05-19 20:08:22,lombar,16496,12,4164,66,-258,313,881865
2026-05-19 20:08:22,esterno,1056,15032,-5832,-125,75,-51,224432
2026-05-19 20:08:22,lombar,16500,132,4072,91,-270,375,881887
2026-05-19 20:08:22,esterno,1072,15240,-6064,-86,-64,-123,224454
2026-05-19 20:08:22,lombar,16440,188,4100,107,-295,388,881909
2026-05-19 20:08:22,esterno,1028,15276,-6168,-297,56,-21,224476
2026-05-19 20:08:22,lombar,16508,-4,4040,62,-269,359,881931
2026-05-19 20:08:22,esterno,1136,15224,-6108,-380,120,111,224498
2026-05-19 20:08:22,lombar,16508,44,4108,94,-305,257,881953
2026-05-19 20:08:23,esterno,1076,15080,-6016,-183,176,67,224520
2026-05-19 20:08:23,lombar,16596,56,4140,116,-309,277,881975
2026-05-19 20:08:23,esterno,1196,15088,-6084,-63,141,-2,224542
2026-05-19 20:08:23,lombar,16416,128,3984,140,-315,319,881997
2026-05-19 20:08:23,esterno,1012,15140,-6152,-190,150,7,224564
2026-05-19 20:08:23,lombar,16496,240,4108,112,-257,375,882019
2026-05-19 20:08:23,esterno,936,15084,-6064,-276,204,53,224586
2026-05-19 20:08:23,esterno,1152,15032,-5668,-216,181,55,224608
2026-05-19 20:08:23,lombar,16508,24,3920,142,-280,290,882041
2026-05-19 20:08:23,esterno,936,15004,-6072,-120,8,2,224630
2026-05-19 20:08:23,lombar,16456,76,4084,100,-242,331,882063
2026-05-19 20:08:23,lombar,16436,240,3972,139,-251,375,882085
2026-05-19 20:08:23,esterno,948,15160,-6236,-186,115,-69,224652
2026-05-19 20:08:23,lombar,16520,228,4284,99,-315,333,882107
2026-05-19 20:08:23,esterno,992,15052,-6040,-263,101,-8,224674
2026-05-19 20:08:23,lombar,16436,120,4256,73,-247,280,882129
2026-05-19 20:08:23,esterno,1192,15072,-6012,-280,162,112,224696
2026-05-19 20:08:23,lombar,16480,140,4064,74,-326,301,882151
2026-05-19 20:08:23,esterno,1148,15144,-5808,-220,97,-2,224718
2026-05-19 20:08:23,lombar,16424,80,4272,75,-325,322,882173
2026-05-19 20:08:23,esterno,956,15076,-5856,-131,-50,-55,224740
2026-05-19 20:08:23,lombar,16496,144,4228,97,-297,345,882195
2026-05-19 20:08:23,esterno,1012,15208,-6216,-271,38,25,224762
2026-05-19 20:08:23,lombar,16488,116,3828,103,-255,287,882217
2026-05-19 20:08:23,esterno,1164,15080,-6052,-417,287,75,224784
2026-05-19 20:08:23,lombar,16492,72,4232,95,-267,271,882239
2026-05-19 20:08:23,esterno,1076,15052,-6080,-359,212,69,224806
2026-05-19 20:08:23,lombar,16504,24,4060,117,-230,353,882261
2026-05-19 20:08:23,esterno,976,15140,-5960,-296,137,-3,224828
2026-05-19 20:08:23,lombar,16512,80,4116,42,-361,351,882283
2026-05-19 20:08:23,esterno,1020,15108,-5764,-303,93,-1,224850
2026-05-19 20:08:23,lombar,16480,40,3984,98,-283,378,882305
2026-05-19 20:08:23,esterno,1012,15164,-5788,-307,-79,83,224872
2026-05-19 20:08:23,lombar,16556,112,3964,28,-357,356,882327
2026-05-19 20:08:23,esterno,1048,15052,-6548,-195,472,46,224894
2026-05-19 20:08:23,esterno,1148,15384,-5960,-555,121,106,224916
2026-05-19 20:08:23,lombar,16356,48,4092,68,-391,313,882349
2026-05-19 20:08:23,lombar,16352,100,3980,76,-361,343,882371
2026-05-19 20:08:23,esterno,1180,15164,-5596,-765,-227,175,224938
2026-05-19 20:08:23,lombar,16464,152,4084,79,-340,292,882393
2026-05-19 20:08:23,esterno,988,14712,-6212,-549,72,79,224960
2026-05-19 20:08:23,esterno,1024,15008,-6288,-434,321,-228,224982
2026-05-19 20:08:23,lombar,16468,204,4132,78,-404,315,882415
2026-05-19 20:08:23,lombar,16444,224,4172,-26,-307,418,882437
2026-05-19 20:08:23,esterno,1092,15400,-6160,-267,256,-85,225004
2026-05-19 20:08:23,lombar,16420,96,4120,11,-386,406,882459
2026-05-19 20:08:23,esterno,1028,15412,-5516,-413,-67,4,225026
2026-05-19 20:08:23,lombar,16448,48,4052,27,-306,334,882481
2026-05-19 20:08:23,esterno,1212,15180,-5744,-356,-179,61,225048
2026-05-19 20:08:23,lombar,16264,76,4020,26,-333,307,882503
2026-05-19 20:08:23,esterno,1100,15096,-6012,-193,177,62,225070
2026-05-19 20:08:23,lombar,16484,60,4108,80,-339,242,882525
2026-05-19 20:08:23,esterno,1156,15056,-6292,-381,409,127,225092
2026-05-19 20:08:23,lombar,16516,44,4036,117,-298,270,882547
2026-05-19 20:08:23,esterno,1028,15008,-5872,-615,333,70,225114
2026-05-19 20:08:23,lombar,16444,100,3980,121,-257,310,882569
2026-05-19 20:08:23,esterno,932,15152,-5620,-387,169,-44,225136
2026-05-19 20:08:23,lombar,16532,168,4208,139,-287,286,882591
2026-05-19 20:08:23,esterno,900,15264,-5680,-94,216,-9,225158
2026-05-19 20:08:23,lombar,16560,56,4016,131,-302,301,882613
2026-05-19 20:08:23,esterno,1020,15276,-5776,-181,269,77,225180
2026-05-19 20:08:23,lombar,16524,116,3808,82,-234,249,882635
2026-05-19 20:08:23,esterno,1188,15192,-6000,-424,345,90,225202
2026-05-19 20:08:23,lombar,16520,132,4056,179,-288,169,882657
2026-05-19 20:08:23,esterno,1124,15196,-5796,-370,361,77,225224
2026-05-19 20:08:23,lombar,16488,120,3896,117,-254,345,882679
2026-05-19 20:08:23,esterno,896,15120,-5296,-84,109,-54,225246
2026-05-19 20:08:23,lombar,16568,152,4032,136,-309,325,882701
2026-05-19 20:08:23,esterno,936,15148,-5524,77,113,-96,225268
2026-05-19 20:08:23,lombar,16608,180,3928,136,-390,353,882723
2026-05-19 20:08:23,esterno,1144,15252,-6036,-256,141,49,225290
2026-05-19 20:08:23,lombar,16488,80,4088,100,-383,364,882745
2026-05-19 20:08:23,esterno,1324,15160,-6092,-384,59,137,225312
2026-05-19 20:08:23,lombar,16424,120,3900,80,-288,364,882767
2026-05-19 20:08:23,esterno,1332,15280,-5608,-250,96,51,225334
2026-05-19 20:08:23,esterno,1112,15308,-5556,-193,130,-80,225356
2026-05-19 20:08:23,lombar,16532,136,3984,70,-283,328,882789
2026-05-19 20:08:23,lombar,16464,112,4104,32,-231,333,882811
2026-05-19 20:08:23,esterno,916,15168,-6012,-171,105,-15,225378
2026-05-19 20:08:23,lombar,16476,284,4224,47,-242,326,882833
2026-05-19 20:08:23,esterno,812,15024,-5988,-141,-7,61,225400
2026-05-19 20:08:23,esterno,956,15128,-5728,-170,-33,125,225422
2026-05-19 20:08:23,lombar,16392,248,4044,41,-236,338,882855
2026-05-19 20:08:23,lombar,16408,160,4276,4,-221,340,882877
2026-05-19 20:08:23,esterno,1096,15196,-5684,-164,98,118,225444
2026-05-19 20:08:23,lombar,16460,132,4192,78,-264,352,882899
2026-05-19 20:08:23,esterno,1300,15196,-5844,-118,203,-7,225466
2026-05-19 20:08:23,lombar,16344,72,4020,101,-266,308,882921
2026-05-19 20:08:23,esterno,1340,15116,-5824,-164,78,-23,225488
2026-05-19 20:08:23,lombar,16372,100,4068,112,-264,318,882943
2026-05-19 20:08:23,esterno,948,15088,-5868,-265,223,-41,225510
2026-05-19 20:08:24,lombar,16460,136,3976,147,-271,386,882965
2026-05-19 20:08:24,esterno,1032,15088,-5804,-234,247,35,225532
2026-05-19 20:08:24,lombar,16360,116,3952,175,-312,368,882987
2026-05-19 20:08:24,esterno,988,15128,-5812,-133,140,60,225554
2026-05-19 20:08:24,lombar,16496,140,4028,129,-326,384,883009
2026-05-19 20:08:24,esterno,1176,15108,-5908,-205,223,47,225576
2026-05-19 20:08:24,lombar,16440,140,3968,102,-310,359,883031
2026-05-19 20:08:24,esterno,1224,15164,-5796,-269,190,76,225598
2026-05-19 20:08:24,lombar,16476,40,4128,125,-336,324,883053
2026-05-19 20:08:24,esterno,1108,15136,-5912,-245,206,99,225620
2026-05-19 20:08:24,esterno,904,15336,-5812,-222,324,-9,225642
2026-05-19 20:08:24,lombar,16576,108,4184,116,-230,284,883075
2026-05-19 20:08:24,lombar,16536,180,3884,110,-293,293,883097
2026-05-19 20:08:24,esterno,904,15212,-5388,-155,133,-37,225664
2026-05-19 20:08:24,lombar,16440,124,3964,95,-232,415,883119
2026-05-19 20:08:24,esterno,936,15224,-5596,-18,27,-41,225686
2026-05-19 20:08:24,lombar,16456,56,3924,36,-235,344,883141
2026-05-19 20:08:24,esterno,1224,15216,-5828,2,94,25,225708
2026-05-19 20:08:24,lombar,16472,124,3952,47,-206,308,883163
2026-05-19 20:08:24,esterno,1204,15256,-5788,-210,66,80,225730
2026-05-19 20:08:24,lombar,16516,140,3888,64,-221,355,883185
2026-05-19 20:08:24,esterno,1092,15188,-5656,-272,61,-67,225752
2026-05-19 20:08:24,lombar,16344,204,4024,94,-109,326,883207
2026-05-19 20:08:24,esterno,1028,15088,-5700,-94,26,-121,225774
2026-05-19 20:08:24,lombar,16584,96,4088,115,-215,287,883229
2026-05-19 20:08:24,esterno,1160,15276,-5860,-29,110,51,225796
2026-05-19 20:08:24,lombar,16552,204,4200,156,-207,306,883251
2026-05-19 20:08:24,esterno,1144,15416,-5856,-192,280,158,225818
2026-05-19 20:08:24,lombar,16400,128,3924,121,-238,269,883273
2026-05-19 20:08:24,esterno,1148,15108,-5552,-147,29,20,225840
2026-05-19 20:08:24,lombar,16440,212,3996,104,-242,358,883295
2026-05-19 20:08:24,esterno,964,15224,-5900,28,69,-97,225862
2026-05-19 20:08:24,lombar,16424,64,4000,76,-234,320,883317
2026-05-19 20:08:24,esterno,904,15168,-5880,-163,190,-24,225884
2026-05-19 20:08:24,lombar,16528,68,3992,102,-278,280,883339
2026-05-19 20:08:24,esterno,1092,15096,-5676,-375,92,109,225906
2026-05-19 20:08:24,lombar,16492,176,4240,75,-244,374,883361
2026-05-19 20:08:24,esterno,1048,15092,-5796,-356,-51,-11,225928
2026-05-19 20:08:24,lombar,16448,212,4064,76,-298,320,883383
2026-05-19 20:08:24,esterno,1116,15308,-6364,-180,155,-44,225950
2026-05-19 20:08:24,lombar,16416,144,4160,60,-221,293,883405
2026-05-19 20:08:24,esterno,1024,15280,-5624,-295,488,-27,225972
2026-05-19 20:08:24,lombar,16400,36,4172,136,-302,275,883427
2026-05-19 20:08:24,esterno,1208,15280,-5468,-505,24,187,225994
2026-05-19 20:08:24,esterno,1020,15044,-5580,-412,-205,94,226016
2026-05-19 20:08:24,lombar,16412,188,3988,101,-259,352,883449
2026-05-19 20:08:24,lombar,16512,212,4220,141,-296,364,883471
2026-05-19 20:08:24,esterno,996,14852,-5912,-171,177,-47,226038
2026-05-19 20:08:24,lombar,16400,376,3980,97,-286,371,883493
2026-05-19 20:08:24,esterno,1172,15120,-6092,-76,332,-201,226060
2026-05-19 20:08:24,lombar,16488,284,3936,34,-208,428,883515
2026-05-19 20:08:24,esterno,1064,15528,-5844,-90,433,-154,226082
2026-05-19 20:08:24,lombar,16504,72,4240,69,-272,390,883537
2026-05-19 20:08:24,esterno,1176,15520,-5476,-199,117,-23,226104
2026-05-19 20:08:24,lombar,16412,180,3840,54,-325,384,883559
2026-05-19 20:08:24,esterno,1180,15324,-5628,-25,10,123,226126
2026-05-19 20:08:24,lombar,16428,220,3888,15,-303,378,883581
2026-05-19 20:08:24,esterno,924,15004,-5692,-45,98,95,226148
2026-05-19 20:08:24,lombar,16484,144,4232,34,-286,337,883603
2026-05-19 20:08:24,esterno,892,14984,-5940,-398,199,86,226170
2026-05-19 20:08:24,lombar,16396,60,4104,61,-303,314,883625
2026-05-19 20:08:24,esterno,904,15096,-5672,-495,123,116,226192
2026-05-19 20:08:24,lombar,16552,0,4076,141,-308,347,883647
2026-05-19 20:08:24,esterno,1232,15236,-5484,-277,62,74,226214
2026-05-19 20:08:24,lombar,16468,216,4200,105,-309,346,883669
2026-05-19 20:08:24,esterno,1372,15252,-5944,-108,254,-14,226236
2026-05-19 20:08:24,lombar,16496,192,4288,92,-269,291,883691
2026-05-19 20:08:24,esterno,1108,15220,-5756,-208,411,-113,226258
2026-05-19 20:08:24,lombar,16476,72,4000,153,-202,267,883713
2026-05-19 20:08:24,esterno,864,15188,-5700,-224,167,0,226280
2026-05-19 20:08:24,lombar,16468,268,4084,153,-270,305,883735
2026-05-19 20:08:24,esterno,876,15148,-5824,-184,124,100,226302
2026-05-19 20:08:24,lombar,16360,172,4100,68,-297,329,883757
2026-05-19 20:08:24,esterno,1224,15248,-5532,-264,268,27,226324
2026-05-19 20:08:24,lombar,16524,56,3984,50,-254,281,883779
2026-05-19 20:08:24,esterno,1312,15380,-5748,-324,268,4,226346
2026-05-19 20:08:24,lombar,16588,52,4084,79,-297,273,883801
2026-05-19 20:08:24,esterno,1160,15304,-5820,-359,300,12,226368
2026-05-19 20:08:24,lombar,16440,268,4100,150,-344,234,883823
2026-05-19 20:08:24,esterno,940,15188,-5616,-384,178,15,226390
2026-05-19 20:08:24,lombar,16572,200,4032,122,-270,309,883845
2026-05-19 20:08:24,esterno,968,15184,-5600,-309,4,57,226412
2026-05-19 20:08:24,lombar,16420,136,3932,103,-321,378,883867
2026-05-19 20:08:24,esterno,1164,15300,-5596,-201,3,48,226434
2026-05-19 20:08:24,lombar,16404,180,4100,61,-251,368,883889
2026-05-19 20:08:24,esterno,1328,15244,-5756,-288,85,12,226456
2026-05-19 20:08:24,lombar,16464,244,4204,2,-307,358,883911
2026-05-19 20:08:24,esterno,1228,15140,-5660,-289,88,-39,226478
2026-05-19 20:08:24,lombar,16432,152,4072,79,-258,323,883933
2026-05-19 20:08:24,esterno,980,15112,-5536,-167,-55,-62,226500
2026-05-19 20:08:25,lombar,16492,240,4156,52,-265,356,883955
2026-05-19 20:08:25,esterno,1036,15172,-5504,-113,-38,-11,226522
2026-05-19 20:08:25,lombar,16492,260,4064,49,-273,353,883977
2026-05-19 20:08:25,esterno,1176,15340,-5920,-196,98,30,226544
2026-05-19 20:08:25,lombar,16564,72,3920,22,-219,352,883999
2026-05-19 20:08:25,esterno,1144,15204,-5560,-247,157,-5,226566
2026-05-19 20:08:25,lombar,16512,124,4004,81,-301,291,884021
2026-05-19 20:08:25,esterno,1136,15240,-5584,-181,-13,6,226588
2026-05-19 20:08:25,lombar,16428,56,4056,84,-252,306,884043
2026-05-19 20:08:25,esterno,1068,15248,-5512,-156,105,35,226610
2026-05-19 20:08:25,lombar,16420,120,4080,84,-289,319,884065
2026-05-19 20:08:25,esterno,912,15376,-5612,-253,182,76,226632
2026-05-19 20:08:25,lombar,16432,140,4084,85,-226,261,884087
2026-05-19 20:08:25,esterno,1072,15364,-5620,-325,137,121,226654
2026-05-19 20:08:25,esterno,1000,15284,-5636,-281,200,24,226676
2026-05-19 20:08:25,lombar,16384,132,4092,125,-262,298,884109
2026-05-19 20:08:25,lombar,16528,160,4100,107,-256,370,884131
2026-05-19 20:08:25,esterno,1124,15232,-5368,-235,296,-83,226698
2026-05-19 20:08:25,lombar,16396,252,3968,133,-217,347,884153
2026-05-19 20:08:25,esterno,1060,15200,-5600,-139,131,-2,226720
2026-05-19 20:08:25,lombar,16600,96,4040,137,-293,346,884175
2026-05-19 20:08:25,esterno,1052,15188,-5704,-115,49,49,226742
2026-05-19 20:08:25,lombar,16496,100,4252,120,-298,321,884197
2026-05-19 20:08:25,esterno,1128,15240,-5652,-264,53,-69,226764
2026-05-19 20:08:25,lombar,16560,236,4252,71,-317,345,884219
2026-05-19 20:08:25,esterno,1112,15376,-5796,-347,156,-12,226786
2026-05-19 20:08:25,lombar,16404,80,4052,65,-313,279,884241
2026-05-19 20:08:25,esterno,1020,15128,-5604,-322,113,122,226808
2026-05-19 20:08:25,lombar,16484,44,4064,100,-316,388,884263
2026-05-19 20:08:25,esterno,964,15056,-5348,-248,-75,60,226830
2026-05-19 20:08:25,lombar,16452,144,4064,103,-300,388,884285
2026-05-19 20:08:25,esterno,1040,15060,-5760,-142,-158,-48,226852
2026-05-19 20:08:25,lombar,16456,264,4016,56,-347,302,884307
2026-05-19 20:08:25,esterno,1088,15280,-5700,-101,411,-124,226874
2026-05-19 20:08:25,lombar,16548,52,3964,-18,-344,266,884329
2026-05-19 20:08:25,esterno,1212,15596,-5580,-356,-164,129,226896
2026-05-19 20:08:25,lombar,16488,-56,4108,25,-331,417,884351
2026-05-19 20:08:25,esterno,1264,15500,-5352,-442,-287,202,226918
2026-05-19 20:08:25,lombar,16420,160,4000,47,-245,359,884373
2026-05-19 20:08:25,esterno,1196,15096,-5708,-415,73,153,226940
2026-05-19 20:08:25,esterno,1052,14996,-5892,-298,310,-65,226962
2026-05-19 20:08:25,lombar,16556,276,4132,79,-285,310,884395
2026-05-19 20:08:25,lombar,16484,100,3868,21,-262,365,884417
2026-05-19 20:08:25,esterno,1204,15236,-5692,-44,310,-180,226984
2026-05-19 20:08:25,lombar,16488,164,4116,19,-307,382,884439
2026-05-19 20:08:25,esterno,1048,15512,-5380,-2,314,-72,227006
2026-05-19 20:08:25,lombar,16332,72,4236,90,-237,395,884461
2026-05-19 20:08:25,esterno,964,15580,-5204,-160,175,-23,227028
2026-05-19 20:08:25,lombar,16476,112,4004,74,-240,316,884483
2026-05-19 20:08:25,esterno,1216,15336,-5652,-166,304,5,227050
2026-05-19 20:08:25,lombar,16508,132,4160,71,-299,325,884505
2026-05-19 20:08:25,esterno,1068,15152,-5808,-120,262,31,227072
2026-05-19 20:08:25,lombar,16460,120,4264,88,-277,327,884527
2026-05-19 20:08:25,esterno,896,15072,-5668,-296,273,14,227094
2026-05-19 20:08:25,lombar,16432,92,4184,125,-296,276,884549
2026-05-19 20:08:25,esterno,936,15240,-5276,-372,241,59,227116
2026-05-19 20:08:25,esterno,1216,15284,-5372,-248,144,7,227138
2026-05-19 20:08:25,lombar,16512,176,4128,129,-345,339,884571
2026-05-19 20:08:25,lombar,16500,172,4008,131,-253,352,884593
2026-05-19 20:08:25,esterno,1192,15304,-5644,-271,419,-53,227160
2026-05-19 20:08:25,lombar,16448,136,4060,98,-269,289,884615
2026-05-19 20:08:25,esterno,1068,15276,-5516,-374,169,8,227182
2026-05-19 20:08:25,lombar,16520,112,4100,144,-286,300,884637
2026-05-19 20:08:25,esterno,1016,15200,-5708,-317,151,98,227204
2026-05-19 20:08:25,esterno,1128,15316,-5480,-319,341,55,227226
2026-05-19 20:08:25,lombar,16468,252,3952,52,-314,340,884659
2026-05-19 20:08:25,lombar,16500,284,3860,51,-342,347,884681
2026-05-19 20:08:25,esterno,1140,15256,-5244,-274,234,5,227248
2026-05-19 20:08:25,esterno,1124,15228,-5324,-249,57,21,227270
2026-05-19 20:08:25,lombar,16500,128,3944,84,-270,381,884703
2026-05-19 20:08:25,esterno,1152,15316,-5232,-371,106,21,227292
2026-05-19 20:08:25,lombar,16532,148,3944,87,-301,329,884725
2026-05-19 20:08:25,lombar,16508,176,3980,52,-267,304,884747
2026-05-19 20:08:25,esterno,1036,15300,-5580,-406,24,108,227314
2026-05-19 20:08:25,lombar,16472,168,3848,44,-320,298,884769
2026-05-19 20:08:25,esterno,1144,15312,-5512,-358,19,157,227336
2026-05-19 20:08:25,lombar,16512,104,3852,44,-297,312,884791
2026-05-19 20:08:25,esterno,1180,15236,-5364,-376,42,87,227358
2026-05-19 20:08:25,lombar,16532,128,4272,79,-297,318,884813
2026-05-19 20:08:25,esterno,1136,15256,-5380,-331,111,38,227380
2026-05-19 20:08:25,lombar,16404,132,4180,42,-290,276,884835
2026-05-19 20:08:25,esterno,1176,15344,-5532,-346,48,70,227402
2026-05-19 20:08:25,lombar,16564,128,4172,56,-265,316,884857
2026-05-19 20:08:25,esterno,936,15104,-5432,-435,128,26,227424
2026-05-19 20:08:25,lombar,16468,112,4004,66,-275,381,884879
2026-05-19 20:08:25,esterno,1092,15124,-5188,-422,136,-13,227446
2026-05-19 20:08:25,lombar,16468,28,4184,94,-260,309,884901
2026-05-19 20:08:25,esterno,1080,15300,-5388,-288,168,-59,227468
2026-05-19 20:08:25,lombar,16548,152,4024,54,-247,286,884923
2026-05-19 20:08:25,esterno,1132,15420,-5512,-321,201,-9,227490
2026-05-19 20:08:25,lombar,16416,48,4084,56,-297,248,884945
2026-05-19 20:08:25,esterno,1116,15368,-5400,-397,86,88,227512
2026-05-19 20:08:26,lombar,16476,188,4020,86,-301,293,884967
2026-05-19 20:08:26,esterno,1040,15372,-5336,-372,15,126,227534
2026-05-19 20:08:26,lombar,16376,64,3900,102,-322,328,884989
2026-05-19 20:08:26,esterno,1080,15200,-5392,-337,87,76,227556
2026-05-19 20:08:26,lombar,16496,168,3968,112,-316,235,885011
2026-05-19 20:08:26,esterno,1164,15208,-5352,-435,127,63,227578
2026-05-19 20:08:26,esterno,1124,15416,-5272,-492,64,76,227600
2026-05-19 20:08:26,lombar,16488,76,3988,57,-269,266,885033
2026-05-19 20:08:26,lombar,16360,140,4032,96,-269,280,885055
2026-05-19 20:08:26,esterno,1192,15388,-5184,-473,-54,86,227622
2026-05-19 20:08:26,lombar,16520,172,4088,61,-285,299,885077
2026-05-19 20:08:26,esterno,976,15284,-5208,-447,-81,70,227644
2026-05-19 20:08:26,lombar,16440,348,4096,27,-229,326,885099
2026-05-19 20:08:26,esterno,1048,15292,-5416,-556,-77,131,227666
2026-05-19 20:08:26,esterno,1224,15420,-5232,-626,-13,165,227688
2026-05-19 20:08:26,lombar,16388,176,4056,51,-235,320,885121
2026-05-19 20:08:26,lombar,16372,120,3900,80,-219,326,885143
2026-05-19 20:08:26,esterno,1320,15432,-5080,-565,59,154,227710
2026-05-19 20:08:26,lombar,16428,52,4112,135,-212,327,885165
2026-05-19 20:08:26,esterno,1400,15440,-5452,-367,186,111,227732
2026-05-19 20:08:26,lombar,16444,172,3944,82,-191,328,885187
2026-05-19 20:08:26,esterno,1120,15264,-5192,-286,588,-93,227754
2026-05-19 20:08:26,lombar,16408,152,3968,156,-200,305,885209
2026-05-19 20:08:26,esterno,1228,15436,-5060,-315,-87,22,227776
2026-05-19 20:08:26,lombar,16476,300,4188,124,-195,378,885231
2026-05-19 20:08:26,esterno,1052,15412,-5104,-341,-138,18,227798
2026-05-19 20:08:26,lombar,16548,240,4056,103,-195,413,885253
2026-05-19 20:08:26,esterno,1024,15304,-5364,-376,48,92,227820
2026-05-19 20:08:26,lombar,16512,180,4112,40,-192,331,885275
2026-05-19 20:08:26,esterno,1096,15144,-5376,-289,140,73,227842
2026-05-19 20:08:26,lombar,16456,272,4184,1,-257,376,885297
2026-05-19 20:08:26,esterno,1348,15448,-5360,-100,199,-23,227864
2026-05-19 20:08:26,lombar,16484,8,3996,9,-297,346,885319
2026-05-19 20:08:26,esterno,1172,15396,-5028,-10,341,-89,227886
2026-05-19 20:08:26,lombar,16532,120,4004,59,-272,295,885341
2026-05-19 20:08:26,esterno,1012,15432,-4844,-89,103,-12,227908
2026-05-19 20:08:26,lombar,16480,220,3992,113,-290,329,885363
2026-05-19 20:08:26,esterno,1088,15448,-5152,-101,204,36,227930
2026-05-19 20:08:26,lombar,16500,152,4124,84,-247,338,885385
2026-05-19 20:08:26,esterno,1096,15456,-5172,-196,289,-14,227952
2026-05-19 20:08:26,lombar,16476,28,4124,122,-344,267,885407
2026-05-19 20:08:26,esterno,1112,15408,-5156,-352,309,39,227974
2026-05-19 20:08:26,lombar,16376,104,4036,121,-279,305,885429
2026-05-19 20:08:26,esterno,1052,15356,-5048,-376,187,74,227996
2026-05-19 20:08:26,lombar,16484,144,4124,119,-309,352,885451
2026-05-19 20:08:26,esterno,1136,15348,-5228,-287,162,107,228018
2026-05-19 20:08:26,lombar,16484,256,3964,93,-310,383,885473
2026-05-19 20:08:26,esterno,1000,15360,-5116,-383,468,-67,228040
2026-05-19 20:08:26,lombar,16428,32,4004,90,-257,326,885495
2026-05-19 20:08:26,esterno,1092,15408,-5228,-429,274,-68,228062
2026-05-19 20:08:26,lombar,16476,-40,3972,186,-264,310,885517
2026-05-19 20:08:26,esterno,1396,15408,-5304,-331,250,85,228084
2026-05-19 20:08:26,lombar,16340,280,4016,128,-285,327,885539
2026-05-19 20:08:26,esterno,1396,15280,-4836,-362,444,51,228106
2026-05-19 20:08:26,esterno,1148,15368,-4828,-232,334,-33,228128
2026-05-19 20:08:26,lombar,16508,148,4064,143,-295,357,885561
2026-05-19 20:08:26,lombar,16448,12,3932,93,-229,320,885583
2026-05-19 20:08:26,esterno,1096,15548,-5024,-215,177,-46,228150
2026-05-19 20:08:26,lombar,16516,132,4012,115,-279,303,885605
2026-05-19 20:08:26,esterno,1312,15508,-5156,-433,37,65,228172
2026-05-19 20:08:26,lombar,16444,264,4076,77,-302,348,885627
2026-05-19 20:08:26,esterno,1232,15332,-4888,-450,2,148,228194
2026-05-19 20:08:26,lombar,16492,140,4028,14,-261,266,885649
2026-05-19 20:08:26,esterno,1316,15268,-5132,-301,61,144,228216
2026-05-19 20:08:26,lombar,16464,112,3964,39,-298,348,885671
2026-05-19 20:08:26,esterno,1096,15412,-5368,-198,140,18,228238
2026-05-19 20:08:26,lombar,16368,92,3980,57,-326,313,885693
2026-05-19 20:08:26,esterno,1220,15396,-5032,-301,144,46,228260
2026-05-19 20:08:26,lombar,16484,76,3976,37,-277,352,885715
2026-05-19 20:08:26,esterno,1068,15340,-4880,-308,103,23,228282
2026-05-19 20:08:26,lombar,16388,204,4148,55,-261,318,885737
2026-05-19 20:08:26,esterno,1032,15368,-4940,-215,107,57,228304
2026-05-19 20:08:26,lombar,16524,100,4136,61,-301,375,885759
2026-05-19 20:08:26,esterno,1072,15372,-5064,-188,101,52,228326
2026-05-19 20:08:26,esterno,1232,15340,-5216,-254,168,-36,228348
2026-05-19 20:08:26,lombar,16432,180,4084,80,-271,320,885781
2026-05-19 20:08:26,lombar,16496,108,4084,87,-257,366,885803
2026-05-19 20:08:26,esterno,1184,15372,-5140,-209,130,-53,228370
2026-05-19 20:08:26,lombar,16488,172,4172,136,-244,308,885825
2026-05-19 20:08:26,esterno,1064,15308,-5020,-115,175,31,228392
2026-05-19 20:08:26,esterno,1088,15364,-5020,-106,179,84,228414
2026-05-19 20:08:26,lombar,16552,36,4080,119,-215,322,885847
2026-05-19 20:08:26,lombar,16408,232,4000,154,-248,282,885869
2026-05-19 20:08:26,esterno,1088,15528,-5020,-119,98,30,228436
2026-05-19 20:08:26,lombar,16472,244,4148,134,-207,359,885891
2026-05-19 20:08:26,esterno,1156,15496,-5012,-99,146,-59,228458
2026-05-19 20:08:26,lombar,16460,312,4032,101,-122,307,885913
2026-05-19 20:08:26,esterno,1080,15348,-4912,-89,121,-18,228480
2026-05-19 20:08:26,lombar,16608,268,4148,49,-56,429,885935
2026-05-19 20:08:26,esterno,1144,15300,-5080,-24,123,21,228502
2026-05-19 20:08:27,lombar,16528,244,3840,74,27,348,885957
2026-05-19 20:08:27,esterno,1116,15396,-5084,51,104,32,228524
2026-05-19 20:08:27,lombar,16572,260,4192,32,22,365,885979
2026-05-19 20:08:27,esterno,1268,15456,-4880,88,106,7,228546
2026-05-19 20:08:27,lombar,16364,128,3928,-29,85,303,886001
2026-05-19 20:08:27,esterno,1252,15484,-4608,38,-27,26,228568
2026-05-19 20:08:27,lombar,16480,32,3928,-6,-221,300,886023
2026-05-19 20:08:27,esterno,1148,15460,-5012,122,-141,45,228590
2026-05-19 20:08:27,lombar,16412,272,4080,26,-79,284,886045
2026-05-19 20:08:27,esterno,980,15368,-5332,141,331,6,228612
2026-05-19 20:08:27,lombar,16488,212,4108,19,-101,306,886067
2026-05-19 20:08:27,esterno,1360,15540,-4848,-152,-194,106,228634
2026-05-19 20:08:27,lombar,16388,64,4024,84,-30,322,886089
2026-05-19 20:08:27,esterno,1128,15448,-4892,-18,-329,-5,228656
2026-05-19 20:08:27,esterno,988,15240,-5344,100,-119,30,228678
2026-05-19 20:08:27,lombar,16440,244,4036,75,-18,376,886111
2026-05-19 20:08:27,lombar,16500,124,4128,34,-60,321,886133
2026-05-19 20:08:27,esterno,1300,15120,-5524,-100,260,-29,228700
2026-05-19 20:08:27,lombar,16524,120,4084,76,12,324,886155
2026-05-19 20:08:27,esterno,1288,15316,-5252,-25,318,-59,228722
2026-05-19 20:08:27,lombar,16372,96,4376,14,-35,376,886177
2026-05-19 20:08:27,esterno,1132,15632,-5004,233,373,-148,228744
2026-05-19 20:08:27,lombar,16344,84,4100,48,-84,334,886199
2026-05-19 20:08:27,esterno,960,15596,-4752,150,137,-167,228766
2026-05-19 20:08:27,lombar,16460,216,4352,71,-119,298,886221
2026-05-19 20:08:27,esterno,1176,15456,-5272,-26,151,-30,228788
2026-05-19 20:08:27,lombar,16468,248,4260,70,-89,366,886243
2026-05-19 20:08:27,esterno,996,15208,-5140,29,189,66,228810
2026-05-19 20:08:27,lombar,16408,84,4316,35,8,314,886265
2026-05-19 20:08:27,esterno,1064,15300,-5244,-11,245,50,228832
2026-05-19 20:08:27,lombar,16436,112,4244,45,55,364,886287
2026-05-19 20:08:27,esterno,1112,15348,-5184,-191,294,-51,228854
2026-05-19 20:08:27,lombar,16396,100,4424,94,-50,385,886309
2026-05-19 20:08:27,esterno,1228,15452,-5088,-146,153,-60,228876
2026-05-19 20:08:27,esterno,1188,15564,-5348,-125,440,0,228898
2026-05-19 20:08:27,lombar,16412,232,4156,55,-178,439,886331
2026-05-19 20:08:27,lombar,16296,108,4316,44,-100,324,886353
2026-05-19 20:08:27,esterno,1056,15396,-5160,-218,350,21,228920
2026-05-19 20:08:27,lombar,16404,88,4328,70,-33,298,886375
2026-05-19 20:08:27,esterno,908,15292,-5076,-110,102,41,228942
2026-05-19 20:08:27,lombar,16460,108,4236,126,21,333,886397
2026-05-19 20:08:27,esterno,1104,15180,-5248,-33,193,-5,228964
2026-05-19 20:08:27,lombar,16324,76,4296,87,3,286,886419
2026-05-19 20:08:27,esterno,1128,15420,-5152,-70,245,-37,228986
2026-05-19 20:08:27,lombar,16496,148,4344,93,-48,318,886441
2026-05-19 20:08:27,esterno,1164,15536,-5172,-168,64,59,229008
2026-05-19 20:08:27,lombar,16408,132,4220,99,-159,306,886463
2026-05-19 20:08:27,esterno,1260,15600,-4868,-165,52,17,229030
2026-05-19 20:08:27,lombar,16444,184,4360,96,-408,329,886485
2026-05-19 20:08:27,esterno,1172,15556,-4912,-220,40,7,229052
2026-05-19 20:08:27,lombar,16324,204,4268,92,-272,326,886507
2026-05-19 20:08:27,esterno,1156,15392,-5092,-323,138,3,229074
2026-05-19 20:08:27,lombar,16396,132,4412,80,-260,363,886529
2026-05-19 20:08:27,esterno,1108,15220,-5332,-250,123,-7,229096
2026-05-19 20:08:27,lombar,16464,168,4300,93,-354,314,886551
2026-05-19 20:08:27,esterno,996,15228,-5280,-106,41,-31,229118
2026-05-19 20:08:27,lombar,16408,212,4308,134,-380,375,886573
2026-05-19 20:08:27,esterno,1196,15360,-5104,-173,145,8,229140
2026-05-19 20:08:27,lombar,16528,156,4532,84,-351,293,886595
2026-05-19 20:08:27,esterno,1188,15560,-5084,-200,191,-23,229162
2026-05-19 20:08:27,lombar,16300,192,4316,84,-298,354,886617
2026-05-19 20:08:27,esterno,1228,15384,-5240,-78,116,-5,229184
2026-05-19 20:08:27,lombar,16448,316,4280,96,-279,324,886639
2026-05-19 20:08:27,esterno,1172,15248,-5204,-33,189,45,229206
2026-05-19 20:08:27,lombar,16488,76,4284,58,-307,339,886661
2026-05-19 20:08:27,esterno,1192,15292,-5276,-122,211,44,229228
2026-05-19 20:08:27,lombar,16340,172,4116,139,-290,326,886683
2026-05-19 20:08:27,esterno,1216,15404,-5188,-78,100,-34,229250
2026-05-19 20:08:27,lombar,16372,76,4440,102,-283,395,886705
2026-05-19 20:08:27,esterno,1188,15336,-5244,-11,106,-27,229272
2026-05-19 20:08:27,lombar,16352,184,4356,112,-275,277,886727
2026-05-19 20:08:27,esterno,1328,15272,-5144,-135,167,84,229294
2026-05-19 20:08:27,lombar,16336,196,4316,99,-252,345,886749
2026-05-19 20:08:27,esterno,1028,15176,-4924,-146,86,55,229316
2026-05-19 20:08:27,lombar,16496,180,4444,57,-248,367,886771
2026-05-19 20:08:27,esterno,1056,15396,-5156,4,70,-90,229338
2026-05-19 20:08:27,lombar,16484,112,4260,75,-292,340,886793
2026-05-19 20:08:27,esterno,1080,15532,-5284,-139,66,-50,229360
2026-05-19 20:08:27,lombar,16424,136,4312,95,-372,344,886815
2026-05-19 20:08:27,esterno,1240,15504,-5088,-328,107,145,229382
2026-05-19 20:08:27,lombar,16456,192,4404,107,-346,348,886837
2026-05-19 20:08:27,esterno,1220,15392,-5024,-269,51,126,229404
2026-05-19 20:08:27,lombar,16432,80,4436,89,-426,334,886859
2026-05-19 20:08:27,esterno,1252,15276,-5016,-84,46,38,229426
2026-05-19 20:08:27,lombar,16468,32,4312,104,-361,340,886881
2026-05-19 20:08:27,esterno,1068,15268,-5504,80,434,-131,229448
2026-05-19 20:08:27,lombar,16380,148,4344,56,-359,355,886903
2026-05-19 20:08:27,esterno,1024,15532,-4692,-260,124,-107,229470
2026-05-19 20:08:27,lombar,16300,116,4224,127,-343,307,886925
2026-05-19 20:08:27,esterno,1184,15408,-4916,-281,-327,96,229492
2026-05-19 20:08:27,lombar,16460,300,4272,124,-338,402,886947
2026-05-19 20:08:27,esterno,1000,15368,-5160,-169,-117,167,229514
2026-05-19 20:08:28,lombar,16388,140,4340,100,-355,326,886969
2026-05-19 20:08:28,esterno,1108,15224,-5504,-239,301,56,229536
2026-05-19 20:08:28,lombar,16456,136,4404,129,-399,225,886991
2026-05-19 20:08:28,esterno,1280,15156,-5252,-119,280,-51,229558
2026-05-19 20:08:28,lombar,16392,172,4376,128,-324,379,887013
2026-05-19 20:08:28,esterno,1196,15488,-5148,59,347,-210,229580
2026-05-19 20:08:28,lombar,16516,156,4364,114,-341,383,887035
2026-05-19 20:08:28,esterno,1096,15548,-4948,-22,329,-150,229602
2026-05-19 20:08:28,lombar,16312,216,4300,102,-369,322,887057
2026-05-19 20:08:28,esterno,996,15464,-5196,-88,103,118,229624
2026-05-19 20:08:28,lombar,16464,168,4356,116,-349,340,887079
2026-05-19 20:08:28,esterno,1176,15280,-5308,-135,193,100,229646
2026-05-19 20:08:28,lombar,16380,204,4244,109,-379,322,887101
2026-05-19 20:08:28,esterno,1288,15208,-5172,-219,337,8,229668
2026-05-19 20:08:28,lombar,16456,100,4396,75,-378,416,887123
2026-05-19 20:08:28,esterno,1120,15444,-4908,-209,266,10,229690
2026-05-19 20:08:28,lombar,16424,144,4064,110,-339,306,887145
2026-05-19 20:08:28,esterno,1116,15404,-5048,-149,105,18,229712
2026-05-19 20:08:28,lombar,16448,180,4248,112,-362,373,887167
2026-05-19 20:08:28,esterno,1152,15480,-5228,-258,351,10,229734
2026-05-19 20:08:28,lombar,16360,136,4344,77,-316,352,887189
2026-05-19 20:08:28,esterno,1000,15372,-4884,-335,278,31,229756
2026-05-19 20:08:28,lombar,16416,152,4156,145,-303,339,887211
2026-05-19 20:08:28,esterno,956,15136,-5048,-156,58,44,229778
2026-05-19 20:08:28,lombar,16476,276,4248,161,-363,318,887233
2026-05-19 20:08:28,esterno,1208,15296,-5344,-205,150,83,229800
2026-05-19 20:08:28,lombar,16416,188,4048,97,-344,333,887255
2026-05-19 20:08:28,esterno,1224,15424,-5144,-362,405,5,229822
2026-05-19 20:08:28,lombar,16416,56,4208,85,-361,295,887277
2026-05-19 20:08:28,esterno,1252,15392,-4976,-307,186,-4,229844
2026-05-19 20:08:28,lombar,16404,84,4204,179,-261,274,887299
2026-05-19 20:08:28,esterno,1140,15324,-4980,-199,48,-69,229866
2026-05-19 20:08:28,lombar,16456,188,4192,177,-310,341,887321
2026-05-19 20:08:28,esterno,1036,15588,-5060,-230,77,13,229888
2026-05-19 20:08:28,lombar,16468,352,4196,144,-278,327,887343
2026-05-19 20:08:28,esterno,1128,15504,-4916,-238,10,169,229910
2026-05-19 20:08:28,esterno,1300,15276,-5140,-233,76,198,229932
2026-05-19 20:08:28,lombar,16364,52,4204,57,-282,333,887365
2026-05-19 20:08:28,lombar,16408,116,4412,27,-325,266,887387
2026-05-19 20:08:28,esterno,1336,15248,-5000,-238,228,38,229954
2026-05-19 20:08:28,lombar,16460,36,4300,108,-363,297,887409
2026-05-19 20:08:28,esterno,1108,15344,-5052,-150,25,24,229976
2026-05-19 20:08:28,lombar,16452,240,4084,61,-361,353,887431
2026-05-19 20:08:28,esterno,1188,15608,-5248,-167,119,86,229998
2026-05-19 20:08:28,lombar,16416,112,4016,47,-331,346,887453
2026-05-19 20:08:28,esterno,1472,15592,-4988,-325,261,113,230020
2026-05-19 20:08:28,lombar,16388,160,4252,27,-285,352,887475
2026-05-19 20:08:28,esterno,1216,15352,-5004,-165,111,82,230042
2026-05-19 20:08:28,lombar,16528,104,4072,19,-284,328,887497
2026-05-19 20:08:28,esterno,1020,15296,-5148,30,63,-5,230064
2026-05-19 20:08:28,lombar,16480,172,4184,65,-261,269,887519
2026-05-19 20:08:28,esterno,1028,15388,-5128,-68,33,47,230086
2026-05-19 20:08:28,lombar,16472,200,4340,130,-298,347,887541
2026-05-19 20:08:28,esterno,1196,15412,-5044,-128,-38,71,230108
2026-05-19 20:08:28,lombar,16412,204,4204,89,-316,363,887563
2026-05-19 20:08:28,esterno,1532,15584,-5168,-112,-98,83,230130
2026-05-19 20:08:28,lombar,16304,204,4320,70,-291,330,887585
2026-05-19 20:08:28,esterno,1488,15312,-5184,-214,308,12,230152
2026-05-19 20:08:28,lombar,16520,80,4172,105,-237,334,887607
2026-05-19 20:08:28,esterno,1084,15112,-5028,-278,323,32,230174
2026-05-19 20:08:28,lombar,16548,76,4340,156,-233,272,887629
2026-05-19 20:08:28,esterno,796,15420,-5164,-199,94,5,230196
2026-05-19 20:08:28,lombar,16424,228,4320,158,-250,345,887651
2026-05-19 20:08:28,esterno,1044,15716,-5052,-160,66,-31,230218
2026-05-19 20:08:28,esterno,1384,15452,-4748,-125,-26,167,230240
2026-05-19 20:08:28,lombar,16304,240,4304,105,-241,243,887673
2026-05-19 20:08:28,lombar,16360,268,4324,60,-292,264,887695
2026-05-19 20:08:28,esterno,1280,15088,-5580,93,402,80,230262
2026-05-19 20:08:28,lombar,16484,124,4312,91,-259,259,887717
2026-05-19 20:08:28,esterno,1024,15268,-4684,-12,248,-79,230284
2026-05-19 20:08:28,lombar,16512,204,4284,183,-281,296,887739
2026-05-19 20:08:28,esterno,1152,15480,-5132,-151,-343,-4,230306
2026-05-19 20:08:28,lombar,16380,400,4112,141,-257,407,887761
2026-05-19 20:08:28,esterno,1196,15692,-5296,-153,-42,1,230328
2026-05-19 20:08:28,lombar,16424,388,4204,27,-264,323,887783
2026-05-19 20:08:28,esterno,1236,15292,-5228,-187,195,127,230350
2026-05-19 20:08:28,lombar,16504,164,4228,33,-245,386,887805
2026-05-19 20:08:28,esterno,1412,15124,-5340,-63,228,38,230372
2026-05-19 20:08:28,lombar,16528,84,4316,56,-284,340,887827
2026-05-19 20:08:28,esterno,1412,15388,-4904,98,460,-184,230394
2026-05-19 20:08:28,lombar,16408,92,4264,113,-342,423,887849
2026-05-19 20:08:28,esterno,1028,15736,-4644,122,92,-158,230416
2026-05-19 20:08:28,lombar,16324,316,4068,19,-323,368,887871
2026-05-19 20:08:28,esterno,1108,15392,-4976,-100,-22,17,230438
2026-05-19 20:08:28,lombar,16460,116,4296,-6,-288,238,887893
2026-05-19 20:08:28,esterno,1276,15120,-5304,-217,313,188,230460
2026-05-19 20:08:28,lombar,16560,196,4244,92,-124,248,887915
2026-05-19 20:08:28,esterno,1060,14976,-5332,-267,287,268,230482
2026-05-19 20:08:28,lombar,16516,148,4196,143,-256,296,887937
2026-05-19 20:08:28,esterno,1204,15436,-5460,-207,312,-115,230504
2026-05-19 20:08:29,lombar,16412,288,4356,113,-324,353,887959
2026-05-19 20:08:29,esterno,1316,15784,-4948,-5,245,-223,230526
2026-05-19 20:08:29,lombar,16396,232,4392,132,-295,336,887981
2026-05-19 20:08:29,esterno,1292,15544,-4868,-181,373,3,230548
2026-05-19 20:08:29,lombar,16336,28,4236,145,-249,284,888003
2026-05-19 20:08:29,esterno,824,15124,-4980,-235,275,155,230570
2026-05-19 20:08:29,lombar,16476,168,4296,190,-270,240,888025
2026-05-19 20:08:29,esterno,928,15164,-5352,-177,122,86,230592
2026-05-19 20:08:29,lombar,16440,296,4088,162,-309,349,888047
2026-05-19 20:08:29,esterno,1476,15752,-5268,-299,325,-55,230614
2026-05-19 20:08:29,lombar,16416,284,4208,35,-348,371,888069
2026-05-19 20:08:29,esterno,1368,15824,-4924,-233,187,5,230636
2026-05-19 20:08:29,lombar,16384,228,4320,82,-355,295,888091
2026-05-19 20:08:29,esterno,1336,15380,-5008,-127,-122,116,230658
2026-05-19 20:08:29,lombar,16404,240,4076,68,-256,315,888113
2026-05-19 20:08:29,esterno,1256,15172,-5112,-112,99,-46,230680
2026-05-19 20:08:29,lombar,16428,348,4312,83,-308,444,888135
2026-05-19 20:08:29,esterno,1276,15460,-4968,-312,108,-63,230702
2026-05-19 20:08:29,lombar,16416,244,4248,60,-282,376,888157
2026-05-19 20:08:29,esterno,1412,15388,-5112,-430,179,89,230724
2026-05-19 20:08:29,lombar,16456,144,4264,41,-257,305,888179
2026-05-19 20:08:29,esterno,1272,15328,-4868,-277,288,129,230746
2026-05-19 20:08:29,lombar,16524,48,4232,109,-270,303,888201
2026-05-19 20:08:29,esterno,972,15408,-5128,-155,163,15,230768
2026-05-19 20:08:29,lombar,16540,192,4152,142,-280,341,888223
2026-05-19 20:08:29,esterno,888,15588,-5168,-74,9,-85,230790
2026-05-19 20:08:29,lombar,16384,236,4092,107,-339,411,888245
2026-05-19 20:08:29,esterno,1364,15504,-5020,-130,71,76,230812
2026-05-19 20:08:29,lombar,16368,84,4344,140,-213,355,888267
2026-05-19 20:08:29,esterno,1356,15272,-4904,-199,271,153,230834
2026-05-19 20:08:29,lombar,16444,56,4244,146,-239,271,888289
2026-05-19 20:08:29,esterno,1168,15188,-5224,-126,300,20,230856
2026-05-19 20:08:29,lombar,16508,84,4192,119,-298,293,888311
2026-05-19 20:08:29,esterno,996,15404,-5128,-119,194,-183,230878
2026-05-19 20:08:29,lombar,16508,272,4392,101,-322,356,888333
2026-05-19 20:08:29,esterno,1212,15660,-4816,-160,16,-89,230900
2026-05-19 20:08:29,lombar,16380,328,4312,57,-336,378,888355
2026-05-19 20:08:29,esterno,1364,15528,-5004,-161,-49,114,230922
2026-05-19 20:08:29,lombar,16404,196,4340,35,-266,274,888377
2026-05-19 20:08:29,esterno,1384,15228,-5416,-138,118,125,230944
2026-05-19 20:08:29,esterno,1216,15336,-5152,-176,231,-93,230966
2026-05-19 20:08:29,lombar,16428,148,4124,119,-286,324,888399
2026-05-19 20:08:29,lombar,16492,196,4248,88,-288,376,888421
2026-05-19 20:08:29,esterno,1188,15524,-4816,-196,6,-174,230988
2026-05-19 20:08:29,lombar,16388,192,4312,28,-313,343,888443
2026-05-19 20:08:29,esterno,1352,15464,-4928,-205,25,14,231010
2026-05-19 20:08:29,lombar,16388,48,4128,22,-297,272,888465
2026-05-19 20:08:29,esterno,1188,15228,-4916,-188,195,164,231032
2026-05-19 20:08:29,lombar,16492,108,4328,119,-279,271,888487
2026-05-19 20:08:29,esterno,896,15128,-5476,-92,436,84,231054
2026-05-19 20:08:29,esterno,1044,15592,-4884,-46,78,-139,231076
2026-05-19 20:08:29,lombar,16644,240,4180,151,-266,337,888509
2026-05-19 20:08:29,lombar,16456,204,4320,172,-290,345,888531
2026-05-19 20:08:29,esterno,1504,15624,-4796,-11,-410,-18,231098
2026-05-19 20:08:29,lombar,16284,176,4244,121,-214,315,888553
2026-05-19 20:08:29,esterno,1328,15248,-5212,-101,214,147,231120
2026-05-19 20:08:29,lombar,16444,192,4236,79,-179,259,888575
2026-05-19 20:08:29,esterno,968,14980,-5320,-147,457,96,231142
2026-05-19 20:08:29,lombar,16448,204,4204,87,-267,338,888597
2026-05-19 20:08:29,esterno,1112,15280,-5280,33,184,-65,231164
2026-05-19 20:08:29,lombar,16392,272,4180,95,-281,398,888619
2026-05-19 20:08:29,esterno,1228,15792,-5028,49,354,-150,231186
2026-05-19 20:08:29,lombar,16348,280,4064,63,-342,381,888641
2026-05-19 20:08:29,esterno,1404,15816,-4524,-150,144,39,231208
2026-05-19 20:08:29,lombar,16540,132,4036,12,-294,332,888663
2026-05-19 20:08:29,esterno,1164,15160,-5244,-92,61,88,231230
2026-05-19 20:08:29,esterno,1160,15116,-5236,72,265,-190,231252
2026-05-19 20:08:29,lombar,16432,96,4240,54,-292,328,888685
2026-05-19 20:08:29,lombar,16436,60,4308,44,-286,388,888707
2026-05-19 20:08:29,esterno,1264,15460,-5116,-182,270,-196,231274
2026-05-19 20:08:29,lombar,16356,92,4140,70,-312,284,888729
2026-05-19 20:08:29,esterno,1056,15428,-4948,-422,329,132,231296
2026-05-19 20:08:29,lombar,16460,88,4284,91,-312,282,888751
2026-05-19 20:08:29,esterno,1064,15340,-4872,-182,251,271,231318
2026-05-19 20:08:29,lombar,16512,120,4212,121,-314,341,888773
2026-05-19 20:08:29,esterno,1120,15452,-5436,-208,176,89,231340
2026-05-19 20:08:29,lombar,16552,40,4188,126,-321,299,888795
2026-05-19 20:08:29,esterno,1288,15504,-5368,-274,274,-120,231362
2026-05-19 20:08:29,lombar,16408,28,4092,225,-363,310,888817
2026-05-19 20:08:29,esterno,1360,15368,-4804,-183,261,-19,231384
2026-05-19 20:08:29,lombar,16404,188,4132,187,-457,385,888839
2026-05-19 20:08:29,esterno,1008,15176,-4744,-13,172,76,231406
2026-05-19 20:08:29,lombar,16464,280,4188,-22,-886,360,888861
2026-05-19 20:08:29,esterno,1072,15244,-4932,-7,191,-36,231428
2026-05-19 20:08:29,lombar,16628,256,3768,-107,-1489,232,888883
2026-05-19 20:08:29,esterno,1296,15692,-5276,-330,132,-106,231450
2026-05-19 20:08:29,lombar,16856,68,4068,-47,-1559,215,888905
2026-05-19 20:08:29,esterno,1432,16132,-5608,-501,211,-66,231472
2026-05-19 20:08:29,lombar,16640,-16,3812,69,-1348,317,888927
2026-05-19 20:08:29,esterno,1152,16392,-4916,-530,173,177,231494
2026-05-19 20:08:29,lombar,16252,52,3828,187,-1278,351,888949
2026-05-19 20:08:29,esterno,1244,16040,-4652,-590,22,566,231516
2026-05-19 20:08:30,lombar,16148,268,4052,200,-1209,329,888971
2026-05-19 20:08:30,esterno,1412,14924,-4668,-737,384,484,231538
2026-05-19 20:08:30,lombar,16340,408,4112,41,-1154,277,888993
2026-05-19 20:08:30,esterno,980,14396,-4864,-709,414,178,231560
2026-05-19 20:08:30,lombar,16516,152,3652,89,-882,299,889015
2026-05-19 20:08:30,esterno,252,14668,-4864,-692,146,34,231582
2026-05-19 20:08:30,lombar,16624,364,3744,72,-645,478,889037
2026-05-19 20:08:30,esterno,-196,14896,-4204,-1124,-341,-38,231604
2026-05-19 20:08:30,lombar,16672,608,3620,210,-114,753,889059
2026-05-19 20:08:30,esterno,-120,14844,-3488,-1510,-1190,-405,231626
2026-05-19 20:08:30,lombar,16792,364,3836,-392,-211,816,889081
2026-05-19 20:08:30,esterno,1008,15028,-4332,-1273,-1338,-595,231648
2026-05-19 20:08:30,lombar,16876,180,3744,-713,-116,631,889103
2026-05-19 20:08:30,esterno,2188,15864,-5016,-1525,-648,-576,231670
2026-05-19 20:08:30,lombar,16648,-284,3832,-719,-114,435,889125
2026-05-19 20:08:30,esterno,2744,16452,-5308,-1594,-411,-217,231692
2026-05-19 20:08:30,lombar,16640,-424,3792,-335,-95,306,889147
2026-05-19 20:08:30,esterno,2192,16124,-5128,-575,-107,152,231714
2026-05-19 20:08:30,lombar,16376,-480,3792,74,-14,198,889169
2026-05-19 20:08:30,esterno,1536,15524,-4904,237,654,17,231736
2026-05-19 20:08:30,lombar,16248,-312,4136,312,-107,148,889191
2026-05-19 20:08:30,esterno,1284,14964,-5060,-34,1334,-6,231758
2026-05-19 20:08:30,lombar,16212,-284,4012,500,-238,99,889213
2026-05-19 20:08:30,esterno,1012,14780,-5020,-508,1184,110,231780
2026-05-19 20:08:30,lombar,16296,-8,4068,637,-374,15,889235
2026-05-19 20:08:30,esterno,1188,15120,-5408,-422,1285,-76,231802
2026-05-19 20:08:30,lombar,16560,196,4148,783,-428,100,889257
2026-05-19 20:08:30,esterno,1648,15780,-4936,-374,1796,-465,231824
2026-05-19 20:08:30,lombar,16484,312,3884,847,-387,118,889279
2026-05-19 20:08:30,esterno,1544,16180,-4132,-324,909,-570,231846
2026-05-19 20:08:30,lombar,16396,460,3720,764,-502,220,889301
2026-05-19 20:08:30,esterno,1244,16000,-4528,-62,149,-316,231868
2026-05-19 20:08:30,lombar,16384,804,3980,542,-549,321,889323
2026-05-19 20:08:30,esterno,768,15836,-4544,-101,232,-102,231890
2026-05-19 20:08:30,lombar,16412,852,4136,271,-621,278,889345
2026-05-19 20:08:30,esterno,604,15352,-4508,-346,-250,286,231912
2026-05-19 20:08:30,lombar,16532,648,3840,61,-585,391,889367
2026-05-19 20:08:30,esterno,664,15048,-4732,-112,-928,442,231934
2026-05-19 20:08:30,lombar,16564,612,3640,-155,-605,368,889389
2026-05-19 20:08:30,esterno,980,15132,-4436,-52,-916,142,231956
2026-05-19 20:08:30,lombar,16700,376,3692,-309,-702,448,889411
2026-05-19 20:08:30,esterno,1496,15724,-4500,-413,-928,13,231978
2026-05-19 20:08:30,lombar,16456,160,3652,-206,-537,436,889433
2026-05-19 20:08:30,esterno,1656,15896,-4888,-695,-323,54,232000
2026-05-19 20:08:30,lombar,16464,136,3712,-120,-540,460,889455
2026-05-19 20:08:30,esterno,1828,15720,-4788,-796,147,56,232022
2026-05-19 20:08:30,lombar,16480,-96,3788,-126,-513,441,889477
2026-05-19 20:08:30,esterno,1212,15380,-4644,-550,52,-14,232044
2026-05-19 20:08:30,lombar,16652,-168,3572,-58,-638,430,889499
2026-05-19 20:08:30,esterno,864,15284,-4420,-404,194,-153,232066
2026-05-19 20:08:30,lombar,16600,-228,3612,125,-721,494,889521
2026-05-19 20:08:30,esterno,784,15516,-4520,-675,237,-47,232088
2026-05-19 20:08:30,lombar,16584,-160,3532,189,-651,433,889543
2026-05-19 20:08:30,esterno,1080,15904,-4504,-1040,715,103,232110
2026-05-19 20:08:30,lombar,16468,28,3368,313,-709,418,889565
2026-05-19 20:08:30,esterno,1176,16048,-4036,-1052,554,139,232132
2026-05-19 20:08:30,lombar,16608,100,3480,253,-749,315,889587
2026-05-19 20:08:30,esterno,1236,16140,-4416,-1019,274,157,232154
2026-05-19 20:08:30,lombar,16656,152,3564,183,-906,399,889609
2026-05-19 20:08:30,esterno,1136,16220,-4160,-1172,537,230,232176
2026-05-19 20:08:30,lombar,16584,228,3440,159,-802,476,889631
2026-05-19 20:08:30,esterno,548,15952,-3372,-1463,48,352,232198
2026-05-19 20:08:30,lombar,16300,400,3560,47,-883,421,889653
2026-05-19 20:08:30,esterno,688,15464,-3608,-1450,-789,524,232220
2026-05-19 20:08:30,lombar,16452,244,3292,-203,-932,322,889675
2026-05-19 20:08:30,esterno,1336,15308,-4176,-1477,-601,592,232242
2026-05-19 20:08:30,lombar,16352,-36,3496,-404,-946,33,889697
2026-05-19 20:08:30,esterno,1864,15520,-4260,-1803,-23,766,232264
2026-05-19 20:08:30,lombar,16732,-224,3656,-200,-829,-178,889719
2026-05-19 20:08:30,esterno,2052,15760,-4144,-1979,281,901,232286
2026-05-19 20:08:30,lombar,16688,116,3644,108,-766,-173,889741
2026-05-19 20:08:30,esterno,1620,15736,-3852,-1697,203,961,232308
2026-05-19 20:08:30,lombar,16812,472,3420,57,-759,72,889763
2026-05-19 20:08:30,esterno,876,15808,-3628,-1086,-151,892,232330
2026-05-19 20:08:30,lombar,16852,460,3360,160,-585,55,889785
2026-05-19 20:08:30,esterno,1008,15476,-3784,-1172,67,847,232352
2026-05-19 20:08:30,lombar,16628,428,3524,166,-431,32,889807
2026-05-19 20:08:30,esterno,1720,15592,-3868,-1655,534,874,232374
2026-05-19 20:08:30,lombar,16576,332,3284,207,-394,118,889829
2026-05-19 20:08:30,esterno,2192,15656,-3692,-1612,498,1003,232396
2026-05-19 20:08:30,lombar,16316,180,3544,257,-423,154,889851
2026-05-19 20:08:30,esterno,2220,15568,-3912,-1540,760,1026,232418
2026-05-19 20:08:30,lombar,16420,632,3636,338,-423,362,889873
2026-05-19 20:08:30,esterno,1784,15336,-3612,-1658,983,731,232440
2026-05-19 20:08:30,lombar,16284,800,3656,288,-462,456,889895
2026-05-19 20:08:30,esterno,1024,15232,-3744,-1478,858,379,232462
2026-05-19 20:08:30,lombar,16244,768,3736,118,-580,418,889917
2026-05-19 20:08:30,esterno,592,15088,-3232,-959,21,212,232484
2026-05-19 20:08:30,lombar,16388,596,3728,19,-680,471,889939
2026-05-19 20:08:30,esterno,720,15144,-3576,-721,-499,325,232506
2026-05-19 20:08:31,lombar,16380,624,3796,-168,-758,640,889961
2026-05-19 20:08:31,esterno,864,15580,-3116,-860,-668,404,232528
2026-05-19 20:08:31,lombar,16748,612,3328,-433,-689,682,889983
2026-05-19 20:08:31,esterno,1108,15668,-2836,-1068,-1490,295,232550
2026-05-19 20:08:31,lombar,16808,320,3316,-482,-853,655,890005
2026-05-19 20:08:31,esterno,1536,16012,-3472,-906,-1945,221,232572
2026-05-19 20:08:31,lombar,16564,-32,3112,-479,-617,656,890027
2026-05-19 20:08:31,esterno,1876,16056,-3640,-753,-1301,149,232594
2026-05-19 20:08:31,lombar,16484,28,3216,-406,-754,638,890049
2026-05-19 20:08:31,esterno,2008,15792,-3592,-658,-568,134,232616
2026-05-19 20:08:31,lombar,16588,-128,3208,-169,-791,584,890071
2026-05-19 20:08:31,esterno,1984,15436,-3152,-337,-544,106,232638
2026-05-19 20:08:31,lombar,16572,-168,3224,-152,-607,563,890093
2026-05-19 20:08:31,esterno,2060,15156,-3180,36,-327,-37,232660
2026-05-19 20:08:31,esterno,2024,15512,-2972,-267,-118,-91,232682
2026-05-19 20:08:31,lombar,16568,-336,3048,-35,-673,605,890115
2026-05-19 20:08:31,lombar,16544,-252,3164,134,-711,425,890137
2026-05-19 20:08:31,esterno,1916,15968,-3132,-961,198,-65,232704
2026-05-19 20:08:31,lombar,16716,-160,3016,239,-562,418,890159
2026-05-19 20:08:31,esterno,2092,16244,-2988,-897,625,22,232726
2026-05-19 20:08:31,lombar,16864,128,2760,406,-447,300,890181
2026-05-19 20:08:31,esterno,1928,16204,-2992,-394,815,86,232748
2026-05-19 20:08:31,esterno,1548,15884,-2728,-211,781,141,232770
2026-05-19 20:08:31,lombar,16864,100,2608,355,-399,261,890203
2026-05-19 20:08:31,esterno,1256,15716,-2684,-192,661,243,232792
2026-05-19 20:08:31,lombar,16900,208,2880,319,-579,279,890225
2026-05-19 20:08:31,lombar,16848,252,2840,262,-549,223,890247
2026-05-19 20:08:31,esterno,1632,15812,-2468,-255,575,374,232814
2026-05-19 20:08:31,lombar,16732,332,2640,245,-470,148,890269
2026-05-19 20:08:31,esterno,1696,15936,-2756,-250,486,403,232836
2026-05-19 20:08:31,lombar,16788,252,2980,274,-534,68,890291
2026-05-19 20:08:31,esterno,1912,16000,-2792,-344,195,266,232858
2026-05-19 20:08:31,lombar,16680,308,2884,141,-425,268,890313
2026-05-19 20:08:31,esterno,2044,15664,-2912,-398,354,142,232880
2026-05-19 20:08:31,lombar,16644,304,3132,140,-375,368,890335
2026-05-19 20:08:31,esterno,1828,15484,-2740,-223,632,77,232902
2026-05-19 20:08:31,lombar,16652,36,3088,214,-306,223,890357
2026-05-19 20:08:31,esterno,1684,15636,-2956,-85,217,192,232924
2026-05-19 20:08:31,lombar,16672,104,3136,279,-273,224,890379
2026-05-19 20:08:31,esterno,1504,15760,-3048,-144,36,279,232946
2026-05-19 20:08:31,lombar,16732,212,3044,227,-292,295,890401
2026-05-19 20:08:31,esterno,1444,15808,-3048,-388,-106,323,232968
2026-05-19 20:08:31,lombar,16772,468,3068,190,-208,389,890423
2026-05-19 20:08:31,esterno,1976,15372,-3280,-334,-34,253,232990
2026-05-19 20:08:31,lombar,16732,404,2944,73,-210,349,890445
2026-05-19 20:08:31,esterno,2224,15372,-3244,-83,168,85,233012
2026-05-19 20:08:31,lombar,16664,260,3040,58,-96,320,890467
2026-05-19 20:08:31,esterno,2268,15672,-2864,22,405,-131,233034
2026-05-19 20:08:31,lombar,16664,76,3008,117,-33,329,890489
2026-05-19 20:08:31,esterno,1908,16028,-2788,125,470,-244,233056
2026-05-19 20:08:31,lombar,16616,160,2832,132,-7,330,890511
2026-05-19 20:08:31,esterno,1684,15956,-3000,198,453,-242,233078
2026-05-19 20:08:31,lombar,16696,180,3060,259,-109,232,890533
2026-05-19 20:08:31,esterno,1552,15792,-2760,106,416,-63,233100
2026-05-19 20:08:31,lombar,16708,184,2892,135,-106,291,890555
2026-05-19 20:08:31,esterno,1716,15752,-3036,13,424,133,233122
2026-05-19 20:08:31,lombar,16608,140,3036,143,10,283,890577
