timestamp,node,ax,ay,az,gx,gy,gz,t_ms
2026-05-19 20:08:47,lombar,16332,40,4244,-140,-840,292,906945
2026-05-19 20:08:47,esterno,1056,15196,-4976,-51,139,-130,249512
2026-05-19 20:08:48,lombar,16544,-56,4152,-246,-906,208,906967
2026-05-19 20:08:48,esterno,1008,15532,-5132,-95,155,-72,249534
2026-05-19 20:08:48,lombar,16640,-128,4152,-96,-975,272,906989
2026-05-19 20:08:48,esterno,812,15768,-5432,-402,197,66,249556
2026-05-19 20:08:48,lombar,16556,-28,4104,184,-813,190,907011
2026-05-19 20:08:48,esterno,708,15964,-5064,-810,175,356,249578
2026-05-19 20:08:48,lombar,16508,20,3996,248,-1056,170,907033
2026-05-19 20:08:48,esterno,768,15676,-4948,-796,86,530,249600
2026-05-19 20:08:48,lombar,16264,-32,4040,263,-975,125,907055
2026-05-19 20:08:48,esterno,1004,15468,-5244,-771,413,551,249622
2026-05-19 20:08:48,lombar,16312,80,4008,63,-910,206,907077
2026-05-19 20:08:48,esterno,1392,15320,-5332,-787,439,485,249644
2026-05-19 20:08:48,lombar,16364,108,4248,-237,-946,234,907099
2026-05-19 20:08:48,esterno,908,15512,-4848,-969,189,365,249666
2026-05-19 20:08:48,lombar,16376,-72,4468,-316,-841,98,907121
2026-05-19 20:08:48,esterno,564,15836,-4988,-966,-773,421,249688
2026-05-19 20:08:48,lombar,16344,16,4528,-272,-745,16,907143
2026-05-19 20:08:48,esterno,264,16008,-5128,-903,-595,553,249710
2026-05-19 20:08:48,lombar,16304,300,4176,-332,-606,70,907165
2026-05-19 20:08:48,esterno,540,15664,-5188,-1270,-468,954,249732
2026-05-19 20:08:48,lombar,16288,84,4356,-316,-813,8,907187
2026-05-19 20:08:48,esterno,1020,15256,-5336,-1205,-289,1276,249754
2026-05-19 20:08:48,lombar,16324,-16,4340,-159,-909,19,907209
2026-05-19 20:08:48,esterno,1344,15240,-5484,-1095,-280,1088,249776
2026-05-19 20:08:48,lombar,16552,64,4332,19,-925,87,907231
2026-05-19 20:08:48,esterno,1520,15736,-5168,-1247,-36,753,249798
2026-05-19 20:08:48,lombar,16172,100,4168,-73,-1065,193,907253
2026-05-19 20:08:48,esterno,1784,16044,-4752,-1505,311,755,249820
2026-05-19 20:08:48,lombar,16348,100,3916,-12,-1130,213,907275
2026-05-19 20:08:48,esterno,1776,15892,-4844,-1505,364,675,249842
2026-05-19 20:08:48,lombar,16236,140,3840,60,-1006,265,907297
2026-05-19 20:08:48,esterno,1336,15792,-4836,-1521,335,484,249864
2026-05-19 20:08:48,lombar,16224,80,4024,190,-1334,150,907319
2026-05-19 20:08:48,esterno,1200,15428,-4680,-1373,147,690,249886
2026-05-19 20:08:48,lombar,16652,192,3820,326,-1289,198,907341
2026-05-19 20:08:48,esterno,984,15456,-4448,-1324,710,783,249908
2026-05-19 20:08:48,lombar,16704,140,3772,449,-1394,236,907363
2026-05-19 20:08:48,esterno,932,15492,-3884,-1354,-305,651,249930
2026-05-19 20:08:48,lombar,16544,196,3736,358,-1292,234,907385
2026-05-19 20:08:48,esterno,984,15428,-4420,-1270,-650,586,249952
2026-05-19 20:08:48,lombar,16740,180,3252,346,-993,275,907407
2026-05-19 20:08:48,esterno,1032,15392,-3972,-1097,-170,549,249974
2026-05-19 20:08:48,lombar,16832,28,3276,269,-1283,196,907429
2026-05-19 20:08:48,esterno,1192,15420,-3976,-1114,-54,602,249996
2026-05-19 20:08:48,esterno,1268,15260,-3812,-1121,-169,472,250018
2026-05-19 20:08:48,lombar,16836,64,3408,221,-982,263,907451
2026-05-19 20:08:48,lombar,16924,-20,3416,211,-943,155,907473
2026-05-19 20:08:48,esterno,1512,15460,-3424,-1081,-139,186,250040
2026-05-19 20:08:48,lombar,16676,132,2948,272,-501,188,907495
2026-05-19 20:08:48,esterno,1760,15272,-3356,-1008,-82,61,250062
2026-05-19 20:08:48,lombar,16716,112,3172,281,-372,95,907517
2026-05-19 20:08:48,esterno,1900,14760,-3644,-728,349,-48,250084
2026-05-19 20:08:48,lombar,16864,32,3220,298,-254,-36,907539
2026-05-19 20:08:48,esterno,1616,14384,-3544,-185,560,-191,250106
2026-05-19 20:08:48,esterno,1332,14452,-3436,299,710,-163,250128
2026-05-19 20:08:48,lombar,16612,20,3552,324,81,-31,907561
2026-05-19 20:08:48,lombar,16736,200,3560,211,-190,-49,907583
2026-05-19 20:08:48,esterno,816,15104,-3640,25,779,-84,250150
2026-05-19 20:08:48,esterno,732,15896,-4136,-641,835,419,250172
2026-05-19 20:08:48,lombar,16756,236,3452,216,131,-151,907605
2026-05-19 20:08:48,lombar,16812,380,3344,239,121,-72,907627
2026-05-19 20:08:48,esterno,1072,16284,-4160,-564,474,875,250194
2026-05-19 20:08:48,lombar,16468,352,3620,288,-93,-7,907649
2026-05-19 20:08:48,esterno,2376,17168,-4964,-206,750,1283,250216
2026-05-19 20:08:48,lombar,16444,396,3472,642,-138,22,907671
2026-05-19 20:08:48,esterno,2100,16440,-3692,-59,769,1441,250238
2026-05-19 20:08:48,lombar,16048,672,3836,456,-224,219,907693
2026-05-19 20:08:48,esterno,992,14996,-4060,1031,-875,431,250260
2026-05-19 20:08:48,lombar,16180,472,3516,557,-3,64,907715
2026-05-19 20:08:48,esterno,1548,14452,-4312,1205,-344,-360,250282
2026-05-19 20:08:48,lombar,16592,480,3596,698,235,-103,907737
2026-05-19 20:08:48,esterno,2480,15060,-4348,-595,481,-544,250304
2026-05-19 20:08:48,lombar,16936,456,3248,651,175,-40,907759
2026-05-19 20:08:48,esterno,2668,16004,-4264,-1412,1150,168,250326
2026-05-19 20:08:48,lombar,16884,652,3356,549,-9,97,907781
2026-05-19 20:08:48,esterno,1804,16912,-3488,-267,599,650,250348
2026-05-19 20:08:48,lombar,16628,692,3304,440,89,196,907803
2026-05-19 20:08:48,esterno,1256,16948,-3412,978,96,152,250370
2026-05-19 20:08:48,lombar,16476,516,3320,376,-27,228,907825
2026-05-19 20:08:48,esterno,1128,16148,-3208,976,422,-761,250392
2026-05-19 20:08:48,esterno,1640,15532,-3408,291,640,-1184,250414
2026-05-19 20:08:48,lombar,16204,848,3304,-10,-371,400,907847
2026-05-19 20:08:48,lombar,16248,672,3388,-226,-376,298,907869
2026-05-19 20:08:48,esterno,1740,14964,-4056,-787,346,-804,250436
2026-05-19 20:08:48,lombar,16256,364,3364,-217,-462,225,907891
2026-05-19 20:08:48,esterno,2048,14704,-5164,-1276,459,-239,250458
2026-05-19 20:08:48,lombar,16592,248,3836,70,-632,232,907913
2026-05-19 20:08:48,esterno,1864,15204,-4652,-943,373,-60,250480
2026-05-19 20:08:48,lombar,16756,444,3956,288,-501,494,907935
2026-05-19 20:08:48,esterno,1500,15792,-4296,-380,-138,-120,250502
2026-05-19 20:08:48,esterno,1492,15980,-4412,-472,492,-196,250524
2026-05-19 20:08:48,lombar,16436,696,4156,231,-505,774,907957
2026-05-19 20:08:49,lombar,16476,496,4376,-9,-833,727,907979
2026-05-19 20:08:49,esterno,1960,15560,-4292,-1412,252,-262,250546
2026-05-19 20:08:49,lombar,16388,476,4160,63,-665,561,908001
2026-05-19 20:08:49,esterno,1736,15136,-4668,-1542,223,-636,250568
2026-05-19 20:08:49,lombar,16340,612,3984,33,-559,556,908023
2026-05-19 20:08:49,esterno,1508,15072,-5268,-921,176,-592,250590
2026-05-19 20:08:49,lombar,16440,424,4088,-10,-610,553,908045
2026-05-19 20:08:49,esterno,1212,15076,-5240,-504,531,-80,250612
2026-05-19 20:08:49,esterno,1340,15200,-4564,-744,826,392,250634
2026-05-19 20:08:49,lombar,16460,484,4176,193,-712,576,908067
2026-05-19 20:08:49,lombar,16160,456,3988,9,-656,602,908089
2026-05-19 20:08:49,esterno,1320,15336,-3908,-817,836,456,250656
2026-05-19 20:08:49,lombar,16188,364,4020,-163,-1094,508,908111
2026-05-19 20:08:49,esterno,1220,15476,-3772,-584,408,404,250678
2026-05-19 20:08:49,lombar,16548,264,3836,-117,-998,493,908133
2026-05-19 20:08:49,esterno,1204,15472,-4208,-441,113,397,250700
2026-05-19 20:08:49,lombar,16436,244,3564,-93,-914,548,908155
2026-05-19 20:08:49,esterno,1104,15396,-3952,-468,166,237,250722
2026-05-19 20:08:49,lombar,16528,88,3808,-61,-1253,545,908177
2026-05-19 20:08:49,esterno,1192,15348,-3708,-461,-68,71,250744
2026-05-19 20:08:49,lombar,16364,-140,3900,-31,-1378,430,908199
2026-05-19 20:08:49,esterno,1296,15136,-3908,-85,-159,36,250766
2026-05-19 20:08:49,lombar,16700,32,4292,197,-1184,354,908221
2026-05-19 20:08:49,esterno,1496,14944,-3860,387,163,-142,250788
2026-05-19 20:08:49,lombar,17140,340,4700,479,-1205,464,908243
2026-05-19 20:08:49,esterno,1544,14572,-3676,818,360,-453,250810
2026-05-19 20:08:49,lombar,15472,-140,688,-465,3379,505,908265
2026-05-19 20:08:49,esterno,1288,14356,-3448,1332,24,-631,250832
2026-05-19 20:08:49,lombar,16432,464,4140,-159,2137,257,908287
2026-05-19 20:08:49,esterno,1480,15280,-3620,1466,-69,-770,250854
2026-05-19 20:08:49,lombar,17352,240,3384,51,1261,222,908309
2026-05-19 20:08:49,esterno,1768,16588,-3520,960,789,-700,250876
2026-05-19 20:08:49,lombar,17124,128,4208,206,1526,248,908331
2026-05-19 20:08:49,esterno,1668,17180,-3060,228,619,-398,250898
2026-05-19 20:08:49,lombar,16960,176,4008,141,1189,506,908353
2026-05-19 20:08:49,esterno,1440,16344,-3456,173,134,-185,250920
2026-05-19 20:08:49,lombar,16336,220,3388,386,1787,205,908375
2026-05-19 20:08:49,esterno,1316,15236,-3668,873,77,-379,250942
2026-05-19 20:08:49,lombar,16644,412,3740,121,1074,21,908397
2026-05-19 20:08:49,esterno,1364,14788,-3712,1484,-96,-524,250964
2026-05-19 20:08:49,lombar,16584,380,3180,-19,1487,-49,908419
2026-05-19 20:08:49,esterno,1460,14956,-4072,1435,-26,-571,250986
2026-05-19 20:08:49,esterno,1180,15500,-4356,1390,133,-482,251008
2026-05-19 20:08:49,lombar,16528,556,3828,134,1199,47,908441
2026-05-19 20:08:49,lombar,16564,620,3676,201,509,417,908463
2026-05-19 20:08:49,esterno,1464,15900,-4648,1364,198,-521,251030
2026-05-19 20:08:49,lombar,16740,376,4128,241,88,340,908485
2026-05-19 20:08:49,esterno,1540,16300,-4148,1162,352,-536,251052
2026-05-19 20:08:49,lombar,16776,364,4124,240,-7,318,908507
2026-05-19 20:08:49,esterno,1712,16024,-3868,920,288,-494,251074
2026-05-19 20:08:49,lombar,16320,252,3552,186,276,355,908529
2026-05-19 20:08:49,esterno,1536,15680,-3768,973,397,-511,251096
2026-05-19 20:08:49,esterno,1376,15444,-3584,1099,264,-495,251118
2026-05-19 20:08:49,lombar,16272,420,3592,222,458,203,908551
2026-05-19 20:08:49,lombar,16380,356,3700,120,430,91,908573
2026-05-19 20:08:49,esterno,1088,15532,-4120,685,-427,-325,251140
2026-05-19 20:08:49,lombar,16644,168,4152,158,241,3,908595
2026-05-19 20:08:49,esterno,756,15744,-5056,176,139,-245,251162
2026-05-19 20:08:49,esterno,1060,16000,-4192,-151,-221,-110,251184
2026-05-19 20:08:49,lombar,16800,516,4248,48,154,-3,908617
2026-05-19 20:08:49,lombar,16552,716,3372,-906,871,737,908639
2026-05-19 20:08:49,esterno,1120,16036,-3896,-102,-648,21,251206
2026-05-19 20:08:49,lombar,16548,272,4004,90,218,343,908661
2026-05-19 20:08:49,esterno,1168,15988,-4680,203,-627,62,251228
2026-05-19 20:08:49,esterno,1212,16036,-5232,201,-195,-161,251250
2026-05-19 20:08:49,lombar,16568,444,4332,-29,214,435,908683
2026-05-19 20:08:49,lombar,16600,296,4264,-40,90,390,908705
2026-05-19 20:08:49,esterno,1052,15836,-5088,135,0,-232,251272
2026-05-19 20:08:49,esterno,876,15764,-4676,214,179,-127,251294
2026-05-19 20:08:49,lombar,16284,172,3944,-106,54,452,908727
2026-05-19 20:08:49,lombar,16212,244,3856,-134,203,411,908749
2026-05-19 20:08:49,esterno,1100,15808,-4440,284,-54,120,251316
2026-05-19 20:08:49,lombar,16264,244,4532,-74,-18,376,908771
2026-05-19 20:08:49,esterno,1244,15520,-5004,74,51,188,251338
2026-05-19 20:08:49,esterno,1172,15252,-5312,-5,346,-45,251360
2026-05-19 20:08:49,lombar,16320,276,4684,39,-54,399,908793
2026-05-19 20:08:49,lombar,16236,232,4584,90,-269,342,908815
2026-05-19 20:08:49,esterno,1052,15200,-4924,227,286,-80,251382
2026-05-19 20:08:49,lombar,16356,248,4580,102,-177,202,908837
2026-05-19 20:08:49,esterno,1008,15276,-4492,253,37,-8,251404
2026-05-19 20:08:49,lombar,16280,352,4720,149,-161,265,908859
2026-05-19 20:08:49,esterno,1136,15388,-4788,-117,165,23,251426
2026-05-19 20:08:49,lombar,16348,464,4708,131,-101,328,908881
2026-05-19 20:08:49,esterno,1072,15476,-4868,-382,378,-25,251448
2026-05-19 20:08:49,lombar,16360,308,4648,199,-82,219,908903
2026-05-19 20:08:49,esterno,1044,15312,-4832,-288,99,-109,251470
2026-05-19 20:08:49,lombar,16512,268,4712,272,-64,211,908925
2026-05-19 20:08:49,esterno,1276,15392,-4896,-186,-191,14,251492
2026-05-19 20:08:49,lombar,16380,608,4548,166,-34,255,908947
2026-05-19 20:08:49,esterno,1180,15372,-4748,-211,31,-17,251514
2026-05-19 20:08:50,lombar,16224,392,4628,130,-4,194,908969
2026-05-19 20:08:50,esterno,988,15512,-4696,-112,-226,37,251536
2026-05-19 20:08:50,lombar,16292,404,4388,143,-126,189,908991
2026-05-19 20:08:50,esterno,1100,15516,-4916,-31,-316,94,251558
2026-05-19 20:08:50,lombar,16332,508,4424,140,-95,217,909013
2026-05-19 20:08:50,esterno,1280,15516,-4868,-212,-184,174,251580
2026-05-19 20:08:50,lombar,16212,432,4504,117,-123,182,909035
2026-05-19 20:08:50,esterno,1372,15512,-4836,-69,24,119,251602
2026-05-19 20:08:50,lombar,16288,404,4500,90,-172,214,909057
2026-05-19 20:08:50,esterno,1224,15372,-4712,127,-59,-11,251624
2026-05-19 20:08:50,lombar,16412,504,4388,80,-123,310,909079
2026-05-19 20:08:50,esterno,1052,15408,-4920,3,-69,-65,251646
2026-05-19 20:08:50,lombar,16312,420,4352,15,-115,311,909101
2026-05-19 20:08:50,esterno,1064,15492,-5128,-151,9,-1,251668
2026-05-19 20:08:50,lombar,16288,428,4444,86,-108,253,909123
2026-05-19 20:08:50,esterno,888,15564,-4980,-148,-12,98,251690
2026-05-19 20:08:50,lombar,16356,348,4508,98,-168,318,909145
2026-05-19 20:08:50,lombar,16292,408,4596,93,-117,268,909167
2026-05-19 20:08:50,esterno,1096,15548,-4800,-160,-134,121,251712
2026-05-19 20:08:50,esterno,1188,15488,-4620,-234,-44,152,251734
2026-05-19 20:08:50,esterno,1064,15400,-4652,-230,18,100,251756
2026-05-19 20:08:50,lombar,16312,260,4616,74,-124,286,909189
2026-05-19 20:08:50,lombar,16332,352,4716,92,-75,204,909211
2026-05-19 20:08:50,esterno,1068,15388,-5148,27,282,0,251778
2026-05-19 20:08:50,lombar,16272,248,4572,95,-86,252,909233
2026-05-19 20:08:50,esterno,1016,15276,-4732,3,386,-3,251800
2026-05-19 20:08:50,lombar,16360,304,4788,142,-142,267,909255
2026-05-19 20:08:50,esterno,1168,15456,-4584,-327,-200,88,251822
2026-05-19 20:08:50,lombar,16376,412,4728,191,-94,254,909277
2026-05-19 20:08:50,esterno,1184,15168,-5044,-294,-175,107,251844
2026-05-19 20:08:50,lombar,16380,408,4688,155,-26,126,909299
2026-05-19 20:08:50,esterno,880,15080,-5208,55,443,-168,251866
2026-05-19 20:08:50,lombar,16476,388,4476,190,-7,205,909321
2026-05-19 20:08:50,esterno,976,15312,-4960,295,393,-202,251888
2026-05-19 20:08:50,lombar,16344,568,4580,163,-6,259,909343
2026-05-19 20:08:50,esterno,1132,15860,-4796,335,424,-145,251910
2026-05-19 20:08:50,esterno,868,15940,-4680,266,301,31,251932
2026-05-19 20:08:50,lombar,16352,528,4696,131,-45,226,909365
2026-05-19 20:08:50,lombar,16292,460,4628,84,-67,206,909387
2026-05-19 20:08:50,esterno,912,15696,-4580,317,-10,249,251954
2026-05-19 20:08:50,lombar,16440,544,4564,82,-107,226,909409
2026-05-19 20:08:50,esterno,848,15312,-4888,306,-210,250,251976
2026-05-19 20:08:50,lombar,16216,572,4492,97,-134,213,909431
2026-05-19 20:08:50,esterno,968,15404,-4772,143,-44,207,251998
2026-05-19 20:08:50,lombar,16208,532,4748,66,-140,278,909453
2026-05-19 20:08:50,esterno,1140,15512,-4904,-200,-41,216,252020
2026-05-19 20:08:50,lombar,16188,336,4824,118,-160,254,909475
2026-05-19 20:08:50,esterno,1276,15492,-4960,-341,-65,131,252042
2026-05-19 20:08:50,lombar,16296,556,4820,86,-229,279,909497
2026-05-19 20:08:50,esterno,1240,15400,-5160,-388,83,115,252064
2026-05-19 20:08:50,lombar,16136,416,4568,139,-161,270,909519
2026-05-19 20:08:50,esterno,1128,15240,-5140,-396,60,38,252086
2026-05-19 20:08:50,lombar,16396,508,4836,99,-235,274,909541
2026-05-19 20:08:50,esterno,1284,15096,-5388,-423,-44,63,252108
2026-05-19 20:08:50,lombar,16252,592,4820,88,-217,275,909563
2026-05-19 20:08:50,esterno,1308,15428,-5092,-419,151,98,252130
2026-05-19 20:08:50,lombar,16252,572,4780,81,-303,278,909585
2026-05-19 20:08:50,esterno,1188,15484,-4980,-309,188,55,252152
2026-05-19 20:08:50,lombar,16288,516,4876,111,-272,287,909607
2026-05-19 20:08:50,esterno,1152,15468,-4780,-284,-8,61,252174
2026-05-19 20:08:50,lombar,16372,572,4720,90,-312,290,909629
2026-05-19 20:08:50,esterno,1304,15396,-4848,-384,28,151,252196
2026-05-19 20:08:50,esterno,1412,15536,-4812,-451,125,76,252218
2026-05-19 20:08:50,lombar,16252,608,4756,71,-339,315,909651
2026-05-19 20:08:50,lombar,16332,468,4648,86,-335,354,909673
2026-05-19 20:08:50,esterno,1064,15436,-5024,-428,118,100,252240
2026-05-19 20:08:50,lombar,16372,500,4792,70,-375,340,909695
2026-05-19 20:08:50,esterno,980,15296,-4728,-357,92,10,252262
2026-05-19 20:08:50,lombar,16244,432,4604,127,-368,359,909717
2026-05-19 20:08:50,esterno,1148,15404,-4784,-383,131,-7,252284
2026-05-19 20:08:50,lombar,16356,468,4712,105,-417,359,909739
2026-05-19 20:08:50,esterno,1212,15528,-4572,-279,172,71,252306
2026-05-19 20:08:50,esterno,1224,15420,-4896,-171,28,45,252328
2026-05-19 20:08:50,lombar,16360,492,4704,75,-441,330,909761
2026-05-19 20:08:50,esterno,892,15424,-4928,-136,88,-64,252350
2026-05-19 20:08:50,lombar,16232,480,4708,71,-382,387,909783
2026-05-19 20:08:50,lombar,16224,424,4584,51,-344,389,909805
2026-05-19 20:08:50,esterno,920,15520,-4728,-211,68,8,252372
2026-05-19 20:08:50,esterno,1144,15480,-4916,-374,53,123,252394
2026-05-19 20:08:50,lombar,16240,444,4712,75,-390,301,909827
2026-05-19 20:08:50,lombar,16428,488,4620,129,-352,281,909849
2026-05-19 20:08:50,esterno,1264,15308,-4652,-393,113,29,252416
2026-05-19 20:08:50,lombar,16320,444,4540,182,-315,305,909871
2026-05-19 20:08:50,esterno,1156,15308,-4516,63,-2,-189,252438
2026-05-19 20:08:50,lombar,16460,568,4624,137,-285,319,909893
2026-05-19 20:08:50,esterno,1012,15312,-5272,402,520,-316,252460
2026-05-19 20:08:50,lombar,16456,436,4532,102,-303,283,909915
2026-05-19 20:08:50,esterno,1112,15540,-4432,2,248,-212,252482
2026-05-19 20:08:50,lombar,16440,464,4616,149,-309,296,909937
2026-05-19 20:08:50,esterno,1160,15580,-4544,-139,-165,-7,252504
2026-05-19 20:08:51,lombar,16288,496,4524,120,-274,329,909959
2026-05-19 20:08:51,esterno,1112,15440,-4764,15,-88,-51,252526
2026-05-19 20:08:51,lombar,16404,612,4568,142,-221,252,909981
2026-05-19 20:08:51,esterno,1120,15348,-5084,66,342,-269,252548
2026-05-19 20:08:51,lombar,16380,620,4620,155,-228,384,910003
2026-05-19 20:08:51,esterno,1264,15272,-4848,134,537,-360,252570
2026-05-19 20:08:51,lombar,16392,616,4444,131,-179,367,910025
2026-05-19 20:08:51,esterno,1144,15488,-4704,242,533,-421,252592
2026-05-19 20:08:51,lombar,16308,444,4576,159,-184,424,910047
2026-05-19 20:08:51,esterno,1144,15684,-4584,287,211,-330,252614
2026-05-19 20:08:51,lombar,16356,516,4512,81,-171,393,910069
2026-05-19 20:08:51,esterno,1164,15828,-4736,235,174,-182,252636
2026-05-19 20:08:51,lombar,16320,576,4552,95,-154,399,910091
2026-05-19 20:08:51,esterno,1276,15524,-4808,125,310,-133,252658
2026-05-19 20:08:51,lombar,16300,544,4664,-5,-155,361,910113
2026-05-19 20:08:51,esterno,1060,15368,-4792,-13,287,-130,252680
2026-05-19 20:08:51,lombar,16336,488,4584,18,-120,380,910135
2026-05-19 20:08:51,esterno,1096,15288,-4680,-99,249,-66,252702
2026-05-19 20:08:51,lombar,16376,496,4668,26,-104,371,910157
2026-05-19 20:08:51,esterno,912,15624,-4836,-93,160,30,252724
2026-05-19 20:08:51,lombar,16352,504,4744,0,-85,355,910179
2026-05-19 20:08:51,esterno,936,15408,-4924,-131,259,92,252746
2026-05-19 20:08:51,esterno,736,15400,-4796,-151,53,60,252768
2026-05-19 20:08:51,lombar,16356,308,4624,42,-91,274,910201
2026-05-19 20:08:51,lombar,16380,344,4680,34,-105,292,910223
2026-05-19 20:08:51,esterno,964,15552,-5172,-118,-63,173,252790
2026-05-19 20:08:51,lombar,16248,388,4732,75,-95,333,910245
2026-05-19 20:08:51,esterno,928,15480,-4784,-167,276,51,252812
2026-05-19 20:08:51,lombar,16204,384,4740,116,-97,262,910267
2026-05-19 20:08:51,esterno,1088,15468,-4804,-183,132,21,252834
2026-05-19 20:08:51,lombar,16332,452,4712,215,-154,339,910289
2026-05-19 20:08:51,esterno,1024,15428,-4984,-206,57,21,252856
2026-05-19 20:08:51,lombar,16320,572,4868,194,-234,266,910311
2026-05-19 20:08:51,esterno,968,15584,-4840,-307,131,25,252878
2026-05-19 20:08:51,lombar,16140,568,4784,149,-245,325,910333
2026-05-19 20:08:51,esterno,948,15320,-4948,-341,129,84,252900
2026-05-19 20:08:51,lombar,16308,456,4920,161,-269,329,910355
2026-05-19 20:08:51,esterno,1116,15268,-4844,-289,130,81,252922
2026-05-19 20:08:51,lombar,16192,552,4628,146,-274,276,910377
2026-05-19 20:08:51,esterno,1140,15280,-5124,-196,210,-37,252944
2026-05-19 20:08:51,lombar,16248,636,4848,123,-342,329,910399
2026-05-19 20:08:51,esterno,1120,15408,-4932,-220,178,-64,252966
2026-05-19 20:08:51,lombar,16312,656,4796,122,-310,271,910421
2026-05-19 20:08:51,esterno,1196,15312,-4936,-278,145,9,252988
2026-05-19 20:08:51,lombar,16364,612,4640,113,-282,251,910443
2026-05-19 20:08:51,esterno,1072,15436,-4916,-221,197,-21,253010
2026-05-19 20:08:51,lombar,16236,584,4688,99,-245,356,910465
2026-05-19 20:08:51,esterno,1040,15500,-4768,-70,126,-53,253032
2026-05-19 20:08:51,lombar,16300,580,4612,99,-245,345,910487
2026-05-19 20:08:51,esterno,992,15392,-4740,-80,85,-89,253054
2026-05-19 20:08:51,lombar,16356,604,4688,40,-268,352,910509
2026-05-19 20:08:51,esterno,816,15456,-4732,-142,-96,25,253076
2026-05-19 20:08:51,lombar,16216,464,4680,63,-299,316,910531
2026-05-19 20:08:51,esterno,900,15716,-4748,-243,-463,142,253098
2026-05-19 20:08:51,lombar,16116,584,4708,75,-303,472,910553
2026-05-19 20:08:51,esterno,996,16068,-4860,-546,-585,255,253120
2026-05-19 20:08:51,lombar,16136,544,4828,50,-536,476,910575
2026-05-19 20:08:51,esterno,1456,16024,-5832,-918,324,127,253142
2026-05-19 20:08:51,lombar,16164,244,4820,95,-631,432,910597
2026-05-19 20:08:51,esterno,1444,15664,-4852,-1246,68,7,253164
2026-05-19 20:08:51,lombar,16304,316,4760,136,-678,321,910619
2026-05-19 20:08:51,esterno,1448,15072,-4956,-1042,155,140,253186
2026-05-19 20:08:51,lombar,16220,432,4728,180,-671,215,910641
2026-05-19 20:08:51,esterno,948,15080,-4740,-750,377,362,253208
2026-05-19 20:08:51,lombar,16544,492,4832,255,-600,199,910663
2026-05-19 20:08:51,esterno,692,15248,-4924,-718,563,334,253230
2026-05-19 20:08:51,lombar,16436,696,4660,217,-589,290,910685
2026-05-19 20:08:51,esterno,828,15540,-4932,-907,705,338,253252
2026-05-19 20:08:51,lombar,16376,544,4788,119,-628,327,910707
2026-05-19 20:08:51,esterno,896,15576,-4240,-657,529,260,253274
2026-05-19 20:08:51,lombar,16308,392,4800,87,-560,291,910729
2026-05-19 20:08:51,esterno,1116,15480,-4236,-207,56,372,253296
2026-05-19 20:08:51,lombar,16312,344,4548,138,-589,201,910751
2026-05-19 20:08:51,esterno,1092,15132,-4572,-216,-3,401,253318
2026-05-19 20:08:51,lombar,16428,408,4636,174,-561,214,910773
2026-05-19 20:08:51,esterno,1028,15196,-4852,-409,186,255,253340
2026-05-19 20:08:51,lombar,16384,560,4440,181,-495,246,910795
2026-05-19 20:08:51,esterno,1044,15388,-4660,-414,335,73,253362
2026-05-19 20:08:51,lombar,16428,584,4448,156,-464,313,910817
2026-05-19 20:08:51,esterno,1216,15528,-4352,-198,188,9,253384
2026-05-19 20:08:51,lombar,16524,468,4268,200,-389,235,910839
2026-05-19 20:08:51,esterno,1248,15564,-4548,-239,202,6,253406
2026-05-19 20:08:51,lombar,16568,532,4592,144,-383,264,910861
2026-05-19 20:08:51,esterno,1104,15528,-4304,-270,302,-21,253428
2026-05-19 20:08:51,lombar,16460,636,4352,173,-299,237,910883
2026-05-19 20:08:51,esterno,1128,15612,-4092,-181,26,-39,253450
2026-05-19 20:08:51,lombar,16428,620,4272,186,-289,324,910905
2026-05-19 20:08:51,esterno,1552,15672,-4392,-270,16,-13,253472
2026-05-19 20:08:51,lombar,16332,632,4512,99,-254,404,910927
2026-05-19 20:08:51,esterno,1528,15792,-4496,-356,423,-161,253494
2026-05-19 20:08:51,lombar,16324,624,4524,97,-272,374,910949
2026-05-19 20:08:51,esterno,1524,15828,-4484,-296,185,-222,253516
2026-05-19 20:08:52,lombar,16272,592,4648,96,-319,413,910971
2026-05-19 20:08:52,esterno,1312,15632,-4800,-435,110,-131,253538
2026-05-19 20:08:52,lombar,16344,644,4532,59,-405,466,910993
2026-05-19 20:08:52,esterno,1160,15600,-4700,-649,266,-81,253560
2026-05-19 20:08:52,lombar,16204,692,4668,22,-504,488,911015
2026-05-19 20:08:52,esterno,1212,15656,-4824,-677,124,39,253582
2026-05-19 20:08:52,lombar,16340,512,4720,20,-481,426,911037
2026-05-19 20:08:52,esterno,988,15164,-5152,-891,192,85,253604
2026-05-19 20:08:52,lombar,16256,436,4888,32,-504,371,911059
2026-05-19 20:08:52,esterno,1128,14956,-4768,-1113,542,110,253626
2026-05-19 20:08:52,lombar,16352,420,4700,5,-452,423,911081
2026-05-19 20:08:52,esterno,1180,15216,-4476,-1102,499,86,253648
2026-05-19 20:08:52,lombar,16492,520,4540,44,-372,402,911103
2026-05-19 20:08:52,esterno,1048,15456,-4168,-934,477,22,253670
2026-05-19 20:08:52,lombar,16424,508,4636,81,-347,456,911125
2026-05-19 20:08:52,esterno,1088,15508,-4348,-1117,564,-75,253692
2026-05-19 20:08:52,lombar,16440,468,4496,90,-277,426,911147
2026-05-19 20:08:52,esterno,1212,15852,-4344,-1474,763,-18,253714
2026-05-19 20:08:52,lombar,16444,220,4440,194,-284,367,911169
2026-05-19 20:08:52,esterno,1196,15544,-4092,-1407,911,17,253736
2026-05-19 20:08:52,lombar,16408,364,4420,158,-240,290,911191
2026-05-19 20:08:52,esterno,1300,15612,-3560,-1086,563,-34,253758
2026-05-19 20:08:52,lombar,16352,568,4372,149,-253,305,911213
2026-05-19 20:08:52,esterno,1324,15860,-3840,-971,423,10,253780
2026-05-19 20:08:52,lombar,16448,524,4364,155,-279,420,911235
2026-05-19 20:08:52,esterno,1068,15676,-3736,-775,374,-61,253802
2026-05-19 20:08:52,lombar,16452,612,4440,108,-287,404,911257
2026-05-19 20:08:52,esterno,1100,15652,-3980,-375,517,-197,253824
2026-05-19 20:08:52,lombar,16348,444,4364,104,-265,358,911279
2026-05-19 20:08:52,esterno,1228,16048,-3440,-403,177,-100,253846
2026-05-19 20:08:52,lombar,16348,464,4360,116,-300,345,911301
2026-05-19 20:08:52,esterno,1240,15920,-3928,-707,-140,105,253868
2026-05-19 20:08:52,lombar,16340,532,4472,135,-280,333,911323
2026-05-19 20:08:52,esterno,1144,15568,-4228,-863,10,238,253890
2026-05-19 20:08:52,lombar,16360,576,4532,92,-307,321,911345
2026-05-19 20:08:52,esterno,1192,15344,-4040,-710,277,183,253912
2026-05-19 20:08:52,lombar,16400,532,4748,110,-317,365,911367
2026-05-19 20:08:52,esterno,1300,15424,-3908,-393,263,13,253934
2026-05-19 20:08:52,esterno,1212,15468,-4192,-205,449,-181,253956
2026-05-19 20:08:52,lombar,16248,532,4696,64,-312,406,911389
2026-05-19 20:08:52,lombar,16372,440,4544,62,-282,351,911411
2026-05-19 20:08:52,esterno,1096,15592,-3604,-88,176,-133,253978
2026-05-19 20:08:52,lombar,16480,440,4712,64,-316,317,911433
2026-05-19 20:08:52,esterno,1204,15648,-3552,74,-56,165,254000
2026-05-19 20:08:52,lombar,16348,496,4536,110,-295,398,911455
2026-05-19 20:08:52,esterno,1244,15500,-3776,46,117,174,254022
2026-05-19 20:08:52,lombar,16428,516,4512,135,-215,316,911477
2026-05-19 20:08:52,esterno,1276,15608,-4036,68,224,-8,254044
2026-05-19 20:08:52,lombar,16312,528,4428,178,-190,307,911499
2026-05-19 20:08:52,esterno,1388,15812,-3900,116,278,-53,254066
2026-05-19 20:08:52,lombar,16376,600,4444,170,-235,306,911521
2026-05-19 20:08:52,esterno,1320,16148,-4064,-17,273,-47,254088
2026-05-19 20:08:52,lombar,16276,540,4528,131,-253,355,911543
2026-05-19 20:08:52,esterno,1276,15868,-3628,-159,513,-45,254110
2026-05-19 20:08:52,lombar,16308,528,4580,97,-314,298,911565
2026-05-19 20:08:52,esterno,956,15584,-3768,-103,190,49,254132
2026-05-19 20:08:52,lombar,16328,428,4580,93,-373,348,911587
2026-05-19 20:08:52,esterno,1096,15452,-3980,-40,10,79,254154
2026-05-19 20:08:52,lombar,16372,576,4480,41,-335,345,911609
2026-05-19 20:08:52,esterno,1096,15580,-3772,-97,331,-32,254176
2026-05-19 20:08:52,lombar,16444,452,4556,69,-273,360,911631
2026-05-19 20:08:52,esterno,1364,15844,-3716,-30,96,-7,254198
2026-05-19 20:08:52,lombar,16564,404,4564,85,-301,325,911653
2026-05-19 20:08:52,esterno,1144,15624,-3864,144,-68,-30,254220
2026-05-19 20:08:52,lombar,16372,596,4624,74,-269,289,911675
2026-05-19 20:08:52,esterno,1148,15676,-3892,68,96,-104,254242
2026-05-19 20:08:52,lombar,16376,564,4496,9,-262,315,911697
2026-05-19 20:08:52,esterno,1280,15616,-3928,-107,25,65,254264
2026-05-19 20:08:52,lombar,16360,496,4404,4,-247,224,911719
2026-05-19 20:08:52,esterno,1080,15500,-4152,-67,-45,136,254286
2026-05-19 20:08:52,lombar,16320,480,4528,26,-266,330,911741
2026-05-19 20:08:52,esterno,1040,15480,-4116,-8,55,101,254308
2026-05-19 20:08:52,lombar,16372,492,4616,71,-314,229,911763
2026-05-19 20:08:52,esterno,1272,15628,-3984,-144,80,55,254330
2026-05-19 20:08:52,lombar,16472,368,4364,111,-303,300,911785
2026-05-19 20:08:52,esterno,1276,15652,-3944,-289,120,37,254352
2026-05-19 20:08:52,esterno,1296,15560,-3992,-236,183,1,254374
2026-05-19 20:08:52,lombar,16344,348,4572,104,-307,366,911807
2026-05-19 20:08:52,lombar,16396,368,4748,264,-327,366,911829
2026-05-19 20:08:52,esterno,1368,15588,-4068,-90,201,4,254396
2026-05-19 20:08:52,lombar,16392,-80,4872,559,-308,288,911851
2026-05-19 20:08:52,esterno,1180,15556,-4080,-169,357,-39,254418
2026-05-19 20:08:52,lombar,16332,80,4476,1007,-180,326,911873
2026-05-19 20:08:52,esterno,1176,15700,-3960,-315,427,-6,254440
2026-05-19 20:08:52,lombar,16204,384,4668,1139,-131,438,911895
2026-05-19 20:08:52,esterno,1296,15476,-4128,-65,513,-32,254462
2026-05-19 20:08:52,lombar,16200,444,4688,1166,-121,418,911917
2026-05-19 20:08:52,esterno,1124,15292,-4096,461,1003,-209,254484
2026-05-19 20:08:52,lombar,16328,720,4580,989,-84,349,911939
2026-05-19 20:08:52,esterno,1056,15360,-3776,364,605,-333,254506
2026-05-19 20:08:53,lombar,16264,624,4680,875,-148,348,911961
2026-05-19 20:08:53,esterno,1112,15604,-3816,76,241,-279,254528
2026-05-19 20:08:53,esterno,1012,15860,-4040,82,227,-251,254550
2026-05-19 20:08:53,lombar,16208,1016,4364,670,-335,288,911983
2026-05-19 20:08:53,lombar,16376,1232,4480,367,-354,164,912005
2026-05-19 20:08:53,esterno,912,15676,-4068,338,171,-111,254572
2026-05-19 20:08:53,lombar,16308,1288,4284,60,-420,116,912027
2026-05-19 20:08:53,esterno,1232,15524,-4192,671,-132,77,254594
2026-05-19 20:08:53,esterno,1384,15512,-4152,858,-29,93,254616
2026-05-19 20:08:53,lombar,16432,1112,4404,-235,-542,202,912049
2026-05-19 20:08:53,lombar,16556,856,4260,-376,-593,262,912071
2026-05-19 20:08:53,esterno,1420,16000,-3672,679,-87,-10,254638
2026-05-19 20:08:53,lombar,16516,648,4352,-448,-521,202,912093
2026-05-19 20:08:53,esterno,1496,16268,-3564,367,-348,108,254660
2026-05-19 20:08:53,lombar,16412,668,4276,-556,-463,309,912115
2026-05-19 20:08:53,esterno,1400,15892,-3916,59,-281,259,254682
2026-05-19 20:08:53,esterno,1232,15336,-4044,-241,-124,130,254704
2026-05-19 20:08:53,lombar,16420,648,4344,-759,-598,337,912137
2026-05-19 20:08:53,lombar,16512,528,4220,-744,-575,380,912159
2026-05-19 20:08:53,esterno,1064,15428,-3948,-286,-248,-105,254726
2026-05-19 20:08:53,lombar,16708,424,3988,-698,-536,454,912181
2026-05-19 20:08:53,esterno,932,15716,-4012,-379,-342,-104,254748
2026-05-19 20:08:53,lombar,16572,-48,4068,-559,-357,637,912203
2026-05-19 20:08:53,esterno,920,15908,-4172,-388,-146,21,254770
2026-05-19 20:08:53,lombar,16536,-180,4276,-141,-327,559,912225
2026-05-19 20:08:53,esterno,1100,15500,-4452,-267,-140,17,254792
2026-05-19 20:08:53,esterno,1464,15216,-4396,-193,-31,-114,254814
2026-05-19 20:08:53,lombar,16448,-76,4260,297,-268,584,912247
2026-05-19 20:08:53,lombar,16284,148,4208,502,-239,621,912269
2026-05-19 20:08:53,esterno,1408,15368,-3996,4,444,-325,254836
2026-05-19 20:08:53,lombar,16392,220,4264,720,-269,505,912291
2026-05-19 20:08:53,esterno,1144,15716,-3912,168,373,-295,254858
2026-05-19 20:08:53,lombar,16388,364,4412,870,-200,435,912313
2026-05-19 20:08:53,esterno,1004,15732,-4244,133,463,-188,254880
2026-05-19 20:08:53,lombar,16344,788,4440,844,-198,313,912335
2026-05-19 20:08:53,esterno,1096,15824,-3992,-69,630,-74,254902
2026-05-19 20:08:53,lombar,16348,888,4292,689,-279,402,912357
2026-05-19 20:08:53,esterno,1208,15768,-4056,45,498,69,254924
2026-05-19 20:08:53,lombar,16332,920,4476,482,-227,339,912379
2026-05-19 20:08:53,esterno,896,15700,-4208,363,245,56,254946
2026-05-19 20:08:53,lombar,16312,864,4760,217,-184,337,912401
2026-05-19 20:08:53,esterno,880,15536,-4144,437,87,73,254968
2026-05-19 20:08:53,lombar,16160,708,4700,-44,-188,328,912423
2026-05-19 20:08:53,esterno,928,15284,-4216,357,-207,247,254990
2026-05-19 20:08:53,lombar,16320,1020,4880,-297,58,245,912445
2026-05-19 20:08:53,esterno,1036,15328,-4256,389,-291,315,255012
2026-05-19 20:08:53,lombar,16408,1088,5124,-681,143,229,912467
2026-05-19 20:08:53,esterno,1092,15324,-4736,439,-388,201,255034
2026-05-19 20:08:53,lombar,16348,888,4888,-1016,141,220,912489
2026-05-19 20:08:53,esterno,1088,15508,-4864,451,-559,143,255056
2026-05-19 20:08:53,lombar,16204,476,4712,-1052,86,270,912511
2026-05-19 20:08:53,esterno,1064,15548,-4784,419,-565,163,255078
2026-05-19 20:08:53,lombar,16160,156,4568,-1067,-6,291,912533
2026-05-19 20:08:53,esterno,1008,15516,-4560,443,-549,236,255100
2026-05-19 20:08:53,lombar,16140,-24,4040,-818,-152,360,912555
2026-05-19 20:08:53,esterno,1212,15344,-4868,651,-570,221,255122
2026-05-19 20:08:53,lombar,16124,-296,4304,-501,-336,412,912577
2026-05-19 20:08:53,esterno,1196,15432,-5000,380,101,-80,255144
2026-05-19 20:08:53,lombar,16096,-232,4292,-155,-421,341,912599
2026-05-19 20:08:53,esterno,1020,15888,-3728,-299,-183,-111,255166
2026-05-19 20:08:53,lombar,16360,-8,4416,149,-599,347,912621
2026-05-19 20:08:53,esterno,1244,15656,-4456,-485,-519,61,255188
2026-05-19 20:08:53,lombar,16324,280,4192,211,-623,365,912643
2026-05-19 20:08:53,esterno,1172,15628,-4804,-265,585,-144,255210
2026-05-19 20:08:53,lombar,16652,376,4388,231,-705,337,912665
2026-05-19 20:08:53,esterno,1108,15732,-4644,-266,676,-228,255232
2026-05-19 20:08:53,esterno,1116,15800,-4424,-37,799,-270,255254
2026-05-19 20:08:53,lombar,16704,384,4228,276,-660,295,912687
2026-05-19 20:08:53,lombar,16408,404,4360,398,-490,327,912709
2026-05-19 20:08:53,esterno,964,15808,-3972,-19,894,-273,255276
2026-05-19 20:08:53,lombar,16524,480,4588,428,-427,217,912731
2026-05-19 20:08:53,esterno,1060,15536,-4200,19,468,47,255298
2026-05-19 20:08:53,lombar,16540,636,4336,494,-402,159,912753
2026-05-19 20:08:53,esterno,1116,15200,-4560,207,369,112,255320
2026-05-19 20:08:53,lombar,16356,656,4472,466,-211,72,912775
2026-05-19 20:08:53,esterno,1120,15240,-4564,272,374,29,255342
2026-05-19 20:08:53,esterno,1364,15376,-4728,363,460,-57,255364
2026-05-19 20:08:53,lombar,16524,792,4244,407,-403,104,912797
2026-05-19 20:08:53,lombar,16440,596,4436,252,-203,100,912819
2026-05-19 20:08:53,esterno,1220,15572,-4384,369,336,10,255386
2026-05-19 20:08:53,esterno,1424,15724,-4264,169,-159,217,255408
2026-05-19 20:08:53,lombar,16204,488,4392,298,-198,205,912841
2026-05-19 20:08:53,lombar,16268,200,4320,416,-316,241,912863
2026-05-19 20:08:53,esterno,1300,15644,-4380,132,-148,245,255430
2026-05-19 20:08:53,lombar,16260,-64,4944,680,-518,323,912885
2026-05-19 20:08:53,esterno,1492,15524,-4724,-10,42,-7,255452
2026-05-19 20:08:53,lombar,16352,856,4320,695,-403,451,912907
2026-05-19 20:08:53,esterno,1512,15772,-4684,-235,244,-135,255474
2026-05-19 20:08:53,lombar,16468,820,4368,440,-463,401,912929
2026-05-19 20:08:53,esterno,1260,15760,-4688,-338,367,-138,255496
2026-05-19 20:08:54,esterno,1008,15696,-4540,-219,36,31,255518
2026-05-19 20:08:54,lombar,16660,752,4684,231,-362,374,912951
2026-05-19 20:08:54,lombar,16412,924,4400,100,-265,416,912973
2026-05-19 20:08:54,esterno,1148,15308,-4316,-121,65,57,255540
2026-05-19 20:08:54,lombar,16364,968,4656,-150,-160,316,912995
2026-05-19 20:08:54,esterno,1108,15116,-4572,-74,-86,51,255562
2026-05-19 20:08:54,lombar,16468,732,4492,-376,-72,352,913017
2026-05-19 20:08:54,esterno,1096,15284,-4508,65,-277,56,255584
2026-05-19 20:08:54,lombar,16416,552,4460,-499,-114,378,913039
2026-05-19 20:08:54,esterno,1144,15484,-4668,66,-311,102,255606
2026-05-19 20:08:54,lombar,16264,400,4224,-453,-147,444,913061
2026-05-19 20:08:54,esterno,1084,15672,-4644,-93,-274,108,255628
2026-05-19 20:08:54,lombar,16220,80,4264,-356,-264,409,913083
2026-05-19 20:08:54,esterno,1168,15656,-4796,-272,-281,55,255650
2026-05-19 20:08:54,lombar,16272,-32,4172,-172,-373,444,913105
2026-05-19 20:08:54,esterno,1180,15520,-4896,-500,-134,13,255672
2026-05-19 20:08:54,lombar,16316,76,4212,66,-444,497,913127
2026-05-19 20:08:54,esterno,1044,15368,-4448,-533,65,-42,255694
2026-05-19 20:08:54,lombar,16408,272,4204,195,-502,549,913149
2026-05-19 20:08:54,esterno,1064,15564,-4440,-304,54,-117,255716
2026-05-19 20:08:54,esterno,956,15616,-4816,-179,712,-238,255738
2026-05-19 20:08:54,lombar,16444,416,4388,221,-381,484,913171
2026-05-19 20:08:54,lombar,16504,696,4544,196,-223,347,913193
2026-05-19 20:08:54,esterno,1060,15812,-4012,-580,290,-215,255760
2026-05-19 20:08:54,lombar,16448,748,4624,141,-191,317,913215
2026-05-19 20:08:54,esterno,1132,15448,-4536,-201,-247,93,255782
2026-05-19 20:08:54,lombar,16480,816,4624,-63,-70,258,913237
2026-05-19 20:08:54,esterno,1012,15088,-4916,418,273,-11,255804
2026-05-19 20:08:54,lombar,16320,648,4868,-245,-149,191,913259
2026-05-19 20:08:54,esterno,972,15176,-4716,272,227,-63,255826
2026-05-19 20:08:54,lombar,16412,256,4432,-215,-169,245,913281
2026-05-19 20:08:54,esterno,1024,15300,-4824,285,83,64,255848
2026-05-19 20:08:54,lombar,16448,216,4272,-142,-219,331,913303
2026-05-19 20:08:54,esterno,1116,15804,-4468,-1,138,47,255870
2026-05-19 20:08:54,lombar,16312,160,4116,19,-310,375,913325
2026-05-19 20:08:54,esterno,1348,15924,-4344,-404,123,171,255892
2026-05-19 20:08:54,lombar,16320,280,4336,106,-363,434,913347
2026-05-19 20:08:54,esterno,1528,15576,-4480,-352,147,14,255914
2026-05-19 20:08:54,lombar,16244,280,4212,195,-431,428,913369
2026-05-19 20:08:54,esterno,1192,15396,-4296,-238,276,-225,255936
2026-05-19 20:08:54,lombar,16448,596,4236,381,-396,446,913391
2026-05-19 20:08:54,esterno,968,15392,-4408,-308,417,-277,255958
2026-05-19 20:08:54,lombar,16656,428,4360,267,-417,430,913413
2026-05-19 20:08:54,esterno,984,15656,-4468,-285,567,-114,255980
2026-05-19 20:08:54,lombar,16516,504,4416,302,-425,354,913435
2026-05-19 20:08:54,esterno,1080,16024,-4288,-410,198,126,256002
2026-05-19 20:08:54,lombar,16464,524,4420,268,-219,273,913457
2026-05-19 20:08:54,esterno,1080,15576,-4404,-235,-105,266,256024
2026-05-19 20:08:54,lombar,16408,556,4488,217,-187,178,913479
2026-05-19 20:08:54,esterno,1104,15220,-4640,36,-99,164,256046
2026-05-19 20:08:54,lombar,16448,668,4472,158,-136,255,913501
2026-05-19 20:08:54,esterno,1116,15040,-4684,34,41,73,256068
2026-05-19 20:08:54,esterno,1088,15556,-4548,4,65,103,256090
2026-05-19 20:08:54,lombar,16440,740,4512,52,-147,254,913523
2026-05-19 20:08:54,esterno,1084,15760,-4452,-92,-125,235,256112
2026-05-19 20:08:54,lombar,16372,404,4532,43,-172,316,913545
2026-05-19 20:08:54,lombar,16356,348,4328,75,-189,246,913567
2026-05-19 20:08:54,esterno,1272,15616,-4580,-55,-178,235,256134
2026-05-19 20:08:54,lombar,16388,540,4356,47,-274,319,913589
2026-05-19 20:08:54,esterno,1436,15348,-4644,-53,-108,91,256156
2026-05-19 20:08:54,lombar,16292,412,4488,27,-309,344,913611
2026-05-19 20:08:54,esterno,1076,15384,-4668,-213,-7,-6,256178
2026-05-19 20:08:54,lombar,16460,368,4364,-1,-347,312,913633
2026-05-19 20:08:54,esterno,1012,15436,-4544,-325,43,-65,256200
2026-05-19 20:08:54,lombar,16332,488,4344,4,-333,288,913655
2026-05-19 20:08:54,esterno,1012,15512,-4464,-261,29,-74,256222
2026-05-19 20:08:54,esterno,1088,15444,-4548,-233,25,-75,256244
2026-05-19 20:08:54,lombar,16452,488,4380,29,-381,311,913677
2026-05-19 20:08:54,lombar,16452,564,4360,28,-353,279,913699
2026-05-19 20:08:54,esterno,1168,15492,-4408,-271,38,-50,256266
2026-05-19 20:08:54,lombar,16376,392,4480,-11,-362,298,913721
2026-05-19 20:08:54,esterno,1028,15524,-4296,-174,-26,13,256288
2026-05-19 20:08:54,lombar,16428,448,4244,16,-305,241,913743
2026-05-19 20:08:54,esterno,1180,15472,-4376,-40,-96,22,256310
2026-05-19 20:08:54,esterno,1100,15588,-4720,84,356,-85,256332
2026-05-19 20:08:54,lombar,16344,448,4480,48,-343,299,913765
2026-05-19 20:08:54,lombar,16296,584,4400,94,-229,253,913787
2026-05-19 20:08:54,esterno,1388,15604,-4360,-163,98,-31,256354
2026-05-19 20:08:54,lombar,16380,544,4272,126,-192,298,913809
2026-05-19 20:08:54,esterno,1236,15536,-4644,-354,-307,74,256376
2026-05-19 20:08:54,lombar,16416,592,4416,146,-197,329,913831
2026-05-19 20:08:54,esterno,1140,15580,-5116,-141,109,33,256398
2026-05-19 20:08:54,lombar,16456,504,4212,100,-211,286,913853
2026-05-19 20:08:54,esterno,1028,15564,-4716,-27,282,-8,256420
2026-05-19 20:08:54,lombar,16436,456,4404,102,-295,358,913875
2026-05-19 20:08:54,esterno,1096,15584,-4704,179,414,-88,256442
2026-05-19 20:08:54,lombar,16344,564,4400,50,-246,297,913897
2026-05-19 20:08:54,esterno,1280,15752,-4188,170,416,-107,256464
2026-05-19 20:08:54,lombar,16312,464,4332,115,-164,360,913919
2026-05-19 20:08:54,esterno,1280,15692,-4232,-130,231,52,256486
2026-05-19 20:08:54,lombar,16396,536,4392,111,-224,308,913941
2026-05-19 20:08:54,esterno,1152,15492,-4500,-107,193,84,256508
2026-05-19 20:08:55,lombar,16440,580,4284,68,-210,296,913963
2026-05-19 20:08:55,esterno,1028,15352,-4600,-177,211,55,256530
2026-05-19 20:08:55,lombar,16284,444,4332,54,-244,310,913985
2026-05-19 20:08:55,esterno,1048,15428,-4640,-357,309,54,256552
2026-05-19 20:08:55,lombar,16384,436,4440,48,-262,304,914007
2026-05-19 20:08:55,esterno,1180,15648,-4492,-287,280,23,256574
2026-05-19 20:08:55,lombar,16288,480,4428,67,-294,351,914029
2026-05-19 20:08:55,esterno,1076,15696,-4544,-164,13,24,256596
2026-05-19 20:08:55,lombar,16280,532,4588,54,-260,311,914051
2026-05-19 20:08:55,esterno,1072,15448,-4676,-211,57,36,256618
2026-05-19 20:08:55,lombar,16268,444,4440,91,-277,323,914073
2026-05-19 20:08:55,esterno,1024,15292,-4784,-367,131,32,256640
2026-05-19 20:08:55,esterno,1140,15320,-4564,-336,226,-69,256662
2026-05-19 20:08:55,lombar,16400,356,4648,84,-305,325,914095
2026-05-19 20:08:55,lombar,16328,624,4560,118,-268,288,914117
2026-05-19 20:08:55,esterno,1136,15472,-4472,-247,268,-158,256684
2026-05-19 20:08:55,esterno,1068,15716,-4464,-325,82,58,256706
2026-05-19 20:08:55,lombar,16432,616,4556,111,-250,288,914139
2026-05-19 20:08:55,esterno,1264,15676,-4544,-371,95,182,256728
2026-05-19 20:08:55,lombar,16384,572,4376,107,-301,353,914161
2026-05-19 20:08:55,lombar,16368,608,4336,80,-305,313,914183
2026-05-19 20:08:55,esterno,1228,15560,-4432,-426,154,44,256750
2026-05-19 20:08:55,esterno,1128,15432,-4460,-254,73,33,256772
2026-05-19 20:08:55,lombar,16340,496,4352,72,-267,337,914205
2026-05-19 20:08:55,esterno,1096,15508,-4396,-156,86,57,256794
2026-05-19 20:08:55,lombar,16560,436,4276,101,-292,312,914227
2026-05-19 20:08:55,esterno,1264,15628,-4540,-316,129,96,256816
2026-05-19 20:08:55,lombar,16332,504,4560,137,-266,349,914249
2026-05-19 20:08:55,esterno,1300,15520,-4536,-345,264,40,256838
2026-05-19 20:08:55,lombar,16444,532,4456,94,-264,294,914271
2026-05-19 20:08:55,lombar,16412,532,4352,103,-229,393,914293
2026-05-19 20:08:55,esterno,1172,15596,-4360,-339,314,-64,256860
2026-05-19 20:08:55,lombar,16344,444,4332,115,-229,374,914315
2026-05-19 20:08:55,esterno,1072,15564,-4112,-277,162,32,256882
2026-05-19 20:08:55,lombar,16560,308,4380,125,-240,372,914337
2026-05-19 20:08:55,esterno,1076,15584,-4400,-201,181,160,256904
2026-05-19 20:08:55,lombar,16420,556,4288,79,-249,402,914359
2026-05-19 20:08:55,esterno,1048,15416,-4584,-285,518,19,256926
2026-05-19 20:08:55,lombar,16432,372,4516,86,-270,372,914381
2026-05-19 20:08:55,esterno,1288,15568,-4276,-551,162,52,256948
2026-05-19 20:08:55,lombar,16244,432,4488,104,-293,363,914403
2026-05-19 20:08:55,esterno,1076,15564,-4088,-691,-216,107,256970
2026-05-19 20:08:55,lombar,16376,564,4340,90,-238,332,914425
2026-05-19 20:08:55,esterno,1048,15252,-4424,-497,156,105,256992
2026-05-19 20:08:55,lombar,16460,496,4484,117,-255,291,914447
2026-05-19 20:08:55,esterno,1052,15340,-4452,-233,324,-71,257014
2026-05-19 20:08:55,lombar,16408,616,4232,120,-289,428,914469
2026-05-19 20:08:55,esterno,1196,15760,-4576,-156,468,-170,257036
2026-05-19 20:08:55,lombar,16384,520,4476,82,-301,413,914491
2026-05-19 20:08:55,esterno,1140,15960,-4240,-339,511,-95,257058
2026-05-19 20:08:55,lombar,16352,472,4616,141,-266,333,914513
2026-05-19 20:08:55,esterno,1300,15632,-3928,-347,239,105,257080
2026-05-19 20:08:55,lombar,16348,528,4292,110,-319,315,914535
2026-05-19 20:08:55,esterno,1292,15244,-4264,-178,341,80,257102
2026-05-19 20:08:55,lombar,16388,496,4364,124,-250,327,914557
2026-05-19 20:08:55,esterno,1176,15300,-4340,-262,352,18,257124
2026-05-19 20:08:55,esterno,1000,15432,-4496,-410,374,-39,257146
2026-05-19 20:08:55,lombar,16448,532,4444,128,-291,409,914579
2026-05-19 20:08:55,lombar,16444,516,4316,119,-273,321,914601
2026-05-19 20:08:55,esterno,1228,15820,-4076,-424,266,-10,257168
2026-05-19 20:08:55,esterno,1376,15908,-4240,-403,139,104,257190
2026-05-19 20:08:55,lombar,16400,480,4416,74,-313,420,914623
2026-05-19 20:08:55,esterno,1324,15372,-4360,-395,181,109,257212
2026-05-19 20:08:55,lombar,16288,444,4236,76,-290,370,914645
2026-05-19 20:08:55,lombar,16336,428,4444,119,-308,283,914667
2026-05-19 20:08:55,esterno,1012,15320,-4488,-287,156,-43,257234
2026-05-19 20:08:55,esterno,988,15400,-4252,-84,133,-100,257256
2026-05-19 20:08:55,lombar,16424,572,4536,96,-307,376,914689
2026-05-19 20:08:55,esterno,1120,15796,-3972,-171,205,-52,257278
2026-05-19 20:08:55,lombar,16488,528,4292,88,-250,350,914711
2026-05-19 20:08:55,lombar,16392,484,4196,107,-242,297,914733
2026-05-19 20:08:55,esterno,1328,15840,-4024,-160,-93,156,257300
2026-05-19 20:08:55,lombar,16368,492,4340,96,-295,345,914755
2026-05-19 20:08:55,esterno,1384,15516,-4596,-14,-30,135,257322
2026-05-19 20:08:55,lombar,16336,604,4436,82,-277,307,914777
2026-05-19 20:08:55,esterno,1204,15376,-4316,-108,98,-6,257344
2026-05-19 20:08:55,lombar,16412,508,4376,86,-211,322,914799
2026-05-19 20:08:55,esterno,1040,15372,-4216,-32,50,-62,257366
2026-05-19 20:08:55,esterno,1012,15484,-4248,91,25,-68,257388
2026-05-19 20:08:55,lombar,16320,536,4356,48,-240,342,914821
2026-05-19 20:08:55,lombar,16384,548,4364,47,-217,346,914843
2026-05-19 20:08:55,esterno,1088,15760,-4592,-6,-2,79,257410
2026-05-19 20:08:55,lombar,16360,484,4352,108,-212,302,914865
2026-05-19 20:08:55,esterno,1208,15756,-4560,-88,7,123,257432
2026-05-19 20:08:55,lombar,16376,436,4284,78,-197,359,914887
2026-05-19 20:08:55,esterno,1244,15536,-4264,21,43,-2,257454
2026-05-19 20:08:55,lombar,16328,432,4420,152,-238,343,914909
2026-05-19 20:08:55,esterno,1184,15536,-4244,149,78,-83,257476
2026-05-19 20:08:55,lombar,16400,432,4388,140,-213,381,914931
2026-05-19 20:08:55,esterno,1164,15472,-4628,299,230,-9,257498
2026-05-19 20:08:55,lombar,16312,328,4572,112,-224,258,914953
2026-05-19 20:08:55,esterno,1116,15436,-4312,170,431,-48,257520
2026-05-19 20:08:56,lombar,16292,308,4524,203,-210,255,914975
2026-05-19 20:08:56,esterno,1248,15544,-4020,-8,-340,96,257542
2026-05-19 20:08:56,lombar,16380,656,4580,171,-224,310,914997
2026-05-19 20:08:56,esterno,1124,15256,-4680,368,-210,-78,257564
2026-05-19 20:08:56,lombar,16400,660,4508,78,-221,328,915019
2026-05-19 20:08:56,esterno,1000,15328,-4668,621,188,-270,257586
2026-05-19 20:08:56,lombar,16420,536,4644,74,-260,357,915041
2026-05-19 20:08:56,esterno,1144,15456,-4852,764,125,-170,257608
2026-05-19 20:08:56,lombar,16360,484,4408,44,-287,344,915063
2026-05-19 20:08:56,esterno,1276,15668,-4676,845,364,-90,257630
2026-05-19 20:08:56,lombar,16308,516,4476,67,-243,332,915085
2026-05-19 20:08:56,esterno,1316,15784,-4136,632,93,-116,257652
2026-05-19 20:08:56,lombar,16236,444,4368,102,-210,344,915107
2026-05-19 20:08:56,esterno,1196,15472,-4488,534,-13,-105,257674
2026-05-19 20:08:56,lombar,16388,548,4376,61,-255,373,915129
2026-05-19 20:08:56,esterno,1128,15620,-4712,422,23,-23,257696
2026-05-19 20:08:56,lombar,16372,492,4536,14,-282,321,915151
2026-05-19 20:08:56,esterno,1088,15512,-4772,137,147,118,257718
2026-05-19 20:08:56,lombar,16380,492,4228,38,-238,299,915173
2026-05-19 20:08:56,esterno,1028,15604,-4728,-20,165,39,257740
2026-05-19 20:08:56,lombar,16556,408,4380,83,-254,280,915195
2026-05-19 20:08:56,esterno,1244,15668,-4564,95,-23,4,257762
2026-05-19 20:08:56,lombar,16384,372,4316,104,-301,312,915217
2026-05-19 20:08:56,esterno,1264,15656,-4676,26,-35,98,257784
2026-05-19 20:08:56,lombar,16428,368,4476,115,-278,304,915239
2026-05-19 20:08:56,esterno,1028,15456,-4556,-113,49,108,257806
2026-05-19 20:08:56,esterno,1244,15268,-4916,-197,115,17,257828
2026-05-19 20:08:56,lombar,16428,416,4356,94,-268,319,915261
2026-05-19 20:08:56,lombar,16372,584,4456,80,-260,372,915283
2026-05-19 20:08:56,esterno,1188,15412,-4788,-156,251,-87,257850
2026-05-19 20:08:56,lombar,16356,484,4544,73,-267,295,915305
2026-05-19 20:08:56,esterno,1088,15588,-4604,-121,227,-70,257872
2026-05-19 20:08:56,lombar,16316,376,4516,88,-254,280,915327
2026-05-19 20:08:56,esterno,988,15564,-4576,-200,-10,21,257894
2026-05-19 20:08:56,lombar,16408,468,4360,109,-301,344,915349
2026-05-19 20:08:56,esterno,1112,15416,-4676,-293,66,49,257916
2026-05-19 20:08:56,lombar,16356,596,4432,69,-282,316,915371
2026-05-19 20:08:56,esterno,1172,15304,-4772,-232,96,17,257938
2026-05-19 20:08:56,lombar,16324,548,4512,92,-283,298,915393
2026-05-19 20:08:56,esterno,1216,15276,-4708,-67,66,-8,257960
2026-05-19 20:08:56,lombar,16384,580,4328,60,-290,295,915415
2026-05-19 20:08:56,esterno,1080,15464,-4716,-7,121,-39,257982
2026-05-19 20:08:56,lombar,16428,556,4488,54,-265,322,915437
2026-05-19 20:08:56,esterno,1012,15624,-4632,-39,45,52,258004
2026-05-19 20:08:56,lombar,16456,588,4424,46,-273,383,915459
2026-05-19 20:08:56,esterno,1232,15584,-4904,-145,131,59,258026
2026-05-19 20:08:56,lombar,16348,564,4308,50,-292,372,915481
2026-05-19 20:08:56,esterno,1324,15492,-4540,-204,144,7,258048
2026-05-19 20:08:56,lombar,16320,492,4428,47,-299,324,915503
2026-05-19 20:08:56,esterno,1172,15376,-4524,-205,91,-31,258070
2026-05-19 20:08:56,esterno,1036,15188,-4664,-92,93,17,258092
2026-05-19 20:08:56,lombar,16324,364,4424,103,-242,246,915525
2026-05-19 20:08:56,lombar,16428,604,4320,143,-269,380,915547
2026-05-19 20:08:56,esterno,1012,15192,-4908,177,661,-88,258114
2026-05-19 20:08:56,lombar,16548,516,4456,111,-206,323,915569
2026-05-19 20:08:56,esterno,1404,15504,-4536,6,-14,38,258136
2026-05-19 20:08:56,esterno,1496,15440,-4460,-18,-127,37,258158
2026-05-19 20:08:56,lombar,16472,448,4076,149,-178,332,915591
2026-05-19 20:08:56,lombar,16572,572,4076,124,-100,382,915613
2026-05-19 20:08:56,esterno,1324,15636,-4524,178,224,-155,258180
2026-05-19 20:08:56,lombar,16492,712,4404,112,-136,311,915635
2026-05-19 20:08:56,esterno,1292,15876,-4724,94,395,-245,258202
2026-05-19 20:08:56,lombar,16380,636,4364,40,-134,371,915657
2026-05-19 20:08:56,esterno,992,15788,-4888,61,487,-190,258224
2026-05-19 20:08:56,lombar,16252,476,4380,-6,-246,374,915679
2026-05-19 20:08:56,esterno,788,15656,-4264,37,194,-39,258246
2026-05-19 20:08:56,esterno,832,15636,-4520,-80,-154,130,258268
2026-05-19 20:08:56,lombar,16260,352,4496,-2,-262,309,915701
2026-05-19 20:08:56,lombar,16288,456,4340,10,-293,312,915723
2026-05-19 20:08:56,esterno,980,15356,-5012,-150,-91,197,258290
2026-05-19 20:08:56,lombar,16344,416,4412,31,-305,291,915745
2026-05-19 20:08:56,esterno,1064,15288,-4996,-242,61,174,258312
2026-05-19 20:08:56,esterno,1080,15488,-4864,-301,199,81,258334
2026-05-19 20:08:56,lombar,16376,520,4656,80,-295,227,915767
2026-05-19 20:08:56,lombar,16296,296,4684,189,-325,302,915789
2026-05-19 20:08:56,esterno,1080,15488,-4724,-390,228,24,258356
2026-05-19 20:08:56,lombar,16300,484,4644,212,-341,313,915811
2026-05-19 20:08:56,esterno,1236,15484,-5052,-474,318,55,258378
2026-05-19 20:08:56,esterno,1188,15176,-4964,-496,569,65,258400
2026-05-19 20:08:56,lombar,16200,540,4640,158,-343,366,915833
2026-05-19 20:08:56,lombar,16312,600,4564,151,-330,313,915855
2026-05-19 20:08:56,esterno,1132,15220,-4552,-325,149,-5,258422
2026-05-19 20:08:56,lombar,16388,652,4568,106,-337,324,915877
2026-05-19 20:08:56,esterno,1112,15344,-5000,-148,275,-71,258444
2026-05-19 20:08:56,lombar,16372,536,4352,63,-351,294,915899
2026-05-19 20:08:56,esterno,864,15492,-4588,-55,235,-62,258466
2026-05-19 20:08:56,esterno,1064,15620,-4620,-161,-30,78,258488
2026-05-19 20:08:56,lombar,16380,504,4340,47,-357,274,915921
2026-05-19 20:08:56,lombar,16404,532,4292,7,-383,268,915943
2026-05-19 20:08:56,esterno,1152,15624,-4592,-229,23,161,258510
2026-05-19 20:08:57,lombar,16324,548,4208,9,-366,279,915965
2026-05-19 20:08:57,esterno,1240,15524,-4376,-140,-43,165,258532
2026-05-19 20:08:57,lombar,16368,516,4460,-30,-374,320,915987
2026-05-19 20:08:57,esterno,1204,15560,-4476,-66,-86,66,258554
2026-05-19 20:08:57,esterno,1152,15484,-4564,-45,-29,48,258576
2026-05-19 20:08:57,lombar,16428,424,4320,-10,-303,301,916009
2026-05-19 20:08:57,esterno,1196,15444,-4684,-61,-22,99,258598
2026-05-19 20:08:57,lombar,16308,508,4252,26,-277,302,916031
2026-05-19 20:08:57,lombar,16524,448,4488,74,-277,289,916053
2026-05-19 20:08:57,esterno,1244,15560,-4652,-43,11,152,258620
2026-05-19 20:08:57,esterno,1196,15460,-4612,-10,70,89,258642
2026-05-19 20:08:57,lombar,16448,508,4252,60,-289,293,916075
2026-05-19 20:08:57,lombar,16304,468,4332,65,-231,250,916097
2026-05-19 20:08:57,esterno,1124,15484,-4612,-13,89,10,258664
2026-05-19 20:08:57,lombar,16372,564,4472,80,-198,342,916119
2026-05-19 20:08:57,esterno,1228,15392,-4704,-82,16,64,258686
2026-05-19 20:08:57,esterno,1176,15476,-4548,-150,-30,93,258708
2026-05-19 20:08:57,lombar,16396,536,4480,127,-229,282,916141
2026-05-19 20:08:57,esterno,1208,15340,-4992,141,334,7,258730
2026-05-19 20:08:57,lombar,16436,568,4408,137,-234,272,916163
2026-05-19 20:08:57,lombar,16464,636,4448,83,-240,303,916185
2026-05-19 20:08:57,esterno,1220,15372,-4552,107,409,-126,258752
2026-05-19 20:08:57,lombar,16324,496,4592,122,-224,269,916207
2026-05-19 20:08:57,esterno,1276,15528,-4580,-89,-112,56,258774
2026-05-19 20:08:57,lombar,16400,608,4444,103,-239,315,916229
2026-05-19 20:08:57,esterno,1080,15432,-4460,-152,-99,76,258796
2026-05-19 20:08:57,lombar,16308,724,4396,99,-203,328,916251
2026-05-19 20:08:57,esterno,1044,15372,-4892,-104,146,14,258818
2026-05-19 20:08:57,lombar,16376,620,4380,104,-250,349,916273
2026-05-19 20:08:57,esterno,1320,15260,-5104,-87,269,-34,258840
2026-05-19 20:08:57,lombar,16324,556,4568,83,-281,311,916295
2026-05-19 20:08:57,esterno,1284,15456,-4928,7,478,-200,258862
2026-05-19 20:08:57,esterno,992,15656,-4440,87,304,-204,258884
2026-05-19 20:08:57,lombar,16356,444,4288,127,-267,345,916317
2026-05-19 20:08:57,lombar,16356,576,4348,113,-328,370,916339
2026-05-19 20:08:57,esterno,1080,15640,-4552,79,27,-75,258906
2026-05-19 20:08:57,lombar,16332,636,4356,88,-284,319,916361
2026-05-19 20:08:57,esterno,1240,15396,-4936,-132,213,-3,258928
2026-05-19 20:08:57,lombar,16308,572,4460,65,-305,318,916383
2026-05-19 20:08:57,esterno,1128,15468,-4880,-331,404,-45,258950
2026-05-19 20:08:57,lombar,16364,504,4400,93,-256,316,916405
2026-05-19 20:08:57,esterno,1056,15488,-4632,-332,291,-60,258972
2026-05-19 20:08:57,esterno,1140,15592,-4780,-282,154,-62,258994
2026-05-19 20:08:57,esterno,1064,15552,-4996,-369,323,55,259016
2026-05-19 20:08:57,lombar,16364,524,4532,112,-306,320,916427
2026-05-19 20:08:57,lombar,16300,620,4508,95,-303,445,916449
2026-05-19 20:08:57,esterno,1080,15400,-4712,-286,301,14,259038
2026-05-19 20:08:57,lombar,16376,496,4416,53,-304,371,916471
2026-05-19 20:08:57,lombar,16368,540,4404,88,-306,420,916493
2026-05-19 20:08:57,esterno,1116,15196,-4712,-198,-94,46,259060
2026-05-19 20:08:57,lombar,16388,544,4544,107,-322,382,916515
2026-05-19 20:08:57,esterno,1232,15412,-4772,-222,360,-37,259082
2026-05-19 20:08:57,esterno,1116,15576,-4388,-216,196,26,259104
2026-05-19 20:08:57,lombar,16312,548,4436,123,-274,387,916537
2026-05-19 20:08:57,lombar,16432,548,4336,119,-275,370,916559
2026-05-19 20:08:57,esterno,1164,15592,-4712,-214,51,46,259126
2026-05-19 20:08:57,esterno,1180,15428,-4676,-231,148,-36,259148
2026-05-19 20:08:57,lombar,16312,540,4440,121,-269,314,916581
2026-05-19 20:08:57,lombar,16320,504,4420,68,-301,313,916603
2026-05-19 20:08:57,esterno,1200,15500,-4764,-324,175,-30,259170
2026-05-19 20:08:57,lombar,16484,556,4360,80,-291,341,916625
2026-05-19 20:08:57,esterno,1164,15524,-4748,-278,173,-22,259192
2026-05-19 20:08:57,lombar,16380,600,4400,87,-316,348,916647
2026-05-19 20:08:57,esterno,1008,15468,-4692,-114,187,-45,259214
2026-05-19 20:08:57,lombar,16372,560,4444,82,-310,366,916669
2026-05-19 20:08:57,esterno,1044,15396,-4532,-54,141,-6,259236
2026-05-19 20:08:57,lombar,16452,568,4504,52,-283,360,916691
2026-05-19 20:08:57,esterno,992,15512,-4588,-95,22,36,259258
2026-05-19 20:08:57,lombar,16384,528,4444,47,-296,351,916713
2026-05-19 20:08:57,esterno,1176,15500,-4736,-141,67,42,259280
2026-05-19 20:08:57,lombar,16380,432,4264,63,-233,320,916735
2026-05-19 20:08:57,esterno,1192,15548,-4680,-168,142,72,259302
2026-05-19 20:08:57,lombar,16348,456,4388,77,-229,304,916757
2026-05-19 20:08:57,esterno,1048,15524,-4660,-141,181,2,259324
2026-05-19 20:08:57,lombar,16452,444,4464,117,-239,317,916779
2026-05-19 20:08:57,esterno,1052,15440,-4516,-146,93,-46,259346
2026-05-19 20:08:57,lombar,16296,616,4308,142,-254,318,916801
2026-05-19 20:08:57,esterno,1108,15496,-4488,-137,-9,-40,259368
2026-05-19 20:08:57,lombar,16484,596,4548,135,-260,300,916823
2026-05-19 20:08:57,esterno,1192,15512,-5068,108,370,8,259390
2026-05-19 20:08:57,lombar,16396,592,4528,80,-238,322,916845
2026-05-19 20:08:57,esterno,1060,15384,-4456,-7,426,-81,259412
2026-05-19 20:08:57,lombar,16388,508,4440,127,-286,297,916867
2026-05-19 20:08:57,esterno,1192,15524,-4592,-137,-108,28,259434
2026-05-19 20:08:57,lombar,16308,636,4520,117,-281,325,916889
2026-05-19 20:08:57,esterno,1052,15656,-4552,-259,-159,-4,259456
2026-05-19 20:08:57,lombar,16348,620,4412,72,-245,330,916911
2026-05-19 20:08:57,esterno,1048,15404,-4924,-243,120,51,259478
2026-05-19 20:08:57,lombar,16456,580,4480,38,-306,348,916933
2026-05-19 20:08:57,esterno,1332,15232,-5124,-73,140,11,259500
2026-05-19 20:08:58,esterno,1256,15512,-4960,-105,368,-138,259522
2026-05-19 20:08:58,lombar,16488,592,4468,51,-294,353,916955
2026-05-19 20:08:58,lombar,16324,524,4576,78,-293,334,916977
2026-05-19 20:08:58,esterno,1048,15840,-4556,-443,270,-114,259544
2026-05-19 20:08:58,lombar,16304,508,4288,78,-363,321,916999
2026-05-19 20:08:58,esterno,1024,15632,-4588,-603,131,60,259566
2026-05-19 20:08:58,lombar,16320,508,4320,95,-320,365,917021
2026-05-19 20:08:58,esterno,1172,15528,-4492,-747,270,167,259588
2026-05-19 20:08:58,lombar,16488,576,4500,61,-289,403,917043
2026-05-19 20:08:58,esterno,1164,15412,-4720,-949,374,131,259610
2026-05-19 20:08:58,lombar,16456,384,4364,151,-338,330,917065
2026-05-19 20:08:58,esterno,1060,15524,-4636,-906,456,43,259632
2026-05-19 20:08:58,esterno,1176,15684,-4448,-694,279,-34,259654
2026-05-19 20:08:58,lombar,16412,600,4444,168,-360,353,917087
2026-05-19 20:08:58,lombar,16308,496,4404,159,-333,405,917109
2026-05-19 20:08:58,esterno,1000,15524,-4432,-468,344,10,259676
2026-05-19 20:08:58,esterno,908,15400,-4324,-259,255,15,259698
2026-05-19 20:08:58,lombar,16396,540,4444,133,-344,352,917131
2026-05-19 20:08:58,lombar,16416,536,4300,152,-284,388,917153
2026-05-19 20:08:58,esterno,1228,15208,-4752,-208,111,23,259720
2026-05-19 20:08:58,lombar,16364,596,4312,100,-386,367,917175
2026-05-19 20:08:58,esterno,1208,15416,-4692,-229,408,-112,259742
2026-05-19 20:08:58,lombar,16100,116,4976,158,-551,348,917197
2026-05-19 20:08:58,esterno,1272,15732,-4476,-283,292,-94,259764
2026-05-19 20:08:58,lombar,16424,612,4212,86,-345,454,917219
2026-05-19 20:08:58,esterno,1268,15624,-4532,-275,184,-3,259786
2026-05-19 20:08:58,lombar,16536,512,4228,92,-367,397,917241
2026-05-19 20:08:58,esterno,1208,15552,-4368,-194,151,52,259808
2026-05-19 20:08:58,lombar,16280,560,4308,94,-367,398,917263
2026-05-19 20:08:58,esterno,1144,15516,-4356,-184,200,49,259830
2026-05-19 20:08:58,lombar,16328,520,4420,97,-352,398,917285
2026-05-19 20:08:58,esterno,1252,15548,-4572,-405,246,-1,259852
2026-05-19 20:08:58,lombar,16280,404,4368,86,-353,349,917307
2026-05-19 20:08:58,esterno,1096,15484,-4448,-593,269,-27,259874
2026-05-19 20:08:58,esterno,992,15572,-4708,-683,593,37,259896
2026-05-19 20:08:58,lombar,16372,548,4460,168,-370,323,917329
2026-05-19 20:08:58,lombar,16396,548,4260,161,-385,453,917351
2026-05-19 20:08:58,esterno,1208,15672,-4276,-716,702,-10,259918
2026-05-19 20:08:58,esterno,1272,15572,-4040,-429,442,-35,259940
2026-05-19 20:08:58,lombar,16324,516,4244,149,-342,472,917373
2026-05-19 20:08:58,lombar,16432,544,4412,112,-385,381,917395
2026-05-19 20:08:58,esterno,1088,15448,-4160,-11,243,-191,259962
2026-05-19 20:08:58,lombar,16492,480,4236,98,-343,444,917417
2026-05-19 20:08:58,esterno,964,15484,-4336,120,194,-196,259984
2026-05-19 20:08:58,lombar,16416,492,4352,73,-272,381,917439
2026-05-19 20:08:58,esterno,1120,15452,-4684,-109,317,22,260006
2026-05-19 20:08:58,lombar,16516,540,4212,129,-282,371,917461
2026-05-19 20:08:58,esterno,1248,15552,-4564,-273,576,98,260028
2026-05-19 20:08:58,lombar,16532,576,3776,146,-497,316,917483
2026-05-19 20:08:58,esterno,1220,15568,-4512,-225,570,33,260050
2026-05-19 20:08:58,lombar,16072,224,4884,139,-582,376,917505
2026-05-19 20:08:58,esterno,1288,15544,-4264,99,505,-148,260072
2026-05-19 20:08:58,lombar,16420,636,4412,73,-352,398,917527
2026-05-19 20:08:58,esterno,1144,15388,-4776,277,807,-176,260094
2026-05-19 20:08:58,lombar,16416,432,4248,71,-507,305,917549
2026-05-19 20:08:58,esterno,1080,15520,-4384,-75,453,-25,260116
2026-05-19 20:08:58,lombar,16460,360,4308,111,-438,357,917571
2026-05-19 20:08:58,esterno,1076,15624,-4200,-368,-162,139,260138
2026-05-19 20:08:58,lombar,16220,508,4384,133,-357,408,917593
2026-05-19 20:08:58,esterno,1276,15512,-4764,-241,511,107,260160
2026-05-19 20:08:58,lombar,16548,408,4400,148,-569,328,917615
2026-05-19 20:08:58,esterno,1196,15380,-4628,-134,534,-21,260182
2026-05-19 20:08:58,lombar,16440,636,4128,119,-449,494,917637
2026-05-19 20:08:58,esterno,1092,15472,-4292,68,547,-92,260204
2026-05-19 20:08:58,esterno,1220,15592,-3848,-23,519,-148,260226
2026-05-19 20:08:58,lombar,16068,528,4380,112,-484,525,917659
2026-05-19 20:08:58,lombar,16468,456,4176,108,-365,410,917681
2026-05-19 20:08:58,esterno,1320,15376,-4068,-88,204,-12,260248
2026-05-19 20:08:58,esterno,1356,15240,-4332,76,305,-77,260270
2026-05-19 20:08:58,lombar,16472,356,4192,141,-322,314,917703
2026-05-19 20:08:58,lombar,16432,468,4172,169,-318,392,917725
2026-05-19 20:08:58,esterno,1356,15360,-4252,68,356,-195,260292
2026-05-19 20:08:58,lombar,16504,480,4128,141,-281,379,917747
2026-05-19 20:08:58,esterno,1032,15548,-4592,79,446,-312,260314
2026-05-19 20:08:58,lombar,16536,584,4204,155,-305,392,917769
2026-05-19 20:08:58,esterno,1024,15724,-4468,191,341,-367,260336
2026-05-19 20:08:58,lombar,16392,460,4192,126,-340,425,917791
2026-05-19 20:08:58,esterno,1108,15688,-4328,203,8,-208,260358
2026-05-19 20:08:58,lombar,16344,476,4184,123,-166,438,917813
2026-05-19 20:08:58,esterno,1056,15480,-4464,147,155,-68,260380
2026-05-19 20:08:58,lombar,16464,448,4240,133,-210,378,917835
2026-05-19 20:08:58,esterno,1008,15308,-4544,149,61,-84,260402
2026-05-19 20:08:58,esterno,1132,15460,-4444,319,48,-173,260424
2026-05-19 20:08:58,lombar,16380,508,4304,118,-235,432,917857
2026-05-19 20:08:58,lombar,16412,508,4400,52,-173,366,917879
2026-05-19 20:08:58,esterno,1212,15596,-4260,201,126,-244,260446
2026-05-19 20:08:58,lombar,16436,384,4216,32,-151,257,917901
2026-05-19 20:08:58,esterno,1068,15544,-4312,165,-22,-152,260468
2026-05-19 20:08:58,lombar,16428,368,4144,60,-153,401,917923
2026-05-19 20:08:58,esterno,816,15544,-4508,410,-273,-32,260490
2026-05-19 20:08:58,lombar,16380,548,4344,60,-85,295,917945
2026-05-19 20:08:58,esterno,920,15404,-4712,454,-328,153,260512
2026-05-19 20:08:59,lombar,16492,544,4196,17,-95,275,917967
2026-05-19 20:08:59,esterno,1076,15372,-4600,432,-282,64,260534
2026-05-19 20:08:59,lombar,16576,328,4208,3,-62,280,917989
2026-05-19 20:08:59,esterno,1112,15432,-4332,521,-277,-120,260556
2026-05-19 20:08:59,lombar,16472,472,4148,-1,-51,268,918011
2026-05-19 20:08:59,esterno,1048,15536,-4316,688,-377,-142,260578
2026-05-19 20:08:59,lombar,16384,436,4236,12,28,191,918033
2026-05-19 20:08:59,esterno,912,15568,-4436,836,-433,-35,260600
2026-05-19 20:08:59,lombar,16708,272,4012,-68,173,82,918055
2026-05-19 20:08:59,esterno,1124,15232,-4780,775,-237,143,260622
2026-05-19 20:08:59,esterno,1080,15320,-4968,352,-280,181,260644
2026-05-19 20:08:59,lombar,16640,252,4176,29,334,-2,918077
2026-05-19 20:08:59,lombar,16848,392,4092,49,423,-41,918099
2026-05-19 20:08:59,esterno,572,14992,-4520,75,-427,199,260666
2026-05-19 20:08:59,esterno,572,14872,-4056,374,-697,198,260688
2026-05-19 20:08:59,lombar,16216,520,4152,58,331,6,918121
2026-05-19 20:08:59,lombar,15792,620,4900,30,427,57,918143
2026-05-19 20:08:59,esterno,836,15576,-4420,627,-400,290,260710
2026-05-19 20:08:59,lombar,16276,548,4760,11,237,17,918165
2026-05-19 20:08:59,esterno,972,15952,-5096,338,-590,483,260732
2026-05-19 20:08:59,lombar,16604,544,4572,-40,219,-32,918187
2026-05-19 20:08:59,esterno,568,15552,-7148,54,-65,472,260754
2026-05-19 20:08:59,lombar,16476,620,4648,13,-137,74,918209
2026-05-19 20:08:59,esterno,1100,15480,-6248,-92,-312,377,260776
2026-05-19 20:08:59,lombar,16072,384,4528,185,-274,172,918231
2026-05-19 20:08:59,esterno,1840,15548,-4820,507,-309,237,260798
2026-05-19 20:08:59,lombar,16096,648,4612,282,-173,224,918253
2026-05-19 20:08:59,esterno,2112,15648,-4464,1128,573,-396,260820
2026-05-19 20:08:59,lombar,16260,784,4664,286,-78,169,918275
2026-05-19 20:08:59,esterno,1244,15720,-5260,1067,510,-673,260842
2026-05-19 20:08:59,esterno,804,15648,-6192,147,286,-231,260864
2026-05-19 20:08:59,lombar,16340,656,4532,291,-108,258,918297
2026-05-19 20:08:59,lombar,16292,772,4464,191,-308,322,918319
2026-05-19 20:08:59,esterno,972,15344,-5596,-933,657,-39,260886
2026-05-19 20:08:59,lombar,16420,844,4588,157,-231,328,918341
2026-05-19 20:08:59,esterno,1492,15460,-4628,-755,563,-25,260908
2026-05-19 20:08:59,esterno,1332,15436,-4676,150,-67,-162,260930
2026-05-19 20:08:59,lombar,16284,656,4416,77,-338,401,918363
2026-05-19 20:08:59,lombar,16196,824,4388,67,-368,420,918385
2026-05-19 20:08:59,esterno,1080,15496,-4896,241,128,-177,260952
2026-05-19 20:08:59,lombar,16292,704,4460,33,-284,371,918407
2026-05-19 20:08:59,esterno,1240,15396,-5096,-498,409,-7,260974
2026-05-19 20:08:59,lombar,16396,560,4608,73,-270,467,918429
2026-05-19 20:08:59,esterno,1208,15136,-5076,-982,391,28,260996
2026-05-19 20:08:59,esterno,1036,15496,-5108,-920,97,-13,261018
2026-05-19 20:08:59,lombar,16352,596,4544,0,-313,439,918451
2026-05-19 20:08:59,lombar,16392,452,4624,-16,-275,382,918473
2026-05-19 20:08:59,esterno,800,15692,-4868,-628,138,56,261040
2026-05-19 20:08:59,esterno,992,15712,-5020,-533,219,294,261062
2026-05-19 20:08:59,lombar,16408,352,4552,93,-248,328,918495
2026-05-19 20:08:59,esterno,1104,15472,-5112,-579,339,301,261084
2026-05-19 20:08:59,lombar,16380,532,4552,123,-318,394,918517
2026-05-19 20:08:59,lombar,16252,440,4508,121,-312,321,918539
2026-05-19 20:08:59,esterno,780,15172,-4796,-518,218,85,261106
2026-05-19 20:08:59,lombar,16240,528,4564,122,-292,322,918561
2026-05-19 20:08:59,esterno,752,15412,-4664,-526,158,67,261128
2026-05-19 20:08:59,lombar,16220,672,4384,149,-321,353,918583
2026-05-19 20:08:59,esterno,848,15852,-5168,-683,59,146,261150
2026-05-19 20:08:59,lombar,16192,612,4576,162,-467,408,918605
2026-05-19 20:08:59,esterno,1132,15904,-5512,-1107,267,333,261172
2026-05-19 20:08:59,lombar,16220,500,4364,184,-520,382,918627
2026-05-19 20:08:59,esterno,1256,15344,-5212,-1272,374,424,261194
2026-05-19 20:08:59,lombar,16148,596,4488,180,-588,391,918649
2026-05-19 20:08:59,esterno,1296,15120,-4600,-866,378,248,261216
2026-05-19 20:08:59,lombar,16180,672,4664,149,-653,376,918671
2026-05-19 20:08:59,esterno,1208,15352,-4520,-510,366,-44,261238
2026-05-19 20:08:59,esterno,980,15656,-5252,-676,363,-152,261260
2026-05-19 20:08:59,lombar,16252,660,4432,71,-768,397,918693
2026-05-19 20:08:59,lombar,16376,500,4612,167,-765,323,918715
2026-05-19 20:08:59,esterno,1088,15528,-5072,-958,356,-57,261282
2026-05-19 20:08:59,esterno,1260,15004,-4440,-745,324,92,261304
2026-05-19 20:08:59,lombar,16404,724,4544,178,-750,413,918737
2026-05-19 20:08:59,lombar,16428,712,4576,174,-685,451,918759
2026-05-19 20:08:59,esterno,1292,14960,-4252,-358,364,-14,261326
2026-05-19 20:08:59,lombar,16376,740,4544,121,-596,551,918781
2026-05-19 20:08:59,esterno,1184,15188,-4596,-434,279,-158,261348
2026-05-19 20:08:59,esterno,1240,15540,-4652,-751,439,-309,261370
2026-05-19 20:08:59,lombar,16416,576,4260,79,-517,471,918803
2026-05-19 20:08:59,lombar,16412,532,4068,117,-563,479,918825
2026-05-19 20:08:59,esterno,1168,15720,-4316,-915,390,-185,261392
2026-05-19 20:08:59,lombar,16460,700,4388,84,-534,492,918847
2026-05-19 20:08:59,esterno,944,15588,-4808,-701,368,-25,261414
2026-05-19 20:08:59,lombar,16400,556,4312,-22,-562,535,918869
2026-05-19 20:08:59,esterno,864,15592,-4288,-598,480,-23,261436
2026-05-19 20:08:59,lombar,16492,476,4292,-38,-582,437,918891
2026-05-19 20:08:59,esterno,1104,15520,-4256,-602,-269,140,261458
2026-05-19 20:08:59,lombar,16432,468,3948,-46,-478,433,918913
2026-05-19 20:08:59,esterno,1036,15524,-4448,-573,-162,133,261480
2026-05-19 20:08:59,esterno,1000,15472,-4516,-517,190,54,261502
2026-05-19 20:08:59,lombar,16572,452,4088,-16,-460,460,918935
2026-05-19 20:09:00,lombar,16648,388,4156,79,-477,379,918957
2026-05-19 20:09:00,esterno,1344,15632,-4564,-613,393,2,261524
2026-05-19 20:09:00,lombar,16548,356,3820,73,-527,459,918979
2026-05-19 20:09:00,esterno,1396,15572,-4372,-420,401,-98,261546
2026-05-19 20:09:00,lombar,16380,420,4340,130,-440,544,919001
2026-05-19 20:09:00,esterno,936,15548,-3964,48,123,-177,261568
2026-05-19 20:09:00,esterno,964,15620,-4052,241,-44,-97,261590
2026-05-19 20:09:00,lombar,16512,428,4120,113,-423,444,919023
2026-05-19 20:09:00,lombar,16264,584,4244,86,-413,409,919045
2026-05-19 20:09:00,esterno,1064,15688,-4440,-185,210,54,261612
2026-05-19 20:09:00,lombar,16384,516,4128,119,-368,313,919067
2026-05-19 20:09:00,esterno,1320,15652,-4644,-577,415,126,261634
2026-05-19 20:09:00,lombar,16416,412,4268,135,-349,335,919089
2026-05-19 20:09:00,esterno,1144,15292,-4324,-328,312,54,261656
2026-05-19 20:09:00,esterno,1148,15508,-4088,-15,62,-55,261678
2026-05-19 20:09:00,lombar,16536,420,4364,162,-353,343,919111
2026-05-19 20:09:00,lombar,16388,408,4392,171,-385,319,919133
2026-05-19 20:09:00,esterno,1164,15540,-4312,-9,8,134,261700
2026-05-19 20:09:00,lombar,16332,280,4176,152,-336,205,919155
2026-05-19 20:09:00,esterno,1212,15528,-4056,27,-67,294,261722
2026-05-19 20:09:00,lombar,16424,420,4368,191,-344,192,919177
2026-05-19 20:09:00,esterno,1496,15548,-4704,-39,148,453,261744
2026-05-19 20:09:00,lombar,16468,660,4404,189,-306,215,919199
2026-05-19 20:09:00,esterno,1332,15360,-4436,-123,559,413,261766
2026-05-19 20:09:00,lombar,16460,652,4120,142,-230,306,919221
2026-05-19 20:09:00,esterno,1028,15448,-4356,19,103,293,261788
2026-05-19 20:09:00,lombar,16488,616,4136,121,-295,357,919243
2026-05-19 20:09:00,esterno,1012,15412,-4064,337,37,40,261810
2026-05-19 20:09:00,lombar,16336,656,4128,37,-326,340,919265
2026-05-19 20:09:00,esterno,1180,15848,-4196,180,-27,43,261832
2026-05-19 20:09:00,lombar,16376,376,4336,6,-339,311,919287
2026-05-19 20:09:00,esterno,1228,15908,-4432,-256,32,176,261854
2026-05-19 20:09:00,lombar,16496,540,4052,8,-316,259,919309
2026-05-19 20:09:00,esterno,1100,15428,-4284,-421,133,164,261876
2026-05-19 20:09:00,lombar,16408,440,4092,49,-297,324,919331
2026-05-19 20:09:00,esterno,1088,15428,-4480,-181,-20,103,261898
2026-05-19 20:09:00,lombar,16328,520,3988,46,-291,319,919353
2026-05-19 20:09:00,esterno,1132,15520,-4336,25,11,1,261920
2026-05-19 20:09:00,lombar,16468,468,4220,62,-257,323,919375
2026-05-19 20:09:00,esterno,1308,15588,-4312,4,82,-32,261942
2026-05-19 20:09:00,lombar,16504,360,4300,63,-253,280,919397
2026-05-19 20:09:00,esterno,1324,15652,-4424,-154,207,-71,261964
2026-05-19 20:09:00,lombar,16476,444,4232,19,-246,341,919419
2026-05-19 20:09:00,esterno,1108,15532,-4456,-97,105,6,261986
2026-05-19 20:09:00,lombar,16480,460,4268,92,-216,283,919441
2026-05-19 20:09:00,esterno,972,15436,-4552,-1,37,58,262008
2026-05-19 20:09:00,lombar,16360,544,4276,129,-237,296,919463
2026-05-19 20:09:00,esterno,1036,15512,-4584,-117,98,51,262030
2026-05-19 20:09:00,esterno,1152,15488,-4508,-245,-51,24,262052
2026-05-19 20:09:00,lombar,16332,544,4316,98,-249,320,919485
2026-05-19 20:09:00,lombar,16476,412,4252,152,-228,402,919507
2026-05-19 20:09:00,lombar,16500,596,4340,132,-344,355,919529
2026-05-19 20:09:00,esterno,1368,15524,-4220,-246,-122,57,262074
2026-05-19 20:09:00,esterno,1464,15692,-4552,-259,5,82,262096
2026-05-19 20:09:00,lombar,16508,620,4152,101,-266,397,919551
2026-05-19 20:09:00,esterno,1188,15524,-4580,-140,569,36,262118
2026-05-19 20:09:00,lombar,16440,468,4156,76,-251,276,919573
2026-05-19 20:09:00,esterno,1228,15572,-4092,-137,-204,78,262140
2026-05-19 20:09:00,esterno,1184,15500,-4200,-95,-313,-20,262162
2026-05-19 20:09:00,lombar,16324,432,4200,107,-262,328,919595
2026-05-19 20:09:00,lombar,16268,708,4332,71,-273,305,919617
2026-05-19 20:09:00,esterno,1192,15452,-4612,-143,49,6,262184
2026-05-19 20:09:00,lombar,16424,492,4184,41,-249,311,919639
2026-05-19 20:09:00,esterno,1272,15208,-4864,-302,332,33,262206
2026-05-19 20:09:00,lombar,16452,508,4144,113,-307,377,919661
2026-05-19 20:09:00,esterno,1288,15520,-4752,-215,358,-51,262228
2026-05-19 20:09:00,esterno,1120,15724,-4312,-123,386,-142,262250
2026-05-19 20:09:00,lombar,16460,484,4172,98,-260,464,919683
2026-05-19 20:09:00,lombar,16388,456,4236,118,-312,428,919705
2026-05-19 20:09:00,esterno,964,15656,-4052,-2,17,-62,262272
2026-05-19 20:09:00,lombar,16440,448,4352,103,-264,350,919727
2026-05-19 20:09:00,esterno,1272,15608,-4424,11,103,-117,262294
2026-05-19 20:09:00,lombar,16340,588,4108,115,-262,431,919749
2026-05-19 20:09:00,esterno,1400,15652,-4660,-250,563,-53,262316
2026-05-19 20:09:00,esterno,1172,15428,-4484,-472,457,-18,262338
2026-05-19 20:09:00,lombar,16520,444,4080,99,-314,391,919771
2026-05-19 20:09:00,lombar,16448,548,4232,171,-325,447,919793
2026-05-19 20:09:00,esterno,1016,15432,-4332,-301,145,-72,262360
2026-05-19 20:09:00,lombar,16388,444,4312,179,-329,390,919815
2026-05-19 20:09:00,lombar,16416,468,4240,128,-295,347,919837
2026-05-19 20:09:00,esterno,1212,15488,-4436,-247,247,-101,262382
2026-05-19 20:09:00,esterno,1228,15516,-4284,-428,669,-37,262404
2026-05-19 20:09:00,lombar,16532,416,4324,185,-215,348,919859
2026-05-19 20:09:00,esterno,1156,15424,-4456,-397,501,-69,262426
2026-05-19 20:09:00,lombar,16616,548,4116,192,-257,386,919881
2026-05-19 20:09:00,esterno,1280,15512,-4492,-135,405,-261,262448
2026-05-19 20:09:00,lombar,16444,608,4060,118,-260,413,919903
2026-05-19 20:09:00,esterno,1076,15720,-3876,116,473,-330,262470
2026-05-19 20:09:00,lombar,16432,576,4168,116,-231,336,919925
2026-05-19 20:09:00,esterno,1052,15648,-4208,-22,170,-142,262492
2026-05-19 20:09:00,lombar,16300,544,4120,44,-223,322,919947
2026-05-19 20:09:00,esterno,964,15400,-4272,-97,104,48,262514
2026-05-19 20:09:01,esterno,1160,15392,-4304,-105,-47,34,262536
2026-05-19 20:09:01,lombar,16376,608,4244,50,-267,401,919969
2026-05-19 20:09:01,lombar,16404,580,4164,29,-271,369,919991
2026-05-19 20:09:01,esterno,1288,15516,-4520,-128,33,-19,262558
2026-05-19 20:09:01,esterno,1292,15672,-4516,-176,206,9,262580
2026-05-19 20:09:01,lombar,16420,472,4096,8,-260,319,920013
2026-05-19 20:09:01,lombar,16568,332,4292,76,-286,350,920035
2026-05-19 20:09:01,esterno,1200,15640,-4476,-114,211,43,262602
2026-05-19 20:09:01,esterno,1040,15468,-4328,72,112,-9,262624
2026-05-19 20:09:01,lombar,16312,356,4340,66,-262,286,920057
2026-05-19 20:09:01,lombar,16436,452,4260,60,-275,351,920079
2026-05-19 20:09:01,esterno,1036,15432,-4348,45,107,-2,262646
2026-05-19 20:09:01,lombar,16408,440,4496,59,-288,252,920101
2026-05-19 20:09:01,esterno,1024,15512,-4400,-178,159,57,262668
2026-05-19 20:09:01,esterno,1060,15552,-4592,-216,107,153,262690
2026-05-19 20:09:01,lombar,16464,420,4432,21,-308,363,920123
2026-05-19 20:09:01,lombar,16324,496,4096,12,-327,319,920145
2026-05-19 20:09:01,esterno,1236,15556,-4352,-121,3,190,262712
2026-05-19 20:09:01,esterno,1272,15556,-4504,-200,20,194,262734
2026-05-19 20:09:01,lombar,16392,564,4192,20,-311,393,920167
2026-05-19 20:09:01,lombar,16476,384,4164,44,-313,295,920189
2026-05-19 20:09:01,esterno,1072,15656,-4288,-263,-59,212,262756
2026-05-19 20:09:01,lombar,16452,276,4148,89,-325,321,920211
2026-05-19 20:09:01,esterno,1216,15516,-4588,-221,-188,259,262778
2026-05-19 20:09:01,lombar,16464,512,4228,118,-273,346,920233
2026-05-19 20:09:01,esterno,1316,15288,-4836,91,435,123,262800
2026-05-19 20:09:01,lombar,16416,604,3964,101,-258,328,920255
2026-05-19 20:09:01,esterno,1284,15300,-4316,43,573,-64,262822
2026-05-19 20:09:01,lombar,16556,324,4272,107,-218,272,920277
2026-05-19 20:09:01,esterno,1272,15536,-4276,-30,-124,-62,262844
2026-05-19 20:09:01,lombar,16472,504,4168,104,-279,361,920299
2026-05-19 20:09:01,esterno,1212,15728,-4528,-9,-111,-85,262866
2026-05-19 20:09:01,lombar,16464,552,4316,73,-292,416,920321
2026-05-19 20:09:01,esterno,1156,15704,-4512,-149,330,34,262888
2026-05-19 20:09:01,lombar,16412,488,4216,89,-280,316,920343
2026-05-19 20:09:01,esterno,1272,15380,-4668,-206,262,128,262910
2026-05-19 20:09:01,lombar,16432,528,4012,101,-307,410,920365
2026-05-19 20:09:01,esterno,1344,15372,-4564,40,465,-93,262932
2026-05-19 20:09:01,lombar,16424,376,4180,119,-244,414,920387
2026-05-19 20:09:01,esterno,1276,15708,-4204,177,422,-292,262954
2026-05-19 20:09:01,lombar,16320,376,4236,114,-295,395,920409
2026-05-19 20:09:01,esterno,1224,15620,-4208,151,209,-219,262976
2026-05-19 20:09:01,esterno,1232,15512,-4632,-11,424,-110,262998
2026-05-19 20:09:01,lombar,16468,504,4184,84,-286,386,920431
2026-05-19 20:09:01,lombar,16392,452,4048,121,-255,324,920453
2026-05-19 20:09:01,esterno,1064,15676,-4508,-232,437,10,263020
2026-05-19 20:09:01,lombar,16412,504,4064,126,-267,355,920475
2026-05-19 20:09:01,esterno,1136,15640,-4268,-274,245,83,263042
2026-05-19 20:09:01,lombar,16508,468,4220,124,-314,357,920497
2026-05-19 20:09:01,esterno,1064,15588,-4468,-182,53,36,263064
2026-05-19 20:09:01,lombar,16440,572,4148,80,-246,386,920519
2026-05-19 20:09:01,esterno,1140,15560,-4608,-365,286,-38,263086
2026-05-19 20:09:01,lombar,16516,524,4120,98,-269,310,920541
2026-05-19 20:09:01,esterno,1084,15464,-4428,-289,245,65,263108
2026-05-19 20:09:01,lombar,16416,436,4112,99,-235,328,920563
2026-05-19 20:09:01,esterno,1144,15368,-4572,-159,127,71,263130
2026-05-19 20:09:01,lombar,16348,548,4064,95,-262,363,920585
2026-05-19 20:09:01,esterno,1252,15664,-4376,-91,299,-118,263152
2026-05-19 20:09:01,lombar,16384,456,4176,132,-208,375,920607
2026-05-19 20:09:01,esterno,1172,15636,-4224,-78,90,-95,263174
2026-05-19 20:09:01,lombar,16312,400,4308,138,-247,341,920629
2026-05-19 20:09:01,esterno,1104,15604,-4264,-163,-50,5,263196
2026-05-19 20:09:01,lombar,16500,460,4092,111,-249,327,920651
2026-05-19 20:09:01,esterno,1200,15572,-4424,-310,98,133,263218
2026-05-19 20:09:01,esterno,1264,15748,-4556,-409,43,96,263240
2026-05-19 20:09:01,lombar,16432,492,4352,116,-242,340,920673
2026-05-19 20:09:01,lombar,16380,500,4096,134,-314,391,920695
2026-05-19 20:09:01,esterno,1156,15612,-4296,-417,60,-6,263262
2026-05-19 20:09:01,lombar,16492,388,4160,145,-290,387,920717
2026-05-19 20:09:01,esterno,1156,15616,-4364,-308,207,-65,263284
2026-05-19 20:09:01,esterno,1240,15628,-4564,-247,234,44,263306
2026-05-19 20:09:01,lombar,16436,360,4224,107,-227,371,920739
2026-05-19 20:09:01,esterno,1096,15504,-4472,-175,173,71,263328
2026-05-19 20:09:01,lombar,16264,400,4088,73,-260,268,920761
2026-05-19 20:09:01,lombar,16388,392,4300,110,-257,279,920783
2026-05-19 20:09:01,esterno,1200,15496,-4500,-100,132,26,263350
2026-05-19 20:09:01,lombar,16400,592,4196,87,-271,342,920805
2026-05-19 20:09:01,esterno,1276,15496,-4440,-140,198,-17,263372
2026-05-19 20:09:01,lombar,16416,424,4352,88,-294,351,920827
2026-05-19 20:09:01,esterno,1256,15512,-4348,-121,197,-2,263394
2026-05-19 20:09:01,lombar,16376,320,4236,72,-276,365,920849
2026-05-19 20:09:01,esterno,1084,15468,-4336,-127,185,-17,263416
2026-05-19 20:09:01,lombar,16400,400,4092,93,-286,301,920871
2026-05-19 20:09:01,esterno,1072,15620,-4328,-159,42,-3,263438
2026-05-19 20:09:01,esterno,1212,15564,-4484,-125,-12,-17,263460
2026-05-19 20:09:01,lombar,16440,432,4328,120,-269,296,920893
2026-05-19 20:09:01,lombar,16380,468,4176,80,-319,300,920915
2026-05-19 20:09:01,esterno,1196,15416,-4740,143,370,-99,263482
2026-05-19 20:09:01,lombar,16328,420,4116,69,-285,295,920937
2026-05-19 20:09:01,esterno,1144,15516,-4136,86,262,-93,263504
2026-05-19 20:09:02,lombar,16568,444,4240,148,-317,280,920959
2026-05-19 20:09:02,esterno,1180,15580,-4096,97,-245,-28,263526
2026-05-19 20:09:02,lombar,16408,572,4100,87,-266,316,920981
2026-05-19 20:09:02,esterno,1064,15648,-4560,62,-178,-40,263548
2026-05-19 20:09:02,esterno,1104,15588,-4552,-59,184,-33,263570
2026-05-19 20:09:02,lombar,16444,656,4092,77,-270,372,921003
2026-05-19 20:09:02,esterno,1292,15468,-4504,67,152,-3,263592
2026-05-19 20:09:02,lombar,16504,408,4076,93,-264,317,921025
2026-05-19 20:09:02,esterno,1344,15556,-4416,346,302,-137,263614
2026-05-19 20:09:02,lombar,16472,448,4124,85,-269,337,921047
2026-05-19 20:09:02,lombar,16464,488,4256,80,-289,364,921069
2026-05-19 20:09:02,esterno,1004,15816,-4288,310,137,-136,263636
2026-05-19 20:09:02,esterno,1128,15564,-4292,207,-85,-4,263658
2026-05-19 20:09:02,lombar,16504,532,4040,75,-291,380,921091
2026-05-19 20:09:02,lombar,16372,616,4140,14,-305,363,921113
2026-05-19 20:09:02,esterno,1224,15496,-4448,148,23,28,263680
2026-05-19 20:09:02,lombar,16472,448,4124,54,-260,322,921135
2026-05-19 20:09:02,esterno,1224,15536,-4424,47,100,78,263702
2026-05-19 20:09:02,lombar,16532,352,4028,47,-258,370,921157
2026-05-19 20:09:02,esterno,1100,15592,-4672,-67,17,52,263724
2026-05-19 20:09:02,lombar,16484,432,4120,77,-246,364,921179
2026-05-19 20:09:02,esterno,1056,15632,-4488,-153,-158,-77,263746
2026-05-19 20:09:02,lombar,16388,468,4180,43,-220,381,921201
2026-05-19 20:09:02,esterno,1176,15608,-4704,-220,90,-137,263768
2026-05-19 20:09:02,lombar,16436,380,4216,65,-268,357,921223
2026-05-19 20:09:02,esterno,1184,15468,-4452,-123,104,-51,263790
2026-05-19 20:09:02,lombar,16420,464,4176,110,-264,349,921245
2026-05-19 20:09:02,esterno,1280,15240,-4664,18,43,-14,263812
2026-05-19 20:09:02,lombar,16400,420,4372,88,-263,410,921267
2026-05-19 20:09:02,esterno,1092,15336,-4512,157,332,-233,263834
2026-05-19 20:09:02,lombar,16388,364,4168,120,-290,413,921289
2026-05-19 20:09:02,esterno,828,15460,-4388,198,67,-302,263856
2026-05-19 20:09:02,lombar,16420,488,4224,123,-272,295,921311
2026-05-19 20:09:02,esterno,984,15612,-4576,223,-13,-128,263878
2026-05-19 20:09:02,esterno,1096,15552,-4576,114,32,43,263900
2026-05-19 20:09:02,lombar,16392,384,4396,96,-280,304,921333
2026-05-19 20:09:02,lombar,16408,452,4072,83,-248,332,921355
2026-05-19 20:09:02,esterno,1156,15452,-4540,162,93,75,263922
2026-05-19 20:09:02,esterno,1028,15300,-4672,325,120,-56,263944
2026-05-19 20:09:02,lombar,16328,404,4052,79,-290,307,921377
2026-05-19 20:09:02,lombar,16464,388,4172,61,-291,367,921399
2026-05-19 20:09:02,esterno,936,15532,-4736,321,100,-75,263966
2026-05-19 20:09:02,lombar,16520,416,4256,77,-263,270,921421
2026-05-19 20:09:02,esterno,980,15592,-4484,188,11,36,263988
2026-05-19 20:09:02,esterno,1152,15548,-4604,107,84,107,264010
2026-05-19 20:09:02,lombar,16368,404,4360,89,-294,389,921443
2026-05-19 20:09:02,lombar,16484,412,4176,47,-288,332,921465
2026-05-19 20:09:02,esterno,1336,15500,-4724,59,155,5,264032
2026-05-19 20:09:02,lombar,16320,268,4148,124,-344,346,921487
2026-05-19 20:09:02,esterno,1144,15436,-4784,30,201,-98,264054
2026-05-19 20:09:02,lombar,16408,460,4284,133,-301,363,921509
2026-05-19 20:09:02,esterno,928,15428,-4756,12,167,-119,264076
2026-05-19 20:09:02,lombar,16352,404,4244,158,-257,363,921531
2026-05-19 20:09:02,esterno,968,15444,-4552,94,102,-41,264098
2026-05-19 20:09:02,lombar,16372,484,4152,150,-245,288,921553
2026-05-19 20:09:02,esterno,1108,15460,-4592,95,106,-15,264120
2026-05-19 20:09:02,lombar,16312,404,4380,173,-296,256,921575
2026-05-19 20:09:02,esterno,1172,15524,-4928,165,179,24,264142
2026-05-19 20:09:02,lombar,16440,516,4236,147,-234,346,921597
2026-05-19 20:09:02,esterno,1096,15344,-4820,187,504,-141,264164
2026-05-19 20:09:02,lombar,16324,468,4228,174,-257,345,921619
2026-05-19 20:09:02,esterno,1084,15428,-4172,7,-169,-73,264186
2026-05-19 20:09:02,lombar,16380,368,4144,163,-300,330,921641
2026-05-19 20:09:02,esterno,1088,15348,-4668,65,-597,54,264208
2026-05-19 20:09:02,esterno,1128,15248,-5200,297,281,-96,264230
2026-05-19 20:09:02,lombar,16440,576,3968,114,-256,326,921663
2026-05-19 20:09:02,lombar,16552,452,4140,132,-216,383,921685
2026-05-19 20:09:02,esterno,1132,15480,-5032,331,298,-209,264252
2026-05-19 20:09:02,esterno,1208,15564,-4960,384,81,-146,264274
2026-05-19 20:09:02,lombar,16464,448,4104,120,-297,384,921707
2026-05-19 20:09:02,lombar,16368,588,4332,90,-233,479,921729
2026-05-19 20:09:02,esterno,1084,15668,-4656,208,347,-156,264296
2026-05-19 20:09:02,lombar,16412,412,4388,83,-201,440,921751
2026-05-19 20:09:02,esterno,1296,15672,-4576,26,232,-15,264318
2026-05-19 20:09:02,lombar,16340,316,4096,93,-281,325,921773
2026-05-19 20:09:02,esterno,1108,15368,-4952,99,208,-59,264340
2026-05-19 20:09:02,lombar,16516,444,4180,58,-275,405,921795
2026-05-19 20:09:02,esterno,972,15276,-5064,56,312,-101,264362
2026-05-19 20:09:02,lombar,16500,464,4080,40,-229,324,921817
2026-05-19 20:09:02,esterno,1028,15352,-5180,41,344,-110,264384
2026-05-19 20:09:02,lombar,16384,384,4256,47,-261,366,921839
2026-05-19 20:09:02,esterno,912,15588,-4800,85,283,-37,264406
2026-05-19 20:09:02,lombar,16300,376,4348,75,-268,356,921861
2026-05-19 20:09:02,esterno,1048,15592,-4712,-50,65,57,264428
2026-05-19 20:09:02,lombar,16412,316,4144,84,-268,369,921883
2026-05-19 20:09:02,esterno,976,15384,-4940,-70,24,4,264450
2026-05-19 20:09:02,lombar,16484,464,4356,133,-265,352,921905
2026-05-19 20:09:02,esterno,884,15168,-5216,-52,101,-43,264472
2026-05-19 20:09:02,lombar,16344,504,4248,83,-268,365,921927
2026-05-19 20:09:02,esterno,1044,15260,-4968,16,65,26,264494
2026-05-19 20:09:02,lombar,16384,316,4188,89,-241,301,921949
2026-05-19 20:09:02,esterno,1016,15496,-4784,-48,89,-23,264516
2026-05-19 20:09:03,lombar,16376,356,4196,130,-219,301,921971
2026-05-19 20:09:03,esterno,928,15584,-4832,-44,-164,100,264538
2026-05-19 20:09:03,lombar,16416,428,4292,133,-267,330,921993
2026-05-19 20:09:03,esterno,1108,15456,-5100,3,-102,90,264560
2026-05-19 20:09:03,lombar,16368,520,4188,94,-315,327,922015
2026-05-19 20:09:03,esterno,1144,15368,-5032,-89,12,52,264582
2026-05-19 20:09:03,esterno,1232,15260,-5036,-104,54,24,264604
2026-05-19 20:09:03,lombar,16448,536,4120,101,-301,359,922037
2026-05-19 20:09:03,lombar,16472,528,4020,100,-309,280,922059
2026-05-19 20:09:03,esterno,1040,15308,-5056,-86,247,-50,264626
2026-05-19 20:09:03,lombar,16472,476,4136,94,-272,358,922081
2026-05-19 20:09:03,esterno,1096,15608,-4808,-71,243,-76,264648
2026-05-19 20:09:03,lombar,16444,516,4204,63,-259,316,922103
2026-05-19 20:09:03,esterno,1112,15380,-4780,-66,171,-8,264670
2026-05-19 20:09:03,lombar,16364,432,4196,79,-257,324,922125
2026-05-19 20:09:03,esterno,1044,15276,-4876,-52,169,34,264692
2026-05-19 20:09:03,lombar,16368,432,4252,77,-236,308,922147
2026-05-19 20:09:03,esterno,964,15404,-5008,8,147,64,264714
2026-05-19 20:09:03,lombar,16408,312,4240,58,-241,326,922169
2026-05-19 20:09:03,esterno,996,15304,-4912,95,105,55,264736
2026-05-19 20:09:03,lombar,16500,388,4128,63,-186,319,922191
2026-05-19 20:09:03,esterno,1040,15340,-5216,418,201,-58,264758
2026-05-19 20:09:03,lombar,16496,332,4244,63,-199,321,922213
2026-05-19 20:09:03,esterno,1072,15412,-5024,459,564,-247,264780
2026-05-19 20:09:03,lombar,16384,264,4384,83,-219,384,922235
2026-05-19 20:09:03,esterno,1120,15592,-4628,80,-493,57,264802
2026-05-19 20:09:03,lombar,16364,320,4212,117,-209,322,922257
2026-05-19 20:09:03,esterno,1040,15352,-5528,152,-249,85,264824
2026-05-19 20:09:03,lombar,16392,476,4036,33,-249,290,922279
2026-05-19 20:09:03,esterno,1028,15192,-5316,184,332,-56,264846
2026-05-19 20:09:03,lombar,16456,428,4348,6,-236,322,922301
2026-05-19 20:09:03,esterno,932,15348,-5304,228,213,-130,264868
2026-05-19 20:09:03,lombar,16488,384,4096,56,-255,353,922323
2026-05-19 20:09:03,esterno,1008,15336,-5232,263,214,-98,264890
2026-05-19 20:09:03,lombar,16416,376,4084,49,-203,350,922345
2026-05-19 20:09:03,esterno,1024,15684,-5004,2,266,-9,264912
2026-05-19 20:09:03,esterno,964,15628,-4920,-116,-21,129,264934
2026-05-19 20:09:03,lombar,16420,336,4320,100,-247,334,922367
2026-05-19 20:09:03,lombar,16380,368,4172,135,-276,276,922389
2026-05-19 20:09:03,esterno,1044,15388,-5048,-51,-255,177,264956
2026-05-19 20:09:03,lombar,16380,432,4312,57,-316,328,922411
2026-05-19 20:09:03,esterno,972,15292,-5124,-203,-94,162,264978
2026-05-19 20:09:03,lombar,16428,452,4180,79,-278,292,922433
2026-05-19 20:09:03,esterno,976,15260,-5352,-296,29,200,265000
2026-05-19 20:09:03,lombar,16408,504,4332,63,-276,311,922455
2026-05-19 20:09:03,esterno,1156,15500,-5212,-198,14,146,265022
2026-05-19 20:09:03,lombar,16496,456,4264,93,-321,269,922477
2026-05-19 20:09:03,esterno,1148,15608,-5080,-372,-179,160,265044
2026-05-19 20:09:03,lombar,16404,444,4196,105,-291,227,922499
2026-05-19 20:09:03,esterno,1036,15260,-5024,-431,-19,124,265066
2026-05-19 20:09:03,lombar,16396,444,4424,111,-287,263,922521
2026-05-19 20:09:03,esterno,1044,15032,-5340,-407,114,155,265088
2026-05-19 20:09:03,lombar,16352,512,4276,85,-259,341,922543
2026-05-19 20:09:03,esterno,1184,15368,-5084,-326,298,152,265110
2026-05-19 20:09:03,lombar,16344,428,4124,104,-280,341,922565
2026-05-19 20:09:03,esterno,1000,15560,-4840,-463,252,89,265132
2026-05-19 20:09:03,lombar,16444,348,4132,89,-271,320,922587
2026-05-19 20:09:03,esterno,916,15544,-4996,-459,-10,108,265154
2026-05-19 20:09:03,lombar,16448,392,4136,132,-331,318,922609
2026-05-19 20:09:03,esterno,1120,15268,-5104,-345,169,28,265176
2026-05-19 20:09:03,lombar,16356,440,4128,107,-278,305,922631
2026-05-19 20:09:03,esterno,1188,15252,-5084,-293,152,33,265198
2026-05-19 20:09:03,esterno,1080,15288,-5016,-263,125,0,265220
2026-05-19 20:09:03,lombar,16464,324,4132,48,-308,362,922653
2026-05-19 20:09:03,lombar,16388,376,4224,99,-302,342,922675
2026-05-19 20:09:03,esterno,1132,15520,-4896,-258,157,-16,265242
2026-05-19 20:09:03,esterno,1048,15528,-5124,-274,275,-15,265264
2026-05-19 20:09:03,lombar,16436,392,4292,131,-265,407,922697
2026-05-19 20:09:03,lombar,16516,504,4284,116,-236,329,922719
2026-05-19 20:09:03,esterno,1104,15408,-5036,-345,195,91,265286
2026-05-19 20:09:03,lombar,16440,548,4124,95,-235,300,922741
2026-05-19 20:09:03,esterno,1128,15328,-4940,-504,222,140,265308
2026-05-19 20:09:03,lombar,16392,372,4292,89,-282,323,922763
2026-05-19 20:09:03,esterno,1068,15500,-4932,-607,218,143,265330
2026-05-19 20:09:03,lombar,16468,324,4212,137,-241,255,922785
2026-05-19 20:09:03,esterno,876,15316,-4852,-322,198,89,265352
2026-05-19 20:09:03,lombar,16364,500,4328,105,-236,332,922807
2026-05-19 20:09:03,esterno,1044,15168,-5272,-48,512,2,265374
2026-05-19 20:09:03,lombar,16520,280,4328,135,-225,303,922829
2026-05-19 20:09:03,esterno,1172,15528,-4852,-440,190,17,265396
2026-05-19 20:09:03,lombar,16356,432,4188,169,-274,269,922851
2026-05-19 20:09:03,esterno,1176,15304,-4780,-610,-220,85,265418
2026-05-19 20:09:03,lombar,16276,536,4136,118,-210,265,922873
2026-05-19 20:09:03,esterno,1064,15484,-5092,-309,170,12,265440
2026-05-19 20:09:03,lombar,16368,404,4116,138,-204,309,922895
2026-05-19 20:09:03,esterno,1136,15304,-5092,-203,390,-69,265462
2026-05-19 20:09:03,lombar,16516,428,4340,177,-254,345,922917
2026-05-19 20:09:03,esterno,1136,15044,-5184,-207,330,-187,265484
2026-05-19 20:09:03,lombar,16436,504,4232,109,-243,430,922939
2026-05-19 20:09:03,esterno,1228,15572,-4804,-252,524,-225,265506
2026-05-19 20:09:04,lombar,16380,292,4324,138,-247,358,922961
2026-05-19 20:09:04,esterno,1080,15644,-4504,-386,275,-135,265528
2026-05-19 20:09:04,lombar,16456,496,4176,116,-236,387,922983
2026-05-19 20:09:04,esterno,1028,15532,-4612,-53,182,-84,265550
2026-05-19 20:09:04,lombar,16400,552,4176,86,-188,398,923005
2026-05-19 20:09:04,esterno,1168,15316,-5140,-148,345,-92,265572
2026-05-19 20:09:04,esterno,1068,15368,-5324,-572,457,-77,265594
2026-05-19 20:09:04,lombar,16324,404,4056,94,-182,364,923027
2026-05-19 20:09:04,lombar,16424,288,4084,144,-186,398,923049
2026-05-19 20:09:04,esterno,960,15448,-4756,-593,357,-136,265616
2026-05-19 20:09:04,lombar,16440,460,4384,122,-216,387,923071
2026-05-19 20:09:04,esterno,1096,15784,-4536,-496,135,36,265638
2026-05-19 20:09:04,lombar,16396,412,4264,86,-198,303,923093
2026-05-19 20:09:04,esterno,1000,15468,-4864,-345,251,120,265660
2026-05-19 20:09:04,lombar,16500,364,4188,98,-149,290,923115
2026-05-19 20:09:04,esterno,940,15340,-4664,-314,244,137,265682
2026-05-19 20:09:04,lombar,16432,380,4448,112,-189,311,923137
2026-05-19 20:09:04,esterno,952,15268,-5060,-596,13,247,265704
2026-05-19 20:09:04,lombar,16488,376,4204,48,-186,260,923159
2026-05-19 20:09:04,esterno,1068,15460,-4880,-810,348,88,265726
2026-05-19 20:09:04,lombar,16468,384,4124,128,-162,258,923181
2026-05-19 20:09:04,esterno,940,15404,-4528,-664,61,107,265748
2026-05-19 20:09:04,lombar,16396,400,4336,100,-144,294,923203
2026-05-19 20:09:04,esterno,1104,15404,-4304,-148,-79,150,265770
2026-05-19 20:09:04,lombar,16428,492,4340,83,-185,262,923225
2026-05-19 20:09:04,esterno,1268,15608,-4696,-21,151,118,265792
2026-05-19 20:09:04,lombar,16388,480,4156,65,-178,292,923247
2026-05-19 20:09:04,esterno,1232,15580,-4976,-274,197,46,265814
2026-05-19 20:09:04,lombar,16456,464,4368,59,-206,316,923269
2026-05-19 20:09:04,esterno,1152,15288,-4732,-301,313,-57,265836
2026-05-19 20:09:04,lombar,16360,472,4212,80,-249,315,923291
2026-05-19 20:09:04,esterno,1144,15352,-4548,65,395,-226,265858
2026-05-19 20:09:04,esterno,1032,15552,-4756,62,330,-185,265880
2026-05-19 20:09:04,lombar,16500,380,4260,66,-194,271,923313
2026-05-19 20:09:04,lombar,16444,472,4416,117,-235,338,923335
2026-05-19 20:09:04,esterno,960,15592,-5016,-326,283,75,265902
2026-05-19 20:09:04,lombar,16388,456,4304,121,-249,317,923357
2026-05-19 20:09:04,esterno,1064,15492,-4656,-532,6,246,265924
2026-05-19 20:09:04,lombar,16384,440,4232,143,-160,290,923379
2026-05-19 20:09:04,esterno,1204,15428,-4520,-371,92,121,265946
2026-05-19 20:09:04,lombar,16376,456,4444,105,-162,339,923401
2026-05-19 20:09:04,esterno,1192,15332,-4864,-96,652,-95,265968
2026-05-19 20:09:04,lombar,16452,472,4360,122,-184,276,923423
2026-05-19 20:09:04,esterno,1136,15460,-4344,-352,156,-6,265990
2026-05-19 20:09:04,lombar,16412,404,4360,132,-175,229,923445
2026-05-19 20:09:04,esterno,972,15440,-4820,-592,-245,206,266012
2026-05-19 20:09:04,lombar,16384,636,4512,112,-202,325,923467
2026-05-19 20:09:04,esterno,1116,15140,-4940,-615,103,107,266034
2026-05-19 20:09:04,lombar,16428,492,4124,89,-191,300,923489
2026-05-19 20:09:04,esterno,1112,15332,-4544,-164,241,35,266056
2026-05-19 20:09:04,lombar,16472,352,4216,82,-209,299,923511
2026-05-19 20:09:04,esterno,1280,15720,-4788,203,192,-24,266078
2026-05-19 20:09:04,lombar,16424,336,4388,130,-163,282,923533
2026-05-19 20:09:04,esterno,1168,15768,-4756,-2,387,-51,266100
2026-05-19 20:09:04,lombar,16340,500,4380,171,-227,341,923555
2026-05-19 20:09:04,esterno,1172,15772,-4556,-442,167,28,266122
2026-05-19 20:09:04,lombar,16428,516,4160,153,-247,287,923577
2026-05-19 20:09:04,esterno,1152,15484,-4616,-337,139,45,266144
2026-05-19 20:09:04,lombar,16300,372,4588,104,-239,399,923599
2026-05-19 20:09:04,esterno,1212,15332,-4476,-41,256,-46,266166
2026-05-19 20:09:04,lombar,16344,516,4360,142,-244,393,923621
2026-05-19 20:09:04,esterno,1216,15280,-4560,-41,449,-172,266188
2026-05-19 20:09:04,esterno,1140,15444,-4784,-301,443,-111,266210
2026-05-19 20:09:04,lombar,16416,484,4140,125,-130,356,923643
2026-05-19 20:09:04,lombar,16480,520,4448,118,-234,364,923665
2026-05-19 20:09:04,esterno,1156,15772,-4984,-659,341,-39,266232
2026-05-19 20:09:04,esterno,1040,15756,-4592,-786,271,14,266254
2026-05-19 20:09:04,lombar,16404,588,4292,70,-208,338,923687
2026-05-19 20:09:04,lombar,16416,436,4176,106,-282,332,923709
2026-05-19 20:09:04,esterno,1020,15436,-4328,-492,136,94,266276
2026-05-19 20:09:04,esterno,1156,15368,-4692,-326,-60,173,266298
2026-05-19 20:09:04,lombar,16300,436,4560,91,-289,353,923731
2026-05-19 20:09:04,lombar,16280,360,4236,71,-254,313,923753
2026-05-19 20:09:04,esterno,1200,15452,-4500,-371,361,139,266320
2026-05-19 20:09:04,lombar,16284,348,4148,151,-226,267,923775
2026-05-19 20:09:04,esterno,1172,15552,-4488,-655,44,161,266342
2026-05-19 20:09:04,lombar,16432,536,4324,128,-297,349,923797
2026-05-19 20:09:04,esterno,1152,15548,-4576,-699,159,104,266364
2026-05-19 20:09:04,lombar,16424,420,4444,110,-281,291,923819
2026-05-19 20:09:04,esterno,1176,15524,-4536,-567,215,58,266386
2026-05-19 20:09:04,lombar,16488,352,4464,69,-250,378,923841
2026-05-19 20:09:04,esterno,1088,15492,-4388,-530,204,82,266408
2026-05-19 20:09:04,lombar,16448,368,4232,76,-306,341,923863
2026-05-19 20:09:04,esterno,896,15420,-4336,-346,75,124,266430
2026-05-19 20:09:04,lombar,16292,404,4352,130,-253,312,923885
2026-05-19 20:09:04,esterno,1232,15636,-4520,-365,263,151,266452
2026-05-19 20:09:04,lombar,16500,400,4332,114,-255,354,923907
2026-05-19 20:09:04,esterno,1164,15648,-4284,-594,307,171,266474
2026-05-19 20:09:04,lombar,16428,412,4352,59,-270,345,923929
2026-05-19 20:09:04,esterno,1056,15620,-4516,-574,128,55,266496
2026-05-19 20:09:04,lombar,16356,332,4124,55,-258,291,923951
2026-05-19 20:09:04,esterno,1060,15584,-4180,-380,-99,71,266518
2026-05-19 20:09:05,esterno,1216,15396,-4296,-187,-179,142,266540
2026-05-19 20:09:05,lombar,16484,344,4392,74,-242,311,923973
2026-05-19 20:09:05,lombar,16376,520,4220,73,-182,347,923995
2026-05-19 20:09:05,esterno,1076,15524,-4612,69,499,62,266562
2026-05-19 20:09:05,esterno,1296,15672,-4168,-178,36,84,266584
2026-05-19 20:09:05,lombar,16416,316,4340,133,-208,348,924017
2026-05-19 20:09:05,lombar,16476,388,4240,161,-239,370,924039
2026-05-19 20:09:05,esterno,1348,15504,-4300,-375,-317,131,266606
2026-05-19 20:09:05,lombar,16300,456,4260,149,-259,325,924061
2026-05-19 20:09:05,esterno,1260,15448,-4536,-264,89,-11,266628
2026-05-19 20:09:05,lombar,16384,476,4400,198,-259,342,924083
2026-05-19 20:09:05,esterno,1244,15328,-4352,10,439,-209,266650
2026-05-19 20:09:05,lombar,16400,544,4440,162,-234,383,924105
2026-05-19 20:09:05,esterno,1200,15564,-4428,415,311,-215,266672
2026-05-19 20:09:05,lombar,16380,396,4380,159,-212,329,924127
2026-05-19 20:09:05,esterno,1200,15796,-4416,200,444,-141,266694
2026-05-19 20:09:05,lombar,16380,424,4372,138,-264,349,924149
2026-05-19 20:09:05,esterno,932,15552,-4524,-417,184,0,266716
2026-05-19 20:09:05,lombar,16544,552,4432,144,-255,398,924171
2026-05-19 20:09:05,esterno,1128,15420,-4436,-473,108,86,266738
2026-05-19 20:09:05,lombar,16268,452,4468,67,-210,280,924193
2026-05-19 20:09:05,esterno,1476,15664,-4552,9,330,10,266760
2026-05-19 20:09:05,lombar,16456,440,4336,115,-238,250,924215
2026-05-19 20:09:05,esterno,1256,15596,-4588,224,618,-31,266782
2026-05-19 20:09:05,lombar,16516,480,4592,74,-226,324,924237
2026-05-19 20:09:05,esterno,980,15308,-4316,82,320,-14,266804
2026-05-19 20:09:05,lombar,16424,508,4136,26,-198,399,924259
2026-05-19 20:09:05,esterno,1132,15408,-3972,-84,-85,102,266826
2026-05-19 20:09:05,lombar,16340,400,4204,-92,-227,333,924281
2026-05-19 20:09:05,esterno,1012,15652,-3904,-229,-148,116,266848
2026-05-19 20:09:05,lombar,16344,376,4392,-208,-152,327,924303
2026-05-19 20:09:05,esterno,1104,15980,-4448,-602,71,154,266870
2026-05-19 20:09:05,lombar,16388,376,4444,-200,-311,269,924325
2026-05-19 20:09:05,esterno,1292,15544,-4968,-953,329,163,266892
2026-05-19 20:09:05,esterno,1280,15192,-4548,-635,487,48,266914
2026-05-19 20:09:05,lombar,16320,172,4288,-124,-330,257,924347
2026-05-19 20:09:05,lombar,16312,336,4424,-48,-322,316,924369
2026-05-19 20:09:05,esterno,936,15348,-4204,-148,33,-128,266936
2026-05-19 20:09:05,lombar,16456,312,4508,-20,-350,326,924391
2026-05-19 20:09:05,esterno,944,15552,-4428,-42,102,-187,266958
2026-05-19 20:09:05,lombar,16332,276,4428,37,-332,279,924413
2026-05-19 20:09:05,esterno,1312,15840,-4388,-356,349,22,266980
2026-05-19 20:09:05,esterno,1336,15760,-4376,-716,356,264,267002
2026-05-19 20:09:05,lombar,16348,244,4644,144,-330,233,924435
2026-05-19 20:09:05,lombar,16348,548,4536,206,-300,215,924457
2026-05-19 20:09:05,esterno,1364,15432,-4492,-501,222,173,267024
2026-05-19 20:09:05,lombar,16380,632,4300,212,-384,240,924479
2026-05-19 20:09:05,esterno,1224,15288,-4380,-77,243,-39,267046
2026-05-19 20:09:05,lombar,16360,696,4516,150,-404,218,924501
2026-05-19 20:09:05,esterno,1112,15240,-4420,15,246,-106,267068
2026-05-19 20:09:05,lombar,16408,680,4344,100,-437,323,924523
2026-05-19 20:09:05,esterno,1200,15368,-4484,-79,221,-73,267090
2026-05-19 20:09:05,lombar,16408,636,4384,95,-442,360,924545
2026-05-19 20:09:05,esterno,1252,15608,-4148,59,3,-134,267112
2026-05-19 20:09:05,lombar,16460,532,4476,-14,-398,427,924567
2026-05-19 20:09:05,esterno,1452,15612,-3920,281,-155,-200,267134
2026-05-19 20:09:05,lombar,16492,568,4036,-52,-375,344,924589
2026-05-19 20:09:05,esterno,1356,15440,-4352,482,77,-355,267156
2026-05-19 20:09:05,lombar,16408,520,4068,-78,-341,375,924611
2026-05-19 20:09:05,esterno,1068,15436,-4188,555,287,-474,267178
2026-05-19 20:09:05,esterno,1228,15740,-4152,417,-307,-208,267200
2026-05-19 20:09:05,lombar,16532,376,4088,-96,-270,347,924633
2026-05-19 20:09:05,lombar,16432,352,4008,-86,-286,379,924655
2026-05-19 20:09:05,esterno,1100,15884,-4516,338,-265,17,267222
2026-05-19 20:09:05,esterno,1096,15628,-4532,164,274,12,267244
2026-05-19 20:09:05,lombar,16476,328,4228,-60,-274,319,924677
2026-05-19 20:09:05,lombar,16420,380,4084,-44,-273,301,924699
2026-05-19 20:09:05,esterno,1084,15564,-4576,-12,383,25,267266
2026-05-19 20:09:05,lombar,16392,264,4192,40,-269,255,924721
2026-05-19 20:09:05,esterno,1096,15444,-4600,138,434,-85,267288
2026-05-19 20:09:05,esterno,916,15556,-4324,291,451,-132,267310
2026-05-19 20:09:05,lombar,16520,344,4408,75,-265,248,924743
2026-05-19 20:09:05,lombar,16408,304,4460,111,-239,391,924765
2026-05-19 20:09:05,esterno,728,15780,-4216,99,172,-1,267332
2026-05-19 20:09:05,lombar,16376,316,4212,153,-262,339,924787
2026-05-19 20:09:05,esterno,1080,15592,-4456,-76,245,32,267354
2026-05-19 20:09:05,lombar,16312,528,4360,150,-241,280,924809
2026-05-19 20:09:05,esterno,1152,15348,-4524,35,269,27,267376
2026-05-19 20:09:05,lombar,16328,520,4460,193,-211,269,924831
2026-05-19 20:09:05,esterno,1364,15404,-4564,54,306,-41,267398
2026-05-19 20:09:05,lombar,16312,468,4352,158,-256,325,924853
2026-05-19 20:09:05,esterno,1220,15624,-4752,-111,290,-28,267420
2026-05-19 20:09:05,lombar,16320,548,4304,75,-267,256,924875
2026-05-19 20:09:05,esterno,1144,15704,-4660,-393,465,53,267442
2026-05-19 20:09:05,lombar,16388,456,4416,34,-279,316,924897
2026-05-19 20:09:05,esterno,992,15400,-4484,-233,308,3,267464
2026-05-19 20:09:05,lombar,16380,544,4320,52,-239,313,924919
2026-05-19 20:09:05,esterno,1320,15368,-4664,-78,29,-39,267486
2026-05-19 20:09:05,lombar,16376,596,4468,9,-311,365,924941
2026-05-19 20:09:05,esterno,1368,15556,-4596,-155,297,23,267508
2026-05-19 20:09:06,lombar,16308,416,4336,2,-250,291,924963
2026-05-19 20:09:06,esterno,1216,15752,-4380,-300,98,92,267530
2026-05-19 20:09:06,lombar,16340,344,4372,15,-280,368,924985
2026-05-19 20:09:06,esterno,1040,15600,-4496,-318,-13,139,267552
2026-05-19 20:09:06,lombar,16368,448,4352,45,-322,378,925007
2026-05-19 20:09:06,esterno,1076,15336,-4404,-172,54,111,267574
2026-05-19 20:09:06,lombar,16432,404,4320,-14,-262,230,925029
2026-05-19 20:09:06,esterno,1092,15288,-4580,-151,-12,101,267596
2026-05-19 20:09:06,esterno,1028,15524,-4708,-85,25,79,267618
2026-05-19 20:09:06,lombar,16464,364,4300,51,-293,269,925051
2026-05-19 20:09:06,lombar,16348,444,4328,71,-272,264,925073
2026-05-19 20:09:06,esterno,1160,15592,-4436,-142,101,98,267640
2026-05-19 20:09:06,lombar,16444,448,4364,124,-282,338,925095
2026-05-19 20:09:06,esterno,1200,15552,-4288,-162,124,76,267662
2026-05-19 20:09:06,lombar,16472,500,4460,134,-247,305,925117
2026-05-19 20:09:06,esterno,1336,15404,-4484,-52,203,8,267684
2026-05-19 20:09:06,lombar,16332,340,4256,138,-266,310,925139
2026-05-19 20:09:06,esterno,1108,15480,-4364,-83,244,-14,267706
2026-05-19 20:09:06,lombar,16408,356,4336,116,-259,299,925161
2026-05-19 20:09:06,esterno,1044,15564,-4496,-175,106,-17,267728
2026-05-19 20:09:06,lombar,16444,372,4348,111,-257,332,925183
2026-05-19 20:09:06,esterno,1056,15624,-4492,-137,-53,29,267750
2026-05-19 20:09:06,lombar,16416,440,4280,113,-217,314,925205
2026-05-19 20:09:06,esterno,1108,15428,-4604,108,194,12,267772
2026-05-19 20:09:06,lombar,16364,500,4228,126,-262,369,925227
2026-05-19 20:09:06,esterno,1144,15468,-4632,97,414,-87,267794
2026-05-19 20:09:06,lombar,16436,480,4236,95,-244,270,925249
2026-05-19 20:09:06,esterno,1228,15572,-4296,-174,6,35,267816
2026-05-19 20:09:06,lombar,16316,504,4200,90,-244,345,925271
2026-05-19 20:09:06,esterno,1168,15544,-4496,-241,-308,52,267838
2026-05-19 20:09:06,lombar,16332,516,4304,81,-200,352,925293
2026-05-19 20:09:06,esterno,1220,15520,-4752,-177,232,-56,267860
2026-05-19 20:09:06,lombar,16428,508,4304,112,-233,342,925315
2026-05-19 20:09:06,esterno,1308,15348,-4792,-239,283,-14,267882
2026-05-19 20:09:06,esterno,1228,15492,-4704,-108,217,50,267904
2026-05-19 20:09:06,lombar,16492,436,4300,113,-208,369,925337
2026-05-19 20:09:06,lombar,16380,452,4272,151,-133,403,925359
2026-05-19 20:09:06,esterno,1224,15844,-4388,-189,329,52,267926
2026-05-19 20:09:06,lombar,16452,452,4500,155,-94,359,925381
2026-05-19 20:09:06,esterno,1232,15844,-4376,-597,184,163,267948
2026-05-19 20:09:06,lombar,16324,464,4304,215,-40,355,925403
2026-05-19 20:09:06,esterno,1024,15412,-4360,-763,180,219,267970
2026-05-19 20:09:06,lombar,16388,364,4312,297,38,391,925425
2026-05-19 20:09:06,esterno,1272,15452,-4308,-853,163,263,267992
2026-05-19 20:09:06,lombar,16364,552,4416,200,0,321,925447
2026-05-19 20:09:06,esterno,1212,15336,-4728,-1084,343,350,268014
2026-05-19 20:09:06,lombar,16348,504,4716,125,15,334,925469
2026-05-19 20:09:06,esterno,1240,15556,-4580,-1250,438,327,268036
2026-05-19 20:09:06,lombar,16352,420,4388,98,-138,349,925491
2026-05-19 20:09:06,esterno,1352,15688,-4188,-1087,446,184,268058
2026-05-19 20:09:06,lombar,16368,496,4616,85,-188,304,925513
2026-05-19 20:09:06,esterno,1284,15592,-4052,-512,306,80,268080
2026-05-19 20:09:06,lombar,16304,468,4564,109,-220,356,925535
2026-05-19 20:09:06,esterno,1160,15276,-4420,-307,187,26,268102
2026-05-19 20:09:06,lombar,16276,360,4616,15,-279,383,925557
2026-05-19 20:09:06,esterno,1176,15424,-4584,-457,440,-24,268124
2026-05-19 20:09:06,lombar,16308,352,4500,-8,-303,301,925579
2026-05-19 20:09:06,esterno,960,15384,-4124,-583,204,-19,268146
2026-05-19 20:09:06,lombar,16360,364,4400,15,-324,274,925601
2026-05-19 20:09:06,esterno,1080,15504,-4124,-188,-34,-64,268168
2026-05-19 20:09:06,esterno,1328,15528,-4084,215,83,-91,268190
2026-05-19 20:09:06,lombar,16332,420,4456,-31,-334,323,925623
2026-05-19 20:09:06,esterno,1300,15592,-4280,-13,183,-55,268212
2026-05-19 20:09:06,lombar,16360,572,4476,59,-333,274,925645
2026-05-19 20:09:06,esterno,1396,15768,-4444,-273,320,-55,268234
2026-05-19 20:09:06,lombar,16364,464,4436,45,-322,318,925667
2026-05-19 20:09:06,lombar,16392,476,4196,79,-355,400,925689
2026-05-19 20:09:06,esterno,1248,15708,-4172,-175,373,-168,268256
2026-05-19 20:09:06,lombar,16460,388,4308,96,-336,369,925711
2026-05-19 20:09:06,esterno,1276,15664,-3964,-79,273,-91,268278
2026-05-19 20:09:06,esterno,1148,15480,-4168,-170,274,10,268300
2026-05-19 20:09:06,lombar,16340,392,4488,102,-355,369,925733
2026-05-19 20:09:06,esterno,1164,15600,-4192,-358,295,39,268322
2026-05-19 20:09:06,lombar,16452,432,4424,109,-337,337,925755
2026-05-19 20:09:06,esterno,1196,15736,-4044,-325,72,41,268344
2026-05-19 20:09:06,lombar,16388,508,4452,95,-316,326,925777
2026-05-19 20:09:06,esterno,1220,15660,-3872,-246,-273,66,268366
2026-05-19 20:09:06,lombar,16404,412,4400,104,-323,345,925799
2026-05-19 20:09:06,lombar,16432,404,4540,90,-355,350,925821
2026-05-19 20:09:06,esterno,1280,15368,-4216,-2,50,62,268388
2026-05-19 20:09:06,lombar,16360,432,4376,86,-345,306,925843
2026-05-19 20:09:06,esterno,1380,15428,-4388,76,310,-22,268410
2026-05-19 20:09:06,lombar,16500,436,4632,82,-431,312,925865
2026-05-19 20:09:06,esterno,1324,15580,-4168,50,-135,18,268432
2026-05-19 20:09:06,lombar,16408,504,4388,78,-700,337,925887
2026-05-19 20:09:06,esterno,1192,15572,-4156,206,-101,-93,268454
2026-05-19 20:09:06,lombar,16396,636,4620,53,-1224,344,925909
2026-05-19 20:09:06,esterno,1156,15724,-4496,331,427,-262,268476
2026-05-19 20:09:06,lombar,16476,452,3796,78,-1576,274,925931
2026-05-19 20:09:06,esterno,1268,15780,-4700,206,586,-213,268498
2026-05-19 20:09:07,lombar,16660,616,4104,-22,-1413,224,925953
2026-05-19 20:09:07,esterno,1268,15944,-4700,177,754,-155,268520
2026-05-19 20:09:07,lombar,16676,728,4080,-60,-1424,436,925975
2026-05-19 20:09:07,esterno,712,15944,-3736,556,571,-255,268542
2026-05-19 20:09:07,lombar,16664,972,3932,-199,-1177,687,925997
2026-05-19 20:09:07,esterno,100,15184,-2744,1465,-350,-282,268564
2026-05-19 20:09:07,lombar,16424,420,3708,-316,-888,747,926019
2026-05-19 20:09:07,esterno,-328,14540,-2916,1722,-870,-473,268586
2026-05-19 20:09:07,lombar,16788,180,3568,-252,-306,530,926041
2026-05-19 20:09:07,esterno,56,15092,-3700,300,-627,-885,268608
2026-05-19 20:09:07,esterno,1420,16060,-4776,-1791,206,-1023,268630
2026-05-19 20:09:07,lombar,16844,0,4272,-411,-201,529,926063
2026-05-19 20:09:07,lombar,16812,-16,3848,-274,-75,504,926085
2026-05-19 20:09:07,esterno,2172,16364,-4720,-2475,455,-881,268652
2026-05-19 20:09:07,lombar,16580,80,3744,-222,-113,666,926107
2026-05-19 20:09:07,esterno,1888,15532,-4860,-648,-355,-858,268674
2026-05-19 20:09:07,lombar,16488,-80,4024,-51,-14,450,926129
2026-05-19 20:09:07,esterno,1028,15128,-4816,1686,-97,-880,268696
2026-05-19 20:09:07,lombar,16264,-116,4400,103,53,272,926151
2026-05-19 20:09:07,esterno,696,15068,-4832,1565,394,-781,268718
2026-05-19 20:09:07,lombar,16048,-112,4076,418,50,161,926173
2026-05-19 20:09:07,esterno,756,15292,-4972,272,716,-543,268740
2026-05-19 20:09:07,lombar,16076,248,4544,566,101,129,926195
2026-05-19 20:09:07,esterno,1180,15360,-4912,-365,1350,-278,268762
2026-05-19 20:09:07,esterno,1312,15532,-4904,-228,1631,-146,268784
2026-05-19 20:09:07,lombar,16176,160,4560,706,77,78,926217
2026-05-19 20:09:07,lombar,16192,216,4572,943,128,-24,926239
2026-05-19 20:09:07,esterno,1272,15404,-5252,412,1247,-100,268806
2026-05-19 20:09:07,lombar,16256,504,4568,1014,4,33,926261
2026-05-19 20:09:07,esterno,1396,15272,-5136,934,1112,-180,268828
2026-05-19 20:09:07,esterno,1340,15156,-4892,923,1155,-446,268850
2026-05-19 20:09:07,lombar,16412,640,4528,974,-43,12,926283
2026-05-19 20:09:07,lombar,16276,888,4596,909,-144,67,926305
2026-05-19 20:09:07,esterno,1140,15940,-4508,619,1026,-519,268872
2026-05-19 20:09:07,lombar,16196,1072,4336,690,-259,150,926327
2026-05-19 20:09:07,esterno,724,16260,-4360,437,496,-130,268894
2026-05-19 20:09:07,lombar,16112,972,4092,393,-374,162,926349
2026-05-19 20:09:07,esterno,616,16112,-4576,421,-100,332,268916
2026-05-19 20:09:07,lombar,16180,876,4224,152,-554,179,926371
2026-05-19 20:09:07,esterno,420,15708,-4412,342,-804,607,268938
2026-05-19 20:09:07,lombar,16312,788,4136,16,-663,236,926393
2026-05-19 20:09:07,esterno,280,15376,-4708,1,-1154,693,268960
2026-05-19 20:09:07,lombar,16332,536,4220,-20,-743,222,926415
2026-05-19 20:09:07,esterno,632,15512,-4416,-390,-1377,713,268982
2026-05-19 20:09:07,lombar,16424,504,4112,-106,-714,160,926437
2026-05-19 20:09:07,esterno,1092,15752,-4972,-476,-1027,788,269004
2026-05-19 20:09:07,esterno,1460,15984,-5180,-521,-431,808,269026
2026-05-19 20:09:07,lombar,16472,508,3888,-94,-789,195,926459
2026-05-19 20:09:07,lombar,16608,404,3996,-108,-788,151,926481
2026-05-19 20:09:07,esterno,1796,16012,-4884,-849,-397,934,269048
2026-05-19 20:09:07,lombar,16488,240,4236,-59,-733,187,926503
2026-05-19 20:09:07,esterno,1128,15808,-4660,-794,-365,958,269070
2026-05-19 20:09:07,lombar,16380,400,3932,-67,-718,241,926525
2026-05-19 20:09:07,esterno,640,15240,-4924,-602,-4,859,269092
2026-05-19 20:09:07,lombar,16476,376,3800,-147,-872,263,926547
2026-05-19 20:09:07,esterno,576,15212,-4800,-841,353,764,269114
2026-05-19 20:09:07,lombar,16736,264,4224,-11,-1084,237,926569
2026-05-19 20:09:07,esterno,1128,15336,-4936,-961,474,767,269136
2026-05-19 20:09:07,esterno,1112,15644,-4712,-838,648,608,269158
2026-05-19 20:09:07,lombar,16500,412,3764,79,-985,394,926591
2026-05-19 20:09:07,lombar,16332,388,3932,159,-1005,372,926613
2026-05-19 20:09:07,esterno,1196,15996,-4432,-831,469,542,269180
2026-05-19 20:09:07,lombar,16328,588,3904,98,-1071,380,926635
2026-05-19 20:09:07,esterno,1244,15780,-4364,-881,446,703,269202
2026-05-19 20:09:07,lombar,16396,492,3856,104,-1099,345,926657
2026-05-19 20:09:07,esterno,1252,15324,-4260,-1022,394,787,269224
2026-05-19 20:09:07,lombar,16448,488,3844,102,-1260,223,926679
2026-05-19 20:09:07,esterno,1556,15264,-4592,-1307,497,768,269246
2026-05-19 20:09:07,lombar,16516,396,3700,-137,-1648,378,926701
2026-05-19 20:09:07,esterno,1548,15628,-4524,-1499,225,828,269268
2026-05-19 20:09:07,lombar,16620,608,4012,-45,-1512,395,926723
2026-05-19 20:09:07,esterno,1512,15992,-4412,-1583,101,987,269290
2026-05-19 20:09:07,lombar,16352,572,3624,42,-1148,338,926745
2026-05-19 20:09:07,esterno,1620,15588,-4052,-1452,155,1134,269312
2026-05-19 20:09:07,lombar,16536,476,3596,204,-1181,117,926767
2026-05-19 20:09:07,esterno,1912,15180,-3904,-1122,392,1188,269334
2026-05-19 20:09:07,lombar,16524,452,3404,255,-1187,139,926789
2026-05-19 20:09:07,esterno,2040,15508,-4152,-868,638,1042,269356
2026-05-19 20:09:07,lombar,16756,728,3664,246,-1278,345,926811
2026-05-19 20:09:07,esterno,1960,16160,-4164,-1284,606,770,269378
2026-05-19 20:09:07,lombar,16412,684,3336,178,-1081,387,926833
2026-05-19 20:09:07,esterno,1980,16072,-4148,-1730,746,754,269400
2026-05-19 20:09:07,lombar,16544,472,3480,116,-1247,258,926855
2026-05-19 20:09:07,esterno,1636,15700,-3780,-1481,794,829,269422
2026-05-19 20:09:07,lombar,16576,288,3412,167,-1177,133,926877
2026-05-19 20:09:07,esterno,1780,15260,-3800,-1219,680,710,269444
2026-05-19 20:09:07,lombar,16744,628,3080,412,-879,152,926899
2026-05-19 20:09:07,esterno,1668,15220,-3976,-1300,1010,477,269466
2026-05-19 20:09:07,lombar,16580,636,2988,213,-992,259,926921
2026-05-19 20:09:07,esterno,1332,15428,-3376,-1296,1111,441,269488
2026-05-19 20:09:07,lombar,16924,412,3376,370,-995,97,926943
2026-05-19 20:09:07,esterno,1712,15636,-3464,-1264,626,571,269510
2026-05-19 20:09:08,lombar,16764,628,3004,584,-753,233,926965
2026-05-19 20:09:08,esterno,1996,15844,-3664,-1263,980,604,269532
2026-05-19 20:09:08,lombar,16564,840,3140,424,-596,398,926987
2026-05-19 20:09:08,esterno,1904,15596,-3296,-1095,1014,366,269554
2026-05-19 20:09:08,lombar,16776,976,3380,317,-523,377,927009
2026-05-19 20:09:08,esterno,1760,15104,-3332,-739,456,43,269576
2026-05-19 20:09:08,esterno,1624,14896,-3528,-550,260,-290,269598
2026-05-19 20:09:08,lombar,16756,916,3164,110,-306,436,927031
2026-05-19 20:09:08,lombar,16512,952,3240,-189,-324,471,927053
2026-05-19 20:09:08,esterno,1760,15040,-3548,-616,351,-497,269620
2026-05-19 20:09:08,lombar,16552,992,3424,-304,-391,498,927075
2026-05-19 20:09:08,esterno,1448,15204,-3364,-685,261,-702,269642
2026-05-19 20:09:08,esterno,1280,15648,-2536,-527,-1452,-523,269664
2026-05-19 20:09:08,lombar,16604,1036,3452,-455,-177,472,927097
2026-05-19 20:09:08,lombar,16576,960,3608,-510,-395,541,927119
2026-05-19 20:09:08,esterno,1132,15840,-3660,103,-1719,-130,269686
2026-05-19 20:09:08,lombar,16544,876,3196,-648,-320,714,927141
2026-05-19 20:09:08,esterno,1056,15884,-3272,287,-1434,46,269708
2026-05-19 20:09:08,lombar,16544,756,3176,-671,-313,691,927163
2026-05-19 20:09:08,esterno,1272,15616,-3224,368,-1349,-10,269730
2026-05-19 20:09:08,lombar,16536,632,2924,-752,-435,765,927185
2026-05-19 20:09:08,esterno,1660,15836,-3648,256,-2044,-56,269752
2026-05-19 20:09:08,lombar,16496,656,2900,-815,-256,846,927207
2026-05-19 20:09:08,esterno,1672,15996,-3428,-64,-1726,-107,269774
2026-05-19 20:09:08,lombar,16704,108,3116,-803,-478,724,927229
2026-05-19 20:09:08,esterno,1984,15824,-3336,-415,-1779,34,269796
2026-05-19 20:09:08,lombar,16576,-64,3064,-560,-327,716,927251
2026-05-19 20:09:08,esterno,2228,16036,-3620,-402,-1274,225,269818
2026-05-19 20:09:08,esterno,2404,16032,-3428,-482,-665,181,269840
2026-05-19 20:09:08,lombar,16624,-152,2928,-327,-445,507,927273
2026-05-19 20:09:08,esterno,2228,15988,-3672,-499,-27,4,269862
2026-05-19 20:09:08,lombar,16708,-248,2828,-83,-343,480,927295
2026-05-19 20:09:08,lombar,16788,-92,3016,246,-363,487,927317
2026-05-19 20:09:08,esterno,2004,15804,-3664,-411,441,-114,269884
2026-05-19 20:09:08,lombar,16612,-144,3140,406,-477,429,927339
2026-05-19 20:09:08,esterno,1780,15764,-3372,-575,466,67,269906
2026-05-19 20:09:08,lombar,16608,-8,2976,427,-307,278,927361
2026-05-19 20:09:08,esterno,1480,15504,-3888,-933,913,201,269928
2026-05-19 20:09:08,lombar,16712,148,3124,637,-291,239,927383
2026-05-19 20:09:08,esterno,1568,15716,-3664,-843,843,247,269950
2026-05-19 20:09:08,lombar,16636,144,3316,651,-228,146,927405
2026-05-19 20:09:08,esterno,1536,15588,-3488,-405,976,252,269972
2026-05-19 20:09:08,lombar,16616,348,3304,659,-303,93,927427
2026-05-19 20:09:08,esterno,1532,15748,-3100,-222,915,255,269994
2026-05-19 20:09:08,lombar,16484,648,3208,571,-132,135,927449
2026-05-19 20:09:08,esterno,1424,15716,-3144,-230,645,299,270016
2026-05-19 20:09:08,lombar,16496,784,3188,465,-183,65,927471
2026-05-19 20:09:08,esterno,1452,15664,-3252,-50,472,268,270038
2026-05-19 20:09:08,lombar,16448,796,3120,318,-112,138,927493
2026-05-19 20:09:08,esterno,1520,15564,-3164,19,151,226,270060
2026-05-19 20:09:08,lombar,16428,620,3320,108,-82,103,927515
2026-05-19 20:09:08,esterno,1644,15516,-3120,-47,-55,236,270082
2026-05-19 20:09:08,lombar,16612,796,3248,65,-140,194,927537
2026-05-19 20:09:08,esterno,1772,15524,-3392,-157,-174,319,270104
2026-05-19 20:09:08,lombar,16696,552,2972,-7,-113,225,927559
2026-05-19 20:09:08,esterno,2000,15704,-3488,-142,-182,287,270126
2026-05-19 20:09:08,lombar,16672,404,3168,-37,-202,228,927581
2026-05-19 20:09:08,esterno,2080,15688,-3340,-34,-227,143,270148
2026-05-19 20:09:08,lombar,16568,424,3224,-65,-127,257,927603
2026-05-19 20:09:08,esterno,2164,15660,-3204,91,-207,12,270170
2026-05-19 20:09:08,lombar,16560,532,3348,-86,21,193,927625
2026-05-19 20:09:08,esterno,2140,15432,-3004,287,-248,-5,270192
2026-05-19 20:09:08,lombar,16624,460,3140,-172,133,157,927647
2026-05-19 20:09:08,esterno,1780,15376,-3104,387,3,91,270214
2026-05-19 20:09:08,lombar,16684,516,3012,-233,337,217,927669
2026-05-19 20:09:08,esterno,1596,15592,-3280,286,261,127,270236
2026-05-19 20:09:08,lombar,16816,444,3160,-96,407,175,927691
2026-05-19 20:09:08,esterno,1732,15788,-3532,-40,-328,242,270258
2026-05-19 20:09:08,lombar,16728,516,3256,22,307,269,927713
2026-05-19 20:09:08,esterno,1892,15908,-3796,-207,-413,264,270280
2026-05-19 20:09:08,lombar,16680,520,3340,98,194,358,927735
2026-05-19 20:09:08,esterno,2132,15720,-3752,-37,256,232,270302
2026-05-19 20:09:08,lombar,16640,456,3216,137,186,290,927757
2026-05-19 20:09:08,esterno,2292,15704,-3312,109,233,90,270324
2026-05-19 20:09:08,lombar,16640,400,3344,195,101,336,927779
2026-05-19 20:09:08,esterno,2136,15760,-3556,629,300,-327,270346
2026-05-19 20:09:08,lombar,16576,444,3056,281,4,335,927801
2026-05-19 20:09:08,esterno,1748,16040,-3000,535,692,-662,270368
2026-05-19 20:09:08,lombar,16468,484,3420,186,-76,385,927823
2026-05-19 20:09:08,esterno,1400,16160,-3112,136,300,-323,270390
2026-05-19 20:09:08,lombar,16472,504,3452,215,-65,285,927845
2026-05-19 20:09:08,esterno,1508,15732,-3628,145,253,-26,270412
