timestamp,node,ax,ay,az,gx,gy,gz,t_ms
2026-05-19 20:09:22,lombar,16604,404,5024,294,-422,518,941727
2026-05-19 20:09:22,esterno,1660,15484,-4632,11,799,-260,284294
2026-05-19 20:09:22,lombar,16452,636,4932,234,-444,503,941749
2026-05-19 20:09:22,esterno,1404,15560,-4884,28,874,-166,284316
2026-05-19 20:09:22,lombar,16312,828,4948,301,-244,445,941771
2026-05-19 20:09:22,esterno,1156,15808,-4896,-60,626,-7,284338
2026-05-19 20:09:22,lombar,16068,900,4912,-32,-256,478,941793
2026-05-19 20:09:22,esterno,1108,15612,-4640,-51,-18,318,284360
2026-05-19 20:09:22,lombar,15952,656,4708,-186,-327,435,941815
2026-05-19 20:09:22,esterno,1168,15304,-5012,102,-28,311,284382
2026-05-19 20:09:22,lombar,16332,716,4908,-125,-1115,602,941837
2026-05-19 20:09:22,esterno,1488,15396,-5200,-243,-142,320,284404
2026-05-19 20:09:22,lombar,16552,796,5040,-253,-758,587,941859
2026-05-19 20:09:22,esterno,1324,15624,-5368,-656,-24,242,284426
2026-05-19 20:09:22,lombar,16164,544,4880,-230,-1060,595,941881
2026-05-19 20:09:22,esterno,1176,15900,-5060,-757,-414,193,284448
2026-05-19 20:09:22,lombar,16408,572,4456,-264,-1442,512,941903
2026-05-19 20:09:22,esterno,1220,15804,-5092,-678,-638,372,284470
2026-05-19 20:09:22,lombar,16460,700,5060,-158,-921,390,941925
2026-05-19 20:09:22,esterno,1396,15620,-5168,-636,-40,426,284492
2026-05-19 20:09:22,lombar,16240,384,4448,-199,-1120,522,941947
2026-05-19 20:09:22,esterno,1512,15532,-4644,-843,180,340,284514
2026-05-19 20:09:23,esterno,1500,15420,-4472,-1010,252,227,284536
2026-05-19 20:09:23,lombar,15976,440,4816,-170,-861,473,941969
2026-05-19 20:09:23,lombar,16008,444,4976,-225,-821,464,941991
2026-05-19 20:09:23,esterno,1332,15296,-4372,-867,223,42,284558
2026-05-19 20:09:23,lombar,16116,484,4744,-93,-623,478,942013
2026-05-19 20:09:23,esterno,1056,15168,-4744,-868,234,-56,284580
2026-05-19 20:09:23,esterno,1012,15172,-5104,-1231,145,32,284602
2026-05-19 20:09:23,lombar,16184,472,4632,-59,-570,556,942035
2026-05-19 20:09:23,lombar,16600,520,4628,-23,-932,572,942057
2026-05-19 20:09:23,esterno,1244,15380,-4728,-1450,-97,305,284624
2026-05-19 20:09:23,lombar,16652,468,4832,21,-751,542,942079
2026-05-19 20:09:23,esterno,1568,15628,-4572,-1310,-65,385,284646
2026-05-19 20:09:23,lombar,16644,484,5028,25,-894,598,942101
2026-05-19 20:09:23,esterno,1680,15756,-4456,-944,-8,184,284668
2026-05-19 20:09:23,lombar,16340,456,4436,50,-876,445,942123
2026-05-19 20:09:23,esterno,1532,15560,-5372,-353,493,-196,284690
2026-05-19 20:09:23,lombar,16352,624,4616,69,-711,447,942145
2026-05-19 20:09:23,esterno,1248,15544,-4416,-351,606,-289,284712
2026-05-19 20:09:23,esterno,1252,15316,-4428,-341,-425,2,284734
2026-05-19 20:09:23,lombar,16148,460,4360,130,-796,375,942167
2026-05-19 20:09:23,lombar,16352,408,4720,135,-743,366,942189
2026-05-19 20:09:23,esterno,1132,15252,-4660,-154,306,-118,284756
2026-05-19 20:09:23,lombar,16280,456,4584,104,-731,353,942211
2026-05-19 20:09:23,esterno,1260,15568,-4668,-562,803,-52,284778
2026-05-19 20:09:23,lombar,16364,352,4292,42,-737,307,942233
2026-05-19 20:09:23,esterno,1376,15388,-4504,-790,649,224,284800
2026-05-19 20:09:23,lombar,16368,656,3972,-244,-651,407,942255
2026-05-19 20:09:23,esterno,1364,15016,-4496,-193,444,118,284822
2026-05-19 20:09:23,lombar,16240,444,3916,-1222,-616,488,942277
2026-05-19 20:09:23,esterno,1212,15348,-4536,-50,832,-259,284844
2026-05-19 20:09:23,lombar,16812,-136,4516,-906,-699,247,942299
2026-05-19 20:09:23,esterno,1104,16080,-3808,-511,282,-268,284866
2026-05-19 20:09:23,esterno,1016,16368,-3952,-511,61,-266,284888
2026-05-19 20:09:23,lombar,16540,-268,4276,5,-474,159,942321
2026-05-19 20:09:23,lombar,16260,240,4308,537,-422,209,942343
2026-05-19 20:09:23,esterno,1084,16108,-4036,-388,540,-424,284910
2026-05-19 20:09:23,lombar,16076,576,4304,710,-596,335,942365
2026-05-19 20:09:23,esterno,1488,15304,-4188,-484,692,-520,284932
2026-05-19 20:09:23,lombar,16268,720,4356,683,-659,365,942387
2026-05-19 20:09:23,esterno,1784,14876,-4236,-601,470,-741,284954
2026-05-19 20:09:23,lombar,16300,548,4312,665,-600,231,942409
2026-05-19 20:09:23,esterno,1832,14748,-4536,-499,223,-730,284976
2026-05-19 20:09:23,lombar,16496,320,4172,512,-586,163,942431
2026-05-19 20:09:23,esterno,1696,15188,-4368,-593,422,-818,284998
2026-05-19 20:09:23,lombar,16652,224,4152,534,-666,69,942453
2026-05-19 20:09:23,esterno,1876,15644,-4352,-962,712,-645,285020
2026-05-19 20:09:23,lombar,16780,644,4216,513,-509,142,942475
2026-05-19 20:09:23,esterno,1988,16164,-4276,-735,830,-342,285042
2026-05-19 20:09:23,esterno,1912,16100,-3996,-260,1048,-7,285064
2026-05-19 20:09:23,lombar,16576,840,4048,575,-370,132,942497
2026-05-19 20:09:23,lombar,16568,856,3928,619,-26,-11,942519
2026-05-19 20:09:23,esterno,1948,15624,-3988,306,1131,358,285086
2026-05-19 20:09:23,lombar,16600,692,3832,694,237,-38,942541
2026-05-19 20:09:23,esterno,2000,15364,-4304,612,1571,471,285108
2026-05-19 20:09:23,esterno,1508,15556,-3960,36,1909,203,285130
2026-05-19 20:09:23,lombar,16776,828,4132,704,187,-40,942563
2026-05-19 20:09:23,lombar,16488,956,4080,572,163,234,942585
2026-05-19 20:09:23,esterno,772,15764,-3824,-215,1393,-6,285152
2026-05-19 20:09:23,lombar,16336,1020,4472,337,151,397,942607
2026-05-19 20:09:23,esterno,520,15416,-3920,92,868,-128,285174
2026-05-19 20:09:23,lombar,16284,904,4372,167,127,484,942629
2026-05-19 20:09:23,esterno,736,15276,-4028,273,625,-55,285196
2026-05-19 20:09:23,esterno,800,15220,-4304,162,135,69,285218
2026-05-19 20:09:23,lombar,16260,816,4456,84,110,575,942651
2026-05-19 20:09:23,esterno,632,15316,-4376,128,-407,136,285240
2026-05-19 20:09:23,lombar,16252,780,4528,-13,77,710,942673
2026-05-19 20:09:23,lombar,16464,556,4400,-6,236,796,942695
2026-05-19 20:09:23,esterno,836,15520,-4200,191,-1097,272,285262
2026-05-19 20:09:23,lombar,16488,760,4652,-171,196,890,942717
2026-05-19 20:09:23,esterno,968,15644,-4304,41,-1381,182,285284
2026-05-19 20:09:23,lombar,16448,1040,4580,-340,91,942,942739
2026-05-19 20:09:23,esterno,884,15784,-4536,118,-1294,-266,285306
2026-05-19 20:09:23,lombar,16304,800,4864,-501,100,1029,942761
2026-05-19 20:09:23,esterno,780,15816,-4200,275,-2193,-748,285328
2026-05-19 20:09:23,lombar,16180,524,4788,-712,43,1008,942783
2026-05-19 20:09:23,esterno,1448,15404,-3876,186,-2945,-887,285350
2026-05-19 20:09:23,lombar,16148,676,4868,-858,84,984,942805
2026-05-19 20:09:23,esterno,1128,15284,-4964,-262,-3305,-808,285372
2026-05-19 20:09:23,lombar,16344,332,4824,-853,59,844,942827
2026-05-19 20:09:23,esterno,684,15228,-4908,-816,-2291,-535,285394
2026-05-19 20:09:23,lombar,16456,-16,4308,-565,-82,847,942849
2026-05-19 20:09:23,esterno,620,15200,-4896,-683,-2334,-637,285416
2026-05-19 20:09:23,lombar,16588,-292,4408,-317,-304,787,942871
2026-05-19 20:09:23,esterno,1668,16140,-4572,12,-2630,-1627,285438
2026-05-19 20:09:23,lombar,16432,-272,4496,-109,-244,746,942893
2026-05-19 20:09:23,esterno,-568,16452,-4148,-596,-2311,-700,285460
2026-05-19 20:09:23,lombar,16312,-184,4376,-22,-352,615,942915
2026-05-19 20:09:23,esterno,456,16080,-3588,-571,-861,-641,285482
2026-05-19 20:09:23,lombar,16228,-216,4404,66,-372,582,942937
2026-05-19 20:09:23,esterno,1472,15788,-4700,-468,-277,-640,285504
2026-05-19 20:09:24,lombar,16376,-388,4408,163,-539,348,942959
2026-05-19 20:09:24,esterno,1460,15248,-5032,-424,41,-210,285526
2026-05-19 20:09:24,lombar,16248,-280,4356,480,-318,215,942981
2026-05-19 20:09:24,esterno,1084,15116,-4216,-143,216,50,285548
2026-05-19 20:09:24,lombar,16612,-212,4424,714,-108,233,943003
2026-05-19 20:09:24,esterno,1172,15612,-4272,-722,1004,177,285570
2026-05-19 20:09:24,lombar,16548,148,4236,917,25,185,943025
2026-05-19 20:09:24,esterno,1032,16152,-3944,-1171,1502,568,285592
2026-05-19 20:09:24,lombar,16220,428,4584,794,-37,189,943047
2026-05-19 20:09:24,esterno,796,15884,-4140,-1287,1410,808,285614
2026-05-19 20:09:24,lombar,16360,848,4568,673,35,171,943069
2026-05-19 20:09:24,esterno,1076,15476,-3892,-927,963,544,285636
2026-05-19 20:09:24,lombar,15932,120,4176,335,-5,226,943091
2026-05-19 20:09:24,esterno,1264,15440,-3876,-545,1056,498,285658
2026-05-19 20:09:24,lombar,16616,740,4740,21,-358,193,943113
2026-05-19 20:09:24,esterno,656,15484,-3992,-665,629,735,285680
2026-05-19 20:09:24,lombar,16688,1464,5156,-355,181,432,943135
2026-05-19 20:09:24,esterno,460,15552,-4248,-920,348,819,285702
2026-05-19 20:09:24,lombar,16104,-24,3936,-489,121,706,943157
2026-05-19 20:09:24,esterno,840,15692,-3752,-769,333,800,285724
2026-05-19 20:09:24,lombar,15952,-992,4092,442,-507,483,943179
2026-05-19 20:09:24,esterno,1436,15732,-3844,-334,329,766,285746
2026-05-19 20:09:24,lombar,16736,140,4792,558,-608,976,943201
2026-05-19 20:09:24,esterno,1584,15632,-4060,-57,197,470,285768
2026-05-19 20:09:24,lombar,16348,1020,4552,127,-115,937,943223
2026-05-19 20:09:24,esterno,1200,15672,-4188,-284,-14,201,285790
2026-05-19 20:09:24,lombar,16156,296,4548,43,-456,728,943245
2026-05-19 20:09:24,esterno,864,15472,-4212,-740,-5,237,285812
2026-05-19 20:09:24,lombar,16472,668,4604,2,-29,497,943267
2026-05-19 20:09:24,esterno,872,15488,-3884,-779,314,111,285834
2026-05-19 20:09:24,lombar,16312,-268,4728,44,-83,441,943289
2026-05-19 20:09:24,esterno,1112,15772,-3688,-351,509,136,285856
2026-05-19 20:09:24,lombar,16532,-552,4512,292,-302,588,943311
2026-05-19 20:09:24,esterno,1064,15724,-3796,-203,509,133,285878
2026-05-19 20:09:24,lombar,16200,-28,4608,634,-386,548,943333
2026-05-19 20:09:24,esterno,904,15792,-3840,-348,173,-8,285900
2026-05-19 20:09:24,lombar,16112,472,4568,487,-406,236,943355
2026-05-19 20:09:24,esterno,1112,15500,-4152,-394,616,60,285922
2026-05-19 20:09:24,lombar,16276,552,4692,328,-388,98,943377
2026-05-19 20:09:24,esterno,1080,15420,-3476,-248,797,-20,285944
2026-05-19 20:09:24,lombar,16296,88,4648,111,-563,329,943399
2026-05-19 20:09:24,esterno,1116,15280,-3668,-182,139,-61,285966
2026-05-19 20:09:24,lombar,16292,176,4696,132,-501,284,943421
2026-05-19 20:09:24,esterno,1084,15388,-3960,-424,103,44,285988
2026-05-19 20:09:24,lombar,16464,236,4560,121,-447,211,943443
2026-05-19 20:09:24,esterno,940,15772,-3876,-424,407,176,286010
2026-05-19 20:09:24,lombar,16456,496,4460,165,-439,204,943465
2026-05-19 20:09:24,esterno,848,15776,-3780,-199,216,241,286032
2026-05-19 20:09:24,lombar,16424,516,4540,41,-382,223,943487
2026-05-19 20:09:24,esterno,968,15772,-3776,251,4,39,286054
2026-05-19 20:09:24,lombar,16484,80,4572,-120,-404,387,943509
2026-05-19 20:09:24,esterno,1264,15648,-3764,301,-122,-1,286076
2026-05-19 20:09:24,lombar,16296,104,4436,-109,-275,181,943531
2026-05-19 20:09:24,esterno,1524,15644,-3648,73,-94,47,286098
2026-05-19 20:09:24,lombar,16332,-56,4320,90,-372,210,943553
2026-05-19 20:09:24,esterno,1416,15808,-3972,-148,261,248,286120
2026-05-19 20:09:24,lombar,16376,44,4380,147,-402,311,943575
2026-05-19 20:09:24,esterno,1188,15704,-4024,-314,383,273,286142
2026-05-19 20:09:24,lombar,16464,144,4312,330,-406,276,943597
2026-05-19 20:09:24,esterno,924,15588,-3780,-134,59,28,286164
2026-05-19 20:09:24,lombar,16472,292,4460,204,-511,388,943619
2026-05-19 20:09:24,esterno,1204,15544,-3860,154,-132,-179,286186
2026-05-19 20:09:24,lombar,16196,304,4600,209,-466,215,943641
2026-05-19 20:09:24,esterno,1280,15732,-4032,-68,145,-6,286208
2026-05-19 20:09:24,lombar,16456,420,4608,96,-410,-72,943663
2026-05-19 20:09:24,esterno,1212,15840,-4344,-232,198,204,286230
2026-05-19 20:09:24,esterno,1132,15528,-4136,-196,191,243,286252
2026-05-19 20:09:24,lombar,16404,300,4524,-26,-421,-135,943685
2026-05-19 20:09:24,esterno,1112,15388,-3876,30,189,54,286274
2026-05-19 20:09:24,lombar,16424,304,4344,-109,-464,75,943707
2026-05-19 20:09:24,lombar,16256,412,4580,-117,-485,18,943729
2026-05-19 20:09:24,esterno,1092,15572,-3792,108,320,-38,286296
2026-05-19 20:09:24,esterno,1076,15456,-4060,-85,18,16,286318
2026-05-19 20:09:24,lombar,16336,516,4628,-153,-202,-147,943751
2026-05-19 20:09:24,lombar,16432,212,4584,-222,-275,-272,943773
2026-05-19 20:09:24,esterno,1268,15620,-4208,-165,-48,-16,286340
2026-05-19 20:09:24,lombar,16480,-12,4456,-51,-489,2,943795
2026-05-19 20:09:24,esterno,1104,15872,-3736,-235,-126,87,286362
2026-05-19 20:09:24,lombar,16308,196,4512,-70,-490,298,943817
2026-05-19 20:09:24,esterno,1024,15904,-3824,-96,-316,165,286384
2026-05-19 20:09:24,lombar,16416,588,4480,-148,-631,303,943839
2026-05-19 20:09:24,esterno,1280,15856,-4144,11,-506,407,286406
2026-05-19 20:09:24,lombar,16328,268,4424,-10,-459,146,943861
2026-05-19 20:09:24,esterno,1852,15512,-4320,-162,516,853,286428
2026-05-19 20:09:24,lombar,16564,200,4360,90,-521,99,943883
2026-05-19 20:09:24,esterno,1536,15620,-4312,-665,938,887,286450
2026-05-19 20:09:24,lombar,16296,364,4440,122,-659,207,943905
2026-05-19 20:09:24,esterno,560,15732,-3620,-602,416,487,286472
2026-05-19 20:09:24,lombar,16344,276,4148,111,-767,199,943927
2026-05-19 20:09:24,esterno,756,15568,-4028,-5,-62,131,286494
2026-05-19 20:09:24,lombar,16424,424,4332,167,-710,189,943949
2026-05-19 20:09:24,esterno,1028,15940,-3716,-246,169,720,286516
2026-05-19 20:09:25,esterno,1588,15356,-3824,-910,623,576,286538
2026-05-19 20:09:25,lombar,16172,448,4328,253,-891,322,943971
2026-05-19 20:09:25,lombar,16352,408,4372,39,-966,444,943993
2026-05-19 20:09:25,esterno,1788,15336,-3500,-599,684,-101,286560
2026-05-19 20:09:25,lombar,16456,332,4460,-37,-965,295,944015
2026-05-19 20:09:25,esterno,1696,15608,-3740,-303,324,-24,286582
2026-05-19 20:09:25,lombar,16264,512,4532,-40,-916,240,944037
2026-05-19 20:09:25,esterno,1200,15592,-3864,-453,93,231,286604
2026-05-19 20:09:25,lombar,16348,788,4364,-278,-1084,256,944059
2026-05-19 20:09:25,esterno,1084,15824,-4212,-481,-67,496,286626
2026-05-19 20:09:25,lombar,16592,524,4216,-275,-1105,160,944081
2026-05-19 20:09:25,esterno,1500,15672,-4620,-272,353,711,286648
2026-05-19 20:09:25,lombar,16596,380,4120,-383,-998,178,944103
2026-05-19 20:09:25,esterno,2336,15504,-4236,23,1396,870,286670
2026-05-19 20:09:25,lombar,16696,200,3976,-220,-1012,53,944125
2026-05-19 20:09:25,esterno,2428,15620,-3536,-176,1421,721,286692
2026-05-19 20:09:25,lombar,16580,76,4000,-58,-1113,136,944147
2026-05-19 20:09:25,esterno,2184,15836,-3816,-303,1199,413,286714
2026-05-19 20:09:25,lombar,16536,184,3824,43,-1222,220,944169
2026-05-19 20:09:25,esterno,1816,15808,-3776,64,1935,19,286736
2026-05-19 20:09:25,lombar,16540,384,3524,70,-1237,199,944191
2026-05-19 20:09:25,esterno,1480,15848,-3564,-72,2576,-381,286758
2026-05-19 20:09:25,lombar,16656,360,3444,193,-1434,147,944213
2026-05-19 20:09:25,esterno,1452,15912,-3748,-744,2763,-528,286780
2026-05-19 20:09:25,lombar,16288,188,3656,436,-1125,284,944235
2026-05-19 20:09:25,esterno,1232,16224,-3412,-1351,1961,-511,286802
2026-05-19 20:09:25,lombar,16228,208,3536,448,-1133,453,944257
2026-05-19 20:09:25,esterno,1100,16192,-3888,-1729,1928,-454,286824
2026-05-19 20:09:25,lombar,16468,508,3172,674,-1227,259,944279
2026-05-19 20:09:25,esterno,1424,16076,-3876,-1899,2704,-267,286846
2026-05-19 20:09:25,lombar,16808,636,3392,785,-1176,271,944301
2026-05-19 20:09:25,esterno,1692,15792,-3448,-1173,2518,172,286868
2026-05-19 20:09:25,lombar,17024,508,3864,640,-1066,467,944323
2026-05-19 20:09:25,esterno,1692,15764,-3340,-495,1995,305,286890
2026-05-19 20:09:25,esterno,1096,16304,-2312,-297,1796,391,286912
2026-05-19 20:09:25,lombar,16808,676,3664,478,-743,532,944345
2026-05-19 20:09:25,lombar,16444,720,3600,384,-603,372,944367
2026-05-19 20:09:25,esterno,924,15932,-2388,-367,228,670,286934
2026-05-19 20:09:25,lombar,16404,560,3472,306,-317,81,944389
2026-05-19 20:09:25,esterno,1344,15012,-3984,-288,444,474,286956
2026-05-19 20:09:25,lombar,16504,420,3860,429,-108,-77,944411
2026-05-19 20:09:25,esterno,1556,14736,-3696,-541,662,100,286978
2026-05-19 20:09:25,lombar,16368,296,4140,307,-224,51,944433
2026-05-19 20:09:25,esterno,1988,15072,-3696,-598,-12,166,287000
2026-05-19 20:09:25,lombar,16256,508,3876,260,-210,108,944455
2026-05-19 20:09:25,esterno,2024,15576,-3548,-234,72,241,287022
2026-05-19 20:09:25,lombar,16176,676,3872,304,-111,121,944477
2026-05-19 20:09:25,esterno,1824,15488,-3772,-397,377,198,287044
2026-05-19 20:09:25,lombar,16504,704,3940,255,-93,98,944499
2026-05-19 20:09:25,esterno,1580,15244,-3680,-407,315,-38,287066
2026-05-19 20:09:25,esterno,1680,15368,-3036,379,228,-87,287088
2026-05-19 20:09:25,lombar,16756,576,3644,180,-188,30,944521
2026-05-19 20:09:25,lombar,16756,632,3240,161,158,106,944543
2026-05-19 20:09:25,esterno,2112,15604,-2500,1141,250,215,287110
2026-05-19 20:09:25,lombar,16716,552,3396,29,200,156,944565
2026-05-19 20:09:25,esterno,2268,16008,-2608,841,366,457,287132
2026-05-19 20:09:25,lombar,16616,764,3400,-82,354,35,944587
2026-05-19 20:09:25,esterno,1480,15844,-3204,161,497,466,287154
2026-05-19 20:09:25,lombar,16620,956,3308,-146,435,-34,944609
2026-05-19 20:09:25,esterno,736,15696,-2908,826,-125,376,287176
2026-05-19 20:09:25,lombar,16636,1064,3316,-493,515,1,944631
2026-05-19 20:09:25,esterno,424,15616,-2204,1374,-1310,348,287198
2026-05-19 20:09:25,lombar,16584,776,3540,-627,566,47,944653
2026-05-19 20:09:25,esterno,496,15492,-2588,714,-2150,499,287220
2026-05-19 20:09:25,lombar,16420,856,3820,-627,680,206,944675
2026-05-19 20:09:25,esterno,936,15340,-3480,-412,-1814,440,287242
2026-05-19 20:09:25,lombar,16448,772,4076,-432,778,364,944697
2026-05-19 20:09:25,esterno,1484,15192,-4148,-1019,-1851,262,287264
2026-05-19 20:09:25,lombar,16420,424,4240,-292,605,172,944719
2026-05-19 20:09:25,esterno,2196,15276,-4988,-819,-1937,278,287286
2026-05-19 20:09:25,lombar,16328,-68,3888,-349,482,13,944741
2026-05-19 20:09:25,esterno,3004,15608,-5124,-412,-1093,545,287308
2026-05-19 20:09:25,lombar,16496,-164,4056,-29,119,-221,944763
2026-05-19 20:09:25,esterno,3384,15616,-4156,-104,-841,734,287330
2026-05-19 20:09:25,lombar,16732,224,4024,294,394,-37,944785
2026-05-19 20:09:25,esterno,3212,15672,-3380,407,-534,483,287352
2026-05-19 20:09:25,esterno,3136,16200,-3360,494,877,154,287374
2026-05-19 20:09:25,lombar,16408,724,3928,525,286,125,944807
2026-05-19 20:09:25,esterno,2776,15948,-3212,-341,1936,195,287396
2026-05-19 20:09:25,lombar,16244,904,4096,712,413,30,944829
2026-05-19 20:09:25,lombar,16500,788,3916,686,434,145,944851
2026-05-19 20:09:25,esterno,2008,15484,-3648,-527,1515,303,287418
2026-05-19 20:09:25,lombar,16604,1016,4068,543,480,245,944873
2026-05-19 20:09:25,esterno,1308,15216,-3952,-175,816,353,287440
2026-05-19 20:09:25,lombar,16560,1264,3828,400,458,258,944895
2026-05-19 20:09:25,esterno,1116,15448,-3344,68,264,339,287462
2026-05-19 20:09:25,lombar,16552,1076,3976,284,414,259,944917
2026-05-19 20:09:25,esterno,1448,15960,-3304,243,-149,230,287484
2026-05-19 20:09:25,lombar,16404,880,4036,202,231,247,944939
2026-05-19 20:09:25,esterno,2104,16436,-3320,341,-198,304,287506
2026-05-19 20:09:26,lombar,16176,728,4224,181,109,333,944961
2026-05-19 20:09:26,esterno,2376,16412,-3420,184,-357,349,287528
2026-05-19 20:09:26,esterno,2416,15960,-3600,-199,-119,343,287550
2026-05-19 20:09:26,lombar,16356,784,4356,180,-48,327,944983
2026-05-19 20:09:26,esterno,2324,15336,-3916,-278,-100,237,287572
2026-05-19 20:09:26,lombar,16324,620,4368,86,-112,328,945005
2026-05-19 20:09:26,lombar,16408,780,4372,92,-242,388,945027
2026-05-19 20:09:26,esterno,2156,15068,-3984,-28,144,163,287594
2026-05-19 20:09:26,lombar,16416,724,4508,189,-151,322,945049
2026-05-19 20:09:26,esterno,1908,15564,-3712,31,254,43,287616
2026-05-19 20:09:26,lombar,16396,588,4412,197,-93,298,945071
2026-05-19 20:09:26,esterno,1932,15908,-3744,-25,116,67,287638
2026-05-19 20:09:26,lombar,16292,676,4324,193,-97,353,945093
2026-05-19 20:09:26,esterno,1964,15800,-3816,111,155,145,287660
2026-05-19 20:09:26,lombar,16360,752,4480,274,-143,351,945115
2026-05-19 20:09:26,esterno,1928,15440,-3760,231,205,70,287682
2026-05-19 20:09:26,lombar,16416,760,4472,211,-149,445,945137
2026-05-19 20:09:26,esterno,1860,15316,-3912,249,227,-121,287704
2026-05-19 20:09:26,lombar,16328,704,4316,314,-160,410,945159
2026-05-19 20:09:26,esterno,1928,15388,-3808,186,381,-188,287726
2026-05-19 20:09:26,lombar,16304,776,4560,343,-308,486,945181
2026-05-19 20:09:26,esterno,2124,15620,-3972,158,542,-215,287748
2026-05-19 20:09:26,lombar,16144,580,4304,398,-404,377,945203
2026-05-19 20:09:26,esterno,2228,15804,-3584,264,476,-71,287770
2026-05-19 20:09:26,lombar,16356,824,4324,410,-364,369,945225
2026-05-19 20:09:26,esterno,2148,15732,-3932,668,512,-11,287792
2026-05-19 20:09:26,lombar,16396,748,4132,235,-330,477,945247
2026-05-19 20:09:26,esterno,1940,15524,-3856,847,890,-185,287814
2026-05-19 20:09:26,esterno,1996,15520,-3744,876,295,-229,287836
2026-05-19 20:09:26,lombar,16436,844,3980,195,-342,419,945269
2026-05-19 20:09:26,lombar,16448,924,4320,166,-431,451,945291
2026-05-19 20:09:26,esterno,2100,15628,-3904,870,219,-190,287858
2026-05-19 20:09:26,lombar,16472,828,4092,175,-350,517,945313
2026-05-19 20:09:26,esterno,1904,15688,-3992,658,392,-239,287880
2026-05-19 20:09:26,esterno,1916,15712,-4040,306,17,-148,287902
2026-05-19 20:09:26,lombar,16288,672,4220,172,-318,408,945335
2026-05-19 20:09:26,lombar,16548,836,4016,159,-357,485,945357
2026-05-19 20:09:26,esterno,1956,15656,-4264,251,361,-138,287924
2026-05-19 20:09:26,lombar,16476,864,4200,59,-368,521,945379
2026-05-19 20:09:26,esterno,1764,15724,-3588,177,380,-132,287946
2026-05-19 20:09:26,lombar,16376,588,4360,118,-420,422,945401
2026-05-19 20:09:26,esterno,1984,15616,-3856,260,63,-4,287968
2026-05-19 20:09:26,lombar,16384,604,4188,176,-460,376,945423
2026-05-19 20:09:26,esterno,2072,15620,-4428,313,249,-93,287990
2026-05-19 20:09:26,lombar,16356,588,4120,243,-662,502,945445
2026-05-19 20:09:26,esterno,2180,15492,-4380,152,779,-228,288012
2026-05-19 20:09:26,lombar,16428,848,4220,311,-579,560,945467
2026-05-19 20:09:26,esterno,1944,15528,-4324,76,1219,-363,288034
2026-05-19 20:09:26,lombar,16256,852,4276,172,-764,588,945489
2026-05-19 20:09:26,esterno,2184,15480,-4028,66,350,-199,288056
2026-05-19 20:09:26,lombar,16492,892,4216,43,-616,701,945511
2026-05-19 20:09:26,esterno,2060,15660,-4436,-188,786,-207,288078
2026-05-19 20:09:26,lombar,16392,672,3920,78,-752,660,945533
2026-05-19 20:09:26,esterno,2040,15304,-4000,-348,1080,-253,288100
2026-05-19 20:09:26,lombar,16540,712,4028,173,-553,642,945555
2026-05-19 20:09:26,esterno,2000,15284,-4000,-86,476,-264,288122
2026-05-19 20:09:26,lombar,16456,784,4140,75,-584,631,945577
2026-05-19 20:09:26,esterno,2020,15332,-4120,258,409,-232,288144
2026-05-19 20:09:26,esterno,1796,15968,-3620,85,150,-178,288166
2026-05-19 20:09:26,lombar,16496,672,4220,77,-428,558,945599
2026-05-19 20:09:26,lombar,16520,548,4108,21,-436,422,945621
2026-05-19 20:09:26,esterno,1692,15996,-3828,-342,-46,-68,288188
2026-05-19 20:09:26,esterno,1864,15808,-3880,-338,122,41,288210
2026-05-19 20:09:26,lombar,16448,616,4140,26,-291,389,945643
2026-05-19 20:09:26,esterno,2044,15624,-4112,-218,279,111,288232
2026-05-19 20:09:26,lombar,16584,600,3916,67,-307,411,945665
2026-05-19 20:09:26,lombar,16456,476,3860,148,-365,514,945687
2026-05-19 20:09:26,esterno,1796,15512,-4064,-177,110,23,288254
2026-05-19 20:09:26,lombar,16600,596,3996,159,-393,518,945709
2026-05-19 20:09:26,esterno,1660,15580,-4052,-64,70,-177,288276
2026-05-19 20:09:26,lombar,16520,500,3736,183,-576,527,945731
2026-05-19 20:09:26,esterno,1808,15588,-3944,-41,106,-305,288298
2026-05-19 20:09:26,lombar,16276,484,4136,159,-470,488,945753
2026-05-19 20:09:26,esterno,2004,15640,-3956,-125,139,-170,288320
2026-05-19 20:09:26,lombar,16424,480,3920,178,-469,522,945775
2026-05-19 20:09:26,esterno,1988,15544,-3976,-288,141,-86,288342
2026-05-19 20:09:26,lombar,16600,604,3944,128,-413,465,945797
2026-05-19 20:09:26,esterno,1852,15420,-4188,-269,237,-172,288364
2026-05-19 20:09:26,lombar,16532,600,4036,153,-481,528,945819
2026-05-19 20:09:26,esterno,1724,15404,-4312,-167,283,-210,288386
2026-05-19 20:09:26,lombar,16396,536,4084,161,-386,448,945841
2026-05-19 20:09:26,esterno,1876,15624,-4012,-192,318,-156,288408
2026-05-19 20:09:26,lombar,16460,576,3944,185,-366,411,945863
2026-05-19 20:09:26,esterno,1944,15608,-3992,-86,238,-6,288430
2026-05-19 20:09:26,lombar,16428,660,3980,67,-343,462,945885
2026-05-19 20:09:26,esterno,1788,15552,-4440,155,486,-32,288452
2026-05-19 20:09:26,lombar,16396,488,4036,58,-388,441,945907
2026-05-19 20:09:26,esterno,1776,15640,-3984,-21,279,-171,288474
2026-05-19 20:09:26,lombar,16440,584,4168,92,-379,340,945929
2026-05-19 20:09:26,esterno,1784,15732,-3784,-232,-611,24,288496
2026-05-19 20:09:26,lombar,16324,572,3912,20,-291,352,945951
2026-05-19 20:09:26,esterno,1756,15380,-4552,-62,-74,117,288518
2026-05-19 20:09:27,esterno,1836,15464,-4208,57,412,-10,288540
2026-05-19 20:09:27,lombar,16540,564,4108,24,-341,434,945973
2026-05-19 20:09:27,lombar,16540,588,3940,76,-315,412,945995
2026-05-19 20:09:27,esterno,1980,15720,-4624,256,506,-64,288562
2026-05-19 20:09:27,lombar,16516,440,3752,100,-278,460,946017
2026-05-19 20:09:27,esterno,1876,15792,-3760,281,622,-156,288584
2026-05-19 20:09:27,esterno,1832,15756,-3588,156,366,-80,288606
2026-05-19 20:09:27,lombar,16408,496,4040,121,-262,425,946039
2026-05-19 20:09:27,lombar,16464,440,3940,58,-291,405,946061
2026-05-19 20:09:27,esterno,1864,15412,-4124,288,347,5,288628
2026-05-19 20:09:27,lombar,16428,468,4036,83,-295,252,946083
2026-05-19 20:09:27,esterno,1760,15392,-4136,221,550,21,288650
2026-05-19 20:09:27,lombar,16392,540,3996,59,-219,298,946105
2026-05-19 20:09:27,esterno,1772,15540,-4268,-8,426,19,288672
2026-05-19 20:09:27,lombar,16508,452,4000,73,-277,329,946127
2026-05-19 20:09:27,esterno,1712,15664,-3928,-48,274,-7,288694
2026-05-19 20:09:27,lombar,16512,416,4124,125,-278,371,946149
2026-05-19 20:09:27,esterno,1732,15676,-4188,-39,210,29,288716
2026-05-19 20:09:27,lombar,16352,436,4180,179,-201,335,946171
2026-05-19 20:09:27,esterno,1788,15504,-4132,14,215,69,288738
2026-05-19 20:09:27,lombar,16300,540,4164,197,-276,347,946193
2026-05-19 20:09:27,esterno,1812,15248,-4468,74,145,32,288760
2026-05-19 20:09:27,lombar,16380,700,4068,305,-378,441,946215
2026-05-19 20:09:27,esterno,1984,15204,-4708,70,114,-110,288782
2026-05-19 20:09:27,lombar,16660,716,3600,117,-333,394,946237
2026-05-19 20:09:27,esterno,1824,15512,-4244,32,466,-225,288804
2026-05-19 20:09:27,lombar,16320,488,4004,38,-325,271,946259
2026-05-19 20:09:27,esterno,1844,15952,-3856,-69,-212,57,288826
2026-05-19 20:09:27,lombar,16612,544,4040,19,-377,316,946281
2026-05-19 20:09:27,esterno,1928,15988,-4148,-32,-487,245,288848
2026-05-19 20:09:27,lombar,16540,808,3944,-49,-359,346,946303
2026-05-19 20:09:27,esterno,1980,15756,-4156,-48,-268,211,288870
2026-05-19 20:09:27,lombar,16428,672,3964,-122,-301,301,946325
2026-05-19 20:09:27,esterno,1872,15236,-4304,19,-306,127,288892
2026-05-19 20:09:27,lombar,16500,420,3856,-134,-226,266,946347
2026-05-19 20:09:27,esterno,1876,15276,-4400,194,-265,63,288914
2026-05-19 20:09:27,esterno,1960,15644,-4224,80,-115,177,288936
2026-05-19 20:09:27,lombar,16464,328,3832,-10,-239,291,946369
2026-05-19 20:09:27,lombar,16584,272,3792,76,-227,343,946391
2026-05-19 20:09:27,esterno,1968,15824,-4484,-118,21,132,288958
2026-05-19 20:09:27,lombar,16600,428,3848,145,-276,319,946413
2026-05-19 20:09:27,esterno,1908,15816,-4412,-100,-73,38,288980
2026-05-19 20:09:27,lombar,16428,564,3968,132,-258,369,946435
2026-05-19 20:09:27,esterno,1776,15624,-4260,-13,-56,-17,289002
2026-05-19 20:09:27,lombar,16528,468,4000,73,-253,301,946457
2026-05-19 20:09:27,esterno,1820,15420,-3960,-76,-52,32,289024
2026-05-19 20:09:27,lombar,16380,496,4136,145,-219,290,946479
2026-05-19 20:09:27,esterno,1812,15292,-4224,-32,-142,98,289046
2026-05-19 20:09:27,lombar,16448,508,3904,166,-244,252,946501
2026-05-19 20:09:27,esterno,1944,15380,-4724,110,353,8,289068
2026-05-19 20:09:27,lombar,16540,524,4032,185,-161,311,946523
2026-05-19 20:09:27,esterno,1868,15608,-3860,-172,93,-52,289090
2026-05-19 20:09:27,lombar,16432,412,3984,178,-283,285,946545
2026-05-19 20:09:27,esterno,1908,15500,-4288,-144,-822,111,289112
2026-05-19 20:09:27,lombar,16456,820,4012,234,-231,378,946567
2026-05-19 20:09:27,esterno,1888,15496,-4808,31,19,46,289134
2026-05-19 20:09:27,lombar,16504,680,4084,206,-213,355,946589
2026-05-19 20:09:27,esterno,2000,15368,-4504,-158,439,-8,289156
2026-05-19 20:09:27,lombar,16588,572,4012,220,-268,334,946611
2026-05-19 20:09:27,esterno,2096,15508,-4576,-17,191,57,289178
2026-05-19 20:09:27,lombar,16472,668,3904,208,-246,450,946633
2026-05-19 20:09:27,esterno,2068,15580,-4212,134,399,-9,289200
2026-05-19 20:09:27,lombar,16356,568,3860,117,-273,377,946655
2026-05-19 20:09:27,esterno,1868,15700,-4416,-65,264,119,289222
2026-05-19 20:09:27,lombar,16560,456,4124,47,-330,324,946677
2026-05-19 20:09:27,esterno,1708,15444,-4340,-109,96,141,289244
2026-05-19 20:09:27,lombar,16564,572,3928,1,-346,356,946699
2026-05-19 20:09:27,esterno,1696,15428,-4556,-20,-14,86,289266
2026-05-19 20:09:27,lombar,16428,672,3968,-9,-316,376,946721
2026-05-19 20:09:27,esterno,1728,15516,-4352,-103,111,-11,289288
2026-05-19 20:09:27,lombar,16432,500,3956,-75,-261,353,946743
2026-05-19 20:09:27,esterno,1712,15564,-4292,-122,27,85,289310
2026-05-19 20:09:27,lombar,16388,384,4068,-19,-286,358,946765
2026-05-19 20:09:27,esterno,1920,15564,-4424,-143,-30,182,289332
2026-05-19 20:09:27,lombar,16464,340,3904,37,-242,317,946787
2026-05-19 20:09:27,esterno,2012,15488,-4552,-281,56,181,289354
2026-05-19 20:09:27,lombar,16436,360,3936,149,-282,303,946809
2026-05-19 20:09:27,esterno,1944,15512,-4516,-393,113,17,289376
2026-05-19 20:09:27,esterno,1972,15512,-4612,-442,129,-56,289398
2026-05-19 20:09:27,lombar,16548,556,3944,172,-259,352,946831
2026-05-19 20:09:27,lombar,16356,672,4112,151,-270,334,946853
2026-05-19 20:09:27,esterno,1868,15432,-4416,-318,368,-104,289420
2026-05-19 20:09:27,lombar,16500,432,4124,176,-256,289,946875
2026-05-19 20:09:27,esterno,1716,15656,-4020,-401,93,53,289442
2026-05-19 20:09:27,lombar,16440,496,4072,155,-232,287,946897
2026-05-19 20:09:27,esterno,1772,15552,-4216,-369,-27,79,289464
2026-05-19 20:09:27,lombar,16540,540,4084,114,-224,335,946919
2026-05-19 20:09:27,esterno,1948,15604,-4140,-295,65,51,289486
2026-05-19 20:09:27,lombar,16500,532,4016,99,-248,295,946941
2026-05-19 20:09:27,esterno,2052,15608,-4264,-298,-19,90,289508
2026-05-19 20:09:28,lombar,16548,612,4180,58,-291,273,946963
2026-05-19 20:09:28,esterno,2012,15532,-4508,-243,66,65,289530
2026-05-19 20:09:28,lombar,16280,584,4148,83,-246,291,946985
2026-05-19 20:09:28,esterno,1916,15480,-4272,-237,45,59,289552
2026-05-19 20:09:28,lombar,16476,616,4108,36,-257,254,947007
2026-05-19 20:09:28,esterno,1844,15500,-4400,-169,-118,13,289574
2026-05-19 20:09:28,lombar,16348,536,3980,53,-285,324,947029
2026-05-19 20:09:28,esterno,1896,15548,-4212,-84,-62,-10,289596
2026-05-19 20:09:28,lombar,16488,564,3876,64,-208,266,947051
2026-05-19 20:09:28,esterno,1836,15560,-4272,-154,-75,71,289618
2026-05-19 20:09:28,lombar,16652,380,3956,31,-230,283,947073
2026-05-19 20:09:28,esterno,1884,15480,-4324,-269,-67,158,289640
2026-05-19 20:09:28,lombar,16460,568,4016,17,-237,359,947095
2026-05-19 20:09:28,esterno,1752,15432,-4064,-263,-158,134,289662
2026-05-19 20:09:28,lombar,16504,472,3812,35,-197,314,947117
2026-05-19 20:09:28,esterno,1884,15524,-4116,-118,-248,49,289684
2026-05-19 20:09:28,lombar,16408,420,4084,84,-233,305,947139
2026-05-19 20:09:28,esterno,1924,15532,-4632,129,328,-116,289706
2026-05-19 20:09:28,lombar,16596,492,4080,87,-213,332,947161
2026-05-19 20:09:28,esterno,1856,15564,-3816,-133,-70,-63,289728
2026-05-19 20:09:28,lombar,16536,472,3968,72,-244,287,947183
2026-05-19 20:09:28,esterno,1896,15652,-4356,-197,-559,144,289750
2026-05-19 20:09:28,lombar,16456,588,4064,67,-203,331,947205
2026-05-19 20:09:28,esterno,1792,15468,-4556,-82,145,54,289772
2026-05-19 20:09:28,esterno,1960,15468,-4332,-118,215,-17,289794
2026-05-19 20:09:28,lombar,16516,668,4088,98,-177,342,947227
2026-05-19 20:09:28,lombar,16428,552,3956,97,-152,351,947249
2026-05-19 20:09:28,esterno,2040,15436,-4556,121,18,-24,289816
2026-05-19 20:09:28,lombar,16464,556,3852,34,-90,396,947271
2026-05-19 20:09:28,esterno,1776,15596,-4204,333,377,-77,289838
2026-05-19 20:09:28,lombar,16500,468,3988,15,-91,254,947293
2026-05-19 20:09:28,esterno,1768,15652,-4028,152,29,71,289860
2026-05-19 20:09:28,lombar,16408,548,4012,45,25,283,947315
2026-05-19 20:09:28,esterno,1912,15464,-4404,176,57,94,289882
2026-05-19 20:09:28,lombar,16480,524,4088,72,27,322,947337
2026-05-19 20:09:28,esterno,2016,15540,-4512,244,318,-47,289904
2026-05-19 20:09:28,lombar,16448,640,3976,-43,6,293,947359
2026-05-19 20:09:28,esterno,1900,15592,-4396,60,277,15,289926
2026-05-19 20:09:28,lombar,16496,460,3888,28,-39,254,947381
2026-05-19 20:09:28,esterno,1692,15524,-4140,-34,-39,152,289948
2026-05-19 20:09:28,lombar,16480,560,4140,73,-34,334,947403
2026-05-19 20:09:28,esterno,1900,15600,-4672,-130,174,70,289970
2026-05-19 20:09:28,lombar,16496,512,4136,60,-67,393,947425
2026-05-19 20:09:28,esterno,1888,15564,-4288,-251,467,28,289992
2026-05-19 20:09:28,lombar,16444,460,4024,192,-63,283,947447
2026-05-19 20:09:28,esterno,1952,15492,-4372,-108,233,87,290014
2026-05-19 20:09:28,lombar,16416,436,3988,158,-36,234,947469
2026-05-19 20:09:28,esterno,2192,15504,-4560,-23,287,87,290036
2026-05-19 20:09:28,lombar,16532,528,4168,69,-145,316,947491
2026-05-19 20:09:28,esterno,1860,15548,-4148,-85,521,78,290058
2026-05-19 20:09:28,esterno,1644,15680,-3824,-198,-2,48,290080
2026-05-19 20:09:28,lombar,16396,536,4196,81,-77,183,947513
2026-05-19 20:09:28,lombar,16392,592,4160,68,-124,289,947535
2026-05-19 20:09:28,esterno,1696,15588,-4232,-214,-148,52,290102
2026-05-19 20:09:28,lombar,16364,732,4016,76,-246,293,947557
2026-05-19 20:09:28,esterno,1944,15452,-4228,-244,-68,229,290124
2026-05-19 20:09:28,lombar,16404,612,4084,50,-159,324,947579
2026-05-19 20:09:28,esterno,2236,15308,-4628,-183,78,206,290146
2026-05-19 20:09:28,lombar,16436,608,4152,87,-139,324,947601
2026-05-19 20:09:28,esterno,2308,15388,-4484,7,149,-83,290168
2026-05-19 20:09:28,lombar,16524,652,4192,56,-254,256,947623
2026-05-19 20:09:28,esterno,1964,15660,-4536,-33,214,-231,290190
2026-05-19 20:09:28,esterno,1884,15652,-4248,-86,-19,-82,290212
2026-05-19 20:09:28,lombar,16364,632,3944,-12,-266,329,947645
2026-05-19 20:09:28,lombar,16312,592,4328,-38,-311,321,947667
2026-05-19 20:09:28,esterno,1844,15528,-4320,-108,4,183,290234
2026-05-19 20:09:28,lombar,16272,496,4184,5,-321,318,947689
2026-05-19 20:09:28,esterno,1952,15412,-4692,-168,62,213,290256
2026-05-19 20:09:28,lombar,16392,464,4288,71,-289,334,947711
2026-05-19 20:09:28,esterno,2036,15312,-4620,-223,141,33,290278
2026-05-19 20:09:28,lombar,16308,612,4268,108,-297,430,947733
2026-05-19 20:09:28,esterno,2008,15500,-4444,-171,-31,-164,290300
2026-05-19 20:09:28,lombar,16392,516,4288,134,-294,385,947755
2026-05-19 20:09:28,esterno,1900,15596,-4712,7,6,-164,290322
2026-05-19 20:09:28,lombar,16368,596,4056,79,-258,401,947777
2026-05-19 20:09:28,esterno,1836,15612,-4272,-46,501,-142,290344
2026-05-19 20:09:28,lombar,16408,448,4208,48,-327,312,947799
2026-05-19 20:09:28,esterno,2052,15572,-4208,-251,-341,101,290366
2026-05-19 20:09:28,lombar,16412,592,4108,88,-279,308,947821
2026-05-19 20:09:28,esterno,1844,15400,-4396,-105,-253,123,290388
2026-05-19 20:09:28,lombar,16312,676,4000,91,-292,338,947843
2026-05-19 20:09:28,esterno,1896,15520,-4772,-154,262,31,290410
2026-05-19 20:09:28,lombar,16376,572,4108,120,-265,405,947865
2026-05-19 20:09:28,esterno,2012,15428,-4592,-226,339,61,290432
2026-05-19 20:09:28,lombar,16508,560,4048,157,-264,414,947887
2026-05-19 20:09:28,esterno,2044,15508,-4668,-16,365,-42,290454
2026-05-19 20:09:28,esterno,1784,15584,-4084,113,467,-184,290476
2026-05-19 20:09:28,lombar,16504,536,4228,82,-235,402,947909
2026-05-19 20:09:28,esterno,1796,15760,-4316,12,68,-51,290498
2026-05-19 20:09:28,lombar,16328,560,4084,69,-233,342,947931
2026-05-19 20:09:28,lombar,16444,492,4116,55,-269,262,947953
2026-05-19 20:09:29,esterno,1868,15552,-4276,-12,225,57,290520
2026-05-19 20:09:29,lombar,16320,532,4076,120,-203,301,947975
2026-05-19 20:09:29,esterno,2016,15520,-4440,-108,383,10,290542
2026-05-19 20:09:29,lombar,16356,552,4148,124,-287,302,947997
2026-05-19 20:09:29,esterno,1836,15412,-4356,-186,338,-1,290564
2026-05-19 20:09:29,lombar,16452,544,4100,121,-236,299,948019
2026-05-19 20:09:29,esterno,1916,15676,-4516,-144,155,-18,290586
2026-05-19 20:09:29,lombar,16376,628,4244,97,-275,319,948041
2026-05-19 20:09:29,esterno,1944,15612,-4728,-310,450,50,290608
2026-05-19 20:09:29,lombar,16392,668,4256,64,-270,315,948063
2026-05-19 20:09:29,esterno,1908,15376,-4312,-270,417,81,290630
2026-05-19 20:09:29,lombar,16364,508,4232,122,-168,265,948085
2026-05-19 20:09:29,esterno,1904,15304,-4256,-38,27,105,290652
2026-05-19 20:09:29,esterno,1980,15396,-4344,14,95,-7,290674
2026-05-19 20:09:29,lombar,16432,644,4184,134,-243,305,948107
2026-05-19 20:09:29,lombar,16400,596,4096,73,-175,258,948129
2026-05-19 20:09:29,esterno,1976,15576,-4380,-144,304,2,290696
2026-05-19 20:09:29,lombar,16448,460,4384,97,-158,268,948151
2026-05-19 20:09:29,esterno,1988,15424,-4388,-208,98,48,290718
2026-05-19 20:09:29,lombar,16428,608,4392,120,-199,336,948173
2026-05-19 20:09:29,esterno,1920,15296,-4296,12,-64,-16,290740
2026-05-19 20:09:29,lombar,16364,680,4160,118,-222,360,948195
2026-05-19 20:09:29,esterno,2016,15464,-4268,142,-119,-27,290762
2026-05-19 20:09:29,lombar,16416,624,4080,108,-234,312,948217
2026-05-19 20:09:29,esterno,2144,15484,-4504,106,45,-51,290784
2026-05-19 20:09:29,lombar,16440,632,4232,104,-124,382,948239
2026-05-19 20:09:29,esterno,2232,15652,-4592,34,221,-15,290806
2026-05-19 20:09:29,lombar,16460,676,4244,49,-163,364,948261
2026-05-19 20:09:29,esterno,2292,15728,-4596,18,299,60,290828
2026-05-19 20:09:29,lombar,16372,724,4176,53,-149,377,948283
2026-05-19 20:09:29,esterno,1936,15536,-4340,103,142,53,290850
2026-05-19 20:09:29,lombar,16420,568,4084,-59,-202,327,948305
2026-05-19 20:09:29,esterno,1728,15464,-4368,212,22,-47,290872
2026-05-19 20:09:29,lombar,16420,520,4104,-100,-338,366,948327
2026-05-19 20:09:29,esterno,1612,15480,-4688,34,75,-58,290894
2026-05-19 20:09:29,lombar,16448,508,4208,-75,-287,292,948349
2026-05-19 20:09:29,esterno,1660,15604,-4744,-237,35,169,290916
2026-05-19 20:09:29,lombar,16380,492,4040,-70,-347,385,948371
2026-05-19 20:09:29,esterno,1868,15592,-4436,-387,-116,223,290938
2026-05-19 20:09:29,lombar,16328,420,4208,0,-278,322,948393
2026-05-19 20:09:29,esterno,2128,15428,-4304,-255,-243,133,290960
2026-05-19 20:09:29,lombar,16376,316,4140,46,-250,317,948415
2026-05-19 20:09:29,esterno,2024,15368,-4768,117,70,-71,290982
2026-05-19 20:09:29,lombar,16448,484,4268,93,-274,337,948437
2026-05-19 20:09:29,esterno,1788,15400,-4576,71,602,-246,291004
2026-05-19 20:09:29,lombar,16368,540,4312,111,-230,286,948459
2026-05-19 20:09:29,esterno,1860,15436,-4576,-105,-118,-27,291026
2026-05-19 20:09:29,lombar,16440,540,4348,130,-274,283,948481
2026-05-19 20:09:29,esterno,1844,15480,-4384,-77,-247,83,291048
2026-05-19 20:09:29,lombar,16392,800,4324,128,-252,297,948503
2026-05-19 20:09:29,esterno,1768,15356,-4756,-28,226,6,291070
2026-05-19 20:09:29,lombar,16516,492,4236,163,-240,308,948525
2026-05-19 20:09:29,esterno,2120,15400,-4580,-48,458,-93,291092
2026-05-19 20:09:29,lombar,16388,688,4184,142,-224,366,948547
2026-05-19 20:09:29,esterno,2172,15464,-4956,96,636,-222,291114
2026-05-19 20:09:29,esterno,1852,15672,-4356,88,686,-238,291136
2026-05-19 20:09:29,lombar,16440,536,4176,79,-349,394,948569
2026-05-19 20:09:29,lombar,16524,584,4108,73,-336,354,948591
2026-05-19 20:09:29,esterno,1844,15680,-4116,-43,167,32,291158
2026-05-19 20:09:29,lombar,16416,508,4168,103,-303,388,948613
2026-05-19 20:09:29,esterno,2080,15464,-4748,-54,367,49,291180
2026-05-19 20:09:29,lombar,16380,492,4224,119,-285,341,948635
2026-05-19 20:09:29,esterno,2140,15312,-4808,-27,692,-113,291202
2026-05-19 20:09:29,lombar,16460,556,4028,69,-348,352,948657
2026-05-19 20:09:29,esterno,1968,15432,-4456,42,411,-141,291224
2026-05-19 20:09:29,lombar,16332,564,4228,121,-265,348,948679
2026-05-19 20:09:29,esterno,1872,15544,-4420,110,200,-73,291246
2026-05-19 20:09:29,lombar,16424,564,4144,106,-311,364,948701
2026-05-19 20:09:29,esterno,1776,15656,-4612,-62,577,-22,291268
2026-05-19 20:09:29,lombar,16360,528,4108,60,-314,359,948723
2026-05-19 20:09:29,esterno,1668,15416,-4672,-219,567,-78,291290
2026-05-19 20:09:29,lombar,16328,356,4516,116,-313,341,948745
2026-05-19 20:09:29,esterno,1844,15268,-4604,-162,104,-23,291312
2026-05-19 20:09:29,esterno,2176,15352,-4760,-58,324,-3,291334
2026-05-19 20:09:29,lombar,16476,496,4040,149,-332,444,948767
2026-05-19 20:09:29,lombar,16444,524,4100,105,-329,348,948789
2026-05-19 20:09:29,esterno,2000,15524,-4196,-204,435,-58,291356
2026-05-19 20:09:29,lombar,16392,520,4116,98,-312,292,948811
2026-05-19 20:09:29,esterno,1812,15584,-4488,-232,95,-30,291378
2026-05-19 20:09:29,esterno,2016,15420,-4580,-200,166,-77,291400
2026-05-19 20:09:29,lombar,16364,544,4132,84,-330,326,948833
2026-05-19 20:09:29,lombar,16372,640,4308,110,-340,346,948855
2026-05-19 20:09:29,esterno,2008,15408,-4600,-307,267,36,291422
2026-05-19 20:09:29,lombar,16420,680,4252,118,-291,370,948877
2026-05-19 20:09:29,esterno,1984,15352,-4496,-306,318,59,291444
2026-05-19 20:09:29,lombar,16424,572,4120,88,-311,372,948899
2026-05-19 20:09:29,esterno,1896,15508,-4572,-150,289,-24,291466
2026-05-19 20:09:29,lombar,16392,584,4124,108,-333,394,948921
2026-05-19 20:09:29,esterno,1888,15592,-4628,-19,251,-95,291488
2026-05-19 20:09:29,lombar,16400,620,4176,69,-294,320,948943
2026-05-19 20:09:29,esterno,1912,15624,-4500,-69,267,-58,291510
2026-05-19 20:09:30,lombar,16364,652,4152,118,-280,408,948965
2026-05-19 20:09:30,esterno,1836,15492,-4516,-129,298,-27,291532
2026-05-19 20:09:30,lombar,16328,560,4456,116,-323,396,948987
2026-05-19 20:09:30,esterno,1828,15388,-4572,-55,142,5,291554
2026-05-19 20:09:30,lombar,16468,556,4148,134,-293,387,949009
2026-05-19 20:09:30,esterno,1964,15448,-4624,23,219,-35,291576
2026-05-19 20:09:30,lombar,16432,532,4240,120,-348,362,949031
2026-05-19 20:09:30,esterno,1892,15380,-4456,-44,246,-41,291598
2026-05-19 20:09:30,lombar,16400,496,4148,103,-295,349,949053
2026-05-19 20:09:30,esterno,2020,15432,-4352,12,116,-18,291620
2026-05-19 20:09:30,lombar,16480,568,4264,95,-316,383,949075
2026-05-19 20:09:30,esterno,1896,15320,-5064,266,423,-71,291642
2026-05-19 20:09:30,lombar,16440,436,4156,113,-306,315,949097
2026-05-19 20:09:30,esterno,1772,15512,-4436,177,444,-179,291664
2026-05-19 20:09:30,lombar,16364,476,4196,132,-315,401,949119
2026-05-19 20:09:30,esterno,1904,15480,-4124,15,-507,-35,291686
2026-05-19 20:09:30,esterno,1980,15276,-5008,104,-13,13,291708
2026-05-19 20:09:30,lombar,16356,600,4172,119,-233,375,949141
2026-05-19 20:09:30,lombar,16432,564,4292,67,-264,390,949163
2026-05-19 20:09:30,esterno,1976,15316,-4900,228,700,-170,291730
2026-05-19 20:09:30,esterno,1992,15632,-4732,380,296,-169,291752
2026-05-19 20:09:30,lombar,16568,520,3980,72,-273,333,949185
2026-05-19 20:09:30,lombar,16308,624,4120,26,-351,361,949207
2026-05-19 20:09:30,esterno,1748,15732,-4596,383,318,-266,291774
2026-05-19 20:09:30,lombar,16400,568,4268,-67,-344,330,949229
2026-05-19 20:09:30,esterno,1672,15620,-4408,209,225,-134,291796
2026-05-19 20:09:30,lombar,16484,532,4100,-134,-418,258,949251
2026-05-19 20:09:30,esterno,1700,15312,-4680,193,20,21,291818
2026-05-19 20:09:30,lombar,16484,412,4448,-55,-444,313,949273
2026-05-19 20:09:30,esterno,2052,15148,-4912,330,151,51,291840
2026-05-19 20:09:30,lombar,16424,592,4108,48,-392,318,949295
2026-05-19 20:09:30,esterno,2016,15512,-4812,347,663,-180,291862
2026-05-19 20:09:30,esterno,1924,15724,-4532,318,546,-204,291884
2026-05-19 20:09:30,lombar,16480,560,4260,150,-300,326,949317
2026-05-19 20:09:30,lombar,16600,500,4152,160,-312,309,949339
2026-05-19 20:09:30,esterno,1752,15612,-4500,311,256,-151,291906
2026-05-19 20:09:30,lombar,16480,448,4284,161,-255,330,949361
2026-05-19 20:09:30,esterno,1796,15332,-4720,223,190,-85,291928
2026-05-19 20:09:30,lombar,16416,500,4260,166,-241,233,949383
2026-05-19 20:09:30,esterno,1924,15168,-4904,147,272,17,291950
2026-05-19 20:09:30,lombar,16504,740,4140,161,-260,255,949405
2026-05-19 20:09:30,esterno,2012,15256,-5196,186,186,28,291972
2026-05-19 20:09:30,lombar,16476,620,4176,123,-273,258,949427
2026-05-19 20:09:30,esterno,1972,15568,-4700,219,211,-46,291994
2026-05-19 20:09:30,lombar,16444,680,4228,82,-273,264,949449
2026-05-19 20:09:30,esterno,1788,15568,-4536,128,-174,11,292016
2026-05-19 20:09:30,lombar,16412,608,4276,77,-298,273,949471
2026-05-19 20:09:30,esterno,1920,15380,-5076,147,-315,201,292038
2026-05-19 20:09:30,lombar,16440,676,4208,-4,-277,260,949493
2026-05-19 20:09:30,esterno,2064,15252,-5092,3,-1,204,292060
2026-05-19 20:09:30,lombar,16440,532,4056,-13,-299,333,949515
2026-05-19 20:09:30,esterno,1900,15316,-4908,-88,-134,194,292082
2026-05-19 20:09:30,lombar,16464,480,4068,32,-274,299,949537
2026-05-19 20:09:30,esterno,1736,15332,-4992,134,-262,21,292104
2026-05-19 20:09:30,lombar,16440,380,4064,73,-259,312,949559
2026-05-19 20:09:30,esterno,1868,15392,-4908,235,-152,8,292126
2026-05-19 20:09:30,lombar,16448,388,4144,94,-262,306,949581
2026-05-19 20:09:30,esterno,1936,15388,-5100,5,-23,83,292148
2026-05-19 20:09:30,lombar,16516,540,4016,136,-161,318,949603
2026-05-19 20:09:30,esterno,1976,15448,-5144,-107,46,93,292170
2026-05-19 20:09:30,esterno,1844,15388,-4904,-32,33,-44,292192
2026-05-19 20:09:30,lombar,16460,644,4088,110,-191,283,949625
2026-05-19 20:09:30,lombar,16384,432,4232,73,-240,320,949647
2026-05-19 20:09:30,esterno,1800,15312,-4896,-10,-13,-75,292214
2026-05-19 20:09:30,lombar,16416,548,4016,120,-191,312,949669
2026-05-19 20:09:30,esterno,1784,15480,-5028,-71,58,30,292236
2026-05-19 20:09:30,lombar,16368,536,4020,94,-238,328,949691
2026-05-19 20:09:30,esterno,1916,15596,-5024,-40,-36,167,292258
2026-05-19 20:09:30,lombar,16448,472,4048,113,-193,254,949713
2026-05-19 20:09:30,esterno,1764,15316,-5312,91,691,-8,292280
2026-05-19 20:09:30,lombar,16412,484,4208,95,-240,346,949735
2026-05-19 20:09:30,esterno,2008,15328,-4268,-268,-524,41,292302
2026-05-19 20:09:30,lombar,16364,540,4240,106,-166,299,949757
2026-05-19 20:09:30,esterno,1760,15224,-5368,-42,-449,73,292324
2026-05-19 20:09:30,lombar,16412,620,4156,61,-197,348,949779
2026-05-19 20:09:30,esterno,1812,15224,-5388,52,405,-67,292346
2026-05-19 20:09:30,lombar,16452,444,4200,106,-199,303,949801
2026-05-19 20:09:30,esterno,1896,15436,-5188,-91,214,-75,292368
2026-05-19 20:09:30,lombar,16528,584,4228,127,-248,314,949823
2026-05-19 20:09:30,esterno,1904,15408,-5180,28,212,-40,292390
2026-05-19 20:09:30,lombar,16348,684,4136,60,-202,348,949845
2026-05-19 20:09:30,esterno,1820,15648,-4628,-121,310,-115,292412
2026-05-19 20:09:30,lombar,16408,512,4100,11,-256,315,949867
2026-05-19 20:09:30,esterno,1828,15552,-4696,-457,-31,52,292434
2026-05-19 20:09:30,lombar,16380,500,4288,52,-236,278,949889
2026-05-19 20:09:30,esterno,1888,15296,-4992,-447,-32,126,292456
2026-05-19 20:09:30,lombar,16448,536,4220,76,-198,259,949911
2026-05-19 20:09:30,esterno,1904,15280,-4996,-434,247,30,292478
2026-05-19 20:09:30,esterno,1784,15380,-5248,-397,301,-33,292500
2026-05-19 20:09:30,lombar,16516,528,4364,80,-237,287,949933
2026-05-19 20:09:30,lombar,16492,520,4192,100,-209,261,949955
2026-05-19 20:09:31,esterno,1740,15480,-5052,-215,242,-43,292522
2026-05-19 20:09:31,lombar,16348,544,4100,170,-247,299,949977
2026-05-19 20:09:31,esterno,1876,15564,-5056,-257,167,22,292544
2026-05-19 20:09:31,lombar,16436,508,4336,227,-191,317,949999
2026-05-19 20:09:31,esterno,1916,15308,-4816,-250,231,8,292566
2026-05-19 20:09:31,lombar,16384,580,4296,196,-208,252,950021
2026-05-19 20:09:31,esterno,1868,15128,-5072,-340,236,-66,292588
2026-05-19 20:09:31,lombar,16408,728,4300,117,-269,291,950043
2026-05-19 20:09:31,esterno,1908,15412,-4932,-370,301,-113,292610
2026-05-19 20:09:31,lombar,16472,628,4080,96,-211,329,950065
2026-05-19 20:09:31,esterno,1720,15452,-4788,-358,213,-69,292632
2026-05-19 20:09:31,lombar,16456,496,4232,37,-259,357,950087
2026-05-19 20:09:31,esterno,1448,15524,-4864,-384,-193,20,292654
2026-05-19 20:09:31,lombar,16436,608,4172,82,-282,351,950109
2026-05-19 20:09:31,esterno,1928,15512,-4964,-268,-63,139,292676
2026-05-19 20:09:31,lombar,16388,656,4260,91,-336,342,950131
2026-05-19 20:09:31,esterno,2148,15448,-4848,-363,74,125,292698
2026-05-19 20:09:31,lombar,16412,552,4144,49,-279,335,950153
2026-05-19 20:09:31,esterno,2104,15312,-4800,-416,34,72,292720
2026-05-19 20:09:31,esterno,1684,15312,-4844,-191,73,-37,292742
2026-05-19 20:09:31,lombar,16452,456,4192,44,-271,322,950175
2026-05-19 20:09:31,lombar,16376,588,4136,35,-285,274,950197
2026-05-19 20:09:31,esterno,1796,15396,-4912,-90,109,-41,292764
2026-05-19 20:09:31,lombar,16532,652,4292,50,-265,330,950219
2026-05-19 20:09:31,esterno,1964,15556,-4848,-197,85,16,292786
2026-05-19 20:09:31,lombar,16452,616,4148,88,-290,312,950241
2026-05-19 20:09:31,esterno,1700,15388,-4996,-227,35,81,292808
2026-05-19 20:09:31,lombar,16332,540,4176,79,-263,366,950263
2026-05-19 20:09:31,esterno,1800,15280,-4848,-132,67,58,292830
2026-05-19 20:09:31,lombar,16344,460,4284,127,-269,331,950285
2026-05-19 20:09:31,esterno,1888,15348,-4888,-175,111,58,292852
2026-05-19 20:09:31,lombar,16324,584,4260,99,-281,382,950307
2026-05-19 20:09:31,esterno,1872,15380,-4656,-295,-19,34,292874
2026-05-19 20:09:31,lombar,16308,500,4072,114,-252,304,950329
2026-05-19 20:09:31,esterno,1904,15356,-4836,-187,-135,9,292896
2026-05-19 20:09:31,lombar,16396,648,4352,88,-320,317,950351
2026-05-19 20:09:31,esterno,1796,15348,-5272,75,467,-59,292918
2026-05-19 20:09:31,lombar,16472,556,4052,90,-264,323,950373
2026-05-19 20:09:31,esterno,1996,15500,-4628,-131,-43,1,292940
2026-05-19 20:09:31,lombar,16432,556,4220,97,-324,280,950395
2026-05-19 20:09:31,esterno,1808,15476,-4656,-228,-444,120,292962
2026-05-19 20:09:31,lombar,16460,688,4156,115,-283,339,950417
2026-05-19 20:09:31,esterno,1736,15268,-5132,-103,8,75,292984
2026-05-19 20:09:31,lombar,16448,656,4192,89,-236,295,950439
2026-05-19 20:09:31,esterno,1872,15296,-4932,-79,144,-64,293006
2026-05-19 20:09:31,lombar,16580,624,4120,98,-317,317,950461
2026-05-19 20:09:31,esterno,1992,15300,-5324,52,232,-82,293028
2026-05-19 20:09:31,lombar,16428,628,4020,25,-312,386,950483
2026-05-19 20:09:31,esterno,1736,15500,-4612,64,387,-84,293050
2026-05-19 20:09:31,lombar,16484,520,4156,75,-255,304,950505
2026-05-19 20:09:31,esterno,1652,15636,-4540,-14,-35,45,293072
2026-05-19 20:09:31,lombar,16388,496,4192,53,-288,243,950527
2026-05-19 20:09:31,esterno,1788,15384,-4800,83,43,17,293094
2026-05-19 20:09:31,lombar,16448,580,4232,110,-259,354,950549
2026-05-19 20:09:31,esterno,2028,15352,-5008,-24,354,-63,293116
2026-05-19 20:09:31,lombar,16452,672,4408,95,-318,315,950571
2026-05-19 20:09:31,esterno,1880,15424,-4980,-260,418,0,293138
2026-05-19 20:09:31,lombar,16408,592,4140,76,-279,323,950593
2026-05-19 20:09:31,esterno,1588,15360,-4764,-181,123,54,293160
2026-05-19 20:09:31,lombar,16444,520,4224,113,-242,337,950615
2026-05-19 20:09:31,esterno,1644,15392,-5180,-123,92,-17,293182
2026-05-19 20:09:31,lombar,16452,524,4144,67,-233,318,950637
2026-05-19 20:09:31,esterno,1896,15348,-4832,-257,333,-39,293204
2026-05-19 20:09:31,esterno,1916,15504,-5000,-349,276,46,293226
2026-05-19 20:09:31,esterno,2084,15400,-5124,-359,315,26,293248
2026-05-19 20:09:31,lombar,16348,496,3988,206,-162,293,950659
2026-05-19 20:09:31,lombar,16388,660,4280,195,-198,370,950681
2026-05-19 20:09:31,lombar,16572,672,4056,176,-161,379,950703
2026-05-19 20:09:31,esterno,1744,15048,-4880,-207,726,-287,293270
2026-05-19 20:09:31,lombar,16468,660,4164,190,-180,349,950725
2026-05-19 20:09:31,esterno,1784,15376,-4524,-127,275,-300,293292
2026-05-19 20:09:31,lombar,16344,748,4056,180,-115,362,950747
2026-05-19 20:09:31,esterno,2028,15564,-4784,-205,17,-196,293314
2026-05-19 20:09:31,lombar,16508,820,4188,128,-199,495,950769
2026-05-19 20:09:31,esterno,2100,15796,-4672,-473,148,-168,293336
2026-05-19 20:09:31,lombar,16368,876,4236,53,-191,507,950791
2026-05-19 20:09:31,esterno,1884,15724,-4648,-615,52,-76,293358
2026-05-19 20:09:31,lombar,16340,736,4200,24,-217,389,950813
2026-05-19 20:09:31,esterno,1716,15344,-4812,-413,-59,-43,293380
2026-05-19 20:09:31,esterno,1784,15204,-5016,-309,-171,-45,293402
2026-05-19 20:09:31,lombar,16392,604,4336,-36,-266,434,950835
2026-05-19 20:09:31,lombar,16416,512,4336,-87,-259,327,950857
2026-05-19 20:09:31,esterno,1808,15292,-5036,-424,-100,45,293424
2026-05-19 20:09:31,lombar,16436,412,4376,-72,-306,305,950879
2026-05-19 20:09:31,esterno,1844,15476,-5032,-504,60,144,293446
2026-05-19 20:09:31,lombar,16404,476,4336,-32,-291,294,950901
2026-05-19 20:09:31,esterno,1756,15484,-4852,-432,273,38,293468
2026-05-19 20:09:31,lombar,16392,408,4352,40,-236,327,950923
2026-05-19 20:09:31,esterno,1564,15532,-4816,-340,244,-69,293490
2026-05-19 20:09:31,lombar,16464,392,4276,46,-281,327,950945
2026-05-19 20:09:31,esterno,1532,15404,-4636,-287,57,-69,293512
2026-05-19 20:09:32,lombar,16464,348,4256,96,-252,311,950967
2026-05-19 20:09:32,esterno,1568,15356,-4532,-222,-218,85,293534
2026-05-19 20:09:32,lombar,16252,484,4224,172,-321,277,950989
2026-05-19 20:09:32,esterno,1848,15452,-5120,-99,382,103,293556
2026-05-19 20:09:32,lombar,16440,524,4332,166,-282,318,951011
2026-05-19 20:09:32,esterno,1900,15492,-4512,-377,307,-29,293578
2026-05-19 20:09:32,lombar,16480,524,4272,230,-325,274,951033
2026-05-19 20:09:32,esterno,1828,15380,-4868,-340,-285,-8,293600
2026-05-19 20:09:32,lombar,16396,620,4416,153,-282,354,951055
2026-05-19 20:09:32,esterno,1728,15392,-4856,-187,0,-57,293622
2026-05-19 20:09:32,lombar,16372,660,4288,142,-242,299,951077
2026-05-19 20:09:32,esterno,1736,15356,-4860,-265,358,-20,293644
2026-05-19 20:09:32,lombar,16444,656,4192,136,-258,268,951099
2026-05-19 20:09:32,esterno,1976,15448,-4900,-193,244,43,293666
2026-05-19 20:09:32,lombar,16480,760,4208,86,-243,398,951121
2026-05-19 20:09:32,esterno,1888,15468,-4780,11,422,-114,293688
2026-05-19 20:09:32,lombar,16364,564,4308,54,-217,305,951143
2026-05-19 20:09:32,esterno,1816,15564,-4580,23,188,-112,293710
2026-05-19 20:09:32,esterno,1868,15448,-4596,66,105,73,293732
2026-05-19 20:09:32,lombar,16236,620,4524,52,-258,297,951165
2026-05-19 20:09:32,lombar,16332,680,4256,75,-228,323,951187
2026-05-19 20:09:32,esterno,2120,15308,-4772,20,354,55,293754
2026-05-19 20:09:32,lombar,16476,584,4336,110,-237,313,951209
2026-05-19 20:09:32,esterno,1908,15412,-4900,-196,468,-70,293776
2026-05-19 20:09:32,lombar,16492,512,4244,109,-212,316,951231
2026-05-19 20:09:32,esterno,1716,15440,-4840,-241,322,-48,293798
2026-05-19 20:09:32,lombar,16496,612,4344,84,-255,354,951253
2026-05-19 20:09:32,esterno,1760,15532,-4772,-300,203,-18,293820
2026-05-19 20:09:32,lombar,16344,580,4260,29,-253,418,951275
2026-05-19 20:09:32,esterno,1636,15496,-4584,-412,486,34,293842
2026-05-19 20:09:32,lombar,16460,432,4308,76,-216,285,951297
2026-05-19 20:09:32,esterno,1576,15332,-4400,-279,311,57,293864
2026-05-19 20:09:32,lombar,16416,400,4260,89,-283,251,951319
2026-05-19 20:09:32,esterno,1800,15340,-4864,-194,80,20,293886
2026-05-19 20:09:32,lombar,16368,588,4156,90,-335,337,951341
2026-05-19 20:09:32,esterno,1880,15524,-4804,-276,467,-144,293908
2026-05-19 20:09:32,lombar,16468,508,3944,9,-500,383,951363
2026-05-19 20:09:32,esterno,1668,15436,-4384,-321,229,-129,293930
2026-05-19 20:09:32,lombar,16408,528,3984,58,-400,355,951385
2026-05-19 20:09:32,esterno,1664,15500,-4576,-297,-161,-100,293952
2026-05-19 20:09:32,lombar,16636,648,4168,98,-366,417,951407
2026-05-19 20:09:32,esterno,1676,15460,-4656,-340,-143,-126,293974
2026-05-19 20:09:32,lombar,16448,776,4260,94,-290,407,951429
2026-05-19 20:09:32,esterno,2012,15372,-4716,-460,-15,-128,293996
2026-05-19 20:09:32,lombar,16504,580,4116,63,-238,403,951451
2026-05-19 20:09:32,esterno,2100,15480,-4828,-361,279,-114,294018
2026-05-19 20:09:32,lombar,16444,572,4288,120,-196,369,951473
2026-05-19 20:09:32,esterno,2044,15552,-4684,-309,388,-140,294040
2026-05-19 20:09:32,lombar,16504,572,4196,93,-179,383,951495
2026-05-19 20:09:32,esterno,1864,15520,-4660,-298,332,-140,294062
2026-05-19 20:09:32,lombar,16396,712,4180,52,-185,387,951517
2026-05-19 20:09:32,esterno,1592,15500,-4520,-201,245,-121,294084
2026-05-19 20:09:32,lombar,16432,744,4236,40,-204,363,951539
2026-05-19 20:09:32,esterno,1540,15428,-4660,-221,218,-66,294106
2026-05-19 20:09:32,lombar,16244,460,4232,-6,-232,371,951561
2026-05-19 20:09:32,esterno,1688,15404,-4808,-298,148,85,294128
2026-05-19 20:09:32,esterno,1512,15468,-4612,-328,19,184,294150
2026-05-19 20:09:32,lombar,16412,496,4296,5,-272,344,951583
2026-05-19 20:09:32,esterno,1636,15492,-4416,-245,-185,169,294172
2026-05-19 20:09:32,lombar,16412,280,4252,55,-265,308,951605
2026-05-19 20:09:32,lombar,16384,376,4272,135,-256,275,951627
2026-05-19 20:09:32,esterno,1716,15364,-4672,-119,-129,52,294194
2026-05-19 20:09:32,lombar,16548,532,4272,186,-228,318,951649
2026-05-19 20:09:32,esterno,1580,15452,-4848,-46,559,-55,294216
2026-05-19 20:09:32,lombar,16484,504,4272,150,-229,350,951671
2026-05-19 20:09:32,esterno,1712,15516,-4388,-270,-162,21,294238
2026-05-19 20:09:32,lombar,16420,420,4044,166,-261,340,951693
2026-05-19 20:09:32,esterno,1760,15628,-4536,-251,-289,-15,294260
2026-05-19 20:09:32,lombar,16336,704,4192,164,-236,301,951715
2026-05-19 20:09:32,esterno,1656,15652,-4756,-289,248,-8,294282
2026-05-19 20:09:32,lombar,16468,688,4412,164,-253,284,951737
2026-05-19 20:09:32,esterno,1756,15412,-4648,-395,383,-91,294304
2026-05-19 20:09:32,lombar,16452,680,4252,177,-249,371,951759
2026-05-19 20:09:32,esterno,1908,15368,-4828,-143,300,-65,294326
2026-05-19 20:09:32,lombar,16456,636,4112,101,-235,390,951781
2026-05-19 20:09:32,esterno,1644,15348,-4300,44,488,-125,294348
2026-05-19 20:09:32,lombar,16320,484,4384,83,-264,397,951803
2026-05-19 20:09:32,esterno,1700,15516,-4140,-62,154,-85,294370
2026-05-19 20:09:32,lombar,16396,608,4292,112,-241,325,951825
2026-05-19 20:09:32,esterno,1812,15552,-4548,-132,210,-82,294392
2026-05-19 20:09:32,lombar,16484,680,4292,103,-257,267,951847
2026-05-19 20:09:32,esterno,1860,15508,-4444,-352,499,-74,294414
2026-05-19 20:09:32,lombar,16492,592,4292,99,-281,384,951869
2026-05-19 20:09:32,esterno,1644,15456,-4520,-334,394,48,294436
2026-05-19 20:09:32,lombar,16364,500,4300,64,-253,317,951891
2026-05-19 20:09:32,esterno,1588,15332,-4468,-114,136,24,294458
2026-05-19 20:09:32,lombar,16408,564,4296,122,-246,349,951913
2026-05-19 20:09:32,esterno,1792,15620,-4872,-174,373,-20,294480
2026-05-19 20:09:32,lombar,16400,628,4236,89,-239,380,951935
2026-05-19 20:09:32,esterno,1652,15472,-4632,-388,446,-14,294502
2026-05-19 20:09:33,lombar,16380,544,4284,112,-261,321,951957
2026-05-19 20:09:33,esterno,1500,15324,-4556,-133,79,91,294524
2026-05-19 20:09:33,lombar,16420,468,4268,162,-235,242,951979
2026-05-19 20:09:33,esterno,1808,15432,-4772,18,38,122,294546
2026-05-19 20:09:33,lombar,16264,452,4288,49,-211,346,952001
2026-05-19 20:09:33,esterno,1860,15560,-4488,-228,443,101,294568
2026-05-19 20:09:33,lombar,16496,572,4444,105,-219,259,952023
2026-05-19 20:09:33,esterno,1748,15644,-4564,-276,167,44,294590
2026-05-19 20:09:33,lombar,16312,584,4356,100,-252,244,952045
2026-05-19 20:09:33,esterno,1832,15520,-4652,-40,45,-78,294612
2026-05-19 20:09:33,lombar,16364,440,4360,36,-263,298,952067
2026-05-19 20:09:33,esterno,1812,15524,-4632,-133,66,-75,294634
2026-05-19 20:09:33,esterno,1904,15660,-4552,-287,269,-64,294656
2026-05-19 20:09:33,lombar,16328,592,4380,32,-384,285,952089
2026-05-19 20:09:33,lombar,16340,580,4304,128,-388,324,952111
2026-05-19 20:09:33,esterno,1724,15412,-4596,-197,250,-107,294678
2026-05-19 20:09:33,lombar,16476,648,4196,90,-409,376,952133
2026-05-19 20:09:33,esterno,1696,15424,-4596,-102,193,-205,294700
2026-05-19 20:09:33,lombar,16396,732,4284,43,-366,427,952155
2026-05-19 20:09:33,esterno,1716,15468,-4684,-113,117,-172,294722
2026-05-19 20:09:33,lombar,16464,552,4276,24,-283,308,952177
2026-05-19 20:09:33,esterno,1824,15572,-4556,-156,165,-3,294744
2026-05-19 20:09:33,lombar,16356,580,4308,16,-293,363,952199
2026-05-19 20:09:33,esterno,1748,15528,-4452,-107,212,62,294766
2026-05-19 20:09:33,lombar,16296,504,4044,77,-331,373,952221
2026-05-19 20:09:33,esterno,1748,15476,-4672,-128,260,-77,294788
2026-05-19 20:09:33,lombar,16352,492,4180,78,-300,367,952243
2026-05-19 20:09:33,esterno,1564,15396,-4520,-225,255,-176,294810
2026-05-19 20:09:33,lombar,16460,560,4168,145,-344,465,952265
2026-05-19 20:09:33,esterno,1604,15412,-4360,-263,123,-54,294832
2026-05-19 20:09:33,lombar,16300,576,4196,147,-331,405,952287
2026-05-19 20:09:33,esterno,1620,15388,-4480,-126,-135,28,294854
2026-05-19 20:09:33,lombar,16448,608,4296,173,-339,430,952309
2026-05-19 20:09:33,esterno,1640,15496,-4916,95,470,-115,294876
2026-05-19 20:09:33,lombar,16380,492,4172,140,-307,396,952331
2026-05-19 20:09:33,esterno,1820,15572,-4200,-29,168,-189,294898
2026-05-19 20:09:33,lombar,16544,408,4204,118,-315,324,952353
2026-05-19 20:09:33,esterno,1664,15644,-4240,150,-277,-82,294920
2026-05-19 20:09:33,lombar,16496,556,4196,123,-334,416,952375
2026-05-19 20:09:33,esterno,1724,15452,-4304,246,-147,26,294942
2026-05-19 20:09:33,lombar,16396,712,4280,133,-257,366,952397
2026-05-19 20:09:33,esterno,1604,15496,-4796,-13,394,30,294964
2026-05-19 20:09:33,lombar,16544,604,4116,101,-304,347,952419
2026-05-19 20:09:33,esterno,1672,15320,-4780,-62,426,-77,294986
2026-05-19 20:09:33,lombar,16376,516,4040,18,-270,432,952441
2026-05-19 20:09:33,esterno,1512,15412,-4688,163,557,-169,295008
2026-05-19 20:09:33,lombar,16408,368,4360,70,-293,351,952463
2026-05-19 20:09:33,esterno,1704,15676,-4260,134,413,-135,295030
2026-05-19 20:09:33,lombar,16516,340,4240,131,-255,410,952485
2026-05-19 20:09:33,esterno,1732,15644,-4480,13,314,36,295052
2026-05-19 20:09:33,lombar,16256,520,4224,119,-336,399,952507
2026-05-19 20:09:33,esterno,1720,15360,-4844,23,537,-44,295074
2026-05-19 20:09:33,lombar,16360,568,4276,130,-308,329,952529
2026-05-19 20:09:33,esterno,1672,15292,-4812,11,501,-136,295096
2026-05-19 20:09:33,lombar,16440,640,4228,184,-292,269,952551
2026-05-19 20:09:33,esterno,1544,15344,-4540,-52,346,-58,295118
2026-05-19 20:09:33,lombar,16516,456,4264,166,-345,299,952573
2026-05-19 20:09:33,esterno,1568,15760,-4644,-206,386,22,295140
2026-05-19 20:09:33,lombar,16384,612,4420,177,-330,355,952595
2026-05-19 20:09:33,esterno,1604,15552,-4584,-262,509,114,295162
2026-05-19 20:09:33,lombar,16288,632,4300,169,-319,325,952617
2026-05-19 20:09:33,esterno,1444,15256,-4484,-44,183,16,295184
2026-05-19 20:09:33,esterno,1744,15208,-4856,136,-103,-19,295206
2026-05-19 20:09:33,lombar,16416,400,4292,100,-325,371,952639
2026-05-19 20:09:33,lombar,16428,660,4192,57,-307,358,952661
2026-05-19 20:09:33,esterno,1884,15572,-4832,7,356,0,295228
2026-05-19 20:09:33,lombar,16440,520,4316,56,-360,317,952683
2026-05-19 20:09:33,esterno,1828,15760,-4320,-302,175,145,295250
2026-05-19 20:09:33,lombar,16364,540,4256,88,-370,331,952705
2026-05-19 20:09:33,esterno,1748,15560,-4852,-117,-65,128,295272
2026-05-19 20:09:33,lombar,16400,652,4260,74,-336,349,952727
2026-05-19 20:09:33,esterno,1664,15304,-4528,83,-71,-34,295294
2026-05-19 20:09:33,lombar,16444,632,4012,64,-285,388,952749
2026-05-19 20:09:33,esterno,1820,15328,-4544,-86,-58,9,295316
2026-05-19 20:09:33,lombar,16424,612,4260,88,-356,371,952771
2026-05-19 20:09:33,esterno,1764,15404,-4620,-210,207,34,295338
2026-05-19 20:09:33,lombar,16448,516,4220,51,-323,314,952793
2026-05-19 20:09:33,esterno,1596,15544,-4536,-122,221,53,295360
2026-05-19 20:09:33,lombar,16456,552,4076,57,-308,397,952815
2026-05-19 20:09:33,esterno,1636,15500,-4648,60,60,-10,295382
2026-05-19 20:09:33,lombar,16508,544,4092,65,-290,340,952837
2026-05-19 20:09:33,esterno,1620,15508,-4640,118,3,-56,295404
2026-05-19 20:09:33,lombar,16512,468,4196,61,-259,347,952859
2026-05-19 20:09:33,esterno,1816,15528,-4592,14,68,-16,295426
2026-05-19 20:09:33,lombar,16492,468,4236,102,-283,337,952881
2026-05-19 20:09:33,esterno,1640,15448,-4908,-46,176,66,295448
2026-05-19 20:09:33,lombar,16344,500,4152,135,-261,329,952903
2026-05-19 20:09:33,esterno,1624,15524,-4692,-76,234,78,295470
2026-05-19 20:09:33,lombar,16404,448,3956,110,-271,356,952925
2026-05-19 20:09:33,esterno,1652,15384,-4680,-35,55,17,295492
2026-05-19 20:09:33,lombar,16548,388,4176,110,-258,283,952947
2026-05-19 20:09:33,esterno,1572,15364,-4588,113,85,20,295514
2026-05-19 20:09:34,lombar,16416,524,4224,160,-259,314,952969
2026-05-19 20:09:34,esterno,1760,15472,-5152,288,294,64,295536
2026-05-19 20:09:34,lombar,16356,508,4160,108,-242,313,952991
2026-05-19 20:09:34,esterno,1768,15364,-4612,48,618,-61,295558
2026-05-19 20:09:34,lombar,16392,488,4204,156,-321,349,953013
2026-05-19 20:09:34,esterno,1704,15528,-4356,-138,-406,44,295580
2026-05-19 20:09:34,lombar,16284,524,4288,150,-293,303,953035
2026-05-19 20:09:34,esterno,1684,15228,-5456,122,-264,65,295602
2026-05-19 20:09:34,lombar,16468,568,4200,81,-314,341,953057
2026-05-19 20:09:34,esterno,1460,15212,-5056,205,609,-152,295624
2026-05-19 20:09:34,esterno,1676,15404,-4816,290,262,-125,295646
2026-05-19 20:09:34,lombar,16464,644,4252,139,-281,352,953079
2026-05-19 20:09:34,lombar,16504,600,4128,80,-274,404,953101
2026-05-19 20:09:34,esterno,1772,15736,-4740,341,169,-69,295668
2026-05-19 20:09:34,lombar,16384,460,4076,58,-250,410,953123
2026-05-19 20:09:34,esterno,1712,15744,-4456,66,335,-6,295690
2026-05-19 20:09:34,esterno,1804,15500,-4724,-171,243,183,295712
2026-05-19 20:09:34,lombar,16392,584,4280,47,-279,317,953145
2026-05-19 20:09:34,lombar,16428,448,4168,56,-279,262,953167
2026-05-19 20:09:34,esterno,1764,15208,-4924,-123,254,141,295734
2026-05-19 20:09:34,lombar,16424,524,4100,103,-298,299,953189
2026-05-19 20:09:34,esterno,1624,15156,-4976,-137,242,33,295756
2026-05-19 20:09:34,esterno,1644,15484,-4872,-6,246,56,295778
2026-05-19 20:09:34,lombar,16472,516,4116,112,-325,343,953211
2026-05-19 20:09:34,lombar,16548,464,4156,104,-289,292,953233
2026-05-19 20:09:34,esterno,1676,15740,-4864,-147,221,59,295800
2026-05-19 20:09:34,lombar,16412,432,4120,151,-297,337,953255
2026-05-19 20:09:34,esterno,1604,15428,-4752,-273,-163,128,295822
2026-05-19 20:09:34,lombar,16396,464,4376,103,-250,311,953277
2026-05-19 20:09:34,esterno,1728,15220,-5060,-154,103,90,295844
2026-05-19 20:09:34,lombar,16412,580,4192,142,-229,330,953299
2026-05-19 20:09:34,esterno,1800,15252,-4792,-266,138,98,295866
2026-05-19 20:09:34,lombar,16288,644,4144,57,-289,306,953321
2026-05-19 20:09:34,esterno,1796,15352,-4984,-185,-8,14,295888
2026-05-19 20:09:34,lombar,16376,552,4172,107,-271,319,953343
2026-05-19 20:09:34,esterno,1788,15696,-4720,-300,180,-46,295910
2026-05-19 20:09:34,lombar,16460,572,4252,104,-331,299,953365
2026-05-19 20:09:34,esterno,1808,15644,-4620,-404,-106,188,295932
2026-05-19 20:09:34,lombar,16464,684,4084,67,-348,337,953387
2026-05-19 20:09:34,esterno,1740,15204,-4948,-206,-207,190,295954
2026-05-19 20:09:34,lombar,16432,596,4308,25,-310,303,953409
2026-05-19 20:09:34,esterno,1596,15136,-4892,-200,-165,112,295976
2026-05-19 20:09:34,lombar,16440,552,4244,97,-298,341,953431
2026-05-19 20:09:34,esterno,1728,15468,-4744,-295,-116,79,295998
2026-05-19 20:09:34,lombar,16512,612,4108,96,-293,260,953453
2026-05-19 20:09:34,esterno,1788,15512,-4660,-260,-97,74,296020
2026-05-19 20:09:34,lombar,16480,644,4020,70,-234,293,953475
2026-05-19 20:09:34,esterno,1776,15608,-4884,-139,-101,164,296042
2026-05-19 20:09:34,lombar,16380,568,4048,83,-287,327,953497
2026-05-19 20:09:34,esterno,1820,15612,-4652,-243,105,169,296064
2026-05-19 20:09:34,lombar,16536,568,4176,59,-256,343,953519
2026-05-19 20:09:34,esterno,1708,15276,-4664,-319,137,71,296086
2026-05-19 20:09:34,lombar,16480,560,4012,75,-237,372,953541
2026-05-19 20:09:34,esterno,1544,15256,-4784,-174,-85,26,296108
2026-05-19 20:09:34,lombar,16364,476,4132,97,-210,270,953563
2026-05-19 20:09:34,esterno,1648,15532,-4804,-138,-19,80,296130
2026-05-19 20:09:34,lombar,16424,584,4172,105,-234,304,953585
2026-05-19 20:09:34,esterno,1772,15552,-4536,-205,-58,250,296152
2026-05-19 20:09:34,esterno,1872,15368,-5364,75,365,129,296174
2026-05-19 20:09:34,lombar,16392,524,4260,92,-226,278,953607
2026-05-19 20:09:34,lombar,16424,560,3984,128,-198,315,953629
2026-05-19 20:09:34,esterno,1856,15456,-4204,-122,-123,-65,296196
2026-05-19 20:09:34,lombar,16412,572,4228,113,-212,289,953651
2026-05-19 20:09:34,esterno,1900,15396,-4936,-224,-596,43,296218
2026-05-19 20:09:34,lombar,16352,744,4208,115,-213,284,953673
2026-05-19 20:09:34,esterno,1836,15392,-5196,-139,379,11,296240
2026-05-19 20:09:34,lombar,16428,564,4380,102,-177,236,953695
2026-05-19 20:09:34,esterno,1696,15148,-4872,-18,574,-37,296262
2026-05-19 20:09:34,lombar,16424,560,4156,152,-260,246,953717
2026-05-19 20:09:34,esterno,1884,15480,-4920,168,332,-21,296284
2026-05-19 20:09:34,lombar,16272,692,4308,154,-258,328,953739
2026-05-19 20:09:34,esterno,1808,15916,-4808,-18,366,-43,296306
2026-05-19 20:09:34,lombar,16236,624,4280,72,-311,349,953761
2026-05-19 20:09:34,esterno,1624,15808,-4692,-362,268,59,296328
2026-05-19 20:09:34,lombar,16288,716,4224,48,-407,315,953783
2026-05-19 20:09:34,esterno,1756,15096,-4752,-177,29,115,296350
2026-05-19 20:09:34,lombar,16364,604,4256,41,-417,329,953805
2026-05-19 20:09:34,esterno,1852,15072,-4896,-130,76,32,296372
2026-05-19 20:09:34,lombar,16332,688,4224,86,-345,352,953827
2026-05-19 20:09:34,esterno,2096,15356,-5180,-534,508,-93,296394
2026-05-19 20:09:34,esterno,1720,15424,-4664,-481,334,-122,296416
2026-05-19 20:09:34,lombar,16500,668,4272,72,-334,442,953849
2026-05-19 20:09:34,lombar,16432,588,4176,16,-323,434,953871
2026-05-19 20:09:34,esterno,1580,15436,-4816,-162,-122,-171,296438
2026-05-19 20:09:34,esterno,1760,15760,-4604,-174,130,-19,296460
2026-05-19 20:09:34,lombar,16320,452,4304,23,-307,336,953893
2026-05-19 20:09:34,esterno,1848,15528,-4824,-593,243,259,296482
2026-05-19 20:09:34,lombar,16476,540,4100,100,-262,357,953915
2026-05-19 20:09:34,lombar,16552,684,4284,47,-243,384,953937
2026-05-19 20:09:34,esterno,1604,15188,-4756,-610,-117,159,296504
2026-05-19 20:09:35,lombar,16492,532,4148,-50,-255,335,953959
2026-05-19 20:09:35,esterno,1568,15156,-4544,35,-211,-103,296526
2026-05-19 20:09:35,lombar,16452,412,4140,-30,-279,264,953981
2026-05-19 20:09:35,esterno,1704,15700,-4340,-45,-182,68,296548
2026-05-19 20:09:35,lombar,16412,528,4156,32,-223,227,954003
2026-05-19 20:09:35,esterno,1828,15728,-4544,-482,-84,284,296570
2026-05-19 20:09:35,lombar,16328,500,4036,70,-240,290,954025
2026-05-19 20:09:35,esterno,1732,15544,-4744,-341,-89,209,296592
2026-05-19 20:09:35,esterno,1760,15380,-4944,-259,-84,40,296614
2026-05-19 20:09:35,lombar,16432,612,4208,141,-203,311,954047
2026-05-19 20:09:35,lombar,16404,600,4228,39,-262,316,954069
2026-05-19 20:09:35,esterno,1840,15548,-4876,-394,97,-20,296636
2026-05-19 20:09:35,lombar,16376,600,4196,138,-245,352,954091
2026-05-19 20:09:35,esterno,1780,15540,-4736,-358,33,76,296658
2026-05-19 20:09:35,lombar,16448,660,4076,71,-288,329,954113
2026-05-19 20:09:35,esterno,1828,15428,-4688,-196,17,48,296680
2026-05-19 20:09:35,lombar,16392,644,4376,84,-214,296,954135
2026-05-19 20:09:35,esterno,1804,15456,-4700,-181,115,23,296702
2026-05-19 20:09:35,lombar,16492,656,4248,122,-284,289,954157
2026-05-19 20:09:35,esterno,1712,15284,-4828,-406,232,28,296724
2026-05-19 20:09:35,lombar,16464,596,4136,93,-243,363,954179
2026-05-19 20:09:35,esterno,1736,15372,-4772,-538,376,30,296746
2026-05-19 20:09:35,lombar,16412,608,4024,119,-257,349,954201
2026-05-19 20:09:35,esterno,1760,15432,-4560,-474,237,-10,296768
2026-05-19 20:09:35,lombar,16364,536,4212,92,-260,440,954223
2026-05-19 20:09:35,esterno,1800,15428,-4356,-262,-138,-92,296790
2026-05-19 20:09:35,lombar,16424,508,4084,92,-289,412,954245
2026-05-19 20:09:35,esterno,1832,15512,-5056,33,431,-242,296812
2026-05-19 20:09:35,lombar,16380,628,4156,93,-285,418,954267
2026-05-19 20:09:35,esterno,1704,15472,-4384,-278,325,-189,296834
2026-05-19 20:09:35,lombar,16436,588,4432,86,-378,295,954289
2026-05-19 20:09:35,esterno,1744,15532,-4456,-259,-388,59,296856
2026-05-19 20:09:35,lombar,16364,688,4168,59,-316,480,954311
2026-05-19 20:09:35,esterno,1596,15468,-4740,-37,-209,50,296878
2026-05-19 20:09:35,esterno,1596,15396,-4832,-78,327,-193,296900
2026-05-19 20:09:35,lombar,16368,644,4156,44,-372,418,954333
2026-05-19 20:09:35,lombar,16468,552,4052,72,-359,404,954355
2026-05-19 20:09:35,esterno,1824,15304,-4848,-78,267,-200,296922
2026-05-19 20:09:35,lombar,16544,540,4064,-22,-407,492,954377
2026-05-19 20:09:35,esterno,1844,15460,-4664,99,394,-162,296944
2026-05-19 20:09:35,lombar,16464,420,4204,18,-427,410,954399
2026-05-19 20:09:35,esterno,1704,15372,-4068,27,150,-131,296966
2026-05-19 20:09:35,lombar,16324,524,4272,11,-410,372,954421
2026-05-19 20:09:35,esterno,1524,15388,-4656,-13,-4,-79,296988
2026-05-19 20:09:35,lombar,16332,468,4144,34,-445,380,954443
2026-05-19 20:09:35,esterno,1752,15248,-4780,-30,363,-65,297010
2026-05-19 20:09:35,lombar,16472,624,4180,44,-394,444,954465
2026-05-19 20:09:35,esterno,1712,15348,-4704,-57,365,-95,297032
2026-05-19 20:09:35,lombar,16540,504,3928,19,-383,378,954487
2026-05-19 20:09:35,esterno,1704,15564,-4712,20,191,6,297054
2026-05-19 20:09:35,lombar,16528,384,3932,31,-372,346,954509
2026-05-19 20:09:35,esterno,1784,15688,-4660,63,216,-51,297076
2026-05-19 20:09:35,lombar,16488,596,3888,28,-293,329,954531
2026-05-19 20:09:35,esterno,1620,15468,-4568,-62,274,-82,297098
2026-05-19 20:09:35,lombar,16568,508,3864,53,-401,290,954553
2026-05-19 20:09:35,esterno,1524,15532,-4344,-19,51,52,297120
2026-05-19 20:09:35,lombar,16536,600,4040,39,-209,234,954575
2026-05-19 20:09:35,esterno,1772,15396,-4560,-23,-2,184,297142
2026-05-19 20:09:35,lombar,16532,528,4336,-11,-167,300,954597
2026-05-19 20:09:35,esterno,1768,15572,-4436,21,219,117,297164
2026-05-19 20:09:35,lombar,16388,440,4160,-17,-91,254,954619
2026-05-19 20:09:35,esterno,1676,15352,-4224,72,-51,60,297186
2026-05-19 20:09:35,lombar,16368,460,4028,-10,-47,140,954641
2026-05-19 20:09:35,esterno,1688,15500,-4724,41,-79,12,297208
2026-05-19 20:09:35,lombar,16500,372,4052,4,-39,154,954663
2026-05-19 20:09:35,esterno,1556,15536,-4764,-29,47,-20,297230
2026-05-19 20:09:35,lombar,16492,524,4248,15,-23,195,954685
2026-05-19 20:09:35,esterno,1792,15596,-4952,-50,101,53,297252
2026-05-19 20:09:35,lombar,16428,588,4052,-3,2,165,954707
2026-05-19 20:09:35,esterno,1660,15328,-4776,70,105,32,297274
2026-05-19 20:09:35,lombar,16284,528,3972,94,22,249,954729
2026-05-19 20:09:35,esterno,1816,15268,-4812,174,164,-106,297296
2026-05-19 20:09:35,lombar,16396,620,4228,85,-70,312,954751
2026-05-19 20:09:35,esterno,1748,15552,-4896,213,339,-239,297318
2026-05-19 20:09:35,lombar,16532,520,4340,32,-147,323,954773
2026-05-19 20:09:35,esterno,1852,15652,-4672,172,465,-201,297340
2026-05-19 20:09:35,lombar,16268,560,3948,66,-95,278,954795
2026-05-19 20:09:35,esterno,1840,15468,-4576,4,289,-56,297362
2026-05-19 20:09:35,lombar,16312,616,4236,31,-257,182,954817
2026-05-19 20:09:35,esterno,1692,15308,-4936,-85,134,0,297384
2026-05-19 20:09:35,lombar,16452,636,4212,44,-218,272,954839
2026-05-19 20:09:35,esterno,1504,15380,-4840,-75,-20,15,297406
2026-05-19 20:09:35,esterno,1644,15452,-4712,-55,-103,96,297428
2026-05-19 20:09:35,lombar,16300,564,4216,60,-285,316,954861
2026-05-19 20:09:35,lombar,16508,556,4452,74,-233,319,954883
2026-05-19 20:09:35,esterno,1856,15412,-5056,26,328,175,297450
2026-05-19 20:09:35,lombar,16408,456,4320,62,-282,309,954905
2026-05-19 20:09:35,esterno,1864,15452,-4704,-117,-85,71,297472
2026-05-19 20:09:35,lombar,16408,440,4144,56,-315,288,954927
2026-05-19 20:09:35,esterno,1792,15364,-4780,-76,-219,-77,297494
2026-05-19 20:09:35,lombar,16424,656,4212,155,-334,335,954949
2026-05-19 20:09:35,esterno,1660,15388,-5032,-139,94,-62,297516
2026-05-19 20:09:36,lombar,16516,676,4224,91,-298,341,954971
2026-05-19 20:09:36,esterno,1676,15252,-5028,-207,344,-83,297538
2026-05-19 20:09:36,lombar,16540,528,4132,189,-277,337,954993
2026-05-19 20:09:36,esterno,1940,15240,-4996,67,547,-164,297560
2026-05-19 20:09:36,lombar,16504,676,4256,80,-263,424,955015
2026-05-19 20:09:36,esterno,1964,15460,-4836,295,781,-382,297582
2026-05-19 20:09:36,lombar,16284,584,4312,79,-199,411,955037
2026-05-19 20:09:36,esterno,1760,15656,-4588,179,503,-377,297604
2026-05-19 20:09:36,lombar,16372,496,4348,13,-354,342,955059
2026-05-19 20:09:36,esterno,1500,15500,-4896,84,351,-178,297626
2026-05-19 20:09:36,lombar,16388,676,4152,-10,-312,381,955081
2026-05-19 20:09:36,esterno,1400,15648,-4896,32,499,-120,297648
2026-05-19 20:09:36,lombar,16388,704,4188,-30,-337,374,955103
2026-05-19 20:09:36,esterno,1448,15476,-4776,-160,335,-17,297670
2026-05-19 20:09:36,lombar,16512,516,4212,-11,-331,374,955125
2026-05-19 20:09:36,esterno,1596,15352,-4924,-181,109,27,297692
2026-05-19 20:09:36,lombar,16424,536,4376,25,-316,388,955147
2026-05-19 20:09:36,esterno,1600,15392,-4932,-171,160,-31,297714
2026-05-19 20:09:36,esterno,1768,15412,-4780,-236,365,-67,297736
2026-05-19 20:09:36,lombar,16372,496,4360,-2,-315,438,955169
2026-05-19 20:09:36,esterno,1616,15452,-4944,-298,298,-12,297758
2026-05-19 20:09:36,lombar,16388,440,4232,79,-326,373,955191
2026-05-19 20:09:36,lombar,16416,508,4076,151,-318,326,955213
2026-05-19 20:09:36,esterno,1716,15400,-4984,-384,232,-13,297780
2026-05-19 20:09:36,lombar,16340,500,4100,119,-337,410,955235
2026-05-19 20:09:36,esterno,1556,15320,-4936,-348,477,-141,297802
2026-05-19 20:09:36,lombar,16428,484,4308,97,-334,357,955257
2026-05-19 20:09:36,esterno,1556,15396,-4580,-265,237,-132,297824
2026-05-19 20:09:36,lombar,16412,520,4084,94,-390,436,955279
2026-05-19 20:09:36,esterno,1564,15596,-4868,-223,59,-31,297846
2026-05-19 20:09:36,lombar,16352,612,4112,127,-466,427,955301
2026-05-19 20:09:36,esterno,1656,15508,-4768,-277,163,59,297868
2026-05-19 20:09:36,lombar,16320,540,4580,102,-434,394,955323
2026-05-19 20:09:36,esterno,1708,15448,-4804,-389,253,31,297890
2026-05-19 20:09:36,lombar,16348,516,4104,149,-385,374,955345
2026-05-19 20:09:36,esterno,1780,15396,-4932,-307,352,-43,297912
2026-05-19 20:09:36,lombar,16348,424,4188,94,-375,419,955367
2026-05-19 20:09:36,esterno,1856,15400,-4876,-215,409,-73,297934
2026-05-19 20:09:36,lombar,16404,528,4288,122,-437,440,955389
2026-05-19 20:09:36,esterno,1728,15524,-4760,-268,378,16,297956
2026-05-19 20:09:36,lombar,16388,644,3984,48,-347,500,955411
2026-05-19 20:09:36,esterno,1668,15508,-4728,-366,309,-20,297978
2026-05-19 20:09:36,lombar,16356,584,4240,32,-450,460,955433
2026-05-19 20:09:36,esterno,1672,15460,-4996,-399,278,-39,298000
2026-05-19 20:09:36,lombar,16512,528,4236,70,-338,460,955455
2026-05-19 20:09:36,esterno,1576,15364,-4644,-322,306,-29,298022
2026-05-19 20:09:36,esterno,1620,15392,-4412,-206,122,49,298044
2026-05-19 20:09:36,lombar,16400,496,4168,72,-364,484,955477
2026-05-19 20:09:36,lombar,16444,572,4164,51,-411,456,955499
2026-05-19 20:09:36,esterno,1680,15412,-4908,28,225,147,298066
2026-05-19 20:09:36,lombar,16328,520,4220,18,-401,470,955521
2026-05-19 20:09:36,esterno,1556,15328,-4936,48,530,48,298088
2026-05-19 20:09:36,lombar,16580,340,4204,24,-435,375,955543
2026-05-19 20:09:36,esterno,1668,15584,-4832,-155,29,142,298110
2026-05-19 20:09:36,lombar,16304,328,4176,60,-490,341,955565
2026-05-19 20:09:36,esterno,1640,15500,-4648,-89,-379,179,298132
2026-05-19 20:09:36,lombar,16376,464,4124,121,-422,432,955587
2026-05-19 20:09:36,esterno,1536,15348,-4996,124,15,267,298154
2026-05-19 20:09:36,lombar,16484,520,4000,-8,-392,278,955609
2026-05-19 20:09:36,esterno,1548,15248,-5000,205,233,173,298176
2026-05-19 20:09:36,lombar,16556,432,3952,79,-442,366,955631
2026-05-19 20:09:36,esterno,1752,15412,-5196,349,458,-5,298198
2026-05-19 20:09:36,lombar,16540,520,3996,38,-313,434,955653
2026-05-19 20:09:36,esterno,1548,15744,-4592,346,700,-194,298220
2026-05-19 20:09:36,lombar,16408,352,4000,144,-310,340,955675
2026-05-19 20:09:36,esterno,1672,15768,-4576,128,314,-2,298242
2026-05-19 20:09:36,lombar,16444,256,4244,116,-404,335,955697
2026-05-19 20:09:36,esterno,1516,15472,-4940,88,356,113,298264
2026-05-19 20:09:36,lombar,16368,456,3980,91,-379,279,955719
2026-05-19 20:09:36,esterno,1708,15100,-4884,150,434,15,298286
2026-05-19 20:09:36,lombar,16512,460,3840,53,-551,247,955741
2026-05-19 20:09:36,esterno,1644,15308,-4864,119,230,34,298308
2026-05-19 20:09:36,lombar,16480,588,3884,81,-286,337,955763
2026-05-19 20:09:36,esterno,1556,15580,-4776,8,157,66,298330
2026-05-19 20:09:36,lombar,16464,448,4176,128,-355,330,955785
2026-05-19 20:09:36,esterno,1652,15624,-4800,-212,175,212,298352
2026-05-19 20:09:36,lombar,16476,484,4036,148,-377,305,955807
2026-05-19 20:09:36,esterno,1780,15508,-4848,-62,233,206,298374
2026-05-19 20:09:36,lombar,16388,504,4040,134,-279,248,955829
2026-05-19 20:09:36,esterno,1804,15188,-4956,133,120,28,298396
2026-05-19 20:09:36,lombar,16436,480,4124,140,-320,321,955851
2026-05-19 20:09:36,esterno,2044,15256,-4964,138,222,-24,298418
2026-05-19 20:09:36,lombar,16380,536,4008,67,-295,347,955873
2026-05-19 20:09:36,esterno,1716,15388,-4724,-47,319,-36,298440
2026-05-19 20:09:36,lombar,16548,516,4020,112,-326,291,955895
2026-05-19 20:09:36,esterno,1664,15508,-4748,-142,-44,80,298462
2026-05-19 20:09:36,lombar,16432,600,4024,125,-308,339,955917
2026-05-19 20:09:36,esterno,1796,15404,-4924,-7,30,94,298484
2026-05-19 20:09:36,lombar,16408,608,3780,78,-306,373,955939
2026-05-19 20:09:36,esterno,1844,15260,-5176,-16,-82,74,298506
2026-05-19 20:09:37,lombar,16428,484,3996,48,-249,324,955961
2026-05-19 20:09:37,esterno,1896,15208,-5056,26,88,15,298528
2026-05-19 20:09:37,lombar,16484,476,4096,83,-332,370,955983
2026-05-19 20:09:37,esterno,1784,15236,-4936,147,204,-63,298550
2026-05-19 20:09:37,lombar,16452,412,4140,96,-291,412,956005
2026-05-19 20:09:37,esterno,1724,15300,-4988,168,269,-125,298572
2026-05-19 20:09:37,lombar,16544,456,4004,70,-261,309,956027
2026-05-19 20:09:37,esterno,1776,15556,-5140,73,273,-140,298594
2026-05-19 20:09:37,lombar,16480,472,3956,52,-241,351,956049
2026-05-19 20:09:37,esterno,1568,15180,-4908,97,176,-112,298616
2026-05-19 20:09:37,lombar,16404,428,4016,103,-245,431,956071
2026-05-19 20:09:37,esterno,1468,15476,-4540,135,-50,10,298638
2026-05-19 20:09:37,lombar,16344,384,4024,92,-336,329,956093
2026-05-19 20:09:37,esterno,1604,15368,-4936,182,-87,109,298660
2026-05-19 20:09:37,lombar,16536,480,4200,94,-335,288,956115
2026-05-19 20:09:37,esterno,1704,15388,-5596,288,362,103,298682
2026-05-19 20:09:37,lombar,16408,384,4072,121,-279,315,956137
2026-05-19 20:09:37,esterno,1704,15500,-4796,-23,184,-129,298704
2026-05-19 20:09:37,lombar,16476,364,3968,202,-294,361,956159
2026-05-19 20:09:37,esterno,1852,15328,-4864,-54,-695,41,298726
2026-05-19 20:09:37,lombar,16468,624,4136,178,-226,385,956181
2026-05-19 20:09:37,esterno,1712,15220,-5568,144,200,-75,298748
2026-05-19 20:09:37,lombar,16460,588,4048,158,-292,376,956203
2026-05-19 20:09:37,esterno,1728,15216,-5268,-79,390,-74,298770
2026-05-19 20:09:37,lombar,16468,456,4036,158,-339,363,956225
2026-05-19 20:09:37,esterno,1760,15300,-5284,26,111,-44,298792
2026-05-19 20:09:37,lombar,16376,544,3844,135,-319,353,956247
2026-05-19 20:09:37,esterno,1776,15416,-5112,39,318,-127,298814
2026-05-19 20:09:37,esterno,1692,15444,-4840,-164,338,-65,298836
2026-05-19 20:09:37,lombar,16396,588,4152,84,-251,359,956269
2026-05-19 20:09:37,lombar,16416,408,4144,83,-268,345,956291
2026-05-19 20:09:37,esterno,1804,15392,-4920,-150,-13,129,298858
2026-05-19 20:09:37,lombar,16524,496,4140,37,-301,314,956313
2026-05-19 20:09:37,esterno,1612,15292,-5084,-77,15,129,298880
2026-05-19 20:09:37,esterno,1648,15288,-5136,-210,38,70,298902
2026-05-19 20:09:37,lombar,16448,412,4052,94,-225,343,956335
2026-05-19 20:09:37,lombar,16372,424,3864,58,-270,377,956357
2026-05-19 20:09:37,lombar,16532,436,4132,95,-286,365,956379
2026-05-19 20:09:37,esterno,1728,15356,-5152,-246,53,5,298924
2026-05-19 20:09:37,esterno,1760,15596,-4992,-330,0,79,298946
2026-05-19 20:09:37,lombar,16380,452,3984,133,-320,342,956401
2026-05-19 20:09:37,esterno,1828,15396,-5088,-467,-76,210,298968
2026-05-19 20:09:37,lombar,16432,540,4112,154,-250,317,956423
2026-05-19 20:09:37,esterno,1688,15304,-5212,-481,33,123,298990
2026-05-19 20:09:37,lombar,16464,588,3960,204,-297,312,956445
2026-05-19 20:09:37,esterno,1756,15188,-5256,-362,62,-25,299012
2026-05-19 20:09:37,lombar,16468,632,4012,104,-234,394,956467
2026-05-19 20:09:37,esterno,1688,15404,-5040,-293,242,-80,299034
2026-05-19 20:09:37,lombar,16336,448,4068,72,-242,277,956489
2026-05-19 20:09:37,esterno,1532,15600,-4864,-463,86,-3,299056
2026-05-19 20:09:37,lombar,16600,388,4004,130,-278,303,956511
2026-05-19 20:09:37,esterno,1572,15504,-4792,-538,-138,172,299078
2026-05-19 20:09:37,lombar,16444,472,3924,59,-269,395,956533
2026-05-19 20:09:37,esterno,1712,15340,-4856,-390,-123,201,299100
2026-05-19 20:09:37,lombar,16432,380,3992,42,-284,351,956555
2026-05-19 20:09:37,esterno,1736,15192,-4920,-362,-188,146,299122
2026-05-19 20:09:37,lombar,16560,420,3964,4,-292,317,956577
2026-05-19 20:09:37,esterno,1836,15436,-4812,-383,-207,149,299144
2026-05-19 20:09:37,lombar,16420,420,4052,68,-293,321,956599
2026-05-19 20:09:37,esterno,1744,15520,-5008,-385,-9,170,299166
2026-05-19 20:09:37,lombar,16432,396,4076,66,-249,325,956621
2026-05-19 20:09:37,esterno,1792,15380,-5048,-346,27,145,299188
2026-05-19 20:09:37,lombar,16480,560,4156,84,-203,246,956643
2026-05-19 20:09:37,esterno,1696,15340,-5044,-304,-22,53,299210
2026-05-19 20:09:37,lombar,16488,472,3936,81,-228,331,956665
2026-05-19 20:09:37,esterno,1644,15324,-4764,-157,17,-45,299232
2026-05-19 20:09:37,lombar,16376,552,3912,90,-227,375,956687
2026-05-19 20:09:37,esterno,1804,15352,-4744,-174,-113,58,299254
2026-05-19 20:09:37,lombar,16500,448,4072,105,-220,252,956709
2026-05-19 20:09:37,esterno,1904,15428,-5164,-89,113,92,299276
2026-05-19 20:09:37,lombar,16420,480,3932,85,-230,267,956731
2026-05-19 20:09:37,esterno,1696,15328,-4704,-105,278,-57,299298
2026-05-19 20:09:37,lombar,16432,416,4120,132,-266,326,956753
2026-05-19 20:09:37,esterno,1652,15464,-4980,-223,-535,58,299320
2026-05-19 20:09:37,lombar,16500,572,3868,123,-222,352,956775
2026-05-19 20:09:37,esterno,1720,15228,-5048,-134,-269,96,299342
2026-05-19 20:09:37,lombar,16428,616,3844,69,-187,324,956797
2026-05-19 20:09:37,esterno,1768,15228,-5100,18,349,-1,299364
2026-05-19 20:09:37,lombar,16472,536,3980,86,-240,207,956819
2026-05-19 20:09:37,esterno,1864,15340,-5128,53,129,-73,299386
2026-05-19 20:09:37,lombar,16484,536,4008,94,-273,360,956841
2026-05-19 20:09:37,esterno,1816,15584,-5180,159,388,-119,299408
2026-05-19 20:09:37,lombar,16396,452,3912,96,-235,306,956863
2026-05-19 20:09:37,esterno,1688,15756,-4488,-53,301,-50,299430
2026-05-19 20:09:37,lombar,16432,420,4048,99,-237,338,956885
2026-05-19 20:09:37,esterno,1732,15456,-4772,-118,32,184,299452
2026-05-19 20:09:37,lombar,16512,516,4124,86,-262,343,956907
2026-05-19 20:09:37,esterno,1780,15252,-5036,77,272,50,299474
2026-05-19 20:09:37,lombar,16468,468,4112,87,-262,339,956929
2026-05-19 20:09:37,esterno,1864,15348,-5144,27,372,-96,299496
2026-05-19 20:09:37,lombar,16436,380,4160,148,-237,336,956951
2026-05-19 20:09:37,esterno,1732,15448,-5176,-102,230,-103,299518
2026-05-19 20:09:38,lombar,16468,500,4008,138,-247,336,956973
2026-05-19 20:09:38,esterno,1596,15528,-4908,-265,107,33,299540
2026-05-19 20:09:38,lombar,16472,552,4140,134,-262,377,956995
2026-05-19 20:09:38,esterno,1820,15348,-5108,-397,348,76,299562
2026-05-19 20:09:38,lombar,16468,344,4164,131,-207,275,957017
2026-05-19 20:09:38,esterno,1832,15184,-4944,-270,496,-2,299584
2026-05-19 20:09:38,lombar,16600,440,4024,227,-155,302,957039
2026-05-19 20:09:38,esterno,2044,15332,-4908,-171,316,-120,299606
2026-05-19 20:09:38,lombar,16480,724,4132,156,-218,406,957061
2026-05-19 20:09:38,esterno,1928,15592,-5164,-245,359,-186,299628
2026-05-19 20:09:38,lombar,16424,636,4116,22,-224,536,957083
2026-05-19 20:09:38,esterno,1392,15640,-4612,-483,143,-166,299650
2026-05-19 20:09:38,lombar,16396,440,4216,-9,-266,376,957105
2026-05-19 20:09:38,esterno,1288,15504,-4664,-555,-369,139,299672
2026-05-19 20:09:38,lombar,16460,540,4076,-89,-275,319,957127
2026-05-19 20:09:38,esterno,1460,15420,-5040,-519,-428,415,299694
2026-05-19 20:09:38,lombar,16488,588,4000,-99,-284,273,957149
2026-05-19 20:09:38,esterno,1752,15276,-4952,-650,-411,500,299716
2026-05-19 20:09:38,esterno,1824,15428,-4812,-568,-364,378,299738
2026-05-19 20:09:38,lombar,16416,376,3988,-117,-273,312,957171
2026-05-19 20:09:38,lombar,16340,488,4188,-87,-308,326,957193
2026-05-19 20:09:38,esterno,1516,15472,-4832,-310,-451,307,299760
2026-05-19 20:09:38,lombar,16376,260,4152,-3,-343,312,957215
2026-05-19 20:09:38,esterno,1664,15400,-5300,-297,-238,239,299782
2026-05-19 20:09:38,lombar,16468,232,4028,84,-299,260,957237
2026-05-19 20:09:38,esterno,1820,15152,-5124,-369,3,194,299804
2026-05-19 20:09:38,lombar,16456,304,4100,130,-268,303,957259
2026-05-19 20:09:38,esterno,1912,15068,-4800,-352,132,153,299826
2026-05-19 20:09:38,lombar,16520,420,4048,170,-284,265,957281
2026-05-19 20:09:38,esterno,1892,15256,-4920,-303,296,-48,299848
2026-05-19 20:09:38,lombar,16432,400,4172,201,-265,312,957303
2026-05-19 20:09:38,esterno,1736,15672,-4652,-363,268,-88,299870
2026-05-19 20:09:38,lombar,16508,464,4156,210,-261,302,957325
2026-05-19 20:09:38,esterno,1852,15684,-5172,-253,277,36,299892
2026-05-19 20:09:38,lombar,16340,624,4008,152,-261,319,957347
2026-05-19 20:09:38,esterno,1640,15340,-4752,-251,576,-62,299914
2026-05-19 20:09:38,lombar,16484,464,4044,143,-263,208,957369
2026-05-19 20:09:38,esterno,1848,15308,-4496,-323,-283,144,299936
2026-05-19 20:09:38,lombar,16456,524,4120,114,-291,286,957391
2026-05-19 20:09:38,esterno,1840,15492,-4764,-357,-301,176,299958
2026-05-19 20:09:38,lombar,16384,692,3936,26,-219,332,957413
2026-05-19 20:09:38,esterno,1908,15376,-4812,-400,235,135,299980
2026-05-19 20:09:38,lombar,16512,588,4132,-6,-282,272,957435
2026-05-19 20:09:38,esterno,1960,15444,-4904,-407,126,84,300002
2026-05-19 20:09:38,lombar,16544,532,3904,-44,-275,347,957457
2026-05-19 20:09:38,esterno,1924,15408,-5036,-198,302,-39,300024
2026-05-19 20:09:38,lombar,16396,384,3936,13,-240,399,957479
2026-05-19 20:09:38,esterno,1828,15576,-4400,-164,324,-55,300046
2026-05-19 20:09:38,lombar,16464,344,4232,32,-233,338,957501
2026-05-19 20:09:38,esterno,1816,15432,-4640,-141,-42,101,300068
2026-05-19 20:09:38,lombar,16408,448,4020,18,-270,421,957523
2026-05-19 20:09:38,esterno,1952,15388,-4764,-80,195,86,300090
2026-05-19 20:09:38,lombar,16512,436,4032,87,-228,350,957545
2026-05-19 20:09:38,esterno,1808,15332,-4696,-258,358,-72,300112
2026-05-19 20:09:38,lombar,16372,472,4188,69,-200,383,957567
2026-05-19 20:09:38,esterno,1748,15360,-4780,-341,286,-59,300134
2026-05-19 20:09:38,lombar,16436,340,4160,118,-218,370,957589
2026-05-19 20:09:38,esterno,1784,15448,-4656,-389,96,7,300156
2026-05-19 20:09:38,lombar,16508,496,4124,166,-214,417,957611
2026-05-19 20:09:38,esterno,1788,15428,-4904,-488,372,48,300178
2026-05-19 20:09:38,esterno,1664,15440,-4640,-417,299,31,300200
2026-05-19 20:09:38,lombar,16464,508,4188,120,-145,292,957633
2026-05-19 20:09:38,lombar,16456,404,4364,106,-203,287,957655
2026-05-19 20:09:38,esterno,1668,15364,-4916,-304,28,34,300222
2026-05-19 20:09:38,lombar,16544,512,4096,130,-242,319,957677
2026-05-19 20:09:38,esterno,1792,15540,-5000,-421,289,61,300244
2026-05-19 20:09:38,lombar,16312,472,4036,120,-233,325,957699
2026-05-19 20:09:38,esterno,1756,15600,-4536,-377,301,90,300266
2026-05-19 20:09:38,lombar,16444,520,4072,134,-194,309,957721
2026-05-19 20:09:38,esterno,1788,15456,-4588,-289,-25,135,300288
2026-05-19 20:09:38,lombar,16496,488,4192,161,-279,309,957743
2026-05-19 20:09:38,esterno,1936,15468,-4600,-252,155,-26,300310
2026-05-19 20:09:38,lombar,16336,540,3964,110,-216,331,957765
2026-05-19 20:09:38,esterno,1924,15448,-4392,-386,174,23,300332
2026-05-19 20:09:38,lombar,16408,520,4060,71,-224,259,957787
2026-05-19 20:09:38,esterno,1620,15352,-4568,-414,117,56,300354
2026-05-19 20:09:38,lombar,16488,432,4032,84,-236,285,957809
2026-05-19 20:09:38,esterno,1720,15508,-4556,-284,71,68,300376
2026-05-19 20:09:38,lombar,16424,560,4204,90,-257,317,957831
2026-05-19 20:09:38,esterno,1928,15596,-4756,-215,98,66,300398
2026-05-19 20:09:38,lombar,16464,616,3960,64,-294,265,957853
2026-05-19 20:09:38,esterno,2000,15496,-4600,-139,74,40,300420
2026-05-19 20:09:38,lombar,16480,592,4148,57,-212,322,957875
2026-05-19 20:09:38,esterno,1740,15332,-4596,27,203,-72,300442
2026-05-19 20:09:38,lombar,16460,416,4136,52,-262,342,957897
2026-05-19 20:09:38,esterno,1776,15540,-4524,4,134,-82,300464
2026-05-19 20:09:38,esterno,1856,15584,-4348,-177,34,36,300486
2026-05-19 20:09:38,lombar,16392,424,3932,46,-253,351,957919
2026-05-19 20:09:38,lombar,16368,376,4192,50,-320,331,957941
2026-05-19 20:09:38,esterno,1776,15532,-4588,-198,-150,71,300508
2026-05-19 20:09:39,lombar,16436,520,4016,117,-309,330,957963
2026-05-19 20:09:39,esterno,1800,15336,-5024,127,519,-83,300530
2026-05-19 20:09:39,lombar,16476,504,4120,100,-255,356,957985
2026-05-19 20:09:39,esterno,1888,15560,-4228,128,-39,-119,300552
2026-05-19 20:09:39,lombar,16532,384,4156,140,-292,331,958007
2026-05-19 20:09:39,esterno,1760,15428,-4440,229,-311,-68,300574
2026-05-19 20:09:39,lombar,16464,596,4120,99,-313,351,958029
2026-05-19 20:09:39,esterno,1720,15440,-4864,144,134,-138,300596
2026-05-19 20:09:39,lombar,16472,568,4072,114,-302,312,958051
2026-05-19 20:09:39,esterno,1748,15452,-4856,-136,370,-105,300618
2026-05-19 20:09:39,lombar,16444,532,4028,126,-295,357,958073
2026-05-19 20:09:39,esterno,1788,15336,-4992,6,278,-69,300640
2026-05-19 20:09:39,lombar,16384,520,4100,78,-358,458,958095
2026-05-19 20:09:39,esterno,1716,15492,-4732,309,487,-196,300662
2026-05-19 20:09:39,lombar,16388,484,4108,79,-283,342,958117
2026-05-19 20:09:39,esterno,1624,15636,-4204,250,187,-73,300684
2026-05-19 20:09:39,lombar,16368,440,4024,100,-320,378,958139
2026-05-19 20:09:39,esterno,1712,15452,-4680,102,162,63,300706
2026-05-19 20:09:39,lombar,16408,540,4016,127,-293,278,958161
2026-05-19 20:09:39,esterno,1900,15296,-4868,-51,511,-29,300728
2026-05-19 20:09:39,lombar,16464,548,3988,111,-302,325,958183
2026-05-19 20:09:39,esterno,1796,15396,-4724,-125,464,-22,300750
2026-05-19 20:09:39,lombar,16528,508,4120,96,-274,326,958205
2026-05-19 20:09:39,esterno,1720,15548,-4664,-181,228,19,300772
2026-05-19 20:09:39,lombar,16468,476,4060,151,-336,344,958227
2026-05-19 20:09:39,esterno,1708,15592,-4796,-154,358,-40,300794
2026-05-19 20:09:39,lombar,16328,468,4164,113,-319,391,958249
2026-05-19 20:09:39,esterno,1732,15428,-4704,-160,587,-118,300816
2026-05-19 20:09:39,lombar,16416,484,4120,139,-267,305,958271
2026-05-19 20:09:39,esterno,1720,15236,-4704,-51,411,-67,300838
2026-05-19 20:09:39,lombar,16436,448,4052,188,-270,310,958293
2026-05-19 20:09:39,esterno,1896,15412,-4948,-77,298,15,300860
2026-05-19 20:09:39,lombar,16424,436,3988,74,-332,349,958315
2026-05-19 20:09:39,esterno,1796,15476,-4780,-145,510,-107,300882
2026-05-19 20:09:39,lombar,16396,448,4308,93,-309,353,958337
2026-05-19 20:09:39,esterno,1696,15628,-4412,-159,190,-129,300904
2026-05-19 20:09:39,lombar,16436,336,4000,113,-307,333,958359
2026-05-19 20:09:39,esterno,1740,15608,-4572,-183,118,-65,300926
2026-05-19 20:09:39,lombar,16384,544,4224,114,-335,387,958381
2026-05-19 20:09:39,esterno,1876,15404,-4740,-214,205,21,300948
2026-05-19 20:09:39,lombar,16384,504,4064,89,-336,326,958403
2026-05-19 20:09:39,esterno,1900,15336,-4792,-189,190,138,300970
2026-05-19 20:09:39,lombar,16464,400,4116,103,-343,373,958425
2026-05-19 20:09:39,esterno,1816,15228,-4800,-90,188,24,300992
2026-05-19 20:09:39,lombar,16464,508,3984,104,-323,346,958447
2026-05-19 20:09:39,esterno,1736,15484,-4700,-31,188,-105,301014
2026-05-19 20:09:39,lombar,16508,520,4016,139,-337,360,958469
2026-05-19 20:09:39,esterno,1752,15592,-4868,-56,110,-36,301036
2026-05-19 20:09:39,lombar,16508,576,4068,101,-334,387,958491
2026-05-19 20:09:39,esterno,1748,15644,-4720,-102,181,100,301058
2026-05-19 20:09:39,lombar,16560,504,4040,98,-378,343,958513
2026-05-19 20:09:39,esterno,1788,15524,-4828,-107,78,175,301080
2026-05-19 20:09:39,lombar,16448,420,4072,94,-397,370,958535
2026-05-19 20:09:39,esterno,1820,15444,-4800,-131,44,55,301102
2026-05-19 20:09:39,lombar,16424,452,4160,78,-382,371,958557
2026-05-19 20:09:39,esterno,1824,15320,-4632,-198,8,3,301124
2026-05-19 20:09:39,lombar,16340,468,4120,106,-414,395,958579
2026-05-19 20:09:39,esterno,1728,15420,-4380,-309,0,100,301146
2026-05-19 20:09:39,lombar,16492,376,4040,179,-387,355,958601
2026-05-19 20:09:39,esterno,1824,15468,-5196,-144,234,187,301168
2026-05-19 20:09:39,lombar,16400,488,4100,131,-385,442,958623
2026-05-19 20:09:39,esterno,1704,15468,-4836,-310,523,106,301190
2026-05-19 20:09:39,lombar,16412,340,4012,196,-359,330,958645
2026-05-19 20:09:39,esterno,1824,15396,-4468,-391,-27,182,301212
2026-05-19 20:09:39,lombar,16500,480,4024,129,-355,419,958667
2026-05-19 20:09:39,esterno,1776,15308,-4600,-246,-476,186,301234
2026-05-19 20:09:39,lombar,16460,648,4040,140,-286,395,958689
2026-05-19 20:09:39,esterno,1752,15148,-5148,80,344,-91,301256
2026-05-19 20:09:39,lombar,16600,500,4100,94,-288,305,958711
2026-05-19 20:09:39,esterno,1904,15308,-4836,202,626,-146,301278
2026-05-19 20:09:39,lombar,16440,484,3952,64,-308,409,958733
2026-05-19 20:09:39,esterno,1860,15652,-4716,295,580,-155,301300
2026-05-19 20:09:39,lombar,16432,392,3684,122,-330,406,958755
2026-05-19 20:09:39,esterno,1592,15764,-4448,222,708,-92,301322
2026-05-19 20:09:39,lombar,16464,408,3844,125,-293,357,958777
2026-05-19 20:09:39,esterno,1744,15576,-4460,98,310,177,301344
2026-05-19 20:09:39,lombar,16376,388,4120,162,-353,309,958799
2026-05-19 20:09:39,esterno,1844,15412,-4904,140,368,133,301366
2026-05-19 20:09:39,lombar,16520,496,4124,147,-434,357,958821
2026-05-19 20:09:39,esterno,1896,15256,-4716,242,355,98,301388
2026-05-19 20:09:39,lombar,16436,460,3880,119,-491,329,958843
2026-05-19 20:09:39,esterno,1784,15312,-4752,254,60,-31,301410
2026-05-19 20:09:39,lombar,16516,376,3952,143,-364,349,958865
2026-05-19 20:09:39,esterno,1852,15584,-4860,105,52,10,301432
2026-05-19 20:09:39,lombar,16420,424,4056,111,-373,368,958887
2026-05-19 20:09:39,esterno,1960,15516,-4744,-223,128,158,301454
2026-05-19 20:09:39,lombar,16528,304,4108,165,-319,292,958909
2026-05-19 20:09:39,esterno,1880,15288,-5060,-187,23,260,301476
2026-05-19 20:09:39,lombar,16448,492,3788,158,-304,286,958931
2026-05-19 20:09:39,esterno,1884,15288,-4996,-138,-112,92,301498
2026-05-19 20:09:39,lombar,16368,640,3844,95,-266,379,958953
2026-05-19 20:09:39,esterno,1988,15260,-5232,-143,71,-28,301520
2026-05-19 20:09:40,lombar,16424,588,3940,54,-292,297,958975
2026-05-19 20:09:40,esterno,1792,15428,-4748,-322,-30,-6,301542
2026-05-19 20:09:40,lombar,16592,396,3952,56,-361,240,958997
2026-05-19 20:09:40,esterno,1920,15460,-4768,-389,-318,193,301564
2026-05-19 20:09:40,lombar,16520,476,3920,88,-384,321,959019
2026-05-19 20:09:40,esterno,1988,15508,-4796,-370,-228,202,301586
2026-05-19 20:09:40,lombar,16472,604,3972,93,-463,324,959041
2026-05-19 20:09:40,esterno,2144,15580,-5028,-532,-184,211,301608
2026-05-19 20:09:40,lombar,16416,492,4052,93,-421,350,959063
2026-05-19 20:09:40,esterno,1964,15416,-5148,-655,-50,188,301630
2026-05-19 20:09:40,lombar,16516,444,4008,75,-555,304,959085
2026-05-19 20:09:40,esterno,1860,15292,-4776,-723,-10,136,301652
2026-05-19 20:09:40,lombar,16552,584,3968,112,-504,330,959107
2026-05-19 20:09:40,esterno,1844,15392,-4692,-814,46,166,301674
2026-05-19 20:09:40,lombar,16396,548,3804,-18,-387,437,959129
2026-05-19 20:09:40,esterno,1792,15520,-4636,-774,8,92,301696
2026-05-19 20:09:40,lombar,16524,528,3820,-194,-445,383,959151
2026-05-19 20:09:40,esterno,1680,15688,-4500,-465,-88,-177,301718
2026-05-19 20:09:40,lombar,16624,372,3828,-232,-593,316,959173
2026-05-19 20:09:40,esterno,1932,15836,-4896,-389,-313,-247,301740
2026-05-19 20:09:40,lombar,16544,508,3756,-241,-539,355,959195
2026-05-19 20:09:40,esterno,1848,15612,-4460,-670,-539,-188,301762
2026-05-19 20:09:40,lombar,16520,596,3884,-158,-581,406,959217
2026-05-19 20:09:40,esterno,1664,15352,-4676,-876,-594,-62,301784
2026-05-19 20:09:40,lombar,16304,580,3792,-216,-529,488,959239
2026-05-19 20:09:40,esterno,1540,15336,-5180,-652,-286,-47,301806
2026-05-19 20:09:40,lombar,16276,316,3760,-84,-548,501,959261
2026-05-19 20:09:40,esterno,1592,15724,-4276,-697,-423,-295,301828
2026-05-19 20:09:40,lombar,16424,596,3836,-126,-498,517,959283
2026-05-19 20:09:40,esterno,2124,15836,-4696,-1240,-1735,-85,301850
2026-05-19 20:09:40,lombar,16600,588,4068,-268,-583,700,959305
2026-05-19 20:09:40,esterno,2156,15568,-5032,-1686,-1122,25,301872
2026-05-19 20:09:40,esterno,2484,15028,-4100,-1924,166,-96,301894
2026-05-19 20:09:40,lombar,16296,-8,3728,-258,-346,335,959327
2026-05-19 20:09:40,lombar,16496,108,3648,-197,-462,153,959349
2026-05-19 20:09:40,esterno,2904,15012,-4072,-1341,781,-131,301916
2026-05-19 20:09:40,lombar,16528,288,3876,43,-400,285,959371
2026-05-19 20:09:40,esterno,2116,15540,-4352,-849,789,-249,301938
2026-05-19 20:09:40,lombar,16852,528,3828,89,-499,456,959393
2026-05-19 20:09:40,esterno,1356,15936,-4356,-1078,427,-110,301960
2026-05-19 20:09:40,lombar,16552,416,3676,143,-351,317,959415
2026-05-19 20:09:40,esterno,1644,15580,-4180,-1181,570,367,301982
2026-05-19 20:09:40,lombar,16600,220,3536,351,-247,215,959437
2026-05-19 20:09:40,esterno,2352,15284,-3544,-814,1312,614,302004
2026-05-19 20:09:40,lombar,16636,396,4016,298,-4,286,959459
2026-05-19 20:09:40,esterno,2316,15188,-3952,-509,1285,526,302026
2026-05-19 20:09:40,lombar,16608,456,3740,130,-230,448,959481
2026-05-19 20:09:40,esterno,1716,15248,-4296,-263,800,188,302048
2026-05-19 20:09:40,lombar,16396,728,3692,43,12,443,959503
2026-05-19 20:09:40,esterno,1516,15744,-4200,-321,544,122,302070
2026-05-19 20:09:40,lombar,16500,740,3700,-110,-38,477,959525
2026-05-19 20:09:40,esterno,1500,15648,-3700,-604,512,135,302092
2026-05-19 20:09:40,lombar,16636,412,3784,-86,48,395,959547
2026-05-19 20:09:40,esterno,1596,15508,-4036,-258,338,-46,302114
2026-05-19 20:09:40,lombar,16640,388,3696,-87,3,562,959569
2026-05-19 20:09:40,esterno,1656,15636,-3980,243,-1,-214,302136
2026-05-19 20:09:40,lombar,16568,480,4012,-159,-45,693,959591
2026-05-19 20:09:40,esterno,1840,15752,-4284,-41,-30,-252,302158
2026-05-19 20:09:40,lombar,16412,292,3856,-156,48,580,959613
2026-05-19 20:09:40,esterno,1668,15860,-3972,-366,-140,-235,302180
2026-05-19 20:09:40,lombar,16356,272,4012,-189,42,519,959635
2026-05-19 20:09:40,esterno,1548,15776,-3876,-102,-299,-286,302202
2026-05-19 20:09:40,esterno,1492,15492,-4388,353,-67,-524,302224
2026-05-19 20:09:40,lombar,16444,212,3860,-186,-7,497,959657
2026-05-19 20:09:40,lombar,16380,256,4152,-180,-51,628,959679
2026-05-19 20:09:40,esterno,1588,15388,-4260,384,37,-524,302246
2026-05-19 20:09:40,lombar,16448,128,3988,-212,-38,514,959701
2026-05-19 20:09:40,esterno,1500,15412,-4112,174,-171,-234,302268
2026-05-19 20:09:40,lombar,16392,144,4052,-79,22,496,959723
2026-05-19 20:09:40,esterno,1496,15604,-4188,-49,-78,-125,302290
2026-05-19 20:09:40,lombar,16404,264,3908,-112,31,493,959745
2026-05-19 20:09:40,esterno,1720,15652,-4452,-205,219,-131,302312
2026-05-19 20:09:40,lombar,16460,308,4176,-153,-68,384,959767
2026-05-19 20:09:40,esterno,1608,15644,-4244,-116,66,-96,302334
2026-05-19 20:09:40,lombar,16400,216,4092,-103,-89,286,959789
2026-05-19 20:09:40,esterno,1372,15636,-4444,122,-208,5,302356
2026-05-19 20:09:40,lombar,16580,60,3968,-34,-140,122,959811
2026-05-19 20:09:40,esterno,1576,15676,-4128,75,-71,261,302378
2026-05-19 20:09:40,lombar,16556,76,3864,20,-214,108,959833
2026-05-19 20:09:40,esterno,1728,15620,-4032,-38,-50,536,302400
2026-05-19 20:09:40,lombar,16528,172,4008,39,-205,29,959855
2026-05-19 20:09:40,esterno,1900,15452,-4248,4,135,448,302422
2026-05-19 20:09:40,lombar,16324,104,4016,74,-133,-59,959877
2026-05-19 20:09:40,esterno,1992,15520,-4220,34,513,428,302444
2026-05-19 20:09:40,lombar,16636,348,3964,150,-102,-97,959899
2026-05-19 20:09:40,esterno,1880,15600,-4020,-69,554,637,302466
2026-05-19 20:09:40,lombar,16464,196,3940,114,-26,-131,959921
2026-05-19 20:09:40,esterno,1828,15664,-4152,-258,297,727,302488
2026-05-19 20:09:40,lombar,16644,404,4060,126,-107,-79,959943
2026-05-19 20:09:40,esterno,1644,15620,-4212,-230,250,685,302510
2026-05-19 20:09:41,lombar,16420,424,3984,191,-13,-108,959965
2026-05-19 20:09:41,esterno,1632,15516,-4516,216,920,583,302532
2026-05-19 20:09:41,lombar,16520,292,3924,206,0,-99,959987
2026-05-19 20:09:41,esterno,2056,15552,-3876,333,169,606,302554
2026-05-19 20:09:41,esterno,2304,15496,-4128,231,160,770,302576
2026-05-19 20:09:41,lombar,16384,392,3900,211,92,-117,960009
2026-05-19 20:09:41,lombar,16480,468,3868,248,5,-120,960031
2026-05-19 20:09:41,esterno,2256,15492,-4364,-105,625,709,302598
2026-05-19 20:09:41,lombar,16488,724,4320,218,22,-50,960053
2026-05-19 20:09:41,esterno,1976,15444,-4424,-110,803,634,302620
2026-05-19 20:09:41,lombar,16504,892,4140,98,78,1,960075
2026-05-19 20:09:41,esterno,1804,15472,-4588,322,666,575,302642
2026-05-19 20:09:41,lombar,16312,824,4176,-73,22,94,960097
2026-05-19 20:09:41,esterno,1728,15584,-4032,650,157,614,302664
2026-05-19 20:09:41,lombar,16372,648,4028,-7,-53,111,960119
2026-05-19 20:09:41,esterno,1896,15760,-3992,677,-525,746,302686
2026-05-19 20:09:41,lombar,16412,784,4252,-222,-135,217,960141
2026-05-19 20:09:41,esterno,2092,15696,-4240,437,-540,595,302708
2026-05-19 20:09:41,lombar,16360,632,4376,-385,-104,200,960163
2026-05-19 20:09:41,esterno,2308,15536,-4528,191,-533,554,302730
2026-05-19 20:09:41,lombar,16440,596,4324,-347,-149,149,960185
2026-05-19 20:09:41,esterno,2424,15308,-4728,40,-482,469,302752
2026-05-19 20:09:41,lombar,16356,540,4144,-337,-129,107,960207
2026-05-19 20:09:41,esterno,2440,15288,-4664,-14,-489,434,302774
2026-05-19 20:09:41,lombar,16384,492,4328,-237,-157,166,960229
2026-05-19 20:09:41,esterno,2356,15564,-4840,65,-30,443,302796
2026-05-19 20:09:41,lombar,16232,532,4112,-165,-126,215,960251
2026-05-19 20:09:41,esterno,2128,15640,-4476,-66,-32,312,302818
2026-05-19 20:09:41,lombar,16364,476,4240,-142,-162,314,960273
2026-05-19 20:09:41,esterno,1980,15480,-4504,-8,-392,251,302840
2026-05-19 20:09:41,lombar,16336,500,4208,-52,-244,287,960295
2026-05-19 20:09:41,esterno,2352,15560,-4768,-62,-410,317,302862
2026-05-19 20:09:41,esterno,2504,15440,-4632,-347,27,174,302884
2026-05-19 20:09:41,lombar,16408,412,4176,-43,-290,285,960317
2026-05-19 20:09:41,lombar,16440,304,4088,160,-306,216,960339
2026-05-19 20:09:41,lombar,16528,300,4220,417,-252,348,960361
2026-05-19 20:09:41,lombar,16256,292,4292,465,-219,440,960383
2026-05-19 20:09:41,esterno,2404,15628,-4696,-377,-3,141,302906
2026-05-19 20:09:41,esterno,2344,15500,-4540,-148,-3,53,302928
2026-05-19 20:09:41,esterno,2476,15352,-4304,-131,215,44,302950
2026-05-19 20:09:41,lombar,16248,508,4376,448,-166,299,960405
2026-05-19 20:09:41,esterno,2684,15404,-4276,-351,557,98,302972
2026-05-19 20:09:41,esterno,2508,15452,-4376,-440,844,132,302994
2026-05-19 20:09:41,esterno,2204,15392,-4380,-247,902,137,303016
2026-05-19 20:09:41,lombar,16636,620,4208,451,-186,142,960427
2026-05-19 20:09:41,lombar,16552,740,4428,456,-235,241,960449
2026-05-19 20:09:41,lombar,16560,872,4304,293,-243,333,960471
2026-05-19 20:09:41,esterno,1872,15552,-4340,47,540,53,303038
2026-05-19 20:09:41,lombar,16324,960,4304,165,-241,265,960493
2026-05-19 20:09:41,esterno,2032,15612,-4284,101,139,99,303060
2026-05-19 20:09:41,lombar,16392,860,4284,69,-271,186,960515
2026-05-19 20:09:41,esterno,2292,15496,-4464,-198,12,143,303082
2026-05-19 20:09:41,lombar,16288,752,4284,12,-196,321,960537
2026-05-19 20:09:41,esterno,2672,15336,-4364,-225,63,161,303104
2026-05-19 20:09:41,lombar,16400,696,4288,-72,-251,346,960559
2026-05-19 20:09:41,esterno,2604,15408,-4296,-29,83,10,303126
2026-05-19 20:09:41,lombar,16452,648,4276,-124,-234,345,960581
2026-05-19 20:09:41,esterno,2512,15452,-4516,-96,75,-38,303148
2026-05-19 20:09:41,lombar,16448,576,4268,-98,-260,345,960603
2026-05-19 20:09:41,esterno,2192,15724,-4564,-259,-68,45,303170
2026-05-19 20:09:41,lombar,16340,464,4280,-53,-239,392,960625
2026-05-19 20:09:41,esterno,2220,15468,-4328,-357,-132,109,303192
2026-05-19 20:09:41,lombar,16356,528,4260,-76,-254,360,960647
2026-05-19 20:09:41,esterno,2292,15364,-4232,-342,-227,31,303214
2026-05-19 20:09:41,lombar,16364,496,4140,18,-194,324,960669
2026-05-19 20:09:41,esterno,2348,15360,-4132,-359,-86,-12,303236
2026-05-19 20:09:41,lombar,16552,340,4288,102,-248,399,960691
2026-05-19 20:09:41,esterno,2256,15448,-4860,-225,862,-41,303258
2026-05-19 20:09:41,lombar,16460,492,4160,255,-266,367,960713
2026-05-19 20:09:41,esterno,2112,15612,-4084,-136,262,-41,303280
2026-05-19 20:09:41,lombar,16412,672,4304,273,-281,394,960735
2026-05-19 20:09:41,esterno,2056,15644,-4316,-27,-125,-57,303302
2026-05-19 20:09:41,lombar,16424,644,4028,291,-283,427,960757
2026-05-19 20:09:41,esterno,2152,15556,-4272,-25,-114,-179,303324
2026-05-19 20:09:41,lombar,16372,672,4300,206,-321,384,960779
2026-05-19 20:09:41,esterno,2284,15308,-4616,-183,215,-165,303346
2026-05-19 20:09:41,lombar,16360,596,4208,180,-303,317,960801
2026-05-19 20:09:41,esterno,2616,15272,-4624,-198,337,-105,303368
2026-05-19 20:09:41,lombar,16508,644,4272,157,-383,353,960823
2026-05-19 20:09:41,esterno,2396,15536,-4560,-153,300,-212,303390
2026-05-19 20:09:41,esterno,2244,15684,-4372,-12,2,-124,303412
2026-05-19 20:09:41,lombar,16412,540,4096,163,-316,297,960845
2026-05-19 20:09:41,esterno,2212,15480,-4348,111,53,-31,303434
2026-05-19 20:09:41,lombar,16472,576,4376,141,-379,310,960867
2026-05-19 20:09:41,lombar,16444,580,4160,153,-295,293,960889
2026-05-19 20:09:41,esterno,2588,15396,-4628,-54,535,10,303456
2026-05-19 20:09:41,lombar,16392,676,4268,135,-330,346,960911
2026-05-19 20:09:41,esterno,2408,15192,-4324,-125,636,22,303478
2026-05-19 20:09:41,lombar,16424,720,4084,80,-346,372,960933
2026-05-19 20:09:41,esterno,2112,15428,-4352,-42,259,-9,303500
2026-05-19 20:09:41,lombar,16424,832,4052,46,-290,437,960955
2026-05-19 20:09:42,esterno,1808,15712,-4524,-94,-6,-17,303522
2026-05-19 20:09:42,lombar,16332,624,4220,-62,-348,402,960977
2026-05-19 20:09:42,esterno,2028,15668,-4320,-361,45,104,303544
2026-05-19 20:09:42,esterno,2524,15516,-4348,-426,-206,253,303566
2026-05-19 20:09:42,lombar,16420,664,4332,-52,-326,361,960999
2026-05-19 20:09:42,lombar,16428,616,4256,-53,-339,425,961021
2026-05-19 20:09:42,esterno,2728,15296,-4484,-435,-188,219,303588
2026-05-19 20:09:42,lombar,16416,628,4168,-13,-373,416,961043
2026-05-19 20:09:42,esterno,2676,15132,-4480,-372,346,-165,303610
2026-05-19 20:09:42,lombar,16524,224,4156,0,-304,359,961065
2026-05-19 20:09:42,esterno,2352,15576,-4332,-308,422,-98,303632
2026-05-19 20:09:42,lombar,16516,448,4132,97,-304,285,961087
2026-05-19 20:09:42,esterno,2212,15544,-4244,-85,312,300,303654
2026-05-19 20:09:42,lombar,16476,672,4152,122,-203,313,961109
2026-05-19 20:09:42,esterno,2148,15572,-3884,56,52,420,303676
2026-05-19 20:09:42,lombar,16372,724,4316,108,-243,386,961131
2026-05-19 20:09:42,esterno,2008,15788,-4156,-285,62,224,303698
2026-05-19 20:09:42,lombar,16488,564,4152,94,-215,290,961153
2026-05-19 20:09:42,esterno,2156,15760,-4540,-304,85,36,303720
2026-05-19 20:09:42,lombar,16536,424,4024,166,-310,271,961175
2026-05-19 20:09:42,esterno,2360,15440,-4452,-75,-51,103,303742
2026-05-19 20:09:42,lombar,16464,480,4152,199,-223,320,961197
2026-05-19 20:09:42,esterno,2376,15504,-4136,-69,71,170,303764
2026-05-19 20:09:42,lombar,16532,544,4120,255,-238,326,961219
2026-05-19 20:09:42,esterno,2536,15248,-4084,-88,370,127,303786
2026-05-19 20:09:42,lombar,16340,564,4080,253,-150,377,961241
2026-05-19 20:09:42,esterno,2544,15372,-4368,-75,613,-46,303808
2026-05-19 20:09:42,lombar,16400,672,4220,304,-190,319,961263
2026-05-19 20:09:42,esterno,2528,15564,-4280,-153,701,-113,303830
2026-05-19 20:09:42,lombar,16428,548,4152,280,-151,294,961285
2026-05-19 20:09:42,esterno,2392,15580,-4236,-79,638,-63,303852
2026-05-19 20:09:42,lombar,16424,676,4144,254,-170,260,961307
2026-05-19 20:09:42,esterno,2288,15496,-4024,69,424,-44,303874
2026-05-19 20:09:42,lombar,16348,752,4260,133,-189,371,961329
2026-05-19 20:09:42,esterno,2224,15480,-4208,150,192,-38,303896
2026-05-19 20:09:42,lombar,16412,700,4300,94,-246,391,961351
2026-05-19 20:09:42,esterno,2344,15400,-4684,61,119,-62,303918
2026-05-19 20:09:42,lombar,16372,628,4420,88,-196,413,961373
2026-05-19 20:09:42,esterno,2392,15432,-4636,-70,82,-72,303940
2026-05-19 20:09:42,lombar,16432,524,4284,93,-254,378,961395
2026-05-19 20:09:42,esterno,2504,15408,-4380,-24,29,-54,303962
2026-05-19 20:09:42,lombar,16236,644,4320,69,-290,359,961417
2026-05-19 20:09:42,esterno,2584,15456,-4316,22,-63,-1,303984
2026-05-19 20:09:42,lombar,16296,592,4452,23,-300,429,961439
2026-05-19 20:09:42,esterno,2384,15388,-4728,42,273,-81,304006
2026-05-19 20:09:42,esterno,2152,15320,-4544,-100,746,-177,304028
2026-05-19 20:09:42,lombar,16316,672,4408,37,-289,371,961461
2026-05-19 20:09:42,lombar,16416,440,4452,-59,-357,370,961483
2026-05-19 20:09:42,esterno,2440,15568,-4600,-125,-103,62,304050
2026-05-19 20:09:42,lombar,16324,480,4216,-68,-324,448,961505
2026-05-19 20:09:42,esterno,2296,15560,-4684,-150,-124,165,304072
2026-05-19 20:09:42,lombar,16500,580,4136,-27,-377,413,961527
2026-05-19 20:09:42,esterno,2404,15524,-4608,-214,282,167,304094
2026-05-19 20:09:42,lombar,16384,664,4336,9,-495,428,961549
2026-05-19 20:09:42,esterno,2492,15524,-4744,-314,555,-1,304116
2026-05-19 20:09:42,lombar,16292,624,4188,70,-622,564,961571
2026-05-19 20:09:42,esterno,2504,15432,-4752,-402,910,-156,304138
2026-05-19 20:09:42,lombar,16420,408,3968,215,-955,611,961593
2026-05-19 20:09:42,lombar,16492,608,4256,216,-969,623,961615
2026-05-19 20:09:42,esterno,2392,15712,-4452,-535,977,-162,304160
2026-05-19 20:09:42,esterno,2460,15880,-4492,-483,789,12,304182
2026-05-19 20:09:42,lombar,16264,412,3908,507,-1187,598,961637
2026-05-19 20:09:42,esterno,2276,15624,-4436,-249,944,-93,304204
2026-05-19 20:09:42,lombar,16500,704,3740,717,-1621,653,961659
2026-05-19 20:09:42,esterno,2156,15496,-4320,-245,1025,-175,304226
2026-05-19 20:09:42,lombar,16624,672,4012,783,-1305,663,961681
2026-05-19 20:09:42,esterno,2020,15452,-4012,-157,771,-82,304248
2026-05-19 20:09:42,lombar,16444,348,4056,792,-1179,634,961703
2026-05-19 20:09:42,esterno,1792,15276,-3928,79,196,-68,304270
2026-05-19 20:09:42,lombar,16468,204,3944,744,-972,704,961725
2026-05-19 20:09:42,esterno,1808,15404,-4376,-22,362,-138,304292
2026-05-19 20:09:42,lombar,16492,456,3912,607,-1101,635,961747
2026-05-19 20:09:42,esterno,2016,15484,-4132,-739,-15,-161,304314
2026-05-19 20:09:42,lombar,16420,692,3888,498,-996,651,961769
2026-05-19 20:09:42,esterno,1888,15536,-3956,-1073,-820,-24,304336
2026-05-19 20:09:42,lombar,16388,332,3756,258,-817,583,961791
2026-05-19 20:09:42,esterno,2156,15176,-3936,-622,-1109,129,304358
2026-05-19 20:09:42,lombar,16404,4,3464,113,-759,460,961813
2026-05-19 20:09:42,esterno,2652,14972,-3916,93,-563,46,304380
2026-05-19 20:09:42,lombar,16448,28,3596,242,-513,158,961835
2026-05-19 20:09:42,esterno,2992,15368,-4228,-56,-387,-37,304402
2026-05-19 20:09:42,lombar,16480,164,3864,348,-489,62,961857
2026-05-19 20:09:42,esterno,3044,15612,-4972,-286,340,-23,304424
2026-05-19 20:09:42,lombar,16476,228,3844,504,-447,-24,961879
2026-05-19 20:09:42,esterno,2876,15768,-4956,-317,1216,83,304446
2026-05-19 20:09:42,lombar,16440,56,4136,675,-604,34,961901
2026-05-19 20:09:42,esterno,2724,15828,-4832,-196,1498,52,304468
2026-05-19 20:09:42,lombar,16320,296,3852,759,-516,-33,961923
2026-05-19 20:09:42,esterno,2484,15552,-4924,63,1752,4,304490
2026-05-19 20:09:43,lombar,16416,596,3772,791,-600,9,961945
2026-05-19 20:09:43,esterno,2492,15520,-4456,246,1798,-207,304512
2026-05-19 20:09:43,lombar,16468,800,3732,728,-666,45,961967
2026-05-19 20:09:43,esterno,2452,15504,-4276,28,1773,-140,304534
2026-05-19 20:09:43,lombar,16440,844,3676,657,-732,25,961989
2026-05-19 20:09:43,esterno,2392,15652,-3848,-366,1622,66,304556
2026-05-19 20:09:43,esterno,2484,15724,-4128,-582,1595,232,304578
2026-05-19 20:09:43,lombar,16396,772,3592,622,-889,111,962011
2026-05-19 20:09:43,lombar,16396,892,3588,605,-867,70,962033
2026-05-19 20:09:43,esterno,2368,15904,-3724,-542,1192,413,304600
2026-05-19 20:09:43,lombar,16528,1016,3448,488,-935,168,962055
2026-05-19 20:09:43,esterno,2244,15668,-3584,-476,433,417,304622
2026-05-19 20:09:43,lombar,16544,1128,3360,244,-904,387,962077
2026-05-19 20:09:43,esterno,2096,15636,-3712,-490,-42,323,304644
2026-05-19 20:09:43,lombar,16824,1156,3216,-84,-906,467,962099
2026-05-19 20:09:43,esterno,1896,15684,-3396,-665,-471,344,304666
2026-05-19 20:09:43,esterno,2000,15956,-3732,-898,-894,360,304688
2026-05-19 20:09:43,lombar,16912,1124,3000,-410,-739,414,962121
2026-05-19 20:09:43,lombar,16864,848,2944,-531,-846,468,962143
2026-05-19 20:09:43,esterno,2260,16116,-3676,-965,-914,341,304710
2026-05-19 20:09:43,lombar,16584,632,3024,-566,-818,386,962165
2026-05-19 20:09:43,esterno,2536,15900,-3708,-812,-1112,441,304732
2026-05-19 20:09:43,lombar,16644,220,3332,-416,-938,397,962187
2026-05-19 20:09:43,esterno,2744,15584,-4160,-641,-540,481,304754
2026-05-19 20:09:43,lombar,16608,112,3244,-180,-603,369,962209
2026-05-19 20:09:43,esterno,3008,15260,-3960,-569,-489,355,304776
2026-05-19 20:09:43,lombar,16464,64,3436,-62,-651,447,962231
2026-05-19 20:09:43,esterno,2868,15024,-4044,-862,-683,171,304798
2026-05-19 20:09:43,lombar,16464,424,3528,102,-560,493,962253
2026-05-19 20:09:43,esterno,2808,14984,-4800,-735,165,-175,304820
2026-05-19 20:09:43,lombar,16528,424,3588,146,-585,426,962275
2026-05-19 20:09:43,esterno,2548,15196,-4176,-571,618,-419,304842
2026-05-19 20:09:43,lombar,16564,692,3520,15,-553,473,962297
2026-05-19 20:09:43,esterno,2496,15636,-4124,-427,486,-161,304864
2026-05-19 20:09:43,lombar,16548,536,3560,45,-576,367,962319
2026-05-19 20:09:43,esterno,2284,15696,-3856,-335,516,121,304886
2026-05-19 20:09:43,lombar,16432,504,3512,90,-506,294,962341
2026-05-19 20:09:43,esterno,2020,15644,-3704,-470,260,355,304908
2026-05-19 20:09:43,lombar,16552,544,3316,76,-566,200,962363
2026-05-19 20:09:43,esterno,2360,15456,-4092,-524,-3,434,304930
2026-05-19 20:09:43,lombar,16440,696,3316,103,-459,283,962385
2026-05-19 20:09:43,esterno,2792,15300,-3880,-460,20,277,304952
2026-05-19 20:09:43,lombar,16504,756,3260,62,-528,243,962407
2026-05-19 20:09:43,esterno,2792,15412,-3876,-466,276,83,304974
2026-05-19 20:09:43,lombar,16632,616,3304,53,-483,139,962429
2026-05-19 20:09:43,esterno,2632,15668,-3772,-423,423,106,304996
2026-05-19 20:09:43,lombar,16464,604,2968,1,-467,257,962451
2026-05-19 20:09:43,esterno,2340,15904,-3668,-579,194,53,305018
