timestamp,node,ax,ay,az,gx,gy,gz,t_ms
2026-05-19 20:10:00,lombar,9524,-1744,-12920,-277,-243,417,979809
2026-05-19 20:10:00,esterno,3236,10400,11448,-236,-331,231,322376
2026-05-19 20:10:00,lombar,9488,-1680,-12908,-324,-189,439,979831
2026-05-19 20:10:00,esterno,2944,10064,11336,-15,-224,90,322398
2026-05-19 20:10:00,lombar,9536,-1816,-13124,-335,-296,382,979853
2026-05-19 20:10:00,esterno,3144,10248,11420,314,-80,-72,322420
2026-05-19 20:10:00,lombar,9468,-1740,-13360,-207,-242,544,979875
2026-05-19 20:10:00,esterno,2944,10468,11768,280,150,-232,322442
2026-05-19 20:10:00,lombar,9336,-1932,-13164,-165,-284,561,979897
2026-05-19 20:10:00,esterno,3016,10456,11784,-4,41,-226,322464
2026-05-19 20:10:00,lombar,9292,-2144,-13548,-50,-410,471,979919
2026-05-19 20:10:00,esterno,3192,10316,11860,-47,166,-191,322486
2026-05-19 20:10:00,lombar,9252,-1932,-13508,167,-438,213,979941
2026-05-19 20:10:00,esterno,3364,10412,11912,-178,380,-136,322508
2026-05-19 20:10:01,lombar,9404,-1524,-13496,277,-391,192,979963
2026-05-19 20:10:01,esterno,3216,10440,11928,-431,534,-96,322530
2026-05-19 20:10:01,lombar,9468,-1524,-12904,283,-348,211,979985
2026-05-19 20:10:01,esterno,3112,10328,11640,-488,492,-117,322552
2026-05-19 20:10:01,lombar,9364,-1432,-12976,219,-236,124,980007
2026-05-19 20:10:01,esterno,3080,10172,11676,-368,394,-148,322574
2026-05-19 20:10:01,lombar,9512,-1288,-12632,23,-109,283,980029
2026-05-19 20:10:01,esterno,2956,10064,11796,-336,174,-81,322596
2026-05-19 20:10:01,lombar,9532,-1448,-12516,-161,-197,423,980051
2026-05-19 20:10:01,esterno,2748,9956,11272,-258,69,117,322618
2026-05-19 20:10:01,lombar,9644,-1732,-12840,-325,-301,483,980073
2026-05-19 20:10:01,esterno,2848,10076,11488,-63,-326,209,322640
2026-05-19 20:10:01,lombar,9584,-1800,-13076,-303,-363,452,980095
2026-05-19 20:10:01,esterno,3012,10412,11532,81,-266,100,322662
2026-05-19 20:10:01,lombar,9604,-1792,-13428,-193,-424,462,980117
2026-05-19 20:10:01,esterno,3192,10644,11668,-16,-179,-6,322684
2026-05-19 20:10:01,lombar,9444,-1784,-13256,-21,-420,401,980139
2026-05-19 20:10:01,esterno,3312,10668,11780,-88,-207,-49,322706
2026-05-19 20:10:01,lombar,9372,-1956,-13396,136,-399,295,980161
2026-05-19 20:10:01,esterno,3400,10484,11752,-143,-107,-36,322728
2026-05-19 20:10:01,lombar,9252,-1860,-13532,362,-363,156,980183
2026-05-19 20:10:01,esterno,3372,10304,11880,-178,87,2,322750
2026-05-19 20:10:01,lombar,9216,-1740,-13356,420,-381,95,980205
2026-05-19 20:10:01,esterno,3364,10012,11864,-279,305,12,322772
2026-05-19 20:10:01,lombar,9212,-1616,-13228,355,-384,156,980227
2026-05-19 20:10:01,esterno,3436,9912,11760,-306,524,-8,322794
2026-05-19 20:10:01,esterno,3348,10012,12056,-163,552,194,322816
2026-05-19 20:10:01,lombar,9320,-1572,-13136,198,-258,189,980249
2026-05-19 20:10:01,lombar,9328,-1564,-13040,70,-102,206,980271
2026-05-19 20:10:01,esterno,2788,10072,12136,-22,384,342,322838
2026-05-19 20:10:01,lombar,9516,-1456,-12964,-19,-78,339,980293
2026-05-19 20:10:01,esterno,2572,10164,11636,208,-82,349,322860
2026-05-19 20:10:01,lombar,9576,-1556,-12804,-79,-134,384,980315
2026-05-19 20:10:01,esterno,2784,10408,11056,326,227,125,322882
2026-05-19 20:10:01,lombar,9768,-1364,-12684,-332,-87,602,980337
2026-05-19 20:10:01,esterno,3444,10784,11292,240,-68,136,322904
2026-05-19 20:10:01,lombar,9668,-1524,-12128,-752,-333,636,980359
2026-05-19 20:10:01,esterno,3824,10988,10908,-400,156,408,322926
2026-05-19 20:10:01,lombar,9800,-1932,-12712,-175,-191,292,980381
2026-05-19 20:10:01,esterno,3528,10480,10572,-611,535,363,322948
2026-05-19 20:10:01,lombar,9432,-1708,-12920,148,-772,133,980403
2026-05-19 20:10:01,esterno,2952,10044,11288,-142,805,198,322970
2026-05-19 20:10:01,lombar,9488,-1472,-14180,341,-1751,164,980425
2026-05-19 20:10:01,esterno,2696,9628,11132,698,451,-128,322992
2026-05-19 20:10:01,lombar,9160,-912,-13768,389,-198,498,980447
2026-05-19 20:10:01,esterno,2304,10096,11820,1493,207,-361,323014
2026-05-19 20:10:01,lombar,9116,-1944,-12776,160,-640,520,980469
2026-05-19 20:10:01,esterno,3376,11108,12740,65,457,-270,323036
2026-05-19 20:10:01,lombar,9216,-2072,-13188,53,-675,429,980491
2026-05-19 20:10:01,esterno,3428,10744,12652,-1140,524,-247,323058
2026-05-19 20:10:01,lombar,9356,-2332,-13920,256,-71,222,980513
2026-05-19 20:10:01,esterno,2624,10492,12184,-1640,422,-203,323080
2026-05-19 20:10:01,lombar,9172,-2300,-13728,-263,-115,290,980535
2026-05-19 20:10:01,esterno,1792,9796,11744,457,-77,149,323102
2026-05-19 20:10:01,lombar,9376,-1568,-13496,-646,-283,265,980557
2026-05-19 20:10:01,esterno,2352,10824,12600,297,-154,14,323124
2026-05-19 20:10:01,lombar,9456,-1356,-12944,-61,-204,242,980579
2026-05-19 20:10:01,esterno,3648,10612,11804,-1220,375,477,323146
2026-05-19 20:10:01,lombar,9276,-1484,-13232,555,-51,186,980601
2026-05-19 20:10:01,esterno,4140,9760,11456,-775,527,272,323168
2026-05-19 20:10:01,lombar,9272,-1384,-13292,412,-70,72,980623
2026-05-19 20:10:01,esterno,4092,9336,11208,-282,569,-158,323190
2026-05-19 20:10:01,lombar,9324,-1176,-13448,-58,-465,182,980645
2026-05-19 20:10:01,esterno,3636,9944,11452,-203,769,-377,323212
2026-05-19 20:10:01,lombar,9368,-1300,-13236,-53,-266,362,980667
2026-05-19 20:10:01,esterno,2820,10664,11792,-203,821,-176,323234
2026-05-19 20:10:01,lombar,9508,-1376,-12892,-16,-184,489,980689
2026-05-19 20:10:01,esterno,2512,10896,12272,-176,63,93,323256
2026-05-19 20:10:01,lombar,9460,-1436,-12908,-44,-197,557,980711
2026-05-19 20:10:01,esterno,2832,10520,11856,-385,-471,161,323278
2026-05-19 20:10:01,lombar,9368,-1556,-12952,-55,-270,567,980733
2026-05-19 20:10:01,esterno,2936,10004,11184,-321,-680,107,323300
2026-05-19 20:10:01,lombar,9504,-1580,-12888,38,-253,529,980755
2026-05-19 20:10:01,esterno,3040,9720,11200,-1,-663,-138,323322
2026-05-19 20:10:01,lombar,9420,-1700,-12960,171,-384,539,980777
2026-05-19 20:10:01,esterno,3028,9952,11324,104,-448,-352,323344
2026-05-19 20:10:01,esterno,3324,10348,11448,105,-127,-432,323366
2026-05-19 20:10:01,lombar,9320,-1856,-13240,275,-529,381,980799
2026-05-19 20:10:01,lombar,9416,-1732,-13224,183,-354,293,980821
2026-05-19 20:10:01,esterno,3240,10488,11720,163,260,-318,323388
2026-05-19 20:10:01,lombar,9356,-1768,-13388,116,-305,283,980843
2026-05-19 20:10:01,esterno,3024,10356,12324,6,346,-115,323410
2026-05-19 20:10:01,lombar,9324,-1792,-13196,138,-336,229,980865
2026-05-19 20:10:01,esterno,2864,10440,11932,59,504,-143,323432
2026-05-19 20:10:01,lombar,9276,-1712,-13316,202,-304,289,980887
2026-05-19 20:10:01,esterno,2688,10516,12236,225,480,-182,323454
2026-05-19 20:10:01,lombar,9224,-1624,-13412,115,-282,255,980909
2026-05-19 20:10:01,esterno,2912,10668,12396,-118,133,-138,323476
2026-05-19 20:10:01,lombar,9224,-1668,-13272,17,-264,213,980931
2026-05-19 20:10:01,esterno,2900,10520,11588,-280,-124,243,323498
2026-05-19 20:10:01,lombar,9272,-1572,-13228,11,-167,164,980953
2026-05-19 20:10:01,esterno,3176,10296,11428,-167,56,397,323520
2026-05-19 20:10:02,lombar,9252,-1468,-13304,76,-202,283,980975
2026-05-19 20:10:02,esterno,3404,10368,11628,-31,444,271,323542
2026-05-19 20:10:02,lombar,9368,-1536,-13292,138,-207,330,980997
2026-05-19 20:10:02,esterno,3028,10476,11720,-169,579,13,323564
2026-05-19 20:10:02,lombar,9364,-1364,-13016,4,-297,389,981019
2026-05-19 20:10:02,esterno,2776,10540,11856,-230,426,-118,323586
2026-05-19 20:10:02,lombar,9328,-1628,-13116,-22,-320,433,981041
2026-05-19 20:10:02,esterno,2936,10564,11596,6,171,-50,323608
2026-05-19 20:10:02,lombar,9328,-1560,-13064,-4,-305,346,981063
2026-05-19 20:10:02,esterno,3164,10200,11616,-51,77,20,323630
2026-05-19 20:10:02,lombar,9332,-1604,-13244,-54,-398,491,981085
2026-05-19 20:10:02,esterno,3240,10188,11800,-480,-34,79,323652
2026-05-19 20:10:02,lombar,9328,-1528,-13088,-9,-452,427,981107
2026-05-19 20:10:02,esterno,3380,10140,11552,-562,5,117,323674
2026-05-19 20:10:02,lombar,9356,-1624,-13024,46,-392,357,981129
2026-05-19 20:10:02,esterno,3536,10076,11724,-626,353,57,323696
2026-05-19 20:10:02,lombar,9380,-1544,-13248,109,-397,448,981151
2026-05-19 20:10:02,esterno,3172,10160,11964,-554,357,-1,323718
2026-05-19 20:10:02,lombar,9248,-1568,-13132,128,-325,428,981173
2026-05-19 20:10:02,esterno,2520,10308,11828,-389,116,148,323740
2026-05-19 20:10:02,lombar,9408,-1672,-13424,74,-261,393,981195
2026-05-19 20:10:02,esterno,2428,10296,11964,-333,-170,325,323762
2026-05-19 20:10:02,lombar,9404,-1528,-13316,82,-297,306,981217
2026-05-19 20:10:02,esterno,2552,10408,12020,-165,-154,416,323784
2026-05-19 20:10:02,lombar,9328,-1532,-13072,87,-312,392,981239
2026-05-19 20:10:02,esterno,2692,10456,12136,-306,-319,256,323806
2026-05-19 20:10:02,lombar,9356,-1556,-12920,34,-293,404,981261
2026-05-19 20:10:02,esterno,3424,10052,11800,-388,-336,-21,323828
2026-05-19 20:10:02,lombar,9312,-1632,-13200,79,-295,405,981283
2026-05-19 20:10:02,esterno,3724,10052,11576,-227,-73,-124,323850
2026-05-19 20:10:02,lombar,9328,-1684,-13240,73,-293,274,981305
2026-05-19 20:10:02,esterno,3672,9660,11388,-136,118,-51,323872
2026-05-19 20:10:02,lombar,9184,-1600,-13252,61,-257,328,981327
2026-05-19 20:10:02,esterno,3308,9940,11372,-77,510,42,323894
2026-05-19 20:10:02,lombar,9248,-1620,-13548,83,-278,270,981349
2026-05-19 20:10:02,esterno,3120,10304,11820,-34,812,226,323916
2026-05-19 20:10:02,lombar,9356,-1596,-13288,103,-303,344,981371
2026-05-19 20:10:02,esterno,3108,10464,11944,-58,845,324,323938
2026-05-19 20:10:02,lombar,9348,-1604,-13256,71,-274,326,981393
2026-05-19 20:10:02,esterno,3036,10308,12212,-70,760,186,323960
2026-05-19 20:10:02,lombar,9320,-1416,-13148,110,-261,374,981415
2026-05-19 20:10:02,esterno,2704,10084,11836,185,703,-44,323982
2026-05-19 20:10:02,lombar,9432,-1492,-13188,124,-271,373,981437
2026-05-19 20:10:02,esterno,2580,10092,11584,441,810,-159,324004
2026-05-19 20:10:02,lombar,9388,-1676,-13164,79,-283,349,981459
2026-05-19 20:10:02,esterno,2948,10184,11932,222,472,-137,324026
2026-05-19 20:10:02,lombar,9232,-1704,-13072,178,-267,331,981481
2026-05-19 20:10:02,esterno,3068,10012,11420,194,276,-128,324048
2026-05-19 20:10:02,lombar,9336,-1652,-13248,169,-202,343,981503
2026-05-19 20:10:02,esterno,3180,10088,11532,634,619,-295,324070
2026-05-19 20:10:02,lombar,9340,-1632,-13260,178,-305,376,981525
2026-05-19 20:10:02,esterno,3436,10380,11636,746,924,-381,324092
2026-05-19 20:10:02,lombar,9268,-1500,-13348,218,-222,304,981547
2026-05-19 20:10:02,esterno,3084,10668,11592,944,1376,-441,324114
2026-05-19 20:10:02,lombar,9320,-1628,-13288,193,-144,420,981569
2026-05-19 20:10:02,esterno,3008,11012,11984,1057,1562,-419,324136
2026-05-19 20:10:02,lombar,9300,-1728,-13196,248,-210,364,981591
2026-05-19 20:10:02,esterno,2776,10848,11712,857,1322,-367,324158
2026-05-19 20:10:02,lombar,9356,-1516,-13180,298,-339,376,981613
2026-05-19 20:10:02,esterno,2808,10376,11472,468,1191,-459,324180
2026-05-19 20:10:02,lombar,9284,-1556,-12992,237,-300,325,981635
2026-05-19 20:10:02,esterno,2472,10096,11484,217,932,-546,324202
2026-05-19 20:10:02,lombar,9352,-1588,-12836,202,-366,452,981657
2026-05-19 20:10:02,esterno,2260,10332,11592,188,750,-400,324224
2026-05-19 20:10:02,lombar,9184,-1620,-12792,163,-547,502,981679
2026-05-19 20:10:02,esterno,2364,10568,11648,47,508,-139,324246
2026-05-19 20:10:02,lombar,9304,-1592,-13152,81,-558,526,981701
2026-05-19 20:10:02,esterno,2384,10532,11608,-45,377,-10,324268
2026-05-19 20:10:02,lombar,9196,-1688,-13100,89,-580,463,981723
2026-05-19 20:10:02,esterno,2448,10668,11472,43,399,-36,324290
2026-05-19 20:10:02,lombar,9264,-1736,-13232,110,-474,371,981745
2026-05-19 20:10:02,esterno,2860,10664,11828,241,292,-76,324312
2026-05-19 20:10:02,lombar,9272,-1544,-13404,145,-414,373,981767
2026-05-19 20:10:02,esterno,2796,10748,11752,197,469,-55,324334
2026-05-19 20:10:02,lombar,9252,-1772,-13300,118,-385,398,981789
2026-05-19 20:10:02,esterno,2452,10668,11732,2,430,-23,324356
2026-05-19 20:10:02,lombar,9204,-1764,-13420,44,-352,346,981811
2026-05-19 20:10:02,esterno,2544,10776,11756,12,241,-5,324378
2026-05-19 20:10:02,lombar,9340,-1712,-13408,129,-300,333,981833
2026-05-19 20:10:02,esterno,2552,10560,11472,13,200,41,324400
2026-05-19 20:10:02,lombar,9280,-1688,-13296,102,-320,361,981855
2026-05-19 20:10:02,esterno,2616,10424,11440,-131,222,70,324422
2026-05-19 20:10:02,lombar,9288,-1772,-13152,82,-302,311,981877
2026-05-19 20:10:02,esterno,2600,10280,11436,-66,257,68,324444
2026-05-19 20:10:02,esterno,2552,10432,11472,44,337,8,324466
2026-05-19 20:10:02,lombar,9260,-1632,-13316,99,-308,314,981899
2026-05-19 20:10:02,lombar,9292,-1612,-13272,111,-333,307,981921
2026-05-19 20:10:02,esterno,2780,10716,11660,15,292,-12,324488
2026-05-19 20:10:02,lombar,9332,-1596,-13152,70,-333,342,981943
2026-05-19 20:10:02,esterno,2440,10684,11648,-115,228,33,324510
2026-05-19 20:10:03,lombar,9240,-1592,-13224,30,-329,376,981965
2026-05-19 20:10:03,esterno,2544,10632,11012,193,356,79,324532
2026-05-19 20:10:03,lombar,9276,-1788,-13324,49,-289,376,981987
2026-05-19 20:10:03,esterno,2588,10720,12052,248,456,-3,324554
2026-05-19 20:10:03,lombar,9156,-1680,-13156,84,-299,321,982009
2026-05-19 20:10:03,esterno,2776,10672,11912,-117,-178,-21,324576
2026-05-19 20:10:03,lombar,9208,-1720,-13316,91,-339,357,982031
2026-05-19 20:10:03,esterno,2452,10520,11060,-13,-43,-5,324598
2026-05-19 20:10:03,lombar,9268,-1752,-13388,76,-300,333,982053
2026-05-19 20:10:03,esterno,2636,10552,11280,170,171,-21,324620
2026-05-19 20:10:03,esterno,2708,10524,11348,223,514,-58,324642
2026-05-19 20:10:03,lombar,9224,-1676,-13356,109,-304,339,982075
2026-05-19 20:10:03,lombar,9308,-1548,-13316,163,-308,386,982097
2026-05-19 20:10:03,esterno,2480,10820,11368,22,680,-101,324664
2026-05-19 20:10:03,lombar,9152,-1832,-13412,55,-284,386,982119
2026-05-19 20:10:03,esterno,2528,10936,11684,-60,541,-54,324686
2026-05-19 20:10:03,lombar,9260,-1792,-13180,93,-319,309,982141
2026-05-19 20:10:03,esterno,2468,10604,11548,128,423,-34,324708
2026-05-19 20:10:03,lombar,9164,-1628,-13212,84,-335,343,982163
2026-05-19 20:10:03,esterno,2588,10496,11320,130,492,-29,324730
2026-05-19 20:10:03,lombar,9172,-1672,-13120,51,-382,409,982185
2026-05-19 20:10:03,esterno,2492,10496,11504,53,490,-60,324752
2026-05-19 20:10:03,lombar,9192,-1640,-13148,73,-358,370,982207
2026-05-19 20:10:03,esterno,2488,10600,11588,72,389,-71,324774
2026-05-19 20:10:03,lombar,9296,-1704,-13460,131,-401,345,982229
2026-05-19 20:10:03,esterno,2436,10816,11600,-78,269,-43,324796
2026-05-19 20:10:03,lombar,9240,-1656,-13128,116,-369,346,982251
2026-05-19 20:10:03,esterno,2404,10788,11364,-96,303,-13,324818
2026-05-19 20:10:03,lombar,9148,-1736,-13372,135,-269,370,982273
2026-05-19 20:10:03,esterno,2420,10624,11528,-10,296,15,324840
2026-05-19 20:10:03,lombar,9164,-1632,-13236,151,-297,352,982295
2026-05-19 20:10:03,esterno,2648,10680,11568,78,322,-110,324862
2026-05-19 20:10:03,lombar,9280,-1448,-13156,170,-294,371,982317
2026-05-19 20:10:03,esterno,2312,10908,11548,-7,431,-144,324884
2026-05-19 20:10:03,lombar,9488,-1648,-13488,61,-451,402,982339
2026-05-19 20:10:03,esterno,2336,10828,11668,-52,243,-152,324906
2026-05-19 20:10:03,lombar,9164,-1656,-13192,87,-281,394,982361
2026-05-19 20:10:03,esterno,2384,10712,11624,28,74,-3,324928
2026-05-19 20:10:03,lombar,9108,-1700,-13364,106,-263,325,982383
2026-05-19 20:10:03,esterno,2332,10756,11396,86,84,8,324950
2026-05-19 20:10:03,lombar,9132,-1596,-13208,137,-237,324,982405
2026-05-19 20:10:03,esterno,2440,10712,11424,75,84,-42,324972
2026-05-19 20:10:03,lombar,9184,-1872,-13364,87,-243,386,982427
2026-05-19 20:10:03,esterno,2428,10752,11472,105,202,-58,324994
2026-05-19 20:10:03,lombar,9252,-1736,-13168,96,-268,346,982449
2026-05-19 20:10:03,esterno,2468,10776,11376,76,279,7,325016
2026-05-19 20:10:03,lombar,9224,-1716,-13248,89,-275,310,982471
2026-05-19 20:10:03,esterno,2356,10872,11468,0,385,53,325038
2026-05-19 20:10:03,lombar,9172,-1656,-13252,103,-269,366,982493
2026-05-19 20:10:03,esterno,2248,10804,11396,-9,415,-18,325060
2026-05-19 20:10:03,lombar,9188,-1692,-13280,78,-268,346,982515
2026-05-19 20:10:03,esterno,2116,10816,10920,268,657,-127,325082
2026-05-19 20:10:03,lombar,9208,-1788,-13284,47,-298,371,982537
2026-05-19 20:10:03,esterno,2496,10808,11876,133,182,-101,325104
2026-05-19 20:10:03,lombar,9284,-1708,-13032,146,-304,298,982559
2026-05-19 20:10:03,esterno,2348,10744,11292,-189,-144,31,325126
2026-05-19 20:10:03,lombar,9128,-1692,-13228,118,-256,313,982581
2026-05-19 20:10:03,esterno,2476,10596,11080,43,179,13,325148
2026-05-19 20:10:03,lombar,9224,-1732,-13352,86,-284,360,982603
2026-05-19 20:10:03,esterno,2508,10664,11376,249,348,-96,325170
2026-05-19 20:10:03,lombar,9204,-1592,-13244,161,-262,358,982625
2026-05-19 20:10:03,esterno,2380,11052,11424,215,537,-136,325192
2026-05-19 20:10:03,lombar,9196,-1604,-13216,52,-300,382,982647
2026-05-19 20:10:03,esterno,2384,11060,11444,-71,484,-6,325214
2026-05-19 20:10:03,lombar,9164,-1784,-13276,34,-318,371,982669
2026-05-19 20:10:03,esterno,2328,10836,11176,0,307,33,325236
2026-05-19 20:10:03,lombar,9204,-1652,-13420,158,-320,341,982691
2026-05-19 20:10:03,esterno,2272,10592,11004,3,219,-87,325258
2026-05-19 20:10:03,lombar,9180,-1620,-13184,110,-328,330,982713
2026-05-19 20:10:03,esterno,2308,10560,11280,-83,195,-126,325280
2026-05-19 20:10:03,lombar,9232,-1704,-13112,36,-366,383,982735
2026-05-19 20:10:03,esterno,2304,10772,11352,35,169,-58,325302
2026-05-19 20:10:03,lombar,9180,-1792,-13248,26,-433,370,982757
2026-05-19 20:10:03,esterno,2352,10908,11740,193,-56,20,325324
2026-05-19 20:10:03,lombar,9080,-1700,-13288,52,-421,377,982779
2026-05-19 20:10:03,esterno,2332,11192,11632,75,-146,128,325346
2026-05-19 20:10:03,lombar,9160,-1788,-13268,26,-359,328,982801
2026-05-19 20:10:03,esterno,2408,11088,11056,151,-11,76,325368
2026-05-19 20:10:03,lombar,9256,-1780,-13464,58,-423,317,982823
2026-05-19 20:10:03,esterno,2452,10864,11168,151,28,-20,325390
2026-05-19 20:10:03,lombar,9224,-1668,-13484,113,-373,314,982845
2026-05-19 20:10:03,esterno,2596,10896,11240,150,118,-9,325412
2026-05-19 20:10:03,lombar,9332,-1672,-13416,77,-323,295,982867
2026-05-19 20:10:03,esterno,2268,10852,11228,-26,216,64,325434
2026-05-19 20:10:03,lombar,9200,-1852,-13264,59,-334,336,982889
2026-05-19 20:10:03,esterno,2340,10768,11404,-97,46,40,325456
2026-05-19 20:10:03,lombar,9136,-1648,-13476,94,-268,311,982911
2026-05-19 20:10:03,esterno,2388,10840,11160,-84,72,-28,325478
2026-05-19 20:10:03,lombar,9092,-1628,-13440,147,-288,338,982933
2026-05-19 20:10:03,esterno,2348,10912,11228,-113,58,-51,325500
2026-05-19 20:10:03,lombar,9184,-1644,-13248,66,-302,329,982955
2026-05-19 20:10:04,esterno,2340,10840,11108,-158,65,6,325522
2026-05-19 20:10:04,lombar,9204,-1704,-13292,60,-324,385,982977
2026-05-19 20:10:04,esterno,2360,10884,11284,-111,105,47,325544
2026-05-19 20:10:04,lombar,9144,-1656,-13356,43,-316,417,982999
2026-05-19 20:10:04,esterno,2368,10868,11328,-83,167,-3,325566
2026-05-19 20:10:04,lombar,9128,-1628,-13284,65,-278,336,983021
2026-05-19 20:10:04,esterno,2444,11120,11184,-225,152,23,325588
2026-05-19 20:10:04,lombar,9240,-1684,-13356,58,-340,391,983043
2026-05-19 20:10:04,esterno,2264,10928,10428,-35,515,-19,325610
2026-05-19 20:10:04,lombar,9144,-1716,-13364,95,-285,336,983065
2026-05-19 20:10:04,esterno,2284,11012,11836,112,241,26,325632
2026-05-19 20:10:04,lombar,9128,-1724,-13220,80,-304,295,983087
2026-05-19 20:10:04,esterno,2288,11068,11872,-232,-53,37,325654
2026-05-19 20:10:04,lombar,9148,-1824,-13268,108,-326,303,983109
2026-05-19 20:10:04,esterno,2324,10776,10680,-235,-33,43,325676
2026-05-19 20:10:04,lombar,9124,-1644,-13456,118,-276,276,983131
2026-05-19 20:10:04,esterno,2416,10628,11156,63,14,-68,325698
2026-05-19 20:10:04,lombar,9140,-1692,-13388,107,-318,359,983153
2026-05-19 20:10:04,esterno,2556,10904,11308,39,302,-87,325720
2026-05-19 20:10:04,lombar,9180,-1580,-13256,105,-314,291,983175
2026-05-19 20:10:04,esterno,2228,10948,11284,-145,383,13,325742
2026-05-19 20:10:04,lombar,9052,-1596,-13188,8,-310,356,983197
2026-05-19 20:10:04,esterno,2448,11016,11468,-47,139,-16,325764
2026-05-19 20:10:04,lombar,9236,-1640,-13376,24,-317,368,983219
2026-05-19 20:10:04,esterno,2516,11016,11288,89,174,-112,325786
2026-05-19 20:10:04,lombar,9136,-1628,-13228,67,-273,342,983241
2026-05-19 20:10:04,esterno,2344,10976,11272,-67,179,1,325808
2026-05-19 20:10:04,lombar,9172,-1640,-13204,18,-282,368,983263
2026-05-19 20:10:04,esterno,2220,10824,11324,-207,206,114,325830
2026-05-19 20:10:04,lombar,9092,-1796,-13360,55,-333,350,983285
2026-05-19 20:10:04,esterno,2384,10832,11292,-166,145,91,325852
2026-05-19 20:10:04,lombar,9180,-1736,-13360,96,-293,303,983307
2026-05-19 20:10:04,esterno,2360,11032,11152,-262,84,-2,325874
2026-05-19 20:10:04,lombar,9204,-1572,-13076,98,-307,295,983329
2026-05-19 20:10:04,esterno,2272,11092,11396,-400,87,-9,325896
2026-05-19 20:10:04,esterno,2304,10944,11096,-374,124,103,325918
2026-05-19 20:10:04,lombar,9088,-1744,-13332,89,-299,309,983351
2026-05-19 20:10:04,lombar,9168,-1576,-13304,121,-314,304,983373
2026-05-19 20:10:04,esterno,2616,11016,11284,-243,-35,115,325940
2026-05-19 20:10:04,lombar,9072,-1648,-13340,123,-303,284,983395
2026-05-19 20:10:04,esterno,2312,10932,11132,-404,80,106,325962
2026-05-19 20:10:04,lombar,9112,-1648,-13220,23,-281,314,983417
2026-05-19 20:10:04,esterno,2292,10744,11388,-451,-4,63,325984
2026-05-19 20:10:04,lombar,9180,-1696,-13292,82,-287,283,983439
2026-05-19 20:10:04,esterno,2384,10868,11376,-296,3,35,326006
2026-05-19 20:10:04,lombar,9092,-1552,-13356,165,-280,283,983461
2026-05-19 20:10:04,esterno,2520,10900,11296,-299,26,18,326028
2026-05-19 20:10:04,lombar,9116,-1712,-13348,78,-291,337,983483
2026-05-19 20:10:04,esterno,2384,10904,11356,-288,-4,64,326050
2026-05-19 20:10:04,lombar,9172,-1696,-13492,34,-267,339,983505
2026-05-19 20:10:04,esterno,2288,10692,10972,-323,55,1,326072
2026-05-19 20:10:04,lombar,9204,-1716,-13220,79,-289,377,983527
2026-05-19 20:10:04,esterno,2492,10556,11268,-317,124,-63,326094
2026-05-19 20:10:04,lombar,9180,-1600,-13316,107,-291,324,983549
2026-05-19 20:10:04,esterno,2520,10852,11380,-345,64,0,326116
2026-05-19 20:10:04,lombar,9152,-1596,-13292,56,-292,387,983571
2026-05-19 20:10:04,esterno,2316,10972,11444,-328,28,60,326138
2026-05-19 20:10:04,lombar,9164,-1708,-13240,46,-257,300,983593
2026-05-19 20:10:04,esterno,2228,10784,10696,-59,616,-32,326160
2026-05-19 20:10:04,lombar,9152,-1712,-13324,110,-287,354,983615
2026-05-19 20:10:04,esterno,2588,10852,11544,-108,147,-72,326182
2026-05-19 20:10:04,lombar,9180,-1748,-13316,36,-347,336,983637
2026-05-19 20:10:04,esterno,2544,11120,11660,-470,43,62,326204
2026-05-19 20:10:04,lombar,9212,-1640,-13200,95,-297,281,983659
2026-05-19 20:10:04,esterno,2480,10804,10756,-512,156,83,326226
2026-05-19 20:10:04,lombar,9108,-1660,-13392,172,-199,278,983681
2026-05-19 20:10:04,esterno,2592,10660,11316,-302,352,21,326248
2026-05-19 20:10:04,lombar,9200,-1604,-13512,116,-297,357,983703
2026-05-19 20:10:04,esterno,2536,10936,11552,-367,504,-60,326270
2026-05-19 20:10:04,lombar,9136,-1572,-13252,135,-341,387,983725
2026-05-19 20:10:04,esterno,1948,11064,11616,-603,193,-55,326292
2026-05-19 20:10:04,lombar,9116,-1588,-13184,31,-340,428,983747
2026-05-19 20:10:04,esterno,1912,10836,11372,-485,-117,3,326314
2026-05-19 20:10:04,lombar,9072,-1704,-13412,73,-314,418,983769
2026-05-19 20:10:04,esterno,2216,10616,11524,-288,-276,84,326336
2026-05-19 20:10:04,lombar,9016,-1656,-13432,9,-311,406,983791
2026-05-19 20:10:04,esterno,2356,10556,11048,-659,-189,204,326358
2026-05-19 20:10:04,lombar,9188,-1640,-13372,-47,-257,388,983813
2026-05-19 20:10:04,esterno,2556,10448,11340,-844,-81,182,326380
2026-05-19 20:10:04,lombar,9100,-1852,-13284,-26,-301,306,983835
2026-05-19 20:10:04,esterno,2480,10676,11504,-649,-48,98,326402
2026-05-19 20:10:04,lombar,9008,-1740,-13288,-6,-369,352,983857
2026-05-19 20:10:04,esterno,2472,10900,11400,-681,-90,157,326424
2026-05-19 20:10:04,lombar,9068,-1596,-13332,42,-252,313,983879
2026-05-19 20:10:04,esterno,2352,10740,11084,-797,148,143,326446
2026-05-19 20:10:04,lombar,9160,-1568,-13420,86,-208,307,983901
2026-05-19 20:10:04,esterno,2484,10476,11544,-617,-162,129,326468
2026-05-19 20:10:04,lombar,9156,-1616,-13408,87,-243,290,983923
2026-05-19 20:10:04,esterno,2632,10520,11676,-425,-44,35,326490
2026-05-19 20:10:04,lombar,9156,-1620,-13288,88,-275,251,983945
2026-05-19 20:10:04,esterno,2636,10948,11544,-551,52,165,326512
2026-05-19 20:10:05,lombar,9060,-1596,-13228,39,-214,342,983967
2026-05-19 20:10:05,esterno,2628,10724,11448,-642,-80,223,326534
2026-05-19 20:10:05,lombar,9228,-1568,-13488,74,-278,305,983989
2026-05-19 20:10:05,esterno,2620,10632,11396,-526,-110,150,326556
2026-05-19 20:10:05,lombar,9220,-1556,-13308,75,-313,314,984011
2026-05-19 20:10:05,esterno,2628,10636,11476,-650,-66,28,326578
2026-05-19 20:10:05,lombar,9068,-1548,-13484,63,-343,360,984033
2026-05-19 20:10:05,esterno,2716,10424,11484,-668,-40,-7,326600
2026-05-19 20:10:05,lombar,9004,-1660,-13500,71,-323,334,984055
2026-05-19 20:10:05,esterno,2456,10600,11532,-622,16,29,326622
2026-05-19 20:10:05,lombar,9096,-1572,-13220,87,-319,371,984077
2026-05-19 20:10:05,esterno,2544,10460,11464,-615,59,62,326644
2026-05-19 20:10:05,lombar,9064,-1608,-13404,99,-304,384,984099
2026-05-19 20:10:05,esterno,2632,10444,11592,-596,134,-20,326666
2026-05-19 20:10:05,lombar,9064,-1640,-13360,68,-286,417,984121
2026-05-19 20:10:05,esterno,2568,10560,11892,-556,33,-124,326688
2026-05-19 20:10:05,lombar,9056,-1756,-13268,57,-279,386,984143
2026-05-19 20:10:05,esterno,2296,10436,11420,-400,196,-122,326710
2026-05-19 20:10:05,lombar,9148,-1676,-13544,90,-276,347,984165
2026-05-19 20:10:05,esterno,2256,10412,11828,-87,432,-53,326732
2026-05-19 20:10:05,lombar,9084,-1632,-13344,67,-239,369,984187
2026-05-19 20:10:05,esterno,2724,10464,11904,-157,-40,-6,326754
2026-05-19 20:10:05,lombar,9232,-1772,-13328,13,-285,286,984209
2026-05-19 20:10:05,esterno,2584,10544,11400,-497,-191,54,326776
2026-05-19 20:10:05,lombar,9096,-1672,-13424,118,-182,324,984231
2026-05-19 20:10:05,esterno,2424,10456,11268,-222,-10,62,326798
2026-05-19 20:10:05,lombar,9100,-1656,-13284,84,-258,312,984253
2026-05-19 20:10:05,esterno,2780,10516,11680,1,94,21,326820
2026-05-19 20:10:05,lombar,9056,-1548,-13236,95,-259,316,984275
2026-05-19 20:10:05,esterno,2592,10620,11744,-105,285,9,326842
2026-05-19 20:10:05,lombar,9096,-1604,-13084,54,-272,369,984297
2026-05-19 20:10:05,esterno,2444,10644,11784,-264,157,18,326864
2026-05-19 20:10:05,lombar,9048,-1588,-13372,33,-308,283,984319
2026-05-19 20:10:05,esterno,2532,10516,11812,-88,68,-4,326886
2026-05-19 20:10:05,lombar,9124,-1664,-13452,101,-312,350,984341
2026-05-19 20:10:05,esterno,2696,10596,11612,-116,61,16,326908
2026-05-19 20:10:05,lombar,9104,-1552,-13248,52,-338,368,984363
2026-05-19 20:10:05,esterno,2556,10512,11736,-283,23,118,326930
2026-05-19 20:10:05,lombar,9056,-1708,-13232,25,-338,370,984385
2026-05-19 20:10:05,esterno,2608,10496,11628,-371,-42,179,326952
2026-05-19 20:10:05,lombar,9080,-1620,-13480,22,-347,377,984407
2026-05-19 20:10:05,esterno,2580,10476,11576,-519,-126,140,326974
2026-05-19 20:10:05,lombar,9156,-1664,-13320,47,-289,342,984429
2026-05-19 20:10:05,esterno,2600,10284,11812,-725,-87,108,326996
2026-05-19 20:10:05,lombar,9128,-1728,-13352,88,-330,365,984451
2026-05-19 20:10:05,esterno,2516,10308,11360,-665,-46,131,327018
2026-05-19 20:10:05,lombar,9100,-1612,-13356,128,-239,235,984473
2026-05-19 20:10:05,esterno,2752,10360,11496,-449,-4,94,327040
2026-05-19 20:10:05,lombar,9132,-1512,-13540,204,-201,350,984495
2026-05-19 20:10:05,esterno,2708,10344,11772,-431,202,-8,327062
2026-05-19 20:10:05,lombar,9140,-1700,-13344,76,-258,384,984517
2026-05-19 20:10:05,esterno,2544,10292,11808,-434,84,-117,327084
2026-05-19 20:10:05,lombar,9152,-1636,-13256,43,-270,344,984539
2026-05-19 20:10:05,esterno,2528,10432,11888,-251,-75,-107,327106
2026-05-19 20:10:05,lombar,9140,-1548,-13340,145,-236,304,984561
2026-05-19 20:10:05,esterno,2512,10452,11748,-221,-99,26,327128
2026-05-19 20:10:05,lombar,9140,-1584,-13384,88,-248,361,984583
2026-05-19 20:10:05,esterno,2684,10556,11652,-353,-93,148,327150
2026-05-19 20:10:05,lombar,9068,-1700,-13260,48,-305,382,984605
2026-05-19 20:10:05,esterno,2692,10456,11580,-441,-123,170,327172
2026-05-19 20:10:05,lombar,9156,-1676,-13376,76,-345,333,984627
2026-05-19 20:10:05,esterno,2724,10184,11656,-634,-204,74,327194
2026-05-19 20:10:05,lombar,9076,-1560,-13232,82,-369,309,984649
2026-05-19 20:10:05,esterno,2960,9996,11592,-752,-191,-26,327216
2026-05-19 20:10:05,lombar,9148,-1672,-13064,84,-392,360,984671
2026-05-19 20:10:05,esterno,2832,10052,11632,-636,-220,-24,327238
2026-05-19 20:10:05,lombar,9132,-1508,-13408,9,-374,412,984693
2026-05-19 20:10:05,esterno,2932,10204,11712,-538,-159,-32,327260
2026-05-19 20:10:05,lombar,9116,-1528,-13500,-20,-251,349,984715
2026-05-19 20:10:05,esterno,2944,10316,11828,-619,70,18,327282
2026-05-19 20:10:05,lombar,9152,-1548,-13772,70,-187,352,984737
2026-05-19 20:10:05,esterno,2872,10260,11420,-208,574,-76,327304
2026-05-19 20:10:05,lombar,9088,-1556,-13340,142,-222,416,984759
2026-05-19 20:10:05,esterno,2788,10428,12512,141,353,-57,327326
2026-05-19 20:10:05,lombar,9012,-1664,-13468,-42,-222,484,984781
2026-05-19 20:10:05,esterno,2540,10740,12516,-100,61,111,327348
2026-05-19 20:10:05,lombar,9112,-1688,-13420,42,-170,310,984803
2026-05-19 20:10:05,esterno,2100,10532,11588,26,-99,151,327370
2026-05-19 20:10:05,lombar,9016,-1580,-13240,77,-180,372,984825
2026-05-19 20:10:05,esterno,2144,10148,11716,441,-100,78,327392
2026-05-19 20:10:05,lombar,9112,-1648,-13300,86,-278,364,984847
2026-05-19 20:10:05,esterno,2528,10008,11640,538,-228,5,327414
2026-05-19 20:10:05,lombar,9108,-1684,-13120,89,-278,457,984869
2026-05-19 20:10:05,esterno,2688,10220,11616,175,-153,33,327436
2026-05-19 20:10:05,lombar,9112,-1704,-13208,32,-346,439,984891
2026-05-19 20:10:05,esterno,2668,10412,11264,-15,-289,209,327458
2026-05-19 20:10:05,lombar,9060,-1704,-13476,-26,-402,361,984913
2026-05-19 20:10:05,esterno,2860,10192,11424,89,-123,215,327480
2026-05-19 20:10:05,lombar,9180,-1628,-13240,69,-384,310,984935
2026-05-19 20:10:05,esterno,2864,10168,11760,127,-1,109,327502
2026-05-19 20:10:06,lombar,9108,-1532,-13368,62,-373,423,984957
2026-05-19 20:10:06,esterno,3056,10112,11896,-84,50,-29,327524
2026-05-19 20:10:06,lombar,9032,-1688,-13304,39,-333,400,984979
2026-05-19 20:10:06,esterno,3172,10396,11948,-61,154,-75,327546
2026-05-19 20:10:06,lombar,9096,-1708,-13540,39,-266,315,985001
2026-05-19 20:10:06,esterno,3408,10616,12096,-261,137,73,327568
2026-05-19 20:10:06,lombar,9040,-1628,-13380,49,-275,252,985023
2026-05-19 20:10:06,esterno,2976,10668,11692,-404,417,173,327590
2026-05-19 20:10:06,lombar,9136,-1700,-13328,86,-215,264,985045
2026-05-19 20:10:06,esterno,2688,10344,11828,-410,76,272,327612
2026-05-19 20:10:06,lombar,9088,-1608,-13460,144,-229,226,985067
2026-05-19 20:10:06,esterno,2608,10452,12104,-204,125,217,327634
2026-05-19 20:10:06,lombar,8992,-1412,-13368,135,-202,355,985089
2026-05-19 20:10:06,esterno,2496,10652,11612,-105,-6,327,327656
2026-05-19 20:10:06,lombar,9152,-1580,-13004,-14,-298,409,985111
2026-05-19 20:10:06,esterno,2764,10452,11544,-381,-284,282,327678
2026-05-19 20:10:06,lombar,9092,-1720,-13384,66,-345,362,985133
2026-05-19 20:10:06,esterno,3164,10252,11544,-498,-328,192,327700
2026-05-19 20:10:06,lombar,9016,-1552,-13364,99,-319,269,985155
2026-05-19 20:10:06,esterno,3156,10236,11504,-505,-98,175,327722
2026-05-19 20:10:06,lombar,9120,-1548,-13328,42,-351,316,985177
2026-05-19 20:10:06,esterno,3064,10040,11708,-548,-60,241,327744
2026-05-19 20:10:06,lombar,9056,-1644,-13304,92,-377,343,985199
2026-05-19 20:10:06,esterno,2996,10168,11872,-508,-51,131,327766
2026-05-19 20:10:06,lombar,9088,-1576,-13312,95,-371,355,985221
2026-05-19 20:10:06,esterno,3084,10432,12024,-372,-36,-71,327788
2026-05-19 20:10:06,lombar,9072,-1588,-13488,103,-306,314,985243
2026-05-19 20:10:06,esterno,3188,10372,12032,-306,-78,-56,327810
2026-05-19 20:10:06,lombar,9016,-1656,-13424,64,-282,329,985265
2026-05-19 20:10:06,esterno,2776,10272,12008,-312,36,98,327832
2026-05-19 20:10:06,lombar,9144,-1664,-13504,89,-251,311,985287
2026-05-19 20:10:06,esterno,2816,10184,11804,-237,23,185,327854
2026-05-19 20:10:06,lombar,9068,-1652,-13344,72,-221,327,985309
2026-05-19 20:10:06,esterno,3064,10056,11736,-312,112,47,327876
2026-05-19 20:10:06,lombar,9080,-1684,-13288,131,-240,290,985331
2026-05-19 20:10:06,esterno,2996,10080,11460,-307,318,-47,327898
2026-05-19 20:10:06,lombar,9052,-1608,-13260,134,-233,343,985353
2026-05-19 20:10:06,esterno,2832,10184,11680,13,611,-144,327920
2026-05-19 20:10:06,lombar,9140,-1516,-13324,128,-272,292,985375
2026-05-19 20:10:06,esterno,2892,10336,12328,-118,-50,51,327942
2026-05-19 20:10:06,lombar,9064,-1564,-13428,38,-344,276,985397
2026-05-19 20:10:06,esterno,2776,10468,11824,-476,-335,204,327964
2026-05-19 20:10:06,lombar,9072,-1644,-13360,62,-270,249,985419
2026-05-19 20:10:06,esterno,2804,10088,11372,-359,-179,199,327986
2026-05-19 20:10:06,lombar,9072,-1544,-13440,80,-244,302,985441
2026-05-19 20:10:06,esterno,3164,9884,11812,-160,52,10,328008
2026-05-19 20:10:06,lombar,8924,-1496,-13328,113,-254,257,985463
2026-05-19 20:10:06,esterno,3192,10052,11708,24,361,-222,328030
2026-05-19 20:10:06,lombar,9032,-1508,-13540,150,-256,337,985485
2026-05-19 20:10:06,esterno,3132,10368,11920,-175,352,-172,328052
2026-05-19 20:10:06,lombar,9088,-1644,-13324,36,-255,390,985507
2026-05-19 20:10:06,esterno,3096,10480,11880,-136,241,-31,328074
2026-05-19 20:10:06,lombar,9028,-1568,-13304,86,-238,337,985529
2026-05-19 20:10:06,esterno,3076,10276,11768,-91,156,28,328096
2026-05-19 20:10:06,lombar,9020,-1608,-13352,76,-270,296,985551
2026-05-19 20:10:06,esterno,2880,10052,11608,-180,188,17,328118
2026-05-19 20:10:06,lombar,9076,-1560,-13128,56,-297,374,985573
2026-05-19 20:10:06,esterno,2948,10084,11696,-241,150,94,328140
2026-05-19 20:10:06,lombar,9032,-1704,-13352,68,-340,277,985595
2026-05-19 20:10:06,esterno,2856,10148,11860,-274,29,82,328162
2026-05-19 20:10:06,lombar,9104,-1568,-13252,67,-303,318,985617
2026-05-19 20:10:06,esterno,2860,10264,11772,-410,-42,15,328184
2026-05-19 20:10:06,lombar,9080,-1744,-13252,41,-308,344,985639
2026-05-19 20:10:06,esterno,2904,10228,11716,-372,39,9,328206
2026-05-19 20:10:06,lombar,9020,-1616,-13372,103,-321,346,985661
2026-05-19 20:10:06,esterno,3344,10160,12028,-283,-131,97,328228
2026-05-19 20:10:06,lombar,9092,-1548,-13612,139,-282,297,985683
2026-05-19 20:10:06,esterno,3104,10260,11680,-473,191,99,328250
2026-05-19 20:10:06,lombar,9232,-1540,-13296,102,-275,355,985705
2026-05-19 20:10:06,esterno,2944,9992,12304,-484,37,60,328272
2026-05-19 20:10:06,lombar,8968,-1604,-13276,45,-283,343,985727
2026-05-19 20:10:06,esterno,2984,10168,11776,-201,52,4,328294
2026-05-19 20:10:06,lombar,9064,-1656,-13368,112,-211,319,985749
2026-05-19 20:10:06,esterno,3016,10080,11720,-426,-33,54,328316
2026-05-19 20:10:06,lombar,9004,-1536,-13344,82,-213,262,985771
2026-05-19 20:10:06,esterno,2960,10056,11820,-329,39,104,328338
2026-05-19 20:10:06,lombar,9124,-1480,-13364,64,-274,365,985793
2026-05-19 20:10:06,esterno,3036,10116,11876,-160,63,35,328360
2026-05-19 20:10:06,lombar,8944,-1536,-13364,55,-301,338,985815
2026-05-19 20:10:06,esterno,3212,10240,11948,-100,43,-9,328382
2026-05-19 20:10:06,lombar,9112,-1580,-13372,93,-251,330,985837
2026-05-19 20:10:06,esterno,3132,10288,12072,-72,18,-21,328404
2026-05-19 20:10:06,lombar,9100,-1700,-13428,88,-304,327,985859
2026-05-19 20:10:06,esterno,3048,10128,11616,-130,50,-1,328426
2026-05-19 20:10:06,lombar,9064,-1568,-13568,118,-257,355,985881
2026-05-19 20:10:06,esterno,2996,10068,11736,-416,64,34,328448
2026-05-19 20:10:06,lombar,9068,-1644,-13200,93,-291,310,985903
2026-05-19 20:10:06,esterno,3104,9988,11864,-271,17,20,328470
2026-05-19 20:10:06,lombar,9128,-1488,-13260,109,-282,288,985925
2026-05-19 20:10:06,esterno,3016,10128,12104,-175,61,-35,328492
2026-05-19 20:10:06,lombar,9044,-1632,-13404,80,-283,325,985947
2026-05-19 20:10:06,esterno,2904,10032,11608,-78,255,-47,328514
2026-05-19 20:10:07,lombar,9016,-1612,-13476,133,-274,374,985969
2026-05-19 20:10:07,esterno,2968,10012,12132,128,439,-79,328536
2026-05-19 20:10:07,lombar,9176,-1536,-13504,74,-318,390,985991
2026-05-19 20:10:07,esterno,3092,10340,12288,6,17,33,328558
2026-05-19 20:10:07,lombar,9004,-1612,-13404,98,-277,313,986013
2026-05-19 20:10:07,esterno,2992,10204,11880,-264,-346,30,328580
2026-05-19 20:10:07,lombar,9084,-1624,-13556,116,-202,311,986035
2026-05-19 20:10:07,esterno,2952,10012,11688,-124,-56,-7,328602
2026-05-19 20:10:07,lombar,9124,-1520,-13340,61,-253,332,986057
2026-05-19 20:10:07,esterno,3224,9920,11916,73,54,-24,328624
2026-05-19 20:10:07,esterno,3216,10148,11824,115,359,-82,328646
2026-05-19 20:10:07,lombar,9020,-1500,-13488,94,-246,335,986079
2026-05-19 20:10:07,esterno,2960,10272,11872,-71,385,-13,328668
2026-05-19 20:10:07,lombar,9104,-1488,-13304,63,-277,421,986101
2026-05-19 20:10:07,lombar,9080,-1604,-13252,43,-270,323,986123
2026-05-19 20:10:07,esterno,2956,10108,11924,17,352,-110,328690
2026-05-19 20:10:07,lombar,9100,-1668,-13336,115,-292,342,986145
2026-05-19 20:10:07,esterno,3020,10152,11888,12,286,-112,328712
2026-05-19 20:10:07,lombar,9160,-1612,-13244,106,-281,285,986167
2026-05-19 20:10:07,esterno,2976,10208,12080,-121,301,16,328734
2026-05-19 20:10:07,lombar,9200,-1580,-13224,68,-308,314,986189
2026-05-19 20:10:07,esterno,3036,10164,11988,-106,250,67,328756
2026-05-19 20:10:07,lombar,9052,-1732,-13196,71,-302,359,986211
2026-05-19 20:10:07,esterno,3056,10272,11988,-329,97,25,328778
2026-05-19 20:10:07,lombar,9068,-1628,-13360,71,-296,378,986233
2026-05-19 20:10:07,esterno,2880,10116,11880,-396,147,24,328800
2026-05-19 20:10:07,esterno,3024,10060,11976,-330,45,71,328822
2026-05-19 20:10:07,lombar,9112,-1636,-13280,69,-302,336,986255
2026-05-19 20:10:07,lombar,9072,-1548,-13260,126,-262,273,986277
2026-05-19 20:10:07,esterno,3272,10136,11960,-176,1,88,328844
2026-05-19 20:10:07,esterno,3104,10212,11888,-349,233,93,328866
2026-05-19 20:10:07,lombar,9052,-1532,-13272,121,-255,333,986299
2026-05-19 20:10:07,lombar,9084,-1600,-13152,40,-283,368,986321
2026-05-19 20:10:07,esterno,2988,10240,11864,-438,84,21,328888
2026-05-19 20:10:07,lombar,9088,-1616,-13468,33,-268,314,986343
2026-05-19 20:10:07,esterno,3072,10040,11920,-373,58,84,328910
2026-05-19 20:10:07,lombar,9088,-1540,-13200,139,-266,233,986365
2026-05-19 20:10:07,esterno,3028,10052,11704,-275,43,127,328932
2026-05-19 20:10:07,lombar,9036,-1448,-13440,89,-245,361,986387
2026-05-19 20:10:07,esterno,3140,9896,11872,-229,77,70,328954
2026-05-19 20:10:07,lombar,9068,-1528,-13364,66,-304,410,986409
2026-05-19 20:10:07,esterno,2920,10156,11968,-196,87,25,328976
2026-05-19 20:10:07,lombar,9140,-1636,-13164,97,-298,317,986431
2026-05-19 20:10:07,esterno,3180,10192,11908,-150,59,-15,328998
2026-05-19 20:10:07,lombar,9060,-1524,-13304,94,-255,399,986453
2026-05-19 20:10:07,esterno,3024,10204,11968,-187,83,20,329020
2026-05-19 20:10:07,lombar,9112,-1576,-13264,93,-286,356,986475
2026-05-19 20:10:07,esterno,2904,9948,11860,-227,105,55,329042
2026-05-19 20:10:07,lombar,9084,-1648,-13376,110,-304,325,986497
2026-05-19 20:10:07,esterno,2976,10016,11932,-195,109,49,329064
2026-05-19 20:10:07,lombar,9152,-1580,-13316,105,-287,363,986519
2026-05-19 20:10:07,esterno,3120,10064,11992,-163,134,-41,329086
2026-05-19 20:10:07,lombar,9012,-1632,-13352,81,-279,366,986541
2026-05-19 20:10:07,esterno,2996,9980,11804,-105,245,-60,329108
2026-05-19 20:10:07,lombar,9000,-1572,-13344,79,-271,346,986563
2026-05-19 20:10:07,esterno,2908,10008,11560,146,496,-61,329130
2026-05-19 20:10:07,esterno,3308,10204,12420,15,53,-6,329152
2026-05-19 20:10:07,lombar,9044,-1528,-13220,85,-300,356,986585
2026-05-19 20:10:07,lombar,9056,-1616,-13328,25,-282,376,986607
2026-05-19 20:10:07,esterno,3100,10136,11928,-365,-195,41,329174
2026-05-19 20:10:07,lombar,8976,-1552,-13628,109,-208,360,986629
2026-05-19 20:10:07,esterno,3004,10088,11604,-211,-108,13,329196
2026-05-19 20:10:07,lombar,8980,-1568,-13688,69,-230,381,986651
2026-05-19 20:10:07,esterno,3124,9968,11732,-135,62,-6,329218
2026-05-19 20:10:07,lombar,9108,-1596,-13260,57,-255,358,986673
2026-05-19 20:10:07,esterno,3220,10024,11752,-41,225,-87,329240
2026-05-19 20:10:07,lombar,9152,-1516,-13548,145,-237,387,986695
2026-05-19 20:10:07,esterno,2876,10184,11804,-183,362,-29,329262
2026-05-19 20:10:07,lombar,9104,-1608,-13416,28,-249,361,986717
2026-05-19 20:10:07,esterno,2864,10144,12012,-200,249,-33,329284
2026-05-19 20:10:07,lombar,9052,-1596,-13416,71,-285,299,986739
2026-05-19 20:10:07,esterno,2948,10248,12024,-9,177,-43,329306
2026-05-19 20:10:07,lombar,9060,-1608,-13292,119,-239,379,986761
2026-05-19 20:10:07,esterno,3172,10152,11744,-112,186,21,329328
2026-05-19 20:10:07,lombar,9180,-1580,-13324,62,-308,338,986783
2026-05-19 20:10:07,esterno,3092,10072,11764,-235,176,124,329350
2026-05-19 20:10:07,lombar,9048,-1632,-13408,71,-302,359,986805
2026-05-19 20:10:07,esterno,3120,10124,11860,-330,144,127,329372
2026-05-19 20:10:07,lombar,9092,-1560,-13288,96,-302,362,986827
2026-05-19 20:10:07,esterno,2940,10156,12028,-496,43,101,329394
2026-05-19 20:10:07,lombar,8956,-1584,-13436,53,-355,377,986849
2026-05-19 20:10:07,esterno,3004,10040,11732,-464,124,127,329416
2026-05-19 20:10:07,lombar,8968,-1624,-13396,105,-302,256,986871
2026-05-19 20:10:07,esterno,3352,9936,11972,-352,-182,139,329438
2026-05-19 20:10:07,lombar,9152,-1484,-13464,182,-240,330,986893
2026-05-19 20:10:07,esterno,3316,9992,11968,-315,95,90,329460
2026-05-19 20:10:07,lombar,9048,-1552,-13396,96,-288,370,986915
2026-05-19 20:10:07,esterno,3072,10056,12064,-365,63,12,329482
2026-05-19 20:10:07,lombar,9052,-1676,-13332,55,-275,348,986937
2026-05-19 20:10:07,esterno,3088,10140,11996,-296,-61,-20,329504
2026-05-19 20:10:08,lombar,9020,-1680,-13484,121,-256,344,986959
2026-05-19 20:10:08,esterno,3200,10096,11776,-220,-69,19,329526
2026-05-19 20:10:08,lombar,9064,-1452,-13420,112,-254,337,986981
2026-05-19 20:10:08,esterno,3096,9920,11756,-205,-35,39,329548
2026-05-19 20:10:08,lombar,8980,-1556,-13392,48,-252,396,987003
2026-05-19 20:10:08,esterno,3160,9976,11868,-181,34,62,329570
2026-05-19 20:10:08,lombar,9096,-1620,-13376,67,-269,338,987025
2026-05-19 20:10:08,esterno,3144,10084,12020,-152,48,-19,329592
2026-05-19 20:10:08,lombar,9044,-1612,-13384,92,-283,362,987047
2026-05-19 20:10:08,esterno,3168,10152,11984,-201,54,20,329614
2026-05-19 20:10:08,lombar,9120,-1564,-13236,105,-267,370,987069
2026-05-19 20:10:08,esterno,3052,10120,11840,-251,73,34,329636
2026-05-19 20:10:08,lombar,9104,-1524,-13308,92,-306,332,987091
2026-05-19 20:10:08,esterno,3096,9904,12012,-259,67,51,329658
2026-05-19 20:10:08,lombar,9060,-1568,-13348,57,-287,312,987113
2026-05-19 20:10:08,esterno,3124,10016,11928,-230,60,15,329680
2026-05-19 20:10:08,lombar,9048,-1508,-13268,66,-298,341,987135
2026-05-19 20:10:08,esterno,3076,10120,12008,-272,34,8,329702
2026-05-19 20:10:08,lombar,8996,-1628,-13268,68,-286,332,987157
2026-05-19 20:10:08,esterno,3056,9824,12084,-66,198,-31,329724
2026-05-19 20:10:08,lombar,8992,-1460,-13232,61,-275,325,987179
2026-05-19 20:10:08,esterno,3120,10012,11920,148,412,-32,329746
2026-05-19 20:10:08,lombar,9020,-1652,-13476,52,-267,322,987201
2026-05-19 20:10:08,esterno,3196,10124,12392,-125,33,31,329768
2026-05-19 20:10:08,lombar,9076,-1580,-13308,81,-277,276,987223
2026-05-19 20:10:08,esterno,3260,10132,11872,-384,-194,125,329790
2026-05-19 20:10:08,lombar,9032,-1480,-13432,114,-185,312,987245
2026-05-19 20:10:08,esterno,3060,9940,11668,-146,62,43,329812
2026-05-19 20:10:08,lombar,8984,-1488,-13408,69,-298,322,987267
2026-05-19 20:10:08,esterno,3372,10044,11892,-40,177,-37,329834
2026-05-19 20:10:08,lombar,9112,-1524,-13268,114,-243,314,987289
2026-05-19 20:10:08,esterno,3288,9996,11892,22,497,-122,329856
2026-05-19 20:10:08,lombar,9156,-1640,-13300,116,-258,396,987311
2026-05-19 20:10:08,esterno,3000,10008,11940,-98,474,-105,329878
2026-05-19 20:10:08,lombar,9028,-1596,-13392,20,-263,350,987333
2026-05-19 20:10:08,esterno,2944,10024,12096,-33,353,-139,329900
2026-05-19 20:10:08,esterno,3092,10020,11952,25,284,-74,329922
2026-05-19 20:10:08,lombar,9044,-1620,-13480,137,-259,296,987355
2026-05-19 20:10:08,esterno,3128,10028,11940,-130,266,48,329944
2026-05-19 20:10:08,lombar,9036,-1456,-13192,86,-264,303,987377
2026-05-19 20:10:08,lombar,9204,-1680,-13292,65,-309,362,987399
2026-05-19 20:10:08,esterno,3112,9996,11980,-218,227,76,329966
2026-05-19 20:10:08,lombar,9028,-1592,-13436,73,-355,316,987421
2026-05-19 20:10:08,esterno,3068,10012,12128,-326,209,6,329988
2026-05-19 20:10:08,lombar,9116,-1580,-13328,96,-312,325,987443
2026-05-19 20:10:08,esterno,3060,9988,12048,-340,205,17,330010
2026-05-19 20:10:08,lombar,9192,-1756,-13320,87,-252,363,987465
2026-05-19 20:10:08,esterno,3068,10032,11908,-284,109,91,330032
2026-05-19 20:10:08,lombar,8944,-1596,-13440,154,-263,271,987487
2026-05-19 20:10:08,esterno,3376,10004,11992,-180,47,107,330054
2026-05-19 20:10:08,lombar,9016,-1360,-13440,184,-238,356,987509
2026-05-19 20:10:08,esterno,3232,9976,11940,-225,147,45,330076
2026-05-19 20:10:08,lombar,9096,-1652,-13328,57,-263,406,987531
2026-05-19 20:10:08,esterno,2992,9984,11908,-233,91,-36,330098
2026-05-19 20:10:08,lombar,9084,-1624,-13220,75,-231,290,987553
2026-05-19 20:10:08,esterno,3148,10000,11932,-159,4,15,330120
2026-05-19 20:10:08,lombar,9068,-1620,-13292,136,-253,297,987575
2026-05-19 20:10:08,esterno,3064,10020,11828,-173,43,145,330142
2026-05-19 20:10:08,lombar,9232,-1548,-13316,90,-244,315,987597
2026-05-19 20:10:08,esterno,3168,9904,11900,-166,43,57,330164
2026-05-19 20:10:08,lombar,9080,-1640,-13476,57,-265,404,987619
2026-05-19 20:10:08,esterno,3176,9916,11944,-117,52,-41,330186
2026-05-19 20:10:08,lombar,9112,-1624,-13340,84,-264,359,987641
2026-05-19 20:10:08,esterno,3104,10032,11920,-139,76,-56,330208
2026-05-19 20:10:08,lombar,9040,-1596,-13300,84,-293,333,987663
2026-05-19 20:10:08,esterno,3172,10000,11688,-213,85,58,330230
2026-05-19 20:10:08,esterno,3204,10016,11776,-244,140,63,330252
2026-05-19 20:10:08,lombar,9048,-1432,-13204,73,-281,327,987685
2026-05-19 20:10:08,lombar,9088,-1524,-13464,67,-289,348,987707
2026-05-19 20:10:08,esterno,3312,9992,12012,-163,135,18,330274
2026-05-19 20:10:08,lombar,9104,-1636,-13296,97,-296,384,987729
2026-05-19 20:10:08,esterno,3144,10016,12020,-185,135,-42,330296
2026-05-19 20:10:08,lombar,9104,-1652,-13260,72,-304,314,987751
2026-05-19 20:10:08,esterno,3132,9916,11944,-172,206,-33,330318
2026-05-19 20:10:08,lombar,9100,-1604,-13404,70,-288,337,987773
2026-05-19 20:10:08,esterno,3032,9992,11544,87,404,-34,330340
2026-05-19 20:10:08,lombar,8948,-1624,-13324,93,-251,313,987795
2026-05-19 20:10:08,esterno,3196,10048,12420,-15,71,21,330362
2026-05-19 20:10:08,lombar,9080,-1644,-13304,83,-274,260,987817
2026-05-19 20:10:08,esterno,3072,10208,12088,-358,-168,95,330384
2026-05-19 20:10:08,lombar,9068,-1540,-13464,133,-208,283,987839
2026-05-19 20:10:08,esterno,3056,9820,11664,-109,43,50,330406
2026-05-19 20:10:08,lombar,9048,-1364,-13328,77,-236,378,987861
2026-05-19 20:10:08,esterno,3356,9968,11852,10,94,-31,330428
2026-05-19 20:10:08,lombar,9100,-1588,-13528,68,-270,283,987883
2026-05-19 20:10:08,esterno,3380,9932,11784,87,426,-98,330450
2026-05-19 20:10:08,lombar,9028,-1396,-13268,136,-227,410,987905
2026-05-19 20:10:08,esterno,3116,10096,11904,-81,481,-80,330472
2026-05-19 20:10:08,lombar,9112,-1504,-13176,-8,-303,389,987927
2026-05-19 20:10:08,esterno,3240,10104,12080,-111,322,-110,330494
2026-05-19 20:10:08,lombar,9068,-1604,-13272,62,-321,349,987949
2026-05-19 20:10:08,esterno,3196,10024,11940,63,292,-88,330516
2026-05-19 20:10:09,lombar,9028,-1540,-13192,98,-242,342,987971
2026-05-19 20:10:09,esterno,3192,10008,11960,-69,265,42,330538
2026-05-19 20:10:09,lombar,9076,-1696,-13340,83,-306,343,987993
2026-05-19 20:10:09,esterno,3060,10092,12028,-269,252,136,330560
2026-05-19 20:10:09,lombar,9036,-1700,-13344,69,-328,351,988015
2026-05-19 20:10:09,esterno,3012,9968,11864,-192,225,68,330582
2026-05-19 20:10:09,lombar,9012,-1596,-13332,95,-280,375,988037
2026-05-19 20:10:09,esterno,3096,10140,12312,-258,56,-6,330604
2026-05-19 20:10:09,lombar,9072,-1640,-13368,69,-296,331,988059
2026-05-19 20:10:09,esterno,3004,9984,11800,-257,174,27,330626
2026-05-19 20:10:09,lombar,9056,-1672,-13364,102,-267,287,988081
2026-05-19 20:10:09,esterno,3200,9880,11964,-136,-72,48,330648
2026-05-19 20:10:09,lombar,9136,-1424,-13464,188,-245,282,988103
2026-05-19 20:10:09,esterno,3324,10004,11944,-143,131,62,330670
2026-05-19 20:10:09,lombar,9084,-1500,-13248,93,-282,389,988125
2026-05-19 20:10:09,esterno,3140,10068,11872,-208,112,-49,330692
2026-05-19 20:10:09,lombar,9188,-1676,-13316,30,-263,325,988147
2026-05-19 20:10:09,esterno,3276,10092,11884,-172,16,-101,330714
2026-05-19 20:10:09,lombar,9028,-1524,-13352,131,-276,305,988169
2026-05-19 20:10:09,esterno,3164,10032,11948,-167,-38,34,330736
2026-05-19 20:10:09,lombar,9020,-1464,-13356,138,-264,324,988191
2026-05-19 20:10:09,esterno,3112,9912,11856,-210,5,24,330758
2026-05-19 20:10:09,lombar,9100,-1616,-13224,45,-266,320,988213
2026-05-19 20:10:09,esterno,3084,9972,11936,-198,11,-21,330780
2026-05-19 20:10:09,lombar,9012,-1560,-13304,85,-273,370,988235
2026-05-19 20:10:09,esterno,3104,9976,12044,-136,9,-71,330802
2026-05-19 20:10:09,lombar,9084,-1616,-13216,99,-294,289,988257
2026-05-19 20:10:09,esterno,3108,10132,11916,-168,58,-71,330824
2026-05-19 20:10:09,lombar,9100,-1500,-13360,100,-292,334,988279
2026-05-19 20:10:09,esterno,3156,10128,11764,-243,156,-54,330846
2026-05-19 20:10:09,lombar,9128,-1532,-13324,71,-280,344,988301
2026-05-19 20:10:09,esterno,3236,9956,11848,-198,187,-38,330868
2026-05-19 20:10:09,lombar,9116,-1460,-13368,86,-306,351,988323
2026-05-19 20:10:09,esterno,3320,9932,11928,-199,242,-62,330890
2026-05-19 20:10:09,lombar,9052,-1680,-13328,87,-309,288,988345
2026-05-19 20:10:09,esterno,3140,9932,11972,-295,219,-26,330912
2026-05-19 20:10:09,lombar,9132,-1512,-13292,86,-360,288,988367
2026-05-19 20:10:09,esterno,3244,10004,11672,-43,437,-85,330934
2026-05-19 20:10:09,lombar,9024,-1608,-13384,102,-287,305,988389
2026-05-19 20:10:09,esterno,3272,9976,12176,5,442,-59,330956
2026-05-19 20:10:09,lombar,9060,-1616,-13292,83,-313,336,988411
2026-05-19 20:10:09,esterno,3164,10052,12440,-494,49,95,330978
2026-05-19 20:10:09,lombar,9112,-1472,-13440,107,-272,269,988433
2026-05-19 20:10:09,esterno,3024,9952,11776,-399,-30,170,331000
2026-05-19 20:10:09,lombar,9016,-1604,-13424,80,-249,366,988455
2026-05-19 20:10:09,esterno,3052,9884,11788,-178,85,-28,331022
2026-05-19 20:10:09,lombar,9144,-1640,-13236,111,-286,363,988477
2026-05-19 20:10:09,esterno,3408,9920,11852,-96,397,-58,331044
2026-05-19 20:10:09,lombar,8996,-1500,-13460,146,-235,371,988499
2026-05-19 20:10:09,esterno,3192,10116,11908,-227,776,-100,331066
2026-05-19 20:10:09,lombar,9032,-1572,-13196,79,-299,427,988521
2026-05-19 20:10:09,esterno,2852,10148,12088,-325,726,-75,331088
2026-05-19 20:10:09,lombar,9060,-1708,-13384,80,-305,345,988543
2026-05-19 20:10:09,esterno,2944,9992,12060,-196,675,-107,331110
2026-05-19 20:10:09,lombar,9056,-1520,-13344,118,-275,339,988565
2026-05-19 20:10:09,esterno,3000,10004,12056,-285,656,-46,331132
2026-05-19 20:10:09,esterno,3064,9968,12036,-530,664,71,331154
2026-05-19 20:10:09,lombar,9052,-1556,-13396,51,-308,314,988587
2026-05-19 20:10:09,esterno,3092,9900,12028,-597,641,72,331176
2026-05-19 20:10:09,lombar,9036,-1692,-13396,39,-324,336,988609
2026-05-19 20:10:09,lombar,9132,-1608,-13540,117,-307,316,988631
2026-05-19 20:10:09,esterno,3088,10012,12604,-711,649,14,331198
2026-05-19 20:10:09,lombar,9064,-1504,-13516,122,-340,327,988653
2026-05-19 20:10:09,esterno,3028,10016,12072,-714,637,-25,331220
2026-05-19 20:10:09,lombar,9000,-1580,-13276,87,-268,277,988675
2026-05-19 20:10:09,esterno,2900,9884,12200,-519,358,-50,331242
2026-05-19 20:10:09,lombar,9044,-1448,-13424,143,-360,279,988697
2026-05-19 20:10:09,esterno,3036,9884,12396,-305,229,-74,331264
2026-05-19 20:10:09,lombar,9136,-1364,-13316,154,-259,318,988719
2026-05-19 20:10:09,esterno,3004,9816,12200,-486,282,-37,331286
2026-05-19 20:10:09,lombar,9096,-1476,-13532,74,-271,372,988741
2026-05-19 20:10:09,esterno,2996,9976,12204,-540,165,-25,331308
2026-05-19 20:10:09,lombar,9080,-1700,-13560,89,-255,339,988763
2026-05-19 20:10:09,esterno,3128,9844,12208,-418,148,59,331330
2026-05-19 20:10:09,lombar,8964,-1568,-13356,127,-277,314,988785
2026-05-19 20:10:09,esterno,3276,9940,11996,-363,226,82,331352
2026-05-19 20:10:09,lombar,8928,-1484,-13384,137,-258,324,988807
2026-05-19 20:10:09,esterno,2968,9732,12180,-315,290,36,331374
2026-05-19 20:10:09,lombar,9104,-1600,-13208,111,-296,340,988829
2026-05-19 20:10:09,esterno,2832,9804,12200,-322,367,-85,331396
2026-05-19 20:10:09,lombar,9064,-1460,-13388,100,-306,322,988851
2026-05-19 20:10:09,esterno,2788,9820,12092,-274,373,-80,331418
2026-05-19 20:10:09,lombar,8992,-1556,-13332,117,-261,367,988873
2026-05-19 20:10:09,esterno,2864,9876,12200,-277,244,-29,331440
2026-05-19 20:10:09,lombar,9056,-1616,-13352,90,-303,332,988895
2026-05-19 20:10:09,esterno,2872,9720,12364,-219,224,26,331462
2026-05-19 20:10:09,lombar,9100,-1576,-13276,92,-292,366,988917
2026-05-19 20:10:09,esterno,2900,9740,12220,-164,324,-32,331484
2026-05-19 20:10:09,lombar,9032,-1492,-13412,107,-266,317,988939
2026-05-19 20:10:09,esterno,2768,9708,12336,-179,291,-37,331506
2026-05-19 20:10:10,lombar,9076,-1624,-13440,79,-274,340,988961
2026-05-19 20:10:10,esterno,2904,9752,11484,75,476,-50,331528
2026-05-19 20:10:10,lombar,9012,-1672,-13380,60,-253,348,988983
2026-05-19 20:10:10,esterno,2988,9744,12624,0,131,-30,331550
2026-05-19 20:10:10,lombar,9040,-1732,-13504,116,-293,347,989005
2026-05-19 20:10:10,esterno,3028,9840,12332,-206,-193,56,331572
2026-05-19 20:10:10,lombar,8992,-1516,-13416,82,-249,294,989027
2026-05-19 20:10:10,esterno,2808,9796,11960,-22,40,23,331594
2026-05-19 20:10:10,lombar,9024,-1524,-13380,94,-234,380,989049
2026-05-19 20:10:10,esterno,3016,9788,12128,39,117,-45,331616
2026-05-19 20:10:10,lombar,9012,-1580,-13336,98,-264,362,989071
2026-05-19 20:10:10,esterno,3060,9740,12056,186,406,-16,331638
2026-05-19 20:10:10,lombar,8980,-1512,-13448,115,-244,358,989093
2026-05-19 20:10:10,esterno,2804,9860,12268,112,440,-42,331660
2026-05-19 20:10:10,lombar,9080,-1588,-13160,19,-259,344,989115
2026-05-19 20:10:10,esterno,2772,10012,12172,64,289,-37,331682
2026-05-19 20:10:10,lombar,9104,-1604,-13468,100,-285,279,989137
2026-05-19 20:10:10,esterno,2952,9676,12060,269,180,-49,331704
2026-05-19 20:10:10,lombar,9124,-1568,-13320,85,-286,340,989159
2026-05-19 20:10:10,esterno,3056,9772,12248,296,-17,-62,331726
2026-05-19 20:10:10,lombar,9048,-1564,-13304,65,-270,362,989181
2026-05-19 20:10:10,esterno,2936,9816,12276,194,-253,-12,331748
2026-05-19 20:10:10,lombar,8948,-1600,-13388,77,-322,352,989203
2026-05-19 20:10:10,esterno,2668,9852,12264,266,-390,-9,331770
2026-05-19 20:10:10,lombar,9036,-1484,-13420,74,-283,374,989225
2026-05-19 20:10:10,esterno,2908,10012,12588,179,-712,74,331792
2026-05-19 20:10:10,lombar,9076,-1476,-13392,50,-277,368,989247
2026-05-19 20:10:10,esterno,2892,9876,11780,302,-575,196,331814
2026-05-19 20:10:10,lombar,9072,-1676,-13460,1,-238,308,989269
2026-05-19 20:10:10,esterno,2952,9872,11924,307,-601,306,331836
2026-05-19 20:10:10,lombar,9012,-1688,-13388,52,-281,279,989291
2026-05-19 20:10:10,esterno,3340,9952,12008,232,-357,318,331858
2026-05-19 20:10:10,lombar,9144,-1456,-13360,83,-280,303,989313
2026-05-19 20:10:10,esterno,3088,9944,11904,73,-15,178,331880
2026-05-19 20:10:10,lombar,9044,-1640,-13404,58,-257,304,989335
2026-05-19 20:10:10,esterno,3092,9948,11976,14,-64,69,331902
2026-05-19 20:10:10,lombar,8988,-1504,-13488,93,-262,288,989357
2026-05-19 20:10:10,esterno,3144,9872,11916,-25,-36,54,331924
2026-05-19 20:10:10,lombar,9076,-1552,-13460,117,-279,249,989379
2026-05-19 20:10:10,esterno,2964,9900,11940,-82,56,65,331946
2026-05-19 20:10:10,lombar,9132,-1428,-13508,125,-281,322,989401
2026-05-19 20:10:10,esterno,3144,9896,12000,-106,31,-33,331968
2026-05-19 20:10:10,lombar,9048,-1568,-13340,93,-301,331,989423
2026-05-19 20:10:10,esterno,3060,10036,11952,-90,31,-62,331990
2026-05-19 20:10:10,lombar,9036,-1548,-13196,112,-298,359,989445
2026-05-19 20:10:10,esterno,3288,9988,12020,-182,188,-96,332012
2026-05-19 20:10:10,lombar,9096,-1528,-13356,103,-290,336,989467
2026-05-19 20:10:10,esterno,3228,9948,12068,-318,267,-29,332034
2026-05-19 20:10:10,lombar,9060,-1480,-13476,113,-284,360,989489
2026-05-19 20:10:10,esterno,3244,9956,11988,-337,336,-63,332056
2026-05-19 20:10:10,lombar,9092,-1572,-13468,73,-293,414,989511
2026-05-19 20:10:10,esterno,3232,9944,12220,-364,236,-85,332078
2026-05-19 20:10:10,lombar,9036,-1448,-13132,67,-296,371,989533
2026-05-19 20:10:10,esterno,2940,9788,11928,-180,314,-142,332100
2026-05-19 20:10:10,lombar,9100,-1376,-13036,60,-249,333,989555
2026-05-19 20:10:10,esterno,2864,9948,12504,78,379,-137,332122
2026-05-19 20:10:10,lombar,9124,-1376,-13140,-108,-174,491,989577
2026-05-19 20:10:10,esterno,3036,10108,12436,-193,-261,31,332144
2026-05-19 20:10:10,lombar,9160,-1504,-13104,-227,-159,525,989599
2026-05-19 20:10:10,esterno,2944,9864,11540,-272,-333,145,332166
2026-05-19 20:10:10,lombar,9048,-1596,-13456,-234,-123,543,989621
2026-05-19 20:10:10,esterno,2884,9748,11716,156,-244,-52,332188
2026-05-19 20:10:10,lombar,9016,-1748,-13472,-230,-191,519,989643
2026-05-19 20:10:10,esterno,3156,9896,11940,397,-189,-223,332210
2026-05-19 20:10:10,lombar,9128,-1648,-13588,-137,-201,443,989665
2026-05-19 20:10:10,esterno,2964,10216,11996,214,167,-212,332232
2026-05-19 20:10:10,esterno,3112,10292,12152,-51,215,-77,332254
2026-05-19 20:10:10,lombar,9008,-1624,-13468,-118,-270,452,989687
2026-05-19 20:10:10,lombar,8960,-1668,-13504,-156,-295,399,989709
2026-05-19 20:10:10,esterno,3136,10064,12060,25,291,-122,332276
2026-05-19 20:10:10,lombar,8952,-1696,-13596,29,-300,333,989731
2026-05-19 20:10:10,esterno,3132,10016,12220,7,368,-159,332298
2026-05-19 20:10:10,lombar,8956,-1536,-13776,136,-339,341,989753
2026-05-19 20:10:10,lombar,8980,-1624,-13464,236,-384,210,989775
2026-05-19 20:10:10,esterno,3176,9936,12280,-306,435,-94,332320
2026-05-19 20:10:10,esterno,3220,9936,12144,-390,408,142,332342
2026-05-19 20:10:10,lombar,8932,-1640,-13416,326,-322,196,989797
2026-05-19 20:10:10,esterno,3192,9796,11720,-369,412,219,332364
2026-05-19 20:10:10,lombar,9076,-1516,-13256,390,-270,193,989819
2026-05-19 20:10:10,esterno,3204,9932,12160,-519,355,180,332386
2026-05-19 20:10:10,lombar,9064,-1368,-13152,307,-252,187,989841
2026-05-19 20:10:10,esterno,3132,9868,11744,-481,399,144,332408
2026-05-19 20:10:10,lombar,9252,-1360,-13028,267,-162,129,989863
2026-05-19 20:10:10,esterno,3172,9948,11756,-256,36,113,332430
2026-05-19 20:10:10,lombar,9240,-1384,-13112,317,-195,281,989885
2026-05-19 20:10:10,esterno,3076,9948,11772,-108,181,103,332452
2026-05-19 20:10:10,lombar,9112,-1584,-13468,283,-362,383,989907
2026-05-19 20:10:10,esterno,2920,10036,11976,-177,93,42,332474
2026-05-19 20:10:10,lombar,9056,-1784,-13432,310,-414,268,989929
2026-05-19 20:10:10,esterno,3068,10128,11976,-196,-5,-39,332496
2026-05-19 20:10:10,lombar,8952,-1572,-13352,366,-407,213,989951
2026-05-19 20:10:10,esterno,3336,10232,12276,-288,64,10,332518
2026-05-19 20:10:11,lombar,9080,-1416,-13384,416,-347,235,989973
2026-05-19 20:10:11,esterno,3172,10216,12040,-309,155,85,332540
2026-05-19 20:10:11,lombar,9052,-1400,-13264,323,-296,283,989995
2026-05-19 20:10:11,esterno,3012,9876,11984,-106,136,139,332562
2026-05-19 20:10:11,lombar,9124,-1256,-12960,143,-253,210,990017
2026-05-19 20:10:11,esterno,2884,9812,11808,95,21,147,332584
2026-05-19 20:10:11,lombar,9060,-1276,-12696,-58,-120,403,990039
2026-05-19 20:10:11,esterno,2984,9548,11680,134,-58,67,332606
2026-05-19 20:10:11,lombar,9116,-1416,-13148,-334,-172,557,990061
2026-05-19 20:10:11,esterno,3036,9616,11428,74,-159,-3,332628
2026-05-19 20:10:11,lombar,9252,-1752,-13416,-471,-311,581,990083
2026-05-19 20:10:11,esterno,3080,9892,11868,-84,-166,-41,332650
2026-05-19 20:10:11,lombar,9184,-1608,-13632,-414,-348,496,990105
2026-05-19 20:10:11,esterno,3224,10188,12200,-182,-211,-34,332672
2026-05-19 20:10:11,lombar,8996,-1856,-13696,-290,-231,509,990127
2026-05-19 20:10:11,esterno,3172,10228,11804,-94,127,-219,332694
2026-05-19 20:10:11,lombar,9036,-1720,-13820,-113,-247,445,990149
2026-05-19 20:10:11,esterno,3240,10252,12696,-24,135,-342,332716
2026-05-19 20:10:11,lombar,8916,-1700,-13860,-27,-298,372,990171
2026-05-19 20:10:11,esterno,3276,10188,12664,-340,12,-219,332738
2026-05-19 20:10:11,lombar,8896,-1740,-13788,205,-356,206,990193
2026-05-19 20:10:11,esterno,3060,9912,12080,-579,-119,-18,332760
2026-05-19 20:10:11,lombar,8756,-1552,-13876,404,-279,210,990215
2026-05-19 20:10:11,lombar,8904,-1164,-13172,183,-253,221,990237
2026-05-19 20:10:11,esterno,3024,9688,12092,-226,166,42,332782
2026-05-19 20:10:11,esterno,3416,9700,11832,44,277,97,332804
2026-05-19 20:10:11,lombar,9064,-1012,-12860,-67,-123,331,990259
2026-05-19 20:10:11,esterno,3256,9724,11860,-48,435,110,332826
2026-05-19 20:10:11,lombar,9280,-1336,-12556,-258,46,516,990281
2026-05-19 20:10:11,esterno,2816,9864,11472,-45,238,52,332848
2026-05-19 20:10:11,lombar,9228,-1580,-12832,-387,-105,503,990303
2026-05-19 20:10:11,esterno,2956,9832,11552,239,117,-17,332870
2026-05-19 20:10:11,lombar,9244,-1700,-13304,-150,-281,456,990325
2026-05-19 20:10:11,esterno,3320,10112,11464,314,129,-129,332892
2026-05-19 20:10:11,lombar,9156,-1696,-13452,45,-312,422,990347
2026-05-19 20:10:11,esterno,3320,10432,11908,31,168,-69,332914
2026-05-19 20:10:11,lombar,9164,-1624,-13480,76,-355,357,990369
2026-05-19 20:10:11,esterno,3220,10580,12296,-115,-5,21,332936
2026-05-19 20:10:11,lombar,9004,-1584,-13620,188,-335,312,990391
2026-05-19 20:10:11,esterno,3172,10372,11880,-195,53,-21,332958
2026-05-19 20:10:11,lombar,8936,-1472,-13768,373,-316,246,990413
2026-05-19 20:10:11,esterno,3104,10208,12440,-317,87,-21,332980
2026-05-19 20:10:11,lombar,8776,-1612,-13644,442,-456,267,990435
2026-05-19 20:10:11,esterno,3056,9692,12060,-316,194,29,333002
2026-05-19 20:10:11,lombar,8844,-1612,-13820,439,-452,158,990457
2026-05-19 20:10:11,esterno,3372,9628,12328,-157,-57,165,333024
2026-05-19 20:10:11,lombar,9004,-1396,-13584,451,-333,152,990479
2026-05-19 20:10:11,esterno,3340,9700,12352,-273,193,262,333046
2026-05-19 20:10:11,lombar,9072,-1156,-13000,178,-205,267,990501
2026-05-19 20:10:11,esterno,3164,9812,12032,-377,94,340,333068
2026-05-19 20:10:11,lombar,9324,-1308,-12784,-136,-78,391,990523
2026-05-19 20:10:11,esterno,2976,9708,11984,-74,-82,246,333090
2026-05-19 20:10:11,lombar,9240,-1480,-12908,-131,81,431,990545
2026-05-19 20:10:11,esterno,3076,9632,11516,88,-183,93,333112
2026-05-19 20:10:11,lombar,9204,-1444,-13104,-109,-123,436,990567
2026-05-19 20:10:11,esterno,3140,9860,11456,77,-198,-29,333134
2026-05-19 20:10:11,lombar,9164,-1660,-13212,-89,-269,450,990589
2026-05-19 20:10:11,esterno,3224,10204,11648,88,-119,-83,333156
2026-05-19 20:10:11,lombar,9204,-1668,-13420,-13,-315,353,990611
2026-05-19 20:10:11,esterno,3280,10540,11976,71,-64,-54,333178
2026-05-19 20:10:11,lombar,9120,-1504,-13352,102,-324,340,990633
2026-05-19 20:10:11,esterno,3396,10548,11988,-126,6,-110,333200
2026-05-19 20:10:11,lombar,8936,-1588,-13624,138,-378,260,990655
2026-05-19 20:10:11,esterno,3224,10068,11940,-280,154,-155,333222
2026-05-19 20:10:11,lombar,9016,-1492,-13640,239,-430,243,990677
2026-05-19 20:10:11,esterno,3144,9880,12048,-307,271,-103,333244
2026-05-19 20:10:11,lombar,8820,-1472,-13640,334,-466,270,990699
2026-05-19 20:10:11,esterno,3308,9684,12036,-231,294,94,333266
2026-05-19 20:10:11,lombar,8928,-1388,-13364,270,-426,215,990721
2026-05-19 20:10:11,esterno,3368,9872,12420,-353,231,248,333288
2026-05-19 20:10:11,lombar,8928,-1128,-13100,-56,-281,321,990743
2026-05-19 20:10:11,esterno,3252,9712,11560,-176,477,171,333310
2026-05-19 20:10:11,lombar,9216,-1348,-12956,-208,-28,422,990765
2026-05-19 20:10:11,esterno,3148,9628,12216,21,269,58,333332
2026-05-19 20:10:11,lombar,9172,-1612,-13116,-274,-80,468,990787
2026-05-19 20:10:11,esterno,3100,9764,12180,-190,58,-7,333354
2026-05-19 20:10:11,lombar,9260,-1748,-13224,-98,-228,397,990809
2026-05-19 20:10:11,esterno,3220,9864,11728,-199,-239,23,333376
2026-05-19 20:10:11,lombar,9108,-1588,-13548,25,-177,406,990831
2026-05-19 20:10:11,esterno,3248,10088,11712,44,41,-178,333398
2026-05-19 20:10:11,lombar,9132,-1640,-13384,3,-251,356,990853
2026-05-19 20:10:11,esterno,3492,10440,12008,100,321,-312,333420
2026-05-19 20:10:11,lombar,9168,-1564,-13528,152,-277,373,990875
2026-05-19 20:10:11,esterno,3224,10508,11984,-110,673,-351,333442
2026-05-19 20:10:11,lombar,8900,-1532,-13528,230,-345,267,990897
2026-05-19 20:10:11,esterno,3092,10268,12040,-314,711,-260,333464
2026-05-19 20:10:11,lombar,8860,-1720,-13488,362,-426,156,990919
2026-05-19 20:10:11,esterno,3060,9920,12032,-34,740,-215,333486
2026-05-19 20:10:11,lombar,8960,-1392,-13636,510,-429,122,990941
2026-05-19 20:10:11,esterno,3264,9788,12048,-12,805,-84,333508
2026-05-19 20:10:12,lombar,9016,-1192,-13108,331,-395,183,990963
2026-05-19 20:10:12,esterno,3248,9852,12204,-421,766,87,333530
2026-05-19 20:10:12,lombar,9208,-1104,-13056,-2,-254,295,990985
2026-05-19 20:10:12,esterno,3212,9976,12176,-445,398,238,333552
2026-05-19 20:10:12,lombar,9128,-1432,-12984,-121,-46,365,991007
2026-05-19 20:10:12,esterno,3012,9740,11404,-204,311,152,333574
2026-05-19 20:10:12,esterno,2960,9548,12048,-144,165,-29,333596
2026-05-19 20:10:12,lombar,9196,-1572,-13256,-122,-152,454,991029
2026-05-19 20:10:12,lombar,9164,-1740,-13524,-76,-354,502,991051
2026-05-19 20:10:12,esterno,2948,9812,11684,-123,311,-246,333618
2026-05-19 20:10:12,lombar,9088,-1844,-13380,27,-319,390,991073
2026-05-19 20:10:12,esterno,3344,10348,12200,-5,73,-283,333640
2026-05-19 20:10:12,esterno,3244,10588,12188,-147,325,-206,333662
2026-05-19 20:10:12,lombar,9104,-1636,-13360,130,-277,358,991095
2026-05-19 20:10:12,lombar,9076,-1564,-13168,153,-373,235,991117
2026-05-19 20:10:12,esterno,2808,10316,12044,-328,410,-211,333684
2026-05-19 20:10:12,lombar,9028,-1912,-13208,209,-359,131,991139
2026-05-19 20:10:12,esterno,2796,9536,11788,-152,605,-314,333706
2026-05-19 20:10:12,lombar,8944,-1732,-13484,397,-260,-4,991161
2026-05-19 20:10:12,esterno,3076,9348,11752,-301,949,-486,333728
2026-05-19 20:10:12,lombar,9024,-1708,-13520,530,-420,-94,991183
2026-05-19 20:10:12,esterno,3040,9780,11684,-635,1590,-455,333750
2026-05-19 20:10:12,lombar,8832,-1244,-13588,384,-577,-182,991205
2026-05-19 20:10:12,esterno,2664,9844,11680,-241,1814,-273,333772
2026-05-19 20:10:12,lombar,9212,-1688,-13124,131,-393,-163,991227
2026-05-19 20:10:12,esterno,2272,8936,12000,243,1565,-595,333794
2026-05-19 20:10:12,lombar,9264,-1680,-12768,-24,126,-76,991249
2026-05-19 20:10:12,esterno,2456,9052,12152,478,1322,-1121,333816
2026-05-19 20:10:12,lombar,8572,-1532,-12308,-19,-324,-3,991271
2026-05-19 20:10:12,esterno,2364,9608,11956,412,969,-1338,333838
2026-05-19 20:10:12,lombar,9576,-1396,-13216,-7,-181,134,991293
2026-05-19 20:10:12,esterno,2452,10012,11944,581,733,-1398,333860
2026-05-19 20:10:12,lombar,9140,-1344,-13400,-279,-553,314,991315
2026-05-19 20:10:12,esterno,2840,10316,11980,1046,518,-1432,333882
2026-05-19 20:10:12,lombar,9132,-1432,-13524,-335,-551,355,991337
2026-05-19 20:10:12,esterno,2908,10504,11992,1399,370,-1533,333904
2026-05-19 20:10:12,lombar,9012,-1280,-13448,-108,-220,381,991359
2026-05-19 20:10:12,esterno,2880,10648,12268,1520,234,-1642,333926
2026-05-19 20:10:12,lombar,9052,-1680,-13472,-589,18,304,991381
2026-05-19 20:10:12,esterno,2432,11044,13152,1372,-447,-1457,333948
2026-05-19 20:10:12,lombar,8880,-1420,-13428,-1042,-70,278,991403
2026-05-19 20:10:12,esterno,2160,10844,12728,930,-1116,-1289,333970
2026-05-19 20:10:12,lombar,8796,-996,-13788,-456,-70,438,991425
2026-05-19 20:10:12,esterno,2204,10736,12320,500,-570,-1536,333992
2026-05-19 20:10:12,lombar,8716,-1196,-13776,-371,264,562,991447
2026-05-19 20:10:12,esterno,2668,10456,12200,447,-1105,-1748,334014
2026-05-19 20:10:12,lombar,8908,-1684,-13440,-853,206,558,991469
2026-05-19 20:10:12,esterno,2716,10052,12204,579,-1857,-1981,334036
2026-05-19 20:10:12,lombar,9216,-1748,-13544,-932,243,406,991491
2026-05-19 20:10:12,esterno,2296,10156,12068,274,-2121,-2023,334058
2026-05-19 20:10:12,lombar,9392,-1368,-13080,-742,-80,455,991513
2026-05-19 20:10:12,esterno,2240,10252,11868,-335,-1911,-2216,334080
2026-05-19 20:10:12,esterno,2624,10104,11408,-55,-963,-2698,334102
2026-05-19 20:10:12,lombar,9324,-1132,-13308,-256,-155,252,991535
2026-05-19 20:10:12,lombar,9616,-1160,-13056,128,-324,58,991557
2026-05-19 20:10:12,esterno,3260,9968,11132,176,-247,-3295,334124
2026-05-19 20:10:12,lombar,9032,-1000,-13528,184,63,376,991579
2026-05-19 20:10:12,esterno,3108,10032,11420,295,-317,-3931,334146
2026-05-19 20:10:12,lombar,9288,-520,-12972,510,219,483,991601
2026-05-19 20:10:12,esterno,2664,10664,11188,405,202,-4216,334168
2026-05-19 20:10:12,lombar,9316,-348,-12848,554,150,711,991623
2026-05-19 20:10:12,esterno,2788,11248,10996,619,419,-3754,334190
2026-05-19 20:10:12,lombar,9388,-136,-13276,294,154,1038,991645
2026-05-19 20:10:12,esterno,2568,11320,11592,669,176,-2899,334212
2026-05-19 20:10:12,lombar,9260,-596,-13284,227,236,1416,991667
2026-05-19 20:10:12,esterno,1932,11644,11760,721,-256,-1991,334234
2026-05-19 20:10:12,lombar,9200,-848,-13276,246,229,1549,991689
2026-05-19 20:10:12,esterno,1372,11720,12064,786,-962,-1033,334256
2026-05-19 20:10:12,lombar,9096,-744,-13280,90,54,1608,991711
2026-05-19 20:10:12,esterno,1708,11800,10916,449,-630,-276,334278
2026-05-19 20:10:12,lombar,8952,-1192,-13368,95,-16,1613,991733
2026-05-19 20:10:12,esterno,1760,11372,10860,121,-467,265,334300
2026-05-19 20:10:12,lombar,8964,-1856,-13548,536,7,1409,991755
2026-05-19 20:10:12,esterno,1568,10676,10788,254,116,410,334322
2026-05-19 20:10:12,lombar,8808,-2344,-13384,962,-257,1102,991777
2026-05-19 20:10:12,esterno,1040,10380,10936,127,609,326,334344
2026-05-19 20:10:12,lombar,8796,-2244,-13312,1253,-609,782,991799
2026-05-19 20:10:12,esterno,704,10520,10988,-332,1069,279,334366
2026-05-19 20:10:12,lombar,8940,-2344,-13084,1529,-939,511,991821
2026-05-19 20:10:12,esterno,332,10908,11268,-617,1071,426,334388
2026-05-19 20:10:12,lombar,9264,-2328,-12744,1496,-1061,228,991843
2026-05-19 20:10:12,esterno,284,10984,11476,-688,797,580,334410
2026-05-19 20:10:12,lombar,9096,-2068,-12792,1161,-1012,210,991865
2026-05-19 20:10:12,esterno,376,10952,11188,-879,894,663,334432
2026-05-19 20:10:12,lombar,9192,-1828,-12960,979,-1017,353,991887
2026-05-19 20:10:12,esterno,760,10832,10816,-1180,1090,798,334454
2026-05-19 20:10:12,lombar,9216,-1836,-13160,1266,-1130,679,991909
2026-05-19 20:10:12,esterno,1040,10232,10648,-865,1950,770,334476
2026-05-19 20:10:12,lombar,9236,-2216,-13092,1735,-1507,960,991931
2026-05-19 20:10:12,esterno,1428,10280,11536,-497,2335,669,334498
2026-05-19 20:10:12,lombar,9316,-2392,-13552,1568,-1500,951,991953
2026-05-19 20:10:12,esterno,1780,10356,11592,-577,2698,411,334520
2026-05-19 20:10:13,lombar,9228,-2076,-14176,1785,-1281,755,991975
2026-05-19 20:10:13,esterno,1804,10656,11872,-849,3137,171,334542
2026-05-19 20:10:13,lombar,8972,-2040,-13356,2390,-1083,762,991997
2026-05-19 20:10:13,esterno,1436,10748,12168,-779,3254,282,334564
2026-05-19 20:10:13,lombar,8848,-2060,-13184,1538,-1228,743,992019
2026-05-19 20:10:13,esterno,1484,10684,11996,-258,2977,379,334586
2026-05-19 20:10:13,lombar,8704,-2220,-14156,1193,-982,611,992041
2026-05-19 20:10:13,esterno,1284,10672,12588,41,2520,549,334608
2026-05-19 20:10:13,lombar,9000,-2096,-14248,1184,-775,491,992063
2026-05-19 20:10:13,esterno,1688,11376,12680,-343,1566,989,334630
2026-05-19 20:10:13,esterno,1988,12020,12772,-572,841,1586,334652
2026-05-19 20:10:13,lombar,9024,-1992,-13596,155,-758,232,992085
2026-05-19 20:10:13,lombar,8972,-1852,-13192,-368,-609,248,992107
2026-05-19 20:10:13,esterno,1344,11404,12148,-294,148,2346,334674
2026-05-19 20:10:13,lombar,8604,-1848,-13320,-447,-504,317,992129
2026-05-19 20:10:13,esterno,680,10080,11552,274,617,2809,334696
2026-05-19 20:10:13,lombar,8788,-2028,-12908,-656,-364,460,992151
2026-05-19 20:10:13,esterno,1424,9348,12028,579,96,2929,334718
2026-05-19 20:10:13,lombar,8808,-2196,-13124,-826,-456,505,992173
2026-05-19 20:10:13,esterno,1712,9172,11084,80,-259,2695,334740
2026-05-19 20:10:13,lombar,8772,-2092,-13428,-704,-655,422,992195
2026-05-19 20:10:13,esterno,1912,9484,10300,52,141,2004,334762
2026-05-19 20:10:13,lombar,8824,-2492,-13944,-301,-440,565,992217
2026-05-19 20:10:13,esterno,1796,10744,11520,472,717,1147,334784
2026-05-19 20:10:13,lombar,8668,-2460,-13840,190,-433,448,992239
2026-05-19 20:10:13,esterno,1980,11816,12152,-11,993,149,334806
2026-05-19 20:10:13,lombar,8756,-2396,-13792,237,-412,554,992261
2026-05-19 20:10:13,esterno,2060,11360,12432,-509,959,-503,334828
2026-05-19 20:10:13,lombar,8544,-2580,-13680,124,-357,477,992283
2026-05-19 20:10:13,esterno,2008,10748,12512,-381,664,-428,334850
2026-05-19 20:10:13,lombar,8464,-2484,-13904,128,-241,360,992305
2026-05-19 20:10:13,esterno,1708,10424,12044,-634,431,-143,334872
2026-05-19 20:10:13,esterno,1136,10484,12048,-1159,-65,29,334894
2026-05-19 20:10:13,lombar,8504,-2308,-13804,208,-358,350,992327
2026-05-19 20:10:13,lombar,8484,-2268,-13644,139,-366,212,992349
2026-05-19 20:10:13,esterno,1132,10180,12048,-1408,-316,-131,334916
2026-05-19 20:10:13,lombar,8640,-2180,-13584,36,-379,145,992371
2026-05-19 20:10:13,esterno,1388,10088,11772,-889,-315,-384,334938
2026-05-19 20:10:13,lombar,8744,-2116,-13444,10,-349,192,992393
2026-05-19 20:10:13,esterno,1656,10152,12004,-1026,-552,-398,334960
2026-05-19 20:10:13,lombar,8728,-2140,-13456,-104,-386,168,992415
2026-05-19 20:10:13,esterno,1644,10456,11428,-1203,-481,-386,334982
2026-05-19 20:10:13,lombar,8864,-2068,-13356,-144,-375,156,992437
2026-05-19 20:10:13,esterno,1648,10636,11580,-1317,-279,-157,335004
2026-05-19 20:10:13,lombar,8800,-2208,-13348,-18,-422,173,992459
2026-05-19 20:10:13,esterno,1404,10276,11756,-715,-185,50,335026
2026-05-19 20:10:13,lombar,8776,-2036,-13264,63,-439,137,992481
2026-05-19 20:10:13,esterno,1164,9948,11988,-394,-227,22,335048
2026-05-19 20:10:13,lombar,8808,-2064,-13244,111,-369,247,992503
2026-05-19 20:10:13,esterno,1408,9884,11900,-394,-399,-45,335070
2026-05-19 20:10:13,lombar,8944,-2144,-13564,101,-379,221,992525
2026-05-19 20:10:13,esterno,1484,10068,11856,-363,-471,-202,335092
2026-05-19 20:10:13,lombar,8764,-2076,-13296,38,-431,275,992547
2026-05-19 20:10:13,esterno,1364,10208,11932,-162,-441,-328,335114
2026-05-19 20:10:13,lombar,8560,-2048,-13496,-9,-387,235,992569
2026-05-19 20:10:13,esterno,920,9996,12000,395,-404,-415,335136
2026-05-19 20:10:13,esterno,928,10148,11976,382,-536,-498,335158
2026-05-19 20:10:13,lombar,8636,-2200,-13632,124,-185,331,992591
2026-05-19 20:10:13,esterno,1576,10752,12016,176,-437,-476,335180
2026-05-19 20:10:13,lombar,8708,-2264,-13600,-17,-260,274,992613
2026-05-19 20:10:13,esterno,2292,11372,11804,-79,-117,-170,335202
2026-05-19 20:10:13,lombar,8796,-2316,-13452,-168,-273,181,992635
2026-05-19 20:10:13,lombar,8620,-2112,-13436,-101,-313,114,992657
2026-05-19 20:10:13,esterno,2328,11084,11476,-548,311,212,335224
2026-05-19 20:10:13,lombar,8624,-1880,-13468,90,-247,100,992679
2026-05-19 20:10:13,esterno,1512,10104,11248,-316,819,385,335246
2026-05-19 20:10:13,lombar,8684,-2240,-13380,247,-358,172,992701
2026-05-19 20:10:13,esterno,1208,9660,11400,-150,935,201,335268
2026-05-19 20:10:13,lombar,8604,-2332,-13260,118,-465,207,992723
2026-05-19 20:10:13,esterno,1072,9628,11776,-216,1104,-51,335290
2026-05-19 20:10:13,lombar,8628,-2136,-13476,207,-408,126,992745
2026-05-19 20:10:13,esterno,1232,9640,11540,-311,888,-347,335312
2026-05-19 20:10:13,lombar,8680,-2220,-13564,324,-531,219,992767
2026-05-19 20:10:13,esterno,1816,10224,11392,-45,960,-616,335334
2026-05-19 20:10:13,lombar,8436,-2356,-13320,277,-740,230,992789
2026-05-19 20:10:13,esterno,2024,10656,12068,21,1639,-553,335356
2026-05-19 20:10:13,lombar,8824,-2036,-13660,262,-428,241,992811
2026-05-19 20:10:13,esterno,2152,10616,12632,-640,646,-399,335378
2026-05-19 20:10:13,lombar,8656,-2004,-13540,208,-401,233,992833
2026-05-19 20:10:13,esterno,1572,10472,11764,-729,407,-450,335400
2026-05-19 20:10:13,lombar,8540,-2200,-13696,286,-388,346,992855
2026-05-19 20:10:13,esterno,1324,10380,12028,-456,225,-290,335422
2026-05-19 20:10:13,lombar,8840,-1716,-13900,113,-271,367,992877
2026-05-19 20:10:13,esterno,1632,10256,12136,-371,81,-10,335444
2026-05-19 20:10:13,lombar,8488,-1860,-13760,-3,-251,360,992899
2026-05-19 20:10:13,esterno,1720,10272,12048,-288,47,255,335466
2026-05-19 20:10:13,lombar,8524,-1800,-13708,-73,-207,449,992921
2026-05-19 20:10:13,esterno,1616,10468,11932,-458,-192,322,335488
2026-05-19 20:10:13,lombar,8596,-1956,-13524,-197,-268,512,992943
2026-05-19 20:10:13,esterno,1716,10660,11924,-511,-438,418,335510
2026-05-19 20:10:14,lombar,8492,-1916,-13548,-285,-214,475,992965
2026-05-19 20:10:14,esterno,1648,10364,11808,-547,-550,481,335532
2026-05-19 20:10:14,lombar,8540,-2104,-13524,-161,-211,535,992987
2026-05-19 20:10:14,esterno,1592,10084,11868,-676,-584,510,335554
2026-05-19 20:10:14,lombar,8620,-2152,-13436,-93,-268,574,993009
2026-05-19 20:10:14,esterno,1260,10032,11968,-817,-561,409,335576
2026-05-19 20:10:14,lombar,8600,-2260,-13624,-42,-320,515,993031
2026-05-19 20:10:14,esterno,1144,10032,12048,-754,-601,210,335598
2026-05-19 20:10:14,lombar,8576,-2296,-13452,20,-276,422,993053
2026-05-19 20:10:14,esterno,960,10152,12404,-857,-557,101,335620
2026-05-19 20:10:14,lombar,8524,-2308,-13544,50,-345,402,993075
2026-05-19 20:10:14,esterno,1028,10032,12048,-743,-578,59,335642
2026-05-19 20:10:14,lombar,8616,-2276,-13608,41,-356,277,993097
2026-05-19 20:10:14,esterno,1296,10112,11880,-738,-571,60,335664
2026-05-19 20:10:14,lombar,8648,-2260,-13600,68,-284,181,993119
2026-05-19 20:10:14,esterno,1644,10144,12316,-443,-543,127,335686
2026-05-19 20:10:14,lombar,8652,-2124,-13580,95,-276,219,993141
2026-05-19 20:10:14,esterno,1720,10020,12128,-330,-117,49,335708
2026-05-19 20:10:14,lombar,8652,-2180,-13600,55,-339,166,993163
2026-05-19 20:10:14,esterno,1720,9840,12080,-300,60,26,335730
2026-05-19 20:10:14,lombar,8576,-2044,-13444,2,-268,175,993185
2026-05-19 20:10:14,esterno,1928,9928,12168,-204,100,32,335752
2026-05-19 20:10:14,lombar,8620,-1824,-13680,-4,-306,150,993207
2026-05-19 20:10:14,esterno,1968,10172,12176,-307,177,42,335774
2026-05-19 20:10:14,lombar,8572,-1972,-13664,16,-275,218,993229
2026-05-19 20:10:14,esterno,1920,10148,12124,-341,78,71,335796
2026-05-19 20:10:14,lombar,8588,-1992,-13744,-5,-239,252,993251
2026-05-19 20:10:14,esterno,1624,10004,12012,-175,-69,13,335818
2026-05-19 20:10:14,lombar,8640,-1964,-13564,31,-280,370,993273
2026-05-19 20:10:14,esterno,1804,10056,12240,-177,-223,40,335840
2026-05-19 20:10:14,lombar,8532,-1928,-13512,65,-255,364,993295
2026-05-19 20:10:14,esterno,1924,10068,12024,-323,-268,111,335862
2026-05-19 20:10:14,lombar,8704,-2012,-13388,26,-293,435,993317
2026-05-19 20:10:14,esterno,2016,10020,12160,-314,-142,112,335884
2026-05-19 20:10:14,lombar,8624,-2100,-13496,78,-260,399,993339
2026-05-19 20:10:14,esterno,2084,9952,12000,-302,-40,-37,335906
2026-05-19 20:10:14,lombar,8648,-2212,-13412,118,-279,364,993361
2026-05-19 20:10:14,esterno,1820,9984,12020,-313,66,-101,335928
2026-05-19 20:10:14,lombar,8572,-2080,-13480,159,-283,348,993383
2026-05-19 20:10:14,esterno,1676,9976,11992,-327,133,-137,335950
2026-05-19 20:10:14,lombar,8512,-2060,-13616,80,-305,397,993405
2026-05-19 20:10:14,esterno,1592,9860,12280,-249,94,-113,335972
2026-05-19 20:10:14,lombar,8572,-2184,-13632,70,-271,316,993427
2026-05-19 20:10:14,esterno,1652,10088,12292,-234,34,-74,335994
2026-05-19 20:10:14,lombar,8576,-1984,-13684,112,-259,343,993449
2026-05-19 20:10:14,esterno,1684,10236,12288,-300,-37,-57,336016
2026-05-19 20:10:14,lombar,8548,-2012,-13608,106,-274,314,993471
2026-05-19 20:10:14,esterno,1504,9996,11528,7,629,-110,336038
2026-05-19 20:10:14,lombar,8692,-2056,-13672,80,-278,339,993493
2026-05-19 20:10:14,esterno,1744,9924,12636,161,-183,22,336060
2026-05-19 20:10:14,lombar,8608,-2148,-13592,10,-278,314,993515
2026-05-19 20:10:14,esterno,1796,10116,12332,-408,-393,148,336082
2026-05-19 20:10:14,lombar,8532,-2052,-13504,84,-285,281,993537
2026-05-19 20:10:14,esterno,1760,9780,11800,-472,-292,197,336104
2026-05-19 20:10:14,lombar,8668,-2012,-13700,107,-268,325,993559
2026-05-19 20:10:14,esterno,1912,9916,11984,-163,-196,142,336126
2026-05-19 20:10:14,lombar,8592,-2084,-13632,56,-286,268,993581
2026-05-19 20:10:14,esterno,2004,10076,12096,-53,175,82,336148
2026-05-19 20:10:14,lombar,8688,-1936,-13536,119,-256,251,993603
2026-05-19 20:10:14,esterno,1724,10136,12196,-199,297,54,336170
2026-05-19 20:10:14,lombar,8660,-2064,-13460,37,-340,337,993625
2026-05-19 20:10:14,esterno,1684,9956,12200,-66,94,7,336192
2026-05-19 20:10:14,lombar,8652,-1976,-13592,46,-307,370,993647
2026-05-19 20:10:14,esterno,1700,10016,12080,46,67,-62,336214
2026-05-19 20:10:14,lombar,8680,-1972,-13460,82,-258,338,993669
2026-05-19 20:10:14,esterno,1840,9964,12060,-36,123,42,336236
2026-05-19 20:10:14,lombar,8604,-2056,-13368,56,-315,411,993691
2026-05-19 20:10:14,esterno,1968,10000,12328,-173,89,142,336258
2026-05-19 20:10:14,lombar,8600,-1976,-13596,-6,-358,349,993713
2026-05-19 20:10:14,esterno,1920,9980,12396,-251,-17,159,336280
2026-05-19 20:10:14,lombar,8644,-2040,-13704,-54,-340,330,993735
2026-05-19 20:10:14,esterno,1996,10088,12240,-221,14,111,336302
2026-05-19 20:10:14,lombar,8580,-2016,-13820,-24,-384,353,993757
2026-05-19 20:10:14,esterno,2092,10044,12344,-268,228,64,336324
2026-05-19 20:10:14,lombar,8616,-1940,-13520,88,-430,403,993779
2026-05-19 20:10:14,esterno,1764,9972,12184,-406,280,2,336346
2026-05-19 20:10:14,lombar,8596,-2140,-13744,82,-419,357,993801
2026-05-19 20:10:14,esterno,1896,9956,12300,-312,-93,55,336368
2026-05-19 20:10:14,lombar,8604,-1944,-13788,206,-400,332,993823
2026-05-19 20:10:14,esterno,1924,10080,12328,-201,49,8,336390
2026-05-19 20:10:14,lombar,8724,-2012,-13768,300,-518,411,993845
2026-05-19 20:10:14,esterno,1820,10020,12124,-405,54,-14,336412
2026-05-19 20:10:14,lombar,8508,-1996,-13616,282,-606,445,993867
2026-05-19 20:10:14,esterno,1644,9948,12128,-315,-45,4,336434
2026-05-19 20:10:14,lombar,8636,-2084,-13684,203,-612,393,993889
2026-05-19 20:10:14,esterno,1888,10064,12144,-295,-99,110,336456
2026-05-19 20:10:14,lombar,8528,-2032,-13560,94,-562,413,993911
2026-05-19 20:10:14,esterno,1936,9980,12208,-360,-85,201,336478
2026-05-19 20:10:14,lombar,8088,-1980,-13068,77,-792,358,993933
2026-05-19 20:10:14,esterno,1904,9824,12168,-377,-68,138,336500
2026-05-19 20:10:15,lombar,8488,-2072,-13416,15,-434,384,993955
2026-05-19 20:10:15,esterno,1860,9848,12192,-349,-14,87,336522
2026-05-19 20:10:15,lombar,8500,-2048,-13708,85,-584,305,993977
2026-05-19 20:10:15,esterno,1960,9980,12136,-329,68,69,336544
2026-05-19 20:10:15,lombar,8532,-1936,-13932,47,-463,283,993999
2026-05-19 20:10:15,esterno,2036,9836,12112,-277,131,127,336566
2026-05-19 20:10:15,lombar,8572,-1972,-13588,103,-442,361,994021
2026-05-19 20:10:15,esterno,1956,9944,12412,-211,123,63,336588
2026-05-19 20:10:15,lombar,8548,-2100,-13668,90,-384,348,994043
2026-05-19 20:10:15,esterno,1948,9928,12368,-154,181,-30,336610
2026-05-19 20:10:15,lombar,8560,-2096,-13720,100,-322,326,994065
2026-05-19 20:10:15,esterno,2056,9896,12328,-90,126,-19,336632
2026-05-19 20:10:15,lombar,8604,-2016,-13616,78,-273,342,994087
2026-05-19 20:10:15,esterno,1896,9948,12112,-104,78,39,336654
2026-05-19 20:10:15,lombar,8556,-2020,-13612,82,-287,364,994109
2026-05-19 20:10:15,esterno,1972,9972,12084,-120,109,63,336676
2026-05-19 20:10:15,lombar,8484,-1988,-13744,68,-317,350,994131
2026-05-19 20:10:15,esterno,1976,9924,12336,-148,72,38,336698
2026-05-19 20:10:15,lombar,8472,-1944,-13712,-7,-313,333,994153
2026-05-19 20:10:15,esterno,2112,9812,12180,-129,88,11,336720
2026-05-19 20:10:15,lombar,8424,-2016,-13528,75,-295,337,994175
2026-05-19 20:10:15,esterno,2068,9916,12332,-207,89,-37,336742
2026-05-19 20:10:15,lombar,8404,-2124,-13588,143,-363,381,994197
2026-05-19 20:10:15,esterno,1980,9792,11424,-75,348,-41,336764
2026-05-19 20:10:15,lombar,8508,-2004,-13840,84,-371,371,994219
2026-05-19 20:10:15,esterno,1832,9980,12836,-61,105,-37,336786
2026-05-19 20:10:15,lombar,8480,-2152,-13736,49,-370,337,994241
2026-05-19 20:10:15,esterno,2060,10120,12420,-203,10,17,336808
2026-05-19 20:10:15,esterno,1784,9864,12024,-570,-270,118,336830
2026-05-19 20:10:15,lombar,8456,-2044,-13572,118,-402,357,994263
2026-05-19 20:10:15,lombar,8608,-1968,-13988,157,-631,361,994285
2026-05-19 20:10:15,esterno,1760,9556,12092,-304,-57,71,336852
2026-05-19 20:10:15,lombar,8508,-1796,-13672,68,-291,345,994307
2026-05-19 20:10:15,esterno,1992,9796,12232,10,106,38,336874
2026-05-19 20:10:15,lombar,8420,-2060,-13836,89,-339,337,994329
2026-05-19 20:10:15,esterno,2048,10092,12192,-103,435,-40,336896
2026-05-19 20:10:15,lombar,8376,-2036,-13780,93,-361,326,994351
2026-05-19 20:10:15,esterno,1980,10144,12208,-249,414,-83,336918
2026-05-19 20:10:15,lombar,8340,-2132,-13680,-7,-346,322,994373
2026-05-19 20:10:15,esterno,1756,9956,12120,17,400,-41,336940
2026-05-19 20:10:15,lombar,8452,-1880,-13648,76,-210,250,994395
2026-05-19 20:10:15,esterno,1876,9680,12388,72,474,-27,336962
2026-05-19 20:10:15,lombar,8460,-1912,-13796,46,-172,319,994417
2026-05-19 20:10:15,esterno,1840,9672,12436,-65,389,12,336984
2026-05-19 20:10:15,lombar,8500,-2048,-13672,37,-167,302,994439
2026-05-19 20:10:15,esterno,2020,9836,12540,-55,169,-11,337006
2026-05-19 20:10:15,lombar,8452,-2164,-13644,29,-124,313,994461
2026-05-19 20:10:15,esterno,2048,10176,12528,9,37,-17,337028
2026-05-19 20:10:15,lombar,8476,-1992,-13748,52,-33,269,994483
2026-05-19 20:10:15,esterno,2068,10196,11932,-23,256,48,337050
2026-05-19 20:10:15,lombar,8524,-1972,-13736,101,-35,370,994505
2026-05-19 20:10:15,esterno,2044,10192,12248,-90,273,93,337072
2026-05-19 20:10:15,lombar,8444,-2104,-13560,81,-55,353,994527
2026-05-19 20:10:15,esterno,2028,9968,12188,-244,73,88,337094
2026-05-19 20:10:15,lombar,8560,-2020,-13672,75,-56,335,994549
2026-05-19 20:10:15,esterno,2048,9852,12176,-136,-6,63,337116
2026-05-19 20:10:15,lombar,8528,-1936,-13596,117,-66,326,994571
2026-05-19 20:10:15,esterno,1988,9940,12356,-311,102,101,337138
2026-05-19 20:10:15,lombar,8504,-1924,-13488,59,-192,361,994593
2026-05-19 20:10:15,esterno,1876,9908,12192,-499,-3,160,337160
2026-05-19 20:10:15,lombar,8436,-2116,-13680,49,-223,274,994615
2026-05-19 20:10:15,esterno,1844,9964,12140,-385,-97,195,337182
2026-05-19 20:10:15,lombar,8516,-1900,-13548,81,-219,308,994637
2026-05-19 20:10:15,esterno,2004,10024,12252,-496,-69,184,337204
2026-05-19 20:10:15,lombar,8476,-1964,-13784,65,-250,404,994659
2026-05-19 20:10:15,esterno,2036,9976,12368,-544,-35,156,337226
2026-05-19 20:10:15,esterno,2056,9752,12308,-509,-47,153,337248
2026-05-19 20:10:15,lombar,8464,-2120,-13672,56,-242,422,994681
2026-05-19 20:10:15,lombar,8488,-1940,-13672,78,-266,311,994703
2026-05-19 20:10:15,esterno,2060,9708,12304,-469,-11,127,337270
2026-05-19 20:10:15,lombar,8556,-2100,-13792,88,-265,402,994725
2026-05-19 20:10:15,esterno,1964,9664,12248,-381,-17,101,337292
2026-05-19 20:10:15,lombar,8420,-2168,-13780,50,-257,358,994747
2026-05-19 20:10:15,esterno,1840,9560,12436,-232,5,26,337314
2026-05-19 20:10:15,lombar,8520,-2032,-13692,62,-244,382,994769
2026-05-19 20:10:15,esterno,1992,9596,12408,-114,-2,30,337336
2026-05-19 20:10:15,esterno,2040,9840,12352,-80,40,127,337358
2026-05-19 20:10:15,lombar,8528,-1948,-13596,84,-219,233,994791
2026-05-19 20:10:15,lombar,8432,-2036,-13500,56,-184,310,994813
2026-05-19 20:10:15,esterno,2056,9844,12248,-83,118,148,337380
2026-05-19 20:10:15,lombar,8500,-2016,-13764,72,-211,268,994835
2026-05-19 20:10:15,esterno,2156,9856,12272,-84,188,63,337402
2026-05-19 20:10:15,lombar,8448,-1984,-13676,101,-217,254,994857
2026-05-19 20:10:15,esterno,2160,9852,12040,-87,228,-17,337424
2026-05-19 20:10:15,esterno,2276,9812,12220,-91,222,-34,337446
2026-05-19 20:10:15,lombar,8532,-1976,-13572,87,-233,270,994879
2026-05-19 20:10:15,lombar,8384,-1892,-13848,81,-256,310,994901
2026-05-19 20:10:15,esterno,2188,9820,12356,-224,117,16,337468
2026-05-19 20:10:15,lombar,8468,-1928,-13672,95,-238,404,994923
2026-05-19 20:10:15,esterno,2068,10048,12140,-366,87,116,337490
2026-05-19 20:10:15,lombar,8456,-2052,-13652,114,-267,368,994945
2026-05-19 20:10:15,esterno,2144,10024,12496,-488,-55,93,337512
2026-05-19 20:10:16,lombar,8516,-2036,-13600,76,-326,435,994967
2026-05-19 20:10:16,esterno,2052,9772,12252,-374,-157,96,337534
2026-05-19 20:10:16,lombar,8576,-2068,-13572,43,-289,377,994989
2026-05-19 20:10:16,esterno,2024,9652,12284,-373,-139,70,337556
2026-05-19 20:10:16,lombar,8460,-2156,-13668,116,-327,396,995011
2026-05-19 20:10:16,esterno,1964,9436,12088,-446,105,60,337578
2026-05-19 20:10:16,lombar,8532,-2028,-13664,101,-323,383,995033
2026-05-19 20:10:16,esterno,1908,9588,12896,-195,329,-12,337600
2026-05-19 20:10:16,lombar,8540,-2092,-13556,47,-312,355,995055
2026-05-19 20:10:16,esterno,2292,9732,12564,-187,140,-93,337622
2026-05-19 20:10:16,lombar,8508,-2144,-13684,27,-246,253,995077
2026-05-19 20:10:16,esterno,2224,9884,12416,-677,-153,56,337644
2026-05-19 20:10:16,lombar,8464,-2040,-13736,49,-264,227,995099
2026-05-19 20:10:16,esterno,1740,9488,12116,-316,-5,59,337666
2026-05-19 20:10:16,lombar,8544,-1956,-13768,44,-258,227,995121
2026-05-19 20:10:16,esterno,1928,9524,12228,214,114,-33,337688
2026-05-19 20:10:16,lombar,8552,-1968,-13820,62,-225,320,995143
2026-05-19 20:10:16,esterno,2028,9720,12324,89,395,-205,337710
2026-05-19 20:10:16,lombar,8504,-1920,-13476,58,-241,359,995165
2026-05-19 20:10:16,esterno,2104,9844,12520,65,345,-156,337732
2026-05-19 20:10:16,lombar,8488,-2044,-13476,15,-269,339,995187
2026-05-19 20:10:16,esterno,2120,9880,12232,463,333,-109,337754
2026-05-19 20:10:16,lombar,8500,-2068,-13648,104,-253,310,995209
2026-05-19 20:10:16,esterno,2216,9840,12324,281,375,-22,337776
2026-05-19 20:10:16,lombar,8480,-1992,-13588,143,-219,343,995231
2026-05-19 20:10:16,esterno,2200,9832,12488,31,362,20,337798
2026-05-19 20:10:16,lombar,8396,-2020,-13588,74,-295,382,995253
2026-05-19 20:10:16,esterno,2192,9804,12460,-27,205,29,337820
2026-05-19 20:10:16,lombar,8580,-1996,-13728,70,-302,368,995275
2026-05-19 20:10:16,esterno,2032,9808,12244,-124,101,-1,337842
2026-05-19 20:10:16,lombar,8556,-2036,-13560,130,-275,295,995297
2026-05-19 20:10:16,esterno,2120,9812,11908,-151,334,2,337864
2026-05-19 20:10:16,lombar,8552,-1968,-13592,151,-322,351,995319
2026-05-19 20:10:16,esterno,2172,10000,12328,-287,370,47,337886
2026-05-19 20:10:16,lombar,8548,-2064,-13504,121,-330,308,995341
2026-05-19 20:10:16,esterno,2052,9844,12356,-443,275,-19,337908
2026-05-19 20:10:16,lombar,8508,-2056,-13612,111,-291,283,995363
2026-05-19 20:10:16,esterno,2112,9784,12360,-90,64,-98,337930
2026-05-19 20:10:16,lombar,8616,-1984,-13724,185,-279,316,995385
2026-05-19 20:10:16,esterno,2092,9812,12356,-38,235,-70,337952
2026-05-19 20:10:16,lombar,8500,-2028,-13680,103,-331,355,995407
2026-05-19 20:10:16,esterno,1956,9800,12380,-103,150,-5,337974
2026-05-19 20:10:16,lombar,8376,-2048,-13676,100,-292,316,995429
2026-05-19 20:10:16,esterno,1940,9860,12296,113,83,-29,337996
2026-05-19 20:10:16,lombar,8412,-1980,-13816,99,-262,367,995451
2026-05-19 20:10:16,esterno,2084,9936,12232,29,107,-13,338018
2026-05-19 20:10:16,lombar,8592,-1892,-13680,102,-285,360,995473
2026-05-19 20:10:16,esterno,2060,9896,12244,-122,166,4,338040
2026-05-19 20:10:16,lombar,8520,-2056,-13704,103,-247,354,995495
2026-05-19 20:10:16,esterno,2000,9752,12272,-130,203,32,338062
2026-05-19 20:10:16,lombar,8392,-2116,-13636,87,-245,284,995517
2026-05-19 20:10:16,esterno,2032,9760,12232,-120,272,46,338084
2026-05-19 20:10:16,lombar,8588,-2008,-13672,103,-253,344,995539
2026-05-19 20:10:16,esterno,2008,9772,12328,-105,296,21,338106
2026-05-19 20:10:16,lombar,8476,-2040,-13804,88,-260,372,995561
2026-05-19 20:10:16,esterno,1992,9836,12288,-141,312,-75,338128
2026-05-19 20:10:16,lombar,8540,-1952,-13668,87,-276,336,995583
2026-05-19 20:10:16,esterno,2040,9740,12164,-70,320,-30,338150
2026-05-19 20:10:16,lombar,8492,-2068,-13768,122,-279,323,995605
2026-05-19 20:10:16,esterno,2036,9872,12308,-21,274,-17,338172
2026-05-19 20:10:16,lombar,8520,-2024,-13772,85,-282,314,995627
2026-05-19 20:10:16,esterno,2060,9780,12160,-39,318,-16,338194
2026-05-19 20:10:16,lombar,8492,-2012,-13676,97,-282,298,995649
2026-05-19 20:10:16,esterno,2108,9824,12172,-58,284,-77,338216
2026-05-19 20:10:16,lombar,8556,-1968,-13692,99,-300,368,995671
2026-05-19 20:10:16,esterno,1920,9744,12372,33,220,-70,338238
2026-05-19 20:10:16,lombar,8484,-1948,-13696,86,-283,298,995693
2026-05-19 20:10:16,esterno,1968,9792,12404,94,205,8,338260
2026-05-19 20:10:16,lombar,8480,-2128,-13736,118,-283,385,995715
2026-05-19 20:10:16,esterno,2016,9752,12348,21,197,46,338282
2026-05-19 20:10:16,lombar,8424,-2012,-13796,114,-271,341,995737
2026-05-19 20:10:16,esterno,2084,9876,12088,34,156,-34,338304
2026-05-19 20:10:16,lombar,8588,-2008,-13704,130,-259,373,995759
2026-05-19 20:10:16,esterno,2020,9804,12124,1,172,-63,338326
2026-05-19 20:10:16,lombar,8600,-2040,-13660,116,-276,321,995781
2026-05-19 20:10:16,esterno,1924,9860,12256,110,160,-67,338348
2026-05-19 20:10:16,esterno,1996,9836,12380,150,236,23,338370
2026-05-19 20:10:16,lombar,8452,-2056,-13724,55,-270,353,995803
2026-05-19 20:10:16,lombar,8516,-2016,-13592,136,-247,354,995825
2026-05-19 20:10:16,esterno,1996,9832,12320,14,325,36,338392
2026-05-19 20:10:16,lombar,8392,-2024,-13588,127,-266,395,995847
2026-05-19 20:10:16,esterno,1812,9872,11696,285,292,-25,338414
2026-05-19 20:10:16,lombar,8468,-1988,-13600,86,-270,370,995869
2026-05-19 20:10:16,esterno,1856,9956,12640,371,486,-70,338436
2026-05-19 20:10:16,lombar,8640,-2088,-13652,60,-254,362,995891
2026-05-19 20:10:16,esterno,2016,9944,12600,111,61,-49,338458
2026-05-19 20:10:16,lombar,8552,-1972,-13400,79,-276,323,995913
2026-05-19 20:10:16,esterno,1988,9900,11856,-50,-152,32,338480
2026-05-19 20:10:16,lombar,8476,-2012,-13688,91,-270,359,995935
2026-05-19 20:10:16,esterno,2076,9864,11836,94,65,-46,338502
2026-05-19 20:10:17,lombar,8616,-1932,-13732,87,-302,254,995957
2026-05-19 20:10:17,esterno,2076,9832,11940,299,422,-146,338524
2026-05-19 20:10:17,lombar,8624,-1844,-13628,160,-236,393,995979
2026-05-19 20:10:17,esterno,2028,10292,12020,216,695,-207,338546
2026-05-19 20:10:17,lombar,8536,-2024,-13552,58,-284,403,996001
2026-05-19 20:10:17,esterno,1744,10200,12456,48,528,-131,338568
2026-05-19 20:10:17,lombar,8460,-2120,-13684,92,-300,308,996023
2026-05-19 20:10:17,esterno,1852,10152,12068,49,388,-14,338590
2026-05-19 20:10:17,lombar,8420,-2028,-13620,135,-273,328,996045
2026-05-19 20:10:17,esterno,1800,9872,12096,91,328,8,338612
2026-05-19 20:10:17,lombar,8544,-1968,-13656,58,-259,298,996067
2026-05-19 20:10:17,esterno,1836,9792,12104,1,334,-23,338634
2026-05-19 20:10:17,lombar,8556,-1996,-13696,73,-278,307,996089
2026-05-19 20:10:17,esterno,1948,9928,12160,-65,324,-14,338656
2026-05-19 20:10:17,lombar,8468,-2140,-13708,92,-287,322,996111
2026-05-19 20:10:17,esterno,1828,10020,12384,37,266,-3,338678
2026-05-19 20:10:17,lombar,8568,-1976,-13676,91,-273,335,996133
2026-05-19 20:10:17,esterno,2004,10204,12328,-60,262,34,338700
2026-05-19 20:10:17,lombar,8572,-2028,-13760,101,-291,325,996155
2026-05-19 20:10:17,esterno,2020,10088,12108,-74,106,-39,338722
2026-05-19 20:10:17,lombar,8472,-1936,-13696,84,-278,288,996177
2026-05-19 20:10:17,esterno,1892,9860,11900,-49,31,-72,338744
2026-05-19 20:10:17,lombar,8524,-2020,-13648,143,-271,281,996199
2026-05-19 20:10:17,esterno,2060,10024,12172,20,157,-11,338766
2026-05-19 20:10:17,lombar,8512,-1860,-13656,136,-296,324,996221
2026-05-19 20:10:17,esterno,1988,10024,12176,63,244,16,338788
2026-05-19 20:10:17,lombar,8448,-1936,-13680,76,-253,340,996243
2026-05-19 20:10:17,esterno,1784,10092,12120,-54,76,-2,338810
2026-05-19 20:10:17,lombar,8564,-2128,-13876,111,-274,321,996265
2026-05-19 20:10:17,esterno,2068,10064,12120,-37,-36,2,338832
2026-05-19 20:10:17,lombar,8628,-2004,-13592,104,-270,320,996287
2026-05-19 20:10:17,esterno,1936,9820,12036,13,95,22,338854
2026-05-19 20:10:17,lombar,8576,-1984,-13580,98,-257,319,996309
2026-05-19 20:10:17,esterno,1960,9972,12008,40,271,51,338876
2026-05-19 20:10:17,lombar,8496,-2016,-13764,84,-262,369,996331
2026-05-19 20:10:17,esterno,1820,10068,11960,34,316,-45,338898
2026-05-19 20:10:17,lombar,8460,-2040,-13656,170,-270,373,996353
2026-05-19 20:10:17,esterno,1948,9908,12016,84,365,-133,338920
2026-05-19 20:10:17,lombar,8544,-2084,-13488,156,-219,324,996375
2026-05-19 20:10:17,esterno,1916,10316,12224,153,418,-142,338942
2026-05-19 20:10:17,lombar,8596,-2004,-13696,135,-251,282,996397
2026-05-19 20:10:17,esterno,1776,10396,12176,-40,394,-33,338964
2026-05-19 20:10:17,lombar,8528,-2100,-13672,146,-282,338,996419
2026-05-19 20:10:17,esterno,1704,10324,11980,-199,323,80,338986
2026-05-19 20:10:17,lombar,8512,-2132,-13512,103,-286,332,996441
2026-05-19 20:10:17,esterno,1764,10108,11968,-206,137,93,339008
2026-05-19 20:10:17,lombar,8464,-2072,-13660,69,-339,324,996463
2026-05-19 20:10:17,esterno,1648,9812,12148,-76,-19,34,339030
2026-05-19 20:10:17,lombar,8556,-1984,-13528,70,-370,322,996485
2026-05-19 20:10:17,esterno,1724,9888,12168,-35,-84,36,339052
2026-05-19 20:10:17,lombar,8480,-2004,-13504,105,-340,393,996507
2026-05-19 20:10:17,esterno,1984,10068,12148,-51,36,92,339074
2026-05-19 20:10:17,lombar,8424,-2004,-13736,66,-351,358,996529
2026-05-19 20:10:17,esterno,2268,10136,12192,0,18,122,339096
2026-05-19 20:10:17,lombar,8544,-2076,-13612,57,-346,407,996551
2026-05-19 20:10:17,esterno,2052,10188,12244,97,94,96,339118
2026-05-19 20:10:17,lombar,8472,-1992,-13716,55,-350,400,996573
2026-05-19 20:10:17,esterno,1880,10136,12044,119,-32,85,339140
2026-05-19 20:10:17,lombar,8428,-1948,-13816,53,-315,405,996595
2026-05-19 20:10:17,esterno,1576,10096,11300,523,241,106,339162
2026-05-19 20:10:17,esterno,1696,9996,12356,330,-45,143,339184
2026-05-19 20:10:17,lombar,8452,-1980,-13704,40,-215,376,996617
2026-05-19 20:10:17,lombar,8552,-2064,-13668,66,-210,357,996639
2026-05-19 20:10:17,esterno,1976,9816,12724,-77,-306,122,339206
2026-05-19 20:10:17,lombar,8484,-2012,-13368,79,-348,335,996661
2026-05-19 20:10:17,esterno,1936,10168,11820,213,-395,106,339228
2026-05-19 20:10:17,lombar,8376,-2036,-13764,39,-158,365,996683
2026-05-19 20:10:17,esterno,2012,10116,11200,-21,-383,59,339250
2026-05-19 20:10:17,lombar,8516,-2080,-13780,24,-130,360,996705
2026-05-19 20:10:17,esterno,2004,9792,11948,3,-128,45,339272
2026-05-19 20:10:17,lombar,8612,-2020,-13708,136,-276,334,996727
2026-05-19 20:10:17,esterno,2172,10276,11936,3,184,79,339294
2026-05-19 20:10:17,lombar,8456,-1892,-13328,43,-317,339,996749
2026-05-19 20:10:17,esterno,2016,10296,12176,-73,95,-20,339316
2026-05-19 20:10:17,lombar,8428,-1920,-13404,35,-249,396,996771
2026-05-19 20:10:17,esterno,1904,10348,11792,187,-50,-34,339338
2026-05-19 20:10:17,lombar,8528,-2088,-13708,56,-269,368,996793
2026-05-19 20:10:17,esterno,1536,10088,11728,295,-171,36,339360
2026-05-19 20:10:17,lombar,8520,-2048,-13696,25,-270,341,996815
2026-05-19 20:10:17,esterno,1492,9992,11800,108,-388,183,339382
2026-05-19 20:10:17,lombar,8480,-1892,-13744,55,-276,411,996837
2026-05-19 20:10:17,esterno,1752,9784,12276,-133,-574,101,339404
2026-05-19 20:10:17,lombar,8524,-1988,-13736,49,-288,428,996859
2026-05-19 20:10:17,esterno,2392,10024,12236,-8,-806,-66,339426
2026-05-19 20:10:17,lombar,8380,-2184,-13692,33,-219,395,996881
2026-05-19 20:10:17,esterno,2796,10504,11876,-112,-566,-99,339448
2026-05-19 20:10:17,lombar,8600,-2028,-13704,76,-243,373,996903
2026-05-19 20:10:17,esterno,3024,10716,12048,-93,-293,43,339470
2026-05-19 20:10:17,lombar,8356,-2000,-13792,74,-259,342,996925
2026-05-19 20:10:17,esterno,2584,10648,11568,-130,25,168,339492
2026-05-19 20:10:17,lombar,8664,-2128,-13752,70,-156,320,996947
2026-05-19 20:10:17,esterno,2480,10512,12168,-321,-171,186,339514
2026-05-19 20:10:18,lombar,8500,-2076,-13708,58,-231,270,996969
2026-05-19 20:10:18,esterno,2372,10388,11352,-465,529,157,339536
2026-05-19 20:10:18,lombar,8744,-2000,-13480,52,-295,311,996991
2026-05-19 20:10:18,esterno,2080,10224,11760,-640,391,259,339558
2026-05-19 20:10:18,lombar,8368,-2144,-13428,88,-372,292,997013
2026-05-19 20:10:18,esterno,1896,10072,11732,-470,251,252,339580
2026-05-19 20:10:18,lombar,8424,-1884,-13532,69,-382,307,997035
2026-05-19 20:10:18,esterno,1808,10060,12024,-547,254,189,339602
2026-05-19 20:10:18,esterno,2036,10016,12080,-517,84,92,339624
2026-05-19 20:10:18,lombar,8540,-1876,-13716,72,-393,271,997057
2026-05-19 20:10:18,lombar,8432,-2084,-13760,28,-395,374,997079
2026-05-19 20:10:18,esterno,1976,10204,12248,-245,62,76,339646
2026-05-19 20:10:18,lombar,8404,-2036,-14000,52,-331,327,997101
2026-05-19 20:10:18,esterno,2116,10180,12192,-486,0,86,339668
2026-05-19 20:10:18,lombar,8536,-2048,-13952,133,-302,383,997123
2026-05-19 20:10:18,esterno,2308,9796,12300,-323,20,29,339690
2026-05-19 20:10:18,lombar,8448,-2012,-13752,118,-298,401,997145
2026-05-19 20:10:18,esterno,2508,10000,12160,-140,275,-221,339712
2026-05-19 20:10:18,lombar,8420,-1940,-13768,95,-236,331,997167
2026-05-19 20:10:18,esterno,2428,10116,12060,-259,315,-313,339734
2026-05-19 20:10:18,lombar,8424,-1988,-13716,131,-213,374,997189
2026-05-19 20:10:18,esterno,2144,10068,12016,-118,271,-277,339756
2026-05-19 20:10:18,lombar,8516,-1840,-13644,82,-231,396,997211
2026-05-19 20:10:18,esterno,2060,10156,11668,-137,230,-179,339778
2026-05-19 20:10:18,lombar,8484,-1764,-13472,4,-245,406,997233
2026-05-19 20:10:18,esterno,2020,10196,11848,-221,114,-23,339800
2026-05-19 20:10:18,lombar,8552,-1824,-13540,-76,-274,440,997255
2026-05-19 20:10:18,esterno,2164,10232,11820,-171,-14,89,339822
2026-05-19 20:10:18,lombar,8416,-2032,-13648,-109,-253,520,997277
2026-05-19 20:10:18,esterno,2148,10192,11928,-242,-48,59,339844
2026-05-19 20:10:18,lombar,8488,-1932,-13472,-62,-260,475,997299
2026-05-19 20:10:18,esterno,2160,10000,11428,-107,277,32,339866
2026-05-19 20:10:18,lombar,8512,-2048,-13588,-65,-302,423,997321
2026-05-19 20:10:18,esterno,2036,10092,12500,106,558,-12,339888
2026-05-19 20:10:18,lombar,8468,-2000,-13568,-68,-293,445,997343
2026-05-19 20:10:18,esterno,2400,10264,12476,-37,188,-82,339910
2026-05-19 20:10:18,lombar,8388,-2080,-13748,-73,-293,389,997365
2026-05-19 20:10:18,esterno,2112,10272,11880,-489,-77,-13,339932
2026-05-19 20:10:18,lombar,8368,-2028,-14040,20,-228,400,997387
2026-05-19 20:10:18,esterno,1840,10104,11788,-319,93,-36,339954
2026-05-19 20:10:18,lombar,8488,-1960,-13868,61,-247,333,997409
2026-05-19 20:10:18,esterno,2164,9836,12052,-112,79,-44,339976
2026-05-19 20:10:18,esterno,2216,9852,12112,-96,290,-134,339998
2026-05-19 20:10:18,lombar,8432,-1952,-14008,156,-266,326,997431
2026-05-19 20:10:18,lombar,8468,-1956,-13656,176,-245,308,997453
2026-05-19 20:10:18,esterno,2188,10156,12428,-152,236,-117,340020
2026-05-19 20:10:18,lombar,8516,-2128,-13648,155,-263,281,997475
2026-05-19 20:10:18,esterno,2092,10248,12148,-109,164,-86,340042
2026-05-19 20:10:18,lombar,8468,-1828,-13556,190,-249,219,997497
2026-05-19 20:10:18,esterno,2124,10132,11860,-74,190,2,340064
2026-05-19 20:10:18,lombar,8552,-1820,-13332,98,-167,270,997519
2026-05-19 20:10:18,esterno,2092,10140,11788,-92,318,93,340086
2026-05-19 20:10:18,lombar,8664,-1860,-13516,-1,-167,378,997541
2026-05-19 20:10:18,esterno,2044,10060,11708,-142,282,50,340108
2026-05-19 20:10:18,lombar,8580,-2100,-13464,-13,-260,361,997563
2026-05-19 20:10:18,esterno,2080,10096,12096,-92,111,0,340130
2026-05-19 20:10:18,lombar,8580,-1976,-13756,-16,-266,313,997585
2026-05-19 20:10:18,esterno,2064,10248,11772,-125,79,0,340152
2026-05-19 20:10:18,esterno,2248,10424,12200,-321,-12,109,340174
2026-05-19 20:10:18,lombar,8492,-1924,-13592,15,-312,301,997607
2026-05-19 20:10:18,lombar,8420,-1936,-13668,35,-366,375,997629
2026-05-19 20:10:18,esterno,2180,10288,11764,-416,192,45,340196
2026-05-19 20:10:18,esterno,2288,10024,12212,-377,-164,10,340218
2026-05-19 20:10:18,lombar,8444,-2100,-13812,18,-357,357,997651
2026-05-19 20:10:18,lombar,8384,-2108,-13956,139,-309,376,997673
2026-05-19 20:10:18,esterno,2272,9868,12152,-293,87,-47,340240
2026-05-19 20:10:18,lombar,8468,-1980,-14000,135,-337,419,997695
2026-05-19 20:10:18,esterno,2180,9968,12128,-470,176,-38,340262
2026-05-19 20:10:18,lombar,8416,-2176,-13912,111,-287,307,997717
2026-05-19 20:10:18,esterno,2092,10064,12332,-361,70,62,340284
2026-05-19 20:10:18,lombar,8436,-2108,-13832,195,-244,323,997739
2026-05-19 20:10:18,esterno,2280,10104,12188,-365,74,176,340306
2026-05-19 20:10:18,lombar,8360,-2016,-13860,223,-256,230,997761
2026-05-19 20:10:18,esterno,2192,10032,12040,-444,69,115,340328
2026-05-19 20:10:18,lombar,8496,-1980,-13752,240,-253,237,997783
2026-05-19 20:10:18,esterno,2168,9832,12160,-352,74,23,340350
2026-05-19 20:10:18,lombar,8372,-2092,-13688,272,-269,233,997805
2026-05-19 20:10:18,esterno,2052,10096,11844,-308,78,60,340372
2026-05-19 20:10:18,lombar,8524,-1900,-13752,300,-271,229,997827
2026-05-19 20:10:18,esterno,2044,9984,11928,-289,151,77,340394
2026-05-19 20:10:18,lombar,8604,-1860,-13444,271,-292,125,997849
2026-05-19 20:10:18,esterno,2132,9956,12120,-233,152,27,340416
2026-05-19 20:10:18,lombar,8580,-1912,-13448,225,-325,232,997871
2026-05-19 20:10:18,esterno,2212,10048,11924,-148,142,-55,340438
2026-05-19 20:10:18,lombar,8524,-1928,-13304,206,-353,251,997893
2026-05-19 20:10:18,esterno,2228,10036,12000,-146,155,-12,340460
2026-05-19 20:10:18,lombar,8504,-1920,-13720,158,-323,326,997915
2026-05-19 20:10:18,esterno,2184,10088,11840,-207,190,50,340482
2026-05-19 20:10:18,lombar,8460,-1868,-13548,118,-355,355,997937
2026-05-19 20:10:18,esterno,2284,10056,12176,-198,116,95,340504
2026-05-19 20:10:19,lombar,8432,-2004,-13672,65,-336,332,997959
2026-05-19 20:10:19,esterno,2216,10056,12252,-238,75,25,340526
2026-05-19 20:10:19,lombar,8404,-2012,-13848,75,-306,334,997981
2026-05-19 20:10:19,esterno,2208,10060,12244,-258,102,-5,340548
2026-05-19 20:10:19,lombar,8552,-1972,-13780,54,-281,347,998003
2026-05-19 20:10:19,esterno,2112,9876,11684,-45,317,-24,340570
2026-05-19 20:10:19,lombar,8400,-1868,-13816,65,-262,370,998025
2026-05-19 20:10:19,esterno,1928,9948,12964,58,312,6,340592
2026-05-19 20:10:19,lombar,8460,-2036,-13816,-25,-221,435,998047
2026-05-19 20:10:19,esterno,2244,10076,12500,52,56,-57,340614
2026-05-19 20:10:19,lombar,8560,-1976,-13676,30,-222,374,998069
2026-05-19 20:10:19,esterno,2264,9984,11948,-311,-273,24,340636
2026-05-19 20:10:19,lombar,8500,-1988,-13768,108,-192,381,998091
2026-05-19 20:10:19,esterno,2004,9936,11756,-125,-143,-18,340658
2026-05-19 20:10:19,lombar,8524,-2012,-13688,25,-217,421,998113
2026-05-19 20:10:19,esterno,2356,9908,12012,19,-17,28,340680
2026-05-19 20:10:19,lombar,8540,-1968,-13792,89,-212,354,998135
2026-05-19 20:10:19,esterno,2336,10188,11956,41,275,-70,340702
2026-05-19 20:10:19,lombar,8620,-1952,-13384,124,-234,354,998157
2026-05-19 20:10:19,esterno,1988,10176,12096,-56,278,-54,340724
2026-05-19 20:10:19,lombar,8436,-2176,-13604,60,-291,341,998179
2026-05-19 20:10:19,esterno,2160,10080,11972,-19,194,-70,340746
2026-05-19 20:10:19,lombar,8480,-2192,-13700,152,-297,294,998201
2026-05-19 20:10:19,esterno,2132,9948,11904,20,273,-30,340768
2026-05-19 20:10:19,lombar,8440,-2072,-13640,162,-289,312,998223
2026-05-19 20:10:19,esterno,2152,10024,12024,-93,335,103,340790
2026-05-19 20:10:19,lombar,8532,-1960,-13656,103,-302,271,998245
2026-05-19 20:10:19,esterno,2096,9964,12172,-215,305,108,340812
2026-05-19 20:10:19,lombar,8452,-2032,-13752,68,-327,326,998267
2026-05-19 20:10:19,esterno,2200,10008,12256,-209,204,-3,340834
2026-05-19 20:10:19,lombar,8504,-1876,-13616,86,-282,284,998289
2026-05-19 20:10:19,esterno,2256,10148,11928,-243,247,16,340856
2026-05-19 20:10:19,lombar,8512,-1848,-13628,82,-272,347,998311
2026-05-19 20:10:19,esterno,2360,10196,12208,-245,122,80,340878
2026-05-19 20:10:19,lombar,8468,-1952,-13656,71,-301,349,998333
2026-05-19 20:10:19,esterno,2196,10008,12020,-354,244,28,340900
2026-05-19 20:10:19,lombar,8484,-2000,-13724,64,-232,347,998355
2026-05-19 20:10:19,esterno,2376,10040,12300,-256,-24,22,340922
2026-05-19 20:10:19,lombar,8532,-1956,-13712,135,-203,347,998377
2026-05-19 20:10:19,esterno,2320,9960,12204,-262,139,-38,340944
2026-05-19 20:10:19,lombar,8436,-1928,-13724,105,-278,387,998399
2026-05-19 20:10:19,esterno,2132,10044,12232,-469,120,-15,340966
2026-05-19 20:10:19,lombar,8560,-2032,-13744,70,-261,396,998421
2026-05-19 20:10:19,esterno,2060,10020,12120,-297,-88,50,340988
2026-05-19 20:10:19,lombar,8424,-2052,-13656,105,-271,352,998443
2026-05-19 20:10:19,esterno,2256,10164,12200,-358,-135,96,341010
2026-05-19 20:10:19,lombar,8552,-2008,-13628,105,-257,329,998465
2026-05-19 20:10:19,esterno,2212,10176,12176,-595,-143,151,341032
2026-05-19 20:10:19,lombar,8456,-2100,-13668,86,-290,310,998487
2026-05-19 20:10:19,esterno,2148,10056,11920,-781,-12,249,341054
2026-05-19 20:10:19,lombar,8568,-1908,-13620,104,-268,325,998509
2026-05-19 20:10:19,esterno,2308,10108,11976,-1155,186,425,341076
2026-05-19 20:10:19,lombar,8456,-2048,-13672,144,-316,345,998531
2026-05-19 20:10:19,esterno,2308,9920,11920,-1365,412,456,341098
2026-05-19 20:10:19,lombar,8420,-1924,-13604,134,-364,324,998553
2026-05-19 20:10:19,esterno,2332,9768,11796,-1539,339,293,341120
2026-05-19 20:10:19,lombar,8412,-2040,-13552,12,-376,370,998575
2026-05-19 20:10:19,esterno,2428,9232,11664,-1428,217,54,341142
2026-05-19 20:10:19,esterno,2720,9032,12432,-771,337,-68,341164
2026-05-19 20:10:19,lombar,8460,-1964,-13560,49,-407,365,998597
2026-05-19 20:10:19,lombar,8552,-1920,-13756,57,-437,386,998619
2026-05-19 20:10:19,esterno,2504,9416,12420,-335,522,-184,341186
2026-05-19 20:10:19,lombar,8560,-1876,-13672,-5,-362,405,998641
2026-05-19 20:10:19,esterno,2036,9784,12420,-251,388,-287,341208
2026-05-19 20:10:19,lombar,8596,-1964,-13832,6,-370,402,998663
2026-05-19 20:10:19,esterno,1908,9960,12600,75,213,-194,341230
2026-05-19 20:10:19,lombar,8424,-1888,-13580,14,-325,442,998685
2026-05-19 20:10:19,esterno,2096,9912,12572,325,60,-136,341252
2026-05-19 20:10:19,lombar,8368,-2044,-13820,1,-226,444,998707
2026-05-19 20:10:19,esterno,2184,10120,12220,120,72,-59,341274
2026-05-19 20:10:19,lombar,8356,-2048,-13884,113,-271,360,998729
2026-05-19 20:10:19,esterno,1872,10016,11816,113,675,-44,341296
2026-05-19 20:10:19,esterno,2232,9804,12676,223,-143,71,341318
2026-05-19 20:10:19,lombar,8528,-1828,-13780,172,-205,462,998751
2026-05-19 20:10:19,lombar,8436,-2048,-13552,6,-293,626,998773
2026-05-19 20:10:19,esterno,2172,9908,12508,-396,-352,125,341340
2026-05-19 20:10:19,lombar,8356,-1916,-13636,-80,-148,506,998795
2026-05-19 20:10:19,esterno,1944,9756,11816,-517,-600,357,341362
2026-05-19 20:10:19,lombar,8500,-1944,-13832,-277,-169,532,998817
2026-05-19 20:10:19,esterno,1932,9880,12376,-268,-464,458,341384
2026-05-19 20:10:19,lombar,8496,-2096,-13780,-306,-293,471,998839
2026-05-19 20:10:19,esterno,2296,9952,12448,-183,-119,571,341406
2026-05-19 20:10:19,lombar,8464,-2180,-13924,-100,-259,392,998861
2026-05-19 20:10:19,esterno,2408,9836,12124,-287,252,440,341428
2026-05-19 20:10:19,lombar,8368,-2308,-13728,-24,-315,241,998883
2026-05-19 20:10:19,esterno,2388,9692,12312,-212,426,174,341450
2026-05-19 20:10:19,lombar,8368,-2036,-13812,65,-332,185,998905
2026-05-19 20:10:19,esterno,2424,9448,12060,-47,568,-14,341472
2026-05-19 20:10:19,esterno,2420,9316,12328,41,729,-155,341494
2026-05-19 20:10:19,esterno,2136,9464,12712,-1,687,-249,341516
2026-05-19 20:10:19,lombar,8424,-2076,-13784,139,-212,162,998927
2026-05-19 20:10:19,lombar,8636,-1992,-13608,160,-234,113,998949
2026-05-19 20:10:20,esterno,1876,9848,12976,190,360,-276,341538
2026-05-19 20:10:20,lombar,8476,-1940,-13644,223,-270,109,998971
2026-05-19 20:10:20,esterno,1864,10072,12600,265,28,-164,341560
2026-05-19 20:10:20,esterno,2028,9980,12476,239,-53,56,341582
2026-05-19 20:10:20,lombar,8388,-1824,-13588,139,-263,178,998993
2026-05-19 20:10:20,lombar,8476,-1752,-13624,127,-153,227,999015
2026-05-19 20:10:20,lombar,8444,-1828,-13620,121,-265,308,999037
2026-05-19 20:10:20,esterno,2400,9916,12276,52,-69,142,341604
2026-05-19 20:10:20,lombar,8340,-2012,-13544,61,-285,342,999059
2026-05-19 20:10:20,esterno,2660,9824,11960,-232,-153,96,341626
2026-05-19 20:10:20,lombar,8548,-1936,-13576,121,-306,393,999081
2026-05-19 20:10:20,esterno,2996,9752,12092,-141,58,-51,341648
2026-05-19 20:10:20,lombar,8612,-1808,-13456,155,-305,397,999103
2026-05-19 20:10:20,esterno,2924,9688,12044,-406,297,-105,341670
2026-05-19 20:10:20,lombar,8412,-1816,-13540,142,-397,445,999125
2026-05-19 20:10:20,esterno,2364,9636,11976,-587,112,-165,341692
2026-05-19 20:10:20,lombar,8468,-1888,-13700,96,-328,563,999147
2026-05-19 20:10:20,esterno,1876,9772,12288,-592,-249,-151,341714
2026-05-19 20:10:20,lombar,8540,-1784,-13812,22,-361,606,999169
2026-05-19 20:10:20,esterno,2052,10024,12428,-568,-392,20,341736
2026-05-19 20:10:20,lombar,8564,-1872,-13692,55,-340,660,999191
2026-05-19 20:10:20,esterno,2532,10052,12544,-549,-376,68,341758
2026-05-19 20:10:20,lombar,8376,-2000,-13820,-60,-228,599,999213
2026-05-19 20:10:20,esterno,2612,9968,12580,-326,-412,58,341780
2026-05-19 20:10:20,lombar,8428,-2076,-13784,-30,-256,557,999235
2026-05-19 20:10:20,esterno,2464,9776,12676,-271,-283,20,341802
2026-05-19 20:10:20,lombar,8440,-2192,-13732,23,-209,533,999257
2026-05-19 20:10:20,esterno,2340,9576,12336,-251,-146,75,341824
2026-05-19 20:10:20,esterno,2104,9492,12260,-332,48,188,341846
2026-05-19 20:10:20,lombar,8392,-2232,-13788,-8,-225,450,999279
2026-05-19 20:10:20,lombar,8388,-2288,-14016,13,-216,405,999301
2026-05-19 20:10:20,esterno,2072,9496,12408,-276,196,396,341868
2026-05-19 20:10:20,lombar,8444,-2156,-13576,34,-221,279,999323
2026-05-19 20:10:20,esterno,2124,9784,12348,-262,224,580,341890
2026-05-19 20:10:20,lombar,8504,-2064,-13676,109,-252,207,999345
2026-05-19 20:10:20,esterno,2120,9792,12108,-380,275,499,341912
2026-05-19 20:10:20,lombar,8560,-1968,-13648,152,-242,224,999367
2026-05-19 20:10:20,esterno,2472,9632,12160,-261,395,275,341934
2026-05-19 20:10:20,lombar,8560,-2072,-13696,146,-277,212,999389
2026-05-19 20:10:20,esterno,2688,9808,12400,-262,447,211,341956
2026-05-19 20:10:20,lombar,8420,-1940,-13796,181,-252,158,999411
2026-05-19 20:10:20,esterno,2616,9860,12220,-490,610,186,341978
2026-05-19 20:10:20,lombar,8520,-1944,-13684,223,-263,198,999433
2026-05-19 20:10:20,esterno,2324,9644,12120,-528,655,143,342000
2026-05-19 20:10:20,lombar,8568,-1828,-13632,219,-290,197,999455
2026-05-19 20:10:20,esterno,2092,9696,12780,-533,1017,17,342022
2026-05-19 20:10:20,lombar,8504,-1848,-13476,163,-272,389,999477
2026-05-19 20:10:20,esterno,2384,9704,12616,-617,290,40,342044
2026-05-19 20:10:20,lombar,8548,-1952,-13740,39,-267,312,999499
2026-05-19 20:10:20,esterno,2420,9568,12312,-982,55,207,342066
2026-05-19 20:10:20,lombar,8400,-2004,-13832,143,-273,396,999521
2026-05-19 20:10:20,esterno,2476,9252,11940,-683,18,243,342088
2026-05-19 20:10:20,lombar,8532,-2100,-13680,84,-314,402,999543
2026-05-19 20:10:20,esterno,2624,9240,12468,-311,100,60,342110
2026-05-19 20:10:20,lombar,8484,-1960,-13776,164,-249,338,999565
2026-05-19 20:10:20,esterno,2640,9304,12424,-326,414,-215,342132
2026-05-19 20:10:20,lombar,8544,-2044,-13772,204,-194,393,999587
2026-05-19 20:10:20,esterno,2460,9484,12784,-334,555,-282,342154
2026-05-19 20:10:20,lombar,8376,-1952,-13464,142,-201,343,999609
2026-05-19 20:10:20,esterno,2244,9520,12576,-62,441,-255,342176
2026-05-19 20:10:20,lombar,8472,-2032,-13768,90,-186,396,999631
2026-05-19 20:10:20,esterno,2192,9492,12476,215,379,-183,342198
2026-05-19 20:10:20,esterno,2192,9484,12352,172,423,-91,342220
2026-05-19 20:10:20,lombar,8464,-2064,-13708,45,-109,386,999653
2026-05-19 20:10:20,lombar,8488,-2280,-13736,47,-104,273,999675
2026-05-19 20:10:20,esterno,1996,9264,12384,158,466,-38,342242
2026-05-19 20:10:20,lombar,8460,-2268,-13720,142,-134,146,999697
2026-05-19 20:10:20,esterno,2132,9456,12616,217,503,-34,342264
2026-05-19 20:10:20,lombar,8544,-2048,-13584,229,-160,64,999719
2026-05-19 20:10:20,esterno,2028,9780,12208,83,636,-70,342286
2026-05-19 20:10:20,lombar,8492,-1852,-13508,294,-195,94,999741
2026-05-19 20:10:20,esterno,2156,9820,12464,73,561,-172,342308
2026-05-19 20:10:20,lombar,8488,-1892,-13512,249,-253,119,999763
2026-05-19 20:10:20,esterno,2200,9700,12220,20,427,-215,342330
2026-05-19 20:10:20,esterno,2112,9720,12368,21,83,-146,342352
2026-05-19 20:10:20,lombar,8580,-2000,-13356,182,-297,135,999785
2026-05-19 20:10:20,lombar,8536,-1908,-13440,208,-341,188,999807
2026-05-19 20:10:20,esterno,2084,9768,12300,-71,200,105,342374
2026-05-19 20:10:20,esterno,2368,9692,12472,-311,196,218,342396
2026-05-19 20:10:20,lombar,8456,-1832,-13536,137,-405,208,999829
2026-05-19 20:10:20,lombar,8600,-1872,-13532,130,-413,362,999851
2026-05-19 20:10:20,esterno,2572,9600,12524,-317,69,150,342418
2026-05-19 20:10:20,lombar,8396,-1956,-13712,127,-459,403,999873
2026-05-19 20:10:20,esterno,2728,9628,12420,-359,-36,16,342440
2026-05-19 20:10:20,lombar,8320,-1924,-13596,-3,-388,426,999895
2026-05-19 20:10:20,esterno,2636,9528,12512,-374,108,-36,342462
2026-05-19 20:10:20,lombar,8372,-1812,-13636,-77,-365,508,999917
2026-05-19 20:10:20,esterno,2672,9384,12672,-218,226,173,342484
2026-05-19 20:10:20,lombar,8468,-1956,-14044,-10,-325,532,999939
2026-05-19 20:10:20,esterno,2736,9256,12840,-52,198,289,342506
2026-05-19 20:10:21,lombar,8480,-1920,-13916,34,-283,543,999961
2026-05-19 20:10:21,esterno,2352,9424,12864,-57,80,299,342528
2026-05-19 20:10:21,lombar,8452,-2080,-13748,10,-226,549,999983
2026-05-19 20:10:21,esterno,1924,9440,12664,27,48,145,342550
2026-05-19 20:10:21,lombar,8388,-2124,-13764,-75,-158,613,1000005
2026-05-19 20:10:21,esterno,1912,9512,12656,224,25,202,342572
2026-05-19 20:10:21,lombar,8444,-2032,-13764,-51,-142,566,1000027
2026-05-19 20:10:21,esterno,1964,9560,12652,338,-2,257,342594
2026-05-19 20:10:21,lombar,8492,-2100,-13760,-20,-157,497,1000049
2026-05-19 20:10:21,esterno,2012,9620,12288,363,-14,172,342616
2026-05-19 20:10:21,lombar,8560,-2288,-13460,-22,-205,412,1000071
2026-05-19 20:10:21,esterno,1924,9616,11948,443,129,-123,342638
2026-05-19 20:10:21,lombar,8492,-2156,-13560,-24,-261,398,1000093
2026-05-19 20:10:21,esterno,2032,9664,12060,595,168,-343,342660
2026-05-19 20:10:21,lombar,8500,-2072,-13512,81,-273,261,1000115
2026-05-19 20:10:21,esterno,2096,9636,12344,596,317,-381,342682
2026-05-19 20:10:21,lombar,8440,-2120,-13468,192,-332,200,1000137
2026-05-19 20:10:21,esterno,2044,9808,12124,480,281,-356,342704
2026-05-19 20:10:21,lombar,8592,-1964,-13496,259,-411,99,1000159
2026-05-19 20:10:21,esterno,2212,9840,11628,713,573,-406,342726
2026-05-19 20:10:21,lombar,8412,-1972,-13576,266,-398,200,1000181
2026-05-19 20:10:21,esterno,2240,9964,12432,683,359,-291,342748
2026-05-19 20:10:21,lombar,8460,-1852,-13520,240,-410,221,1000203
2026-05-19 20:10:21,esterno,2080,10116,12448,417,189,-33,342770
2026-05-19 20:10:21,lombar,8380,-1988,-13680,191,-446,226,1000225
2026-05-19 20:10:21,esterno,2072,9884,12096,83,-278,232,342792
2026-05-19 20:10:21,lombar,8596,-1960,-13888,148,-464,218,1000247
2026-05-19 20:10:21,esterno,2056,9688,12024,306,136,196,342814
2026-05-19 20:10:21,lombar,8468,-2036,-13824,166,-358,270,1000269
2026-05-19 20:10:21,esterno,2380,9796,12148,482,302,102,342836
2026-05-19 20:10:21,lombar,8536,-1976,-13908,150,-349,294,1000291
2026-05-19 20:10:21,esterno,2504,9880,12040,310,719,-8,342858
2026-05-19 20:10:21,lombar,8468,-2060,-13508,162,-375,266,1000313
2026-05-19 20:10:21,esterno,2608,9708,12004,268,1137,-96,342880
2026-05-19 20:10:21,lombar,8452,-2128,-13680,128,-396,273,1000335
2026-05-19 20:10:21,esterno,2260,9856,12256,508,1237,-318,342902
2026-05-19 20:10:21,lombar,8340,-2032,-13632,274,-413,298,1000357
2026-05-19 20:10:21,esterno,1828,9896,12444,405,1186,-280,342924
2026-05-19 20:10:21,lombar,8404,-2068,-13600,343,-381,371,1000379
2026-05-19 20:10:21,esterno,1660,9636,12516,240,796,-358,342946
2026-05-19 20:10:21,lombar,8032,-2128,-13116,248,-564,457,1000401
2026-05-19 20:10:21,esterno,1700,9616,12388,362,349,-480,342968
2026-05-19 20:10:21,lombar,8424,-2128,-13528,123,-330,479,1000423
2026-05-19 20:10:21,esterno,1780,10004,12360,466,78,-462,342990
