timestamp,node,ax,ay,az,gx,gy,gz,t_ms
2026-05-19 20:10:48,lombar,8436,-2092,-13696,17,-353,256,1027175
2026-05-19 20:10:48,esterno,2948,9740,11920,-338,96,185,369742
2026-05-19 20:10:48,lombar,8416,-2028,-13792,80,-362,264,1027197
2026-05-19 20:10:48,esterno,2644,10108,12004,-307,351,36,369764
2026-05-19 20:10:48,lombar,8368,-2020,-13940,70,-320,287,1027219
2026-05-19 20:10:48,esterno,2296,10360,12060,-65,725,-14,369786
2026-05-19 20:10:48,lombar,8420,-1968,-13588,75,-280,301,1027241
2026-05-19 20:10:48,esterno,2424,10304,12960,-67,114,121,369808
2026-05-19 20:10:48,lombar,8384,-1996,-13548,77,-273,305,1027263
2026-05-19 20:10:48,esterno,2304,10004,12264,-335,-177,204,369830
2026-05-19 20:10:48,lombar,8484,-1932,-13708,154,-253,367,1027285
2026-05-19 20:10:48,esterno,2380,9748,11692,-322,-238,110,369852
2026-05-19 20:10:48,lombar,8500,-1964,-13708,76,-221,356,1027307
2026-05-19 20:10:48,esterno,2528,9852,11848,-156,-72,18,369874
2026-05-19 20:10:48,lombar,8512,-2036,-13760,50,-232,370,1027329
2026-05-19 20:10:48,esterno,2704,10088,11792,18,155,7,369896
2026-05-19 20:10:48,lombar,8508,-1984,-13512,135,-203,413,1027351
2026-05-19 20:10:48,esterno,2336,10240,11980,-79,388,-2,369918
2026-05-19 20:10:48,lombar,8488,-2128,-13580,71,-289,356,1027373
2026-05-19 20:10:48,esterno,2108,10180,12044,-157,371,-96,369940
2026-05-19 20:10:48,lombar,8452,-2096,-13760,144,-303,365,1027395
2026-05-19 20:10:48,esterno,2156,10264,12100,53,257,-185,369962
2026-05-19 20:10:48,lombar,8336,-1908,-13592,170,-306,322,1027417
2026-05-19 20:10:48,esterno,2304,10160,11968,-12,95,-62,369984
2026-05-19 20:10:48,lombar,8352,-2064,-13632,65,-358,367,1027439
2026-05-19 20:10:48,esterno,2392,10024,11952,-235,2,71,370006
2026-05-19 20:10:48,lombar,8372,-2204,-13560,26,-356,317,1027461
2026-05-19 20:10:48,esterno,2452,10108,11932,-324,58,152,370028
2026-05-19 20:10:48,lombar,8396,-2008,-13716,8,-414,295,1027483
2026-05-19 20:10:48,esterno,2580,9972,12124,-282,186,115,370050
2026-05-19 20:10:48,lombar,8420,-2108,-13712,75,-347,282,1027505
2026-05-19 20:10:48,esterno,2572,10092,12368,-236,300,31,370072
2026-05-19 20:10:48,lombar,8504,-1948,-13724,195,-359,253,1027527
2026-05-19 20:10:48,esterno,2472,10000,12316,-228,274,-11,370094
2026-05-19 20:10:48,lombar,8364,-1980,-13724,189,-323,253,1027549
2026-05-19 20:10:48,esterno,2556,10020,12176,-256,121,58,370116
2026-05-19 20:10:48,lombar,8372,-1960,-13956,161,-272,320,1027571
2026-05-19 20:10:48,esterno,2680,10040,12216,-240,165,78,370138
2026-05-19 20:10:48,lombar,8444,-1912,-13808,188,-206,341,1027593
2026-05-19 20:10:48,esterno,2640,9932,12080,-270,226,64,370160
2026-05-19 20:10:48,lombar,8384,-1976,-13752,110,-232,373,1027615
2026-05-19 20:10:48,esterno,2476,10008,11976,-168,108,10,370182
2026-05-19 20:10:48,lombar,8388,-1936,-13680,101,-203,338,1027637
2026-05-19 20:10:48,esterno,2336,9988,12108,-145,-75,2,370204
2026-05-19 20:10:48,lombar,8440,-2020,-13552,87,-230,340,1027659
2026-05-19 20:10:48,esterno,2452,9964,12052,-257,-139,-65,370226
2026-05-19 20:10:48,lombar,8452,-2036,-13668,27,-218,344,1027681
2026-05-19 20:10:48,esterno,2572,9884,11860,-244,-79,-68,370248
2026-05-19 20:10:48,lombar,8460,-2084,-13676,24,-174,367,1027703
2026-05-19 20:10:48,esterno,2336,9888,12216,-91,18,36,370270
2026-05-19 20:10:48,lombar,8488,-2060,-13904,58,-187,239,1027725
2026-05-19 20:10:48,esterno,2212,10004,12268,-17,85,198,370292
2026-05-19 20:10:48,lombar,8536,-2000,-13836,97,-201,322,1027747
2026-05-19 20:10:48,esterno,2272,10472,12104,9,53,296,370314
2026-05-19 20:10:48,lombar,8520,-1900,-13868,101,-204,318,1027769
2026-05-19 20:10:48,esterno,2660,10400,11916,-157,30,191,370336
2026-05-19 20:10:48,lombar,8588,-1944,-13320,107,-280,419,1027791
2026-05-19 20:10:48,esterno,2904,10124,11732,-276,88,60,370358
2026-05-19 20:10:48,lombar,8504,-1756,-13480,99,-278,392,1027813
2026-05-19 20:10:48,esterno,2824,9932,11560,-305,201,107,370380
2026-05-19 20:10:48,lombar,8484,-1872,-13464,120,-318,504,1027835
2026-05-19 20:10:48,esterno,2908,9872,11516,-356,471,160,370402
2026-05-19 20:10:48,lombar,8456,-1864,-13720,72,-385,496,1027857
2026-05-19 20:10:48,esterno,2724,10164,11808,-473,501,238,370424
2026-05-19 20:10:48,lombar,8352,-1788,-13424,103,-1035,503,1027879
2026-05-19 20:10:48,esterno,2744,10368,12192,-302,394,568,370446
2026-05-19 20:10:48,esterno,2528,10248,12320,-912,373,596,370468
2026-05-19 20:10:48,lombar,8588,-1880,-13848,119,-881,540,1027901
2026-05-19 20:10:48,lombar,8368,-2008,-14176,230,240,505,1027923
2026-05-19 20:10:48,esterno,2212,9664,12172,-303,-36,593,370490
2026-05-19 20:10:48,lombar,8268,-1896,-13572,-61,-452,462,1027945
2026-05-19 20:10:48,esterno,1720,9560,11840,930,-325,515,370512
2026-05-19 20:10:49,lombar,8488,-1932,-13804,-433,-531,782,1027967
2026-05-19 20:10:49,esterno,1824,10248,13280,21,-990,503,370534
2026-05-19 20:10:49,lombar,8328,-2888,-14028,81,-86,715,1027989
2026-05-19 20:10:49,esterno,2244,9972,12440,-504,-922,422,370556
2026-05-19 20:10:49,lombar,8168,-2960,-14116,206,-352,255,1028011
2026-05-19 20:10:49,esterno,2928,9808,11980,-217,-657,243,370578
2026-05-19 20:10:49,lombar,8212,-2220,-14316,-103,-313,40,1028033
2026-05-19 20:10:49,esterno,2688,9892,11836,183,109,206,370600
2026-05-19 20:10:49,lombar,8268,-1928,-13392,151,-73,39,1028055
2026-05-19 20:10:49,esterno,2872,9664,11996,-227,748,72,370622
2026-05-19 20:10:49,lombar,8576,-2016,-13520,265,-149,58,1028077
2026-05-19 20:10:49,esterno,2868,9720,11840,-256,1059,-60,370644
2026-05-19 20:10:49,lombar,8472,-1572,-13984,-47,-390,82,1028099
2026-05-19 20:10:49,esterno,2816,9392,11904,332,933,-130,370666
2026-05-19 20:10:49,lombar,8332,-1532,-13924,-170,-313,349,1028121
2026-05-19 20:10:49,esterno,2628,10084,11772,347,813,-151,370688
2026-05-19 20:10:49,lombar,8568,-1900,-13592,-19,-199,388,1028143
2026-05-19 20:10:49,esterno,2804,10412,12052,141,505,-137,370710
2026-05-19 20:10:49,esterno,3004,10440,12172,-92,325,-39,370732
2026-05-19 20:10:49,lombar,8584,-1952,-13324,43,-321,391,1028165
2026-05-19 20:10:49,esterno,3080,10104,12332,-153,282,125,370754
2026-05-19 20:10:49,lombar,8376,-1900,-13548,28,-487,416,1028187
2026-05-19 20:10:49,lombar,8428,-1968,-13924,24,-335,406,1028209
2026-05-19 20:10:49,esterno,2860,9900,12076,-224,363,125,370776
2026-05-19 20:10:49,lombar,8444,-2068,-13916,147,-414,361,1028231
2026-05-19 20:10:49,esterno,2476,9972,12252,-181,626,40,370798
2026-05-19 20:10:49,lombar,8452,-2064,-13888,333,-747,297,1028253
2026-05-19 20:10:49,esterno,2312,10056,12228,-155,431,-249,370820
2026-05-19 20:10:49,lombar,8520,-2040,-14152,325,-471,181,1028275
2026-05-19 20:10:49,esterno,2264,10044,12116,-145,406,-373,370842
2026-05-19 20:10:49,lombar,8212,-1900,-13576,236,-492,246,1028297
2026-05-19 20:10:49,esterno,2764,10200,12212,-1,469,-257,370864
2026-05-19 20:10:49,lombar,8280,-1940,-14012,185,-369,298,1028319
2026-05-19 20:10:49,esterno,2840,9984,12104,-143,657,32,370886
2026-05-19 20:10:49,lombar,8376,-2048,-14020,199,-340,359,1028341
2026-05-19 20:10:49,esterno,2716,10060,12484,-366,676,-31,370908
2026-05-19 20:10:49,lombar,8268,-2032,-14228,628,-209,337,1028363
2026-05-19 20:10:49,esterno,2808,10088,12408,-44,608,-159,370930
2026-05-19 20:10:49,lombar,8352,-2088,-13708,950,-182,406,1028385
2026-05-19 20:10:49,esterno,2496,10360,12204,205,596,-94,370952
2026-05-19 20:10:49,esterno,2400,10288,12012,491,776,243,370974
2026-05-19 20:10:49,lombar,8316,-1944,-13316,576,-149,393,1028407
2026-05-19 20:10:49,lombar,8344,-2004,-13856,436,-39,435,1028429
2026-05-19 20:10:49,esterno,2416,10128,12116,617,557,550,370996
2026-05-19 20:10:49,lombar,8216,-1808,-14408,1182,-73,455,1028451
2026-05-19 20:10:49,esterno,2260,9912,12008,777,147,703,371018
2026-05-19 20:10:49,lombar,8336,-1868,-13736,1639,-121,460,1028473
2026-05-19 20:10:49,esterno,2152,10100,12632,1176,-303,730,371040
2026-05-19 20:10:49,lombar,8476,-2168,-12848,419,-215,391,1028495
2026-05-19 20:10:49,esterno,2012,10348,12396,1275,-596,903,371062
2026-05-19 20:10:49,lombar,8264,-2144,-13720,-321,-78,213,1028517
2026-05-19 20:10:49,esterno,1928,10828,12300,1373,-1064,1547,371084
2026-05-19 20:10:49,lombar,8444,-2168,-14112,-384,166,100,1028539
2026-05-19 20:10:49,esterno,1800,10588,11896,1127,-1385,2112,371106
2026-05-19 20:10:49,lombar,8500,-2168,-14172,-425,301,-14,1028561
2026-05-19 20:10:49,esterno,1932,10352,12384,990,-1446,1717,371128
2026-05-19 20:10:49,lombar,8508,-2104,-13484,-451,234,-249,1028583
2026-05-19 20:10:49,esterno,2076,11000,12596,1155,-1618,1391,371150
2026-05-19 20:10:49,lombar,8636,-2100,-13048,-704,29,-349,1028605
2026-05-19 20:10:49,esterno,2036,10740,11912,1271,-1144,1677,371172
2026-05-19 20:10:49,lombar,8476,-2368,-13208,-747,-151,-423,1028627
2026-05-19 20:10:49,esterno,2312,10348,12092,930,-750,2159,371194
2026-05-19 20:10:49,lombar,8368,-2812,-12756,-801,-222,-521,1028649
2026-05-19 20:10:49,esterno,2180,9520,11980,136,-1143,2569,371216
2026-05-19 20:10:49,lombar,8556,-2800,-13268,-782,217,-838,1028671
2026-05-19 20:10:49,esterno,1808,9208,11032,337,-1124,2659,371238
2026-05-19 20:10:49,lombar,8772,-2540,-13444,-1040,425,-1084,1028693
2026-05-19 20:10:49,esterno,2368,9904,11468,1957,-1699,2368,371260
2026-05-19 20:10:49,lombar,8896,-2240,-13496,-1259,422,-1422,1028715
2026-05-19 20:10:49,esterno,3252,10468,12124,2965,-1618,2696,371282
2026-05-19 20:10:49,lombar,9056,-2172,-13716,-829,919,-1500,1028737
2026-05-19 20:10:49,esterno,3184,10368,12856,1789,-1398,2968,371304
2026-05-19 20:10:49,lombar,9076,-2672,-13992,-339,1925,-1844,1028759
2026-05-19 20:10:49,esterno,3312,9788,11164,1141,-1195,2350,371326
2026-05-19 20:10:49,lombar,9044,-1980,-14664,-704,2489,-2191,1028781
2026-05-19 20:10:49,esterno,3992,10328,10228,3388,-832,2001,371348
2026-05-19 20:10:49,lombar,9260,-1352,-14804,-758,2538,-2085,1028803
2026-05-19 20:10:49,esterno,4892,10792,12368,4666,-894,2154,371370
2026-05-19 20:10:49,lombar,9532,-1292,-14724,-525,2721,-2013,1028825
2026-05-19 20:10:49,esterno,5736,10640,12852,3300,-1226,1925,371392
2026-05-19 20:10:49,lombar,9332,-720,-14632,-371,3119,-1819,1028847
2026-05-19 20:10:49,esterno,6244,10612,10776,2551,-743,1175,371414
2026-05-19 20:10:49,lombar,9224,-916,-13632,-432,3700,-1687,1028869
2026-05-19 20:10:49,esterno,6784,10272,11300,2809,-352,1010,371436
2026-05-19 20:10:49,lombar,9656,-588,-13420,-585,4527,-2122,1028891
2026-05-19 20:10:49,esterno,5900,9584,9452,3876,523,990,371458
2026-05-19 20:10:49,lombar,9800,-544,-13856,-620,5362,-2345,1028913
2026-05-19 20:10:49,esterno,5016,10656,9288,5126,1579,1193,371480
2026-05-19 20:10:49,lombar,9948,-756,-13840,-198,4844,-2179,1028935
2026-05-19 20:10:49,esterno,5564,12068,10816,4709,1281,1844,371502
2026-05-19 20:10:49,lombar,10164,-964,-12664,-239,3731,-1849,1028957
2026-05-19 20:10:49,esterno,6280,11952,9920,3831,1447,2360,371524
2026-05-19 20:10:50,lombar,10336,-1064,-12660,-563,3790,-2092,1028979
2026-05-19 20:10:50,esterno,5468,12064,8824,3961,1472,2041,371546
2026-05-19 20:10:50,lombar,10240,-944,-12092,-206,3868,-2149,1029001
2026-05-19 20:10:50,esterno,4076,12768,8768,3627,1693,945,371568
2026-05-19 20:10:50,lombar,10080,-528,-12120,215,3307,-1618,1029023
2026-05-19 20:10:50,esterno,3668,13404,8344,2189,1624,847,371590
2026-05-19 20:10:50,lombar,9836,-476,-11460,131,1823,-1410,1029045
2026-05-19 20:10:50,esterno,3232,12612,8660,1156,1699,1040,371612
2026-05-19 20:10:50,lombar,9784,-544,-9832,-451,-338,-1253,1029067
2026-05-19 20:10:50,esterno,3392,11388,7320,1028,1894,1194,371634
2026-05-19 20:10:50,lombar,9636,-804,-10496,-900,-596,-1289,1029089
2026-05-19 20:10:50,esterno,3600,11504,7028,772,1972,1133,371656
2026-05-19 20:10:50,lombar,9484,-1112,-10316,-215,-233,-1302,1029111
2026-05-19 20:10:50,esterno,3756,11652,7304,17,2549,490,371678
2026-05-19 20:10:50,lombar,10308,-688,-10840,290,-1080,-1331,1029133
2026-05-19 20:10:50,esterno,4272,11772,7356,-848,2667,-66,371700
2026-05-19 20:10:50,lombar,10840,-28,-11192,435,-1486,-993,1029155
2026-05-19 20:10:50,esterno,4400,11840,8320,-1457,2343,-354,371722
2026-05-19 20:10:50,lombar,10732,-36,-12136,1062,-1918,-462,1029177
2026-05-19 20:10:50,esterno,4732,11948,9696,-1847,2112,-834,371744
2026-05-19 20:10:50,lombar,10600,184,-12076,1573,-2539,-45,1029199
2026-05-19 20:10:50,esterno,5136,12136,9216,-2137,2744,-1564,371766
2026-05-19 20:10:50,lombar,10416,12,-12260,1148,-2862,100,1029221
2026-05-19 20:10:50,esterno,5268,12596,9556,-3039,2337,-1698,371788
2026-05-19 20:10:50,lombar,9984,8,-12980,835,-2933,250,1029243
2026-05-19 20:10:50,esterno,5004,11624,10900,-3046,1359,-1828,371810
2026-05-19 20:10:50,lombar,10656,656,-13616,409,-2663,482,1029265
2026-05-19 20:10:50,esterno,4640,11476,11532,-3031,-321,-1741,371832
2026-05-19 20:10:50,lombar,10512,660,-13480,198,-1901,702,1029287
2026-05-19 20:10:50,esterno,4124,12444,12212,-2259,-961,-1338,371854
2026-05-19 20:10:50,lombar,10080,440,-13084,-392,-1944,756,1029309
2026-05-19 20:10:50,esterno,4124,11472,11096,-1481,-1920,-598,371876
2026-05-19 20:10:50,lombar,9948,204,-13192,-782,-2154,984,1029331
2026-05-19 20:10:50,esterno,4080,11300,10884,-1045,-2212,-244,371898
2026-05-19 20:10:50,lombar,9804,-76,-13748,-784,-1381,982,1029353
2026-05-19 20:10:50,esterno,4772,10924,10560,-1199,-2271,-321,371920
2026-05-19 20:10:50,lombar,9456,-576,-13148,-800,-1147,912,1029375
2026-05-19 20:10:50,esterno,5192,10988,10364,-726,-1614,-703,371942
2026-05-19 20:10:50,lombar,9844,-300,-12568,-780,-1574,836,1029397
2026-05-19 20:10:50,esterno,4776,11264,10328,-980,-1478,-447,371964
2026-05-19 20:10:50,lombar,10164,-128,-12416,-899,-1976,885,1029419
2026-05-19 20:10:50,esterno,3456,11376,10024,-1437,-1662,-366,371986
2026-05-19 20:10:50,lombar,10180,-448,-12352,-697,-2189,968,1029441
2026-05-19 20:10:50,esterno,3176,11464,9896,-1382,-1063,-472,372008
2026-05-19 20:10:50,lombar,10068,-720,-12788,-227,-1846,799,1029463
2026-05-19 20:10:50,esterno,3132,11272,9676,-1305,-983,-236,372030
2026-05-19 20:10:50,lombar,10028,-980,-12748,395,-1539,737,1029485
2026-05-19 20:10:50,esterno,3472,11084,9624,-989,-809,0,372052
2026-05-19 20:10:50,lombar,9972,-660,-12572,718,-1726,520,1029507
2026-05-19 20:10:50,esterno,4076,11700,9652,-701,-111,117,372074
2026-05-19 20:10:50,lombar,9956,-292,-12972,470,-1794,397,1029529
2026-05-19 20:10:50,esterno,4296,11740,9336,-845,899,258,372096
2026-05-19 20:10:50,lombar,9716,-316,-12868,118,-1693,424,1029551
2026-05-19 20:10:50,esterno,4252,11472,10144,-808,1646,323,372118
2026-05-19 20:10:50,lombar,9432,-792,-12928,-30,-1800,326,1029573
2026-05-19 20:10:50,esterno,4204,11532,10812,-918,1807,451,372140
2026-05-19 20:10:50,lombar,9492,-580,-13148,-26,-1446,222,1029595
2026-05-19 20:10:50,esterno,3700,11408,10948,-896,1779,407,372162
2026-05-19 20:10:50,lombar,9240,-300,-13352,-12,-1387,332,1029617
2026-05-19 20:10:50,esterno,3092,11344,11008,-1161,1330,557,372184
2026-05-19 20:10:50,lombar,9072,-392,-13132,-138,-1567,359,1029639
2026-05-19 20:10:50,esterno,3212,11044,10532,-1265,822,651,372206
2026-05-19 20:10:50,lombar,9296,-168,-13780,-379,-1463,379,1029661
2026-05-19 20:10:50,esterno,4108,10904,11160,-1451,496,626,372228
2026-05-19 20:10:50,lombar,9100,68,-13308,-204,-2065,497,1029683
2026-05-19 20:10:50,esterno,4240,10904,10612,-1454,856,490,372250
2026-05-19 20:10:50,lombar,9120,-60,-13556,37,-2100,636,1029705
2026-05-19 20:10:50,esterno,4264,10824,10360,-1876,1642,369,372272
2026-05-19 20:10:50,lombar,8704,40,-13588,101,-2053,641,1029727
2026-05-19 20:10:50,esterno,4552,10820,10744,-2310,1312,328,372294
2026-05-19 20:10:50,lombar,8872,80,-14604,353,-1903,676,1029749
2026-05-19 20:10:50,esterno,5052,10384,11624,-2071,951,13,372316
2026-05-19 20:10:50,lombar,8788,-208,-14028,438,-1811,775,1029771
2026-05-19 20:10:50,esterno,4868,10616,12032,-1502,572,-266,372338
2026-05-19 20:10:50,lombar,8848,-108,-13996,129,-1875,932,1029793
2026-05-19 20:10:50,esterno,3904,11228,11700,-1099,373,-275,372360
2026-05-19 20:10:50,lombar,8804,-332,-13588,-138,-1762,767,1029815
2026-05-19 20:10:50,esterno,3656,11308,11916,-1150,256,228,372382
2026-05-19 20:10:50,lombar,8800,-528,-13904,-28,-1559,684,1029837
2026-05-19 20:10:50,esterno,4260,10596,11888,-1175,117,493,372404
2026-05-19 20:10:50,lombar,8776,-528,-13700,260,-1145,582,1029859
2026-05-19 20:10:50,esterno,4516,9820,11408,-985,582,135,372426
2026-05-19 20:10:50,lombar,8744,-648,-13700,354,-842,485,1029881
2026-05-19 20:10:50,esterno,4288,9988,11596,-973,1394,-342,372448
2026-05-19 20:10:50,lombar,8716,-520,-13536,302,-746,447,1029903
2026-05-19 20:10:50,esterno,3880,10368,11184,-1216,1000,-253,372470
2026-05-19 20:10:50,lombar,8712,-404,-13836,152,-541,459,1029925
2026-05-19 20:10:50,esterno,3416,10332,11624,-723,1237,-427,372492
2026-05-19 20:10:50,lombar,8648,-432,-13620,-10,-478,383,1029947
2026-05-19 20:10:50,esterno,3612,10272,11808,-292,1524,-352,372514
2026-05-19 20:10:51,lombar,8608,-456,-13708,-17,-465,411,1029969
2026-05-19 20:10:51,esterno,3232,10044,11412,-407,1173,-222,372536
2026-05-19 20:10:51,lombar,8580,-372,-13952,-46,-431,536,1029991
2026-05-19 20:10:51,esterno,2976,10240,11668,-637,570,-262,372558
2026-05-19 20:10:51,lombar,8308,-560,-13812,57,-429,478,1030013
2026-05-19 20:10:51,esterno,3272,10512,10936,-790,800,-57,372580
2026-05-19 20:10:51,lombar,8184,-448,-13640,96,-690,361,1030035
2026-05-19 20:10:51,esterno,3808,10260,10932,-1408,1355,311,372602
2026-05-19 20:10:51,lombar,8280,-364,-13700,132,-706,373,1030057
2026-05-19 20:10:51,esterno,4004,9812,11600,-1089,1353,326,372624
2026-05-19 20:10:51,lombar,8456,-496,-14008,39,-751,371,1030079
2026-05-19 20:10:51,esterno,3880,10052,11260,-316,1782,37,372646
2026-05-19 20:10:51,lombar,8608,-332,-13828,59,-677,298,1030101
2026-05-19 20:10:51,esterno,2888,10516,11848,-503,1814,-150,372668
2026-05-19 20:10:51,lombar,8740,-300,-13560,-37,-711,324,1030123
2026-05-19 20:10:51,esterno,2176,10780,12148,-567,1175,-39,372690
2026-05-19 20:10:51,lombar,8636,-220,-13568,33,-543,355,1030145
2026-05-19 20:10:51,esterno,2072,10644,11752,-475,174,147,372712
2026-05-19 20:10:51,lombar,8512,-364,-13496,38,-511,394,1030167
2026-05-19 20:10:51,esterno,2704,10012,11624,-65,-173,132,372734
2026-05-19 20:10:51,lombar,8608,-404,-13960,-66,-467,422,1030189
2026-05-19 20:10:51,esterno,3780,10124,11860,-161,-288,70,372756
2026-05-19 20:10:51,lombar,8472,-260,-13864,-111,-451,406,1030211
2026-05-19 20:10:51,esterno,4316,10296,12204,-230,-447,-95,372778
2026-05-19 20:10:51,lombar,8424,-524,-13948,-129,-303,429,1030233
2026-05-19 20:10:51,esterno,4236,10560,11848,16,-510,-416,372800
2026-05-19 20:10:51,lombar,8320,-576,-14132,-29,-122,330,1030255
2026-05-19 20:10:51,esterno,3808,10768,12332,-72,-354,-543,372822
2026-05-19 20:10:51,lombar,8408,-332,-13996,293,-122,355,1030277
2026-05-19 20:10:51,esterno,4168,10760,12156,-507,85,-455,372844
2026-05-19 20:10:51,lombar,8296,-244,-13920,286,-72,294,1030299
2026-05-19 20:10:51,esterno,4484,10156,10956,-802,721,-152,372866
2026-05-19 20:10:51,lombar,8212,-480,-13944,33,-109,207,1030321
2026-05-19 20:10:51,esterno,4348,9900,11404,-856,1242,-227,372888
2026-05-19 20:10:51,lombar,8444,-392,-14072,161,192,142,1030343
2026-05-19 20:10:51,esterno,3144,10096,11912,-1026,1181,-290,372910
2026-05-19 20:10:51,lombar,8724,-192,-13648,205,327,190,1030365
2026-05-19 20:10:51,esterno,2288,10296,12392,-1056,618,-272,372932
2026-05-19 20:10:51,lombar,8704,-40,-13508,233,271,300,1030387
2026-05-19 20:10:51,esterno,2476,10104,12292,-794,-64,-146,372954
2026-05-19 20:10:51,lombar,8572,-260,-13152,362,-112,504,1030409
2026-05-19 20:10:51,esterno,3668,9012,11256,-243,-1,-188,372976
2026-05-19 20:10:51,lombar,8320,-344,-13048,12,-341,506,1030431
2026-05-19 20:10:51,esterno,4196,8628,11860,84,-641,-190,372998
2026-05-19 20:10:51,lombar,8348,120,-13188,-736,-163,488,1030453
2026-05-19 20:10:51,esterno,2624,10004,11200,729,-2136,183,373020
2026-05-19 20:10:51,lombar,8600,88,-13684,-820,-403,627,1030475
2026-05-19 20:10:51,esterno,1996,11884,11628,405,-2158,472,373042
2026-05-19 20:10:51,lombar,8644,-312,-14052,-1082,-488,633,1030497
2026-05-19 20:10:51,esterno,2812,12108,11112,-776,-2149,949,373064
2026-05-19 20:10:51,lombar,8672,-460,-13788,-927,-465,522,1030519
2026-05-19 20:10:51,esterno,4228,10808,11372,-951,-1471,644,373086
2026-05-19 20:10:51,lombar,8640,-776,-13716,-416,-303,423,1030541
2026-05-19 20:10:51,esterno,4812,10220,11216,-374,-894,12,373108
2026-05-19 20:10:51,lombar,8508,-880,-13624,-293,-406,291,1030563
2026-05-19 20:10:51,esterno,3928,9808,11624,-240,-615,-440,373130
2026-05-19 20:10:51,lombar,8420,-872,-13928,51,-509,182,1030585
2026-05-19 20:10:51,esterno,3240,9860,11504,-513,78,-495,373152
2026-05-19 20:10:51,lombar,8524,-452,-13820,437,-515,124,1030607
2026-05-19 20:10:51,esterno,3060,9876,11868,-1132,-248,-182,373174
2026-05-19 20:10:51,lombar,8404,-260,-13584,496,-642,184,1030629
2026-05-19 20:10:51,esterno,3180,10024,12052,-981,-668,-158,373196
2026-05-19 20:10:51,lombar,8352,-220,-13944,625,-645,176,1030651
2026-05-19 20:10:51,esterno,3612,10128,11496,-785,-708,-145,373218
2026-05-19 20:10:51,lombar,8380,-120,-14220,581,-553,240,1030673
2026-05-19 20:10:51,esterno,4172,10068,11844,-800,-209,-181,373240
2026-05-19 20:10:51,lombar,8440,56,-14140,372,-499,195,1030695
2026-05-19 20:10:51,esterno,4704,9992,12008,-329,108,-401,373262
2026-05-19 20:10:51,lombar,8456,16,-14180,501,-279,293,1030717
2026-05-19 20:10:51,esterno,4672,10044,11932,-221,685,-649,373284
2026-05-19 20:10:51,lombar,8468,-144,-13868,450,-125,371,1030739
2026-05-19 20:10:51,esterno,4332,10312,11896,-383,1156,-625,373306
2026-05-19 20:10:51,lombar,8500,-208,-13776,290,-127,332,1030761
2026-05-19 20:10:51,esterno,3640,10152,12124,-228,1184,-192,373328
2026-05-19 20:10:51,lombar,8488,-308,-14044,353,95,289,1030783
2026-05-19 20:10:51,esterno,2968,10196,12020,-248,795,334,373350
2026-05-19 20:10:51,lombar,8712,-364,-13772,352,264,278,1030805
2026-05-19 20:10:51,esterno,3220,10276,11700,-583,583,653,373372
2026-05-19 20:10:51,lombar,8640,-372,-13488,209,307,379,1030827
2026-05-19 20:10:51,esterno,3980,9960,12028,-440,590,588,373394
2026-05-19 20:10:51,lombar,8664,-260,-13368,110,394,351,1030849
2026-05-19 20:10:51,esterno,4404,9400,11440,-186,677,82,373416
2026-05-19 20:10:51,lombar,8644,-348,-13608,175,254,330,1030871
2026-05-19 20:10:51,esterno,4520,9516,11484,-517,1139,-640,373438
2026-05-19 20:10:51,lombar,8516,-208,-13524,203,135,442,1030893
2026-05-19 20:10:51,esterno,3824,9708,11468,-687,1219,-1218,373460
2026-05-19 20:10:51,lombar,8524,-104,-13476,182,-70,557,1030915
2026-05-19 20:10:51,esterno,3060,9928,11872,-379,889,-1401,373482
2026-05-19 20:10:51,lombar,8596,-336,-13712,123,-251,529,1030937
2026-05-19 20:10:51,esterno,3108,10304,12144,-269,307,-1051,373504
2026-05-19 20:10:52,lombar,8408,-256,-13788,145,-334,595,1030959
2026-05-19 20:10:52,esterno,3076,10336,12232,-672,46,-619,373526
2026-05-19 20:10:52,lombar,8512,-376,-13740,171,-433,627,1030981
2026-05-19 20:10:52,esterno,3176,10236,12076,-943,-326,-408,373548
2026-05-19 20:10:52,lombar,8412,-524,-13716,141,-507,677,1031003
2026-05-19 20:10:52,esterno,3432,10096,12036,-816,-598,-360,373570
2026-05-19 20:10:52,lombar,8480,-548,-13836,192,-548,607,1031025
2026-05-19 20:10:52,esterno,3664,10036,11892,-1020,-463,-265,373592
2026-05-19 20:10:52,lombar,8508,-692,-13784,271,-552,526,1031047
2026-05-19 20:10:52,esterno,3672,9880,11896,-1084,-126,-199,373614
2026-05-19 20:10:52,lombar,8488,-600,-13708,298,-543,453,1031069
2026-05-19 20:10:52,esterno,3668,9620,11828,-971,272,-309,373636
2026-05-19 20:10:52,lombar,8520,-524,-13556,357,-493,362,1031091
2026-05-19 20:10:52,esterno,3540,9700,12072,-913,629,-351,373658
2026-05-19 20:10:52,lombar,8416,-688,-13628,475,-474,258,1031113
2026-05-19 20:10:52,esterno,3312,9636,11932,-796,857,-247,373680
2026-05-19 20:10:52,esterno,3088,9684,12184,-686,921,-222,373702
2026-05-19 20:10:52,lombar,8660,-456,-13684,495,-335,198,1031135
2026-05-19 20:10:52,lombar,8560,-340,-13580,446,-396,229,1031157
2026-05-19 20:10:52,esterno,2948,9768,12184,-443,804,-282,373724
2026-05-19 20:10:52,lombar,8592,-448,-13600,332,-349,253,1031179
2026-05-19 20:10:52,esterno,2996,9800,12332,-225,625,-287,373746
2026-05-19 20:10:52,lombar,8572,-368,-13636,221,-368,226,1031201
2026-05-19 20:10:52,esterno,2908,9788,12512,-17,74,-184,373768
2026-05-19 20:10:52,lombar,8540,-488,-13728,107,-285,274,1031223
2026-05-19 20:10:52,esterno,2984,9788,12152,279,248,-11,373790
2026-05-19 20:10:52,lombar,8612,-344,-13768,65,-290,364,1031245
2026-05-19 20:10:52,esterno,3428,9828,12248,326,-174,127,373812
2026-05-19 20:10:52,lombar,8476,-508,-13840,-8,-297,315,1031267
2026-05-19 20:10:52,esterno,3340,9920,12364,-5,-300,154,373834
2026-05-19 20:10:52,lombar,8540,-616,-13832,66,-274,384,1031289
2026-05-19 20:10:52,esterno,3492,9740,11976,-200,-249,129,373856
2026-05-19 20:10:52,lombar,8428,-548,-13760,71,-197,303,1031311
2026-05-19 20:10:52,esterno,3512,9660,11836,-154,-27,7,373878
2026-05-19 20:10:52,lombar,8476,-636,-13788,7,-280,350,1031333
2026-05-19 20:10:52,esterno,3520,9676,11964,-67,281,-81,373900
2026-05-19 20:10:52,lombar,8548,-420,-14032,104,-193,371,1031355
2026-05-19 20:10:52,esterno,3256,9932,11964,-163,610,-165,373922
2026-05-19 20:10:52,lombar,8612,-404,-13536,82,-295,357,1031377
2026-05-19 20:10:52,esterno,3028,10004,12268,-131,509,-187,373944
2026-05-19 20:10:52,lombar,8364,-472,-13616,-24,-311,423,1031399
2026-05-19 20:10:52,esterno,3080,9944,12336,15,300,-119,373966
2026-05-19 20:10:52,lombar,8624,-468,-13660,20,-269,367,1031421
2026-05-19 20:10:52,esterno,3236,9860,11900,-40,283,2,373988
2026-05-19 20:10:52,lombar,8440,-444,-13596,75,-273,300,1031443
2026-05-19 20:10:52,esterno,3260,9816,11936,-116,266,44,374010
2026-05-19 20:10:52,lombar,8508,-544,-13820,99,-339,303,1031465
2026-05-19 20:10:52,esterno,3392,9764,12256,-183,117,24,374032
2026-05-19 20:10:52,lombar,8420,-420,-13504,92,-301,341,1031487
2026-05-19 20:10:52,esterno,3316,9700,11832,-180,93,-26,374054
2026-05-19 20:10:52,lombar,8544,-200,-13600,23,-243,342,1031509
2026-05-19 20:10:52,esterno,3412,9860,12144,-218,184,9,374076
2026-05-19 20:10:52,lombar,8648,-384,-13556,-13,-276,399,1031531
2026-05-19 20:10:52,esterno,3348,9736,11908,-131,262,35,374098
2026-05-19 20:10:52,lombar,8592,-460,-13744,-99,-287,461,1031553
2026-05-19 20:10:52,esterno,3312,9652,12236,-37,37,25,374120
2026-05-19 20:10:52,lombar,8500,-516,-13768,-62,-295,420,1031575
2026-05-19 20:10:52,esterno,3368,9864,12104,30,38,-21,374142
2026-05-19 20:10:52,lombar,8504,-472,-13884,-23,-285,490,1031597
2026-05-19 20:10:52,esterno,3276,9884,12172,15,48,-77,374164
2026-05-19 20:10:52,lombar,8516,-472,-13820,-94,-270,523,1031619
2026-05-19 20:10:52,esterno,3196,9908,12328,78,-141,-50,374186
2026-05-19 20:10:52,lombar,8444,-524,-13948,-75,-290,412,1031641
2026-05-19 20:10:52,esterno,3204,9828,12192,13,-240,-2,374208
2026-05-19 20:10:52,lombar,8372,-672,-13840,18,-312,367,1031663
2026-05-19 20:10:52,esterno,3304,9792,12032,-58,-42,-27,374230
2026-05-19 20:10:52,lombar,8356,-604,-13840,116,-280,350,1031685
2026-05-19 20:10:52,esterno,3204,9636,12080,-84,61,-133,374252
2026-05-19 20:10:52,lombar,8460,-604,-14056,176,-263,403,1031707
2026-05-19 20:10:52,esterno,3208,9736,12184,-163,104,-120,374274
2026-05-19 20:10:52,lombar,8416,-624,-13804,225,-266,258,1031729
2026-05-19 20:10:52,esterno,3240,9876,12100,-198,137,-17,374296
2026-05-19 20:10:52,lombar,8520,-468,-13864,254,-197,266,1031751
2026-05-19 20:10:52,esterno,3256,9864,12056,-222,195,44,374318
2026-05-19 20:10:52,lombar,8604,-244,-13396,127,-166,283,1031773
2026-05-19 20:10:52,esterno,3272,9956,12120,-270,236,-3,374340
2026-05-19 20:10:52,lombar,8652,-220,-13336,-24,-145,339,1031795
2026-05-19 20:10:52,esterno,3252,9924,11884,-173,189,69,374362
2026-05-19 20:10:52,lombar,8660,-484,-13432,-72,-172,424,1031817
2026-05-19 20:10:52,esterno,3276,9828,11780,-150,90,143,374384
2026-05-19 20:10:52,lombar,8644,-448,-13348,-79,-280,389,1031839
2026-05-19 20:10:52,esterno,3280,9804,11936,-77,-231,151,374406
2026-05-19 20:10:52,lombar,8636,-460,-13764,-120,-289,377,1031861
2026-05-19 20:10:52,esterno,3256,10032,11576,230,80,91,374428
2026-05-19 20:10:52,lombar,8484,-492,-13764,-23,-261,353,1031883
2026-05-19 20:10:52,esterno,3664,10160,12180,90,-192,53,374450
2026-05-19 20:10:52,lombar,8520,-452,-13992,-17,-353,387,1031905
2026-05-19 20:10:52,esterno,3640,10328,12224,-362,-234,82,374472
2026-05-19 20:10:52,lombar,8416,-548,-13896,69,-429,380,1031927
2026-05-19 20:10:52,esterno,3456,9900,11848,-611,-196,134,374494
2026-05-19 20:10:52,lombar,8316,-600,-14044,224,-377,273,1031949
2026-05-19 20:10:52,esterno,3304,9752,11924,-639,25,69,374516
2026-05-19 20:10:53,lombar,8348,-428,-14100,238,-423,292,1031971
2026-05-19 20:10:53,esterno,3496,9396,12032,-456,230,-70,374538
2026-05-19 20:10:53,lombar,8436,-544,-14036,415,-308,319,1031993
2026-05-19 20:10:53,esterno,3180,9412,12140,-516,517,-211,374560
2026-05-19 20:10:53,esterno,3060,9580,12388,-440,483,-121,374582
2026-05-19 20:10:53,lombar,8452,-288,-13700,300,-311,387,1032015
2026-05-19 20:10:53,lombar,8572,-324,-13376,-78,-271,416,1032037
2026-05-19 20:10:53,esterno,3164,9748,12328,-119,237,17,374604
2026-05-19 20:10:53,lombar,8628,-384,-13668,-122,-99,387,1032059
2026-05-19 20:10:53,esterno,3420,9800,12096,83,223,69,374626
2026-05-19 20:10:53,lombar,8576,-492,-13552,-65,-138,357,1032081
2026-05-19 20:10:53,esterno,3244,9712,12044,185,253,3,374648
2026-05-19 20:10:53,lombar,8572,-572,-13780,-64,-254,384,1032103
2026-05-19 20:10:53,esterno,3352,9732,11960,142,129,-17,374670
2026-05-19 20:10:53,lombar,8596,-544,-13752,11,-241,336,1032125
2026-05-19 20:10:53,esterno,3440,10004,11760,121,213,-4,374692
2026-05-19 20:10:53,lombar,8568,-472,-13772,85,-214,349,1032147
2026-05-19 20:10:53,esterno,3532,10240,12244,-90,206,-22,374714
2026-05-19 20:10:53,lombar,8400,-548,-13804,115,-287,365,1032169
2026-05-19 20:10:53,esterno,3336,10004,11936,-164,274,-69,374736
2026-05-19 20:10:53,lombar,8388,-572,-13780,179,-371,262,1032191
2026-05-19 20:10:53,esterno,3448,9616,12072,-268,105,-104,374758
2026-05-19 20:10:53,lombar,8408,-616,-14088,351,-314,238,1032213
2026-05-19 20:10:53,esterno,3320,9600,12036,-327,336,-84,374780
2026-05-19 20:10:53,lombar,8524,-416,-13940,449,-332,266,1032235
2026-05-19 20:10:53,esterno,3332,9804,12144,-515,393,52,374802
2026-05-19 20:10:53,lombar,8480,-372,-13816,305,-379,196,1032257
2026-05-19 20:10:53,esterno,3304,9748,12160,-384,203,147,374824
2026-05-19 20:10:53,lombar,8576,-240,-13480,133,-210,257,1032279
2026-05-19 20:10:53,esterno,3256,9656,11892,-278,145,68,374846
2026-05-19 20:10:53,lombar,8716,-284,-13368,35,-53,328,1032301
2026-05-19 20:10:53,esterno,3140,9440,11824,-47,80,-33,374868
2026-05-19 20:10:53,lombar,8592,-320,-13428,-116,-3,359,1032323
2026-05-19 20:10:53,esterno,3260,9672,11772,122,-43,254,374890
2026-05-19 20:10:53,lombar,8488,-392,-13960,-178,-162,387,1032345
2026-05-19 20:10:53,esterno,3552,10004,12148,203,108,221,374912
2026-05-19 20:10:53,lombar,8604,-512,-13936,46,-46,342,1032367
2026-05-19 20:10:53,esterno,3848,10104,12200,535,162,159,374934
2026-05-19 20:10:53,lombar,8472,-260,-13940,111,-113,340,1032389
2026-05-19 20:10:53,esterno,3692,9704,12080,447,329,-190,374956
2026-05-19 20:10:53,lombar,8452,-292,-14044,91,-266,357,1032411
2026-05-19 20:10:53,esterno,3744,9812,12240,80,411,-399,374978
2026-05-19 20:10:53,lombar,8364,-484,-14048,118,-365,426,1032433
2026-05-19 20:10:53,esterno,3192,9952,12436,20,173,-304,375000
2026-05-19 20:10:53,lombar,8372,-448,-14064,253,-372,396,1032455
2026-05-19 20:10:53,esterno,2904,10008,12376,-8,-70,-224,375022
2026-05-19 20:10:53,lombar,8392,-596,-13820,236,-480,402,1032477
2026-05-19 20:10:53,esterno,3020,9944,12160,-196,-409,-56,375044
2026-05-19 20:10:53,lombar,8456,-640,-13568,149,-458,395,1032499
2026-05-19 20:10:53,esterno,2880,10052,11692,-428,-172,44,375066
2026-05-19 20:10:53,lombar,8688,-468,-13424,96,-316,322,1032521
2026-05-19 20:10:53,esterno,3316,9868,11948,-542,-165,135,375088
2026-05-19 20:10:53,lombar,8792,-636,-13236,-20,-266,403,1032543
2026-05-19 20:10:53,esterno,3468,10008,11932,-828,-166,213,375110
2026-05-19 20:10:53,lombar,8764,-580,-13432,27,-247,279,1032565
2026-05-19 20:10:53,esterno,3296,9600,11560,-572,-40,126,375132
2026-05-19 20:10:53,lombar,8632,-384,-13648,265,-276,248,1032587
2026-05-19 20:10:53,esterno,3300,9608,11500,83,233,-141,375154
2026-05-19 20:10:53,lombar,8676,-272,-13808,142,-374,158,1032609
2026-05-19 20:10:53,esterno,3432,9852,12192,178,382,-150,375176
2026-05-19 20:10:53,lombar,8532,-324,-13916,155,-274,300,1032631
2026-05-19 20:10:53,esterno,3436,10200,12360,164,583,-63,375198
2026-05-19 20:10:53,lombar,8476,-220,-13900,26,-366,431,1032653
2026-05-19 20:10:53,esterno,3244,10096,12608,97,362,-18,375220
2026-05-19 20:10:53,lombar,8408,-368,-14008,-116,-330,440,1032675
2026-05-19 20:10:53,esterno,3188,9732,12360,193,150,-122,375242
2026-05-19 20:10:53,lombar,8352,-664,-14032,56,-271,397,1032697
2026-05-19 20:10:53,esterno,3392,9664,12448,66,92,-102,375264
2026-05-19 20:10:53,lombar,8392,-532,-13980,231,-281,300,1032719
2026-05-19 20:10:53,esterno,3516,9768,12204,-165,184,159,375286
2026-05-19 20:10:53,lombar,8496,-348,-13752,117,-256,310,1032741
2026-05-19 20:10:53,esterno,3660,9800,12092,-114,202,299,375308
2026-05-19 20:10:53,lombar,8660,-220,-13508,-26,-208,280,1032763
2026-05-19 20:10:53,esterno,3584,9848,11516,-192,448,217,375330
2026-05-19 20:10:53,lombar,8628,-360,-13196,6,-118,332,1032785
2026-05-19 20:10:53,esterno,3256,9524,11860,-342,425,110,375352
2026-05-19 20:10:53,lombar,8584,-416,-13464,-6,-221,374,1032807
2026-05-19 20:10:53,esterno,3092,9592,11672,-349,350,-58,375374
2026-05-19 20:10:53,lombar,8668,-464,-13756,-38,-316,393,1032829
2026-05-19 20:10:53,esterno,3356,9956,11752,-301,204,-82,375396
2026-05-19 20:10:53,lombar,8600,-480,-13680,64,-305,348,1032851
2026-05-19 20:10:53,esterno,3480,10328,12132,-181,178,-87,375418
2026-05-19 20:10:53,lombar,8532,-444,-13960,73,-333,390,1032873
2026-05-19 20:10:53,esterno,3252,10536,12412,-265,122,-169,375440
2026-05-19 20:10:53,lombar,8512,-516,-13784,61,-376,386,1032895
2026-05-19 20:10:53,esterno,3396,9940,12456,-332,21,-86,375462
2026-05-19 20:10:53,lombar,8360,-616,-14172,200,-368,290,1032917
2026-05-19 20:10:53,esterno,3392,9700,12352,-344,49,17,375484
2026-05-19 20:10:53,lombar,8372,-468,-13996,347,-369,256,1032939
2026-05-19 20:10:53,esterno,3436,9504,12160,-393,207,61,375506
2026-05-19 20:10:54,lombar,8400,-516,-13856,338,-405,271,1032961
2026-05-19 20:10:54,esterno,3596,9532,12164,-327,389,41,375528
2026-05-19 20:10:54,lombar,8304,-608,-13872,289,-301,197,1032983
2026-05-19 20:10:54,esterno,3508,9580,12416,-319,535,44,375550
2026-05-19 20:10:54,lombar,8364,-568,-13764,264,-227,127,1033005
2026-05-19 20:10:54,esterno,3420,9588,12424,-375,664,36,375572
2026-05-19 20:10:54,lombar,7944,-644,-13472,286,-488,317,1033027
2026-05-19 20:10:54,esterno,3452,9732,12300,-322,701,2,375594
2026-05-19 20:10:54,lombar,8692,-276,-13888,376,54,325,1033049
2026-05-19 20:10:54,esterno,2824,9952,12216,-302,310,-28,375616
2026-05-19 20:10:54,esterno,2480,9996,12232,-326,-8,-91,375638
2026-05-19 20:10:54,lombar,8804,-208,-13724,348,-289,438,1033071
2026-05-19 20:10:54,lombar,8664,-404,-13688,205,-269,484,1033093
2026-05-19 20:10:54,esterno,3104,10148,11980,-470,-101,-53,375660
2026-05-19 20:10:54,lombar,8576,-612,-13576,-12,-330,352,1033115
2026-05-19 20:10:54,esterno,3780,9840,11808,-348,-37,19,375682
2026-05-19 20:10:54,lombar,8484,-652,-13768,-193,-183,253,1033137
2026-05-19 20:10:54,esterno,3796,10032,11836,17,666,71,375704
2026-05-19 20:10:54,lombar,8588,-496,-14496,-136,217,186,1033159
2026-05-19 20:10:54,esterno,3612,10552,12828,-386,473,290,375726
2026-05-19 20:10:54,lombar,8572,-300,-14292,49,222,351,1033181
2026-05-19 20:10:54,esterno,3256,10572,12828,-869,43,286,375748
2026-05-19 20:10:54,lombar,8676,-240,-13988,189,324,521,1033203
2026-05-19 20:10:54,esterno,2952,10012,12196,-1147,-249,246,375770
2026-05-19 20:10:54,lombar,8512,-532,-14108,-152,800,553,1033225
2026-05-19 20:10:54,esterno,3256,9520,12148,-1383,91,326,375792
2026-05-19 20:10:54,lombar,8708,-952,-13944,-566,1269,193,1033247
2026-05-19 20:10:54,esterno,3424,9220,12268,-1549,386,439,375814
2026-05-19 20:10:54,esterno,3104,9968,12672,-1627,604,336,375836
2026-05-19 20:10:54,lombar,8848,-260,-14956,-218,2230,72,1033269
2026-05-19 20:10:54,esterno,3160,10028,12948,-1548,561,133,375858
2026-05-19 20:10:54,lombar,8800,-68,-13796,151,2119,367,1033291
2026-05-19 20:10:54,lombar,9004,-384,-13132,-236,1365,520,1033313
2026-05-19 20:10:54,esterno,2948,9324,12460,-1370,508,-16,375880
2026-05-19 20:10:54,lombar,8980,-812,-14120,-137,1953,359,1033335
2026-05-19 20:10:54,esterno,3308,9096,12208,-1521,439,57,375902
2026-05-19 20:10:54,lombar,8840,-600,-13008,-6,1907,199,1033357
2026-05-19 20:10:54,esterno,3352,8752,12016,-1514,481,147,375924
2026-05-19 20:10:54,lombar,8944,-540,-12708,-48,1214,281,1033379
2026-05-19 20:10:54,esterno,3252,8584,12124,-1118,378,68,375946
2026-05-19 20:10:54,lombar,9184,-588,-12652,265,741,233,1033401
2026-05-19 20:10:54,esterno,3056,8716,11764,-854,527,23,375968
2026-05-19 20:10:54,lombar,9232,-424,-12584,322,415,222,1033423
2026-05-19 20:10:54,esterno,3000,8720,12136,-946,504,79,375990
2026-05-19 20:10:54,lombar,9180,-356,-12868,229,163,224,1033445
2026-05-19 20:10:54,esterno,3192,8808,11996,-546,434,88,376012
2026-05-19 20:10:54,lombar,9348,-544,-13004,133,1,191,1033467
2026-05-19 20:10:54,esterno,3376,9128,12336,-434,391,47,376034
2026-05-19 20:10:54,lombar,9356,-364,-13252,187,34,226,1033489
2026-05-19 20:10:54,esterno,3264,9304,12312,-370,340,-11,376056
2026-05-19 20:10:54,lombar,9428,-320,-12992,243,-99,240,1033511
2026-05-19 20:10:54,esterno,3140,9692,12712,-431,189,-15,376078
2026-05-19 20:10:54,esterno,3236,9628,12912,-421,26,86,376100
2026-05-19 20:10:54,lombar,9372,-112,-13020,130,-207,299,1033533
2026-05-19 20:10:54,lombar,9396,-404,-13240,145,-71,287,1033555
2026-05-19 20:10:54,esterno,3472,9396,12824,-517,-103,183,376122
2026-05-19 20:10:54,lombar,9592,-392,-13896,-72,531,187,1033577
2026-05-19 20:10:54,esterno,3512,9232,13032,-532,-82,161,376144
2026-05-19 20:10:54,lombar,9496,-196,-14172,-41,1304,282,1033599
2026-05-19 20:10:54,esterno,3560,9648,13036,-624,-37,94,376166
2026-05-19 20:10:54,lombar,9368,-244,-13164,9,1000,521,1033621
2026-05-19 20:10:54,esterno,3184,9544,12912,-883,-27,123,376188
2026-05-19 20:10:54,lombar,9484,-488,-13304,-92,744,508,1033643
2026-05-19 20:10:54,esterno,3308,9028,12688,-1016,189,193,376210
2026-05-19 20:10:54,lombar,9464,-524,-13228,77,1006,492,1033665
2026-05-19 20:10:54,esterno,3356,8468,12608,-1004,313,154,376232
2026-05-19 20:10:54,lombar,9432,-348,-12840,158,814,452,1033687
2026-05-19 20:10:54,esterno,3160,8400,12804,-773,219,87,376254
2026-05-19 20:10:54,lombar,9572,-496,-12708,109,387,438,1033709
2026-05-19 20:10:54,esterno,3008,8132,12384,-458,81,79,376276
2026-05-19 20:10:54,lombar,9576,-508,-12408,98,59,394,1033731
2026-05-19 20:10:54,esterno,2932,8464,12148,-107,-36,78,376298
2026-05-19 20:10:54,lombar,9580,-628,-12428,47,-226,280,1033753
2026-05-19 20:10:54,esterno,3156,8596,12596,149,-34,10,376320
2026-05-19 20:10:54,lombar,9568,-440,-12368,106,-546,239,1033775
2026-05-19 20:10:54,esterno,3476,8840,12352,-47,-423,-13,376342
2026-05-19 20:10:54,esterno,3068,8996,11508,212,42,-164,376364
2026-05-19 20:10:54,lombar,9652,-440,-12536,180,-778,210,1033797
2026-05-19 20:10:54,lombar,9644,-352,-12720,248,-999,208,1033819
2026-05-19 20:10:54,esterno,3256,8952,12212,314,369,-229,376386
2026-05-19 20:10:54,lombar,9624,-264,-12596,314,-1251,369,1033841
2026-05-19 20:10:54,esterno,3312,8816,12220,456,423,-221,376408
2026-05-19 20:10:54,lombar,9532,-364,-12488,384,-1753,350,1033863
2026-05-19 20:10:54,esterno,3372,8772,12084,477,547,-279,376430
2026-05-19 20:10:54,lombar,9640,-624,-12736,431,-1934,342,1033885
2026-05-19 20:10:54,esterno,3164,8532,12288,649,715,-441,376452
2026-05-19 20:10:54,lombar,9344,-628,-13160,223,-1755,228,1033907
2026-05-19 20:10:54,esterno,3340,9212,12908,922,502,-497,376474
2026-05-19 20:10:54,lombar,9180,-320,-13536,392,-1347,240,1033929
2026-05-19 20:10:54,esterno,3292,9620,12956,951,338,-285,376496
2026-05-19 20:10:54,lombar,9272,-292,-13252,407,-1423,381,1033951
2026-05-19 20:10:54,esterno,3084,9620,13004,723,180,-147,376518
2026-05-19 20:10:55,lombar,9316,-476,-13752,283,-1579,404,1033973
2026-05-19 20:10:55,esterno,3116,9264,12720,599,179,-172,376540
2026-05-19 20:10:55,lombar,9248,-568,-13516,244,-1397,406,1033995
2026-05-19 20:10:55,esterno,3264,9084,12612,622,246,-242,376562
2026-05-19 20:10:55,lombar,9244,-476,-14004,170,-926,315,1034017
2026-05-19 20:10:55,esterno,3148,9424,13212,332,143,-112,376584
2026-05-19 20:10:55,esterno,3016,9676,13032,126,142,54,376606
2026-05-19 20:10:55,lombar,9104,-440,-14168,37,-374,341,1034039
2026-05-19 20:10:55,lombar,9184,-492,-13756,79,-337,395,1034061
2026-05-19 20:10:55,esterno,3244,9568,12696,-74,166,118,376628
2026-05-19 20:10:55,lombar,9200,-544,-13472,117,-432,476,1034083
2026-05-19 20:10:55,esterno,3252,9404,12904,-106,226,50,376650
2026-05-19 20:10:55,lombar,9048,-496,-13460,155,-386,425,1034105
2026-05-19 20:10:55,esterno,3080,9312,12852,-121,154,-45,376672
2026-05-19 20:10:55,lombar,9108,-660,-13120,154,-285,301,1034127
2026-05-19 20:10:55,esterno,3176,8988,12428,-105,-11,5,376694
2026-05-19 20:10:55,lombar,9116,-556,-13104,115,-422,354,1034149
2026-05-19 20:10:55,esterno,3092,9088,12360,33,-72,48,376716
2026-05-19 20:10:55,lombar,9156,-624,-13336,169,-508,334,1034171
2026-05-19 20:10:55,lombar,8788,-504,-12808,172,-752,300,1034193
2026-05-19 20:10:55,esterno,3156,9236,12072,146,46,-14,376738
2026-05-19 20:10:55,esterno,3144,9496,12384,229,33,-108,376760
2026-05-19 20:10:55,lombar,8960,-636,-12800,153,-804,319,1034215
2026-05-19 20:10:55,esterno,3192,9452,12308,306,54,-128,376782
2026-05-19 20:10:55,lombar,9092,-508,-13156,127,-973,405,1034237
2026-05-19 20:10:55,esterno,3200,9556,12272,205,55,-63,376804
2026-05-19 20:10:55,lombar,9084,-652,-13276,164,-1075,355,1034259
2026-05-19 20:10:55,esterno,3172,9264,12244,151,72,-70,376826
2026-05-19 20:10:55,lombar,8924,-448,-13292,196,-1284,304,1034281
2026-05-19 20:10:55,esterno,3224,9232,12412,203,73,-162,376848
2026-05-19 20:10:55,lombar,8848,-552,-13244,188,-1398,356,1034303
2026-05-19 20:10:55,esterno,3196,9172,12432,253,89,-196,376870
2026-05-19 20:10:55,lombar,8864,-484,-13248,182,-1442,335,1034325
2026-05-19 20:10:55,esterno,3108,9184,12548,297,-195,-155,376892
2026-05-19 20:10:55,lombar,8796,-596,-13676,194,-1509,298,1034347
2026-05-19 20:10:55,esterno,3152,9088,11824,655,194,-196,376914
2026-05-19 20:10:55,lombar,8800,-484,-13844,303,-1429,297,1034369
2026-05-19 20:10:55,esterno,3224,9412,12540,728,-80,-237,376936
2026-05-19 20:10:55,lombar,8728,-464,-13844,307,-1375,379,1034391
2026-05-19 20:10:55,esterno,3472,9692,12756,463,-262,-159,376958
2026-05-19 20:10:55,lombar,8652,-564,-13680,217,-1353,405,1034413
2026-05-19 20:10:55,esterno,3268,9656,12384,355,-244,-41,376980
2026-05-19 20:10:55,lombar,8780,-584,-14068,133,-1077,409,1034435
2026-05-19 20:10:55,esterno,3196,9656,12436,465,-100,2,377002
2026-05-19 20:10:55,lombar,8784,-520,-14180,139,-758,378,1034457
2026-05-19 20:10:55,esterno,3424,9820,12444,562,166,-46,377024
2026-05-19 20:10:55,lombar,8728,-416,-14100,203,-479,423,1034479
2026-05-19 20:10:55,esterno,3188,9928,12540,382,430,-64,377046
2026-05-19 20:10:55,lombar,8660,-588,-13812,181,-466,505,1034501
2026-05-19 20:10:55,esterno,3076,9952,12604,235,393,-138,377068
2026-05-19 20:10:55,lombar,8544,-664,-13740,29,-455,408,1034523
2026-05-19 20:10:55,esterno,3088,9720,12468,303,282,-98,377090
2026-05-19 20:10:55,lombar,8588,-652,-13992,125,-319,357,1034545
2026-05-19 20:10:55,esterno,3132,9656,12420,210,271,-55,377112
2026-05-19 20:10:55,lombar,8532,-648,-13616,153,-320,339,1034567
2026-05-19 20:10:55,esterno,3180,9708,12160,-34,298,39,377134
2026-05-19 20:10:55,lombar,8520,-576,-13604,90,-423,397,1034589
2026-05-19 20:10:55,esterno,3048,9524,12180,-115,183,17,377156
2026-05-19 20:10:55,lombar,8628,-532,-13580,71,-444,382,1034611
2026-05-19 20:10:55,esterno,3156,9644,11872,-219,316,22,377178
2026-05-19 20:10:55,lombar,8264,-528,-13136,76,-562,286,1034633
2026-05-19 20:10:55,esterno,3096,9760,12256,-309,266,48,377200
2026-05-19 20:10:55,lombar,8540,-504,-13432,31,-396,357,1034655
2026-05-19 20:10:55,esterno,3072,9672,11960,-193,273,62,377222
2026-05-19 20:10:55,lombar,8688,-500,-13304,-60,-515,420,1034677
2026-05-19 20:10:55,esterno,3380,9620,12116,-149,167,-21,377244
2026-05-19 20:10:55,lombar,8716,-600,-13688,-38,-461,365,1034699
2026-05-19 20:10:55,esterno,3140,9724,12200,-64,243,-62,377266
2026-05-19 20:10:55,lombar,8760,-496,-13520,-31,-433,450,1034721
2026-05-19 20:10:55,esterno,3108,9704,12388,-64,174,-68,377288
2026-05-19 20:10:55,lombar,8624,-636,-13816,-68,-448,416,1034743
2026-05-19 20:10:55,esterno,3176,9752,12496,-13,-48,-10,377310
2026-05-19 20:10:55,lombar,8728,-568,-14184,-119,-468,415,1034765
2026-05-19 20:10:55,esterno,3160,9752,12340,-18,-94,54,377332
2026-05-19 20:10:55,lombar,8428,-516,-13872,-21,-404,444,1034787
2026-05-19 20:10:55,esterno,3308,9608,12448,-78,-47,-15,377354
2026-05-19 20:10:55,lombar,8428,-652,-13932,3,-413,441,1034809
2026-05-19 20:10:55,esterno,3196,9592,12536,8,-61,-112,377376
2026-05-19 20:10:55,lombar,8424,-644,-13968,52,-366,418,1034831
2026-05-19 20:10:55,esterno,3172,9672,12428,-74,-35,-23,377398
2026-05-19 20:10:55,lombar,8444,-616,-13868,117,-339,316,1034853
2026-05-19 20:10:55,esterno,3220,9640,12400,-189,25,74,377420
2026-05-19 20:10:55,lombar,8512,-572,-13752,150,-322,299,1034875
2026-05-19 20:10:55,esterno,3256,9640,12284,-213,102,55,377442
2026-05-19 20:10:55,lombar,8620,-496,-13704,111,-328,295,1034897
2026-05-19 20:10:55,esterno,3340,9636,12204,-259,143,11,377464
2026-05-19 20:10:55,lombar,8656,-512,-13740,85,-252,344,1034919
2026-05-19 20:10:55,esterno,3228,9768,12156,-190,98,53,377486
2026-05-19 20:10:55,lombar,8672,-452,-13576,68,-275,355,1034941
2026-05-19 20:10:55,esterno,3064,9656,12176,-76,-145,82,377508
2026-05-19 20:10:56,lombar,8564,-640,-13512,22,-335,248,1034963
2026-05-19 20:10:56,esterno,3044,9676,11840,196,212,13,377530
2026-05-19 20:10:56,lombar,8580,-548,-13800,104,-298,274,1034985
2026-05-19 20:10:56,esterno,3396,9716,12368,167,-46,37,377552
2026-05-19 20:10:56,lombar,8536,-576,-13676,45,-372,355,1035007
2026-05-19 20:10:56,esterno,3432,9800,12544,-149,-137,58,377574
2026-05-19 20:10:56,lombar,8540,-644,-13648,73,-406,317,1035029
2026-05-19 20:10:56,esterno,3160,9592,11968,-211,-157,50,377596
2026-05-19 20:10:56,lombar,8544,-472,-13880,104,-346,371,1035051
2026-05-19 20:10:56,esterno,3196,9512,12052,-162,4,18,377618
2026-05-19 20:10:56,lombar,8296,-544,-13920,30,-374,343,1035073
2026-05-19 20:10:56,esterno,3300,9544,12272,-111,222,-23,377640
2026-05-19 20:10:56,lombar,8488,-436,-13880,142,-288,360,1035095
2026-05-19 20:10:56,esterno,3176,9692,12108,-195,417,-91,377662
2026-05-19 20:10:56,lombar,8456,-316,-13644,-8,-306,482,1035117
2026-05-19 20:10:56,esterno,3048,9672,12372,-153,310,-112,377684
2026-05-19 20:10:56,lombar,8576,-404,-13372,-219,-254,516,1035139
2026-05-19 20:10:56,esterno,3184,9616,12200,57,145,9,377706
2026-05-19 20:10:56,lombar,8508,-688,-13692,-211,-223,479,1035161
2026-05-19 20:10:56,esterno,3332,9580,12024,83,197,96,377728
2026-05-19 20:10:56,lombar,8528,-640,-13740,-156,-223,491,1035183
2026-05-19 20:10:56,esterno,3300,9680,11972,4,174,107,377750
2026-05-19 20:10:56,lombar,8624,-640,-13648,-187,-285,480,1035205
2026-05-19 20:10:56,esterno,3100,9712,12084,16,44,54,377772
2026-05-19 20:10:56,lombar,8496,-524,-13748,-185,-388,431,1035227
2026-05-19 20:10:56,esterno,3096,9864,12208,72,214,30,377794
2026-05-19 20:10:56,lombar,8492,-628,-13944,-108,-315,424,1035249
2026-05-19 20:10:56,esterno,3272,9840,12352,94,187,-1,377816
2026-05-19 20:10:56,lombar,8432,-612,-14120,5,-324,397,1035271
2026-05-19 20:10:56,esterno,3276,9696,12468,72,168,-68,377838
2026-05-19 20:10:56,lombar,8304,-700,-14204,133,-311,400,1035293
2026-05-19 20:10:56,esterno,3428,9864,12620,77,79,-197,377860
2026-05-19 20:10:56,esterno,3468,9872,12200,8,215,-193,377882
2026-05-19 20:10:56,lombar,8276,-656,-14144,318,-287,228,1035315
2026-05-19 20:10:56,lombar,8340,-508,-13960,399,-311,204,1035337
2026-05-19 20:10:56,esterno,3216,9828,12276,-230,223,-89,377904
2026-05-19 20:10:56,lombar,8452,-620,-13952,383,-282,211,1035359
2026-05-19 20:10:56,esterno,3328,9712,12276,-306,147,40,377926
2026-05-19 20:10:56,lombar,8416,-684,-13596,440,-287,39,1035381
2026-05-19 20:10:56,esterno,3416,9660,12068,-445,168,116,377948
2026-05-19 20:10:56,lombar,8492,-460,-13588,446,-277,82,1035403
2026-05-19 20:10:56,esterno,3204,9720,11960,-558,237,132,377970
2026-05-19 20:10:56,lombar,8624,-428,-13396,381,-308,120,1035425
2026-05-19 20:10:56,esterno,3232,9800,12040,-505,248,139,377992
2026-05-19 20:10:56,lombar,8752,-460,-13720,246,-401,195,1035447
2026-05-19 20:10:56,esterno,3112,9716,11896,-419,225,247,378014
2026-05-19 20:10:56,lombar,8608,-404,-13376,291,-352,194,1035469
2026-05-19 20:10:56,esterno,3316,9672,11904,-370,223,221,378036
2026-05-19 20:10:56,lombar,8792,-484,-13936,176,-453,229,1035491
2026-05-19 20:10:56,esterno,3296,9608,11984,-278,255,112,378058
2026-05-19 20:10:56,lombar,8704,-408,-13676,204,-412,336,1035513
2026-05-19 20:10:56,esterno,3324,9724,12356,-197,204,24,378080
2026-05-19 20:10:56,lombar,8564,-560,-13796,112,-396,262,1035535
2026-05-19 20:10:56,esterno,3224,9780,12532,-87,136,7,378102
2026-05-19 20:10:56,lombar,8552,-456,-13852,75,-380,344,1035557
2026-05-19 20:10:56,esterno,3320,9736,12468,-33,-144,38,378124
2026-05-19 20:10:56,lombar,8388,-448,-13968,-39,-352,433,1035579
2026-05-19 20:10:56,esterno,3276,9708,12120,148,207,-17,378146
2026-05-19 20:10:56,lombar,8456,-464,-13880,-57,-304,476,1035601
2026-05-19 20:10:56,esterno,3320,9588,12612,38,-140,-25,378168
2026-05-19 20:10:56,lombar,8400,-636,-14012,-257,-307,568,1035623
2026-05-19 20:10:56,esterno,3324,9628,12768,-211,-253,14,378190
2026-05-19 20:10:56,lombar,8216,-416,-14272,-439,-250,555,1035645
2026-05-19 20:10:56,esterno,3100,9504,12424,-391,-348,115,378212
2026-05-19 20:10:56,lombar,8448,-36,-14252,-1066,-329,672,1035667
2026-05-19 20:10:56,esterno,3216,9836,12620,-609,-276,177,378234
2026-05-19 20:10:56,lombar,8588,-64,-14516,-2003,-204,927,1035689
2026-05-19 20:10:56,esterno,3360,10396,12772,-669,-182,174,378256
2026-05-19 20:10:56,lombar,8512,-348,-14484,-2112,641,1074,1035711
2026-05-19 20:10:56,esterno,3300,10344,12652,-845,54,238,378278
2026-05-19 20:10:56,lombar,8820,424,-13500,-2449,437,1198,1035733
2026-05-19 20:10:56,esterno,3168,9968,12900,-1113,-218,496,378300
2026-05-19 20:10:56,lombar,8740,732,-13584,-3119,396,1466,1035755
2026-05-19 20:10:56,esterno,3320,9552,12380,-1110,-413,672,378322
2026-05-19 20:10:56,lombar,8612,180,-13704,-3538,457,1434,1035777
2026-05-19 20:10:56,esterno,3232,9460,12108,-858,-532,312,378344
2026-05-19 20:10:56,lombar,8732,-236,-13288,-3407,428,1161,1035799
2026-05-19 20:10:56,esterno,3268,9548,11836,-262,-659,-2,378366
2026-05-19 20:10:56,lombar,8928,-76,-13468,-2720,181,827,1035821
2026-05-19 20:10:56,esterno,3532,9296,11888,136,-803,79,378388
2026-05-19 20:10:56,esterno,3756,9088,11628,23,-585,191,378410
2026-05-19 20:10:56,lombar,9148,544,-13012,-2216,244,742,1035843
2026-05-19 20:10:56,lombar,9312,776,-12244,-2307,448,1018,1035865
2026-05-19 20:10:56,esterno,3964,9308,11692,74,-519,268,378432
2026-05-19 20:10:56,lombar,8508,-56,-12416,-2445,720,1095,1035887
2026-05-19 20:10:56,esterno,3956,9328,11332,404,-476,122,378454
2026-05-19 20:10:56,lombar,7888,-536,-12988,-2122,584,937,1035909
2026-05-19 20:10:56,esterno,3824,8764,11456,516,-436,-57,378476
2026-05-19 20:10:56,lombar,7752,-872,-13820,-1412,-19,747,1035931
2026-05-19 20:10:56,esterno,3268,8716,11640,416,-255,-227,378498
2026-05-19 20:10:56,lombar,8176,-444,-13884,-657,-208,538,1035953
2026-05-19 20:10:56,esterno,3272,9056,12152,99,-228,-317,378520
2026-05-19 20:10:57,lombar,8288,-204,-13968,172,-547,117,1035975
2026-05-19 20:10:57,esterno,3252,9580,12340,-13,-206,-349,378542
2026-05-19 20:10:57,lombar,8388,-448,-13984,934,-685,-86,1035997
2026-05-19 20:10:57,esterno,3592,9872,12480,-116,28,-422,378564
2026-05-19 20:10:57,lombar,8256,-412,-14168,1625,-728,-399,1036019
2026-05-19 20:10:57,esterno,3636,9728,12440,-274,276,-471,378586
2026-05-19 20:10:57,lombar,8088,-288,-14500,2171,-884,-617,1036041
2026-05-19 20:10:57,esterno,3536,9488,12788,-454,519,-388,378608
2026-05-19 20:10:57,lombar,8352,-64,-14508,2716,-1135,-568,1036063
2026-05-19 20:10:57,esterno,3524,9508,12812,-680,683,-286,378630
2026-05-19 20:10:57,lombar,8580,140,-13832,3185,-1479,-347,1036085
2026-05-19 20:10:57,esterno,3588,9472,12576,-830,903,-245,378652
2026-05-19 20:10:57,esterno,3616,9584,11452,-855,1113,-296,378674
2026-05-19 20:10:57,lombar,8868,712,-12808,3313,-1065,-331,1036107
2026-05-19 20:10:57,lombar,8204,-420,-13676,2517,-1006,-845,1036129
2026-05-19 20:10:57,esterno,3708,9192,12368,-297,1002,-450,378696
2026-05-19 20:10:57,lombar,10008,1164,-13912,4608,-125,-1197,1036151
2026-05-19 20:10:57,esterno,3368,9404,10992,-387,822,-233,378718
2026-05-19 20:10:57,lombar,10476,3352,-11004,2072,40,-482,1036173
2026-05-19 20:10:57,esterno,3656,10572,12024,485,362,3,378740
2026-05-19 20:10:57,lombar,8840,224,-13232,480,-1130,489,1036195
2026-05-19 20:10:57,esterno,3772,10752,11536,1682,421,204,378762
2026-05-19 20:10:57,lombar,8344,-656,-13448,787,-769,301,1036217
2026-05-19 20:10:57,esterno,3748,10128,12060,1608,1,232,378784
2026-05-19 20:10:57,lombar,9440,484,-12964,401,-303,372,1036239
2026-05-19 20:10:57,esterno,3876,9840,12148,1670,-320,153,378806
2026-05-19 20:10:57,lombar,8708,12,-13564,347,-571,620,1036261
2026-05-19 20:10:57,esterno,3592,9648,12164,1537,-918,474,378828
2026-05-19 20:10:57,lombar,7924,-412,-14284,627,-442,403,1036283
2026-05-19 20:10:57,esterno,3356,9428,11968,1268,-739,336,378850
2026-05-19 20:10:57,lombar,8328,-176,-14328,609,-156,237,1036305
2026-05-19 20:10:57,esterno,3692,9684,11808,1045,-498,135,378872
2026-05-19 20:10:57,lombar,8548,60,-14284,303,-161,326,1036327
2026-05-19 20:10:57,esterno,3888,10056,11820,1009,-35,49,378894
2026-05-19 20:10:57,lombar,8416,-112,-14320,96,-329,577,1036349
2026-05-19 20:10:57,esterno,3836,10320,12244,917,92,184,378916
2026-05-19 20:10:57,lombar,8196,-188,-14732,-35,-486,628,1036371
2026-05-19 20:10:57,esterno,3584,10436,12680,545,115,317,378938
2026-05-19 20:10:57,lombar,8032,-640,-15912,590,-126,736,1036393
2026-05-19 20:10:57,esterno,3592,10224,12960,-12,99,384,378960
2026-05-19 20:10:57,lombar,7624,-956,-16660,1841,-37,974,1036415
2026-05-19 20:10:57,esterno,3600,10064,13388,-893,405,384,378982
2026-05-19 20:10:57,lombar,7624,-2064,-15468,2467,-875,884,1036437
2026-05-19 20:10:57,esterno,3624,10304,13348,-1699,712,532,379004
2026-05-19 20:10:57,lombar,7620,-1812,-13664,2544,-578,135,1036459
2026-05-19 20:10:57,esterno,3800,10148,13072,-1854,612,499,379026
2026-05-19 20:10:57,lombar,7880,-508,-12948,1956,639,-402,1036481
2026-05-19 20:10:57,esterno,3832,9028,12544,-1831,471,364,379048
2026-05-19 20:10:57,lombar,8516,664,-12772,819,1083,105,1036503
2026-05-19 20:10:57,esterno,3120,7656,11392,-1602,659,84,379070
2026-05-19 20:10:57,lombar,9012,292,-12896,37,13,721,1036525
2026-05-19 20:10:57,esterno,2768,7784,10824,-1475,527,-127,379092
2026-05-19 20:10:57,lombar,9120,-304,-13116,-464,-870,843,1036547
2026-05-19 20:10:57,esterno,2776,9368,11284,-1251,509,-158,379114
2026-05-19 20:10:57,lombar,9480,-648,-12768,-937,-1342,970,1036569
2026-05-19 20:10:57,esterno,3000,10784,11720,-579,176,-158,379136
2026-05-19 20:10:57,lombar,9184,-552,-12312,-946,-1366,882,1036591
2026-05-19 20:10:57,esterno,3292,11332,12024,97,-442,-81,379158
2026-05-19 20:10:57,lombar,10052,-1092,-11828,-821,-851,673,1036613
2026-05-19 20:10:57,esterno,3480,11024,10620,198,-709,82,379180
2026-05-19 20:10:57,lombar,10036,-2796,-12040,243,-1165,95,1036635
2026-05-19 20:10:57,esterno,3344,11168,11100,578,17,-306,379202
2026-05-19 20:10:57,lombar,8428,-568,-12852,1427,560,-620,1036657
2026-05-19 20:10:57,esterno,3940,9940,11460,2392,157,-997,379224
2026-05-19 20:10:57,lombar,8248,1016,-13292,-466,-315,-491,1036679
2026-05-19 20:10:57,esterno,3696,8384,11240,2106,650,-818,379246
2026-05-19 20:10:57,lombar,8348,-144,-13668,-818,127,31,1036701
2026-05-19 20:10:57,esterno,3488,8180,11584,1704,1105,-704,379268
2026-05-19 20:10:57,lombar,8376,-644,-13920,-577,346,16,1036723
2026-05-19 20:10:57,esterno,3336,9108,11748,1573,1276,-613,379290
2026-05-19 20:10:57,lombar,8012,-664,-14728,-382,-137,-66,1036745
2026-05-19 20:10:57,esterno,3580,10140,12124,1321,1107,-321,379312
2026-05-19 20:10:57,lombar,8144,-752,-14972,-2,4,-42,1036767
2026-05-19 20:10:57,esterno,3516,10680,12324,1336,1005,-69,379334
2026-05-19 20:10:57,lombar,8128,-488,-14712,371,-36,36,1036789
2026-05-19 20:10:57,esterno,3556,10780,12696,884,794,214,379356
2026-05-19 20:10:57,lombar,8096,-584,-14848,611,-187,39,1036811
2026-05-19 20:10:57,esterno,3668,10456,12384,581,792,164,379378
2026-05-19 20:10:57,lombar,7896,-44,-14908,378,-302,136,1036833
2026-05-19 20:10:57,esterno,3596,10308,12892,506,698,-27,379400
2026-05-19 20:10:57,lombar,7920,-124,-14736,-46,-403,403,1036855
2026-05-19 20:10:57,esterno,3512,10180,13120,-189,-20,84,379422
2026-05-19 20:10:57,lombar,8152,-360,-14548,-227,-323,646,1036877
2026-05-19 20:10:57,esterno,3260,9824,12300,-530,-43,183,379444
2026-05-19 20:10:57,lombar,8272,-612,-14168,-193,-224,720,1036899
2026-05-19 20:10:57,esterno,2980,9556,11972,-642,49,27,379466
2026-05-19 20:10:57,lombar,8404,-764,-14060,-184,-197,726,1036921
2026-05-19 20:10:57,esterno,3096,9684,12008,-354,58,-140,379488
2026-05-19 20:10:57,lombar,8620,-780,-13836,-20,-184,645,1036943
2026-05-19 20:10:57,esterno,3032,9888,11964,-63,185,-256,379510
2026-05-19 20:10:58,lombar,8592,-484,-13740,72,-198,574,1036965
2026-05-19 20:10:58,esterno,3080,10300,12072,-214,163,-187,379532
2026-05-19 20:10:58,lombar,8652,-572,-13376,72,-232,512,1036987
2026-05-19 20:10:58,esterno,3144,10492,11612,-72,156,-62,379554
2026-05-19 20:10:58,lombar,8732,-584,-13544,92,-302,422,1037009
2026-05-19 20:10:58,esterno,3284,10544,11412,58,248,-51,379576
2026-05-19 20:10:58,lombar,8760,-520,-13332,87,-298,285,1037031
2026-05-19 20:10:58,esterno,3352,10500,11516,173,283,-54,379598
2026-05-19 20:10:58,lombar,8732,-524,-13252,8,-199,319,1037053
2026-05-19 20:10:58,esterno,3164,10548,11240,211,453,-2,379620
2026-05-19 20:10:58,lombar,8672,-432,-13352,11,-151,276,1037075
2026-05-19 20:10:58,esterno,3180,10436,11224,261,629,90,379642
2026-05-19 20:10:58,lombar,8688,-336,-13488,22,-313,275,1037097
2026-05-19 20:10:58,esterno,3296,10360,11556,114,295,195,379664
2026-05-19 20:10:58,lombar,8572,-468,-13596,10,-312,328,1037119
2026-05-19 20:10:58,esterno,3356,10204,11428,154,256,93,379686
2026-05-19 20:10:58,lombar,8504,-552,-13672,40,-313,243,1037141
2026-05-19 20:10:58,esterno,3460,10152,11956,351,298,26,379708
2026-05-19 20:10:58,lombar,8488,-328,-13900,234,-271,265,1037163
2026-05-19 20:10:58,esterno,3608,10144,11816,171,318,53,379730
2026-05-19 20:10:58,lombar,8464,-300,-13920,204,-329,291,1037185
2026-05-19 20:10:58,esterno,3296,10156,12232,268,170,-4,379752
2026-05-19 20:10:58,lombar,8352,-300,-13968,70,-311,345,1037207
2026-05-19 20:10:58,esterno,3444,10144,12116,297,-181,-6,379774
2026-05-19 20:10:58,lombar,8348,-428,-14104,27,-284,387,1037229
2026-05-19 20:10:58,esterno,3452,10332,11816,56,-147,26,379796
2026-05-19 20:10:58,lombar,8344,-424,-14052,15,-303,490,1037251
2026-05-19 20:10:58,esterno,3488,10232,11740,100,-33,80,379818
2026-05-19 20:10:58,lombar,8396,-480,-14000,20,-216,486,1037273
2026-05-19 20:10:58,esterno,3296,10096,11820,184,76,16,379840
2026-05-19 20:10:58,lombar,8432,-520,-13780,64,-141,459,1037295
2026-05-19 20:10:58,esterno,3176,10256,11832,184,116,-65,379862
2026-05-19 20:10:58,lombar,8552,-636,-13852,126,-132,371,1037317
2026-05-19 20:10:58,esterno,3152,10300,11720,158,292,-95,379884
2026-05-19 20:10:58,lombar,8408,-604,-13712,170,-96,345,1037339
2026-05-19 20:10:58,esterno,3132,10260,11452,171,393,-90,379906
2026-05-19 20:10:58,lombar,8596,-608,-13612,183,-119,361,1037361
2026-05-19 20:10:58,esterno,3176,10404,11448,227,581,21,379928
2026-05-19 20:10:58,lombar,8516,-496,-13732,169,-106,349,1037383
2026-05-19 20:10:58,esterno,3040,10364,11440,443,844,-62,379950
2026-05-19 20:10:58,lombar,8524,-444,-13532,140,-108,355,1037405
2026-05-19 20:10:58,esterno,2960,10412,11292,828,1139,-202,379972
2026-05-19 20:10:58,lombar,8588,-548,-13568,159,-128,362,1037427
2026-05-19 20:10:58,esterno,3112,10448,11908,988,1311,-306,379994
2026-05-19 20:10:58,lombar,8632,-540,-13580,207,-146,334,1037449
2026-05-19 20:10:58,esterno,3396,10460,12004,582,459,-192,380016
2026-05-19 20:10:58,lombar,8604,-460,-13532,212,-229,318,1037471
2026-05-19 20:10:58,esterno,3032,10480,11308,569,546,-158,380038
2026-05-19 20:10:58,lombar,8544,-432,-13576,191,-231,336,1037493
2026-05-19 20:10:58,esterno,3060,10520,11388,646,695,-166,380060
2026-05-19 20:10:58,lombar,8596,-588,-13864,129,-203,360,1037515
2026-05-19 20:10:58,esterno,3240,10428,11492,837,828,-257,380082
2026-05-19 20:10:58,lombar,8640,-296,-13832,145,-208,352,1037537
2026-05-19 20:10:58,esterno,3208,10720,11356,866,940,-230,380104
2026-05-19 20:10:58,lombar,8512,-364,-13852,210,-153,467,1037559
2026-05-19 20:10:58,esterno,3060,10988,11712,551,787,-110,380126
2026-05-19 20:10:58,lombar,8540,-440,-13872,123,-132,487,1037581
2026-05-19 20:10:58,esterno,2904,10696,11808,513,563,-75,380148
2026-05-19 20:10:58,lombar,8460,-508,-13668,78,-135,446,1037603
2026-05-19 20:10:58,esterno,3004,10500,11476,566,511,-111,380170
2026-05-19 20:10:58,lombar,8508,-544,-13792,125,-129,438,1037625
2026-05-19 20:10:58,esterno,3028,10612,11332,526,449,-122,380192
2026-05-19 20:10:58,lombar,8556,-572,-13644,126,-147,430,1037647
2026-05-19 20:10:58,esterno,2844,10560,11240,503,344,-50,380214
2026-05-19 20:10:58,lombar,8576,-620,-13724,133,-175,359,1037669
2026-05-19 20:10:58,esterno,2820,10780,11228,370,294,53,380236
2026-05-19 20:10:58,lombar,8672,-532,-13668,240,-201,366,1037691
2026-05-19 20:10:58,esterno,2936,10756,11356,255,103,40,380258
2026-05-19 20:10:58,lombar,8704,-500,-13840,284,-182,341,1037713
2026-05-19 20:10:58,esterno,3000,10824,11180,225,174,-45,380280
2026-05-19 20:10:58,lombar,8672,-692,-13728,267,-170,305,1037735
2026-05-19 20:10:58,esterno,3076,10748,11184,415,221,-165,380302
2026-05-19 20:10:58,lombar,8668,-544,-13684,338,-187,362,1037757
2026-05-19 20:10:58,esterno,3056,10824,11248,534,170,-154,380324
2026-05-19 20:10:58,lombar,8644,-356,-13668,240,-228,331,1037779
2026-05-19 20:10:58,esterno,2732,10928,11312,243,201,-29,380346
2026-05-19 20:10:58,lombar,8652,-528,-13660,142,-237,431,1037801
2026-05-19 20:10:58,esterno,2788,10688,11340,265,198,-5,380368
2026-05-19 20:10:58,lombar,8596,-624,-13684,179,-202,394,1037823
2026-05-19 20:10:58,esterno,2948,10964,11220,426,198,-38,380390
2026-05-19 20:10:58,lombar,8620,-600,-13672,251,-185,477,1037845
2026-05-19 20:10:58,esterno,3092,10984,11156,155,239,-19,380412
2026-05-19 20:10:58,lombar,8548,-516,-13752,212,-201,445,1037867
2026-05-19 20:10:58,esterno,2948,10784,11152,254,293,2,380434
2026-05-19 20:10:58,lombar,8660,-676,-13664,207,-239,405,1037889
2026-05-19 20:10:58,esterno,2888,10512,11116,384,243,-81,380456
2026-05-19 20:10:58,lombar,8624,-636,-13736,209,-187,473,1037911
2026-05-19 20:10:58,esterno,2976,10976,11128,186,276,-85,380478
2026-05-19 20:10:58,lombar,8684,-616,-13660,228,-212,429,1037933
2026-05-19 20:10:58,esterno,2872,10900,11096,8,406,-54,380500
2026-05-19 20:10:58,lombar,8668,-588,-13548,248,-215,440,1037955
2026-05-19 20:10:59,esterno,2848,10948,11052,194,289,-47,380522
2026-05-19 20:10:59,lombar,8676,-652,-13732,232,-216,412,1037977
2026-05-19 20:10:59,esterno,2708,10992,11032,215,340,19,380544
2026-05-19 20:10:59,lombar,8656,-608,-13664,249,-263,461,1037999
2026-05-19 20:10:59,esterno,2796,10972,10648,29,568,-48,380566
2026-05-19 20:10:59,lombar,8716,-624,-13764,193,-253,399,1038021
2026-05-19 20:10:59,esterno,2832,10844,11288,91,393,-60,380588
2026-05-19 20:10:59,lombar,8616,-780,-13680,249,-237,429,1038043
2026-05-19 20:10:59,esterno,2964,10896,11184,-155,167,-97,380610
2026-05-19 20:10:59,lombar,8584,-692,-13460,299,-232,378,1038065
2026-05-19 20:10:59,esterno,2860,10928,10960,-58,150,4,380632
2026-05-19 20:10:59,lombar,8664,-616,-13716,196,-261,349,1038087
2026-05-19 20:10:59,esterno,2792,10844,10884,85,185,-13,380654
2026-05-19 20:10:59,lombar,8636,-636,-13788,151,-262,403,1038109
2026-05-19 20:10:59,esterno,2896,10836,11028,100,416,-78,380676
2026-05-19 20:10:59,lombar,8704,-660,-13684,265,-255,414,1038131
2026-05-19 20:10:59,esterno,2612,10992,11056,9,498,-87,380698
2026-05-19 20:10:59,lombar,8712,-628,-13604,208,-251,499,1038153
2026-05-19 20:10:59,esterno,2844,11148,11236,-262,407,-7,380720
2026-05-19 20:10:59,lombar,8676,-696,-13784,168,-242,470,1038175
2026-05-19 20:10:59,esterno,2848,11040,10916,-223,432,10,380742
2026-05-19 20:10:59,lombar,8624,-768,-13640,139,-318,400,1038197
2026-05-19 20:10:59,esterno,2820,10820,11040,-269,351,63,380764
2026-05-19 20:10:59,lombar,8508,-820,-13600,122,-288,355,1038219
2026-05-19 20:10:59,esterno,2764,10764,11016,-437,326,26,380786
2026-05-19 20:10:59,lombar,8588,-784,-13636,146,-228,395,1038241
2026-05-19 20:10:59,esterno,2752,10856,11140,-523,207,66,380808
2026-05-19 20:10:59,lombar,8564,-764,-13448,115,-337,386,1038263
2026-05-19 20:10:59,esterno,2824,10932,11044,-400,159,52,380830
2026-05-19 20:10:59,lombar,8536,-760,-13852,169,-334,394,1038285
2026-05-19 20:10:59,esterno,2812,11204,11296,-400,142,105,380852
2026-05-19 20:10:59,lombar,8692,-704,-13716,154,-301,387,1038307
2026-05-19 20:10:59,esterno,2852,11056,11004,-280,125,32,380874
2026-05-19 20:10:59,lombar,8608,-812,-13588,147,-276,322,1038329
2026-05-19 20:10:59,esterno,2752,10848,11312,-165,144,-8,380896
2026-05-19 20:10:59,lombar,8668,-592,-13488,167,-230,376,1038351
2026-05-19 20:10:59,esterno,2868,10972,11156,-81,114,-12,380918
2026-05-19 20:10:59,lombar,8772,-744,-13628,92,-280,404,1038373
2026-05-19 20:10:59,esterno,2708,11020,11280,-205,72,17,380940
2026-05-19 20:10:59,lombar,8588,-864,-13712,69,-274,343,1038395
2026-05-19 20:10:59,esterno,2768,10984,11040,-125,17,55,380962
2026-05-19 20:10:59,lombar,8624,-704,-13516,97,-247,353,1038417
2026-05-19 20:10:59,esterno,2876,10900,11316,-131,143,44,380984
2026-05-19 20:10:59,lombar,8544,-744,-13736,93,-196,352,1038439
2026-05-19 20:10:59,esterno,2732,10836,11040,-130,112,8,381006
2026-05-19 20:10:59,lombar,8528,-936,-13556,80,-279,346,1038461
2026-05-19 20:10:59,esterno,2876,10816,11044,-240,50,12,381028
2026-05-19 20:10:59,lombar,8548,-788,-13836,39,-265,286,1038483
2026-05-19 20:10:59,esterno,2724,10504,11064,-329,77,49,381050
2026-05-19 20:10:59,lombar,8688,-704,-13436,25,-251,254,1038505
2026-05-19 20:10:59,esterno,2700,10508,11304,-241,122,-56,381072
2026-05-19 20:10:59,lombar,8644,-756,-13496,-36,-317,232,1038527
2026-05-19 20:10:59,esterno,2780,10772,11280,-144,82,-152,381094
2026-05-19 20:10:59,lombar,8688,-792,-13316,-125,-417,139,1038549
2026-05-19 20:10:59,esterno,2816,10936,11132,-137,-78,-60,381116
2026-05-19 20:10:59,lombar,8732,-588,-13580,-193,-482,123,1038571
2026-05-19 20:10:59,esterno,2732,10872,11192,-348,57,37,381138
2026-05-19 20:10:59,lombar,8776,-652,-13580,-108,-574,264,1038593
2026-05-19 20:10:59,esterno,2740,10732,10380,-689,213,21,381160
2026-05-19 20:10:59,lombar,8680,-708,-13548,-133,-607,219,1038615
2026-05-19 20:10:59,esterno,2860,10960,10924,-631,-201,-42,381182
2026-05-19 20:10:59,lombar,8616,-732,-13844,-134,-433,157,1038637
2026-05-19 20:10:59,esterno,2780,11140,10716,-591,-265,69,381204
2026-05-19 20:10:59,lombar,8568,-540,-13832,108,-270,173,1038659
2026-05-19 20:10:59,esterno,2964,11132,11232,-361,375,155,381226
2026-05-19 20:10:59,lombar,8532,-556,-13784,68,-416,350,1038681
2026-05-19 20:10:59,esterno,3236,10772,11192,-134,155,-50,381248
2026-05-19 20:10:59,lombar,8492,-716,-13760,-55,-405,307,1038703
2026-05-19 20:10:59,esterno,2896,10768,11392,-59,196,-180,381270
2026-05-19 20:10:59,lombar,8692,-696,-13760,85,-267,257,1038725
2026-05-19 20:10:59,esterno,2620,10740,11360,-112,317,-106,381292
2026-05-19 20:10:59,lombar,8592,-412,-13752,23,-322,340,1038747
2026-05-19 20:10:59,esterno,2692,10784,11268,-365,211,-24,381314
2026-05-19 20:10:59,lombar,8500,-624,-13864,-43,-304,345,1038769
2026-05-19 20:10:59,esterno,2848,10832,11320,-548,158,88,381336
2026-05-19 20:10:59,lombar,8636,-664,-13708,68,-292,376,1038791
2026-05-19 20:10:59,esterno,2908,10820,11204,-506,221,127,381358
2026-05-19 20:10:59,lombar,8548,-752,-13804,82,-247,324,1038813
2026-05-19 20:10:59,esterno,2972,10652,11240,-313,158,4,381380
2026-05-19 20:10:59,lombar,8604,-584,-13636,0,-281,370,1038835
2026-05-19 20:10:59,esterno,2752,10604,11372,-243,59,-40,381402
2026-05-19 20:10:59,lombar,8648,-732,-13556,-22,-304,259,1038857
2026-05-19 20:10:59,esterno,2732,10748,11308,-147,101,-80,381424
2026-05-19 20:10:59,lombar,8588,-564,-13776,56,-293,294,1038879
2026-05-19 20:10:59,esterno,2840,10940,11372,-396,-1,38,381446
2026-05-19 20:10:59,lombar,8568,-620,-13716,76,-333,259,1038901
2026-05-19 20:10:59,esterno,2812,11012,11276,-374,99,1,381468
2026-05-19 20:10:59,lombar,8572,-792,-13684,34,-325,231,1038923
2026-05-19 20:10:59,esterno,2896,10732,11244,-259,59,-40,381490
2026-05-19 20:10:59,lombar,8764,-620,-13700,101,-325,262,1038945
2026-05-19 20:10:59,esterno,3016,10804,11164,-199,117,-70,381512
2026-05-19 20:11:00,lombar,8576,-532,-13772,125,-308,291,1038967
2026-05-19 20:11:00,esterno,2756,10776,11372,-368,187,-46,381534
2026-05-19 20:11:00,lombar,8596,-580,-13744,33,-358,299,1038989
2026-05-19 20:11:00,esterno,2780,10908,11432,-294,26,-26,381556
2026-05-19 20:11:00,lombar,8548,-496,-13760,19,-293,278,1039011
2026-05-19 20:11:00,esterno,2808,10900,11468,-352,42,54,381578
2026-05-19 20:11:00,lombar,8608,-580,-13760,32,-347,229,1039033
2026-05-19 20:11:00,esterno,2812,10716,11336,-426,16,20,381600
2026-05-19 20:11:00,lombar,8536,-536,-13820,-32,-378,314,1039055
2026-05-19 20:11:00,esterno,2816,10672,11224,-333,7,35,381622
2026-05-19 20:11:00,lombar,8564,-520,-13796,3,-299,356,1039077
2026-05-19 20:11:00,esterno,2864,10688,11364,-408,-64,78,381644
2026-05-19 20:11:00,lombar,8664,-612,-13736,-10,-346,324,1039099
2026-05-19 20:11:00,esterno,2808,10624,11260,-391,-83,55,381666
2026-05-19 20:11:00,lombar,8508,-496,-13912,6,-351,297,1039121
2026-05-19 20:11:00,esterno,2836,10740,11180,-256,-52,-36,381688
2026-05-19 20:11:00,esterno,2884,10896,11328,-282,-73,18,381710
2026-05-19 20:11:00,lombar,8520,-676,-13664,66,-335,344,1039143
2026-05-19 20:11:00,lombar,9092,-1112,-14648,-33,-847,966,1039165
2026-05-19 20:11:00,esterno,2844,10744,11384,-213,-89,69,381732
2026-05-19 20:11:00,lombar,8872,-1180,-13024,52,-311,110,1039187
2026-05-19 20:11:00,esterno,2752,10788,11276,-147,-151,105,381754
2026-05-19 20:11:00,lombar,8332,-552,-13740,-57,-455,273,1039209
2026-05-19 20:11:00,esterno,2796,10572,11260,-41,-52,54,381776
2026-05-19 20:11:00,lombar,8464,-588,-13852,80,-315,385,1039231
2026-05-19 20:11:00,esterno,2904,10716,11236,52,14,-2,381798
2026-05-19 20:11:00,lombar,8636,-668,-13776,25,-313,395,1039253
2026-05-19 20:11:00,esterno,3008,10936,11332,-106,-27,-6,381820
2026-05-19 20:11:00,lombar,8480,-684,-13860,21,-396,298,1039275
2026-05-19 20:11:00,esterno,2968,10820,11428,-177,55,28,381842
2026-05-19 20:11:00,lombar,8472,-488,-13716,90,-363,252,1039297
2026-05-19 20:11:00,esterno,2924,10900,11332,-152,183,48,381864
2026-05-19 20:11:00,lombar,8492,-504,-13856,58,-339,271,1039319
2026-05-19 20:11:00,esterno,2904,10560,11048,-109,218,-72,381886
2026-05-19 20:11:00,lombar,8468,-484,-13896,52,-378,297,1039341
2026-05-19 20:11:00,esterno,2900,10732,11516,80,446,-125,381908
2026-05-19 20:11:00,lombar,8604,-460,-13748,-2,-360,327,1039363
2026-05-19 20:11:00,esterno,2980,10748,11716,-42,-34,-23,381930
2026-05-19 20:11:00,lombar,8552,-628,-13696,65,-433,301,1039385
2026-05-19 20:11:00,esterno,2892,10784,11068,-595,-481,170,381952
2026-05-19 20:11:00,lombar,8472,-540,-13836,68,-368,289,1039407
2026-05-19 20:11:00,esterno,2908,10660,10900,-386,-366,103,381974
2026-05-19 20:11:00,lombar,8480,-552,-13872,-1,-322,371,1039429
2026-05-19 20:11:00,esterno,3188,10552,11188,101,59,-68,381996
2026-05-19 20:11:00,lombar,8476,-508,-13920,143,-304,332,1039451
2026-05-19 20:11:00,esterno,2940,10796,11208,67,186,-122,382018
2026-05-19 20:11:00,lombar,8504,-572,-13708,37,-444,354,1039473
2026-05-19 20:11:00,esterno,2868,10960,11704,-138,62,21,382040
2026-05-19 20:11:00,lombar,8512,-672,-13740,-13,-409,336,1039495
2026-05-19 20:11:00,esterno,2932,10936,11528,-230,-51,126,382062
2026-05-19 20:11:00,lombar,8492,-652,-13736,75,-338,286,1039517
2026-05-19 20:11:00,esterno,2992,10756,11332,-416,-96,70,382084
2026-05-19 20:11:00,lombar,8508,-472,-13676,37,-470,290,1039539
2026-05-19 20:11:00,esterno,2972,10636,11240,-701,-298,99,382106
2026-05-19 20:11:00,lombar,8500,-628,-13740,-33,-434,299,1039561
2026-05-19 20:11:00,esterno,2776,10512,11092,-602,-380,138,382128
2026-05-19 20:11:00,lombar,8408,-652,-13712,1,-434,265,1039583
2026-05-19 20:11:00,esterno,2860,10692,11128,-481,-443,170,382150
2026-05-19 20:11:00,lombar,8460,-396,-13808,78,-323,239,1039605
2026-05-19 20:11:00,esterno,3068,10836,11388,-730,-306,187,382172
2026-05-19 20:11:00,lombar,8492,-484,-13752,108,-383,276,1039627
2026-05-19 20:11:00,esterno,3100,10804,11344,-771,-211,107,382194
2026-05-19 20:11:00,lombar,8348,-564,-13584,5,-500,316,1039649
2026-05-19 20:11:00,esterno,3224,10560,11264,-728,-229,40,382216
2026-05-19 20:11:00,esterno,3228,10544,11624,-685,-314,82,382238
2026-05-19 20:11:00,lombar,8384,-544,-13984,88,-321,257,1039671
2026-05-19 20:11:00,lombar,8536,-408,-13712,86,-364,303,1039693
2026-05-19 20:11:00,esterno,3016,10552,11668,-763,-230,107,382260
2026-05-19 20:11:00,lombar,8428,-464,-13784,-33,-408,304,1039715
2026-05-19 20:11:00,esterno,3112,10676,11684,-822,-370,119,382282
2026-05-19 20:11:00,lombar,8348,-532,-13804,-9,-373,320,1039737
2026-05-19 20:11:00,esterno,3316,10604,11676,-813,-392,222,382304
2026-05-19 20:11:00,lombar,8436,-620,-13768,20,-346,320,1039759
2026-05-19 20:11:00,esterno,3304,10604,11452,-818,-389,234,382326
2026-05-19 20:11:00,lombar,8376,-548,-13944,47,-329,353,1039781
2026-05-19 20:11:00,esterno,3316,10388,11548,-846,-324,233,382348
2026-05-19 20:11:00,lombar,8404,-540,-13716,44,-334,340,1039803
2026-05-19 20:11:00,esterno,3320,10340,11428,-813,-226,118,382370
2026-05-19 20:11:00,lombar,8404,-536,-13760,41,-337,302,1039825
2026-05-19 20:11:00,esterno,3284,10388,11560,-767,-153,43,382392
2026-05-19 20:11:00,lombar,8500,-540,-13700,135,-311,333,1039847
2026-05-19 20:11:00,esterno,3256,10408,11520,-755,-189,46,382414
2026-05-19 20:11:00,lombar,8352,-408,-13712,86,-374,315,1039869
2026-05-19 20:11:00,esterno,3192,10428,11568,-877,-71,95,382436
2026-05-19 20:11:00,lombar,8496,-480,-13896,75,-344,328,1039891
2026-05-19 20:11:00,esterno,3208,10416,11500,-926,32,134,382458
2026-05-19 20:11:00,lombar,8560,-532,-13956,79,-319,316,1039913
2026-05-19 20:11:00,esterno,3200,10432,11644,-836,-48,123,382480
2026-05-19 20:11:00,lombar,8520,-516,-13752,74,-303,315,1039935
2026-05-19 20:11:00,esterno,3240,10200,11548,-652,-75,30,382502
2026-05-19 20:11:00,lombar,8388,-492,-13708,49,-317,317,1039957
2026-05-19 20:11:00,esterno,3232,10144,11744,-616,15,43,382524
2026-05-19 20:11:01,lombar,8352,-508,-13684,110,-299,295,1039979
2026-05-19 20:11:01,esterno,3416,10200,11684,-604,125,67,382546
2026-05-19 20:11:01,lombar,8472,-404,-13708,98,-288,308,1040001
2026-05-19 20:11:01,esterno,3308,10220,11692,-586,140,61,382568
2026-05-19 20:11:01,lombar,8404,-504,-13804,93,-294,342,1040023
2026-05-19 20:11:01,esterno,3452,10252,11884,-604,244,31,382590
2026-05-19 20:11:01,lombar,8432,-444,-13848,123,-293,306,1040045
2026-05-19 20:11:01,esterno,3292,10204,11756,-600,251,-31,382612
2026-05-19 20:11:01,lombar,8412,-420,-14060,119,-295,334,1040067
2026-05-19 20:11:01,esterno,3348,10288,11744,-426,42,-40,382634
2026-05-19 20:11:01,lombar,8380,-500,-13860,61,-248,372,1040089
2026-05-19 20:11:01,esterno,3456,10268,11796,-316,-59,31,382656
2026-05-19 20:11:01,lombar,8408,-536,-13832,53,-269,330,1040111
2026-05-19 20:11:01,esterno,3316,10196,11904,-329,-57,7,382678
2026-05-19 20:11:01,lombar,8332,-476,-13740,94,-282,372,1040133
2026-05-19 20:11:01,esterno,3400,10236,11760,-369,14,8,382700
2026-05-19 20:11:01,lombar,8468,-608,-13796,109,-287,380,1040155
2026-05-19 20:11:01,esterno,3340,10180,11608,-389,55,11,382722
2026-05-19 20:11:01,lombar,8424,-468,-13748,106,-262,315,1040177
2026-05-19 20:11:01,esterno,3400,10228,11588,-337,67,71,382744
2026-05-19 20:11:01,lombar,8400,-508,-13620,117,-283,300,1040199
2026-05-19 20:11:01,esterno,3320,10128,11760,-340,23,50,382766
2026-05-19 20:11:01,lombar,8436,-512,-13940,104,-285,319,1040221
2026-05-19 20:11:01,esterno,3260,10088,11756,-353,5,-22,382788
2026-05-19 20:11:01,lombar,8468,-500,-13788,100,-292,366,1040243
2026-05-19 20:11:01,esterno,3236,10248,11792,-362,1,-53,382810
2026-05-19 20:11:01,lombar,8304,-456,-14016,37,-275,345,1040265
2026-05-19 20:11:01,esterno,3352,10188,11944,-427,24,51,382832
2026-05-19 20:11:01,lombar,8388,-552,-13996,63,-306,338,1040287
2026-05-19 20:11:01,esterno,3420,10208,11800,-433,-102,99,382854
2026-05-19 20:11:01,lombar,8364,-524,-13776,94,-266,389,1040309
2026-05-19 20:11:01,esterno,3392,10052,10804,-252,315,30,382876
2026-05-19 20:11:01,lombar,8420,-536,-13984,121,-256,362,1040331
2026-05-19 20:11:01,esterno,3292,10140,12476,1,73,-115,382898
2026-05-19 20:11:01,lombar,8388,-424,-13744,73,-299,370,1040353
2026-05-19 20:11:01,esterno,3536,10176,12396,-154,-22,1,382920
2026-05-19 20:11:01,lombar,8376,-488,-13916,54,-301,294,1040375
2026-05-19 20:11:01,esterno,3264,10236,11652,-540,-246,166,382942
2026-05-19 20:11:01,lombar,8320,-604,-13868,64,-236,258,1040397
2026-05-19 20:11:01,esterno,3424,10036,11676,-346,-183,133,382964
2026-05-19 20:11:01,lombar,8368,-440,-14008,90,-218,295,1040419
2026-05-19 20:11:01,esterno,3592,10092,11620,-57,184,-70,382986
2026-05-19 20:11:01,lombar,8456,-328,-13880,189,-251,387,1040441
2026-05-19 20:11:01,esterno,3324,10160,11832,-354,495,-236,383008
2026-05-19 20:11:01,lombar,8372,-348,-13800,138,-346,454,1040463
2026-05-19 20:11:01,esterno,3396,9992,12172,-239,405,-304,383030
2026-05-19 20:11:01,lombar,8336,-644,-13536,87,-275,431,1040485
2026-05-19 20:11:01,esterno,3616,9980,11716,38,428,-204,383052
2026-05-19 20:11:01,lombar,8336,-620,-13700,128,-211,330,1040507
2026-05-19 20:11:01,esterno,3556,10072,11648,-138,564,-131,383074
2026-05-19 20:11:01,lombar,8424,-488,-13920,65,-243,402,1040529
2026-05-19 20:11:01,esterno,3136,10180,11864,-242,567,-2,383096
2026-05-19 20:11:01,lombar,8380,-576,-13940,61,-300,415,1040551
2026-05-19 20:11:01,esterno,3092,10144,12084,-353,389,170,383118
2026-05-19 20:11:01,lombar,8468,-644,-13860,9,-257,357,1040573
2026-05-19 20:11:01,esterno,3164,10392,11972,-468,303,359,383140
2026-05-19 20:11:01,lombar,8328,-548,-13752,72,-219,312,1040595
2026-05-19 20:11:01,esterno,3324,10300,11824,-607,481,352,383162
2026-05-19 20:11:01,lombar,8456,-580,-13788,184,-263,271,1040617
2026-05-19 20:11:01,esterno,3520,10196,11720,-768,568,187,383184
2026-05-19 20:11:01,lombar,8440,-500,-13836,132,-318,315,1040639
2026-05-19 20:11:01,esterno,3104,9892,12020,-824,380,53,383206
2026-05-19 20:11:01,lombar,8408,-532,-13644,121,-287,277,1040661
2026-05-19 20:11:01,esterno,3128,9812,11984,-468,171,18,383228
2026-05-19 20:11:01,lombar,8320,-508,-13764,139,-234,322,1040683
2026-05-19 20:11:01,esterno,3160,9976,11812,-396,196,90,383250
2026-05-19 20:11:01,lombar,8456,-428,-13656,93,-309,335,1040705
2026-05-19 20:11:01,esterno,3344,9940,12152,-419,86,54,383272
2026-05-19 20:11:01,lombar,8368,-564,-13836,79,-327,334,1040727
2026-05-19 20:11:01,esterno,3504,10096,12064,-289,43,61,383294
2026-05-19 20:11:01,lombar,8368,-560,-13844,109,-276,375,1040749
2026-05-19 20:11:01,esterno,3620,9928,12292,-285,-11,-12,383316
2026-05-19 20:11:01,lombar,8360,-488,-13932,115,-273,339,1040771
2026-05-19 20:11:01,esterno,3556,9984,12060,-319,23,-4,383338
2026-05-19 20:11:01,lombar,8380,-592,-13916,90,-251,395,1040793
2026-05-19 20:11:01,esterno,3488,9972,12068,-389,5,-5,383360
2026-05-19 20:11:01,lombar,8340,-508,-13792,89,-246,389,1040815
2026-05-19 20:11:01,esterno,3420,9852,11836,-310,14,-20,383382
2026-05-19 20:11:01,lombar,8308,-616,-13984,100,-233,405,1040837
2026-05-19 20:11:01,esterno,3176,9808,11820,-264,25,-43,383404
2026-05-19 20:11:01,lombar,8376,-548,-13680,107,-249,337,1040859
2026-05-19 20:11:01,esterno,3264,9872,11992,-247,69,-18,383426
2026-05-19 20:11:01,lombar,8388,-580,-13764,106,-251,347,1040881
2026-05-19 20:11:01,esterno,3312,9880,11984,-238,111,18,383448
2026-05-19 20:11:01,lombar,8392,-588,-13644,93,-251,355,1040903
2026-05-19 20:11:01,esterno,3312,9984,11848,-228,145,13,383470
2026-05-19 20:11:01,lombar,8420,-588,-13692,121,-263,354,1040925
2026-05-19 20:11:01,esterno,3312,9976,11988,-217,168,-55,383492
2026-05-19 20:11:01,lombar,8488,-540,-13672,142,-270,298,1040947
2026-05-19 20:11:02,esterno,3308,9968,12000,-217,175,-41,383514
2026-05-19 20:11:02,lombar,8436,-500,-13720,101,-280,365,1040969
2026-05-19 20:11:02,esterno,3440,9996,11988,-178,187,-20,383536
2026-05-19 20:11:02,lombar,8408,-576,-13908,101,-283,345,1040991
2026-05-19 20:11:02,esterno,3308,9944,12124,-177,142,84,383558
2026-05-19 20:11:02,lombar,8328,-668,-13780,79,-257,358,1041013
2026-05-19 20:11:02,esterno,3308,9832,12088,-117,140,86,383580
2026-05-19 20:11:02,lombar,8320,-564,-13872,70,-232,305,1041035
2026-05-19 20:11:02,esterno,3288,10004,12080,-60,112,15,383602
2026-05-19 20:11:02,lombar,8472,-548,-13752,69,-252,270,1041057
2026-05-19 20:11:02,esterno,3340,9948,12000,-54,116,26,383624
2026-05-19 20:11:02,lombar,8456,-548,-13732,96,-244,313,1041079
2026-05-19 20:11:02,esterno,3520,10024,11928,-101,88,58,383646
2026-05-19 20:11:02,lombar,8376,-460,-13904,100,-230,336,1041101
2026-05-19 20:11:02,esterno,3420,10000,11940,-169,126,16,383668
2026-05-19 20:11:02,lombar,8404,-536,-13876,74,-262,374,1041123
2026-05-19 20:11:02,esterno,3472,9868,11940,-228,119,-41,383690
2026-05-19 20:11:02,lombar,8384,-548,-13848,85,-274,368,1041145
2026-05-19 20:11:02,esterno,3452,9956,12096,-224,77,-83,383712
2026-05-19 20:11:02,lombar,8328,-536,-13728,90,-248,328,1041167
2026-05-19 20:11:02,esterno,3424,9972,12060,-215,-40,-12,383734
2026-05-19 20:11:02,lombar,8460,-576,-13812,107,-283,407,1041189
2026-05-19 20:11:02,esterno,3308,9860,11112,-2,419,-24,383756
2026-05-19 20:11:02,lombar,8540,-512,-13872,110,-245,344,1041211
2026-05-19 20:11:02,esterno,3504,10056,12316,-52,-176,-13,383778
2026-05-19 20:11:02,lombar,8436,-592,-13688,36,-330,412,1041233
2026-05-19 20:11:02,esterno,3388,9952,12204,-78,159,-17,383800
2026-05-19 20:11:02,lombar,8400,-536,-13780,111,-261,280,1041255
2026-05-19 20:11:02,esterno,3320,9972,12060,-437,-227,82,383822
2026-05-19 20:11:02,lombar,8324,-452,-13952,124,-235,364,1041277
2026-05-19 20:11:02,esterno,3244,9788,11860,-313,-24,107,383844
2026-05-19 20:11:02,lombar,8420,-592,-13844,15,-276,318,1041299
2026-05-19 20:11:02,esterno,3476,9796,11900,-29,142,-2,383866
2026-05-19 20:11:02,lombar,8444,-420,-13996,169,-215,299,1041321
2026-05-19 20:11:02,esterno,3392,9884,11936,-127,416,-110,383888
2026-05-19 20:11:02,lombar,8488,-416,-13792,76,-336,393,1041343
2026-05-19 20:11:02,esterno,3208,9896,12068,-35,445,-143,383910
2026-05-19 20:11:02,lombar,8276,-720,-13912,10,-311,343,1041365
2026-05-19 20:11:02,esterno,3184,9852,12060,201,329,-93,383932
2026-05-19 20:11:02,lombar,8364,-596,-13776,105,-234,306,1041387
2026-05-19 20:11:02,esterno,3340,9868,12092,123,342,11,383954
2026-05-19 20:11:02,lombar,8356,-504,-13704,104,-263,368,1041409
2026-05-19 20:11:02,esterno,3352,10028,12040,-105,372,21,383976
2026-05-19 20:11:02,lombar,8424,-612,-13780,73,-288,375,1041431
2026-05-19 20:11:02,esterno,3264,10112,11996,-176,260,58,383998
2026-05-19 20:11:02,lombar,8316,-608,-13752,97,-296,315,1041453
2026-05-19 20:11:02,esterno,3264,9956,12056,-185,123,71,384020
2026-05-19 20:11:02,lombar,8468,-448,-13820,117,-223,250,1041475
2026-05-19 20:11:02,esterno,3368,9920,11984,-252,323,70,384042
2026-05-19 20:11:02,lombar,8424,-516,-13948,157,-278,304,1041497
2026-05-19 20:11:02,esterno,3384,9956,11728,-285,304,25,384064
2026-05-19 20:11:02,lombar,8432,-592,-13684,87,-319,404,1041519
2026-05-19 20:11:02,esterno,3332,9876,11992,-301,219,34,384086
2026-05-19 20:11:02,lombar,8460,-540,-13896,68,-276,301,1041541
2026-05-19 20:11:02,esterno,3412,9888,12084,-183,184,-30,384108
2026-05-19 20:11:02,lombar,8380,-476,-13640,148,-253,302,1041563
2026-05-19 20:11:02,esterno,3480,10020,12024,-229,273,-13,384130
2026-05-19 20:11:02,lombar,8412,-536,-13836,107,-311,406,1041585
2026-05-19 20:11:02,esterno,3388,9844,12024,-258,205,28,384152
2026-05-19 20:11:02,lombar,8432,-600,-13784,64,-305,329,1041607
2026-05-19 20:11:02,esterno,3324,9864,12076,-114,92,35,384174
2026-05-19 20:11:02,lombar,8404,-540,-13832,93,-264,283,1041629
2026-05-19 20:11:02,esterno,3424,9864,12092,-135,32,-4,384196
2026-05-19 20:11:02,lombar,8484,-412,-13796,83,-249,354,1041651
2026-05-19 20:11:02,esterno,3364,10036,11968,-229,71,13,384218
2026-05-19 20:11:02,lombar,8384,-556,-13928,69,-278,392,1041673
2026-05-19 20:11:02,esterno,3268,9920,12024,-235,71,55,384240
2026-05-19 20:11:02,lombar,8440,-500,-13704,93,-262,326,1041695
2026-05-19 20:11:02,esterno,3500,9924,12020,-207,111,30,384262
2026-05-19 20:11:02,lombar,8412,-548,-13724,110,-259,328,1041717
2026-05-19 20:11:02,esterno,3368,9896,12064,-216,171,11,384284
2026-05-19 20:11:02,lombar,8352,-552,-13728,106,-258,376,1041739
2026-05-19 20:11:02,esterno,3284,9864,12148,-209,199,-52,384306
2026-05-19 20:11:02,lombar,8408,-600,-13824,80,-277,353,1041761
2026-05-19 20:11:02,esterno,3284,10104,12056,-191,221,-51,384328
2026-05-19 20:11:02,lombar,8452,-460,-13816,89,-295,383,1041783
2026-05-19 20:11:02,esterno,3220,9844,12140,-175,201,7,384350
2026-05-19 20:11:02,lombar,8320,-560,-13764,112,-260,330,1041805
2026-05-19 20:11:02,esterno,3380,9932,11920,-146,188,34,384372
2026-05-19 20:11:02,lombar,8356,-480,-13592,89,-274,327,1041827
2026-05-19 20:11:02,esterno,3304,9916,11904,-146,191,6,384394
2026-05-19 20:11:02,lombar,8440,-588,-13936,77,-269,307,1041849
2026-05-19 20:11:02,esterno,3512,9928,12184,-129,176,-26,384416
2026-05-19 20:11:02,lombar,8352,-504,-13796,81,-273,334,1041871
2026-05-19 20:11:02,esterno,3240,9832,12168,-102,197,27,384438
2026-05-19 20:11:02,lombar,8436,-564,-13824,55,-277,331,1041893
2026-05-19 20:11:02,esterno,3392,9824,12092,-116,133,39,384460
2026-05-19 20:11:02,lombar,8436,-552,-13768,100,-265,375,1041915
2026-05-19 20:11:02,esterno,3352,9892,11956,-176,130,20,384482
2026-05-19 20:11:02,lombar,8368,-584,-13880,122,-261,336,1041937
2026-05-19 20:11:02,esterno,3308,9952,11852,-196,127,-50,384504
2026-05-19 20:11:02,lombar,8448,-480,-13792,90,-279,321,1041959
2026-05-19 20:11:02,esterno,3336,9892,11980,-196,95,-4,384526
2026-05-19 20:11:03,lombar,8376,-524,-13948,51,-250,339,1041981
2026-05-19 20:11:03,esterno,3416,9956,12036,-172,78,47,384548
2026-05-19 20:11:03,lombar,8384,-500,-13792,93,-281,300,1042003
2026-05-19 20:11:03,esterno,3268,9804,11996,-147,22,56,384570
2026-05-19 20:11:03,lombar,8492,-540,-13724,93,-274,364,1042025
2026-05-19 20:11:03,esterno,3188,9892,11572,13,452,-52,384592
2026-05-19 20:11:03,lombar,8428,-460,-13872,106,-248,310,1042047
2026-05-19 20:11:03,esterno,3572,9960,12288,-33,-110,-51,384614
2026-05-19 20:11:03,lombar,8396,-536,-13776,24,-310,335,1042069
2026-05-19 20:11:03,esterno,3308,10072,12284,-222,-9,13,384636
2026-05-19 20:11:03,lombar,8396,-600,-13584,154,-218,299,1042091
2026-05-19 20:11:03,esterno,3316,9820,11884,-278,-189,116,384658
2026-05-19 20:11:03,lombar,8392,-440,-13848,88,-227,318,1042113
2026-05-19 20:11:03,esterno,3336,9696,11896,-184,66,63,384680
2026-05-19 20:11:03,lombar,8528,-652,-13844,0,-286,335,1042135
2026-05-19 20:11:03,esterno,3564,9792,11924,18,212,-99,384702
2026-05-19 20:11:03,lombar,8344,-456,-13916,167,-232,327,1042157
2026-05-19 20:11:03,esterno,3364,9944,11908,-83,479,-107,384724
2026-05-19 20:11:03,lombar,8336,-372,-13776,77,-318,408,1042179
2026-05-19 20:11:03,esterno,3232,10004,12160,-65,405,-66,384746
2026-05-19 20:11:03,lombar,8356,-624,-13820,2,-289,385,1042201
2026-05-19 20:11:03,esterno,3332,9832,12192,132,315,14,384768
2026-05-19 20:11:03,lombar,8416,-540,-13792,90,-255,274,1042223
2026-05-19 20:11:03,esterno,3492,9868,11824,52,333,-3,384790
2026-05-19 20:11:03,lombar,8360,-472,-13664,81,-272,333,1042245
2026-05-19 20:11:03,esterno,3432,9968,12024,-144,360,-3,384812
2026-05-19 20:11:03,lombar,8416,-616,-13812,71,-266,392,1042267
2026-05-19 20:11:03,esterno,3224,9864,11996,-186,309,28,384834
2026-05-19 20:11:03,lombar,8464,-636,-13964,113,-256,318,1042289
2026-05-19 20:11:03,esterno,3312,9852,12076,-174,223,67,384856
2026-05-19 20:11:03,lombar,8444,-568,-13836,155,-232,290,1042311
2026-05-19 20:11:03,esterno,3368,9924,12192,-255,265,23,384878
2026-05-19 20:11:03,lombar,8428,-504,-13588,151,-281,257,1042333
2026-05-19 20:11:03,esterno,3176,9944,12100,-254,339,-66,384900
2026-05-19 20:11:03,lombar,8584,-540,-13720,82,-305,378,1042355
2026-05-19 20:11:03,esterno,3276,9900,12048,-270,176,0,384922
2026-05-19 20:11:03,lombar,8472,-536,-13884,111,-248,253,1042377
2026-05-19 20:11:03,esterno,3388,9968,12068,-164,269,44,384944
2026-05-19 20:11:03,lombar,8436,-496,-13716,147,-295,332,1042399
2026-05-19 20:11:03,esterno,3376,9892,12104,-265,328,69,384966
2026-05-19 20:11:03,lombar,8444,-464,-13852,68,-322,305,1042421
2026-05-19 20:11:03,esterno,3288,9880,11956,-212,246,-29,384988
2026-05-19 20:11:03,lombar,8364,-584,-13972,58,-274,279,1042443
2026-05-19 20:11:03,esterno,3248,9884,12112,-88,107,-59,385010
2026-05-19 20:11:03,lombar,8372,-568,-13960,82,-256,273,1042465
2026-05-19 20:11:03,esterno,3424,9892,12116,-158,112,-13,385032
2026-05-19 20:11:03,lombar,8404,-548,-13812,111,-282,342,1042487
2026-05-19 20:11:03,esterno,3244,9964,11984,-177,130,63,385054
2026-05-19 20:11:03,lombar,8388,-488,-13832,69,-242,360,1042509
2026-05-19 20:11:03,esterno,3188,9980,12020,-162,168,34,385076
2026-05-19 20:11:03,lombar,8468,-560,-13812,58,-259,345,1042531
2026-05-19 20:11:03,esterno,3288,9952,11928,-171,175,18,385098
2026-05-19 20:11:03,lombar,8432,-620,-13728,117,-270,372,1042553
2026-05-19 20:11:03,esterno,3328,9884,12064,-123,263,-68,385120
2026-05-19 20:11:03,lombar,8416,-484,-13684,73,-279,330,1042575
2026-05-19 20:11:03,esterno,3168,9804,11980,-105,264,-71,385142
2026-05-19 20:11:03,lombar,8448,-436,-13728,34,-290,381,1042597
2026-05-19 20:11:03,esterno,3176,9924,12072,-71,244,23,385164
2026-05-19 20:11:03,lombar,8388,-500,-13764,23,-292,392,1042619
2026-05-19 20:11:03,esterno,3192,10080,11976,-100,167,34,385186
2026-05-19 20:11:03,lombar,8324,-484,-13688,24,-272,300,1042641
2026-05-19 20:11:03,esterno,3216,9924,12040,-47,204,17,385208
2026-05-19 20:11:03,lombar,8424,-536,-13832,9,-294,340,1042663
2026-05-19 20:11:03,esterno,3348,9808,12052,-16,210,18,385230
2026-05-19 20:11:03,lombar,8444,-512,-13800,-14,-289,332,1042685
2026-05-19 20:11:03,esterno,3476,9860,12108,-45,200,58,385252
2026-05-19 20:11:03,lombar,8396,-476,-13780,36,-249,287,1042707
2026-05-19 20:11:03,esterno,3424,9800,11900,-140,246,11,385274
2026-05-19 20:11:03,lombar,8416,-504,-13872,90,-276,317,1042729
2026-05-19 20:11:03,esterno,3416,10036,11868,-190,284,-68,385296
2026-05-19 20:11:03,lombar,8440,-476,-13784,71,-275,270,1042751
2026-05-19 20:11:03,esterno,3356,10004,12120,-235,325,-86,385318
2026-05-19 20:11:03,lombar,8404,-492,-13804,69,-277,281,1042773
2026-05-19 20:11:03,esterno,3372,9888,12080,-349,277,-25,385340
2026-05-19 20:11:03,lombar,8456,-460,-13848,103,-258,262,1042795
2026-05-19 20:11:03,esterno,3284,9784,12028,-248,277,-8,385362
2026-05-19 20:11:03,lombar,8308,-524,-13844,61,-267,251,1042817
2026-05-19 20:11:03,esterno,3184,9796,11704,-102,648,-100,385384
2026-05-19 20:11:03,lombar,8452,-460,-13872,42,-313,350,1042839
2026-05-19 20:11:03,esterno,3492,9952,12192,-149,154,-121,385406
2026-05-19 20:11:03,lombar,8440,-496,-13872,-147,-384,357,1042861
2026-05-19 20:11:03,esterno,3296,9988,12376,-282,116,-41,385428
2026-05-19 20:11:03,lombar,8472,-532,-13852,-226,-405,426,1042883
2026-05-19 20:11:03,esterno,3204,9852,11796,-366,118,31,385450
2026-05-19 20:11:03,lombar,8364,-416,-13852,-284,-378,375,1042905
2026-05-19 20:11:03,esterno,3320,9704,11908,-176,313,-47,385472
2026-05-19 20:11:03,lombar,8312,-568,-13840,-244,-371,366,1042927
2026-05-19 20:11:03,esterno,3292,9700,11860,59,453,-172,385494
2026-05-19 20:11:03,lombar,8348,-404,-13884,-51,-301,327,1042949
2026-05-19 20:11:03,esterno,2992,9760,11916,98,679,-249,385516
2026-05-19 20:11:04,lombar,8456,-344,-13812,-36,-361,384,1042971
2026-05-19 20:11:04,esterno,2864,9980,12296,62,627,-212,385538
2026-05-19 20:11:04,lombar,8376,-576,-13780,-249,-393,404,1042993
2026-05-19 20:11:04,esterno,3180,9940,11968,191,581,-110,385560
2026-05-19 20:11:04,lombar,8340,-588,-13888,-235,-400,427,1043015
2026-05-19 20:11:04,esterno,3312,9864,11964,102,597,-68,385582
2026-05-19 20:11:04,lombar,8352,-404,-13660,-17,-360,303,1043037
2026-05-19 20:11:04,esterno,3216,9976,12072,-108,780,-156,385604
2026-05-19 20:11:04,lombar,8312,-460,-13844,37,-308,298,1043059
2026-05-19 20:11:04,esterno,3332,9996,12084,-222,810,-211,385626
2026-05-19 20:11:04,lombar,8372,-488,-13876,20,-304,288,1043081
2026-05-19 20:11:04,esterno,3140,10004,11940,-292,829,-257,385648
2026-05-19 20:11:04,lombar,8376,-316,-13708,63,-279,303,1043103
2026-05-19 20:11:04,esterno,3180,9976,12152,-404,843,-205,385670
2026-05-19 20:11:04,lombar,8300,-396,-13908,107,-304,275,1043125
2026-05-19 20:11:04,esterno,2912,9748,12080,-358,1040,-307,385692
2026-05-19 20:11:04,lombar,8388,-484,-13728,127,-252,323,1043147
2026-05-19 20:11:04,esterno,2908,9648,12020,-344,932,-367,385714
2026-05-19 20:11:04,lombar,8416,-536,-13936,153,-262,197,1043169
2026-05-19 20:11:04,esterno,2976,9956,12120,-238,1029,-364,385736
2026-05-19 20:11:04,lombar,8420,-428,-13948,214,-257,219,1043191
2026-05-19 20:11:04,esterno,3004,9904,12136,-248,1223,-328,385758
2026-05-19 20:11:04,lombar,8428,-428,-13840,182,-256,252,1043213
2026-05-19 20:11:04,esterno,2876,9888,12080,-191,1215,-350,385780
2026-05-19 20:11:04,esterno,2688,9932,12156,-7,1060,-387,385802
2026-05-19 20:11:04,lombar,8344,-472,-13832,143,-203,159,1043235
2026-05-19 20:11:04,lombar,8368,-432,-13812,241,-191,246,1043257
2026-05-19 20:11:04,esterno,2680,9820,12144,67,942,-353,385824
2026-05-19 20:11:04,lombar,8352,-316,-13612,287,-166,188,1043279
2026-05-19 20:11:04,esterno,2544,9772,12040,91,835,-317,385846
2026-05-19 20:11:04,lombar,8392,-452,-13860,284,-144,163,1043301
2026-05-19 20:11:04,esterno,2532,9772,11936,177,866,-336,385868
2026-05-19 20:11:04,lombar,8356,-376,-13676,296,-139,168,1043323
2026-05-19 20:11:04,esterno,2540,10100,12060,232,867,-290,385890
2026-05-19 20:11:04,lombar,8504,-428,-13796,277,-147,137,1043345
2026-05-19 20:11:04,esterno,2560,9996,12172,240,877,-336,385912
2026-05-19 20:11:04,esterno,2520,9900,12156,219,854,-318,385934
2026-05-19 20:11:04,lombar,8364,-416,-13920,313,-137,138,1043367
2026-05-19 20:11:04,lombar,8448,-376,-13768,336,-139,193,1043389
2026-05-19 20:11:04,esterno,2408,9956,12124,179,887,-282,385956
2026-05-19 20:11:04,lombar,8444,-356,-13832,206,-239,222,1043411
2026-05-19 20:11:04,esterno,2308,10076,12148,174,917,-282,385978
2026-05-19 20:11:04,lombar,8408,-408,-13848,161,-194,194,1043433
2026-05-19 20:11:04,esterno,2400,10124,12240,124,769,-291,386000
2026-05-19 20:11:04,lombar,8504,-512,-13868,176,-171,181,1043455
2026-05-19 20:11:04,esterno,2504,10092,11896,123,679,-269,386022
2026-05-19 20:11:04,lombar,8468,-520,-13828,198,-174,192,1043477
2026-05-19 20:11:04,esterno,2384,10088,12052,181,744,-186,386044
2026-05-19 20:11:04,lombar,8436,-532,-13752,225,-172,252,1043499
2026-05-19 20:11:04,esterno,2348,10108,12160,229,735,-160,386066
2026-05-19 20:11:04,lombar,8456,-380,-13880,235,-167,240,1043521
2026-05-19 20:11:04,esterno,2240,10104,12224,203,706,-232,386088
2026-05-19 20:11:04,lombar,8432,-548,-13852,267,-162,234,1043543
2026-05-19 20:11:04,esterno,2468,10124,12116,373,731,-286,386110
2026-05-19 20:11:04,lombar,8448,-400,-14060,240,-233,181,1043565
2026-05-19 20:11:04,esterno,2364,10328,11752,356,1080,-345,386132
2026-05-19 20:11:04,lombar,8416,-404,-13816,304,-157,161,1043587
2026-05-19 20:11:04,esterno,2308,10260,12424,348,672,-241,386154
2026-05-19 20:11:04,lombar,8428,-572,-13816,255,-211,224,1043609
2026-05-19 20:11:04,esterno,2272,10428,12200,123,515,-159,386176
2026-05-19 20:11:04,lombar,8532,-424,-13856,295,-226,200,1043631
2026-05-19 20:11:04,esterno,2128,10132,11908,-34,494,-148,386198
2026-05-19 20:11:04,lombar,8480,-380,-13700,302,-192,177,1043653
2026-05-19 20:11:04,esterno,2052,10020,11772,81,488,-240,386220
2026-05-19 20:11:04,lombar,8420,-436,-13676,173,-203,259,1043675
2026-05-19 20:11:04,esterno,2192,9956,11812,351,614,-203,386242
2026-05-19 20:11:04,lombar,8444,-448,-13948,179,-164,314,1043697
2026-05-19 20:11:04,esterno,1948,10100,11876,346,832,-112,386264
2026-05-19 20:11:04,lombar,8548,-460,-13728,104,-270,399,1043719
2026-05-19 20:11:04,esterno,1888,10276,12040,215,786,-114,386286
2026-05-19 20:11:04,lombar,8400,-548,-13752,-107,-325,385,1043741
2026-05-19 20:11:04,esterno,2000,10372,12084,200,672,-157,386308
2026-05-19 20:11:04,lombar,8472,-580,-13784,25,-281,391,1043763
2026-05-19 20:11:04,esterno,2160,10344,12056,156,653,-173,386330
2026-05-19 20:11:04,lombar,8416,-460,-13680,152,-241,226,1043785
2026-05-19 20:11:04,esterno,1984,10180,11808,4,708,-122,386352
2026-05-19 20:11:04,lombar,8484,-476,-13660,175,-254,272,1043807
2026-05-19 20:11:04,esterno,2000,10336,11956,-7,558,-70,386374
2026-05-19 20:11:04,lombar,8576,-476,-13772,176,-257,295,1043829
2026-05-19 20:11:04,esterno,1920,10168,11656,58,452,-62,386396
2026-05-19 20:11:04,lombar,8520,-412,-13672,200,-227,292,1043851
2026-05-19 20:11:04,esterno,1992,10200,12092,-121,318,-1,386418
2026-05-19 20:11:04,lombar,8484,-436,-13888,136,-308,319,1043873
2026-05-19 20:11:04,esterno,1884,10300,11696,-152,342,10,386440
2026-05-19 20:11:04,lombar,8472,-548,-13744,80,-368,293,1043895
2026-05-19 20:11:04,esterno,1916,9940,11560,36,161,81,386462
2026-05-19 20:11:04,lombar,7996,-440,-13264,103,-613,249,1043917
2026-05-19 20:11:04,esterno,1896,10088,12024,143,163,38,386484
2026-05-19 20:11:04,lombar,8452,-396,-13888,190,-211,283,1043939
2026-05-19 20:11:04,esterno,2028,10240,12144,55,217,-58,386506
2026-05-19 20:11:04,lombar,8564,-536,-13916,57,-310,312,1043961
2026-05-19 20:11:04,esterno,2092,10504,12200,21,51,-28,386528
2026-05-19 20:11:05,lombar,8480,-592,-13864,64,-326,248,1043983
2026-05-19 20:11:05,esterno,1976,10328,12024,113,-65,22,386550
2026-05-19 20:11:05,lombar,8352,-516,-13768,129,-255,245,1044005
2026-05-19 20:11:05,esterno,2188,10196,11888,145,12,13,386572
2026-05-19 20:11:05,lombar,8392,-344,-13732,129,-277,255,1044027
2026-05-19 20:11:05,esterno,2168,10236,11888,68,68,-28,386594
2026-05-19 20:11:05,lombar,8368,-452,-13864,116,-247,336,1044049
2026-05-19 20:11:05,esterno,2108,10196,11860,169,80,-61,386616
2026-05-19 20:11:05,lombar,8388,-572,-13964,172,-259,260,1044071
2026-05-19 20:11:05,esterno,2044,10180,11880,146,26,-45,386638
2026-05-19 20:11:05,lombar,8396,-576,-13716,198,-233,216,1044093
2026-05-19 20:11:05,esterno,2028,10344,11904,43,-30,51,386660
2026-05-19 20:11:05,lombar,8480,-396,-13860,157,-258,315,1044115
2026-05-19 20:11:05,esterno,1988,10396,11720,-27,-88,53,386682
2026-05-19 20:11:05,lombar,8556,-392,-13968,125,-275,299,1044137
2026-05-19 20:11:05,esterno,1784,10368,11944,-65,-21,-21,386704
2026-05-19 20:11:05,lombar,8552,-540,-13860,111,-266,327,1044159
2026-05-19 20:11:05,esterno,1960,10512,11596,-157,39,-51,386726
2026-05-19 20:11:05,lombar,8508,-464,-13668,96,-317,317,1044181
2026-05-19 20:11:05,esterno,1888,10408,11720,-89,65,-3,386748
2026-05-19 20:11:05,lombar,8404,-524,-13684,75,-279,311,1044203
2026-05-19 20:11:05,esterno,1864,10348,11968,18,54,23,386770
2026-05-19 20:11:05,lombar,8476,-432,-13872,81,-244,300,1044225
2026-05-19 20:11:05,esterno,2056,10332,11848,-58,-8,13,386792
2026-05-19 20:11:05,lombar,8492,-448,-13752,67,-259,269,1044247
2026-05-19 20:11:05,esterno,1980,10412,11348,129,213,-24,386814
2026-05-19 20:11:05,esterno,1964,10428,11852,106,150,-41,386836
2026-05-19 20:11:05,lombar,8488,-440,-13668,78,-263,268,1044269
2026-05-19 20:11:05,lombar,8516,-472,-13700,50,-296,323,1044291
2026-05-19 20:11:05,esterno,2112,10376,12084,-13,-5,29,386858
2026-05-19 20:11:05,lombar,8468,-460,-13900,71,-271,250,1044313
2026-05-19 20:11:05,esterno,2020,10276,11640,-250,-242,103,386880
2026-05-19 20:11:05,lombar,8448,-300,-13756,149,-241,322,1044335
2026-05-19 20:11:05,esterno,1944,10212,11476,-181,54,-25,386902
2026-05-19 20:11:05,lombar,8400,-484,-13868,104,-231,275,1044357
2026-05-19 20:11:05,esterno,2248,10264,11688,-59,171,-49,386924
2026-05-19 20:11:05,lombar,8504,-480,-13964,98,-225,346,1044379
2026-05-19 20:11:05,esterno,2088,10476,11696,118,427,-74,386946
2026-05-19 20:11:05,lombar,8508,-488,-13696,158,-275,358,1044401
2026-05-19 20:11:05,esterno,1916,10480,11888,-104,508,-13,386968
2026-05-19 20:11:05,lombar,8520,-388,-13696,37,-316,367,1044423
2026-05-19 20:11:05,esterno,1860,10464,11864,-4,395,-10,386990
2026-05-19 20:11:05,lombar,8496,-564,-13620,88,-264,314,1044445
2026-05-19 20:11:05,esterno,2064,10512,11720,-79,279,-27,387012
2026-05-19 20:11:05,lombar,8436,-484,-13672,124,-269,321,1044467
2026-05-19 20:11:05,esterno,2104,10412,11592,-183,242,-25,387034
2026-05-19 20:11:05,lombar,8384,-452,-13752,85,-260,372,1044489
2026-05-19 20:11:05,esterno,2080,10428,11656,-199,258,57,387056
2026-05-19 20:11:05,lombar,8484,-544,-13692,83,-275,330,1044511
2026-05-19 20:11:05,esterno,1996,10368,11604,-155,235,19,387078
2026-05-19 20:11:05,lombar,8480,-464,-13840,151,-239,312,1044533
2026-05-19 20:11:05,esterno,2024,10440,12020,-307,155,24,387100
2026-05-19 20:11:05,lombar,8412,-364,-13684,96,-239,324,1044555
2026-05-19 20:11:05,esterno,1892,10448,11820,-246,170,-22,387122
2026-05-19 20:11:05,lombar,8436,-496,-15628,909,-329,442,1044577
2026-05-19 20:11:05,esterno,2036,10600,11824,-440,204,111,387144
2026-05-19 20:11:05,lombar,8288,-196,-15300,3524,-283,758,1044599
2026-05-19 20:11:05,esterno,2228,10788,11980,-611,323,275,387166
2026-05-19 20:11:05,lombar,8536,-124,-12628,1721,-1533,976,1044621
2026-05-19 20:11:05,esterno,2140,10916,12016,-902,372,399,387188
2026-05-19 20:11:05,lombar,8088,-964,-13724,298,-560,879,1044643
2026-05-19 20:11:05,esterno,2128,10780,12088,-1075,173,472,387210
2026-05-19 20:11:05,lombar,8252,-1104,-13468,-104,-657,668,1044665
2026-05-19 20:11:05,esterno,2088,10104,11852,-1151,-14,592,387232
2026-05-19 20:11:05,lombar,8320,-948,-13676,-105,-426,481,1044687
2026-05-19 20:11:05,esterno,1984,9600,11488,-1068,-23,533,387254
2026-05-19 20:11:05,lombar,8624,-968,-13552,-2,-575,349,1044709
2026-05-19 20:11:05,esterno,1876,9592,11524,-806,64,466,387276
2026-05-19 20:11:05,lombar,8604,-920,-13556,11,-589,316,1044731
2026-05-19 20:11:05,esterno,2012,9900,11684,-584,144,292,387298
2026-05-19 20:11:05,esterno,2212,10248,11996,-361,266,123,387320
2026-05-19 20:11:05,lombar,8584,-940,-13760,-4,-615,264,1044753
2026-05-19 20:11:05,lombar,8464,-908,-13576,145,-513,215,1044775
2026-05-19 20:11:05,esterno,2200,10376,12008,-213,348,8,387342
2026-05-19 20:11:05,esterno,2008,10272,11928,-123,382,-14,387364
2026-05-19 20:11:05,lombar,8432,-784,-13892,281,-420,224,1044797
2026-05-19 20:11:05,esterno,1924,10276,11912,-172,429,-79,387386
2026-05-19 20:11:05,lombar,8308,-812,-13984,230,-294,264,1044819
2026-05-19 20:11:05,lombar,8176,-688,-14180,171,-101,275,1044841
2026-05-19 20:11:05,esterno,1916,10276,11968,-166,392,-88,387408
2026-05-19 20:11:05,lombar,8272,-684,-13852,161,-17,253,1044863
2026-05-19 20:11:05,esterno,2020,10248,11912,-196,407,-76,387430
2026-05-19 20:11:05,lombar,8240,-732,-14256,217,71,276,1044885
2026-05-19 20:11:05,esterno,2132,10152,12220,-414,280,-13,387452
2026-05-19 20:11:05,lombar,8156,-616,-14388,313,188,357,1044907
2026-05-19 20:11:05,esterno,2092,10248,11560,-419,483,-9,387474
2026-05-19 20:11:05,lombar,8344,-696,-13992,96,-4,434,1044929
2026-05-19 20:11:05,esterno,2288,10416,12248,-632,328,-22,387496
2026-05-19 20:11:05,lombar,8356,-788,-14016,-27,-187,448,1044951
2026-05-19 20:11:05,esterno,2364,10432,12476,-988,57,65,387518
2026-05-19 20:11:06,lombar,8320,-816,-13552,39,-244,439,1044973
2026-05-19 20:11:06,esterno,1976,10080,11888,-1367,23,171,387540
2026-05-19 20:11:06,lombar,8348,-844,-14204,224,-78,344,1044995
2026-05-19 20:11:06,esterno,1880,9808,11668,-1355,305,171,387562
2026-05-19 20:11:06,lombar,8404,-616,-14440,405,293,495,1045017
2026-05-19 20:11:06,esterno,2088,9804,11864,-1334,486,84,387584
2026-05-19 20:11:06,lombar,8436,-816,-13848,188,-83,561,1045039
2026-05-19 20:11:06,esterno,2124,10168,12044,-1194,657,50,387606
2026-05-19 20:11:06,lombar,8580,-956,-13556,52,-455,564,1045061
2026-05-19 20:11:06,esterno,2076,10328,12452,-1265,753,32,387628
2026-05-19 20:11:06,lombar,8396,-696,-13384,104,-277,473,1045083
2026-05-19 20:11:06,esterno,1748,10132,12388,-1321,682,61,387650
2026-05-19 20:11:06,lombar,8436,-788,-13508,69,-104,423,1045105
2026-05-19 20:11:06,esterno,1680,9716,12276,-1128,379,101,387672
2026-05-19 20:11:06,lombar,8600,-796,-13384,102,-187,403,1045127
2026-05-19 20:11:06,esterno,1640,9332,12172,-932,234,40,387694
2026-05-19 20:11:06,lombar,8476,-840,-13224,63,-211,480,1045149
2026-05-19 20:11:06,esterno,1800,9456,12092,-961,235,48,387716
2026-05-19 20:11:06,lombar,8520,-844,-13380,-94,-101,426,1045171
2026-05-19 20:11:06,esterno,1920,9556,12276,-736,258,79,387738
2026-05-19 20:11:06,lombar,8552,-820,-13376,-176,-135,318,1045193
2026-05-19 20:11:06,esterno,2084,9600,12440,-633,219,212,387760
2026-05-19 20:11:06,lombar,8480,-924,-13472,-120,-167,303,1045215
2026-05-19 20:11:06,esterno,1960,9452,12376,-422,340,114,387782
2026-05-19 20:11:06,esterno,2072,9572,12280,-220,438,27,387804
2026-05-19 20:11:06,lombar,8520,-892,-13560,-148,-240,190,1045237
2026-05-19 20:11:06,lombar,8484,-808,-13944,-46,-76,138,1045259
2026-05-19 20:11:06,esterno,2064,9604,12548,-116,556,-59,387826
2026-05-19 20:11:06,lombar,8504,-672,-13780,200,31,268,1045281
2026-05-19 20:11:06,esterno,1736,9472,12424,26,526,-20,387848
2026-05-19 20:11:06,lombar,8448,-716,-13852,134,-97,347,1045303
2026-05-19 20:11:06,esterno,1724,9492,12792,156,215,4,387870
2026-05-19 20:11:06,lombar,8432,-700,-13884,-137,-131,391,1045325
2026-05-19 20:11:06,esterno,1820,9504,12676,297,-51,74,387892
2026-05-19 20:11:06,lombar,8420,-856,-14140,-115,-26,329,1045347
2026-05-19 20:11:06,esterno,2064,9740,12604,90,-121,105,387914
2026-05-19 20:11:06,esterno,2172,9844,12440,61,-117,151,387936
2026-05-19 20:11:06,lombar,8416,-736,-13908,26,18,345,1045369
2026-05-19 20:11:06,lombar,8420,-676,-14116,-75,15,415,1045391
2026-05-19 20:11:06,esterno,2156,9688,12448,54,-161,172,387958
2026-05-19 20:11:06,lombar,8452,-788,-14172,-99,242,353,1045413
2026-05-19 20:11:06,esterno,2052,9672,12504,-115,-213,135,387980
2026-05-19 20:11:06,lombar,8456,-764,-13724,1,-24,430,1045435
2026-05-19 20:11:06,esterno,1972,9772,12440,-186,-227,161,388002
2026-05-19 20:11:06,lombar,8568,-752,-13668,-8,-62,459,1045457
2026-05-19 20:11:06,esterno,1888,9780,12240,-228,-242,247,388024
2026-05-19 20:11:06,lombar,8544,-752,-14056,1,151,386,1045479
2026-05-19 20:11:06,esterno,1956,9724,12228,-268,-196,296,388046
2026-05-19 20:11:06,lombar,8568,-720,-13552,-77,183,419,1045501
2026-05-19 20:11:06,esterno,2104,9912,12380,-333,-300,317,388068
2026-05-19 20:11:06,lombar,8620,-764,-13532,-13,-109,459,1045523
2026-05-19 20:11:06,esterno,1908,9828,12544,-399,-423,298,388090
2026-05-19 20:11:06,lombar,8564,-836,-13516,4,-115,381,1045545
2026-05-19 20:11:06,esterno,2036,9476,12048,-221,-408,205,388112
2026-05-19 20:11:06,lombar,8576,-796,-13476,-15,-30,321,1045567
2026-05-19 20:11:06,esterno,1988,9564,12288,33,-229,147,388134
2026-05-19 20:11:06,lombar,8668,-764,-13596,-13,-185,350,1045589
2026-05-19 20:11:06,esterno,2320,9640,12516,-45,-504,206,388156
2026-05-19 20:11:06,lombar,8620,-736,-13820,7,-158,343,1045611
2026-05-19 20:11:06,esterno,2344,9808,12272,-323,-558,259,388178
2026-05-19 20:11:06,lombar,8552,-740,-13420,44,-252,248,1045633
2026-05-19 20:11:06,esterno,2344,9688,12196,-267,-306,181,388200
2026-05-19 20:11:06,lombar,8568,-652,-13508,34,-287,258,1045655
2026-05-19 20:11:06,esterno,2480,9524,12244,-191,-194,55,388222
2026-05-19 20:11:06,esterno,2392,9332,12156,-24,100,-68,388244
2026-05-19 20:11:06,lombar,8560,-736,-13900,-4,-280,341,1045677
2026-05-19 20:11:06,lombar,8588,-560,-13572,72,-335,289,1045699
2026-05-19 20:11:06,esterno,2212,9556,12148,-211,328,-130,388266
2026-05-19 20:11:06,lombar,8644,-560,-13520,52,-516,361,1045721
2026-05-19 20:11:06,esterno,2060,9696,12476,-167,214,-164,388288
2026-05-19 20:11:06,lombar,8580,-576,-13708,-32,-534,424,1045743
2026-05-19 20:11:06,esterno,2240,9884,12464,85,-10,-173,388310
2026-05-19 20:11:06,lombar,8632,-728,-13548,-16,-659,432,1045765
2026-05-19 20:11:06,esterno,2224,9664,12404,75,-97,-146,388332
2026-05-19 20:11:06,esterno,2216,9568,12180,-19,-130,-32,388354
2026-05-19 20:11:06,lombar,8600,-708,-13472,36,-762,397,1045787
2026-05-19 20:11:06,lombar,8536,-628,-13404,12,-883,416,1045809
2026-05-19 20:11:06,esterno,2116,9496,12216,15,-194,-5,388376
2026-05-19 20:11:06,esterno,2328,9656,11908,47,-158,45,388398
2026-05-19 20:11:06,lombar,8548,-796,-13488,7,-992,349,1045831
2026-05-19 20:11:06,esterno,2328,9700,12200,-99,-201,44,388420
2026-05-19 20:11:06,lombar,8408,-668,-13380,37,-1086,382,1045853
2026-05-19 20:11:06,lombar,8524,-736,-13840,-8,-1141,340,1045875
2026-05-19 20:11:06,esterno,2384,9748,11924,5,-117,27,388442
2026-05-19 20:11:06,lombar,8464,-784,-13952,-43,-1152,316,1045897
2026-05-19 20:11:06,esterno,2416,9788,12296,34,-243,67,388464
2026-05-19 20:11:06,lombar,8384,-776,-13880,32,-1009,273,1045919
2026-05-19 20:11:06,esterno,2412,9956,12244,-124,-223,162,388486
2026-05-19 20:11:06,lombar,8324,-708,-13868,83,-944,319,1045941
2026-05-19 20:11:06,esterno,2260,10144,12532,-337,-254,123,388508
2026-05-19 20:11:07,lombar,8512,-636,-14220,5,-884,387,1045963
2026-05-19 20:11:07,esterno,2240,10056,12440,-322,-496,137,388530
2026-05-19 20:11:07,lombar,8288,-800,-14024,-14,-807,392,1045985
2026-05-19 20:11:07,esterno,2436,9788,12648,-327,-597,210,388552
2026-05-19 20:11:07,lombar,8252,-620,-14104,8,-629,361,1046007
2026-05-19 20:11:07,esterno,2684,9788,12408,-423,-653,298,388574
2026-05-19 20:11:07,lombar,8140,-612,-14184,20,-529,379,1046029
2026-05-19 20:11:07,esterno,2624,9680,12212,-479,-627,283,388596
2026-05-19 20:11:07,lombar,8180,-776,-14240,1,-544,425,1046051
2026-05-19 20:11:07,esterno,2624,9592,12460,-409,-490,229,388618
2026-05-19 20:11:07,esterno,2748,9636,12196,-483,-431,223,388640
2026-05-19 20:11:07,lombar,8204,-756,-14096,25,-479,454,1046073
2026-05-19 20:11:07,lombar,8092,-560,-13856,40,-508,430,1046095
2026-05-19 20:11:07,esterno,2688,9628,12284,-460,-405,204,388662
2026-05-19 20:11:07,lombar,8272,-664,-14428,58,-508,428,1046117
2026-05-19 20:11:07,esterno,2652,9660,12328,-454,-298,198,388684
2026-05-19 20:11:07,lombar,8152,-588,-13900,115,-384,452,1046139
2026-05-19 20:11:07,esterno,2516,9556,12396,-489,-295,127,388706
2026-05-19 20:11:07,lombar,8300,-660,-13988,77,-413,477,1046161
2026-05-19 20:11:07,esterno,2696,9604,12400,-447,-354,63,388728
2026-05-19 20:11:07,lombar,8260,-732,-14016,63,-351,416,1046183
2026-05-19 20:11:07,esterno,2564,9632,12644,-407,-529,158,388750
2026-05-19 20:11:07,lombar,8248,-604,-13832,18,-376,471,1046205
2026-05-19 20:11:07,esterno,2676,9580,11992,-169,-501,138,388772
2026-05-19 20:11:07,lombar,8232,-768,-13900,64,-321,361,1046227
2026-05-19 20:11:07,esterno,2628,9692,12464,-47,-339,146,388794
2026-05-19 20:11:07,lombar,8288,-664,-13928,33,-316,424,1046249
2026-05-19 20:11:07,esterno,2880,9628,12600,-98,-546,139,388816
2026-05-19 20:11:07,lombar,8204,-732,-13916,75,-284,347,1046271
2026-05-19 20:11:07,esterno,3000,9596,12184,-287,-637,194,388838
2026-05-19 20:11:07,lombar,8108,-636,-13972,153,-225,261,1046293
2026-05-19 20:11:07,esterno,2964,9444,12136,-282,-433,154,388860
2026-05-19 20:11:07,lombar,8228,-548,-14048,130,-251,349,1046315
2026-05-19 20:11:07,esterno,2912,9616,12220,-206,-317,72,388882
2026-05-19 20:11:07,lombar,8176,-568,-14192,97,-273,426,1046337
2026-05-19 20:11:07,esterno,2760,9752,12200,-89,-118,-3,388904
2026-05-19 20:11:07,lombar,8212,-592,-14072,141,-308,425,1046359
2026-05-19 20:11:07,esterno,2688,9568,12632,-89,52,-63,388926
2026-05-19 20:11:07,lombar,8200,-544,-13928,84,-358,490,1046381
2026-05-19 20:11:07,esterno,2764,9652,12760,59,-272,87,388948
2026-05-19 20:11:07,lombar,8168,-732,-13992,-42,-355,482,1046403
2026-05-19 20:11:07,esterno,2628,9516,12456,175,-493,237,388970
2026-05-19 20:11:07,lombar,8128,-748,-13816,23,-307,552,1046425
2026-05-19 20:11:07,esterno,2736,9656,12428,135,-531,324,388992
2026-05-19 20:11:07,lombar,8240,-756,-13928,2,-323,514,1046447
2026-05-19 20:11:07,esterno,2944,9672,12540,91,-671,376,389014
2026-05-19 20:11:07,lombar,8056,-696,-13884,0,-363,516,1046469
2026-05-19 20:11:07,esterno,2916,9552,12324,109,-678,359,389036
2026-05-19 20:11:07,lombar,8156,-764,-14024,-3,-348,455,1046491
2026-05-19 20:11:07,esterno,2924,9688,12584,-59,-633,447,389058
2026-05-19 20:11:07,lombar,8220,-660,-14068,-6,-332,391,1046513
2026-05-19 20:11:07,esterno,3068,9700,12260,-15,-458,479,389080
2026-05-19 20:11:07,lombar,8084,-776,-13816,-22,-323,426,1046535
2026-05-19 20:11:07,esterno,3100,9532,12204,77,-537,411,389102
2026-05-19 20:11:07,lombar,8240,-720,-13924,-13,-322,282,1046557
2026-05-19 20:11:07,esterno,3332,9580,12212,163,-450,288,389124
2026-05-19 20:11:07,lombar,8192,-660,-14124,39,-219,301,1046579
2026-05-19 20:11:07,esterno,3208,9668,12316,164,-134,201,389146
2026-05-19 20:11:07,lombar,8284,-604,-14092,71,-111,316,1046601
2026-05-19 20:11:07,esterno,3300,9884,12420,112,38,132,389168
2026-05-19 20:11:07,lombar,8200,-652,-13940,46,-134,351,1046623
2026-05-19 20:11:07,esterno,3572,9980,12412,62,-31,146,389190
2026-05-19 20:11:07,lombar,8192,-704,-13860,59,-162,397,1046645
2026-05-19 20:11:07,esterno,3460,9748,12124,-54,-141,-3,389212
2026-05-19 20:11:07,lombar,8188,-560,-13928,118,-166,431,1046667
2026-05-19 20:11:07,esterno,3012,9700,12120,-125,-259,-125,389234
2026-05-19 20:11:07,lombar,8096,-556,-13964,127,-182,455,1046689
2026-05-19 20:11:07,esterno,2992,9576,12092,-172,-384,-59,389256
2026-05-19 20:11:07,lombar,8252,-576,-13836,113,-271,504,1046711
2026-05-19 20:11:07,esterno,3048,9540,12096,-125,-474,134,389278
2026-05-19 20:11:07,lombar,8324,-664,-13856,79,-329,506,1046733
2026-05-19 20:11:07,esterno,3228,9468,12112,-52,-613,161,389300
2026-05-19 20:11:07,lombar,8180,-644,-13796,51,-336,429,1046755
2026-05-19 20:11:07,esterno,3216,9748,12144,69,-695,113,389322
2026-05-19 20:11:07,esterno,3328,10004,12388,27,-727,165,389344
2026-05-19 20:11:07,lombar,8212,-648,-13892,0,-363,424,1046777
2026-05-19 20:11:07,lombar,8236,-652,-14068,25,-352,467,1046799
2026-05-19 20:11:07,esterno,3348,9868,12152,-53,-645,294,389366
2026-05-19 20:11:07,lombar,8272,-748,-14060,16,-367,405,1046821
2026-05-19 20:11:07,esterno,3492,9832,12232,-4,-606,339,389388
2026-05-19 20:11:07,lombar,8228,-760,-14092,35,-315,390,1046843
2026-05-19 20:11:07,esterno,3548,9764,12260,21,-513,288,389410
2026-05-19 20:11:07,lombar,8200,-816,-13804,37,-325,349,1046865
2026-05-19 20:11:07,esterno,3488,9504,12288,112,-616,193,389432
2026-05-19 20:11:07,lombar,8212,-756,-13940,63,-293,356,1046887
2026-05-19 20:11:07,esterno,3372,9564,11836,489,-310,64,389454
2026-05-19 20:11:07,lombar,8180,-736,-14024,108,-290,340,1046909
2026-05-19 20:11:07,esterno,3676,9724,12528,329,-705,167,389476
2026-05-19 20:11:07,lombar,8272,-748,-13976,35,-358,361,1046931
2026-05-19 20:11:07,esterno,3708,9956,12468,-33,-801,342,389498
2026-05-19 20:11:07,lombar,8128,-720,-13872,109,-296,262,1046953
2026-05-19 20:11:08,esterno,3736,9816,11892,-57,-750,320,389520
2026-05-19 20:11:08,lombar,8248,-672,-13884,112,-241,323,1046975
2026-05-19 20:11:08,esterno,3676,9480,11912,95,-613,166,389542
2026-05-19 20:11:08,lombar,8172,-584,-13968,28,-305,344,1046997
2026-05-19 20:11:08,esterno,3772,9564,11856,354,-512,104,389564
2026-05-19 20:11:08,lombar,8252,-604,-13928,145,-273,428,1047019
2026-05-19 20:11:08,esterno,3576,9864,11968,299,-319,-22,389586
2026-05-19 20:11:08,lombar,8232,-384,-13848,45,-367,520,1047041
2026-05-19 20:11:08,esterno,3608,10004,12132,232,-356,-2,389608
2026-05-19 20:11:08,lombar,8112,-740,-13888,-118,-406,482,1047063
2026-05-19 20:11:08,esterno,3824,9892,11988,331,-397,103,389630
2026-05-19 20:11:08,lombar,8172,-676,-13944,-67,-281,445,1047085
2026-05-19 20:11:08,esterno,3968,9844,11848,145,-285,197,389652
2026-05-19 20:11:08,esterno,4076,9800,11968,-92,-161,238,389674
2026-05-19 20:11:08,lombar,8216,-604,-13964,-7,-260,288,1047107
2026-05-19 20:11:08,lombar,8164,-840,-13952,18,-301,363,1047129
2026-05-19 20:11:08,esterno,4092,9744,11836,-100,-147,181,389696
2026-05-19 20:11:08,lombar,8116,-756,-13928,68,-273,351,1047151
2026-05-19 20:11:08,esterno,4140,9852,11804,-168,64,74,389718
2026-05-19 20:11:08,lombar,8032,-648,-14008,124,-279,325,1047173
2026-05-19 20:11:08,esterno,3896,9788,12068,-259,137,31,389740
2026-05-19 20:11:08,lombar,8076,-720,-14048,116,-285,333,1047195
2026-05-19 20:11:08,esterno,3696,9708,11984,-243,162,11,389762
2026-05-19 20:11:08,lombar,8100,-580,-13944,74,-347,325,1047217
2026-05-19 20:11:08,esterno,4060,9708,11872,-242,62,12,389784
2026-05-19 20:11:08,lombar,8284,-600,-14196,153,-250,311,1047239
2026-05-19 20:11:08,esterno,3896,9804,11832,-298,205,-17,389806
2026-05-19 20:11:08,lombar,8196,-540,-13884,172,-246,316,1047261
2026-05-19 20:11:08,esterno,3840,9796,12140,-296,186,-140,389828
2026-05-19 20:11:08,lombar,8188,-652,-13984,65,-292,380,1047283
2026-05-19 20:11:08,esterno,3776,9780,12148,-211,31,-113,389850
2026-05-19 20:11:08,lombar,8200,-616,-13836,74,-251,384,1047305
2026-05-19 20:11:08,esterno,3996,9772,11892,-192,-2,-73,389872
2026-05-19 20:11:08,lombar,8152,-616,-13932,117,-248,323,1047327
2026-05-19 20:11:08,esterno,3948,9744,11884,-198,28,2,389894
2026-05-19 20:11:08,lombar,8120,-624,-13944,93,-263,335,1047349
2026-05-19 20:11:08,esterno,3904,9648,11828,-201,94,-41,389916
2026-05-19 20:11:08,lombar,8148,-684,-14136,59,-247,340,1047371
2026-05-19 20:11:08,esterno,3752,9744,11912,-162,132,-48,389938
2026-05-19 20:11:08,lombar,8156,-708,-13988,69,-269,338,1047393
2026-05-19 20:11:08,esterno,3824,9840,11900,-137,186,-21,389960
2026-05-19 20:11:08,lombar,8204,-600,-14056,90,-259,337,1047415
2026-05-19 20:11:08,esterno,3864,9792,12112,-154,228,24,389982
2026-05-19 20:11:08,lombar,8164,-608,-13884,111,-264,347,1047437
2026-05-19 20:11:08,esterno,3864,9792,11964,-199,222,-17,390004
2026-05-19 20:11:08,lombar,8132,-676,-13952,134,-270,345,1047459
2026-05-19 20:11:08,esterno,3796,9768,11920,-162,221,-74,390026
2026-05-19 20:11:08,lombar,8196,-640,-13948,75,-252,309,1047481
2026-05-19 20:11:08,esterno,3716,9784,11936,-156,211,-67,390048
2026-05-19 20:11:08,lombar,8040,-716,-13924,71,-262,326,1047503
2026-05-19 20:11:08,esterno,3848,9760,11952,-129,193,15,390070
2026-05-19 20:11:08,lombar,8104,-652,-13980,80,-274,326,1047525
2026-05-19 20:11:08,esterno,3828,9788,11968,-166,153,87,390092
2026-05-19 20:11:08,lombar,8108,-748,-13692,88,-238,315,1047547
2026-05-19 20:11:08,esterno,3596,9540,11768,-10,99,62,390114
2026-05-19 20:11:08,lombar,8152,-680,-13852,45,-231,216,1047569
2026-05-19 20:11:08,esterno,3464,9588,11660,238,434,19,390136
2026-05-19 20:11:08,lombar,8092,-696,-13876,-23,-243,194,1047591
2026-05-19 20:11:08,esterno,3576,9560,11916,311,137,86,390158
2026-05-19 20:11:08,lombar,8164,-636,-13928,-25,-151,181,1047613
2026-05-19 20:11:08,esterno,3592,9688,11832,427,-203,258,390180
2026-05-19 20:11:08,lombar,8316,-676,-13816,16,-159,231,1047635
2026-05-19 20:11:08,esterno,3808,9456,11432,866,-165,279,390202
2026-05-19 20:11:08,lombar,8244,-664,-13692,39,-46,207,1047657
2026-05-19 20:11:08,esterno,4616,9448,11464,1158,194,127,390224
2026-05-19 20:11:08,lombar,8316,-852,-14040,-238,-63,64,1047679
2026-05-19 20:11:08,esterno,5364,9832,11444,1221,1326,-177,390246
2026-05-19 20:11:08,lombar,8304,-644,-14228,71,295,-32,1047701
2026-05-19 20:11:08,esterno,5180,10976,11748,687,1987,-203,390268
2026-05-19 20:11:08,esterno,4108,11072,12084,373,2002,-33,390290
2026-05-19 20:11:08,lombar,8272,-488,-13964,340,282,32,1047723
2026-05-19 20:11:08,esterno,3152,10388,12152,349,1740,-319,390312
2026-05-19 20:11:08,lombar,8104,-668,-14056,345,134,44,1047745
2026-05-19 20:11:08,lombar,8200,-644,-13980,389,43,-19,1047767
2026-05-19 20:11:08,esterno,2332,10116,12012,30,1338,-587,390334
2026-05-19 20:11:08,lombar,8164,-580,-14004,475,70,9,1047789
2026-05-19 20:11:08,esterno,2256,10112,11896,-291,929,-334,390356
2026-05-19 20:11:08,lombar,8096,-600,-13904,435,59,143,1047811
2026-05-19 20:11:08,esterno,2720,10180,12124,-447,504,116,390378
2026-05-19 20:11:08,lombar,8140,-516,-14256,253,-81,253,1047833
2026-05-19 20:11:08,esterno,3196,10148,12696,-565,76,232,390400
2026-05-19 20:11:08,lombar,8204,-460,-14104,268,-84,404,1047855
2026-05-19 20:11:08,esterno,3868,10104,12216,-640,-86,-32,390422
2026-05-19 20:11:08,lombar,8216,-632,-13948,125,-187,526,1047877
2026-05-19 20:11:08,esterno,4128,10048,11972,-651,-178,-107,390444
2026-05-19 20:11:08,lombar,8352,-756,-14100,96,-109,430,1047899
2026-05-19 20:11:08,esterno,4020,9848,11828,-552,36,71,390466
2026-05-19 20:11:08,esterno,3952,9436,12060,-304,74,75,390488
2026-05-19 20:11:08,lombar,8292,-616,-14000,221,-12,431,1047921
2026-05-19 20:11:08,lombar,8468,-272,-13996,339,82,438,1047943
2026-05-19 20:11:08,esterno,3444,9300,12472,-4,-304,-75,390510
2026-05-19 20:11:09,lombar,8464,-372,-14012,244,102,550,1047965
2026-05-19 20:11:09,esterno,3208,9596,12368,344,-836,-318,390532
2026-05-19 20:11:09,lombar,8500,-536,-13860,88,63,759,1047987
2026-05-19 20:11:09,esterno,3536,9844,11960,588,-1108,-339,390554
2026-05-19 20:11:09,lombar,8456,-660,-13624,9,57,726,1048009
2026-05-19 20:11:09,esterno,3852,9952,11600,703,-1208,-262,390576
2026-05-19 20:11:09,lombar,8316,-752,-13716,-27,88,652,1048031
2026-05-19 20:11:09,esterno,3756,10232,11336,846,-1099,-226,390598
2026-05-19 20:11:09,lombar,8512,-908,-13640,4,92,578,1048053
2026-05-19 20:11:09,esterno,3840,10200,11228,824,-758,-366,390620
2026-05-19 20:11:09,lombar,8420,-1056,-13500,92,15,444,1048075
2026-05-19 20:11:09,esterno,4044,10320,11216,598,-341,-479,390642
2026-05-19 20:11:09,lombar,8504,-1000,-13332,174,-99,256,1048097
2026-05-19 20:11:09,esterno,4140,10580,11004,294,129,-363,390664
2026-05-19 20:11:09,lombar,8492,-904,-13472,200,-262,131,1048119
2026-05-19 20:11:09,esterno,3796,10636,10884,33,495,-192,390686
2026-05-19 20:11:09,lombar,8452,-884,-13280,163,-415,48,1048141
2026-05-19 20:11:09,esterno,3560,10700,11288,-157,765,-105,390708
2026-05-19 20:11:09,lombar,8400,-800,-13668,169,-473,-113,1048163
2026-05-19 20:11:09,esterno,3128,10516,11552,-418,829,10,390730
2026-05-19 20:11:09,lombar,8468,-696,-13716,134,-504,-90,1048185
2026-05-19 20:11:09,esterno,3160,10164,11620,-459,745,96,390752
2026-05-19 20:11:09,lombar,8276,-568,-13896,61,-511,-27,1048207
2026-05-19 20:11:09,esterno,3728,10024,12136,-460,629,126,390774
2026-05-19 20:11:09,lombar,8408,-528,-13928,81,-503,77,1048229
2026-05-19 20:11:09,esterno,4044,10120,12248,-458,324,68,390796
2026-05-19 20:11:09,lombar,8348,-548,-14276,53,-426,166,1048251
2026-05-19 20:11:09,esterno,3988,10508,11636,-407,466,-24,390818
2026-05-19 20:11:09,lombar,8352,-476,-14316,-7,-328,238,1048273
2026-05-19 20:11:09,esterno,3920,10376,12400,-540,85,-6,390840
2026-05-19 20:11:09,lombar,8364,-440,-13868,-82,-397,432,1048295
2026-05-19 20:11:09,esterno,3776,10168,12344,-511,-190,112,390862
2026-05-19 20:11:09,lombar,8296,-568,-13968,-13,-335,447,1048317
2026-05-19 20:11:09,esterno,3280,9692,11900,-346,-540,354,390884
2026-05-19 20:11:09,lombar,8340,-532,-13856,-60,-234,572,1048339
2026-05-19 20:11:09,esterno,3200,9464,11832,-182,-625,310,390906
2026-05-19 20:11:09,lombar,8376,-672,-13924,-166,-166,580,1048361
2026-05-19 20:11:09,esterno,3828,9460,11928,186,-688,7,390928
2026-05-19 20:11:09,lombar,8504,-600,-13888,-6,-142,605,1048383
2026-05-19 20:11:09,esterno,3936,9928,11548,197,-308,-309,390950
