timestamp,node,ax,ay,az,gx,gy,gz,t_ms
2026-05-19 20:11:20,lombar,10432,-2748,-12092,80,-280,341,1059229
2026-05-19 20:11:20,esterno,2052,11264,10620,-250,75,106,401796
2026-05-19 20:11:20,lombar,10536,-2912,-12016,121,-276,292,1059251
2026-05-19 20:11:20,esterno,2192,11260,10736,-199,51,215,401818
2026-05-19 20:11:20,lombar,10456,-2936,-12200,230,-238,272,1059273
2026-05-19 20:11:20,esterno,2028,11208,10620,-116,-7,242,401840
2026-05-19 20:11:20,lombar,10548,-2692,-12296,368,-309,312,1059295
2026-05-19 20:11:20,esterno,1928,11228,10716,-72,14,117,401862
2026-05-19 20:11:20,lombar,10404,-2684,-12140,359,-299,250,1059317
2026-05-19 20:11:20,esterno,2048,11556,10624,-102,-3,61,401884
2026-05-19 20:11:20,lombar,10408,-2620,-11968,308,-411,260,1059339
2026-05-19 20:11:20,esterno,2440,11628,10812,-164,63,54,401906
2026-05-19 20:11:20,lombar,10572,-2588,-11972,146,-423,262,1059361
2026-05-19 20:11:20,esterno,2692,11488,10640,-244,196,90,401928
2026-05-19 20:11:20,lombar,10632,-2472,-12056,50,-424,228,1059383
2026-05-19 20:11:20,esterno,2592,11224,10708,-262,252,199,401950
2026-05-19 20:11:20,lombar,10548,-2772,-11976,-4,-386,238,1059405
2026-05-19 20:11:20,esterno,2432,11120,10608,-237,225,149,401972
2026-05-19 20:11:20,lombar,10636,-2824,-11836,9,-316,294,1059427
2026-05-19 20:11:20,esterno,2308,11196,10864,-210,215,99,401994
2026-05-19 20:11:20,lombar,10572,-2804,-12064,22,-241,272,1059449
2026-05-19 20:11:20,esterno,2360,11240,10988,-32,190,29,402016
2026-05-19 20:11:20,lombar,10584,-2500,-12328,22,-252,344,1059471
2026-05-19 20:11:20,esterno,2268,11336,10736,34,117,45,402038
2026-05-19 20:11:20,lombar,10576,-2444,-12168,-20,-216,409,1059493
2026-05-19 20:11:20,esterno,1948,11364,10620,51,127,44,402060
2026-05-19 20:11:20,lombar,10764,-2496,-11820,-65,-303,393,1059515
2026-05-19 20:11:20,esterno,1756,11856,10064,284,101,34,402082
2026-05-19 20:11:20,lombar,10576,-2220,-11828,-246,-426,454,1059537
2026-05-19 20:11:20,esterno,1640,11932,11056,558,-83,-206,402104
2026-05-19 20:11:20,lombar,10232,-2356,-11908,-463,-647,408,1059559
2026-05-19 20:11:20,esterno,2156,11948,10568,39,-101,-23,402126
2026-05-19 20:11:20,lombar,10540,-2408,-11704,-710,-714,457,1059581
2026-05-19 20:11:20,esterno,3060,11552,10192,-573,-422,286,402148
2026-05-19 20:11:20,lombar,10496,-2524,-12216,-770,-798,542,1059603
2026-05-19 20:11:20,esterno,3300,11336,10248,-665,-129,337,402170
2026-05-19 20:11:20,lombar,10276,-3024,-12716,-521,-709,461,1059625
2026-05-19 20:11:20,esterno,2832,11564,10548,-573,288,244,402192
2026-05-19 20:11:20,lombar,10352,-3684,-12936,39,-371,349,1059647
2026-05-19 20:11:20,esterno,1900,11804,10704,-467,814,188,402214
2026-05-19 20:11:20,lombar,10640,-3416,-12372,280,-275,263,1059669
2026-05-19 20:11:20,esterno,1972,11948,11280,-613,1057,156,402236
2026-05-19 20:11:20,lombar,10368,-2676,-12068,265,-430,152,1059691
2026-05-19 20:11:20,esterno,2428,11564,10888,-435,945,339,402258
2026-05-19 20:11:20,lombar,10228,-2680,-12336,235,-365,152,1059713
2026-05-19 20:11:20,esterno,2596,10720,11256,-280,1130,243,402280
2026-05-19 20:11:20,lombar,10512,-2724,-12292,429,-257,255,1059735
2026-05-19 20:11:20,esterno,2132,10768,11348,-869,820,229,402302
2026-05-19 20:11:20,lombar,10548,-2076,-12804,113,-180,428,1059757
2026-05-19 20:11:20,esterno,1584,11028,10360,-1193,412,444,402324
2026-05-19 20:11:20,lombar,10204,-2368,-12544,256,-616,344,1059779
2026-05-19 20:11:20,esterno,984,11396,11004,-22,-17,271,402346
2026-05-19 20:11:20,lombar,10412,-3016,-12368,183,-507,486,1059801
2026-05-19 20:11:20,esterno,1816,11716,10992,-515,-19,-89,402368
2026-05-19 20:11:20,lombar,10604,-2880,-12196,171,-433,514,1059823
2026-05-19 20:11:20,esterno,3128,10860,10984,-371,-214,-222,402390
2026-05-19 20:11:20,lombar,10356,-2548,-11952,68,-409,335,1059845
2026-05-19 20:11:20,esterno,2968,10808,10868,-864,-309,-46,402412
2026-05-19 20:11:20,lombar,10324,-2696,-12260,-132,-261,357,1059867
2026-05-19 20:11:20,esterno,2444,11184,10912,-508,-76,-30,402434
2026-05-19 20:11:20,lombar,10564,-2740,-12284,-57,-317,263,1059889
2026-05-19 20:11:20,esterno,2120,11492,10716,-180,138,94,402456
2026-05-19 20:11:20,lombar,10464,-2676,-12296,84,-378,298,1059911
2026-05-19 20:11:20,esterno,2064,11316,11000,-158,165,206,402478
2026-05-19 20:11:20,lombar,10332,-2672,-12316,98,-277,366,1059933
2026-05-19 20:11:20,esterno,2248,11344,10924,-63,73,119,402500
2026-05-19 20:11:20,lombar,10436,-2772,-12272,245,-286,213,1059955
2026-05-19 20:11:20,esterno,2468,11332,10876,-166,140,8,402522
2026-05-19 20:11:21,lombar,10416,-2768,-12168,324,-252,251,1059977
2026-05-19 20:11:21,esterno,2396,11200,10940,-215,158,-23,402544
2026-05-19 20:11:21,lombar,10244,-2596,-12524,305,-218,259,1059999
2026-05-19 20:11:21,esterno,2252,11104,10960,-333,189,-26,402566
2026-05-19 20:11:21,lombar,10336,-2668,-12388,323,-217,183,1060021
2026-05-19 20:11:21,esterno,2304,11140,10792,-316,186,-16,402588
2026-05-19 20:11:21,lombar,10332,-2672,-12448,296,-346,229,1060043
2026-05-19 20:11:21,esterno,2276,11244,10892,-193,167,8,402610
2026-05-19 20:11:21,lombar,10304,-2644,-12084,218,-451,192,1060065
2026-05-19 20:11:21,esterno,2208,11244,11020,-163,199,73,402632
2026-05-19 20:11:21,lombar,10292,-2724,-12324,160,-466,230,1060087
2026-05-19 20:11:21,esterno,2220,11396,10980,-262,196,201,402654
2026-05-19 20:11:21,lombar,10360,-2908,-12352,248,-458,167,1060109
2026-05-19 20:11:21,esterno,2172,11360,10988,-397,115,271,402676
2026-05-19 20:11:21,lombar,10424,-2720,-12316,447,-331,144,1060131
2026-05-19 20:11:21,esterno,2128,11328,10976,-303,78,295,402698
2026-05-19 20:11:21,esterno,2348,11284,10968,2,124,422,402720
2026-05-19 20:11:21,lombar,10428,-2548,-12492,508,-432,99,1060153
2026-05-19 20:11:21,lombar,10324,-2552,-12308,347,-259,75,1060175
2026-05-19 20:11:21,esterno,2712,11048,10948,126,266,344,402742
2026-05-19 20:11:21,lombar,10492,-2608,-12276,346,-231,109,1060197
2026-05-19 20:11:21,esterno,2364,11024,11000,-93,339,57,402764
2026-05-19 20:11:21,lombar,10432,-2604,-12208,329,-188,175,1060219
2026-05-19 20:11:21,esterno,2268,11288,10984,-212,301,-45,402786
2026-05-19 20:11:21,lombar,10312,-2636,-12280,274,-200,252,1060241
2026-05-19 20:11:21,esterno,2224,11280,10884,-153,189,-38,402808
2026-05-19 20:11:21,lombar,10328,-2716,-12284,256,-210,336,1060263
2026-05-19 20:11:21,esterno,2360,11240,10904,-223,32,-49,402830
2026-05-19 20:11:21,lombar,10532,-2764,-12212,275,-197,326,1060285
2026-05-19 20:11:21,esterno,2384,11220,10856,-299,111,-65,402852
2026-05-19 20:11:21,lombar,10412,-2680,-12180,229,-212,340,1060307
2026-05-19 20:11:21,esterno,2284,11292,10860,-95,128,-61,402874
2026-05-19 20:11:21,lombar,10468,-2512,-12028,175,-271,394,1060329
2026-05-19 20:11:21,esterno,2224,11196,10392,148,550,-138,402896
2026-05-19 20:11:21,lombar,10396,-2632,-12096,49,-263,392,1060351
2026-05-19 20:11:21,esterno,2632,11252,10992,249,209,-120,402918
2026-05-19 20:11:21,lombar,10420,-2820,-12292,95,-320,289,1060373
2026-05-19 20:11:21,esterno,2388,11464,11204,-284,-20,-27,402940
2026-05-19 20:11:21,lombar,10428,-2876,-12252,395,-196,244,1060395
2026-05-19 20:11:21,esterno,2164,11200,10744,-154,12,25,402962
2026-05-19 20:11:21,lombar,10344,-2600,-12256,330,-276,262,1060417
2026-05-19 20:11:21,esterno,2460,11248,10852,43,118,13,402984
2026-05-19 20:11:21,lombar,10376,-2568,-12252,158,-325,244,1060439
2026-05-19 20:11:21,esterno,2476,11404,10992,82,221,20,403006
2026-05-19 20:11:21,lombar,10396,-2648,-12280,102,-373,261,1060461
2026-05-19 20:11:21,esterno,2376,11400,11108,10,302,26,403028
2026-05-19 20:11:21,lombar,10384,-2732,-12400,-1,-411,254,1060483
2026-05-19 20:11:21,esterno,2480,11400,11048,-79,182,125,403050
2026-05-19 20:11:21,lombar,10340,-2796,-12440,102,-359,265,1060505
2026-05-19 20:11:21,esterno,2248,11196,11012,-110,115,145,403072
2026-05-19 20:11:21,lombar,10360,-2736,-12140,61,-315,365,1060527
2026-05-19 20:11:21,esterno,2252,11036,10844,-164,141,33,403094
2026-05-19 20:11:21,lombar,10320,-2768,-12224,62,-314,441,1060549
2026-05-19 20:11:21,esterno,2260,11200,10900,-126,268,-34,403116
2026-05-19 20:11:21,lombar,10392,-2768,-12440,80,-304,349,1060571
2026-05-19 20:11:21,esterno,2232,11296,10932,-102,190,-19,403138
2026-05-19 20:11:21,lombar,10424,-2772,-12260,100,-302,301,1060593
2026-05-19 20:11:21,esterno,2112,11300,11096,-48,91,58,403160
2026-05-19 20:11:21,lombar,10316,-2604,-12160,-12,-355,327,1060615
2026-05-19 20:11:21,esterno,2384,11236,11256,-133,-89,92,403182
2026-05-19 20:11:21,lombar,10392,-2740,-12096,-109,-451,412,1060637
2026-05-19 20:11:21,esterno,2344,10880,10828,-81,-125,42,403204
2026-05-19 20:11:21,lombar,10344,-2764,-12236,-40,-501,214,1060659
2026-05-19 20:11:21,esterno,2596,10816,10616,132,-276,72,403226
2026-05-19 20:11:21,lombar,10312,-2984,-12292,148,-388,186,1060681
2026-05-19 20:11:21,esterno,3048,10832,10536,481,-168,128,403248
2026-05-19 20:11:21,lombar,10484,-2608,-12360,360,-317,158,1060703
2026-05-19 20:11:21,esterno,2096,11196,10692,607,-231,44,403270
2026-05-19 20:11:21,lombar,10548,-2432,-12312,517,-502,420,1060725
2026-05-19 20:11:21,esterno,1460,11592,11048,629,-336,-233,403292
2026-05-19 20:11:21,lombar,10384,-2444,-12240,293,-445,421,1060747
2026-05-19 20:11:21,esterno,1868,12020,10936,375,-173,-187,403314
2026-05-19 20:11:21,lombar,10232,-2748,-12628,87,-446,366,1060769
2026-05-19 20:11:21,esterno,2560,12008,11204,60,-20,60,403336
2026-05-19 20:11:21,lombar,10228,-2780,-12532,64,-290,409,1060791
2026-05-19 20:11:21,esterno,2576,11800,11044,-282,-19,74,403358
2026-05-19 20:11:21,lombar,10356,-3016,-12200,95,-313,418,1060813
2026-05-19 20:11:21,esterno,2748,11268,10800,-228,130,-133,403380
2026-05-19 20:11:21,lombar,10476,-2976,-12296,97,-292,326,1060835
2026-05-19 20:11:21,esterno,2952,11152,10412,-141,372,-293,403402
2026-05-19 20:11:21,lombar,10308,-2824,-12376,156,-250,354,1060857
2026-05-19 20:11:21,esterno,3116,11148,10432,-197,768,-109,403424
2026-05-19 20:11:21,lombar,10160,-2688,-12284,249,-129,247,1060879
2026-05-19 20:11:21,lombar,10336,-2736,-12348,241,-93,292,1060901
2026-05-19 20:11:21,esterno,2912,11280,10732,-196,1049,77,403446
2026-05-19 20:11:21,esterno,2656,11368,10884,-212,1183,126,403468
2026-05-19 20:11:21,lombar,10316,-2880,-12432,319,-124,266,1060923
2026-05-19 20:11:21,esterno,2092,11564,11000,-257,1080,-17,403490
2026-05-19 20:11:21,lombar,10264,-2772,-12492,347,-84,250,1060945
2026-05-19 20:11:21,esterno,1524,11532,11172,72,987,-251,403512
2026-05-19 20:11:22,lombar,10256,-2772,-12284,335,-114,290,1060967
2026-05-19 20:11:22,esterno,1528,11684,11024,146,887,-257,403534
2026-05-19 20:11:22,lombar,10336,-2796,-12300,364,-129,311,1060989
2026-05-19 20:11:22,esterno,1652,11524,10732,36,662,-261,403556
2026-05-19 20:11:22,lombar,10524,-2676,-11924,360,-308,313,1061011
2026-05-19 20:11:22,esterno,1744,11248,10772,103,504,-521,403578
2026-05-19 20:11:22,lombar,10320,-2792,-12024,151,-383,332,1061033
2026-05-19 20:11:22,esterno,1932,11320,10744,157,316,-671,403600
2026-05-19 20:11:22,lombar,10484,-2840,-11940,61,-337,356,1061055
2026-05-19 20:11:22,esterno,2056,11332,10296,77,201,-566,403622
2026-05-19 20:11:22,lombar,10532,-2944,-11964,110,-374,318,1061077
2026-05-19 20:11:22,esterno,2212,11208,10256,64,549,-287,403644
2026-05-19 20:11:22,lombar,10380,-2812,-11956,139,-404,327,1061099
2026-05-19 20:11:22,esterno,2212,11132,10740,487,613,-92,403666
2026-05-19 20:11:22,lombar,10340,-2856,-12384,125,-433,229,1061121
2026-05-19 20:11:22,esterno,2036,11224,10592,584,1160,-162,403688
2026-05-19 20:11:22,lombar,10272,-3008,-12280,196,-450,237,1061143
2026-05-19 20:11:22,esterno,2348,11532,11024,487,847,-66,403710
2026-05-19 20:11:22,lombar,10208,-2732,-12524,75,-408,256,1061165
2026-05-19 20:11:22,esterno,2272,11472,11156,51,373,42,403732
2026-05-19 20:11:22,lombar,10260,-2756,-12536,159,-344,179,1061187
2026-05-19 20:11:22,esterno,2568,11276,10848,123,373,68,403754
2026-05-19 20:11:22,lombar,10324,-2620,-12436,153,-314,271,1061209
2026-05-19 20:11:22,esterno,2544,11208,10872,283,545,104,403776
2026-05-19 20:11:22,lombar,10260,-2776,-12548,169,-276,290,1061231
2026-05-19 20:11:22,esterno,2360,11416,10996,419,803,166,403798
2026-05-19 20:11:22,lombar,10284,-2576,-12692,288,-142,311,1061253
2026-05-19 20:11:22,esterno,1816,11568,10972,274,832,206,403820
2026-05-19 20:11:22,lombar,10192,-2556,-12524,120,-204,425,1061275
2026-05-19 20:11:22,esterno,1340,11860,10932,199,477,123,403842
2026-05-19 20:11:22,lombar,10280,-2828,-12352,183,-244,431,1061297
2026-05-19 20:11:22,esterno,1444,11772,10512,233,43,159,403864
2026-05-19 20:11:22,lombar,10328,-2764,-12160,171,-271,490,1061319
2026-05-19 20:11:22,esterno,1640,11516,10340,178,-217,120,403886
2026-05-19 20:11:22,lombar,10316,-2800,-12080,40,-310,466,1061341
2026-05-19 20:11:22,esterno,1760,11676,10180,-78,-157,-8,403908
2026-05-19 20:11:22,lombar,10292,-2792,-12028,-10,-406,553,1061363
2026-05-19 20:11:22,esterno,2164,12012,10356,-147,60,1,403930
2026-05-19 20:11:22,lombar,10440,-3056,-12044,6,-447,439,1061385
2026-05-19 20:11:22,esterno,2236,12092,10420,-94,144,64,403952
2026-05-19 20:11:22,lombar,10360,-3032,-12136,6,-468,349,1061407
2026-05-19 20:11:22,esterno,2228,12196,10712,-598,92,117,403974
2026-05-19 20:11:22,lombar,10408,-3116,-12376,-30,-336,317,1061429
2026-05-19 20:11:22,lombar,10328,-3016,-12236,55,-354,244,1061451
2026-05-19 20:11:22,esterno,1840,11480,10092,-920,187,126,403996
2026-05-19 20:11:22,esterno,1948,11096,10432,-787,243,191,404018
2026-05-19 20:11:22,lombar,10332,-2904,-12336,153,-294,243,1061473
2026-05-19 20:11:22,esterno,1932,11144,10628,-494,211,312,404040
2026-05-19 20:11:22,lombar,10236,-2696,-12240,220,-291,306,1061495
2026-05-19 20:11:22,esterno,1596,11204,10928,-363,355,199,404062
2026-05-19 20:11:22,lombar,10220,-2528,-12328,111,-375,298,1061517
2026-05-19 20:11:22,esterno,1484,11500,11120,-104,125,123,404084
2026-05-19 20:11:22,lombar,10312,-2792,-12444,22,-359,323,1061539
2026-05-19 20:11:22,esterno,1776,11596,10808,-277,-221,227,404106
2026-05-19 20:11:22,lombar,10276,-2832,-12552,-25,-313,352,1061561
2026-05-19 20:11:22,esterno,2076,11400,10732,-446,-340,192,404128
2026-05-19 20:11:22,esterno,2300,11544,10632,-282,-312,211,404150
2026-05-19 20:11:22,lombar,10236,-2744,-12416,-19,-370,310,1061583
2026-05-19 20:11:22,lombar,10384,-2700,-12092,23,-350,398,1061605
2026-05-19 20:11:22,esterno,2372,11700,10660,-364,-234,190,404172
2026-05-19 20:11:22,lombar,10328,-2876,-12280,11,-445,323,1061627
2026-05-19 20:11:22,esterno,2452,11508,10592,-462,-95,105,404194
2026-05-19 20:11:22,lombar,10344,-2848,-12316,-17,-310,378,1061649
2026-05-19 20:11:22,esterno,2512,11284,10568,-388,150,18,404216
2026-05-19 20:11:22,lombar,10328,-2720,-12420,18,-287,324,1061671
2026-05-19 20:11:22,esterno,2512,11328,10560,-397,349,71,404238
2026-05-19 20:11:22,lombar,10356,-2600,-12208,-125,-233,362,1061693
2026-05-19 20:11:22,esterno,2268,11396,10808,-362,429,99,404260
2026-05-19 20:11:22,lombar,10340,-2796,-12216,-267,-233,334,1061715
2026-05-19 20:11:22,esterno,1876,11340,10656,-386,312,19,404282
2026-05-19 20:11:22,lombar,10352,-2736,-12252,-180,-243,445,1061737
2026-05-19 20:11:22,esterno,1524,11284,10616,-282,172,-80,404304
2026-05-19 20:11:22,lombar,10348,-2784,-12264,-55,-235,399,1061759
2026-05-19 20:11:22,esterno,1664,11428,10588,-234,87,-75,404326
2026-05-19 20:11:22,lombar,10380,-2768,-12288,-29,-340,397,1061781
2026-05-19 20:11:22,esterno,2120,11576,10656,-274,243,108,404348
2026-05-19 20:11:22,lombar,10160,-2900,-12180,-191,-423,332,1061803
2026-05-19 20:11:22,esterno,2088,11524,10624,-197,383,235,404370
2026-05-19 20:11:22,lombar,10248,-2832,-12380,-81,-319,155,1061825
2026-05-19 20:11:22,esterno,1996,11336,10872,84,471,175,404392
2026-05-19 20:11:22,lombar,10296,-2840,-12556,-21,-328,172,1061847
2026-05-19 20:11:22,esterno,2056,11332,10104,155,729,118,404414
2026-05-19 20:11:22,lombar,10236,-2752,-12508,57,-316,189,1061869
2026-05-19 20:11:22,esterno,2104,11504,11404,373,500,64,404436
2026-05-19 20:11:22,lombar,10304,-2748,-12480,33,-391,216,1061891
2026-05-19 20:11:22,esterno,2060,11704,10916,-44,322,197,404458
2026-05-19 20:11:22,lombar,10236,-2756,-12276,70,-338,183,1061913
2026-05-19 20:11:22,esterno,2080,11420,10684,-352,-33,223,404480
2026-05-19 20:11:22,lombar,10308,-2580,-12296,160,-320,233,1061935
2026-05-19 20:11:22,esterno,2252,11320,10552,-199,135,99,404502
2026-05-19 20:11:22,lombar,10204,-2596,-12692,82,-286,373,1061957
2026-05-19 20:11:22,esterno,2380,11220,10752,-137,163,-37,404524
2026-05-19 20:11:23,lombar,10352,-2664,-12628,151,-234,356,1061979
2026-05-19 20:11:23,esterno,2040,11404,10664,-60,172,-56,404546
2026-05-19 20:11:23,lombar,10292,-2588,-12480,37,-301,390,1062001
2026-05-19 20:11:23,esterno,1912,11540,10936,-97,177,-134,404568
2026-05-19 20:11:23,lombar,10272,-2656,-12264,9,-361,428,1062023
2026-05-19 20:11:23,esterno,2176,11584,10548,-297,54,18,404590
2026-05-19 20:11:23,lombar,10292,-2648,-12264,15,-252,412,1062045
2026-05-19 20:11:23,esterno,2504,11392,10544,-343,171,45,404612
2026-05-19 20:11:23,lombar,10180,-2496,-12272,-62,-301,447,1062067
2026-05-19 20:11:23,esterno,2336,11188,10500,-379,450,79,404634
2026-05-19 20:11:23,lombar,10356,-2816,-12352,-81,-313,494,1062089
2026-05-19 20:11:23,esterno,2152,11488,10940,-470,495,141,404656
2026-05-19 20:11:23,lombar,10264,-2972,-12288,14,-267,335,1062111
2026-05-19 20:11:23,esterno,1860,11600,10852,-517,386,207,404678
2026-05-19 20:11:23,lombar,10320,-2976,-12568,300,-240,257,1062133
2026-05-19 20:11:23,esterno,1968,11360,10684,-454,412,67,404700
2026-05-19 20:11:23,lombar,10208,-2668,-12240,370,-232,277,1062155
2026-05-19 20:11:23,esterno,2028,11372,11144,-332,339,-9,404722
2026-05-19 20:11:23,lombar,10096,-2660,-12316,280,-267,292,1062177
2026-05-19 20:11:23,esterno,2000,11488,10752,-347,305,-8,404744
2026-05-19 20:11:23,lombar,10196,-2724,-12372,262,-223,347,1062199
2026-05-19 20:11:23,esterno,2284,11332,10952,-374,159,110,404766
2026-05-19 20:11:23,lombar,10068,-2652,-12364,219,-263,260,1062221
2026-05-19 20:11:23,esterno,2256,11248,10796,-344,215,117,404788
2026-05-19 20:11:23,lombar,10196,-2704,-12252,199,-281,320,1062243
2026-05-19 20:11:23,esterno,2072,11140,10888,-286,241,-35,404810
2026-05-19 20:11:23,esterno,1992,11588,10972,-269,70,53,404832
2026-05-19 20:11:23,lombar,10316,-2624,-12388,174,-273,324,1062265
2026-05-19 20:11:23,lombar,10232,-2756,-12128,86,-264,286,1062287
2026-05-19 20:11:23,esterno,2084,11480,10728,-128,-155,240,404854
2026-05-19 20:11:23,lombar,10296,-2704,-12280,-42,-254,296,1062309
2026-05-19 20:11:23,esterno,2028,11184,11024,100,-359,182,404876
2026-05-19 20:11:23,lombar,10208,-2576,-12072,-48,-321,338,1062331
2026-05-19 20:11:23,esterno,1776,11060,10888,117,-385,-2,404898
2026-05-19 20:11:23,lombar,10272,-2736,-12008,-128,-360,362,1062353
2026-05-19 20:11:23,esterno,1896,11436,10648,-26,-271,-43,404920
2026-05-19 20:11:23,lombar,10296,-2700,-12292,-85,-350,442,1062375
2026-05-19 20:11:23,esterno,2220,11656,10840,16,-67,-23,404942
2026-05-19 20:11:23,lombar,10352,-2620,-12368,-1,-274,348,1062397
2026-05-19 20:11:23,esterno,2300,11348,10696,53,75,25,404964
2026-05-19 20:11:23,lombar,10344,-2748,-12312,23,-284,305,1062419
2026-05-19 20:11:23,esterno,2104,11344,10860,85,150,-52,404986
2026-05-19 20:11:23,lombar,10200,-2656,-12244,71,-290,325,1062441
2026-05-19 20:11:23,esterno,2204,11492,10724,66,232,-60,405008
2026-05-19 20:11:23,lombar,10216,-2708,-12348,87,-281,267,1062463
2026-05-19 20:11:23,esterno,1960,11528,10820,61,146,2,405030
2026-05-19 20:11:23,lombar,10300,-2648,-12472,71,-318,294,1062485
2026-05-19 20:11:23,esterno,1992,11352,10800,70,72,103,405052
2026-05-19 20:11:23,lombar,10144,-2632,-12432,102,-338,298,1062507
2026-05-19 20:11:23,esterno,2212,11276,10896,76,141,138,405074
2026-05-19 20:11:23,lombar,10204,-2728,-12416,134,-337,308,1062529
2026-05-19 20:11:23,esterno,2316,11396,10700,-64,214,74,405096
2026-05-19 20:11:23,lombar,10192,-2724,-12472,208,-321,267,1062551
2026-05-19 20:11:23,esterno,2156,11464,10572,-8,268,41,405118
2026-05-19 20:11:23,lombar,10248,-2652,-12516,209,-326,338,1062573
2026-05-19 20:11:23,esterno,2004,11392,10916,200,664,-49,405140
2026-05-19 20:11:23,lombar,10140,-2764,-12480,230,-337,312,1062595
2026-05-19 20:11:23,esterno,2160,11624,10968,38,183,103,405162
2026-05-19 20:11:23,lombar,10188,-2872,-12360,290,-262,283,1062617
2026-05-19 20:11:23,esterno,2004,11504,10580,-407,-52,212,405184
2026-05-19 20:11:23,lombar,10208,-2628,-12440,452,-160,313,1062639
2026-05-19 20:11:23,esterno,2064,11260,10524,-53,58,97,405206
2026-05-19 20:11:23,lombar,10212,-2520,-12284,379,-246,256,1062661
2026-05-19 20:11:23,esterno,2288,11268,10960,167,159,36,405228
2026-05-19 20:11:23,lombar,10192,-2768,-12324,174,-317,291,1062683
2026-05-19 20:11:23,esterno,2408,11428,10836,131,246,38,405250
2026-05-19 20:11:23,lombar,10304,-2872,-12484,151,-270,303,1062705
2026-05-19 20:11:23,esterno,2112,11592,10808,-42,243,19,405272
2026-05-19 20:11:23,lombar,10276,-2892,-12432,170,-353,270,1062727
2026-05-19 20:11:23,esterno,2036,11792,10896,-133,161,27,405294
2026-05-19 20:11:23,lombar,10188,-2796,-12384,192,-253,368,1062749
2026-05-19 20:11:23,esterno,1956,11428,10684,-227,34,-8,405316
2026-05-19 20:11:23,lombar,10204,-2692,-12316,144,-251,329,1062771
2026-05-19 20:11:23,esterno,1972,11388,10912,-83,25,-29,405338
2026-05-19 20:11:23,lombar,10040,-2764,-12204,191,-395,333,1062793
2026-05-19 20:11:23,esterno,2060,11576,10652,-270,74,-11,405360
2026-05-19 20:11:23,lombar,10172,-2592,-12248,29,-267,435,1062815
2026-05-19 20:11:23,esterno,2096,11372,10680,-389,105,-72,405382
2026-05-19 20:11:23,lombar,10280,-2900,-12356,119,-305,428,1062837
2026-05-19 20:11:23,esterno,2084,11312,10668,-358,118,-156,405404
2026-05-19 20:11:23,lombar,10244,-2784,-12484,245,-254,276,1062859
2026-05-19 20:11:23,esterno,2216,11388,10808,-432,113,-78,405426
2026-05-19 20:11:23,lombar,10280,-2688,-12252,136,-338,345,1062881
2026-05-19 20:11:23,esterno,2076,11480,10552,-359,246,-11,405448
2026-05-19 20:11:23,lombar,10236,-2564,-12164,49,-197,301,1062903
2026-05-19 20:11:23,esterno,2248,11428,10716,-214,197,108,405470
2026-05-19 20:11:23,lombar,10296,-2616,-12220,32,-200,270,1062925
2026-05-19 20:11:23,esterno,2248,11528,10580,-134,384,173,405492
2026-05-19 20:11:23,lombar,10212,-2552,-12296,-130,-253,342,1062947
2026-05-19 20:11:23,esterno,2000,11280,10504,-127,406,60,405514
2026-05-19 20:11:24,lombar,10296,-2844,-12356,-239,-289,289,1062969
2026-05-19 20:11:24,esterno,1900,11496,10820,-111,129,84,405536
2026-05-19 20:11:24,lombar,10292,-2964,-12288,-108,-322,248,1062991
2026-05-19 20:11:24,esterno,1900,11508,10984,108,-137,313,405558
2026-05-19 20:11:24,lombar,10300,-2756,-12244,-126,-371,213,1063013
2026-05-19 20:11:24,esterno,1852,11812,10896,97,-379,558,405580
2026-05-19 20:11:24,lombar,10360,-2624,-12400,-80,-389,172,1063035
2026-05-19 20:11:24,esterno,1888,11684,10868,3,-423,816,405602
2026-05-19 20:11:24,lombar,10260,-2572,-12332,-58,-433,101,1063057
2026-05-19 20:11:24,esterno,2056,11340,10576,297,-401,803,405624
2026-05-19 20:11:24,lombar,10144,-2712,-12544,-141,-496,68,1063079
2026-05-19 20:11:24,esterno,2344,11148,10332,464,-284,780,405646
2026-05-19 20:11:24,lombar,10188,-2856,-12564,-139,-406,116,1063101
2026-05-19 20:11:24,esterno,2488,10836,10648,523,22,402,405668
2026-05-19 20:11:24,lombar,10252,-2960,-12560,-44,-437,155,1063123
2026-05-19 20:11:24,esterno,2524,11580,10788,247,211,53,405690
2026-05-19 20:11:24,lombar,10172,-2840,-12712,88,-360,136,1063145
2026-05-19 20:11:24,esterno,2380,11884,10668,178,282,7,405712
2026-05-19 20:11:24,lombar,10232,-2896,-12740,350,-331,176,1063167
2026-05-19 20:11:24,esterno,2368,11824,10784,49,275,-57,405734
2026-05-19 20:11:24,lombar,10108,-2812,-12700,614,-238,177,1063189
2026-05-19 20:11:24,esterno,2600,11480,10752,-164,386,-58,405756
2026-05-19 20:11:24,lombar,10120,-2368,-12564,576,-179,115,1063211
2026-05-19 20:11:24,esterno,2732,11300,10568,-225,427,11,405778
2026-05-19 20:11:24,lombar,10108,-2396,-12360,315,-257,186,1063233
2026-05-19 20:11:24,esterno,2648,11364,10932,-414,418,-43,405800
2026-05-19 20:11:24,lombar,10088,-2484,-12280,144,-278,229,1063255
2026-05-19 20:11:24,esterno,2412,11432,10656,-411,431,-157,405822
2026-05-19 20:11:24,lombar,10116,-2744,-12348,46,-330,373,1063277
2026-05-19 20:11:24,esterno,2052,11472,10848,-282,687,-147,405844
2026-05-19 20:11:24,lombar,10316,-2552,-12304,-186,-366,457,1063299
2026-05-19 20:11:24,esterno,2116,11448,11096,-287,60,39,405866
2026-05-19 20:11:24,lombar,10348,-2712,-12384,-253,-328,453,1063321
2026-05-19 20:11:24,esterno,2264,11352,10612,-732,-250,11,405888
2026-05-19 20:11:24,lombar,10352,-2736,-12204,-132,-216,488,1063343
2026-05-19 20:11:24,esterno,2228,11320,10328,-512,-181,-156,405910
2026-05-19 20:11:24,esterno,2208,11288,10620,-197,-80,-223,405932
2026-05-19 20:11:24,lombar,10260,-2744,-12296,-96,-229,560,1063365
2026-05-19 20:11:24,lombar,10300,-2752,-12208,0,-180,445,1063387
2026-05-19 20:11:24,esterno,2276,11612,10604,-36,136,-215,405954
2026-05-19 20:11:24,lombar,10244,-2536,-12236,-42,-166,353,1063409
2026-05-19 20:11:24,esterno,2116,11732,10456,82,368,-130,405976
2026-05-19 20:11:24,lombar,10264,-2660,-12336,-133,-262,320,1063431
2026-05-19 20:11:24,esterno,2212,11548,10640,188,387,-45,405998
2026-05-19 20:11:24,lombar,10304,-2664,-12272,-47,-245,255,1063453
2026-05-19 20:11:24,esterno,2292,11436,10592,303,308,-19,406020
2026-05-19 20:11:24,lombar,10204,-2524,-12412,-14,-299,161,1063475
2026-05-19 20:11:24,esterno,2404,11432,10504,291,371,119,406042
2026-05-19 20:11:24,lombar,10200,-2444,-12260,14,-338,146,1063497
2026-05-19 20:11:24,esterno,2376,11588,10656,224,461,226,406064
2026-05-19 20:11:24,lombar,10104,-2616,-12332,67,-355,144,1063519
2026-05-19 20:11:24,esterno,2440,11660,10700,112,364,264,406086
2026-05-19 20:11:24,lombar,10212,-2652,-12452,129,-376,205,1063541
2026-05-19 20:11:24,esterno,2584,11660,10412,-32,351,192,406108
2026-05-19 20:11:24,lombar,10200,-2688,-12440,118,-404,277,1063563
2026-05-19 20:11:24,esterno,2304,11680,10884,-192,120,185,406130
2026-05-19 20:11:24,lombar,10204,-2772,-12608,117,-435,215,1063585
2026-05-19 20:11:24,esterno,2292,11436,10688,-301,164,183,406152
2026-05-19 20:11:24,lombar,10244,-2688,-12696,303,-314,244,1063607
2026-05-19 20:11:24,esterno,2424,11300,10912,-350,112,192,406174
2026-05-19 20:11:24,lombar,10108,-2724,-12580,341,-279,330,1063629
2026-05-19 20:11:24,esterno,2412,11352,10644,-254,120,164,406196
2026-05-19 20:11:24,lombar,10240,-2560,-12476,264,-317,367,1063651
2026-05-19 20:11:24,esterno,2084,11372,10740,-241,163,-78,406218
2026-05-19 20:11:24,lombar,10208,-2540,-12548,189,-313,345,1063673
2026-05-19 20:11:24,esterno,2016,11576,10796,-292,51,-82,406240
2026-05-19 20:11:24,lombar,10236,-2608,-12456,235,-314,350,1063695
2026-05-19 20:11:24,esterno,2292,11540,10700,-363,-3,104,406262
2026-05-19 20:11:24,lombar,10276,-2700,-12540,259,-260,315,1063717
2026-05-19 20:11:24,esterno,2592,11388,10536,-349,76,190,406284
2026-05-19 20:11:24,lombar,10236,-2520,-12284,125,-299,344,1063739
2026-05-19 20:11:24,esterno,2572,11408,10620,-291,199,185,406306
2026-05-19 20:11:24,lombar,10168,-2540,-12424,-36,-330,359,1063761
2026-05-19 20:11:24,esterno,2276,11320,10848,-212,226,49,406328
2026-05-19 20:11:24,lombar,10140,-2616,-12488,-89,-307,387,1063783
2026-05-19 20:11:24,esterno,2132,11628,10836,-213,227,10,406350
2026-05-19 20:11:24,lombar,10256,-2724,-12500,-91,-226,439,1063805
2026-05-19 20:11:24,esterno,2172,11516,10868,-345,153,43,406372
2026-05-19 20:11:24,lombar,10292,-2844,-12520,-40,-255,454,1063827
2026-05-19 20:11:24,esterno,2324,11444,10672,-415,293,-28,406394
2026-05-19 20:11:24,lombar,10344,-2784,-12472,44,-214,352,1063849
2026-05-19 20:11:24,esterno,2284,11392,10588,-395,436,-142,406416
2026-05-19 20:11:24,lombar,10272,-2676,-12472,120,-117,359,1063871
2026-05-19 20:11:24,esterno,2164,11456,10696,-325,447,-231,406438
2026-05-19 20:11:24,lombar,10264,-2568,-12468,171,-160,376,1063893
2026-05-19 20:11:24,esterno,2128,11316,10804,-356,384,-159,406460
2026-05-19 20:11:24,lombar,10228,-2472,-12148,105,-205,405,1063915
2026-05-19 20:11:24,esterno,2168,11308,10716,-341,292,-54,406482
2026-05-19 20:11:24,lombar,10152,-2408,-12168,9,-250,386,1063937
2026-05-19 20:11:24,esterno,2172,11388,10660,-240,323,-33,406504
2026-05-19 20:11:24,lombar,10240,-2452,-12436,-4,-255,333,1063959
2026-05-19 20:11:24,esterno,2288,11484,10680,-69,613,-47,406526
2026-05-19 20:11:25,lombar,10284,-2500,-12380,55,-272,379,1063981
2026-05-19 20:11:25,esterno,2536,11612,11000,36,238,86,406548
2026-05-19 20:11:25,lombar,10244,-2528,-12328,32,-313,322,1064003
2026-05-19 20:11:25,esterno,2396,11356,10812,-347,34,217,406570
2026-05-19 20:11:25,lombar,10244,-2576,-12552,103,-336,334,1064025
2026-05-19 20:11:25,esterno,2404,11404,10680,-194,97,258,406592
2026-05-19 20:11:25,lombar,10288,-2628,-12444,79,-352,257,1064047
2026-05-19 20:11:25,esterno,2256,11260,10508,-15,120,237,406614
2026-05-19 20:11:25,lombar,10236,-2700,-12460,137,-384,260,1064069
2026-05-19 20:11:25,esterno,2268,11392,10876,50,251,148,406636
2026-05-19 20:11:25,lombar,10232,-2620,-12388,252,-332,298,1064091
2026-05-19 20:11:25,esterno,2140,11512,10696,-5,388,162,406658
2026-05-19 20:11:25,lombar,10132,-2608,-12496,126,-360,202,1064113
2026-05-19 20:11:25,esterno,2280,11564,10964,-35,378,239,406680
2026-05-19 20:11:25,lombar,10228,-2720,-12340,202,-311,275,1064135
2026-05-19 20:11:25,esterno,2176,11428,10704,-6,350,171,406702
2026-05-19 20:11:25,lombar,10236,-2680,-12492,236,-266,254,1064157
2026-05-19 20:11:25,esterno,2028,11356,10596,-93,451,107,406724
2026-05-19 20:11:25,lombar,10156,-2620,-12372,190,-292,289,1064179
2026-05-19 20:11:25,esterno,2308,11324,10564,-92,715,139,406746
2026-05-19 20:11:25,lombar,10320,-2704,-12332,144,-325,233,1064201
2026-05-19 20:11:25,esterno,2320,11420,10892,-76,749,147,406768
2026-05-19 20:11:25,lombar,10168,-2712,-12360,237,-239,281,1064223
2026-05-19 20:11:25,esterno,1956,11604,10856,-143,692,107,406790
2026-05-19 20:11:25,lombar,10116,-2608,-12472,220,-216,163,1064245
2026-05-19 20:11:25,esterno,1872,11448,11224,-367,344,103,406812
2026-05-19 20:11:25,lombar,10056,-2576,-12308,49,-234,290,1064267
2026-05-19 20:11:25,esterno,2148,11388,10652,-502,382,118,406834
2026-05-19 20:11:25,lombar,10248,-2672,-12468,6,-234,299,1064289
2026-05-19 20:11:25,esterno,2276,11440,10656,-568,407,123,406856
2026-05-19 20:11:25,lombar,10132,-2664,-12372,88,-265,275,1064311
2026-05-19 20:11:25,esterno,2064,11360,10856,-493,309,104,406878
2026-05-19 20:11:25,lombar,10184,-2712,-12188,86,-165,357,1064333
2026-05-19 20:11:25,esterno,2060,11184,10780,-504,307,-46,406900
2026-05-19 20:11:25,lombar,10156,-2700,-12340,49,-268,391,1064355
2026-05-19 20:11:25,esterno,2208,11360,10776,-545,269,-197,406922
2026-05-19 20:11:25,lombar,10408,-2588,-12176,79,-224,380,1064377
2026-05-19 20:11:25,esterno,2392,11504,10952,-567,132,-104,406944
2026-05-19 20:11:25,lombar,10276,-2516,-12296,107,-198,396,1064399
2026-05-19 20:11:25,esterno,2444,11444,10784,-468,91,-108,406966
2026-05-19 20:11:25,lombar,10232,-2544,-12288,57,-285,371,1064421
2026-05-19 20:11:25,esterno,2308,11444,10824,-475,117,-9,406988
2026-05-19 20:11:25,lombar,10236,-2496,-12472,26,-287,326,1064443
2026-05-19 20:11:25,esterno,2108,11140,11008,-242,69,-106,407010
2026-05-19 20:11:25,lombar,10272,-2488,-12504,106,-294,330,1064465
2026-05-19 20:11:25,esterno,2172,11164,10828,-192,101,-91,407032
2026-05-19 20:11:25,lombar,10204,-2488,-12608,193,-312,319,1064487
2026-05-19 20:11:25,esterno,2432,11208,10628,-244,196,21,407054
2026-05-19 20:11:25,lombar,10164,-2528,-12456,191,-323,299,1064509
2026-05-19 20:11:25,esterno,2400,11396,10784,-146,229,71,407076
2026-05-19 20:11:25,lombar,10276,-2536,-12436,186,-360,353,1064531
2026-05-19 20:11:25,esterno,2280,11368,10736,-192,311,76,407098
2026-05-19 20:11:25,lombar,10212,-2708,-12316,214,-316,272,1064553
2026-05-19 20:11:25,esterno,2336,11200,10852,-151,338,13,407120
2026-05-19 20:11:25,lombar,10192,-2688,-12568,279,-288,244,1064575
2026-05-19 20:11:25,esterno,2192,11244,10792,-185,428,27,407142
2026-05-19 20:11:25,lombar,10252,-2688,-12492,358,-303,277,1064597
2026-05-19 20:11:25,esterno,2176,11272,10720,-231,593,126,407164
2026-05-19 20:11:25,lombar,10256,-2688,-12340,295,-285,256,1064619
2026-05-19 20:11:25,esterno,2072,11244,10376,19,944,102,407186
2026-05-19 20:11:25,lombar,10128,-2740,-12320,261,-302,236,1064641
2026-05-19 20:11:25,esterno,1948,11332,11072,146,774,48,407208
2026-05-19 20:11:25,lombar,10248,-2768,-12352,185,-289,324,1064663
2026-05-19 20:11:25,esterno,1744,11280,11220,-119,611,75,407230
2026-05-19 20:11:25,lombar,10220,-2784,-12276,244,-298,256,1064685
2026-05-19 20:11:25,esterno,1628,11160,10824,-230,187,91,407252
2026-05-19 20:11:25,lombar,10128,-2700,-12224,307,-218,315,1064707
2026-05-19 20:11:25,esterno,1896,10980,10996,-10,266,-9,407274
2026-05-19 20:11:25,lombar,10152,-2576,-12424,183,-295,402,1064729
2026-05-19 20:11:25,esterno,2112,11268,11020,-10,200,-48,407296
2026-05-19 20:11:25,lombar,10152,-2680,-12680,49,-308,367,1064751
2026-05-19 20:11:25,esterno,2160,11804,10992,68,279,-91,407318
2026-05-19 20:11:25,lombar,10108,-2752,-12420,-77,-276,361,1064773
2026-05-19 20:11:25,esterno,2044,11604,11120,17,297,-69,407340
2026-05-19 20:11:25,lombar,10284,-2740,-12604,-77,-243,339,1064795
2026-05-19 20:11:25,esterno,1972,11420,11100,-63,267,2,407362
2026-05-19 20:11:25,lombar,10272,-2692,-12444,109,-178,279,1064817
2026-05-19 20:11:25,esterno,2160,11220,10752,-187,305,32,407384
2026-05-19 20:11:25,lombar,10164,-2592,-12328,88,-214,342,1064839
2026-05-19 20:11:25,esterno,2216,11308,10808,-257,329,42,407406
2026-05-19 20:11:25,lombar,10152,-2644,-12300,8,-228,353,1064861
2026-05-19 20:11:25,esterno,2240,11416,10672,-289,352,-8,407428
2026-05-19 20:11:25,lombar,10340,-2608,-12316,38,-247,287,1064883
2026-05-19 20:11:25,esterno,2100,11444,10860,-329,214,23,407450
2026-05-19 20:11:25,lombar,10312,-2584,-12216,59,-293,316,1064905
2026-05-19 20:11:25,esterno,2028,11528,11152,-472,61,121,407472
2026-05-19 20:11:25,esterno,1928,11492,10840,-501,8,185,407494
2026-05-19 20:11:25,lombar,10308,-2560,-12380,44,-354,346,1064927
2026-05-19 20:11:25,lombar,10272,-2660,-12360,2,-353,322,1064949
2026-05-19 20:11:25,esterno,2296,11344,10548,-603,26,133,407516
2026-05-19 20:11:26,lombar,10268,-2656,-12348,227,-264,316,1064971
2026-05-19 20:11:26,esterno,2416,11200,10872,-390,65,109,407538
2026-05-19 20:11:26,lombar,10236,-2564,-12300,212,-285,343,1064993
2026-05-19 20:11:26,esterno,2132,11112,10908,-303,179,92,407560
2026-05-19 20:11:26,lombar,10120,-2540,-12412,112,-296,359,1065015
2026-05-19 20:11:26,esterno,2120,11380,11196,-329,113,68,407582
2026-05-19 20:11:26,lombar,10308,-2768,-12412,174,-302,337,1065037
2026-05-19 20:11:26,esterno,2236,11376,11000,-328,-23,100,407604
2026-05-19 20:11:26,lombar,10180,-2616,-12484,187,-286,342,1065059
2026-05-19 20:11:26,esterno,2188,11192,11028,-356,-100,104,407626
2026-05-19 20:11:26,lombar,10244,-2556,-12416,169,-317,380,1065081
2026-05-19 20:11:26,esterno,2244,11104,10944,-336,-62,114,407648
2026-05-19 20:11:26,lombar,10208,-2752,-12460,163,-290,345,1065103
2026-05-19 20:11:26,esterno,2160,11156,10924,-294,23,122,407670
2026-05-19 20:11:26,lombar,10160,-2656,-12488,183,-257,347,1065125
2026-05-19 20:11:26,esterno,2028,11344,11028,-230,80,75,407692
2026-05-19 20:11:26,lombar,10172,-2768,-12348,189,-314,356,1065147
2026-05-19 20:11:26,esterno,2132,11308,10916,-219,72,64,407714
2026-05-19 20:11:26,lombar,10220,-2704,-12340,122,-273,369,1065169
2026-05-19 20:11:26,esterno,2148,11336,11084,-270,105,90,407736
2026-05-19 20:11:26,lombar,10184,-2792,-12468,68,-301,295,1065191
2026-05-19 20:11:26,esterno,2044,11104,10872,-192,86,110,407758
2026-05-19 20:11:26,lombar,10236,-2696,-12452,94,-292,330,1065213
2026-05-19 20:11:26,esterno,2104,11188,11180,-130,59,107,407780
2026-05-19 20:11:26,lombar,10256,-2628,-12520,81,-271,391,1065235
2026-05-19 20:11:26,esterno,2100,11312,11012,-213,19,64,407802
2026-05-19 20:11:26,esterno,2028,11404,10932,-124,43,-8,407824
2026-05-19 20:11:26,lombar,10152,-2680,-12356,32,-252,363,1065257
2026-05-19 20:11:26,esterno,1936,11084,10368,110,381,-44,407846
2026-05-19 20:11:26,lombar,10152,-2704,-12360,8,-265,375,1065279
2026-05-19 20:11:26,lombar,10152,-2640,-12312,37,-289,379,1065301
2026-05-19 20:11:26,esterno,2148,11232,11228,163,67,23,407868
2026-05-19 20:11:26,lombar,10340,-2808,-12420,-61,-312,368,1065323
2026-05-19 20:11:26,esterno,2260,11292,11040,-287,-71,55,407890
2026-05-19 20:11:26,lombar,10276,-2704,-12280,62,-268,295,1065345
2026-05-19 20:11:26,esterno,2320,11256,10664,-234,-156,40,407912
2026-05-19 20:11:26,lombar,10152,-2556,-12364,50,-239,338,1065367
2026-05-19 20:11:26,esterno,2260,11244,10752,-155,52,-47,407934
2026-05-19 20:11:26,lombar,10268,-2624,-12644,34,-303,385,1065389
2026-05-19 20:11:26,esterno,2416,11296,10888,5,185,-127,407956
2026-05-19 20:11:26,lombar,10252,-2640,-12384,112,-241,364,1065411
2026-05-19 20:11:26,esterno,2172,11284,10828,48,316,-61,407978
2026-05-19 20:11:26,lombar,10252,-2564,-12336,23,-299,371,1065433
2026-05-19 20:11:26,esterno,2244,11352,11048,17,264,-21,408000
2026-05-19 20:11:26,lombar,10140,-2604,-12568,78,-278,205,1065455
2026-05-19 20:11:26,esterno,2168,11292,10916,12,236,-37,408022
2026-05-19 20:11:26,lombar,10228,-2668,-12468,174,-240,272,1065477
2026-05-19 20:11:26,esterno,2292,11052,10824,36,265,-46,408044
2026-05-19 20:11:26,lombar,10260,-2476,-12468,82,-311,267,1065499
2026-05-19 20:11:26,esterno,2148,11264,10976,-15,272,-6,408066
2026-05-19 20:11:26,lombar,10228,-2696,-12344,80,-323,286,1065521
2026-05-19 20:11:26,esterno,2088,11340,11020,-65,169,25,408088
2026-05-19 20:11:26,lombar,10232,-2676,-12456,44,-335,251,1065543
2026-05-19 20:11:26,esterno,2100,11308,11112,11,-11,-31,408110
2026-05-19 20:11:26,lombar,10200,-2588,-12388,-11,-336,294,1065565
2026-05-19 20:11:26,esterno,1976,11292,11316,-35,-219,-5,408132
2026-05-19 20:11:26,lombar,10188,-2680,-12224,-115,-417,361,1065587
2026-05-19 20:11:26,esterno,1864,11132,10924,-62,-108,9,408154
2026-05-19 20:11:26,lombar,10248,-2776,-12440,-85,-366,294,1065609
2026-05-19 20:11:26,esterno,2232,11160,10756,-159,-171,36,408176
2026-05-19 20:11:26,lombar,10256,-2844,-12560,78,-221,275,1065631
2026-05-19 20:11:26,esterno,2504,11424,10832,15,94,-49,408198
2026-05-19 20:11:26,lombar,10244,-2620,-12408,113,-177,312,1065653
2026-05-19 20:11:26,esterno,2176,11500,10996,-168,323,-323,408220
2026-05-19 20:11:26,lombar,10064,-2692,-12440,124,-280,366,1065675
2026-05-19 20:11:26,esterno,1960,11396,10948,-140,206,-410,408242
2026-05-19 20:11:26,lombar,10232,-2624,-12256,142,-185,307,1065697
2026-05-19 20:11:26,esterno,2180,11280,10876,-214,89,-232,408264
2026-05-19 20:11:26,lombar,10236,-2560,-12480,198,-219,269,1065719
2026-05-19 20:11:26,esterno,2276,11068,10776,-266,128,-200,408286
2026-05-19 20:11:26,lombar,10228,-2548,-12456,136,-231,250,1065741
2026-05-19 20:11:26,esterno,2204,11280,10876,-89,150,-230,408308
2026-05-19 20:11:26,lombar,10192,-2528,-12508,144,-252,322,1065763
2026-05-19 20:11:26,esterno,2192,11300,10864,-78,170,-215,408330
2026-05-19 20:11:26,lombar,10208,-2616,-12380,138,-223,318,1065785
2026-05-19 20:11:26,esterno,2312,11168,10708,-95,263,-210,408352
2026-05-19 20:11:26,lombar,10144,-2448,-12492,220,-267,368,1065807
2026-05-19 20:11:26,esterno,2308,11200,10880,-97,269,-173,408374
2026-05-19 20:11:26,lombar,10176,-2532,-12592,192,-248,312,1065829
2026-05-19 20:11:26,esterno,2236,11340,10708,-51,290,-144,408396
2026-05-19 20:11:26,lombar,10232,-2600,-12532,180,-231,295,1065851
2026-05-19 20:11:26,esterno,2056,11288,10932,-78,277,-154,408418
2026-05-19 20:11:26,lombar,10204,-2572,-12240,155,-253,335,1065873
2026-05-19 20:11:26,esterno,1972,11272,11068,-70,180,-158,408440
2026-05-19 20:11:26,lombar,10160,-2600,-12192,171,-244,289,1065895
2026-05-19 20:11:26,esterno,1912,11372,11160,-130,73,-107,408462
2026-05-19 20:11:26,lombar,10144,-2700,-12372,149,-248,306,1065917
2026-05-19 20:11:26,esterno,1920,11312,10612,130,266,-37,408484
2026-05-19 20:11:26,lombar,10188,-2716,-12456,71,-285,364,1065939
2026-05-19 20:11:26,esterno,1948,11348,11076,230,341,-34,408506
2026-05-19 20:11:27,lombar,10084,-2696,-12376,39,-266,349,1065961
2026-05-19 20:11:27,esterno,1988,11476,10804,22,197,-47,408528
2026-05-19 20:11:27,lombar,10196,-2740,-12356,68,-285,371,1065983
2026-05-19 20:11:27,esterno,2000,11468,10820,-274,-226,33,408550
2026-05-19 20:11:27,lombar,10172,-2648,-12544,163,-231,359,1066005
2026-05-19 20:11:27,esterno,1848,11320,10812,-207,-37,54,408572
2026-05-19 20:11:27,lombar,10044,-2572,-12516,135,-230,379,1066027
2026-05-19 20:11:27,esterno,1948,11296,10992,-202,-53,105,408594
2026-05-19 20:11:27,lombar,10164,-2496,-12692,-95,-191,365,1066049
2026-05-19 20:11:27,esterno,2184,11372,10728,29,126,27,408616
2026-05-19 20:11:27,lombar,10276,-3016,-12784,49,-19,518,1066071
2026-05-19 20:11:27,esterno,2024,11608,11332,-173,203,38,408638
2026-05-19 20:11:27,lombar,10052,-3296,-13044,285,-383,412,1066093
2026-05-19 20:11:27,esterno,2292,11732,11436,-380,168,140,408660
2026-05-19 20:11:27,lombar,9632,-2872,-13244,603,-690,428,1066115
2026-05-19 20:11:27,esterno,2504,11372,11164,-625,161,257,408682
2026-05-19 20:11:27,lombar,9252,-2632,-13272,998,-934,124,1066137
2026-05-19 20:11:27,esterno,2456,11020,11160,-510,256,269,408704
2026-05-19 20:11:27,lombar,9220,-2348,-12948,1298,-1024,-179,1066159
2026-05-19 20:11:27,esterno,2212,11180,11172,-451,413,233,408726
2026-05-19 20:11:27,lombar,9552,-1668,-12256,722,-1044,-227,1066181
2026-05-19 20:11:27,esterno,2580,11284,11088,-561,279,326,408748
2026-05-19 20:11:27,lombar,9900,-1964,-11996,-129,-1292,-16,1066203
2026-05-19 20:11:27,esterno,2396,11260,11288,-939,-12,552,408770
2026-05-19 20:11:27,lombar,10240,-2700,-11924,-601,-1551,173,1066225
2026-05-19 20:11:27,esterno,1912,11208,11080,-1438,-478,680,408792
2026-05-19 20:11:27,lombar,10936,-3604,-12256,-184,-1427,367,1066247
2026-05-19 20:11:27,esterno,1780,11352,10612,-1653,-676,563,408814
2026-05-19 20:11:27,lombar,11256,-3664,-12116,309,-805,521,1066269
2026-05-19 20:11:27,esterno,1888,11408,10400,-1125,-622,402,408836
2026-05-19 20:11:27,lombar,10856,-2956,-11696,510,-555,474,1066291
2026-05-19 20:11:27,esterno,2036,11336,10352,-673,-212,273,408858
2026-05-19 20:11:27,lombar,10148,-2272,-11532,-30,-721,439,1066313
2026-05-19 20:11:27,esterno,2176,11104,10600,-375,7,-53,408880
2026-05-19 20:11:27,lombar,10020,-2256,-11696,-818,-678,531,1066335
2026-05-19 20:11:27,esterno,2040,10924,10824,-200,-57,-164,408902
2026-05-19 20:11:27,lombar,10204,-2784,-12008,-1391,-605,690,1066357
2026-05-19 20:11:27,esterno,1876,11008,10904,-212,-176,-177,408924
2026-05-19 20:11:27,lombar,10136,-3040,-12300,-1282,-467,670,1066379
2026-05-19 20:11:27,esterno,1764,10996,10892,-144,-227,-290,408946
2026-05-19 20:11:27,lombar,9600,-2644,-12580,-878,-76,518,1066401
2026-05-19 20:11:27,esterno,1980,10716,11176,-131,-136,-278,408968
2026-05-19 20:11:27,lombar,9292,-1944,-12580,-1164,-199,437,1066423
2026-05-19 20:11:27,esterno,2436,10392,10932,-31,-8,-148,408990
2026-05-19 20:11:27,lombar,9704,-2272,-12820,-1554,-536,572,1066445
2026-05-19 20:11:27,esterno,2712,10524,10804,-251,150,-62,409012
2026-05-19 20:11:27,lombar,10436,-3588,-12736,-229,-7,437,1066467
2026-05-19 20:11:27,esterno,2636,10812,10896,-138,207,-59,409034
2026-05-19 20:11:27,lombar,10572,-3512,-12516,1046,289,-10,1066489
2026-05-19 20:11:27,esterno,2824,11172,10592,-14,348,28,409056
2026-05-19 20:11:27,lombar,9884,-2560,-12880,1323,112,-286,1066511
2026-05-19 20:11:27,esterno,2716,11368,10800,393,422,274,409078
2026-05-19 20:11:27,lombar,9828,-1872,-13088,1060,190,-207,1066533
2026-05-19 20:11:27,esterno,2668,11452,11296,570,610,357,409100
2026-05-19 20:11:27,lombar,9780,-1832,-12744,556,-188,-22,1066555
2026-05-19 20:11:27,esterno,2400,11520,11652,406,736,247,409122
2026-05-19 20:11:27,lombar,9820,-2160,-12804,31,-414,159,1066577
2026-05-19 20:11:27,esterno,2212,11760,11304,416,893,141,409144
2026-05-19 20:11:27,lombar,9952,-2464,-12920,-158,-419,351,1066599
2026-05-19 20:11:27,esterno,2220,11488,11788,260,234,258,409166
2026-05-19 20:11:27,lombar,9816,-2788,-12928,-159,-375,475,1066621
2026-05-19 20:11:27,esterno,2296,10948,11540,-303,-207,287,409188
2026-05-19 20:11:27,lombar,9896,-2780,-13028,24,-305,570,1066643
2026-05-19 20:11:27,esterno,2244,10540,10928,-347,-315,68,409210
2026-05-19 20:11:27,lombar,9752,-2612,-12856,138,-327,440,1066665
2026-05-19 20:11:27,esterno,2252,10592,10976,-225,-164,-232,409232
2026-05-19 20:11:27,lombar,9904,-2744,-12800,259,-209,392,1066687
2026-05-19 20:11:27,esterno,2356,10912,10944,-96,-6,-303,409254
2026-05-19 20:11:27,lombar,10092,-2688,-12724,398,-135,408,1066709
2026-05-19 20:11:27,esterno,2324,11280,10892,-84,255,-224,409276
2026-05-19 20:11:27,lombar,10124,-2600,-12408,347,-174,284,1066731
2026-05-19 20:11:27,esterno,2272,11308,10848,-41,239,-98,409298
2026-05-19 20:11:27,lombar,9928,-2632,-12420,284,-157,281,1066753
2026-05-19 20:11:27,esterno,2328,11228,10832,54,235,22,409320
2026-05-19 20:11:27,lombar,10104,-2432,-12244,227,-160,266,1066775
2026-05-19 20:11:27,esterno,2260,11128,10692,116,312,92,409342
2026-05-19 20:11:27,lombar,10124,-2432,-12244,103,-275,235,1066797
2026-05-19 20:11:27,esterno,2200,11212,10836,171,357,112,409364
2026-05-19 20:11:27,lombar,10136,-2616,-12340,72,-351,279,1066819
2026-05-19 20:11:27,esterno,2092,11400,10848,135,212,170,409386
2026-05-19 20:11:27,lombar,10088,-2668,-12404,54,-365,271,1066841
2026-05-19 20:11:27,esterno,2196,11324,10820,-7,128,154,409408
2026-05-19 20:11:27,lombar,9940,-2596,-12696,37,-395,369,1066863
2026-05-19 20:11:27,esterno,2284,11188,11196,-119,-24,115,409430
2026-05-19 20:11:27,lombar,9948,-2584,-12724,11,-407,413,1066885
2026-05-19 20:11:27,esterno,2240,11088,10828,-247,-19,5,409452
2026-05-19 20:11:27,lombar,10016,-2724,-12748,6,-359,369,1066907
2026-05-19 20:11:27,esterno,2440,11100,11204,-314,-97,-17,409474
2026-05-19 20:11:27,lombar,9988,-2620,-12912,132,-280,351,1066929
2026-05-19 20:11:27,esterno,2388,11168,11244,-233,-6,18,409496
2026-05-19 20:11:27,lombar,9904,-2332,-12688,139,-247,436,1066951
2026-05-19 20:11:27,esterno,2344,10988,11176,-179,127,-85,409518
2026-05-19 20:11:28,lombar,9868,-2512,-12756,45,-273,341,1066973
2026-05-19 20:11:28,esterno,2276,11128,11260,-142,25,-123,409540
2026-05-19 20:11:28,lombar,10036,-2512,-12800,85,-214,399,1066995
2026-05-19 20:11:28,esterno,2396,11260,11268,-193,-118,0,409562
2026-05-19 20:11:28,lombar,9932,-2412,-12716,59,-213,379,1067017
2026-05-19 20:11:28,esterno,2484,11240,10960,-246,-120,107,409584
2026-05-19 20:11:28,lombar,10000,-2464,-12496,4,-281,336,1067039
2026-05-19 20:11:28,esterno,2324,11164,10856,-188,-94,99,409606
2026-05-19 20:11:28,lombar,10096,-2632,-12484,41,-277,325,1067061
2026-05-19 20:11:28,esterno,2388,11104,11000,-126,-61,25,409628
2026-05-19 20:11:28,lombar,10140,-2640,-12488,170,-228,345,1067083
2026-05-19 20:11:28,esterno,2376,11148,10776,-31,-19,-61,409650
2026-05-19 20:11:28,lombar,10128,-2604,-12452,284,-194,336,1067105
2026-05-19 20:11:28,esterno,2256,11080,10716,55,98,-59,409672
2026-05-19 20:11:28,lombar,9992,-2580,-12480,282,-201,279,1067127
2026-05-19 20:11:28,esterno,2312,11148,10672,47,145,-6,409694
2026-05-19 20:11:28,lombar,10040,-2620,-12596,260,-241,307,1067149
2026-05-19 20:11:28,esterno,2396,11320,10904,102,137,-30,409716
2026-05-19 20:11:28,lombar,10132,-2576,-12644,337,-227,265,1067171
2026-05-19 20:11:28,esterno,2172,11392,10852,98,209,-72,409738
2026-05-19 20:11:28,lombar,10004,-2608,-12712,338,-202,247,1067193
2026-05-19 20:11:28,esterno,2284,11452,11008,32,316,-25,409760
2026-05-19 20:11:28,lombar,9984,-2632,-12620,328,-187,268,1067215
2026-05-19 20:11:28,esterno,2428,11352,10736,159,542,50,409782
2026-05-19 20:11:28,lombar,9888,-2596,-12716,282,-217,204,1067237
2026-05-19 20:11:28,esterno,2428,11204,11208,212,426,56,409804
2026-05-19 20:11:28,lombar,9804,-2716,-12560,222,-292,266,1067259
2026-05-19 20:11:28,esterno,2300,11288,11120,-215,290,52,409826
2026-05-19 20:11:28,lombar,9892,-2612,-12804,239,-256,257,1067281
2026-05-19 20:11:28,esterno,2256,11212,10924,-308,-19,53,409848
2026-05-19 20:11:28,lombar,9804,-2388,-12748,159,-257,370,1067303
2026-05-19 20:11:28,esterno,2368,11172,11028,-235,108,46,409870
2026-05-19 20:11:28,lombar,9864,-2624,-12788,7,-332,328,1067325
2026-05-19 20:11:28,esterno,2424,11124,10960,-241,177,13,409892
2026-05-19 20:11:28,lombar,10008,-2772,-12784,58,-277,353,1067347
2026-05-19 20:11:28,esterno,2376,11356,10928,-154,402,-58,409914
2026-05-19 20:11:28,lombar,10136,-2704,-12444,111,-233,332,1067369
2026-05-19 20:11:28,esterno,2196,11240,10944,-132,389,-98,409936
2026-05-19 20:11:28,lombar,10120,-2628,-12532,130,-112,277,1067391
2026-05-19 20:11:28,esterno,2304,11124,10884,-91,368,-99,409958
2026-05-19 20:11:28,lombar,10080,-2632,-12412,212,-99,304,1067413
2026-05-19 20:11:28,esterno,2420,11108,10636,-39,404,-57,409980
2026-05-19 20:11:28,lombar,10128,-2616,-12464,178,-152,358,1067435
2026-05-19 20:11:28,esterno,2280,11188,10732,7,386,-50,410002
2026-05-19 20:11:28,lombar,10152,-2652,-12576,227,-194,340,1067457
2026-05-19 20:11:28,esterno,2132,11420,10920,12,334,-114,410024
2026-05-19 20:11:28,lombar,9996,-2712,-12616,200,-195,328,1067479
2026-05-19 20:11:28,esterno,2228,11524,10908,-29,289,-110,410046
2026-05-19 20:11:28,lombar,9912,-2624,-12540,164,-260,285,1067501
2026-05-19 20:11:28,esterno,2456,11564,11316,-188,242,24,410068
2026-05-19 20:11:28,lombar,9944,-2668,-12628,159,-329,316,1067523
2026-05-19 20:11:28,esterno,2172,11248,10944,-320,180,90,410090
2026-05-19 20:11:28,lombar,9944,-2772,-12772,67,-364,345,1067545
2026-05-19 20:11:28,esterno,2372,11124,10988,-441,79,69,410112
2026-05-19 20:11:28,lombar,9988,-2624,-12884,157,-336,315,1067567
2026-05-19 20:11:28,esterno,2480,11100,11168,-383,148,51,410134
2026-05-19 20:11:28,lombar,9896,-2428,-12820,158,-279,314,1067589
2026-05-19 20:11:28,esterno,2348,11200,10928,-355,217,23,410156
2026-05-19 20:11:28,lombar,9816,-2484,-12696,-32,-382,413,1067611
2026-05-19 20:11:28,esterno,2160,11288,11248,-356,102,38,410178
2026-05-19 20:11:28,lombar,10080,-2812,-12776,23,-356,415,1067633
2026-05-19 20:11:28,esterno,2252,11212,11056,-387,-28,137,410200
2026-05-19 20:11:28,lombar,10088,-2844,-12592,221,-185,411,1067655
2026-05-19 20:11:28,esterno,2276,10984,10756,-339,-25,76,410222
2026-05-19 20:11:28,lombar,10128,-2568,-12376,238,-118,318,1067677
2026-05-19 20:11:28,esterno,2400,10824,10916,-227,77,-43,410244
2026-05-19 20:11:28,lombar,10228,-2608,-12380,179,-158,287,1067699
2026-05-19 20:11:28,esterno,2268,11052,10640,-155,160,-117,410266
2026-05-19 20:11:28,lombar,10144,-2752,-12368,220,-229,347,1067721
2026-05-19 20:11:28,esterno,2024,11316,10756,-74,133,-65,410288
2026-05-19 20:11:28,lombar,10048,-2704,-12472,252,-260,307,1067743
2026-05-19 20:11:28,esterno,2124,11484,10764,42,166,33,410310
2026-05-19 20:11:28,lombar,9976,-2688,-12640,191,-272,301,1067765
2026-05-19 20:11:28,esterno,2212,11440,10824,16,207,38,410332
2026-05-19 20:11:28,lombar,9928,-2592,-12584,117,-315,357,1067787
2026-05-19 20:11:28,esterno,2408,11376,11096,-71,135,6,410354
2026-05-19 20:11:28,lombar,9980,-2672,-12756,47,-388,293,1067809
2026-05-19 20:11:28,esterno,2284,11276,11048,-158,193,70,410376
2026-05-19 20:11:28,esterno,2212,11244,11080,-193,253,180,410398
2026-05-19 20:11:28,lombar,9952,-2632,-12772,75,-386,334,1067831
2026-05-19 20:11:28,lombar,9824,-2568,-12748,34,-341,363,1067853
2026-05-19 20:11:28,esterno,2328,11064,10776,-77,545,81,410420
2026-05-19 20:11:28,lombar,9860,-2608,-12636,-61,-409,397,1067875
2026-05-19 20:11:28,esterno,2500,11096,11544,-94,158,11,410442
2026-05-19 20:11:28,lombar,10076,-2612,-12528,-96,-411,370,1067897
2026-05-19 20:11:28,esterno,2352,11008,11344,-460,-98,63,410464
2026-05-19 20:11:28,lombar,10068,-2748,-12540,25,-308,415,1067919
2026-05-19 20:11:28,esterno,2280,11052,10904,-378,-56,74,410486
2026-05-19 20:11:28,lombar,10056,-2564,-12580,109,-209,394,1067941
2026-05-19 20:11:28,esterno,2332,11012,10824,-233,5,23,410508
2026-05-19 20:11:29,lombar,10144,-2724,-12428,111,-118,352,1067963
2026-05-19 20:11:29,esterno,2216,10928,10724,-11,168,-127,410530
2026-05-19 20:11:29,lombar,10148,-2516,-12372,162,-89,343,1067985
2026-05-19 20:11:29,esterno,2224,11128,10604,84,316,-201,410552
2026-05-19 20:11:29,lombar,10064,-2668,-12316,38,-217,367,1068007
2026-05-19 20:11:29,esterno,2260,11344,10820,139,268,-104,410574
2026-05-19 20:11:29,esterno,2260,11404,10920,129,164,-10,410596
2026-05-19 20:11:29,lombar,10068,-2768,-12512,122,-256,313,1068029
2026-05-19 20:11:29,lombar,10028,-2684,-12704,140,-252,235,1068051
2026-05-19 20:11:29,esterno,2328,11436,10820,71,184,45,410618
2026-05-19 20:11:29,lombar,9936,-2576,-12616,70,-357,293,1068073
2026-05-19 20:11:29,esterno,2452,11228,10932,-10,236,51,410640
2026-05-19 20:11:29,lombar,9872,-2752,-12628,-4,-389,318,1068095
2026-05-19 20:11:29,esterno,2316,11248,11076,-144,196,74,410662
2026-05-19 20:11:29,lombar,9896,-2660,-12828,13,-412,319,1068117
2026-05-19 20:11:29,esterno,2272,11268,11116,-241,152,132,410684
2026-05-19 20:11:29,lombar,9884,-2564,-12780,8,-398,380,1068139
2026-05-19 20:11:29,esterno,2364,11220,11384,-380,-28,191,410706
2026-05-19 20:11:29,lombar,9808,-2620,-12712,-70,-444,386,1068161
2026-05-19 20:11:29,esterno,2260,11020,11048,-369,-40,138,410728
2026-05-19 20:11:29,lombar,10024,-2728,-12676,-64,-432,310,1068183
2026-05-19 20:11:29,esterno,2344,10992,11052,-428,-142,42,410750
2026-05-19 20:11:29,lombar,10024,-2640,-12564,17,-353,377,1068205
2026-05-19 20:11:29,esterno,2336,11108,11100,-289,-125,42,410772
2026-05-19 20:11:29,lombar,9952,-2612,-12588,43,-282,414,1068227
2026-05-19 20:11:29,esterno,2404,11088,11024,-224,29,47,410794
2026-05-19 20:11:29,lombar,10092,-2552,-12568,-29,-303,436,1068249
2026-05-19 20:11:29,esterno,2296,11196,10960,-105,-102,27,410816
2026-05-19 20:11:29,lombar,10164,-2616,-12376,-47,-301,406,1068271
2026-05-19 20:11:29,esterno,2332,11216,10860,-112,-168,-5,410838
2026-05-19 20:11:29,lombar,10108,-2684,-12236,-21,-217,431,1068293
2026-05-19 20:11:29,esterno,2408,11180,10764,-98,-114,-38,410860
2026-05-19 20:11:29,lombar,10068,-2544,-12480,15,-272,421,1068315
2026-05-19 20:11:29,esterno,2352,11220,10676,-34,-71,-18,410882
2026-05-19 20:11:29,lombar,10028,-2596,-12544,-4,-310,398,1068337
2026-05-19 20:11:29,esterno,2372,11164,10816,15,5,12,410904
2026-05-19 20:11:29,lombar,10048,-2668,-12500,-19,-361,342,1068359
2026-05-19 20:11:29,esterno,2420,11336,10752,3,53,-27,410926
2026-05-19 20:11:29,lombar,10060,-2768,-12532,54,-331,379,1068381
2026-05-19 20:11:29,esterno,2344,11356,10876,-27,104,-3,410948
2026-05-19 20:11:29,lombar,10028,-2796,-12576,178,-234,279,1068403
2026-05-19 20:11:29,esterno,2412,11196,10964,-58,118,57,410970
2026-05-19 20:11:29,lombar,9956,-2712,-12676,225,-206,271,1068425
2026-05-19 20:11:29,esterno,2292,11216,10876,-44,210,103,410992
2026-05-19 20:11:29,lombar,9980,-2668,-12648,246,-228,295,1068447
2026-05-19 20:11:29,esterno,2368,11076,10760,-3,271,115,411014
2026-05-19 20:11:29,lombar,9852,-2592,-12528,275,-244,230,1068469
2026-05-19 20:11:29,esterno,2320,11160,11044,38,243,22,411036
2026-05-19 20:11:29,lombar,9880,-2660,-12660,232,-236,244,1068491
2026-05-19 20:11:29,esterno,2412,11184,10896,38,262,-22,411058
2026-05-19 20:11:29,lombar,9916,-2596,-12880,245,-221,200,1068513
2026-05-19 20:11:29,esterno,2400,11276,10956,218,307,48,411080
2026-05-19 20:11:29,lombar,9932,-2504,-12796,258,-293,255,1068535
2026-05-19 20:11:29,esterno,2320,11268,11140,355,667,-1,411102
2026-05-19 20:11:29,lombar,9824,-2544,-12820,185,-280,336,1068557
2026-05-19 20:11:29,esterno,2568,11368,11220,130,205,136,411124
2026-05-19 20:11:29,lombar,9924,-2524,-12560,38,-351,296,1068579
2026-05-19 20:11:29,esterno,2584,11324,10992,-263,-179,122,411146
2026-05-19 20:11:29,lombar,9868,-2632,-12824,43,-259,352,1068601
2026-05-19 20:11:29,esterno,2444,11140,11016,-211,-64,42,411168
2026-05-19 20:11:29,lombar,9880,-2608,-12752,-79,-334,396,1068623
2026-05-19 20:11:29,esterno,2508,11148,11044,-103,-78,40,411190
2026-05-19 20:11:29,lombar,10072,-2660,-12748,-38,-371,433,1068645
2026-05-19 20:11:29,esterno,2352,11340,10980,-101,92,6,411212
2026-05-19 20:11:29,lombar,10096,-2648,-12516,-83,-344,476,1068667
2026-05-19 20:11:29,esterno,2292,11304,10868,-139,46,-53,411234
2026-05-19 20:11:29,lombar,10032,-2692,-12664,-159,-411,459,1068689
2026-05-19 20:11:29,esterno,2368,11368,10848,-129,-12,-59,411256
2026-05-19 20:11:29,lombar,10092,-2736,-12264,-82,-323,385,1068711
2026-05-19 20:11:29,esterno,2416,11228,10656,-166,24,-9,411278
2026-05-19 20:11:29,lombar,10072,-2592,-12332,-107,-321,433,1068733
2026-05-19 20:11:29,esterno,2324,11184,10700,-190,104,46,411300
2026-05-19 20:11:29,lombar,10044,-2744,-12168,-114,-351,412,1068755
2026-05-19 20:11:29,esterno,2324,11224,10756,-172,126,12,411322
2026-05-19 20:11:29,lombar,10132,-2792,-12388,-12,-303,377,1068777
2026-05-19 20:11:29,esterno,2196,11408,10796,-160,62,-78,411344
2026-05-19 20:11:29,lombar,10044,-2748,-12436,100,-254,355,1068799
2026-05-19 20:11:29,esterno,2400,11300,10516,-164,147,-75,411366
2026-05-19 20:11:29,lombar,9968,-2604,-12536,186,-201,267,1068821
2026-05-19 20:11:29,esterno,2288,11344,11004,-132,111,-10,411388
2026-05-19 20:11:29,lombar,9960,-2564,-12448,145,-326,280,1068843
2026-05-19 20:11:29,esterno,2324,11360,10528,-223,200,32,411410
2026-05-19 20:11:29,lombar,9948,-2680,-12564,150,-276,264,1068865
2026-05-19 20:11:29,esterno,2608,11248,10988,-113,130,15,411432
2026-05-19 20:11:29,lombar,9876,-2700,-12768,248,-222,242,1068887
2026-05-19 20:11:29,esterno,2528,11224,10852,-123,228,53,411454
2026-05-19 20:11:29,lombar,9904,-2540,-12792,170,-256,239,1068909
2026-05-19 20:11:29,esterno,2472,11272,11112,-115,239,38,411476
2026-05-19 20:11:29,lombar,9844,-2596,-12788,176,-271,284,1068931
2026-05-19 20:11:29,esterno,2508,11368,11116,-132,186,97,411498
2026-05-19 20:11:29,lombar,9836,-2552,-12764,205,-223,221,1068953
2026-05-19 20:11:29,esterno,2572,11200,11048,-237,143,168,411520
2026-05-19 20:11:30,lombar,9888,-2512,-12444,144,-292,287,1068975
2026-05-19 20:11:30,esterno,2468,11200,11104,-258,80,108,411542
2026-05-19 20:11:30,lombar,9912,-2408,-12740,81,-302,388,1068997
2026-05-19 20:11:30,esterno,2536,11204,11068,-273,-10,54,411564
2026-05-19 20:11:30,lombar,10028,-2556,-12748,38,-303,359,1069019
2026-05-19 20:11:30,esterno,2416,11132,10876,-225,-13,70,411586
2026-05-19 20:11:30,lombar,10056,-2624,-12472,144,-280,376,1069041
2026-05-19 20:11:30,esterno,2416,11144,10728,-218,46,38,411608
2026-05-19 20:11:30,lombar,10064,-2704,-12580,166,-212,303,1069063
2026-05-19 20:11:30,esterno,2492,11304,10828,-184,67,-2,411630
2026-05-19 20:11:30,lombar,9944,-2612,-12336,120,-236,387,1069085
2026-05-19 20:11:30,esterno,2340,11212,10548,-181,103,-80,411652
2026-05-19 20:11:30,lombar,10104,-2600,-12568,97,-248,317,1069107
2026-05-19 20:11:30,esterno,2332,11400,10676,-94,115,-102,411674
2026-05-19 20:11:30,lombar,9972,-2624,-12440,157,-265,360,1069129
2026-05-19 20:11:30,esterno,2256,11192,10800,-29,119,-132,411696
2026-05-19 20:11:30,lombar,9972,-2716,-12680,168,-274,303,1069151
2026-05-19 20:11:30,esterno,2332,11192,10968,44,142,-87,411718
2026-05-19 20:11:30,lombar,9920,-2632,-12916,94,-262,330,1069173
2026-05-19 20:11:30,esterno,2332,11308,11072,50,192,-20,411740
2026-05-19 20:11:30,lombar,9864,-2632,-12804,32,-285,352,1069195
2026-05-19 20:11:30,esterno,2572,11340,11112,-45,215,40,411762
2026-05-19 20:11:30,lombar,9796,-2760,-12932,9,-336,314,1069217
2026-05-19 20:11:30,esterno,2432,11440,11236,-176,180,111,411784
2026-05-19 20:11:30,lombar,9776,-2692,-12880,68,-267,261,1069239
2026-05-19 20:11:30,esterno,2416,11216,11032,-232,241,174,411806
2026-05-19 20:11:30,lombar,9832,-2492,-12700,79,-279,302,1069261
2026-05-19 20:11:30,esterno,2416,11056,10020,-1,734,51,411828
2026-05-19 20:11:30,lombar,9840,-2584,-12820,51,-302,371,1069283
2026-05-19 20:11:30,esterno,2760,11284,11552,72,151,25,411850
2026-05-19 20:11:30,lombar,9980,-2648,-12464,-115,-399,336,1069305
2026-05-19 20:11:30,esterno,2696,11324,11032,-489,152,61,411872
2026-05-19 20:11:30,lombar,10204,-2780,-12492,85,-270,370,1069327
2026-05-19 20:11:30,esterno,2468,11036,10644,-485,-77,100,411894
2026-05-19 20:11:30,lombar,10164,-2400,-12416,224,-191,356,1069349
2026-05-19 20:11:30,esterno,2628,11040,10824,-208,65,22,411916
2026-05-19 20:11:30,lombar,10120,-2496,-12528,120,-204,312,1069371
2026-05-19 20:11:30,esterno,2464,11092,10640,-157,256,-114,411938
2026-05-19 20:11:30,lombar,10168,-2668,-12424,156,-224,362,1069393
2026-05-19 20:11:30,esterno,2280,11304,10724,34,383,-203,411960
2026-05-19 20:11:30,lombar,10136,-2712,-12492,116,-288,305,1069415
2026-05-19 20:11:30,esterno,2388,11436,10888,90,371,-127,411982
2026-05-19 20:11:30,lombar,9952,-2700,-12648,189,-278,221,1069437
2026-05-19 20:11:30,esterno,2508,11440,10932,61,339,-21,412004
2026-05-19 20:11:30,lombar,9856,-2608,-12852,162,-251,252,1069459
2026-05-19 20:11:30,esterno,2464,11380,11004,4,369,43,412026
2026-05-19 20:11:30,lombar,9980,-2556,-12672,96,-330,290,1069481
2026-05-19 20:11:30,esterno,2256,11312,10996,-76,332,23,412048
2026-05-19 20:11:30,lombar,9844,-2660,-12800,89,-336,312,1069503
2026-05-19 20:11:30,esterno,2288,11240,11160,-157,275,45,412070
2026-05-19 20:11:30,lombar,9852,-2596,-12744,48,-323,341,1069525
2026-05-19 20:11:30,esterno,2500,11100,11288,-248,141,73,412092
2026-05-19 20:11:30,lombar,9724,-2612,-12776,54,-332,363,1069547
2026-05-19 20:11:30,esterno,2344,11224,11084,-329,234,83,412114
2026-05-19 20:11:30,lombar,9904,-2576,-12832,-4,-344,378,1069569
2026-05-19 20:11:30,esterno,2392,11008,11164,-370,40,74,412136
2026-05-19 20:11:30,lombar,10104,-2648,-12656,-25,-374,349,1069591
2026-05-19 20:11:30,esterno,2408,11076,10916,-436,31,7,412158
2026-05-19 20:11:30,lombar,10104,-2720,-12420,147,-255,373,1069613
2026-05-19 20:11:30,esterno,2680,11300,10952,-227,-8,12,412180
2026-05-19 20:11:30,lombar,10124,-2636,-12556,166,-168,364,1069635
2026-05-19 20:11:30,esterno,2424,11236,10668,-185,88,-4,412202
2026-05-19 20:11:30,lombar,9984,-2696,-12296,112,-159,314,1069657
2026-05-19 20:11:30,esterno,2284,11216,10660,-90,109,-68,412224
2026-05-19 20:11:30,lombar,10192,-2612,-12400,155,-191,322,1069679
2026-05-19 20:11:30,esterno,2500,11372,10648,11,92,-87,412246
2026-05-19 20:11:30,lombar,10012,-2644,-12392,167,-226,340,1069701
2026-05-19 20:11:30,esterno,2336,11268,10672,-10,92,-61,412268
2026-05-19 20:11:30,lombar,9860,-2600,-12568,143,-279,298,1069723
2026-05-19 20:11:30,esterno,2288,11388,10864,-83,102,11,412290
2026-05-19 20:11:30,lombar,9812,-2584,-12812,125,-290,310,1069745
2026-05-19 20:11:30,esterno,2380,11516,10916,-167,101,91,412312
2026-05-19 20:11:30,lombar,9920,-2692,-12716,78,-309,302,1069767
2026-05-19 20:11:30,esterno,2464,11372,10988,-197,97,53,412334
2026-05-19 20:11:30,lombar,9812,-2604,-12920,89,-346,369,1069789
2026-05-19 20:11:30,esterno,2528,11252,11132,-250,169,36,412356
2026-05-19 20:11:30,lombar,9808,-2576,-12672,65,-362,334,1069811
2026-05-19 20:11:30,esterno,2612,11312,11200,-292,197,63,412378
2026-05-19 20:11:30,lombar,9860,-2552,-12832,63,-338,327,1069833
2026-05-19 20:11:30,esterno,2532,11112,11304,-278,162,125,412400
2026-05-19 20:11:30,lombar,9924,-2592,-12728,39,-316,303,1069855
2026-05-19 20:11:30,esterno,2456,11068,11032,-307,138,93,412422
2026-05-19 20:11:30,lombar,9984,-2644,-12596,63,-322,351,1069877
2026-05-19 20:11:30,esterno,2492,11152,10836,-240,127,12,412444
2026-05-19 20:11:30,lombar,10108,-2764,-12496,193,-229,344,1069899
2026-05-19 20:11:30,esterno,2320,11184,10864,-124,120,-26,412466
2026-05-19 20:11:30,lombar,10088,-2636,-12268,170,-139,375,1069921
2026-05-19 20:11:30,esterno,2392,11088,10740,-77,119,-32,412488
2026-05-19 20:11:30,lombar,10084,-2628,-12488,93,-198,343,1069943
2026-05-19 20:11:30,esterno,2368,11168,10704,-18,141,-21,412510
2026-05-19 20:11:30,lombar,10036,-2608,-12456,90,-248,314,1069965
2026-05-19 20:11:31,esterno,2352,11344,10648,11,177,-62,412532
2026-05-19 20:11:31,lombar,10064,-2660,-12500,149,-274,342,1069987
2026-05-19 20:11:31,esterno,2456,11456,10752,17,215,-69,412554
2026-05-19 20:11:31,lombar,9920,-2644,-12496,112,-270,291,1070009
2026-05-19 20:11:31,esterno,2408,11420,10840,-68,142,1,412576
2026-05-19 20:11:31,lombar,9952,-2640,-12784,107,-325,360,1070031
2026-05-19 20:11:31,esterno,2456,11192,10964,-157,198,27,412598
2026-05-19 20:11:31,lombar,9852,-2656,-12828,58,-375,381,1070053
2026-05-19 20:11:31,esterno,2524,11204,10952,-244,223,84,412620
2026-05-19 20:11:31,lombar,9904,-2592,-12784,34,-348,380,1070075
2026-05-19 20:11:31,esterno,2432,11204,11140,-245,206,57,412642
2026-05-19 20:11:31,lombar,9936,-2748,-12788,24,-300,349,1070097
2026-05-19 20:11:31,esterno,2360,11136,11252,-266,176,10,412664
2026-05-19 20:11:31,lombar,10088,-2696,-12596,64,-287,329,1070119
2026-05-19 20:11:31,esterno,2476,11128,11080,-270,167,23,412686
2026-05-19 20:11:31,lombar,10100,-2632,-12552,192,-245,306,1070141
2026-05-19 20:11:31,esterno,2532,11072,10808,-197,199,46,412708
2026-05-19 20:11:31,lombar,10084,-2548,-12612,167,-182,336,1070163
2026-05-19 20:11:31,esterno,2396,11032,10916,-99,165,-1,412730
2026-05-19 20:11:31,esterno,2396,11264,10936,-28,155,-77,412752
2026-05-19 20:11:31,lombar,9972,-2668,-12512,145,-216,341,1070185
2026-05-19 20:11:31,lombar,9916,-2616,-12456,154,-242,258,1070207
2026-05-19 20:11:31,esterno,2404,11436,10812,-9,192,-106,412774
2026-05-19 20:11:31,esterno,2380,11404,10656,-4,185,-1,412796
2026-05-19 20:11:31,lombar,10008,-2492,-12660,132,-276,267,1070229
2026-05-19 20:11:31,lombar,9920,-2656,-12784,96,-283,395,1070251
2026-05-19 20:11:31,esterno,2472,11304,11048,-87,138,85,412818
2026-05-19 20:11:31,lombar,9952,-2784,-12708,40,-303,320,1070273
2026-05-19 20:11:31,esterno,2408,11264,11108,-199,142,19,412840
2026-05-19 20:11:31,lombar,9848,-2764,-12736,112,-304,372,1070295
2026-05-19 20:11:31,esterno,2308,11204,10856,-248,241,7,412862
2026-05-19 20:11:31,lombar,9860,-2492,-12604,65,-306,330,1070317
2026-05-19 20:11:31,esterno,2452,11164,10248,-15,561,-15,412884
2026-05-19 20:11:31,lombar,9924,-2580,-12812,24,-348,353,1070339
2026-05-19 20:11:31,esterno,2560,11184,11500,161,228,20,412906
2026-05-19 20:11:31,lombar,10008,-2836,-12408,-48,-325,304,1070361
2026-05-19 20:11:31,esterno,2448,11136,11192,-448,34,135,412928
2026-05-19 20:11:31,lombar,10044,-2804,-12440,183,-195,305,1070383
2026-05-19 20:11:31,esterno,2284,11064,10704,-422,-32,28,412950
2026-05-19 20:11:31,lombar,10100,-2528,-12420,186,-139,274,1070405
2026-05-19 20:11:31,esterno,2320,11088,10844,-101,103,-70,412972
2026-05-19 20:11:31,lombar,9964,-2596,-12684,55,-271,391,1070427
2026-05-19 20:11:31,esterno,2360,11408,10876,103,342,-47,412994
2026-05-19 20:11:31,lombar,9972,-2716,-12544,82,-242,311,1070449
2026-05-19 20:11:31,esterno,2216,11484,10940,81,326,-82,413016
2026-05-19 20:11:31,lombar,10052,-2676,-12580,76,-308,293,1070471
2026-05-19 20:11:31,esterno,2392,11568,10932,124,246,-87,413038
2026-05-19 20:11:31,lombar,9864,-2536,-12644,180,-266,298,1070493
2026-05-19 20:11:31,esterno,2504,11300,10740,58,233,-13,413060
2026-05-19 20:11:31,lombar,9760,-2580,-12680,58,-292,283,1070515
2026-05-19 20:11:31,esterno,2560,11212,10956,-46,291,41,413082
2026-05-19 20:11:31,lombar,9928,-2564,-12616,43,-338,359,1070537
2026-05-19 20:11:31,esterno,2368,11288,10944,-152,317,84,413104
2026-05-19 20:11:31,lombar,9808,-2656,-12648,48,-301,354,1070559
2026-05-19 20:11:31,esterno,2424,11148,11196,-232,168,48,413126
2026-05-19 20:11:31,lombar,9916,-2628,-12756,-3,-348,325,1070581
2026-05-19 20:11:31,esterno,2336,11120,11088,-242,83,20,413148
2026-05-19 20:11:31,lombar,9952,-2568,-12704,-6,-335,402,1070603
2026-05-19 20:11:31,esterno,2380,11232,10980,-325,189,11,413170
2026-05-19 20:11:31,lombar,9956,-2504,-12664,12,-340,408,1070625
2026-05-19 20:11:31,esterno,2320,11356,11064,-339,-3,45,413192
2026-05-19 20:11:31,lombar,10060,-2740,-12632,-47,-331,364,1070647
2026-05-19 20:11:31,esterno,2524,11200,10968,-362,-44,47,413214
2026-05-19 20:11:31,lombar,10020,-2688,-12516,47,-267,365,1070669
2026-05-19 20:11:31,esterno,2420,11168,10848,-222,45,47,413236
2026-05-19 20:11:31,lombar,9956,-2528,-12452,43,-269,378,1070691
2026-05-19 20:11:31,esterno,2420,11176,10980,-129,0,-11,413258
2026-05-19 20:11:31,lombar,9964,-2636,-12500,-29,-300,386,1070713
2026-05-19 20:11:31,esterno,2304,11172,10752,-149,66,-58,413280
2026-05-19 20:11:31,lombar,9960,-2684,-12536,30,-271,429,1070735
2026-05-19 20:11:31,esterno,2464,11288,10896,-154,59,-28,413302
2026-05-19 20:11:31,lombar,9884,-2636,-12576,81,-274,393,1070757
2026-05-19 20:11:31,esterno,2448,11160,10876,-209,4,42,413324
2026-05-19 20:11:31,lombar,9888,-2480,-12668,35,-295,349,1070779
2026-05-19 20:11:31,esterno,2316,11192,10980,-258,25,-20,413346
2026-05-19 20:11:31,lombar,9876,-2688,-12688,40,-302,379,1070801
2026-05-19 20:11:31,esterno,2344,11320,10776,-229,33,-47,413368
2026-05-19 20:11:31,lombar,9960,-2664,-12612,55,-310,304,1070823
2026-05-19 20:11:31,esterno,2472,11240,10844,-230,114,37,413390
2026-05-19 20:11:31,lombar,9952,-2688,-12688,85,-317,315,1070845
2026-05-19 20:11:31,esterno,2436,11320,10880,-214,162,70,413412
2026-05-19 20:11:31,lombar,9920,-2692,-12788,126,-270,335,1070867
2026-05-19 20:11:31,esterno,2516,11304,11028,-227,226,37,413434
2026-05-19 20:11:31,lombar,9908,-2584,-12576,162,-250,242,1070889
2026-05-19 20:11:31,esterno,2492,11220,11084,-202,218,1,413456
2026-05-19 20:11:31,lombar,10012,-2544,-12628,168,-255,293,1070911
2026-05-19 20:11:31,esterno,2472,11116,11164,-170,221,20,413478
2026-05-19 20:11:31,lombar,10016,-2716,-12680,116,-255,253,1070933
2026-05-19 20:11:31,esterno,2416,11116,11004,-98,217,25,413500
2026-05-19 20:11:31,lombar,9908,-2616,-12668,135,-241,276,1070955
2026-05-19 20:11:32,esterno,2428,11200,10912,-83,174,37,413522
2026-05-19 20:11:32,lombar,9912,-2552,-12628,89,-300,354,1070977
2026-05-19 20:11:32,esterno,2396,11132,11016,-96,162,-6,413544
2026-05-19 20:11:32,lombar,9872,-2620,-12620,91,-254,336,1070999
2026-05-19 20:11:32,esterno,2468,11164,10924,-121,114,-51,413566
2026-05-19 20:11:32,lombar,10020,-2664,-12560,75,-277,319,1071021
2026-05-19 20:11:32,esterno,2528,11188,10960,-116,111,-12,413588
2026-05-19 20:11:32,lombar,10000,-2680,-12512,62,-293,443,1071043
2026-05-19 20:11:32,esterno,2388,11264,10920,-167,134,35,413610
2026-05-19 20:11:32,lombar,10008,-2652,-12484,66,-294,367,1071065
2026-05-19 20:11:32,esterno,2492,11252,10932,-177,84,45,413632
2026-05-19 20:11:32,lombar,9988,-2700,-12492,60,-302,338,1071087
2026-05-19 20:11:32,esterno,2332,11184,10920,-238,89,3,413654
2026-05-19 20:11:32,lombar,9860,-2632,-12660,71,-299,392,1071109
2026-05-19 20:11:32,esterno,2436,11196,10932,-232,105,-18,413676
2026-05-19 20:11:32,lombar,9936,-2656,-12656,64,-316,344,1071131
2026-05-19 20:11:32,esterno,2396,11132,10972,-213,96,-4,413698
2026-05-19 20:11:32,lombar,9944,-2788,-12684,41,-300,348,1071153
2026-05-19 20:11:32,esterno,2464,11108,10908,-195,83,31,413720
2026-05-19 20:11:32,lombar,9964,-2648,-12688,79,-265,315,1071175
2026-05-19 20:11:32,esterno,2508,11212,11076,-206,127,27,413742
2026-05-19 20:11:32,lombar,9960,-2716,-12708,135,-243,310,1071197
2026-05-19 20:11:32,esterno,2356,11292,10896,-102,162,-34,413764
2026-05-19 20:11:32,lombar,9936,-2588,-12584,148,-261,297,1071219
2026-05-19 20:11:32,esterno,2360,11148,10428,57,675,-73,413786
2026-05-19 20:11:32,lombar,9856,-2668,-12632,92,-267,337,1071241
2026-05-19 20:11:32,esterno,2576,11312,11312,108,83,41,413808
2026-05-19 20:11:32,lombar,9972,-2640,-12656,71,-301,343,1071263
2026-05-19 20:11:32,esterno,2480,11240,11036,-339,31,84,413830
2026-05-19 20:11:32,lombar,10016,-2616,-12796,192,-217,359,1071285
2026-05-19 20:11:32,esterno,2404,11040,10632,-226,-11,19,413852
2026-05-19 20:11:32,lombar,9776,-2528,-12664,103,-280,324,1071307
2026-05-19 20:11:32,esterno,2532,11108,10960,-113,80,-6,413874
2026-05-19 20:11:32,esterno,2440,11232,10988,-82,178,-47,413896
2026-05-19 20:11:32,lombar,10000,-2620,-12780,40,-288,351,1071329
2026-05-19 20:11:32,lombar,9980,-2692,-12712,141,-226,400,1071351
2026-05-19 20:11:32,esterno,2300,11396,10800,-112,275,-25,413918
2026-05-19 20:11:32,lombar,9916,-2644,-12484,-1,-319,376,1071373
2026-05-19 20:11:32,esterno,2388,11224,11044,-60,164,-45,413940
2026-05-19 20:11:32,lombar,9988,-2612,-12628,89,-241,286,1071395
2026-05-19 20:11:32,esterno,2464,11088,10964,-71,137,-10,413962
2026-05-19 20:11:32,lombar,9960,-2592,-12608,113,-245,373,1071417
2026-05-19 20:11:32,esterno,2424,11016,10808,-149,224,11,413984
2026-05-19 20:11:32,lombar,9956,-2600,-12652,34,-301,329,1071439
2026-05-19 20:11:32,esterno,2348,11184,10752,-112,294,60,414006
2026-05-19 20:11:32,lombar,10000,-2736,-12564,62,-304,312,1071461
2026-05-19 20:11:32,esterno,2276,11332,10908,-162,201,26,414028
2026-05-19 20:11:32,lombar,9936,-2608,-12724,64,-281,310,1071483
2026-05-19 20:11:32,esterno,2388,11252,11156,-136,119,-18,414050
2026-05-19 20:11:32,esterno,2508,11168,10628,-210,246,-33,414072
2026-05-19 20:11:32,lombar,10000,-2624,-12688,78,-286,348,1071505
2026-05-19 20:11:32,lombar,9992,-2648,-12632,110,-274,350,1071527
2026-05-19 20:11:32,esterno,2340,11128,11088,-273,109,42,414094
2026-05-19 20:11:32,lombar,9972,-2592,-12532,94,-320,363,1071549
2026-05-19 20:11:32,esterno,2480,11076,10760,-291,138,56,414116
2026-05-19 20:11:32,lombar,10064,-2672,-12552,198,-219,253,1071571
2026-05-19 20:11:32,esterno,2504,11096,10892,-152,105,9,414138
2026-05-19 20:11:32,lombar,9968,-2484,-12580,195,-240,272,1071593
2026-05-19 20:11:32,esterno,2380,11244,11044,-153,159,-27,414160
2026-05-19 20:11:32,lombar,9956,-2500,-12644,86,-334,372,1071615
2026-05-19 20:11:32,esterno,2400,11272,10896,-148,132,-62,414182
2026-05-19 20:11:32,lombar,9984,-2584,-12656,125,-301,306,1071637
2026-05-19 20:11:32,esterno,2536,11284,11004,-163,106,46,414204
2026-05-19 20:11:32,lombar,9852,-2700,-12688,133,-264,329,1071659
2026-05-19 20:11:32,esterno,2516,11200,11144,-184,65,123,414226
2026-05-19 20:11:32,lombar,9888,-2548,-12632,120,-288,329,1071681
2026-05-19 20:11:32,esterno,2592,11220,10976,-203,77,62,414248
2026-05-19 20:11:32,lombar,9948,-2608,-12756,113,-271,312,1071703
2026-05-19 20:11:32,esterno,2480,11088,10992,-248,98,18,414270
2026-05-19 20:11:32,lombar,9888,-2676,-12812,97,-273,350,1071725
2026-05-19 20:11:32,esterno,2552,11144,11056,-248,118,6,414292
2026-05-19 20:11:32,lombar,9884,-2656,-12416,92,-280,361,1071747
2026-05-19 20:11:32,esterno,2336,11048,10952,-196,92,41,414314
2026-05-19 20:11:32,lombar,9988,-2720,-12620,136,-250,384,1071769
2026-05-19 20:11:32,esterno,2392,11132,10892,-203,146,-4,414336
2026-05-19 20:11:32,lombar,10120,-2716,-12320,166,-211,345,1071791
2026-05-19 20:11:32,esterno,2340,11212,10652,-161,169,-56,414358
2026-05-19 20:11:32,lombar,9964,-2676,-12444,158,-206,291,1071813
2026-05-19 20:11:32,esterno,2404,11148,10916,-85,202,-75,414380
2026-05-19 20:11:32,lombar,9980,-2720,-12576,134,-231,319,1071835
2026-05-19 20:11:32,esterno,2432,11172,10800,-53,216,-29,414402
2026-05-19 20:11:32,lombar,9976,-2704,-12560,222,-205,249,1071857
2026-05-19 20:11:32,esterno,2412,11444,10884,-32,237,2,414424
2026-05-19 20:11:32,lombar,9832,-2548,-12624,257,-224,310,1071879
2026-05-19 20:11:32,esterno,2428,11372,10832,-13,254,-2,414446
2026-05-19 20:11:32,lombar,9984,-2576,-12568,187,-218,256,1071901
2026-05-19 20:11:32,esterno,2492,11300,11024,-44,258,-3,414468
2026-05-19 20:11:32,lombar,9916,-2560,-12812,199,-261,289,1071923
2026-05-19 20:11:32,esterno,2556,11148,10948,-88,270,12,414490
2026-05-19 20:11:32,lombar,9908,-2724,-12600,179,-280,289,1071945
2026-05-19 20:11:32,esterno,2468,11244,11092,-148,272,82,414512
2026-05-19 20:11:33,lombar,9896,-2508,-12800,172,-299,304,1071967
2026-05-19 20:11:33,esterno,2416,11224,11108,-204,255,88,414534
2026-05-19 20:11:33,lombar,9816,-2552,-12676,22,-379,341,1071989
2026-05-19 20:11:33,esterno,2620,11156,11120,-280,261,19,414556
2026-05-19 20:11:33,lombar,9904,-2420,-12832,-69,-408,334,1072011
2026-05-19 20:11:33,esterno,2520,11088,11284,-272,201,-6,414578
2026-05-19 20:11:33,lombar,9984,-2688,-12588,-54,-375,370,1072033
2026-05-19 20:11:33,esterno,2452,11100,11168,-295,99,-18,414600
2026-05-19 20:11:33,lombar,10020,-2552,-12552,-21,-369,429,1072055
2026-05-19 20:11:33,esterno,2292,11168,11000,-325,39,94,414622
2026-05-19 20:11:33,lombar,9992,-2604,-12660,-19,-349,479,1072077
2026-05-19 20:11:33,esterno,2388,11216,10752,-124,96,81,414644
2026-05-19 20:11:33,lombar,9892,-2572,-12588,-62,-308,420,1072099
2026-05-19 20:11:33,esterno,2304,11072,11132,68,262,-77,414666
2026-05-19 20:11:33,lombar,9908,-2612,-12312,-155,-329,450,1072121
2026-05-19 20:11:33,esterno,2600,11340,10928,-234,-32,-30,414688
2026-05-19 20:11:33,lombar,10072,-2696,-12320,-60,-280,432,1072143
2026-05-19 20:11:33,esterno,2492,11220,10824,-408,-272,37,414710
2026-05-19 20:11:33,lombar,9996,-2692,-12568,107,-198,402,1072165
2026-05-19 20:11:33,esterno,2276,10936,10568,-199,-13,-35,414732
2026-05-19 20:11:33,esterno,2344,11140,10808,-113,-17,-101,414754
2026-05-19 20:11:33,lombar,9924,-2608,-12592,-52,-313,486,1072187
2026-05-19 20:11:33,lombar,9996,-2640,-12564,6,-307,402,1072209
2026-05-19 20:11:33,esterno,2392,11412,10844,-95,257,-134,414776
2026-05-19 20:11:33,lombar,10020,-2688,-12748,35,-253,367,1072231
2026-05-19 20:11:33,esterno,2368,11360,11068,-143,317,-64,414798
2026-05-19 20:11:33,lombar,9936,-2648,-12604,13,-351,371,1072253
2026-05-19 20:11:33,esterno,2248,11196,11056,-87,224,27,414820
2026-05-19 20:11:33,lombar,9772,-2708,-12696,169,-253,298,1072275
2026-05-19 20:11:33,esterno,2476,11108,11000,-83,257,72,414842
2026-05-19 20:11:33,lombar,9832,-2588,-12664,150,-293,294,1072297
2026-05-19 20:11:33,esterno,2440,11024,11032,-125,274,27,414864
2026-05-19 20:11:33,lombar,9744,-2488,-12728,125,-302,284,1072319
2026-05-19 20:11:33,esterno,2440,11136,11072,-125,277,19,414886
2026-05-19 20:11:33,lombar,9980,-2640,-12688,130,-278,278,1072341
2026-05-19 20:11:33,esterno,2408,11152,11104,-151,220,65,414908
2026-05-19 20:11:33,lombar,9920,-2608,-12804,168,-285,313,1072363
2026-05-19 20:11:33,esterno,2476,11136,10944,-129,139,68,414930
2026-05-19 20:11:33,lombar,9976,-2516,-12632,165,-291,289,1072385
2026-05-19 20:11:33,esterno,2388,11256,11312,-202,143,75,414952
2026-05-19 20:11:33,lombar,9948,-2560,-12684,115,-293,399,1072407
2026-05-19 20:11:33,esterno,2448,11212,11148,-222,55,22,414974
2026-05-19 20:11:33,lombar,9872,-2692,-12676,68,-289,342,1072429
2026-05-19 20:11:33,esterno,2476,11108,10812,-283,-16,17,414996
2026-05-19 20:11:33,lombar,9904,-2636,-12740,159,-240,311,1072451
2026-05-19 20:11:33,esterno,2600,11124,10988,-136,15,62,415018
2026-05-19 20:11:33,lombar,9972,-2540,-12540,92,-254,367,1072473
2026-05-19 20:11:33,esterno,2436,11136,10888,-183,85,4,415040
2026-05-19 20:11:33,lombar,9988,-2540,-12540,7,-318,376,1072495
2026-05-19 20:11:33,esterno,2336,11216,11192,-142,26,-36,415062
2026-05-19 20:11:33,lombar,9832,-2680,-12656,19,-280,407,1072517
2026-05-19 20:11:33,esterno,2416,11208,11188,-169,-16,-46,415084
2026-05-19 20:11:33,lombar,9896,-2740,-12836,45,-334,325,1072539
2026-05-19 20:11:33,esterno,2508,11092,10964,-189,24,31,415106
2026-05-19 20:11:33,lombar,9896,-2668,-12672,11,-267,335,1072561
2026-05-19 20:11:33,esterno,2512,11116,11008,-188,60,76,415128
2026-05-19 20:11:33,lombar,9884,-2572,-12660,44,-278,316,1072583
2026-05-19 20:11:33,esterno,2432,11096,11048,-139,73,4,415150
2026-05-19 20:11:33,lombar,10040,-2644,-12688,91,-288,347,1072605
2026-05-19 20:11:33,esterno,2440,11040,11012,-121,103,-84,415172
2026-05-19 20:11:33,lombar,9912,-2620,-12588,147,-242,405,1072627
2026-05-19 20:11:33,esterno,2648,11324,10960,-87,157,-45,415194
2026-05-19 20:11:33,lombar,9956,-2584,-12624,136,-257,362,1072649
2026-05-19 20:11:33,esterno,2444,11320,10988,-64,171,5,415216
2026-05-19 20:11:33,lombar,9984,-2584,-12624,111,-289,285,1072671
2026-05-19 20:11:33,esterno,2560,11248,11052,-45,148,22,415238
2026-05-19 20:11:33,lombar,10056,-2588,-12708,98,-267,311,1072693
2026-05-19 20:11:33,esterno,2392,11092,10972,-47,127,-12,415260
2026-05-19 20:11:33,lombar,9912,-2624,-12492,136,-280,338,1072715
2026-05-19 20:11:33,esterno,2472,11176,10988,-35,195,-26,415282
2026-05-19 20:11:33,lombar,9980,-2636,-12572,140,-263,294,1072737
2026-05-19 20:11:33,esterno,2512,11124,10980,-11,231,14,415304
2026-05-19 20:11:33,lombar,9908,-2712,-12640,126,-274,277,1072759
2026-05-19 20:11:33,esterno,2584,11152,10884,-17,203,55,415326
2026-05-19 20:11:33,lombar,9924,-2588,-12636,106,-273,332,1072781
2026-05-19 20:11:33,esterno,2396,11200,10840,-48,146,-6,415348
2026-05-19 20:11:33,lombar,9804,-2592,-12564,130,-270,339,1072803
2026-05-19 20:11:33,esterno,2316,11280,10780,-102,122,-18,415370
2026-05-19 20:11:33,lombar,9932,-2564,-12756,102,-323,338,1072825
2026-05-19 20:11:33,esterno,2428,11108,10936,-112,194,-27,415392
2026-05-19 20:11:33,lombar,9956,-2660,-12748,76,-286,406,1072847
2026-05-19 20:11:33,esterno,2616,11132,11124,-135,151,44,415414
2026-05-19 20:11:33,lombar,9944,-2672,-12592,38,-289,336,1072869
2026-05-19 20:11:33,esterno,2460,11200,10960,-107,164,-1,415436
2026-05-19 20:11:33,lombar,9968,-2700,-12632,141,-265,333,1072891
2026-05-19 20:11:33,esterno,2416,11132,10988,-115,229,-87,415458
2026-05-19 20:11:33,lombar,9960,-2604,-12628,176,-214,297,1072913
2026-05-19 20:11:33,esterno,2432,11120,10564,125,351,-130,415480
2026-05-19 20:11:33,lombar,9872,-2608,-12628,146,-227,309,1072935
2026-05-19 20:11:33,esterno,2360,11180,11276,270,414,-110,415502
2026-05-19 20:11:34,esterno,2508,11288,11028,2,289,1,415524
2026-05-19 20:11:34,lombar,9892,-2576,-12640,114,-243,209,1072957
2026-05-19 20:11:34,lombar,9988,-2784,-12580,226,-203,260,1072979
2026-05-19 20:11:34,esterno,2580,11216,10916,-122,-6,33,415546
2026-05-19 20:11:34,lombar,9884,-2536,-12672,270,-229,272,1073001
2026-05-19 20:11:34,esterno,2444,11264,10896,30,178,-37,415568
2026-05-19 20:11:34,lombar,9808,-2612,-12884,109,-260,286,1073023
2026-05-19 20:11:34,esterno,2568,11164,10812,1,187,-53,415590
2026-05-19 20:11:34,lombar,9888,-2584,-12772,210,-259,271,1073045
2026-05-19 20:11:34,esterno,2572,11360,11008,105,429,-59,415612
2026-05-19 20:11:34,lombar,9748,-2508,-12712,142,-268,322,1073067
2026-05-19 20:11:34,esterno,2476,11396,11132,29,393,17,415634
2026-05-19 20:11:34,lombar,9848,-2444,-12764,33,-344,335,1073089
2026-05-19 20:11:34,esterno,2456,11320,11056,-61,298,-15,415656
2026-05-19 20:11:34,lombar,9860,-2572,-12708,107,-303,333,1073111
2026-05-19 20:11:34,esterno,2572,11096,10848,-135,262,36,415678
2026-05-19 20:11:34,lombar,9860,-2584,-12480,0,-304,399,1073133
2026-05-19 20:11:34,esterno,2392,11056,10836,-135,293,52,415700
2026-05-19 20:11:34,lombar,10052,-2776,-12400,46,-287,347,1073155
2026-05-19 20:11:34,esterno,2484,11116,10936,-116,288,1,415722
2026-05-19 20:11:34,lombar,10048,-2736,-12444,112,-224,286,1073177
2026-05-19 20:11:34,esterno,2272,11252,10864,-87,226,-30,415744
2026-05-19 20:11:34,lombar,9940,-2576,-12632,85,-232,310,1073199
2026-05-19 20:11:34,esterno,2272,11336,10776,-67,170,-105,415766
2026-05-19 20:11:34,lombar,10024,-2652,-12452,112,-272,371,1073221
2026-05-19 20:11:34,esterno,2284,11368,10992,-153,134,-109,415788
2026-05-19 20:11:34,lombar,9976,-2700,-12468,103,-297,360,1073243
2026-05-19 20:11:34,esterno,2240,11372,10520,-164,239,-63,415810
2026-05-19 20:11:34,lombar,10000,-2740,-12712,151,-281,319,1073265
2026-05-19 20:11:34,esterno,2500,11332,10788,-182,210,-17,415832
2026-05-19 20:11:34,lombar,9916,-2676,-12668,178,-227,290,1073287
2026-05-19 20:11:34,esterno,2428,11356,10796,-127,236,-13,415854
2026-05-19 20:11:34,lombar,9780,-2572,-12740,137,-244,270,1073309
2026-05-19 20:11:34,esterno,2236,11360,10940,-131,335,-69,415876
2026-05-19 20:11:34,lombar,9896,-2740,-12780,114,-280,302,1073331
2026-05-19 20:11:34,esterno,2336,11372,11068,-120,214,-12,415898
2026-05-19 20:11:34,lombar,9812,-2544,-12788,138,-249,378,1073353
2026-05-19 20:11:34,esterno,2372,11176,11072,-228,94,111,415920
2026-05-19 20:11:34,lombar,9896,-2648,-12644,110,-236,399,1073375
2026-05-19 20:11:34,esterno,2528,11080,10992,-240,110,118,415942
2026-05-19 20:11:34,lombar,9956,-2668,-12436,167,-222,347,1073397
2026-05-19 20:11:34,esterno,2448,11088,11080,-214,191,18,415964
2026-05-19 20:11:34,lombar,9936,-2652,-12616,161,-198,300,1073419
2026-05-19 20:11:34,esterno,2356,11052,10592,-124,240,-62,415986
2026-05-19 20:11:34,lombar,9812,-2596,-12376,128,-244,328,1073441
2026-05-19 20:11:34,esterno,2372,11324,10700,-120,241,-15,416008
2026-05-19 20:11:34,lombar,10012,-2700,-12572,113,-241,352,1073463
2026-05-19 20:11:34,esterno,2268,11536,10880,-61,249,-6,416030
2026-05-19 20:11:34,lombar,9972,-2676,-12508,138,-291,344,1073485
2026-05-19 20:11:34,esterno,2308,11544,10944,-42,265,9,416052
2026-05-19 20:11:34,lombar,10028,-2656,-12460,135,-326,451,1073507
2026-05-19 20:11:34,esterno,2276,11452,11148,66,247,-20,416074
2026-05-19 20:11:34,lombar,9848,-2672,-12668,126,-270,338,1073529
2026-05-19 20:11:34,esterno,2348,11224,10748,-33,297,5,416096
2026-05-19 20:11:34,lombar,9868,-2732,-12880,66,-300,355,1073551
2026-05-19 20:11:34,esterno,2372,11300,11112,-135,354,33,416118
2026-05-19 20:11:34,lombar,9916,-2728,-12760,153,-277,337,1073573
2026-05-19 20:11:34,esterno,2332,10956,10856,-24,392,-54,416140
2026-05-19 20:11:34,lombar,9840,-2620,-12544,130,-301,338,1073595
2026-05-19 20:11:34,esterno,2208,11288,11004,-109,372,-147,416162
2026-05-19 20:11:34,lombar,9848,-2596,-12772,66,-290,323,1073617
2026-05-19 20:11:34,esterno,2264,11256,10952,-231,301,-92,416184
2026-05-19 20:11:34,lombar,10008,-2660,-12688,29,-310,383,1073639
2026-05-19 20:11:34,esterno,2360,11208,11000,-242,198,13,416206
2026-05-19 20:11:34,lombar,9940,-2660,-12708,18,-330,339,1073661
2026-05-19 20:11:34,esterno,2356,11248,10752,-264,240,44,416228
2026-05-19 20:11:34,lombar,10048,-2660,-12672,49,-264,399,1073683
2026-05-19 20:11:34,esterno,2240,11296,10988,-141,259,-16,416250
2026-05-19 20:11:34,lombar,10060,-2636,-12464,135,-206,367,1073705
2026-05-19 20:11:34,esterno,2296,11264,10220,158,605,-155,416272
2026-05-19 20:11:34,lombar,10004,-2584,-12344,145,-177,372,1073727
2026-05-19 20:11:34,esterno,2352,11280,11076,266,488,-118,416294
2026-05-19 20:11:34,lombar,10092,-2796,-12368,104,-226,319,1073749
2026-05-19 20:11:34,esterno,2212,11180,10884,-97,278,-82,416316
2026-05-19 20:11:34,lombar,10036,-2716,-12472,245,-205,329,1073771
2026-05-19 20:11:34,esterno,2124,11312,10604,-63,146,-83,416338
2026-05-19 20:11:34,lombar,9980,-2688,-12620,231,-226,322,1073793
2026-05-19 20:11:34,esterno,2216,11484,10728,40,300,-142,416360
2026-05-19 20:11:34,lombar,9960,-2644,-12696,163,-299,281,1073815
2026-05-19 20:11:34,esterno,2276,11468,10944,140,431,-155,416382
2026-05-19 20:11:34,lombar,9836,-2648,-12824,282,-266,334,1073837
2026-05-19 20:11:34,esterno,2228,11584,10808,65,723,-99,416404
2026-05-19 20:11:34,lombar,9820,-2636,-12904,95,-339,327,1073859
2026-05-19 20:11:34,esterno,2124,11484,11088,-21,629,-29,416426
2026-05-19 20:11:34,lombar,9908,-2728,-12688,146,-308,351,1073881
2026-05-19 20:11:34,esterno,2220,11312,11024,-120,493,20,416448
2026-05-19 20:11:34,lombar,9812,-2648,-12572,141,-283,337,1073903
2026-05-19 20:11:34,esterno,2320,11092,10856,-150,444,-2,416470
2026-05-19 20:11:34,lombar,9876,-2560,-12712,64,-296,347,1073925
2026-05-19 20:11:34,esterno,2212,11096,10912,-120,423,-14,416492
2026-05-19 20:11:34,lombar,10072,-2676,-12636,121,-255,371,1073947
2026-05-19 20:11:34,esterno,2048,11112,10988,-157,386,-20,416514
2026-05-19 20:11:35,lombar,10040,-2764,-12580,175,-197,329,1073969
2026-05-19 20:11:35,esterno,2184,11284,10928,-119,274,-49,416536
2026-05-19 20:11:35,lombar,10064,-2720,-12520,162,-165,357,1073991
2026-05-19 20:11:35,esterno,2196,11448,10572,-135,242,-50,416558
2026-05-19 20:11:35,lombar,10052,-2524,-12496,110,-228,340,1074013
2026-05-19 20:11:35,esterno,2192,11408,10812,-223,-20,-1,416580
2026-05-19 20:11:35,lombar,9980,-2680,-12572,61,-264,383,1074035
2026-05-19 20:11:35,esterno,2176,11372,10644,-191,-6,-41,416602
2026-05-19 20:11:35,esterno,2324,11368,10496,-193,66,-1,416624
2026-05-19 20:11:35,lombar,9996,-2728,-12508,106,-295,352,1074057
2026-05-19 20:11:35,lombar,9812,-2652,-12692,123,-250,315,1074079
2026-05-19 20:11:35,esterno,2168,11376,10804,-219,-17,47,416646
2026-05-19 20:11:35,lombar,9868,-2636,-12636,-2,-357,350,1074101
2026-05-19 20:11:35,esterno,2136,11352,10988,-221,1,31,416668
2026-05-19 20:11:35,lombar,9796,-2604,-12844,8,-391,365,1074123
2026-05-19 20:11:35,esterno,2252,11296,11248,-317,-56,28,416690
2026-05-19 20:11:35,lombar,9916,-2692,-12836,43,-300,296,1074145
2026-05-19 20:11:35,esterno,2260,11204,11112,-439,-87,138,416712
2026-05-19 20:11:35,lombar,9824,-2572,-12616,35,-296,424,1074167
2026-05-19 20:11:35,esterno,2156,11128,11104,-425,-63,161,416734
2026-05-19 20:11:35,lombar,9872,-2588,-12620,40,-337,361,1074189
2026-05-19 20:11:35,esterno,2052,11220,11104,-305,-78,137,416756
2026-05-19 20:11:35,lombar,9992,-2784,-12460,110,-223,411,1074211
2026-05-19 20:11:35,esterno,2332,11148,10744,-301,-52,32,416778
2026-05-19 20:11:35,esterno,2208,11076,10716,-187,-1,-7,416800
2026-05-19 20:11:35,lombar,10116,-2680,-12420,125,-155,316,1074233
2026-05-19 20:11:35,lombar,9912,-2600,-12596,138,-236,297,1074255
2026-05-19 20:11:35,esterno,2208,11376,10392,-305,-9,-2,416822
2026-05-19 20:11:35,lombar,10008,-2760,-12660,119,-218,312,1074277
2026-05-19 20:11:35,esterno,2164,11304,10952,-164,34,-18,416844
2026-05-19 20:11:35,lombar,10084,-2632,-12420,151,-308,325,1074299
2026-05-19 20:11:35,esterno,2224,11544,10744,-135,139,-30,416866
2026-05-19 20:11:35,lombar,9884,-2716,-12616,89,-285,322,1074321
2026-05-19 20:11:35,esterno,2224,11448,10876,-169,76,-36,416888
2026-05-19 20:11:35,lombar,9888,-2624,-12616,25,-346,399,1074343
2026-05-19 20:11:35,esterno,2308,11116,10972,-144,111,48,416910
2026-05-19 20:11:35,lombar,9872,-2644,-12852,21,-394,336,1074365
2026-05-19 20:11:35,esterno,2332,11252,11284,-188,56,133,416932
2026-05-19 20:11:35,lombar,9856,-2764,-12880,-32,-346,317,1074387
2026-05-19 20:11:35,esterno,2308,11244,10972,-316,41,106,416954
2026-05-19 20:11:35,lombar,9848,-2712,-12752,-22,-304,306,1074409
2026-05-19 20:11:35,esterno,2140,11192,10944,-280,92,54,416976
2026-05-19 20:11:35,lombar,9884,-2956,-12556,80,-257,355,1074431
2026-05-19 20:11:35,esterno,2032,11008,10316,-62,422,-55,416998
2026-05-19 20:11:35,lombar,10016,-2644,-12380,155,-212,317,1074453
2026-05-19 20:11:35,esterno,2316,11236,11388,76,129,-80,417020
2026-05-19 20:11:35,lombar,10040,-2660,-12436,39,-235,315,1074475
2026-05-19 20:11:35,esterno,2308,11260,11100,-249,60,21,417042
2026-05-19 20:11:35,lombar,9932,-2704,-12544,120,-167,281,1074497
2026-05-19 20:11:35,esterno,2216,11160,10596,-157,-126,-7,417064
2026-05-19 20:11:35,lombar,9940,-2508,-12532,88,-259,319,1074519
2026-05-19 20:11:35,esterno,2212,11284,10768,-7,-80,-61,417086
2026-05-19 20:11:35,lombar,9912,-2620,-12796,-26,-305,363,1074541
2026-05-19 20:11:35,esterno,2376,11432,10840,19,22,-100,417108
2026-05-19 20:11:35,lombar,9916,-2736,-12716,109,-233,314,1074563
2026-05-19 20:11:35,esterno,2192,11608,10904,-16,315,-10,417130
2026-05-19 20:11:35,lombar,9908,-2548,-12628,12,-327,338,1074585
2026-05-19 20:11:35,esterno,2272,11412,11016,-114,233,31,417152
2026-05-19 20:11:35,lombar,9944,-2736,-12640,-2,-329,374,1074607
2026-05-19 20:11:35,esterno,2268,11256,11012,-165,141,25,417174
2026-05-19 20:11:35,lombar,9820,-2716,-12720,58,-298,301,1074629
2026-05-19 20:11:35,esterno,2380,11060,10824,-256,130,21,417196
2026-05-19 20:11:35,lombar,9924,-2624,-12560,-19,-353,312,1074651
2026-05-19 20:11:35,esterno,2248,11024,11116,-200,114,76,417218
2026-05-19 20:11:35,lombar,9796,-2572,-12648,-27,-350,334,1074673
2026-05-19 20:11:35,esterno,2236,11176,11152,-286,64,107,417240
2026-05-19 20:11:35,lombar,9948,-2700,-12608,-21,-297,348,1074695
2026-05-19 20:11:35,esterno,2152,11356,11156,-263,-9,47,417262
2026-05-19 20:11:35,lombar,9992,-2740,-12848,-2,-327,419,1074717
2026-05-19 20:11:35,esterno,2268,11348,10704,-331,-14,-11,417284
2026-05-19 20:11:35,lombar,9992,-2740,-12536,-13,-339,387,1074739
2026-05-19 20:11:35,esterno,2268,11384,11000,-395,-98,81,417306
2026-05-19 20:11:35,lombar,10012,-2684,-12416,-41,-323,407,1074761
2026-05-19 20:11:35,esterno,2424,11208,10776,-341,-2,80,417328
2026-05-19 20:11:35,lombar,10076,-2752,-12524,14,-281,348,1074783
2026-05-19 20:11:35,esterno,2540,11280,10796,-322,-26,108,417350
2026-05-19 20:11:35,lombar,10000,-2608,-12552,103,-238,347,1074805
2026-05-19 20:11:35,esterno,2400,11176,10792,-205,111,-18,417372
2026-05-19 20:11:35,lombar,9920,-2556,-12668,64,-288,344,1074827
2026-05-19 20:11:35,esterno,2164,11284,11044,-181,148,-80,417394
2026-05-19 20:11:35,lombar,9976,-2712,-12588,20,-310,376,1074849
2026-05-19 20:11:35,esterno,2168,11320,11100,-137,22,-47,417416
2026-05-19 20:11:35,lombar,9860,-2656,-12532,81,-277,347,1074871
2026-05-19 20:11:35,esterno,2324,11336,10944,-162,12,68,417438
2026-05-19 20:11:35,lombar,9872,-2660,-12800,85,-299,312,1074893
2026-05-19 20:11:35,esterno,2416,11280,10908,-284,42,120,417460
2026-05-19 20:11:35,lombar,9828,-2580,-12800,69,-300,319,1074915
2026-05-19 20:11:35,esterno,2412,11256,10928,-347,84,54,417482
2026-05-19 20:11:35,lombar,9936,-2748,-12808,83,-277,330,1074937
2026-05-19 20:11:35,esterno,2368,11164,10952,-177,136,25,417504
2026-05-19 20:11:35,lombar,9880,-2672,-12700,123,-297,288,1074959
2026-05-19 20:11:36,esterno,2396,11132,11036,-183,158,86,417526
2026-05-19 20:11:36,lombar,9952,-2600,-12788,156,-277,297,1074981
2026-05-19 20:11:36,esterno,2432,11040,11004,-139,150,119,417548
2026-05-19 20:11:36,lombar,9884,-2676,-12548,133,-232,348,1075003
2026-05-19 20:11:36,esterno,2332,11344,11016,-150,173,25,417570
2026-05-19 20:11:36,lombar,9976,-2644,-12496,125,-213,302,1075025
2026-05-19 20:11:36,esterno,2408,11092,10976,-57,155,3,417592
2026-05-19 20:11:36,lombar,9920,-2660,-12520,101,-235,303,1075047
2026-05-19 20:11:36,esterno,2328,11160,10848,-7,165,32,417614
2026-05-19 20:11:36,lombar,9984,-2612,-12728,147,-245,331,1075069
2026-05-19 20:11:36,esterno,2316,11348,10904,-87,218,39,417636
2026-05-19 20:11:36,lombar,9920,-2608,-12496,178,-240,274,1075091
2026-05-19 20:11:36,esterno,2304,11280,10836,95,285,15,417658
2026-05-19 20:11:36,lombar,9892,-2560,-12696,186,-262,311,1075113
2026-05-19 20:11:36,esterno,2248,11264,10920,227,697,-92,417680
2026-05-19 20:11:36,lombar,9764,-2672,-12708,97,-283,350,1075135
2026-05-19 20:11:36,esterno,2420,11480,11268,102,225,-3,417702
2026-05-19 20:11:36,lombar,9940,-2808,-12716,78,-291,360,1075157
2026-05-19 20:11:36,esterno,2360,11300,11044,-307,29,135,417724
2026-05-19 20:11:36,lombar,9812,-2572,-12772,149,-285,317,1075179
2026-05-19 20:11:36,esterno,2224,11096,10880,-193,97,96,417746
2026-05-19 20:11:36,lombar,9820,-2484,-12672,-13,-322,343,1075201
2026-05-19 20:11:36,esterno,2412,11120,10968,-174,72,44,417768
2026-05-19 20:11:36,lombar,9864,-2728,-12776,-4,-290,328,1075223
2026-05-19 20:11:36,esterno,2392,11116,10924,-163,194,-65,417790
2026-05-19 20:11:36,lombar,9940,-2632,-12396,120,-168,419,1075245
2026-05-19 20:11:36,esterno,2264,11300,10852,-126,310,-62,417812
2026-05-19 20:11:36,lombar,9956,-2604,-12404,39,-253,359,1075267
2026-05-19 20:11:36,esterno,2328,11192,10876,-2,219,-16,417834
2026-05-19 20:11:36,lombar,9928,-2708,-12588,100,-172,360,1075289
2026-05-19 20:11:36,esterno,2292,11160,10748,-24,141,-42,417856
2026-05-19 20:11:36,lombar,9980,-2728,-12456,150,-205,294,1075311
2026-05-19 20:11:36,esterno,2344,11192,10612,8,231,-43,417878
2026-05-19 20:11:36,lombar,9936,-2516,-12528,114,-259,364,1075333
2026-05-19 20:11:36,esterno,2388,11344,10948,20,268,-49,417900
2026-05-19 20:11:36,lombar,9840,-2836,-12492,79,-326,337,1075355
2026-05-19 20:11:36,esterno,2368,11400,10880,-101,268,-7,417922
2026-05-19 20:11:36,lombar,9824,-2684,-12632,99,-301,284,1075377
2026-05-19 20:11:36,esterno,2424,11372,10948,-170,175,51,417944
2026-05-19 20:11:36,lombar,9876,-2624,-12904,74,-316,349,1075399
2026-05-19 20:11:36,esterno,2344,11332,11172,-335,260,67,417966
2026-05-19 20:11:36,lombar,9852,-2560,-12760,99,-342,378,1075421
2026-05-19 20:11:36,esterno,2220,11208,11192,-292,139,14,417988
2026-05-19 20:11:36,lombar,9788,-2672,-12648,42,-383,311,1075443
2026-05-19 20:11:36,esterno,2284,11144,11012,-382,116,60,418010
2026-05-19 20:11:36,lombar,9900,-2728,-12748,161,-238,367,1075465
2026-05-19 20:11:36,esterno,2476,10964,11168,-200,72,108,418032
2026-05-19 20:11:36,lombar,9944,-2648,-12616,228,-205,296,1075487
2026-05-19 20:11:36,esterno,2212,11024,10820,-197,217,7,418054
2026-05-19 20:11:36,lombar,9932,-2588,-12488,83,-223,371,1075509
2026-05-19 20:11:36,esterno,2148,11244,10908,-68,130,-57,418076
2026-05-19 20:11:36,lombar,9968,-2668,-12664,141,-198,299,1075531
2026-05-19 20:11:36,esterno,2340,11292,10924,46,35,-60,418098
2026-05-19 20:11:36,lombar,9980,-2576,-12580,116,-237,316,1075553
2026-05-19 20:11:36,esterno,2308,11376,10828,57,12,-21,418120
2026-05-19 20:11:36,lombar,9912,-2588,-12572,97,-306,339,1075575
2026-05-19 20:11:36,esterno,2220,11404,10752,-18,47,59,418142
2026-05-19 20:11:36,lombar,9864,-2596,-12612,76,-312,352,1075597
2026-05-19 20:11:36,esterno,2228,11380,11000,-30,61,26,418164
2026-05-19 20:11:36,lombar,9896,-2612,-12720,101,-306,330,1075619
2026-05-19 20:11:36,esterno,2344,11216,10868,-52,75,-5,418186
2026-05-19 20:11:36,lombar,9924,-2620,-12636,83,-340,374,1075641
2026-05-19 20:11:36,esterno,2280,11260,10992,-66,156,-17,418208
2026-05-19 20:11:36,lombar,9844,-2576,-12824,44,-329,384,1075663
2026-05-19 20:11:36,esterno,2284,11236,11028,-112,148,56,418230
2026-05-19 20:11:36,lombar,9872,-2676,-12692,63,-291,343,1075685
2026-05-19 20:11:36,esterno,2312,11224,11056,-128,95,38,418252
2026-05-19 20:11:36,lombar,9896,-2760,-12596,36,-282,365,1075707
2026-05-19 20:11:36,esterno,2308,11204,11064,-183,115,38,418274
2026-05-19 20:11:36,lombar,9864,-2688,-12660,87,-256,308,1075729
2026-05-19 20:11:36,esterno,2344,11328,10580,-160,131,-39,418296
2026-05-19 20:11:36,lombar,9984,-2612,-12324,128,-226,288,1075751
2026-05-19 20:11:36,esterno,2112,11224,10128,72,572,-50,418318
2026-05-19 20:11:36,lombar,9836,-2716,-12504,59,-262,333,1075773
2026-05-19 20:11:36,esterno,2356,11272,11172,234,200,-1,418340
2026-05-19 20:11:36,lombar,9964,-2696,-12496,30,-312,263,1075795
2026-05-19 20:11:36,esterno,2388,11456,10944,-35,286,7,418362
2026-05-19 20:11:36,lombar,9896,-2692,-12604,155,-270,298,1075817
2026-05-19 20:11:36,esterno,2264,11376,10956,-102,-5,13,418384
2026-05-19 20:11:36,lombar,9932,-2488,-12732,130,-269,304,1075839
2026-05-19 20:11:36,esterno,2288,11272,10792,-3,59,-14,418406
2026-05-19 20:11:36,lombar,9908,-2660,-12680,18,-322,370,1075861
2026-05-19 20:11:36,esterno,2436,11248,11016,-109,52,19,418428
2026-05-19 20:11:36,lombar,9920,-2644,-12752,138,-248,365,1075883
2026-05-19 20:11:36,esterno,2252,11360,10712,-77,335,-21,418450
2026-05-19 20:11:36,lombar,9756,-2560,-12724,85,-293,324,1075905
2026-05-19 20:11:36,esterno,2268,11352,11076,-81,365,-38,418472
2026-05-19 20:11:36,lombar,9972,-2640,-12620,53,-268,307,1075927
2026-05-19 20:11:36,esterno,2412,11264,10944,-88,252,-58,418494
2026-05-19 20:11:36,lombar,10072,-2628,-12660,174,-251,308,1075949
2026-05-19 20:11:36,esterno,2548,11136,10780,-95,278,5,418516
2026-05-19 20:11:37,lombar,9872,-2600,-12584,86,-264,368,1075971
2026-05-19 20:11:37,esterno,2412,11056,10784,-3,256,28,418538
2026-05-19 20:11:37,lombar,9964,-2632,-12456,81,-264,340,1075993
2026-05-19 20:11:37,esterno,2212,11384,10940,-37,220,39,418560
2026-05-19 20:11:37,lombar,9892,-2696,-12736,97,-294,319,1076015
2026-05-19 20:11:37,esterno,2296,11516,10968,-38,87,44,418582
2026-05-19 20:11:37,lombar,9928,-2632,-12676,111,-295,360,1076037
2026-05-19 20:11:37,esterno,2360,11548,10592,-167,168,2,418604
2026-05-19 20:11:37,lombar,9872,-2708,-12712,129,-288,354,1076059
2026-05-19 20:11:37,esterno,2428,11316,10952,-265,97,104,418626
2026-05-19 20:11:37,lombar,9808,-2620,-12716,48,-331,308,1076081
2026-05-19 20:11:37,esterno,2244,11192,10780,-294,138,102,418648
2026-05-19 20:11:37,lombar,9864,-2684,-12648,75,-248,326,1076103
2026-05-19 20:11:37,esterno,2424,11248,10940,-235,5,54,418670
2026-05-19 20:11:37,lombar,9948,-2556,-12596,120,-188,320,1076125
2026-05-19 20:11:37,esterno,2276,11100,10712,-256,155,24,418692
2026-05-19 20:11:37,lombar,9956,-2616,-12604,38,-317,384,1076147
2026-05-19 20:11:37,esterno,2172,11244,10824,-200,125,-76,418714
2026-05-19 20:11:37,lombar,10080,-2716,-12600,72,-242,288,1076169
2026-05-19 20:11:37,esterno,2360,11272,10860,-164,49,29,418736
2026-05-19 20:11:37,lombar,9936,-2644,-12644,113,-209,317,1076191
2026-05-19 20:11:37,esterno,2288,11256,10752,-213,9,57,418758
2026-05-19 20:11:37,lombar,9948,-2512,-12660,108,-302,353,1076213
2026-05-19 20:11:37,esterno,2372,11200,10896,-150,82,-24,418780
2026-05-19 20:11:37,lombar,9952,-2532,-12668,81,-276,357,1076235
2026-05-19 20:11:37,esterno,2396,11364,10852,-157,120,2,418802
2026-05-19 20:11:37,lombar,9904,-2660,-12692,131,-287,293,1076257
2026-05-19 20:11:37,esterno,2364,11256,10768,-151,145,38,418824
2026-05-19 20:11:37,lombar,9880,-2664,-12704,146,-278,296,1076279
2026-05-19 20:11:37,esterno,2404,11232,10968,-129,192,58,418846
2026-05-19 20:11:37,lombar,9796,-2540,-12752,102,-284,290,1076301
2026-05-19 20:11:37,esterno,2320,11116,10972,-130,191,37,418868
2026-05-19 20:11:37,lombar,9824,-2732,-12776,82,-300,339,1076323
2026-05-19 20:11:37,esterno,2296,11160,11012,-162,160,-32,418890
2026-05-19 20:11:37,lombar,9880,-2676,-12660,57,-278,381,1076345
2026-05-19 20:11:37,esterno,2376,11140,10972,-164,79,-1,418912
2026-05-19 20:11:37,lombar,9984,-2644,-12696,55,-264,370,1076367
2026-05-19 20:11:37,esterno,2380,11216,10960,-77,133,51,418934
2026-05-19 20:11:37,lombar,9952,-2600,-12724,46,-259,415,1076389
2026-05-19 20:11:37,esterno,2412,11416,10616,44,245,31,418956
2026-05-19 20:11:37,lombar,9912,-2660,-12528,39,-262,372,1076411
2026-05-19 20:11:37,esterno,2348,11436,11192,56,392,-52,418978
2026-05-19 20:11:37,lombar,9972,-2680,-12500,-42,-300,358,1076433
2026-05-19 20:11:37,esterno,2340,11408,10800,-58,187,-23,419000
2026-05-19 20:11:37,lombar,9956,-2636,-12404,-10,-299,361,1076455
2026-05-19 20:11:37,esterno,2308,11332,10912,-154,-149,50,419022
2026-05-19 20:11:37,lombar,9948,-2648,-12556,22,-269,366,1076477
2026-05-19 20:11:37,esterno,2480,11216,10696,-73,-19,5,419044
2026-05-19 20:11:37,lombar,9908,-2716,-12456,-35,-320,408,1076499
2026-05-19 20:11:37,esterno,2444,11316,10740,-97,-19,-24,419066
2026-05-19 20:11:37,lombar,9980,-2748,-12720,75,-309,388,1076521
2026-05-19 20:11:37,esterno,2348,11464,10748,-115,304,-113,419088
2026-05-19 20:11:37,lombar,9884,-2708,-12656,62,-261,379,1076543
2026-05-19 20:11:37,esterno,2232,11472,10688,-106,451,-113,419110
2026-05-19 20:11:37,lombar,9964,-2612,-12552,-20,-317,338,1076565
2026-05-19 20:11:37,esterno,2244,11348,10948,-160,300,-17,419132
2026-05-19 20:11:37,lombar,9968,-2676,-12628,90,-281,347,1076587
2026-05-19 20:11:37,esterno,2296,11160,10772,-160,243,60,419154
2026-05-19 20:11:37,lombar,9860,-2620,-12624,87,-306,386,1076609
2026-05-19 20:11:37,esterno,2288,11220,10960,-102,271,38,419176
2026-05-19 20:11:37,lombar,9812,-2532,-12500,78,-328,348,1076631
2026-05-19 20:11:37,esterno,2324,11220,10948,-172,303,3,419198
2026-05-19 20:11:37,lombar,9900,-2696,-12704,132,-270,350,1076653
2026-05-19 20:11:37,esterno,2216,11400,10908,-83,180,-14,419220
2026-05-19 20:11:37,lombar,9984,-2644,-12688,169,-254,257,1076675
2026-05-19 20:11:37,esterno,2332,11356,10640,-159,221,-8,419242
2026-05-19 20:11:37,lombar,9924,-2564,-12648,189,-264,299,1076697
2026-05-19 20:11:37,esterno,2340,11380,11076,-180,108,47,419264
2026-05-19 20:11:37,lombar,9936,-2524,-12504,187,-260,298,1076719
2026-05-19 20:11:37,esterno,2376,11260,10736,-168,121,-30,419286
2026-05-19 20:11:37,lombar,9940,-2784,-12672,167,-231,248,1076741
2026-05-19 20:11:37,esterno,2488,11152,10916,-111,43,-62,419308
2026-05-19 20:11:37,lombar,9856,-2592,-12724,226,-232,350,1076763
2026-05-19 20:11:37,esterno,2280,11308,10700,-128,195,3,419330
2026-05-19 20:11:37,lombar,9860,-2504,-12544,114,-285,352,1076785
2026-05-19 20:11:37,esterno,2168,11384,10924,-121,180,45,419352
2026-05-19 20:11:37,lombar,9788,-2588,-12700,96,-275,383,1076807
2026-05-19 20:11:37,esterno,2216,11412,11004,-127,104,31,419374
2026-05-19 20:11:37,lombar,9872,-2656,-12680,100,-289,316,1076829
2026-05-19 20:11:37,esterno,2328,11392,10964,-234,29,57,419396
2026-05-19 20:11:37,lombar,9936,-2588,-12764,44,-301,374,1076851
2026-05-19 20:11:37,esterno,2308,11220,10876,-272,31,79,419418
2026-05-19 20:11:37,lombar,9924,-2676,-12660,66,-281,346,1076873
2026-05-19 20:11:37,esterno,2252,11124,10676,-311,96,72,419440
2026-05-19 20:11:37,lombar,9964,-2736,-12548,48,-255,308,1076895
2026-05-19 20:11:37,esterno,2144,11184,10768,-235,114,47,419462
2026-05-19 20:11:37,lombar,9956,-2724,-12680,107,-248,330,1076917
2026-05-19 20:11:37,esterno,2148,11284,10804,-196,183,-60,419484
2026-05-19 20:11:37,lombar,9908,-2572,-12700,105,-246,338,1076939
2026-05-19 20:11:37,esterno,2204,11384,10764,-241,161,-52,419506
2026-05-19 20:11:37,lombar,9948,-2584,-12712,90,-296,369,1076961
2026-05-19 20:11:38,esterno,2348,11392,10840,-204,143,-3,419528
2026-05-19 20:11:38,lombar,9904,-2748,-12472,74,-304,297,1076983
2026-05-19 20:11:38,esterno,2456,11392,10936,-193,179,40,419550
2026-05-19 20:11:38,lombar,9876,-2772,-12740,129,-269,277,1077005
2026-05-19 20:11:38,esterno,2356,11336,10864,-233,344,30,419572
2026-05-19 20:11:38,lombar,9772,-2644,-12644,136,-285,305,1077027
2026-05-19 20:11:38,esterno,2212,11312,10464,-146,771,-57,419594
2026-05-19 20:11:38,lombar,9780,-2656,-12868,106,-299,308,1077049
2026-05-19 20:11:38,esterno,2496,11348,11276,-56,273,25,419616
2026-05-19 20:11:38,lombar,9824,-2620,-12624,60,-324,298,1077071
2026-05-19 20:11:38,esterno,2320,11208,11316,-463,121,114,419638
2026-05-19 20:11:38,lombar,9944,-2620,-12676,118,-247,228,1077093
2026-05-19 20:11:38,esterno,2536,11116,10724,-483,137,168,419660
2026-05-19 20:11:38,lombar,9892,-2676,-12424,147,-231,345,1077115
2026-05-19 20:11:38,esterno,2472,11060,10844,-411,188,32,419682
2026-05-19 20:11:38,lombar,10004,-2708,-12596,120,-221,328,1077137
2026-05-19 20:11:38,esterno,2284,11212,10872,-351,236,-45,419704
2026-05-19 20:11:38,lombar,9944,-2704,-12552,219,-202,361,1077159
2026-05-19 20:11:38,esterno,2144,11300,10816,-381,415,-32,419726
2026-05-19 20:11:38,lombar,10000,-2528,-12656,77,-302,374,1077181
2026-05-19 20:11:38,esterno,2184,11356,10996,-401,317,85,419748
2026-05-19 20:11:38,lombar,9980,-2720,-12736,109,-240,343,1077203
2026-05-19 20:11:38,esterno,2244,11208,10964,-350,293,147,419770
2026-05-19 20:11:38,lombar,9912,-2676,-12544,113,-265,308,1077225
2026-05-19 20:11:38,esterno,2344,11148,10980,-323,291,92,419792
2026-05-19 20:11:38,lombar,9888,-2692,-12692,49,-303,365,1077247
2026-05-19 20:11:38,esterno,2312,11168,10932,-265,368,37,419814
2026-05-19 20:11:38,lombar,9864,-2736,-12776,112,-265,309,1077269
2026-05-19 20:11:38,esterno,2332,11148,11224,-301,269,26,419836
2026-05-19 20:11:38,lombar,9848,-2736,-12756,76,-257,312,1077291
2026-05-19 20:11:38,esterno,2340,11084,11172,-275,134,56,419858
2026-05-19 20:11:38,lombar,9864,-2672,-12648,73,-239,342,1077313
2026-05-19 20:11:38,esterno,2372,11340,11336,-442,168,50,419880
2026-05-19 20:11:38,lombar,9976,-2680,-12496,119,-213,302,1077335
2026-05-19 20:11:38,esterno,2352,11072,10816,-451,126,12,419902
2026-05-19 20:11:38,lombar,10000,-2620,-12372,109,-254,315,1077357
2026-05-19 20:11:38,esterno,2352,11056,10772,-394,110,-21,419924
2026-05-19 20:11:38,lombar,10044,-2604,-12520,174,-185,329,1077379
2026-05-19 20:11:38,esterno,2296,11208,10912,-268,0,32,419946
2026-05-19 20:11:38,lombar,10000,-2536,-12496,144,-272,367,1077401
2026-05-19 20:11:38,esterno,2220,11220,10892,-195,129,17,419968
2026-05-19 20:11:38,lombar,9896,-2608,-12712,28,-346,352,1077423
2026-05-19 20:11:38,esterno,2204,11300,11172,-149,73,-15,419990
2026-05-19 20:11:38,lombar,9928,-2644,-12728,81,-298,280,1077445
2026-05-19 20:11:38,esterno,2336,11352,11188,-214,20,64,420012
2026-05-19 20:11:38,lombar,9860,-2688,-12696,110,-318,299,1077467
2026-05-19 20:11:38,esterno,2380,11084,11144,-343,75,141,420034
2026-05-19 20:11:38,lombar,9776,-2548,-12708,76,-337,358,1077489
2026-05-19 20:11:38,esterno,2372,11152,11240,-368,93,119,420056
2026-05-19 20:11:38,lombar,9916,-2656,-12868,70,-285,360,1077511
2026-05-19 20:11:38,esterno,2308,11000,11048,-348,132,70,420078
2026-05-19 20:11:38,lombar,9952,-2656,-12752,55,-275,359,1077533
2026-05-19 20:11:38,esterno,2248,10996,11048,-292,129,4,420100
2026-05-19 20:11:38,lombar,9860,-2660,-12640,132,-242,330,1077555
2026-05-19 20:11:38,esterno,2172,11004,11068,-267,167,-70,420122
2026-05-19 20:11:38,lombar,9988,-2644,-12468,145,-198,308,1077577
2026-05-19 20:11:38,esterno,2204,11072,11168,-246,40,5,420144
2026-05-19 20:11:38,lombar,9924,-2516,-12492,50,-230,320,1077599
2026-05-19 20:11:38,esterno,2264,10972,11020,-179,-43,39,420166
2026-05-19 20:11:38,lombar,10000,-2640,-12672,39,-256,361,1077621
2026-05-19 20:11:38,esterno,2264,11140,10920,-93,86,-6,420188
2026-05-19 20:11:38,lombar,9976,-2616,-12568,67,-275,327,1077643
2026-05-19 20:11:38,esterno,2288,11100,10380,227,560,-72,420210
2026-05-19 20:11:38,lombar,9924,-2604,-12644,50,-293,397,1077665
2026-05-19 20:11:38,esterno,2472,11316,11648,309,128,37,420232
2026-05-19 20:11:38,lombar,9968,-2824,-12748,20,-287,344,1077687
2026-05-19 20:11:38,esterno,2292,11216,11240,-95,151,61,420254
2026-05-19 20:11:38,lombar,9872,-2584,-12692,125,-240,329,1077709
2026-05-19 20:11:38,esterno,2276,11156,10956,-167,-83,104,420276
2026-05-19 20:11:38,lombar,9696,-2500,-12800,52,-308,295,1077731
2026-05-19 20:11:38,esterno,2332,11012,11096,-135,-60,63,420298
2026-05-19 20:11:38,lombar,9852,-2636,-12872,-43,-322,339,1077753
2026-05-19 20:11:38,esterno,2412,10848,11032,-136,-22,-51,420320
2026-05-19 20:11:38,lombar,9948,-2600,-12760,34,-275,395,1077775
2026-05-19 20:11:38,esterno,2332,11284,11020,-46,153,-54,420342
2026-05-19 20:11:38,lombar,9868,-2604,-12640,-70,-304,377,1077797
2026-05-19 20:11:38,esterno,2248,11272,11132,-64,137,17,420364
2026-05-19 20:11:38,lombar,9996,-2624,-12760,-83,-330,348,1077819
2026-05-19 20:11:38,esterno,2368,11224,11220,-33,65,42,420386
2026-05-19 20:11:38,lombar,9976,-2712,-12600,-13,-279,377,1077841
2026-05-19 20:11:38,esterno,2420,11120,10960,-72,93,-14,420408
2026-05-19 20:11:38,lombar,9980,-2500,-12728,-12,-283,370,1077863
2026-05-19 20:11:38,esterno,2420,11080,11024,-86,150,5,420430
2026-05-19 20:11:38,lombar,9836,-2688,-12588,-39,-313,350,1077885
2026-05-19 20:11:38,esterno,2256,11168,10980,-114,158,41,420452
2026-05-19 20:11:38,lombar,10020,-2748,-12540,11,-266,385,1077907
2026-05-19 20:11:38,esterno,2356,11160,11024,-126,45,-17,420474
2026-05-19 20:11:38,lombar,10020,-2644,-12616,58,-273,385,1077929
2026-05-19 20:11:38,esterno,2284,11352,11144,-256,103,-57,420496
2026-05-19 20:11:38,lombar,9832,-2464,-12448,59,-271,357,1077951
2026-05-19 20:11:38,esterno,2184,11244,10916,-286,54,-26,420518
2026-05-19 20:11:39,lombar,9940,-2684,-12680,23,-296,333,1077973
2026-05-19 20:11:39,esterno,2296,11016,10904,-338,23,46,420540
2026-05-19 20:11:39,lombar,10000,-2716,-12604,113,-281,320,1077995
2026-05-19 20:11:39,esterno,2480,11084,11048,-193,-28,81,420562
2026-05-19 20:11:39,lombar,9896,-2508,-12448,120,-272,368,1078017
2026-05-19 20:11:39,esterno,2256,11072,10876,-214,114,27,420584
2026-05-19 20:11:39,lombar,9908,-2652,-12636,76,-322,329,1078039
2026-05-19 20:11:39,esterno,2252,11192,11164,-111,88,-29,420606
2026-05-19 20:11:39,lombar,9952,-2688,-12688,132,-315,273,1078061
2026-05-19 20:11:39,esterno,2432,11220,11288,-81,33,85,420628
2026-05-19 20:11:39,lombar,9836,-2536,-12632,156,-279,259,1078083
2026-05-19 20:11:39,esterno,2500,11168,11232,-127,54,165,420650
2026-05-19 20:11:39,lombar,9880,-2612,-12772,114,-304,269,1078105
2026-05-19 20:11:39,esterno,2424,11080,11192,-71,99,126,420672
2026-05-19 20:11:39,lombar,9856,-2648,-12732,101,-262,279,1078127
2026-05-19 20:11:39,esterno,2368,11152,10960,-299,121,40,420694
2026-05-19 20:11:39,lombar,9900,-2652,-12868,124,-233,323,1078149
2026-05-19 20:11:39,esterno,2308,10996,11008,-253,116,14,420716
2026-05-19 20:11:39,lombar,9892,-2528,-12636,136,-287,314,1078171
2026-05-19 20:11:39,esterno,2368,10924,11136,-131,189,0,420738
2026-05-19 20:11:39,lombar,9888,-2544,-12488,118,-272,333,1078193
2026-05-19 20:11:39,esterno,2340,11140,10788,-200,170,13,420760
2026-05-19 20:11:39,lombar,9884,-2584,-12500,59,-303,326,1078215
2026-05-19 20:11:39,esterno,2452,11228,11104,-207,109,12,420782
2026-05-19 20:11:39,lombar,9960,-2636,-12588,111,-234,367,1078237
2026-05-19 20:11:39,esterno,2368,11228,10864,-224,80,-52,420804
2026-05-19 20:11:39,lombar,10004,-2612,-12484,161,-190,358,1078259
2026-05-19 20:11:39,esterno,2276,11056,10620,-137,175,-2,420826
2026-05-19 20:11:39,lombar,9976,-2588,-12464,146,-241,379,1078281
2026-05-19 20:11:39,esterno,2248,11008,10628,179,723,-58,420848
2026-05-19 20:11:39,lombar,9848,-2564,-12580,106,-269,273,1078303
2026-05-19 20:11:39,esterno,2564,11176,11252,294,237,35,420870
2026-05-19 20:11:39,lombar,9968,-2748,-12648,132,-276,222,1078325
2026-05-19 20:11:39,esterno,2320,11300,11256,-13,257,7,420892
2026-05-19 20:11:39,lombar,9952,-2624,-12752,244,-196,254,1078347
2026-05-19 20:11:39,esterno,2268,11300,11036,-94,50,-24,420914
2026-05-19 20:11:39,lombar,9748,-2652,-12916,134,-303,252,1078369
2026-05-19 20:11:39,esterno,2564,11076,11060,-81,152,-9,420936
2026-05-19 20:11:39,lombar,9836,-2616,-12892,124,-273,302,1078391
2026-05-19 20:11:39,esterno,2440,11172,11052,-38,268,35,420958
2026-05-19 20:11:39,lombar,9700,-2516,-12812,181,-237,314,1078413
2026-05-19 20:11:39,esterno,2400,11224,11208,-21,398,33,420980
2026-05-19 20:11:39,lombar,9820,-2580,-12704,10,-328,340,1078435
2026-05-19 20:11:39,esterno,2456,11188,11468,-75,265,12,421002
2026-05-19 20:11:39,lombar,9912,-2644,-12800,82,-301,323,1078457
2026-05-19 20:11:39,esterno,2452,10900,11164,-123,211,7,421024
2026-05-19 20:11:39,lombar,9892,-2664,-12556,116,-205,315,1078479
2026-05-19 20:11:39,esterno,2328,11000,10892,-122,216,83,421046
2026-05-19 20:11:39,lombar,9988,-2540,-12400,110,-207,380,1078501
2026-05-19 20:11:39,esterno,2368,10956,10848,-134,249,11,421068
2026-05-19 20:11:39,lombar,9872,-2564,-12416,16,-231,384,1078523
2026-05-19 20:11:39,esterno,2224,11088,10924,-79,128,-61,421090
2026-05-19 20:11:39,lombar,10056,-2620,-12368,67,-244,356,1078545
2026-05-19 20:11:39,esterno,2308,11316,10892,-73,88,-138,421112
2026-05-19 20:11:39,lombar,10004,-2692,-12552,126,-297,314,1078567
2026-05-19 20:11:39,esterno,2432,11460,11216,-144,28,5,421134
2026-05-19 20:11:39,lombar,9928,-2708,-12448,82,-324,343,1078589
2026-05-19 20:11:39,esterno,2272,11380,10732,-205,112,51,421156
2026-05-19 20:11:39,lombar,9952,-2704,-12708,77,-287,283,1078611
2026-05-19 20:11:39,esterno,2524,11120,11000,-240,14,27,421178
2026-05-19 20:11:39,lombar,9892,-2652,-12860,152,-265,255,1078633
2026-05-19 20:11:39,esterno,2492,11188,11140,-202,178,19,421200
2026-05-19 20:11:39,lombar,9736,-2580,-12712,80,-324,327,1078655
2026-05-19 20:11:39,esterno,2228,11108,11136,-256,207,-11,421222
2026-05-19 20:11:39,lombar,9852,-2628,-12764,89,-324,304,1078677
2026-05-19 20:11:39,esterno,2276,11044,11236,-185,157,31,421244
2026-05-19 20:11:39,lombar,9752,-2584,-12800,88,-261,318,1078699
2026-05-19 20:11:39,esterno,2420,11068,11216,-271,89,98,421266
2026-05-19 20:11:39,lombar,10000,-2600,-12640,44,-251,285,1078721
2026-05-19 20:11:39,esterno,2460,11052,11196,-352,44,81,421288
2026-05-19 20:11:39,lombar,10064,-2648,-12516,82,-258,367,1078743
2026-05-19 20:11:39,esterno,2356,10996,10932,-350,9,36,421310
2026-05-19 20:11:39,lombar,9976,-2692,-12468,58,-243,360,1078765
2026-05-19 20:11:39,esterno,2432,11180,10880,-202,34,-2,421332
2026-05-19 20:11:39,lombar,10000,-2560,-12488,61,-244,317,1078787
2026-05-19 20:11:39,esterno,2508,11084,10908,-101,50,26,421354
2026-05-19 20:11:39,lombar,9996,-2676,-12716,24,-259,393,1078809
2026-05-19 20:11:39,esterno,2484,11244,10876,-93,56,9,421376
2026-05-19 20:11:39,lombar,10060,-2544,-12484,39,-303,391,1078831
2026-05-19 20:11:39,esterno,2380,11300,11040,-114,37,-62,421398
2026-05-19 20:11:39,lombar,9860,-2680,-12744,59,-278,357,1078853
2026-05-19 20:11:39,esterno,2440,11324,10960,-157,103,-71,421420
2026-05-19 20:11:39,lombar,9900,-2640,-12572,39,-306,334,1078875
2026-05-19 20:11:39,esterno,2428,11176,10968,-168,155,-23,421442
2026-05-19 20:11:39,lombar,9844,-2820,-12704,70,-287,350,1078897
2026-05-19 20:11:39,esterno,2400,11140,11008,-203,129,44,421464
2026-05-19 20:11:39,lombar,9804,-2744,-12692,67,-289,276,1078919
2026-05-19 20:11:39,esterno,2336,11072,11008,-204,125,5,421486
2026-05-19 20:11:39,lombar,9840,-2596,-12748,94,-284,280,1078941
2026-05-19 20:11:39,esterno,2276,11044,11140,-209,218,-1,421508
2026-05-19 20:11:39,lombar,9856,-2636,-12724,55,-258,314,1078963
2026-05-19 20:11:40,esterno,2296,10960,10456,34,718,-53,421530
2026-05-19 20:11:40,lombar,9924,-2500,-12600,69,-313,311,1078985
2026-05-19 20:11:40,esterno,2512,11152,11468,89,142,98,421552
2026-05-19 20:11:40,lombar,9992,-2804,-12660,-3,-313,332,1079007
2026-05-19 20:11:40,esterno,2404,11312,11332,-306,85,132,421574
2026-05-19 20:11:40,lombar,10072,-2768,-12568,154,-213,260,1079029
2026-05-19 20:11:40,esterno,2268,11060,10840,-279,-143,32,421596
2026-05-19 20:11:40,lombar,9904,-2624,-12576,190,-186,316,1079051
2026-05-19 20:11:40,esterno,2408,11008,10732,-105,20,-26,421618
2026-05-19 20:11:40,lombar,9984,-2636,-12496,99,-228,365,1079073
2026-05-19 20:11:40,esterno,2424,11104,10712,59,128,-58,421640
2026-05-19 20:11:40,lombar,10044,-2536,-12748,203,-212,337,1079095
2026-05-19 20:11:40,esterno,2336,11356,10864,140,350,-53,421662
2026-05-19 20:11:40,lombar,9884,-2580,-12504,118,-269,246,1079117
2026-05-19 20:11:40,esterno,2408,11332,11140,139,317,-34,421684
2026-05-19 20:11:40,lombar,9928,-2620,-12512,180,-268,215,1079139
2026-05-19 20:11:40,esterno,2548,11192,10980,80,223,-19,421706
2026-05-19 20:11:40,esterno,2376,11180,11144,-116,259,31,421728
2026-05-19 20:11:40,lombar,9856,-2724,-12740,163,-269,291,1079161
2026-05-19 20:11:40,lombar,9852,-2636,-12692,171,-294,319,1079183
2026-05-19 20:11:40,esterno,2428,11100,11048,-146,227,87,421750
2026-05-19 20:11:40,lombar,9864,-2584,-12840,91,-318,350,1079205
2026-05-19 20:11:40,esterno,2312,11188,11156,-229,138,102,421772
2026-05-19 20:11:40,lombar,9860,-2740,-12856,7,-331,309,1079227
2026-05-19 20:11:40,esterno,2444,11056,11140,-296,115,31,421794
2026-05-19 20:11:40,lombar,9904,-2524,-12700,68,-312,329,1079249
2026-05-19 20:11:40,esterno,2544,11172,11352,-381,57,72,421816
2026-05-19 20:11:40,lombar,9892,-2628,-12592,2,-278,326,1079271
2026-05-19 20:11:40,esterno,2328,10996,10848,-411,57,77,421838
2026-05-19 20:11:40,lombar,9884,-2724,-12524,-17,-284,352,1079293
2026-05-19 20:11:40,esterno,2620,10936,10892,-385,-54,99,421860
2026-05-19 20:11:40,lombar,10036,-2820,-12436,82,-194,378,1079315
2026-05-19 20:11:40,esterno,2480,11076,10820,-166,43,44,421882
2026-05-19 20:11:40,lombar,10000,-2528,-12224,51,-204,420,1079337
2026-05-19 20:11:40,esterno,2328,11000,10684,-127,49,-105,421904
2026-05-19 20:11:40,esterno,2340,11088,10808,88,0,-120,421926
2026-05-19 20:11:40,lombar,10064,-2612,-12436,-20,-277,320,1079359
2026-05-19 20:11:40,lombar,10052,-2684,-12512,26,-285,336,1079381
2026-05-19 20:11:40,esterno,2604,11216,10948,141,-73,117,421948
2026-05-19 20:11:40,lombar,9944,-2552,-12496,-42,-344,253,1079403
2026-05-19 20:11:40,esterno,2680,10968,10820,224,-54,269,421970
2026-05-19 20:11:40,lombar,9924,-2548,-12544,-100,-335,238,1079425
2026-05-19 20:11:40,esterno,2524,11032,10840,256,-43,172,421992
2026-05-19 20:11:40,lombar,9824,-2600,-12896,-121,-373,243,1079447
2026-05-19 20:11:40,esterno,2560,11148,10956,253,-26,48,422014
2026-05-19 20:11:40,lombar,9904,-2748,-12884,-156,-439,187,1079469
2026-05-19 20:11:40,esterno,2492,11260,11028,316,48,97,422036
2026-05-19 20:11:40,lombar,9796,-2520,-13072,-95,-442,167,1079491
2026-05-19 20:11:40,esterno,2300,11196,11260,271,67,154,422058
2026-05-19 20:11:40,lombar,9748,-2432,-12900,-65,-419,300,1079513
2026-05-19 20:11:40,esterno,2184,11164,11092,233,-24,258,422080
2026-05-19 20:11:40,esterno,2204,11396,11072,58,-127,204,422102
2026-05-19 20:11:40,lombar,9696,-2428,-12808,-38,-409,313,1079535
2026-05-19 20:11:40,lombar,9820,-2612,-12780,-92,-415,378,1079557
2026-05-19 20:11:40,esterno,2480,11272,10976,-132,-279,206,422124
2026-05-19 20:11:40,lombar,9864,-2416,-12600,-47,-431,335,1079579
2026-05-19 20:11:40,esterno,2576,11256,10828,-160,-444,217,422146
2026-05-19 20:11:40,lombar,9912,-2504,-12508,-45,-421,447,1079601
2026-05-19 20:11:40,esterno,2500,11216,10752,-93,-407,187,422168
2026-05-19 20:11:40,lombar,9900,-2472,-12504,-84,-440,463,1079623
2026-05-19 20:11:40,esterno,2840,11264,10100,8,77,-20,422190
2026-05-19 20:11:40,lombar,9948,-2572,-12808,-89,-463,455,1079645
2026-05-19 20:11:40,esterno,2896,11300,11140,94,170,-96,422212
2026-05-19 20:11:40,lombar,9912,-2792,-12776,-75,-346,382,1079667
2026-05-19 20:11:40,esterno,2764,11432,10932,-198,291,-126,422234
2026-05-19 20:11:40,lombar,9936,-3004,-12844,107,-271,316,1079689
2026-05-19 20:11:40,esterno,2584,11404,10924,-452,154,-42,422256
2026-05-19 20:11:40,lombar,9880,-2580,-12748,295,-162,370,1079711
2026-05-19 20:11:40,esterno,2352,11164,10832,-268,383,-119,422278
2026-05-19 20:11:40,lombar,9872,-2692,-12632,242,-163,332,1079733
2026-05-19 20:11:40,esterno,2516,11028,10772,-136,587,-90,422300
2026-05-19 20:11:40,lombar,9916,-2600,-12648,327,-95,267,1079755
2026-05-19 20:11:40,esterno,2092,11080,10816,59,701,-30,422322
2026-05-19 20:11:40,lombar,9872,-2396,-12484,303,-119,304,1079777
2026-05-19 20:11:40,esterno,2004,11296,10776,73,618,-64,422344
2026-05-19 20:11:40,lombar,9896,-2628,-12560,231,-257,319,1079799
2026-05-19 20:11:40,esterno,2024,11464,10872,59,412,-82,422366
2026-05-19 20:11:40,lombar,9836,-2636,-12656,198,-272,226,1079821
2026-05-19 20:11:40,esterno,2576,11452,10832,32,328,42,422388
2026-05-19 20:11:40,lombar,9928,-2492,-12664,220,-309,248,1079843
2026-05-19 20:11:40,esterno,2700,11284,10980,-21,317,58,422410
2026-05-19 20:11:40,lombar,9848,-2376,-12828,255,-331,226,1079865
2026-05-19 20:11:40,esterno,2636,11208,11000,-75,287,74,422432
2026-05-19 20:11:40,lombar,9812,-2528,-12708,185,-411,205,1079887
2026-05-19 20:11:40,esterno,2656,11324,11028,-144,186,191,422454
2026-05-19 20:11:40,lombar,9768,-2508,-12704,143,-352,280,1079909
2026-05-19 20:11:40,esterno,2664,11408,11408,-314,196,224,422476
2026-05-19 20:11:40,lombar,9684,-2468,-12916,65,-395,330,1079931
2026-05-19 20:11:40,esterno,2352,11280,11184,-345,48,171,422498
2026-05-19 20:11:40,lombar,9832,-2548,-12852,-11,-374,369,1079953
2026-05-19 20:11:40,esterno,2460,11060,11060,-494,-42,46,422520
2026-05-19 20:11:41,lombar,9932,-2684,-12680,58,-275,316,1079975
2026-05-19 20:11:41,esterno,2592,11172,11152,-261,-82,17,422542
2026-05-19 20:11:41,lombar,9792,-2468,-12648,71,-225,401,1079997
2026-05-19 20:11:41,esterno,2608,11068,10796,-333,63,-28,422564
2026-05-19 20:11:41,lombar,9768,-2516,-12556,-5,-272,394,1080019
2026-05-19 20:11:41,esterno,2700,11036,10944,-228,81,0,422586
2026-05-19 20:11:41,lombar,10016,-2424,-12624,-60,-231,441,1080041
2026-05-19 20:11:41,esterno,2684,11264,10904,-144,47,-1,422608
2026-05-19 20:11:41,lombar,9832,-2528,-12388,-47,-223,419,1080063
2026-05-19 20:11:41,esterno,2764,11276,10676,-263,93,49,422630
2026-05-19 20:11:41,lombar,9928,-2552,-12564,15,-265,418,1080085
2026-05-19 20:11:41,esterno,2580,11356,10824,-262,94,117,422652
2026-05-19 20:11:41,esterno,2364,11180,10784,-249,79,82,422674
2026-05-19 20:11:41,lombar,9932,-2444,-12620,46,-267,410,1080107
2026-05-19 20:11:41,lombar,9928,-2520,-12588,26,-309,415,1080129
2026-05-19 20:11:41,esterno,2360,11336,10752,-203,59,-30,422696
2026-05-19 20:11:41,lombar,9788,-2520,-12816,69,-326,441,1080151
2026-05-19 20:11:41,esterno,2596,11308,10920,-236,61,-79,422718
2026-05-19 20:11:41,lombar,9764,-2528,-12668,83,-339,386,1080173
2026-05-19 20:11:41,esterno,2700,11212,10744,-245,150,-33,422740
2026-05-19 20:11:41,lombar,9848,-2668,-12724,77,-342,374,1080195
2026-05-19 20:11:41,esterno,2720,11092,11088,-206,176,27,422762
2026-05-19 20:11:41,lombar,9804,-2652,-12696,134,-324,282,1080217
2026-05-19 20:11:41,esterno,2504,11160,11188,-185,32,28,422784
2026-05-19 20:11:41,lombar,9932,-2516,-12612,132,-361,283,1080239
2026-05-19 20:11:41,esterno,2404,10992,11044,-243,-89,-27,422806
2026-05-19 20:11:41,lombar,9844,-2348,-12520,136,-390,359,1080261
2026-05-19 20:11:41,esterno,2212,10944,10904,-189,-220,-42,422828
2026-05-19 20:11:41,lombar,9924,-2600,-12752,107,-368,377,1080283
2026-05-19 20:11:41,esterno,1964,11064,10872,-19,-159,-67,422850
2026-05-19 20:11:41,lombar,9788,-2564,-12780,62,-345,367,1080305
2026-05-19 20:11:41,esterno,2236,11436,10944,98,-92,-198,422872
2026-05-19 20:11:41,lombar,9924,-2580,-12672,-5,-368,391,1080327
2026-05-19 20:11:41,esterno,2904,11456,10828,100,36,-272,422894
2026-05-19 20:11:41,lombar,9816,-2584,-12780,-1,-367,361,1080349
2026-05-19 20:11:41,esterno,3108,11408,10868,53,242,-241,422916
2026-05-19 20:11:41,lombar,9756,-2560,-12708,55,-287,377,1080371
2026-05-19 20:11:41,esterno,3100,11180,10064,224,908,-296,422938
2026-05-19 20:11:41,lombar,9856,-2608,-13012,14,-262,289,1080393
2026-05-19 20:11:41,esterno,3292,11316,11112,182,819,-207,422960
2026-05-19 20:11:41,lombar,9768,-2664,-12796,4,-241,292,1080415
2026-05-19 20:11:41,esterno,3364,11404,11304,-434,886,36,422982
2026-05-19 20:11:41,lombar,9684,-2636,-12804,73,-192,239,1080437
2026-05-19 20:11:41,esterno,2960,11172,10940,-631,866,168,423004
2026-05-19 20:11:41,lombar,9824,-2560,-12960,77,-149,147,1080459
2026-05-19 20:11:41,esterno,2284,10976,11028,-281,1039,87,423026
2026-05-19 20:11:41,lombar,9832,-2516,-12816,15,-167,189,1080481
2026-05-19 20:11:41,esterno,2272,11112,11248,194,1311,295,423048
2026-05-19 20:11:41,lombar,9848,-2460,-12840,60,-198,182,1080503
2026-05-19 20:11:41,esterno,2444,11256,11120,60,1565,509,423070
2026-05-19 20:11:41,lombar,9872,-2492,-12644,-16,-233,165,1080525
2026-05-19 20:11:41,esterno,2800,11200,10712,101,1556,600,423092
2026-05-19 20:11:41,lombar,9880,-2552,-12864,119,-148,133,1080547
2026-05-19 20:11:41,esterno,2340,11116,11020,120,1423,525,423114
2026-05-19 20:11:41,lombar,9804,-2324,-12684,233,-150,156,1080569
2026-05-19 20:11:41,esterno,2096,11108,10808,155,1383,455,423136
2026-05-19 20:11:41,lombar,9868,-2248,-12660,256,-183,296,1080591
2026-05-19 20:11:41,esterno,1660,11292,10656,166,1045,262,423158
2026-05-19 20:11:41,lombar,9920,-2408,-12528,232,-262,338,1080613
2026-05-19 20:11:41,esterno,1528,11584,10880,-31,500,30,423180
2026-05-19 20:11:41,esterno,1608,11452,10456,-50,199,3,423202
2026-05-19 20:11:41,lombar,9864,-2424,-12592,229,-336,398,1080635
2026-05-19 20:11:41,lombar,9796,-2380,-12500,170,-378,482,1080657
2026-05-19 20:11:41,esterno,1524,11436,10820,4,-276,-236,423224
2026-05-19 20:11:41,lombar,9852,-2540,-12404,86,-489,559,1080679
2026-05-19 20:11:41,esterno,2064,11364,10288,-83,-380,-637,423246
2026-05-19 20:11:41,lombar,9872,-2816,-12564,12,-486,520,1080701
2026-05-19 20:11:41,esterno,2732,11464,10916,-355,-338,-565,423268
2026-05-19 20:11:41,lombar,9972,-2956,-12708,73,-372,410,1080723
2026-05-19 20:11:41,esterno,2876,11160,11072,-387,-94,-348,423290
2026-05-19 20:11:41,lombar,9764,-2776,-12812,164,-283,369,1080745
2026-05-19 20:11:41,esterno,2748,11136,11160,-317,272,-273,423312
2026-05-19 20:11:41,lombar,9876,-2604,-12896,82,-213,325,1080767
2026-05-19 20:11:41,esterno,2332,11396,11252,-300,344,-157,423334
2026-05-19 20:11:41,lombar,9668,-2464,-13088,135,-205,308,1080789
2026-05-19 20:11:41,esterno,2024,11376,11296,-263,184,155,423356
2026-05-19 20:11:41,lombar,9788,-2276,-12572,138,-193,302,1080811
2026-05-19 20:11:41,esterno,1956,11016,11220,-178,30,263,423378
2026-05-19 20:11:41,lombar,9744,-2252,-12696,-51,-286,333,1080833
2026-05-19 20:11:41,esterno,2212,11040,10968,-129,107,311,423400
2026-05-19 20:11:41,lombar,9656,-2448,-12976,-69,-268,287,1080855
