timestamp,node,ax,ay,az,gx,gy,gz,t_ms
2026-05-19 20:12:00,esterno,5784,13184,7532,1415,-1615,-2159,442496
2026-05-19 20:12:00,lombar,13308,-1036,-11092,2037,1776,59,1099951
2026-05-19 20:12:00,esterno,6420,12800,6552,2067,-377,-2962,442518
2026-05-19 20:12:01,lombar,12828,680,-8852,2270,2959,651,1099973
2026-05-19 20:12:01,esterno,6444,12452,5912,2176,425,-2197,442540
2026-05-19 20:12:01,lombar,12852,2124,-8392,1116,1072,31,1099995
2026-05-19 20:12:01,esterno,5276,12472,5248,2406,783,-473,442562
2026-05-19 20:12:01,lombar,12432,1796,-9236,1796,829,-620,1100017
2026-05-19 20:12:01,esterno,4500,13060,6316,1689,625,792,442584
2026-05-19 20:12:01,lombar,11772,1448,-8292,1794,1083,-1231,1100039
2026-05-19 20:12:01,esterno,3960,12984,6120,1800,376,1214,442606
2026-05-19 20:12:01,lombar,12064,1932,-9212,983,618,-1155,1100061
2026-05-19 20:12:01,esterno,3832,12944,6500,2623,-74,1653,442628
2026-05-19 20:12:01,lombar,11888,2212,-10468,773,1003,-1417,1100083
2026-05-19 20:12:01,esterno,5652,13584,5596,2075,568,2217,442650
2026-05-19 20:12:01,lombar,13168,2676,-10528,1463,1609,-1904,1100105
2026-05-19 20:12:01,esterno,6604,14904,6604,1942,2671,2673,442672
2026-05-19 20:12:01,lombar,13244,2548,-10140,575,82,-2024,1100127
2026-05-19 20:12:01,esterno,8452,16032,5620,1593,4918,3035,442694
2026-05-19 20:12:01,lombar,13596,1096,-10576,-471,-641,-1714,1100149
2026-05-19 20:12:01,esterno,9160,14988,5236,983,7608,2084,442716
2026-05-19 20:12:01,lombar,12648,396,-10444,825,-85,-944,1100171
2026-05-19 20:12:01,esterno,8436,12648,7540,190,7396,939,442738
2026-05-19 20:12:01,lombar,11168,436,-9848,605,-652,-861,1100193
2026-05-19 20:12:01,esterno,5408,11892,8036,-121,6170,947,442760
2026-05-19 20:12:01,lombar,11408,256,-10500,1832,-337,-1226,1100215
2026-05-19 20:12:01,esterno,4728,13004,5120,-686,6355,1630,442782
2026-05-19 20:12:01,lombar,11900,828,-9512,1584,-131,-1131,1100237
2026-05-19 20:12:01,esterno,3780,13428,5088,-1002,6798,3074,442804
2026-05-19 20:12:01,lombar,12156,896,-9156,1275,-1777,-527,1100259
2026-05-19 20:12:01,esterno,4696,12460,7248,-963,7607,3032,442826
2026-05-19 20:12:01,lombar,11920,1344,-8840,1614,-3527,486,1100281
2026-05-19 20:12:01,esterno,6272,12268,7748,-1057,6972,1201,442848
2026-05-19 20:12:01,lombar,10736,1288,-8668,1296,-3946,577,1100303
2026-05-19 20:12:01,esterno,4184,12304,6356,-1689,6416,-382,442870
2026-05-19 20:12:01,lombar,11600,1364,-11624,1349,-3340,764,1100325
2026-05-19 20:12:01,esterno,2856,12608,7120,-2547,5265,-763,442892
2026-05-19 20:12:01,lombar,11148,1592,-10360,1936,-2808,834,1100347
2026-05-19 20:12:01,esterno,3068,13200,9236,-3243,3414,-801,442914
2026-05-19 20:12:01,lombar,12076,2780,-10868,1648,-4604,1038,1100369
2026-05-19 20:12:01,esterno,4132,13664,9264,-3113,1854,-1254,442936
2026-05-19 20:12:01,lombar,12288,3320,-12128,1756,-3973,1825,1100391
2026-05-19 20:12:01,esterno,4764,13064,9444,-2689,312,-1482,442958
2026-05-19 20:12:01,lombar,12184,3284,-11600,1426,-2792,2122,1100413
2026-05-19 20:12:01,esterno,5264,12600,9380,-2713,-1071,-1314,442980
2026-05-19 20:12:01,lombar,12272,3232,-10808,252,-3214,2320,1100435
2026-05-19 20:12:01,esterno,6044,12320,8672,-2509,-1194,-999,443002
2026-05-19 20:12:01,lombar,12012,2988,-11160,-788,-3916,2466,1100457
2026-05-19 20:12:01,esterno,6032,11780,8640,-1739,-1442,-737,443024
2026-05-19 20:12:01,lombar,11540,2120,-12428,246,-3388,2243,1100479
2026-05-19 20:12:01,esterno,6280,12824,9124,-2614,-964,-824,443046
2026-05-19 20:12:01,lombar,11624,1032,-11424,1640,-2758,1373,1100501
2026-05-19 20:12:01,esterno,6728,13456,9028,-3513,-1218,-401,443068
2026-05-19 20:12:01,lombar,11880,656,-10948,1458,-2506,1146,1100523
2026-05-19 20:12:01,esterno,6672,12368,8144,-3530,-1091,221,443090
2026-05-19 20:12:01,lombar,12148,648,-10800,1013,-3183,1638,1100545
2026-05-19 20:12:01,esterno,5864,11920,7948,-2971,-842,319,443112
2026-05-19 20:12:01,lombar,11328,428,-11160,231,-4499,1815,1100567
2026-05-19 20:12:01,esterno,4712,11928,8792,-2573,-280,33,443134
2026-05-19 20:12:01,lombar,10412,64,-12712,434,-4116,1160,1100589
2026-05-19 20:12:01,esterno,4272,12964,8640,-2754,751,-425,443156
2026-05-19 20:12:01,lombar,10900,120,-12000,1363,-4372,1191,1100611
2026-05-19 20:12:01,esterno,4160,13108,9268,-3590,1497,-251,443178
2026-05-19 20:12:01,lombar,11164,84,-12136,1868,-5020,1242,1100633
2026-05-19 20:12:01,esterno,3872,12932,9468,-3426,1441,43,443200
2026-05-19 20:12:01,lombar,11620,-20,-12256,1841,-4143,1231,1100655
2026-05-19 20:12:01,esterno,3280,12732,9444,-3882,886,239,443222
2026-05-19 20:12:01,lombar,11032,-204,-11932,1581,-3411,1178,1100677
2026-05-19 20:12:01,esterno,3000,12080,9532,-4446,267,636,443244
2026-05-19 20:12:01,lombar,11112,-200,-12284,1570,-3712,799,1100699
2026-05-19 20:12:01,esterno,3096,12236,10080,-3959,384,723,443266
2026-05-19 20:12:01,lombar,11348,316,-12172,919,-4213,307,1100721
2026-05-19 20:12:01,esterno,3716,12040,10200,-3743,62,1253,443288
2026-05-19 20:12:01,lombar,11084,584,-12980,456,-3288,481,1100743
2026-05-19 20:12:01,esterno,3880,11308,10164,-2943,-210,659,443310
2026-05-19 20:12:01,lombar,10792,592,-11964,248,-1945,444,1100765
2026-05-19 20:12:01,esterno,3672,11312,10036,-2152,-405,-171,443332
2026-05-19 20:12:01,lombar,10388,12,-12400,5,-1354,109,1100787
2026-05-19 20:12:01,esterno,3696,11124,10972,-1045,-468,-98,443354
2026-05-19 20:12:01,lombar,10388,72,-12696,-180,-1105,43,1100809
2026-05-19 20:12:01,esterno,3964,11304,11020,-628,-622,232,443376
2026-05-19 20:12:01,lombar,10432,68,-12712,-658,-1574,357,1100831
2026-05-19 20:12:01,esterno,4352,10832,10216,169,-744,352,443398
2026-05-19 20:12:01,lombar,9892,168,-13348,-542,-1400,430,1100853
2026-05-19 20:12:01,esterno,5020,10116,10136,812,-264,78,443420
2026-05-19 20:12:01,lombar,9624,-164,-12608,-573,-791,151,1100875
2026-05-19 20:12:01,esterno,5392,10084,9952,970,334,-281,443442
2026-05-19 20:12:01,lombar,9680,-272,-12200,-787,-848,53,1100897
2026-05-19 20:12:01,esterno,5624,11100,10164,718,951,-617,443464
2026-05-19 20:12:01,lombar,9816,380,-12844,-739,-776,99,1100919
2026-05-19 20:12:01,esterno,5484,11020,9968,875,1169,-867,443486
2026-05-19 20:12:01,lombar,9948,316,-12632,-662,-835,378,1100941
2026-05-19 20:12:01,esterno,4788,11100,10440,714,690,-1130,443508
2026-05-19 20:12:01,lombar,9496,324,-13064,-818,-856,421,1100963
2026-05-19 20:12:02,esterno,4692,10920,10260,-193,415,-1196,443530
2026-05-19 20:12:02,lombar,9148,40,-13328,-21,-993,85,1100985
2026-05-19 20:12:02,esterno,5052,10788,9864,-195,1083,-1724,443552
2026-05-19 20:12:02,lombar,9328,-8,-13088,955,-629,-521,1101007
2026-05-19 20:12:02,esterno,5688,11672,9796,-523,1188,-1825,443574
2026-05-19 20:12:02,lombar,9528,680,-13204,551,-999,-555,1101029
2026-05-19 20:12:02,esterno,5352,12496,10232,-739,996,-1236,443596
2026-05-19 20:12:02,lombar,9752,1316,-13476,320,-1216,-167,1101051
2026-05-19 20:12:02,esterno,4468,12100,10316,-1019,959,-885,443618
2026-05-19 20:12:02,lombar,9912,1160,-13548,604,-1160,59,1101073
2026-05-19 20:12:02,esterno,3852,11468,10504,-991,411,-727,443640
2026-05-19 20:12:02,lombar,9708,548,-13212,934,-1136,169,1101095
2026-05-19 20:12:02,esterno,3792,11476,11020,-1173,-78,-447,443662
2026-05-19 20:12:02,esterno,3676,11648,10384,-1313,-1508,-33,443684
2026-05-19 20:12:02,lombar,9612,308,-13516,916,-1162,219,1101117
2026-05-19 20:12:02,lombar,9580,936,-13208,759,-1023,493,1101139
2026-05-19 20:12:02,esterno,3812,11664,10152,-1826,-2306,-70,443706
2026-05-19 20:12:02,lombar,9628,1752,-13204,199,-715,800,1101161
2026-05-19 20:12:02,esterno,4404,11676,10520,-1179,-1400,-473,443728
2026-05-19 20:12:02,lombar,9604,1648,-14064,-1082,176,1001,1101183
2026-05-19 20:12:02,esterno,5568,11792,10488,-494,-337,-204,443750
2026-05-19 20:12:02,lombar,9448,1384,-12652,-2329,-184,1451,1101205
2026-05-19 20:12:02,esterno,5580,11212,10664,-1143,158,-2,443772
2026-05-19 20:12:02,lombar,9528,696,-13676,-1809,-1043,1724,1101227
2026-05-19 20:12:02,esterno,4232,11288,10800,-1903,-153,-568,443794
2026-05-19 20:12:02,lombar,9420,-368,-13076,-499,-727,1438,1101249
2026-05-19 20:12:02,esterno,2888,10956,10628,-1490,-913,-953,443816
2026-05-19 20:12:02,lombar,9568,-1040,-12748,246,-899,773,1101271
2026-05-19 20:12:02,esterno,3328,11060,10172,-656,-217,-500,443838
2026-05-19 20:12:02,lombar,9428,188,-13448,774,-305,246,1101293
2026-05-19 20:12:02,esterno,4780,11064,9996,-899,1033,762,443860
2026-05-19 20:12:02,lombar,9912,872,-12952,1141,33,233,1101315
2026-05-19 20:12:02,esterno,5488,10748,10628,-1551,1867,1384,443882
2026-05-19 20:12:02,lombar,9852,664,-10516,-255,-297,-274,1101337
2026-05-19 20:12:02,esterno,4488,10184,10060,-1629,2130,1091,443904
2026-05-19 20:12:02,lombar,9896,784,-12472,-1644,110,-1051,1101359
2026-05-19 20:12:02,esterno,3012,10388,9956,-390,2347,388,443926
2026-05-19 20:12:02,lombar,10744,1148,-14280,-1236,1340,-954,1101381
2026-05-19 20:12:02,esterno,3136,11232,10564,1587,3304,567,443948
2026-05-19 20:12:02,lombar,10628,1104,-13308,-881,2074,-838,1101403
2026-05-19 20:12:02,esterno,4240,11756,12152,1909,3887,760,443970
2026-05-19 20:12:02,lombar,10516,824,-13328,-2040,2126,-916,1101425
2026-05-19 20:12:02,esterno,4820,11956,11192,2913,4071,496,443992
2026-05-19 20:12:02,lombar,10324,68,-13800,-2057,2215,-1506,1101447
2026-05-19 20:12:02,esterno,4876,12568,11876,4058,4366,383,444014
2026-05-19 20:12:02,lombar,9928,-312,-14112,-1862,2384,-2010,1101469
2026-05-19 20:12:02,esterno,3736,11556,11876,4106,4533,365,444036
2026-05-19 20:12:02,lombar,9448,-348,-13384,-1787,1911,-1861,1101491
2026-05-19 20:12:02,esterno,2692,10712,11464,2988,4118,553,444058
2026-05-19 20:12:02,lombar,9956,428,-13372,-1666,3117,-2452,1101513
2026-05-19 20:12:02,esterno,3144,10776,10576,2497,4366,1053,444080
2026-05-19 20:12:02,lombar,9956,616,-12432,-1602,3087,-2635,1101535
2026-05-19 20:12:02,esterno,3604,11256,10724,2731,3430,1417,444102
2026-05-19 20:12:02,lombar,9576,1176,-13100,-903,2627,-2193,1101557
2026-05-19 20:12:02,esterno,2676,11368,9640,2715,1246,1543,444124
2026-05-19 20:12:02,lombar,9452,1208,-12792,-428,2342,-1715,1101579
2026-05-19 20:12:02,esterno,2628,12040,9360,2672,1556,955,444146
2026-05-19 20:12:02,lombar,9664,888,-11684,-116,1351,-1213,1101601
2026-05-19 20:12:02,esterno,3480,12276,9196,2408,1755,599,444168
2026-05-19 20:12:02,lombar,9268,992,-11184,174,61,-782,1101623
2026-05-19 20:12:02,esterno,3072,12040,8448,1452,710,237,444190
2026-05-19 20:12:02,lombar,9588,1464,-11432,690,-585,-323,1101645
2026-05-19 20:12:02,esterno,2656,12084,8052,187,718,-24,444212
2026-05-19 20:12:02,lombar,9532,1608,-10860,1406,-1336,156,1101667
2026-05-19 20:12:02,esterno,3192,12488,8148,-573,793,303,444234
2026-05-19 20:12:02,lombar,10076,1728,-10500,1748,-1878,134,1101689
2026-05-19 20:12:02,esterno,3996,12316,7756,-760,631,583,444256
2026-05-19 20:12:02,lombar,10264,1768,-10424,1802,-2685,491,1101711
2026-05-19 20:12:02,esterno,4244,11960,7696,-842,135,-35,444278
2026-05-19 20:12:02,lombar,10292,2176,-11424,2064,-2434,1056,1101733
2026-05-19 20:12:02,esterno,3992,12024,8640,-1189,-1093,-708,444300
2026-05-19 20:12:02,lombar,10216,2796,-11108,1166,-2593,1292,1101755
2026-05-19 20:12:02,esterno,4048,12552,8808,-1387,-2054,-457,444322
2026-05-19 20:12:02,lombar,10048,2652,-11644,34,-2933,1350,1101777
2026-05-19 20:12:02,esterno,4220,12448,8328,-2365,-2328,14,444344
2026-05-19 20:12:02,lombar,10584,2700,-12316,-82,-3458,1477,1101799
2026-05-19 20:12:02,esterno,4664,11536,9836,-2874,-2396,-450,444366
2026-05-19 20:12:02,lombar,10560,3084,-14172,1657,-2619,1355,1101821
2026-05-19 20:12:02,esterno,5488,11696,10600,-2233,-1773,-883,444388
2026-05-19 20:12:02,lombar,10216,2252,-13672,2173,-2305,1216,1101843
2026-05-19 20:12:02,esterno,5880,12300,10316,-1861,-1108,-486,444410
2026-05-19 20:12:02,lombar,9652,1968,-13540,933,-2480,1226,1101865
2026-05-19 20:12:02,esterno,5740,12308,10204,-1531,-572,-279,444432
2026-05-19 20:12:02,lombar,9680,2108,-14072,5,-2034,1473,1101887
2026-05-19 20:12:02,esterno,4760,11984,11372,-1342,-479,-578,444454
2026-05-19 20:12:02,lombar,9668,2200,-14000,-145,-1339,1612,1101909
2026-05-19 20:12:02,esterno,3692,11980,11612,-1056,-378,-440,444476
2026-05-19 20:12:02,lombar,9172,1496,-14484,54,-372,1694,1101931
2026-05-19 20:12:02,esterno,3296,11688,11412,-924,-150,280,444498
2026-05-19 20:12:02,lombar,9240,436,-13856,62,-686,1511,1101953
2026-05-19 20:12:02,esterno,3464,11568,11304,-1068,-120,801,444520
2026-05-19 20:12:03,lombar,9216,116,-13108,-235,-871,1277,1101975
2026-05-19 20:12:03,esterno,3540,11636,12016,-1063,-218,773,444542
2026-05-19 20:12:03,lombar,9504,568,-14328,-236,165,1106,1101997
2026-05-19 20:12:03,esterno,3436,12128,12352,-1333,-455,516,444564
2026-05-19 20:12:03,lombar,9688,332,-14132,-181,1162,1066,1102019
2026-05-19 20:12:03,esterno,3356,12116,12848,-1676,-515,527,444586
2026-05-19 20:12:03,lombar,10116,396,-14584,49,895,1200,1102041
2026-05-19 20:12:03,esterno,2908,11812,11596,-1640,-977,140,444608
2026-05-19 20:12:03,lombar,10324,572,-14020,304,1170,990,1102063
2026-05-19 20:12:03,esterno,2584,12308,11324,-1978,-1324,-834,444630
2026-05-19 20:12:03,esterno,3268,12388,11112,-2143,-1063,-988,444652
2026-05-19 20:12:03,lombar,9868,776,-13796,334,1855,909,1102085
2026-05-19 20:12:03,lombar,9852,1080,-13848,308,2489,1138,1102107
2026-05-19 20:12:03,esterno,3340,10760,10684,-1926,-1027,-798,444674
2026-05-19 20:12:03,esterno,3880,10148,10488,-2579,-751,-930,444696
2026-05-19 20:12:03,lombar,9928,804,-13568,575,2712,1503,1102129
2026-05-19 20:12:03,lombar,9936,112,-13248,1197,2190,1579,1102151
2026-05-19 20:12:03,esterno,4556,11048,9904,-3039,-123,-1126,444718
2026-05-19 20:12:03,lombar,9840,-692,-12320,1334,1069,1612,1102173
2026-05-19 20:12:03,esterno,4448,11052,10140,-2540,426,-929,444740
2026-05-19 20:12:03,lombar,9124,-504,-11396,1132,-235,1589,1102195
2026-05-19 20:12:03,esterno,4016,9444,9516,-2022,531,-791,444762
2026-05-19 20:12:03,lombar,8376,-108,-11064,951,-2233,1679,1102217
2026-05-19 20:12:03,esterno,3536,8628,9200,-1938,721,-961,444784
2026-05-19 20:12:03,lombar,8764,196,-12284,1502,-3399,1402,1102239
2026-05-19 20:12:03,esterno,3260,9316,9352,-1920,534,-897,444806
2026-05-19 20:12:03,lombar,8772,264,-12844,1733,-4153,1285,1102261
2026-05-19 20:12:03,esterno,3472,10124,9764,-2038,237,-609,444828
2026-05-19 20:12:03,lombar,8996,156,-11604,1056,-5601,1483,1102283
2026-05-19 20:12:03,esterno,3840,10152,10372,-2359,-169,-574,444850
2026-05-19 20:12:03,lombar,9644,792,-11520,303,-5678,1059,1102305
2026-05-19 20:12:03,esterno,3596,9940,10396,-2540,32,-993,444872
2026-05-19 20:12:03,lombar,9836,1532,-11396,-132,-5272,801,1102327
2026-05-19 20:12:03,esterno,3692,10260,10724,-2510,415,-1243,444894
2026-05-19 20:12:03,lombar,9744,1284,-12404,-780,-4636,859,1102349
2026-05-19 20:12:03,esterno,3676,10632,11244,-2182,863,-1183,444916
2026-05-19 20:12:03,lombar,9856,160,-13208,-293,-3525,531,1102371
2026-05-19 20:12:03,esterno,3732,11420,11384,-1833,888,-991,444938
2026-05-19 20:12:03,esterno,3100,11368,11632,-1173,240,-1019,444960
2026-05-19 20:12:03,lombar,10752,96,-13304,936,-2507,16,1102393
2026-05-19 20:12:03,lombar,11000,1232,-12708,1126,-1936,-150,1102415
2026-05-19 20:12:03,esterno,2980,11232,10648,-129,282,-1150,444982
2026-05-19 20:12:03,lombar,10324,1536,-11968,427,-1537,-208,1102437
2026-05-19 20:12:03,esterno,3460,11140,11476,2,-127,-823,445004
2026-05-19 20:12:03,lombar,9012,1092,-12308,-215,-1050,-118,1102459
2026-05-19 20:12:03,esterno,3672,10532,11288,596,-219,-482,445026
2026-05-19 20:12:03,lombar,8280,1172,-12456,-530,-817,161,1102481
2026-05-19 20:12:03,esterno,3648,9608,10964,987,-304,-243,445048
2026-05-19 20:12:03,lombar,8368,816,-13028,-1071,-1088,347,1102503
2026-05-19 20:12:03,esterno,3608,9388,10956,1271,23,-353,445070
2026-05-19 20:12:03,lombar,8604,320,-13832,-1321,-905,333,1102525
2026-05-19 20:12:03,esterno,3876,10124,11636,1221,38,-140,445092
2026-05-19 20:12:03,lombar,8396,32,-14396,-701,-851,292,1102547
2026-05-19 20:12:03,esterno,3876,10832,11764,1211,197,167,445114
2026-05-19 20:12:03,lombar,8368,144,-14580,-91,-787,181,1102569
2026-05-19 20:12:03,esterno,3972,11300,11688,811,312,332,445136
2026-05-19 20:12:03,lombar,8288,112,-14692,286,-645,88,1102591
2026-05-19 20:12:03,esterno,3912,11260,11740,450,580,206,445158
2026-05-19 20:12:03,lombar,8316,312,-14724,511,-580,116,1102613
2026-05-19 20:12:03,esterno,3688,10900,11912,419,739,-137,445180
2026-05-19 20:12:03,esterno,3180,10536,11980,370,804,-331,445202
2026-05-19 20:12:03,lombar,8092,560,-14344,434,-555,137,1102635
2026-05-19 20:12:03,lombar,7980,668,-14272,145,-541,325,1102657
2026-05-19 20:12:03,esterno,2968,10132,12116,259,608,-232,445224
2026-05-19 20:12:03,lombar,8300,552,-14468,-150,-419,478,1102679
2026-05-19 20:12:03,esterno,2792,10272,12584,-18,258,-204,445246
2026-05-19 20:12:03,lombar,8284,304,-14520,-132,-435,643,1102701
2026-05-19 20:12:03,esterno,3048,10764,11652,-119,-131,-210,445268
2026-05-19 20:12:03,lombar,8208,168,-14440,161,-352,615,1102723
2026-05-19 20:12:03,esterno,3296,11068,11896,-158,-251,-126,445290
2026-05-19 20:12:03,lombar,8440,400,-14380,188,-408,541,1102745
2026-05-19 20:12:03,esterno,3180,10888,11656,-162,-168,-176,445312
2026-05-19 20:12:03,lombar,8368,480,-14280,66,-278,501,1102767
2026-05-19 20:12:03,esterno,3248,10832,11656,-332,-21,-146,445334
2026-05-19 20:12:03,lombar,8568,344,-13880,71,-150,471,1102789
2026-05-19 20:12:03,esterno,3396,10856,11640,-375,1,-152,445356
2026-05-19 20:12:03,lombar,8568,376,-13768,-29,-184,540,1102811
2026-05-19 20:12:03,esterno,3356,10744,11372,-263,-79,-215,445378
2026-05-19 20:12:03,lombar,8620,492,-13420,-99,-123,569,1102833
2026-05-19 20:12:03,esterno,3344,10556,11140,-115,-337,-146,445400
2026-05-19 20:12:03,lombar,8664,356,-13332,-146,-118,506,1102855
2026-05-19 20:12:03,esterno,3252,10640,10728,-22,-404,-80,445422
2026-05-19 20:12:03,lombar,8512,404,-13268,-153,-182,504,1102877
2026-05-19 20:12:03,esterno,3348,10612,10768,77,-283,-57,445444
2026-05-19 20:12:03,lombar,8488,408,-13576,-141,-194,453,1102899
2026-05-19 20:12:03,esterno,3508,10684,10604,165,-151,-133,445466
2026-05-19 20:12:03,lombar,8508,364,-13580,-119,-362,417,1102921
2026-05-19 20:12:03,esterno,3676,10692,10604,82,-33,-174,445488
2026-05-19 20:12:03,lombar,8492,332,-13580,-133,-596,409,1102943
2026-05-19 20:12:03,esterno,3652,10724,11032,-52,-32,-179,445510
2026-05-19 20:12:03,lombar,8408,216,-13840,-19,-700,378,1102965
2026-05-19 20:12:04,esterno,3456,10988,10932,-107,8,-148,445532
2026-05-19 20:12:04,lombar,8356,468,-14108,51,-737,246,1102987
2026-05-19 20:12:04,esterno,3404,10828,11348,218,252,-408,445554
2026-05-19 20:12:04,lombar,8432,280,-13968,208,-705,274,1103009
2026-05-19 20:12:04,esterno,3472,10876,11308,165,177,-570,445576
2026-05-19 20:12:04,lombar,8312,592,-13760,235,-742,118,1103031
2026-05-19 20:12:04,esterno,3860,10572,11488,-390,151,-508,445598
2026-05-19 20:12:04,lombar,8320,640,-13876,176,-727,234,1103053
2026-05-19 20:12:04,esterno,3736,10396,11620,54,-89,-674,445620
2026-05-19 20:12:04,lombar,8276,564,-13784,224,-649,377,1103075
2026-05-19 20:12:04,esterno,3456,10312,10776,293,-302,-774,445642
2026-05-19 20:12:04,lombar,8284,600,-13532,78,-652,431,1103097
2026-05-19 20:12:04,esterno,3488,10392,11576,0,-171,-617,445664
2026-05-19 20:12:04,lombar,8348,656,-13748,-79,-489,426,1103119
2026-05-19 20:12:04,esterno,3688,10528,11116,-294,-680,-348,445686
2026-05-19 20:12:04,lombar,8368,520,-13560,-156,-302,360,1103141
2026-05-19 20:12:04,esterno,3052,10560,10952,3,-828,-407,445708
2026-05-19 20:12:04,lombar,8260,584,-13828,-411,-337,345,1103163
2026-05-19 20:12:04,esterno,2668,10712,10796,-43,-810,-337,445730
2026-05-19 20:12:04,lombar,8372,148,-14128,-381,-481,307,1103185
2026-05-19 20:12:04,esterno,2900,10932,11192,135,-787,-217,445752
2026-05-19 20:12:04,lombar,8392,292,-13884,-390,-127,142,1103207
2026-05-19 20:12:04,esterno,3300,11412,11244,90,-391,-49,445774
2026-05-19 20:12:04,lombar,8292,472,-13920,-147,-499,161,1103229
2026-05-19 20:12:04,esterno,3372,11580,11532,-309,-196,123,445796
2026-05-19 20:12:04,lombar,8312,516,-13872,-147,-487,226,1103251
2026-05-19 20:12:04,esterno,2956,11232,11032,-148,-390,126,445818
2026-05-19 20:12:04,lombar,8108,412,-13780,-204,-584,160,1103273
2026-05-19 20:12:04,esterno,3116,10800,10896,-103,-91,8,445840
2026-05-19 20:12:04,lombar,8200,604,-13952,-132,-493,132,1103295
2026-05-19 20:12:04,esterno,3864,10896,10924,-283,347,31,445862
2026-05-19 20:12:04,lombar,8256,576,-13840,-2,-506,169,1103317
2026-05-19 20:12:04,esterno,3416,11028,11056,-625,287,45,445884
2026-05-19 20:12:04,lombar,8176,552,-13908,1,-611,212,1103339
2026-05-19 20:12:04,esterno,2892,10756,10924,-756,-46,-255,445906
2026-05-19 20:12:04,lombar,8228,552,-13848,99,-627,194,1103361
2026-05-19 20:12:04,esterno,3644,10836,10644,-473,385,-417,445928
2026-05-19 20:12:04,lombar,8100,664,-13828,223,-583,203,1103383
2026-05-19 20:12:04,esterno,4368,11000,11492,-860,765,-114,445950
2026-05-19 20:12:04,lombar,8296,808,-13936,277,-615,234,1103405
2026-05-19 20:12:04,esterno,4184,10996,11304,-1154,860,59,445972
2026-05-19 20:12:04,lombar,8180,568,-14128,310,-433,468,1103427
2026-05-19 20:12:04,esterno,3808,10868,11356,-1021,937,-265,445994
2026-05-19 20:12:04,lombar,8204,748,-14164,358,-321,319,1103449
2026-05-19 20:12:04,esterno,3432,10804,11648,-549,1012,-397,446016
2026-05-19 20:12:04,lombar,8256,728,-14220,319,-211,321,1103471
2026-05-19 20:12:04,esterno,3056,10548,11564,-142,1026,-204,446038
2026-05-19 20:12:04,lombar,8284,712,-13956,174,-89,373,1103493
2026-05-19 20:12:04,esterno,3188,10544,11820,-203,865,-65,446060
2026-05-19 20:12:04,lombar,8180,736,-14056,88,-49,359,1103515
2026-05-19 20:12:04,esterno,3352,10676,11744,-58,665,41,446082
2026-05-19 20:12:04,lombar,8192,596,-14128,72,20,455,1103537
2026-05-19 20:12:04,esterno,3380,10856,11608,201,734,10,446104
2026-05-19 20:12:04,lombar,8200,620,-14160,27,8,457,1103559
2026-05-19 20:12:04,esterno,3264,10632,11380,255,705,73,446126
2026-05-19 20:12:04,lombar,8224,580,-13956,64,2,450,1103581
2026-05-19 20:12:04,esterno,3272,10692,11316,76,544,60,446148
2026-05-19 20:12:04,lombar,8228,604,-13800,131,-24,489,1103603
2026-05-19 20:12:04,esterno,3164,10544,11240,83,223,-23,446170
2026-05-19 20:12:04,lombar,8172,568,-13812,125,-81,537,1103625
2026-05-19 20:12:04,esterno,2920,10608,11068,178,56,-154,446192
2026-05-19 20:12:04,lombar,8288,572,-13776,130,-146,453,1103647
2026-05-19 20:12:04,esterno,2852,10632,11092,-127,-45,-162,446214
2026-05-19 20:12:04,lombar,8316,492,-13672,118,-231,421,1103669
2026-05-19 20:12:04,esterno,2976,10716,10924,-419,-54,-54,446236
2026-05-19 20:12:04,lombar,8276,432,-13708,100,-285,413,1103691
2026-05-19 20:12:04,esterno,3104,10808,11268,-333,25,-57,446258
2026-05-19 20:12:04,lombar,8268,548,-13756,54,-311,395,1103713
2026-05-19 20:12:04,esterno,3096,10776,11540,-225,-203,-80,446280
2026-05-19 20:12:04,lombar,8232,544,-13668,64,-346,335,1103735
2026-05-19 20:12:04,esterno,3108,10752,10884,-136,-321,-126,446302
2026-05-19 20:12:04,lombar,8328,452,-13884,123,-351,301,1103757
2026-05-19 20:12:04,esterno,2968,10940,11640,-47,-19,-119,446324
2026-05-19 20:12:04,lombar,8288,560,-13792,96,-368,251,1103779
2026-05-19 20:12:04,esterno,3364,10724,11304,-35,138,95,446346
2026-05-19 20:12:04,lombar,8236,548,-14024,81,-340,263,1103801
2026-05-19 20:12:04,esterno,3284,10976,11564,-315,-65,244,446368
2026-05-19 20:12:04,lombar,8260,552,-13880,127,-303,219,1103823
2026-05-19 20:12:04,esterno,3112,10660,11108,-199,-12,103,446390
2026-05-19 20:12:04,lombar,8172,572,-14000,84,-301,222,1103845
2026-05-19 20:12:04,esterno,3360,10492,11280,-123,46,-25,446412
2026-05-19 20:12:04,lombar,8240,660,-14088,196,-179,251,1103867
2026-05-19 20:12:04,esterno,3572,10624,11064,-55,358,-104,446434
2026-05-19 20:12:04,lombar,8256,784,-13980,193,-268,376,1103889
2026-05-19 20:12:04,esterno,3200,10624,11316,-132,521,-194,446456
2026-05-19 20:12:04,lombar,8184,496,-13864,57,-255,376,1103911
2026-05-19 20:12:04,esterno,3232,10580,11448,41,396,-306,446478
2026-05-19 20:12:04,lombar,8188,508,-13860,54,-272,406,1103933
2026-05-19 20:12:04,esterno,3388,10584,11248,6,242,-343,446500
2026-05-19 20:12:04,lombar,8216,464,-13716,129,-276,337,1103955
2026-05-19 20:12:04,esterno,3232,10744,11260,-191,263,-226,446522
2026-05-19 20:12:05,lombar,8268,500,-13908,155,-314,426,1103977
2026-05-19 20:12:05,esterno,2980,10744,11228,-301,144,-72,446544
2026-05-19 20:12:05,lombar,8188,424,-13668,98,-381,341,1103999
2026-05-19 20:12:05,esterno,2876,10864,11304,-383,-247,-42,446566
2026-05-19 20:12:05,lombar,8284,448,-13800,81,-439,347,1104021
2026-05-19 20:12:05,esterno,2932,10708,11088,-305,-325,-50,446588
2026-05-19 20:12:05,lombar,8240,520,-13852,25,-429,228,1104043
2026-05-19 20:12:05,esterno,3064,10856,11324,-440,-71,93,446610
2026-05-19 20:12:05,lombar,8308,568,-13880,24,-536,267,1104065
2026-05-19 20:12:05,esterno,2932,10756,11208,-613,-180,280,446632
2026-05-19 20:12:05,lombar,8164,416,-13764,-48,-558,215,1104087
2026-05-19 20:12:05,esterno,2724,10540,11424,-398,-504,273,446654
2026-05-19 20:12:05,lombar,8240,488,-13964,-97,-587,84,1104109
2026-05-19 20:12:05,esterno,2832,10388,11080,-259,-620,166,446676
2026-05-19 20:12:05,lombar,8132,692,-13792,-5,-626,83,1104131
2026-05-19 20:12:05,esterno,3048,10592,11400,-168,-336,56,446698
2026-05-19 20:12:05,lombar,8176,692,-14004,-101,-629,103,1104153
2026-05-19 20:12:05,esterno,3712,10928,11432,-101,-322,149,446720
2026-05-19 20:12:05,lombar,8172,724,-14120,-116,-524,136,1104175
2026-05-19 20:12:05,esterno,4212,11052,11504,-145,-238,293,446742
2026-05-19 20:12:05,lombar,8400,760,-14084,-54,-334,321,1104197
2026-05-19 20:12:05,esterno,4324,10976,11428,-414,-139,244,446764
2026-05-19 20:12:05,lombar,8184,736,-14084,91,-449,290,1104219
2026-05-19 20:12:05,esterno,4140,10692,11092,-380,63,76,446786
2026-05-19 20:12:05,lombar,8216,688,-14036,192,-293,404,1104241
2026-05-19 20:12:05,esterno,3828,10672,11388,-229,396,40,446808
2026-05-19 20:12:05,lombar,8192,636,-13972,148,-166,345,1104263
2026-05-19 20:12:05,esterno,3676,10744,11552,-152,584,17,446830
2026-05-19 20:12:05,lombar,8232,672,-13904,220,-99,372,1104285
2026-05-19 20:12:05,esterno,3476,10616,11580,-23,589,-118,446852
2026-05-19 20:12:05,lombar,8212,780,-13860,149,-57,390,1104307
2026-05-19 20:12:05,esterno,3064,10656,11316,-5,545,-240,446874
2026-05-19 20:12:05,lombar,8196,728,-13880,67,-59,370,1104329
2026-05-19 20:12:05,esterno,2916,10556,11384,32,533,-179,446896
2026-05-19 20:12:05,lombar,8260,596,-13852,68,-87,472,1104351
2026-05-19 20:12:05,esterno,2992,10600,11424,26,455,-185,446918
2026-05-19 20:12:05,lombar,8196,616,-13860,76,-73,466,1104373
2026-05-19 20:12:05,esterno,3388,10752,11888,-55,17,-95,446940
2026-05-19 20:12:05,lombar,8168,440,-13836,18,-138,429,1104395
2026-05-19 20:12:05,esterno,3008,10468,10688,250,156,-191,446962
2026-05-19 20:12:05,lombar,8136,524,-13804,88,-188,405,1104417
2026-05-19 20:12:05,esterno,3012,10480,11480,66,-180,-136,446984
2026-05-19 20:12:05,lombar,8156,600,-13724,81,-303,405,1104439
2026-05-19 20:12:05,esterno,3424,10648,11260,-210,-26,-129,447006
2026-05-19 20:12:05,lombar,8132,520,-13832,165,-271,360,1104461
2026-05-19 20:12:05,esterno,3332,10744,10984,-361,-228,50,447028
2026-05-19 20:12:05,lombar,8216,608,-13828,131,-288,323,1104483
2026-05-19 20:12:05,esterno,3100,10716,10968,-194,-137,-14,447050
2026-05-19 20:12:05,lombar,8344,588,-13956,79,-331,315,1104505
2026-05-19 20:12:05,esterno,3284,10612,11100,-189,11,-42,447072
2026-05-19 20:12:05,lombar,8220,672,-14104,184,-224,292,1104527
2026-05-19 20:12:05,esterno,3328,10824,11164,-264,321,-101,447094
2026-05-19 20:12:05,lombar,8300,680,-13732,118,-319,368,1104549
2026-05-19 20:12:05,esterno,3264,10748,11308,-278,453,-164,447116
2026-05-19 20:12:05,lombar,8184,576,-13868,13,-306,364,1104571
2026-05-19 20:12:05,esterno,3480,10648,11380,96,306,-157,447138
2026-05-19 20:12:05,lombar,8272,612,-13876,70,-313,303,1104593
2026-05-19 20:12:05,esterno,3284,10660,11444,82,253,-97,447160
2026-05-19 20:12:05,lombar,8164,640,-13804,146,-283,291,1104615
2026-05-19 20:12:05,esterno,3288,10700,11324,-155,360,-28,447182
2026-05-19 20:12:05,lombar,8100,612,-13848,101,-232,334,1104637
2026-05-19 20:12:05,esterno,3404,10824,11408,-110,325,-75,447204
2026-05-19 20:12:05,lombar,8184,472,-14040,85,-248,364,1104659
2026-05-19 20:12:05,esterno,3284,10684,11476,-82,171,-122,447226
2026-05-19 20:12:05,lombar,8180,544,-13980,129,-222,373,1104681
2026-05-19 20:12:05,esterno,3360,10768,10928,-81,222,-120,447248
2026-05-19 20:12:05,lombar,8216,652,-13916,140,-266,364,1104703
2026-05-19 20:12:05,esterno,3264,10812,11408,-213,257,-177,447270
2026-05-19 20:12:05,lombar,8164,544,-13956,162,-281,374,1104725
2026-05-19 20:12:05,esterno,3324,10700,11256,-113,350,-200,447292
2026-05-19 20:12:05,lombar,8196,596,-13900,107,-275,354,1104747
2026-05-19 20:12:05,esterno,3340,10688,11336,-360,188,-119,447314
2026-05-19 20:12:05,lombar,8112,660,-13864,140,-269,429,1104769
2026-05-19 20:12:05,esterno,3316,10796,11392,-319,282,-156,447336
2026-05-19 20:12:05,lombar,8188,696,-13988,97,-263,403,1104791
2026-05-19 20:12:05,esterno,3168,10792,11256,-181,194,-193,447358
2026-05-19 20:12:05,lombar,8240,572,-13784,52,-281,358,1104813
2026-05-19 20:12:05,esterno,3088,10700,11260,-125,-29,-108,447380
2026-05-19 20:12:05,lombar,8164,540,-13876,110,-279,367,1104835
2026-05-19 20:12:05,esterno,3244,10716,11364,-180,-49,-79,447402
2026-05-19 20:12:05,lombar,8136,784,-13860,94,-273,306,1104857
2026-05-19 20:12:05,esterno,3364,10864,11240,-227,-9,16,447424
2026-05-19 20:12:05,lombar,8248,652,-14048,83,-235,378,1104879
2026-05-19 20:12:05,esterno,3256,10612,11320,-116,32,21,447446
2026-05-19 20:12:05,lombar,8212,368,-13884,151,-315,408,1104901
2026-05-19 20:12:05,esterno,3384,10620,11348,-207,32,10,447468
2026-05-19 20:12:05,lombar,8304,648,-13780,83,-307,344,1104923
2026-05-19 20:12:05,esterno,3320,10736,11264,-354,85,-16,447490
2026-05-19 20:12:05,lombar,8092,388,-13920,184,-242,407,1104945
2026-05-19 20:12:05,esterno,3076,10652,11204,-268,91,11,447512
2026-05-19 20:12:06,esterno,3080,10740,11440,-179,64,46,447534
2026-05-19 20:12:06,lombar,8252,584,-13888,120,-315,411,1104967
2026-05-19 20:12:06,lombar,8196,500,-13780,67,-306,336,1104989
2026-05-19 20:12:06,esterno,3112,10640,11376,-164,81,113,447556
2026-05-19 20:12:06,lombar,8188,564,-13992,71,-275,319,1105011
2026-05-19 20:12:06,esterno,3196,10764,11504,-121,-247,91,447578
2026-05-19 20:12:06,lombar,8348,496,-13976,62,-261,300,1105033
2026-05-19 20:12:06,esterno,3184,10660,10936,258,118,-64,447600
2026-05-19 20:12:06,lombar,8248,672,-13952,113,-280,252,1105055
2026-05-19 20:12:06,esterno,3280,10524,11236,112,-117,-77,447622
2026-05-19 20:12:06,lombar,8192,508,-13880,57,-380,299,1105077
2026-05-19 20:12:06,esterno,3220,10572,11320,379,-283,-80,447644
2026-05-19 20:12:06,lombar,8280,508,-13904,149,-372,260,1105099
2026-05-19 20:12:06,esterno,3100,10304,11100,951,-602,-256,447666
2026-05-19 20:12:06,lombar,8116,652,-13788,198,-363,333,1105121
2026-05-19 20:12:06,esterno,3260,10656,10816,1514,-487,-299,447688
2026-05-19 20:12:06,lombar,8192,672,-14016,40,-370,286,1105143
2026-05-19 20:12:06,esterno,3816,11140,10732,714,-5,249,447710
2026-05-19 20:12:06,lombar,8216,732,-13868,93,-291,303,1105165
2026-05-19 20:12:06,esterno,3812,11200,11360,-7,609,624,447732
2026-05-19 20:12:06,lombar,8272,616,-13968,57,-372,403,1105187
2026-05-19 20:12:06,esterno,3532,11136,11496,-146,522,395,447754
2026-05-19 20:12:06,lombar,8136,556,-14144,-14,-264,422,1105209
2026-05-19 20:12:06,esterno,3512,11328,11364,-135,426,4,447776
2026-05-19 20:12:06,lombar,8104,504,-14080,208,-417,418,1105231
2026-05-19 20:12:06,esterno,3740,11120,11104,-605,530,-102,447798
2026-05-19 20:12:06,lombar,8120,436,-13820,313,-391,385,1105253
2026-05-19 20:12:06,esterno,3572,10428,11040,-430,724,55,447820
2026-05-19 20:12:06,lombar,8260,456,-13660,265,-223,434,1105275
2026-05-19 20:12:06,esterno,3232,10256,11036,-124,615,100,447842
2026-05-19 20:12:06,lombar,8216,428,-13744,156,-246,313,1105297
2026-05-19 20:12:06,esterno,2628,10712,11052,43,386,115,447864
2026-05-19 20:12:06,lombar,8208,556,-13792,155,-291,307,1105319
2026-05-19 20:12:06,esterno,2360,11372,11116,-510,464,-38,447886
2026-05-19 20:12:06,lombar,8320,668,-13988,63,-291,299,1105341
2026-05-19 20:12:06,esterno,2664,11256,11096,-1048,291,-112,447908
2026-05-19 20:12:06,lombar,8284,540,-13892,20,-337,323,1105363
2026-05-19 20:12:06,esterno,3084,10532,11084,-225,-57,93,447930
2026-05-19 20:12:06,lombar,8224,584,-13932,26,-437,381,1105385
2026-05-19 20:12:06,esterno,3552,10280,11312,786,-139,340,447952
2026-05-19 20:12:06,lombar,8216,680,-14008,62,-405,344,1105407
2026-05-19 20:12:06,esterno,3372,10580,11420,999,83,61,447974
2026-05-19 20:12:06,lombar,7988,380,-14132,33,-329,387,1105429
2026-05-19 20:12:06,esterno,3324,11472,11656,402,151,-328,447996
2026-05-19 20:12:06,lombar,8032,404,-14052,145,-415,375,1105451
2026-05-19 20:12:06,esterno,3688,11540,11416,-100,103,-296,448018
2026-05-19 20:12:06,lombar,8160,476,-14008,164,-284,301,1105473
2026-05-19 20:12:06,esterno,3716,10912,11524,-301,102,-139,448040
2026-05-19 20:12:06,lombar,8008,680,-13956,146,-186,322,1105495
2026-05-19 20:12:06,esterno,3316,10644,11528,-559,207,-154,448062
2026-05-19 20:12:06,lombar,8060,680,-14088,109,-169,345,1105517
2026-05-19 20:12:06,esterno,3024,10628,11276,-555,388,-3,448084
2026-05-19 20:12:06,lombar,8128,624,-13952,126,-145,382,1105539
2026-05-19 20:12:06,esterno,3036,10720,11052,-433,526,23,448106
2026-05-19 20:12:06,lombar,8244,564,-13904,138,-159,352,1105561
2026-05-19 20:12:06,esterno,3428,10708,10716,-106,680,219,448128
2026-05-19 20:12:06,lombar,8272,624,-13748,103,-203,392,1105583
2026-05-19 20:12:06,esterno,3452,10540,11128,489,856,343,448150
2026-05-19 20:12:06,lombar,8356,648,-13736,103,-160,399,1105605
2026-05-19 20:12:06,esterno,3276,11056,11072,547,1070,136,448172
2026-05-19 20:12:06,lombar,8320,444,-13800,78,-184,473,1105627
2026-05-19 20:12:06,esterno,2996,11300,11252,163,797,43,448194
2026-05-19 20:12:06,lombar,8196,452,-13836,105,-245,330,1105649
2026-05-19 20:12:06,esterno,3180,11248,11364,-117,287,64,448216
2026-05-19 20:12:06,lombar,8240,532,-13800,76,-230,335,1105671
2026-05-19 20:12:06,esterno,3368,11040,10632,117,576,4,448238
2026-05-19 20:12:06,lombar,8220,572,-13944,171,-243,307,1105693
2026-05-19 20:12:06,esterno,3372,11096,11116,-104,455,109,448260
2026-05-19 20:12:06,lombar,8160,524,-13972,161,-296,428,1105715
2026-05-19 20:12:06,esterno,3288,10944,11628,-61,621,113,448282
2026-05-19 20:12:06,lombar,8100,448,-13956,174,-253,386,1105737
2026-05-19 20:12:06,esterno,3172,10684,11200,-91,190,90,448304
2026-05-19 20:12:06,lombar,8064,532,-13888,168,-231,418,1105759
2026-05-19 20:12:06,esterno,2720,10532,11164,-80,124,-11,448326
2026-05-19 20:12:06,lombar,8204,500,-14048,59,-221,394,1105781
2026-05-19 20:12:06,esterno,3168,10888,11052,-154,135,33,448348
2026-05-19 20:12:06,lombar,8148,604,-14076,182,-170,427,1105803
2026-05-19 20:12:06,esterno,3124,11124,11112,-365,474,-5,448370
2026-05-19 20:12:06,lombar,8268,600,-13944,78,-291,467,1105825
2026-05-19 20:12:06,esterno,2952,10980,11384,-340,439,-19,448392
2026-05-19 20:12:06,lombar,8216,508,-13808,-31,-216,440,1105847
2026-05-19 20:12:06,esterno,2952,10700,11244,94,220,-16,448414
2026-05-19 20:12:06,lombar,8212,416,-13776,34,-205,391,1105869
2026-05-19 20:12:06,esterno,3084,10704,11164,278,222,1,448436
2026-05-19 20:12:06,lombar,8216,460,-13932,79,-208,370,1105891
2026-05-19 20:12:06,esterno,3092,11044,11028,181,286,35,448458
2026-05-19 20:12:06,lombar,8244,404,-13864,66,-211,393,1105913
2026-05-19 20:12:06,esterno,3116,11004,11148,178,265,102,448480
2026-05-19 20:12:06,lombar,8292,396,-13788,78,-221,303,1105935
2026-05-19 20:12:06,esterno,3140,11004,11196,141,154,85,448502
2026-05-19 20:12:06,lombar,8192,540,-13804,92,-263,322,1105957
2026-05-19 20:12:06,esterno,3292,10952,11220,-73,202,103,448524
2026-05-19 20:12:07,lombar,8216,592,-13776,130,-330,313,1105979
2026-05-19 20:12:07,esterno,3160,10896,10864,-103,320,113,448546
2026-05-19 20:12:07,lombar,8200,568,-13964,116,-277,296,1106001
2026-05-19 20:12:07,esterno,3148,10836,10824,-33,311,171,448568
2026-05-19 20:12:07,lombar,8272,532,-13876,153,-273,292,1106023
2026-05-19 20:12:07,esterno,3324,11028,11216,-159,510,84,448590
2026-05-19 20:12:07,lombar,8340,528,-13920,149,-351,314,1106045
2026-05-19 20:12:07,esterno,3100,11072,11040,-170,524,-4,448612
2026-05-19 20:12:07,lombar,8236,552,-13776,70,-316,370,1106067
2026-05-19 20:12:07,esterno,3156,11076,11256,-180,377,-30,448634
2026-05-19 20:12:07,lombar,8280,512,-13760,89,-276,333,1106089
2026-05-19 20:12:07,esterno,3172,10924,11160,-147,246,34,448656
2026-05-19 20:12:07,lombar,8224,500,-13896,140,-293,312,1106111
2026-05-19 20:12:07,esterno,3260,10748,11176,-120,303,-20,448678
2026-05-19 20:12:07,lombar,8212,536,-13912,114,-248,342,1106133
2026-05-19 20:12:07,esterno,3204,10928,11112,-105,347,-178,448700
2026-05-19 20:12:07,lombar,8240,452,-13944,168,-241,358,1106155
2026-05-19 20:12:07,esterno,3128,10892,10992,-94,476,-317,448722
2026-05-19 20:12:07,lombar,8268,640,-13896,197,-226,363,1106177
2026-05-19 20:12:07,esterno,2960,10984,11216,-126,499,-345,448744
2026-05-19 20:12:07,lombar,8268,544,-13888,177,-216,364,1106199
2026-05-19 20:12:07,esterno,2992,10852,11084,-171,485,-357,448766
2026-05-19 20:12:07,lombar,8320,516,-13916,175,-259,391,1106221
2026-05-19 20:12:07,esterno,2932,10996,11240,-155,437,-320,448788
2026-05-19 20:12:07,lombar,8192,608,-13884,162,-283,386,1106243
2026-05-19 20:12:07,esterno,2976,10928,11148,-68,298,-290,448810
2026-05-19 20:12:07,lombar,8164,536,-13744,142,-274,409,1106265
2026-05-19 20:12:07,esterno,2916,10940,11248,-69,33,-134,448832
2026-05-19 20:12:07,lombar,8184,468,-13832,119,-301,383,1106287
2026-05-19 20:12:07,esterno,2724,10956,10688,185,223,-68,448854
2026-05-19 20:12:07,lombar,8252,524,-13920,97,-272,322,1106309
2026-05-19 20:12:07,esterno,2960,11148,11572,11,196,23,448876
2026-05-19 20:12:07,lombar,8276,344,-13784,95,-289,301,1106331
2026-05-19 20:12:07,esterno,3036,11088,11256,-75,-132,108,448898
2026-05-19 20:12:07,lombar,8132,380,-13944,81,-340,271,1106353
2026-05-19 20:12:07,esterno,2780,11116,10816,3,19,98,448920
2026-05-19 20:12:07,lombar,8284,408,-13992,27,-290,317,1106375
2026-05-19 20:12:07,esterno,2992,10956,11008,-85,148,161,448942
2026-05-19 20:12:07,lombar,8256,384,-14096,67,-302,270,1106397
2026-05-19 20:12:07,esterno,3116,11028,11168,-64,277,124,448964
2026-05-19 20:12:07,lombar,8160,520,-14008,206,-306,300,1106419
2026-05-19 20:12:07,esterno,2904,11008,10980,-95,461,102,448986
2026-05-19 20:12:07,lombar,8244,532,-13844,248,-365,403,1106441
2026-05-19 20:12:07,esterno,2788,10964,10960,-281,434,18,449008
2026-05-19 20:12:07,lombar,8196,440,-14096,367,-396,363,1106463
2026-05-19 20:12:07,esterno,3068,10908,11200,-203,364,-8,449030
2026-05-19 20:12:07,lombar,8108,388,-14112,393,-536,432,1106485
2026-05-19 20:12:07,esterno,3036,11024,10964,-379,257,-9,449052
2026-05-19 20:12:07,lombar,8164,304,-13972,381,-463,393,1106507
2026-05-19 20:12:07,esterno,2932,10948,11088,-500,118,-1,449074
2026-05-19 20:12:07,lombar,8120,360,-13880,259,-472,355,1106529
2026-05-19 20:12:07,esterno,3032,10888,11016,-440,108,-87,449096
2026-05-19 20:12:07,lombar,8232,436,-13920,136,-466,358,1106551
2026-05-19 20:12:07,esterno,2976,10872,10924,-386,88,-109,449118
2026-05-19 20:12:07,lombar,8280,512,-13852,106,-427,302,1106573
2026-05-19 20:12:07,esterno,3012,10892,11128,-563,42,-50,449140
2026-05-19 20:12:07,lombar,8316,436,-14020,38,-358,314,1106595
2026-05-19 20:12:07,esterno,2844,10868,11100,-266,98,-27,449162
2026-05-19 20:12:07,lombar,8320,548,-13784,-26,-213,319,1106617
2026-05-19 20:12:07,esterno,3112,10876,11020,-254,148,-28,449184
2026-05-19 20:12:07,lombar,8256,520,-13976,-44,-209,254,1106639
2026-05-19 20:12:07,esterno,2968,10956,10956,-199,257,-55,449206
2026-05-19 20:12:07,lombar,8196,408,-13780,-138,-195,320,1106661
2026-05-19 20:12:07,esterno,2840,10936,11168,-101,337,-49,449228
2026-05-19 20:12:07,lombar,8160,376,-13788,-183,-105,283,1106683
2026-05-19 20:12:07,esterno,2900,10940,11376,-159,208,-51,449250
2026-05-19 20:12:07,lombar,8048,420,-13972,-118,-107,310,1106705
2026-05-19 20:12:07,esterno,3028,10996,11312,-97,25,2,449272
2026-05-19 20:12:07,lombar,8128,336,-13912,-91,-99,216,1106727
2026-05-19 20:12:07,esterno,2892,10936,11064,-56,-49,33,449294
2026-05-19 20:12:07,lombar,8136,420,-13888,-58,-117,246,1106749
2026-05-19 20:12:07,esterno,2892,10876,11176,-150,-66,6,449316
2026-05-19 20:12:07,lombar,8104,472,-14016,-24,-201,293,1106771
2026-05-19 20:12:07,esterno,2980,10948,11024,-226,-78,8,449338
2026-05-19 20:12:07,lombar,8164,484,-13868,5,-230,340,1106793
2026-05-19 20:12:07,esterno,2976,10996,11008,-325,0,59,449360
2026-05-19 20:12:07,lombar,8224,484,-14048,66,-231,301,1106815
2026-05-19 20:12:07,esterno,2992,10988,11096,-399,12,38,449382
2026-05-19 20:12:07,lombar,8228,444,-13912,111,-239,289,1106837
2026-05-19 20:12:07,esterno,2984,10876,11104,-425,126,-42,449404
2026-05-19 20:12:07,lombar,8324,488,-13900,134,-261,316,1106859
2026-05-19 20:12:07,esterno,3040,10936,11376,-502,-56,-53,449426
2026-05-19 20:12:07,lombar,8296,404,-13768,71,-298,300,1106881
2026-05-19 20:12:07,esterno,2940,10840,10820,-315,-157,-80,449448
2026-05-19 20:12:07,lombar,8248,568,-13880,100,-276,302,1106903
2026-05-19 20:12:07,esterno,2964,10960,11196,-133,58,-55,449470
2026-05-19 20:12:07,lombar,8108,516,-13880,65,-272,280,1106925
2026-05-19 20:12:07,esterno,3136,10968,11668,-261,-119,21,449492
2026-05-19 20:12:07,lombar,8264,420,-13816,104,-271,307,1106947
2026-05-19 20:12:07,esterno,3168,10824,10952,-300,-176,40,449514
2026-05-19 20:12:08,lombar,8168,528,-13892,87,-264,317,1106969
2026-05-19 20:12:08,esterno,2928,10832,11000,-229,-75,-48,449536
2026-05-19 20:12:08,lombar,8136,476,-14048,44,-253,346,1106991
2026-05-19 20:12:08,esterno,3160,10708,10964,-274,-49,-54,449558
2026-05-19 20:12:08,lombar,8248,616,-14132,101,-195,294,1107013
2026-05-19 20:12:08,esterno,3116,10920,11056,-160,261,-71,449580
2026-05-19 20:12:08,lombar,8308,640,-14000,74,-259,386,1107035
2026-05-19 20:12:08,esterno,2780,10864,11220,-234,281,-68,449602
2026-05-19 20:12:08,lombar,8204,480,-13996,-33,-227,450,1107057
2026-05-19 20:12:08,esterno,2928,10812,11360,-50,145,-139,449624
2026-05-19 20:12:08,lombar,8124,448,-13936,15,-238,362,1107079
2026-05-19 20:12:08,esterno,3116,10920,11304,-74,191,-125,449646
2026-05-19 20:12:08,lombar,8188,492,-13824,120,-236,315,1107101
2026-05-19 20:12:08,esterno,3024,10996,11152,-167,151,16,449668
2026-05-19 20:12:08,lombar,8256,456,-14008,107,-245,325,1107123
2026-05-19 20:12:08,esterno,2952,10968,11264,-213,152,37,449690
2026-05-19 20:12:08,lombar,8272,504,-13900,85,-305,327,1107145
2026-05-19 20:12:08,esterno,3020,10988,11060,-315,187,-10,449712
2026-05-19 20:12:08,lombar,8308,460,-13816,114,-306,373,1107167
2026-05-19 20:12:08,esterno,3052,11016,11356,-496,213,5,449734
2026-05-19 20:12:08,lombar,8172,568,-13760,128,-304,277,1107189
2026-05-19 20:12:08,esterno,2892,10796,11220,-465,320,25,449756
2026-05-19 20:12:08,lombar,8184,460,-13904,73,-271,340,1107211
2026-05-19 20:12:08,esterno,3000,10852,11240,-297,254,81,449778
2026-05-19 20:12:08,lombar,8252,564,-13804,93,-252,353,1107233
2026-05-19 20:12:08,esterno,3136,10844,11256,-365,261,49,449800
2026-05-19 20:12:08,lombar,8264,576,-13788,106,-260,324,1107255
2026-05-19 20:12:08,esterno,3028,10904,11372,-254,309,6,449822
2026-05-19 20:12:08,lombar,8188,484,-13860,46,-262,350,1107277
2026-05-19 20:12:08,esterno,2884,10848,11380,-238,149,-50,449844
2026-05-19 20:12:08,lombar,8288,396,-13832,55,-283,351,1107299
2026-05-19 20:12:08,esterno,3064,10704,11320,-266,6,41,449866
2026-05-19 20:12:08,lombar,8144,480,-13912,128,-256,337,1107321
2026-05-19 20:12:08,esterno,3064,10904,11288,-175,7,51,449888
2026-05-19 20:12:08,lombar,8180,520,-13828,95,-250,372,1107343
2026-05-19 20:12:08,esterno,3112,10816,11192,-194,-61,-10,449910
2026-05-19 20:12:08,lombar,8192,448,-13896,84,-246,376,1107365
2026-05-19 20:12:08,esterno,3060,10744,11212,-154,15,-17,449932
2026-05-19 20:12:08,lombar,8220,500,-13960,141,-282,366,1107387
2026-05-19 20:12:08,esterno,3008,10804,11336,-89,56,56,449954
2026-05-19 20:12:08,lombar,8204,536,-13820,124,-246,339,1107409
2026-05-19 20:12:08,esterno,2956,10836,11116,-168,73,83,449976
2026-05-19 20:12:08,lombar,8264,516,-13912,95,-282,319,1107431
2026-05-19 20:12:08,esterno,3072,10868,11368,-288,101,38,449998
2026-05-19 20:12:08,lombar,8264,444,-14056,93,-292,320,1107453
2026-05-19 20:12:08,esterno,2968,10828,11260,-237,81,-17,450020
2026-05-19 20:12:08,lombar,8216,552,-13860,83,-284,294,1107475
2026-05-19 20:12:08,esterno,2916,10756,11436,-231,-298,-16,450042
2026-05-19 20:12:08,lombar,8244,336,-13884,68,-279,280,1107497
2026-05-19 20:12:08,esterno,2884,10696,10780,127,37,-82,450064
2026-05-19 20:12:08,lombar,8140,544,-14044,142,-242,287,1107519
2026-05-19 20:12:08,esterno,2976,10772,11376,-112,-32,19,450086
2026-05-19 20:12:08,lombar,8312,544,-13852,55,-327,304,1107541
2026-05-19 20:12:08,esterno,3284,10908,11672,-157,64,29,450108
2026-05-19 20:12:08,lombar,8136,540,-13964,114,-237,303,1107563
2026-05-19 20:12:08,esterno,3148,10720,11100,-141,-57,43,450130
2026-05-19 20:12:08,lombar,8144,540,-13960,104,-250,253,1107585
2026-05-19 20:12:08,esterno,2940,10752,10988,-123,49,42,450152
2026-05-19 20:12:08,lombar,8276,496,-13836,71,-246,335,1107607
2026-05-19 20:12:08,esterno,3340,10800,11060,-113,191,-21,450174
2026-05-19 20:12:08,lombar,8280,600,-13748,145,-223,311,1107629
2026-05-19 20:12:08,esterno,3092,11008,11204,-190,420,-63,450196
2026-05-19 20:12:08,lombar,8172,476,-13900,39,-300,466,1107651
2026-05-19 20:12:08,esterno,2888,10692,11292,-168,355,-128,450218
2026-05-19 20:12:08,lombar,8264,460,-13832,17,-282,335,1107673
2026-05-19 20:12:08,esterno,3112,10716,11360,26,256,-185,450240
2026-05-19 20:12:08,lombar,8144,376,-13928,91,-249,404,1107695
2026-05-19 20:12:08,esterno,3060,11020,11116,-109,202,-39,450262
2026-05-19 20:12:08,lombar,8168,444,-13924,120,-255,367,1107717
2026-05-19 20:12:08,esterno,2996,10824,11324,-147,221,56,450284
2026-05-19 20:12:08,lombar,8192,492,-13824,79,-263,317,1107739
2026-05-19 20:12:08,esterno,2908,10880,11328,-207,189,17,450306
2026-05-19 20:12:08,lombar,8220,448,-13848,117,-290,324,1107761
2026-05-19 20:12:08,esterno,3040,10892,11244,-251,173,17,450328
2026-05-19 20:12:08,lombar,8236,416,-14032,131,-255,325,1107783
2026-05-19 20:12:08,esterno,3104,10796,11340,-429,233,4,450350
2026-05-19 20:12:08,lombar,8220,592,-13816,157,-306,309,1107805
2026-05-19 20:12:08,esterno,2992,10732,11072,-188,360,37,450372
2026-05-19 20:12:08,lombar,8164,352,-13924,79,-283,359,1107827
2026-05-19 20:12:08,esterno,2912,10740,11380,-228,238,63,450394
2026-05-19 20:12:08,lombar,8228,480,-13956,131,-277,268,1107849
2026-05-19 20:12:08,esterno,3124,10924,11432,-235,358,-54,450416
2026-05-19 20:12:08,lombar,8176,404,-14124,119,-287,330,1107871
2026-05-19 20:12:08,esterno,2984,10816,11356,-148,324,-67,450438
2026-05-19 20:12:08,lombar,8172,552,-13764,62,-279,360,1107893
2026-05-19 20:12:08,esterno,2992,10612,11416,-146,144,-5,450460
2026-05-19 20:12:08,lombar,8184,448,-13848,80,-277,373,1107915
2026-05-19 20:12:08,esterno,3108,10804,11432,-95,41,78,450482
2026-05-19 20:12:08,lombar,8272,464,-13948,129,-261,287,1107937
2026-05-19 20:12:08,esterno,2980,10868,11168,-102,22,17,450504
2026-05-19 20:12:08,lombar,8036,480,-13928,65,-263,322,1107959
2026-05-19 20:12:09,esterno,3088,10844,11372,-192,11,18,450526
2026-05-19 20:12:09,lombar,8248,440,-13988,60,-278,382,1107981
2026-05-19 20:12:09,esterno,3200,10896,11148,-215,61,-3,450548
2026-05-19 20:12:09,lombar,8276,616,-14016,118,-291,348,1108003
2026-05-19 20:12:09,esterno,3056,10800,11148,-219,62,23,450570
2026-05-19 20:12:09,lombar,8252,540,-13748,116,-274,285,1108025
2026-05-19 20:12:09,esterno,3048,10756,11328,-205,82,39,450592
2026-05-19 20:12:09,lombar,8272,420,-13724,91,-290,370,1108047
2026-05-19 20:12:09,esterno,3008,10812,11096,-234,98,-2,450614
2026-05-19 20:12:09,lombar,8248,508,-13872,94,-258,278,1108069
2026-05-19 20:12:09,esterno,3028,10808,11372,-203,26,-61,450636
2026-05-19 20:12:09,lombar,8204,492,-13836,87,-277,353,1108091
2026-05-19 20:12:09,esterno,3064,10844,11400,-210,-368,34,450658
2026-05-19 20:12:09,lombar,8228,320,-13984,73,-282,327,1108113
2026-05-19 20:12:09,esterno,2820,10896,10852,94,58,-35,450680
2026-05-19 20:12:09,lombar,8124,468,-13820,120,-306,303,1108135
2026-05-19 20:12:09,esterno,3088,11064,11292,-402,-241,143,450702
2026-05-19 20:12:09,lombar,8216,480,-13912,11,-378,323,1108157
2026-05-19 20:12:09,esterno,3188,11292,11776,-1017,-707,367,450724
2026-05-19 20:12:09,lombar,8208,280,-13836,226,-138,194,1108179
2026-05-19 20:12:09,esterno,3152,10900,11276,-1713,-1414,872,450746
2026-05-19 20:12:09,lombar,8220,488,-13848,293,-112,127,1108201
2026-05-19 20:12:09,esterno,3076,10380,10872,-1784,-1117,814,450768
2026-05-19 20:12:09,lombar,8272,700,-14336,370,22,254,1108223
2026-05-19 20:12:09,esterno,3484,10268,11028,-1276,-385,432,450790
2026-05-19 20:12:09,lombar,8304,840,-14116,378,92,353,1108245
2026-05-19 20:12:09,esterno,3120,10592,11176,-1146,168,107,450812
2026-05-19 20:12:09,lombar,8284,700,-13860,115,-4,541,1108267
2026-05-19 20:12:09,esterno,2968,10536,11868,-1345,-5,74,450834
2026-05-19 20:12:09,lombar,8140,420,-13764,33,-128,539,1108289
2026-05-19 20:12:09,esterno,3120,10176,11928,-434,-180,-170,450856
2026-05-19 20:12:09,lombar,8140,388,-13716,141,-59,427,1108311
2026-05-19 20:12:09,esterno,3280,10372,11512,-87,-348,-373,450878
2026-05-19 20:12:09,lombar,8244,372,-13868,150,-50,508,1108333
2026-05-19 20:12:09,esterno,3420,10572,11312,-340,-367,-364,450900
2026-05-19 20:12:09,lombar,8448,352,-13896,120,-167,443,1108355
2026-05-19 20:12:09,esterno,3248,10456,10824,-376,-381,-386,450922
2026-05-19 20:12:09,lombar,8312,380,-13904,49,-261,407,1108377
2026-05-19 20:12:09,esterno,3336,10380,10828,-457,-336,-509,450944
2026-05-19 20:12:09,lombar,8388,396,-13668,65,-333,410,1108399
2026-05-19 20:12:09,esterno,3420,10472,11464,-440,-214,-524,450966
2026-05-19 20:12:09,lombar,8260,452,-13588,118,-422,389,1108421
2026-05-19 20:12:09,esterno,3288,10352,11556,271,-199,-556,450988
2026-05-19 20:12:09,lombar,8132,528,-13916,67,-379,386,1108443
2026-05-19 20:12:09,esterno,3516,10500,11828,503,-336,-417,451010
2026-05-19 20:12:09,lombar,8248,576,-13868,-21,-386,358,1108465
2026-05-19 20:12:09,esterno,3348,10620,11908,950,-342,-208,451032
2026-05-19 20:12:09,lombar,8344,516,-14036,-72,-387,359,1108487
2026-05-19 20:12:09,esterno,3140,10784,11820,1513,-470,-204,451054
2026-05-19 20:12:09,lombar,8328,356,-14080,-139,-369,400,1108509
2026-05-19 20:12:09,esterno,3224,10988,11588,1861,-369,-9,451076
2026-05-19 20:12:09,lombar,8284,324,-13788,-77,-324,233,1108531
2026-05-19 20:12:09,esterno,3488,10844,11284,1843,-183,57,451098
2026-05-19 20:12:09,lombar,8248,380,-13756,2,-240,244,1108553
2026-05-19 20:12:09,esterno,3416,10836,11392,1416,-116,32,451120
2026-05-19 20:12:09,lombar,8176,408,-13996,24,-259,252,1108575
2026-05-19 20:12:09,esterno,3300,10896,11268,1090,-68,7,451142
2026-05-19 20:12:09,lombar,8172,476,-13780,83,-302,222,1108597
2026-05-19 20:12:09,esterno,3336,10776,11036,1003,85,-2,451164
2026-05-19 20:12:09,lombar,8172,440,-13804,121,-339,215,1108619
2026-05-19 20:12:09,esterno,3364,10956,11044,754,110,67,451186
2026-05-19 20:12:09,lombar,8196,544,-13964,123,-357,273,1108641
2026-05-19 20:12:09,esterno,3504,10908,11112,551,46,12,451208
2026-05-19 20:12:09,lombar,8332,608,-13820,108,-364,259,1108663
2026-05-19 20:12:09,esterno,3488,10924,10776,518,85,-76,451230
2026-05-19 20:12:09,lombar,8416,572,-13628,50,-411,347,1108685
2026-05-19 20:12:09,esterno,3396,10976,10964,458,-42,-75,451252
2026-05-19 20:12:09,lombar,8316,436,-13796,53,-408,308,1108707
2026-05-19 20:12:09,esterno,3556,10980,11040,354,-208,-18,451274
2026-05-19 20:12:09,lombar,8300,456,-13684,39,-364,350,1108729
2026-05-19 20:12:09,esterno,3428,10876,10312,357,-24,65,451296
2026-05-19 20:12:09,lombar,8216,572,-13836,99,-388,321,1108751
2026-05-19 20:12:09,esterno,3512,11020,11140,336,89,28,451318
2026-05-19 20:12:09,lombar,8276,584,-13860,59,-390,384,1108773
2026-05-19 20:12:09,esterno,3772,11016,10712,226,172,-52,451340
2026-05-19 20:12:09,esterno,3772,11200,10860,206,-70,40,451362
2026-05-19 20:12:09,lombar,8196,328,-13816,26,-381,363,1108795
2026-05-19 20:12:09,lombar,8152,480,-13968,123,-343,335,1108817
2026-05-19 20:12:09,esterno,3188,11020,10580,167,157,48,451384
2026-05-19 20:12:09,lombar,8268,444,-14152,77,-365,338,1108839
2026-05-19 20:12:09,esterno,3372,10824,10536,38,328,5,451406
2026-05-19 20:12:09,lombar,8212,492,-13940,158,-265,324,1108861
2026-05-19 20:12:09,esterno,3388,11024,10700,83,718,-173,451428
2026-05-19 20:12:09,lombar,8172,496,-13952,141,-339,328,1108883
2026-05-19 20:12:09,esterno,3336,11172,11188,67,684,-224,451450
2026-05-19 20:12:09,lombar,8172,504,-13904,33,-374,357,1108905
2026-05-19 20:12:09,esterno,3364,11116,11124,109,499,-161,451472
2026-05-19 20:12:09,lombar,8220,388,-13856,47,-344,302,1108927
2026-05-19 20:12:09,esterno,3260,11216,11080,28,392,-64,451494
2026-05-19 20:12:09,lombar,8248,496,-13860,141,-300,391,1108949
2026-05-19 20:12:09,esterno,3264,11176,10788,-114,342,32,451516
2026-05-19 20:12:10,lombar,8100,376,-13940,105,-281,327,1108971
2026-05-19 20:12:10,esterno,3392,11212,10916,-160,328,-9,451538
2026-05-19 20:12:10,lombar,8304,312,-14024,105,-314,330,1108993
2026-05-19 20:12:10,esterno,3272,11220,11092,-127,266,31,451560
2026-05-19 20:12:10,lombar,8216,604,-13852,131,-324,317,1109015
2026-05-19 20:12:10,esterno,3392,11208,11068,-228,152,78,451582
2026-05-19 20:12:10,lombar,8172,460,-13880,122,-312,307,1109037
2026-05-19 20:12:10,esterno,3232,11132,10864,-93,291,114,451604
2026-05-19 20:12:10,lombar,8224,532,-13880,69,-291,319,1109059
2026-05-19 20:12:10,esterno,3324,11048,11076,-117,73,76,451626
2026-05-19 20:12:10,lombar,8352,448,-14140,112,-293,300,1109081
2026-05-19 20:12:10,esterno,3448,11140,10928,-25,270,27,451648
2026-05-19 20:12:10,lombar,8288,564,-14084,91,-272,337,1109103
2026-05-19 20:12:10,esterno,3276,11092,10816,54,280,20,451670
2026-05-19 20:12:10,lombar,8120,600,-14080,40,-256,395,1109125
2026-05-19 20:12:10,esterno,3436,11108,10948,40,67,91,451692
2026-05-19 20:12:10,lombar,8176,348,-13752,51,-293,370,1109147
2026-05-19 20:12:10,esterno,3436,11304,10848,153,-7,119,451714
2026-05-19 20:12:10,lombar,8068,536,-13868,110,-290,294,1109169
2026-05-19 20:12:10,esterno,3488,11232,10836,-60,-36,106,451736
2026-05-19 20:12:10,lombar,8168,520,-13804,111,-272,344,1109191
2026-05-19 20:12:10,esterno,3464,11264,10896,-39,-28,57,451758
2026-05-19 20:12:10,lombar,8160,452,-13860,116,-325,417,1109213
2026-05-19 20:12:10,esterno,3588,11180,10988,-33,10,86,451780
2026-05-19 20:12:10,lombar,8136,464,-13788,114,-316,390,1109235
2026-05-19 20:12:10,esterno,3344,11284,10828,-48,44,123,451802
2026-05-19 20:12:10,lombar,8168,552,-13768,121,-296,336,1109257
2026-05-19 20:12:10,esterno,3332,11064,10828,4,122,68,451824
2026-05-19 20:12:10,lombar,8280,548,-13884,143,-333,384,1109279
2026-05-19 20:12:10,esterno,3444,11260,10828,-81,153,9,451846
2026-05-19 20:12:10,lombar,8216,560,-13992,119,-304,335,1109301
2026-05-19 20:12:10,esterno,3368,11108,10916,-52,127,53,451868
2026-05-19 20:12:10,lombar,8268,504,-13904,82,-298,306,1109323
2026-05-19 20:12:10,esterno,3448,11232,10952,11,113,86,451890
2026-05-19 20:12:10,lombar,8196,408,-13884,85,-289,386,1109345
2026-05-19 20:12:10,esterno,3408,11108,10836,-85,-16,127,451912
2026-05-19 20:12:10,lombar,8256,528,-14008,89,-289,324,1109367
2026-05-19 20:12:10,esterno,3384,11160,10552,85,334,-32,451934
2026-05-19 20:12:10,lombar,8188,440,-14072,97,-282,321,1109389
2026-05-19 20:12:10,esterno,3540,11188,10900,-214,-7,32,451956
2026-05-19 20:12:10,lombar,8252,344,-13992,47,-238,323,1109411
2026-05-19 20:12:10,lombar,8180,508,-13792,187,-210,283,1109433
2026-05-19 20:12:10,esterno,3480,11316,11388,-568,-375,222,451978
2026-05-19 20:12:10,esterno,3164,11212,10416,-842,-500,382,452000
2026-05-19 20:12:10,lombar,8204,528,-13988,187,-113,384,1109455
2026-05-19 20:12:10,esterno,3272,10932,10696,-1195,-623,399,452022
2026-05-19 20:12:10,lombar,8328,468,-13948,317,-5,352,1109477
2026-05-19 20:12:10,esterno,3620,11044,10840,-1045,-337,250,452044
2026-05-19 20:12:10,lombar,8320,592,-13656,261,-75,309,1109499
2026-05-19 20:12:10,esterno,3564,11120,10768,-840,-114,255,452066
2026-05-19 20:12:10,lombar,8168,476,-13932,15,-244,315,1109521
2026-05-19 20:12:10,esterno,3496,10824,10788,-720,-203,236,452088
2026-05-19 20:12:10,lombar,8208,440,-13912,-11,-188,340,1109543
2026-05-19 20:12:10,esterno,3580,10672,11200,-612,-32,37,452110
2026-05-19 20:12:10,lombar,8232,552,-13936,102,-313,352,1109565
2026-05-19 20:12:10,esterno,3704,11124,10656,-384,193,-68,452132
2026-05-19 20:12:10,lombar,8244,576,-13896,93,-152,374,1109587
2026-05-19 20:12:10,esterno,3676,10620,11112,-253,214,-186,452154
2026-05-19 20:12:10,lombar,8308,400,-13764,82,-273,360,1109609
2026-05-19 20:12:10,esterno,3712,10912,10992,112,421,-308,452176
2026-05-19 20:12:10,lombar,8208,540,-13852,83,-275,410,1109631
2026-05-19 20:12:10,esterno,3476,11132,10964,-122,140,-118,452198
2026-05-19 20:12:10,lombar,8280,540,-14080,81,-269,371,1109653
2026-05-19 20:12:10,esterno,3304,11104,10796,-243,171,-134,452220
2026-05-19 20:12:10,lombar,8224,344,-13736,42,-335,293,1109675
2026-05-19 20:12:10,esterno,3408,10968,10804,-71,93,-148,452242
2026-05-19 20:12:10,lombar,8320,472,-13780,57,-345,318,1109697
2026-05-19 20:12:10,esterno,3588,11064,10988,-234,152,-118,452264
2026-05-19 20:12:10,lombar,8288,588,-13852,61,-370,363,1109719
2026-05-19 20:12:10,esterno,3376,11100,10860,-129,328,16,452286
2026-05-19 20:12:10,lombar,8212,572,-13844,12,-345,353,1109741
2026-05-19 20:12:10,esterno,3452,10888,11100,-88,335,-16,452308
2026-05-19 20:12:10,lombar,8244,416,-14092,20,-391,350,1109763
2026-05-19 20:12:10,esterno,3656,11048,10936,-53,317,-57,452330
2026-05-19 20:12:10,lombar,8172,432,-13968,72,-384,311,1109785
2026-05-19 20:12:10,esterno,3628,10980,11104,-92,289,-69,452352
2026-05-19 20:12:10,lombar,8124,488,-13984,109,-310,367,1109807
2026-05-19 20:12:10,esterno,3500,11020,11112,-25,320,-66,452374
2026-05-19 20:12:10,lombar,8212,532,-14052,81,-322,359,1109829
2026-05-19 20:12:10,esterno,3476,10988,11076,59,282,-63,452396
2026-05-19 20:12:10,lombar,8120,380,-13936,78,-313,373,1109851
2026-05-19 20:12:10,esterno,3476,10936,11096,35,196,-32,452418
2026-05-19 20:12:10,lombar,8064,544,-13924,93,-278,337,1109873
2026-05-19 20:12:10,esterno,3584,10984,10988,57,127,-81,452440
2026-05-19 20:12:10,lombar,8272,560,-13932,81,-264,304,1109895
2026-05-19 20:12:10,esterno,3524,11072,11032,34,164,-52,452462
2026-05-19 20:12:10,lombar,8304,556,-13984,92,-261,380,1109917
2026-05-19 20:12:10,esterno,3420,11072,10964,16,192,8,452484
2026-05-19 20:12:10,lombar,8192,552,-13804,38,-267,368,1109939
2026-05-19 20:12:10,esterno,3408,11028,10792,5,163,-18,452506
2026-05-19 20:12:10,lombar,8248,528,-13972,41,-273,356,1109961
2026-05-19 20:12:10,esterno,3456,11080,10888,-47,114,-78,452528
2026-05-19 20:12:11,lombar,8188,556,-13812,61,-290,333,1109983
2026-05-19 20:12:11,esterno,3504,11068,10676,-30,24,-75,452550
2026-05-19 20:12:11,lombar,8152,500,-13824,86,-305,278,1110005
2026-05-19 20:12:11,esterno,3336,11068,10656,147,392,-112,452572
2026-05-19 20:12:11,lombar,8152,576,-13880,119,-268,306,1110027
2026-05-19 20:12:11,esterno,3740,11092,11044,-109,67,-3,452594
2026-05-19 20:12:11,lombar,8172,388,-13896,45,-319,328,1110049
2026-05-19 20:12:11,esterno,3624,11232,11296,-109,8,11,452616
2026-05-19 20:12:11,lombar,8236,456,-14000,120,-302,285,1110071
2026-05-19 20:12:11,esterno,3440,11028,10736,-148,68,-26,452638
2026-05-19 20:12:11,lombar,8160,540,-13892,121,-315,321,1110093
2026-05-19 20:12:11,esterno,3408,10988,10680,-114,106,-66,452660
2026-05-19 20:12:11,lombar,8228,440,-13960,75,-248,265,1110115
2026-05-19 20:12:11,esterno,3512,11160,10864,-37,369,-64,452682
2026-05-19 20:12:11,lombar,8252,636,-13916,107,-237,397,1110137
2026-05-19 20:12:11,esterno,3284,11276,10952,-72,407,-45,452704
2026-05-19 20:12:11,lombar,8168,496,-13924,52,-306,431,1110159
2026-05-19 20:12:11,esterno,3320,11136,10972,7,257,-102,452726
2026-05-19 20:12:11,lombar,8172,380,-13960,8,-268,390,1110181
2026-05-19 20:12:11,esterno,3568,11020,10936,49,260,-60,452748
2026-05-19 20:12:11,lombar,8168,496,-13668,51,-253,329,1110203
2026-05-19 20:12:11,esterno,3440,11176,10820,-137,338,63,452770
2026-05-19 20:12:11,lombar,8196,464,-14072,66,-232,346,1110225
2026-05-19 20:12:11,esterno,3332,11020,10884,-172,281,78,452792
2026-05-19 20:12:11,lombar,8172,508,-13832,66,-301,343,1110247
2026-05-19 20:12:11,esterno,3312,11128,10892,-142,248,37,452814
2026-05-19 20:12:11,lombar,8152,456,-13860,86,-299,281,1110269
2026-05-19 20:12:11,esterno,3600,11144,10980,-191,140,23,452836
2026-05-19 20:12:11,lombar,8212,620,-13804,149,-271,294,1110291
2026-05-19 20:12:11,esterno,3488,11120,10800,-254,300,-2,452858
2026-05-19 20:12:11,lombar,8208,612,-13736,99,-299,302,1110313
2026-05-19 20:12:11,esterno,3364,10968,10880,-132,243,12,452880
2026-05-19 20:12:11,lombar,8204,424,-14020,123,-291,313,1110335
2026-05-19 20:12:11,esterno,3704,11136,10956,-243,208,-20,452902
2026-05-19 20:12:11,lombar,8216,548,-13804,140,-287,348,1110357
2026-05-19 20:12:11,esterno,3272,11060,10888,-82,333,-81,452924
2026-05-19 20:12:11,lombar,8152,424,-13864,108,-275,325,1110379
2026-05-19 20:12:11,esterno,3388,10976,10884,-99,222,-103,452946
2026-05-19 20:12:11,lombar,8244,376,-13956,64,-264,318,1110401
2026-05-19 20:12:11,esterno,3528,11080,11008,-127,87,-17,452968
2026-05-19 20:12:11,lombar,8144,356,-13900,135,-287,360,1110423
2026-05-19 20:12:11,esterno,3492,11088,10848,-120,48,61,452990
2026-05-19 20:12:11,lombar,8184,500,-14016,120,-270,350,1110445
2026-05-19 20:12:11,esterno,3324,11104,10736,-119,87,16,453012
2026-05-19 20:12:11,lombar,8148,424,-13984,92,-266,341,1110467
2026-05-19 20:12:11,esterno,3344,11148,10804,-175,161,16,453034
2026-05-19 20:12:11,lombar,8148,528,-13932,100,-249,287,1110489
2026-05-19 20:12:11,esterno,3424,10984,10828,-174,232,-20,453056
2026-05-19 20:12:11,lombar,8208,544,-13944,103,-277,273,1110511
2026-05-19 20:12:11,esterno,3620,11088,10980,-146,243,-10,453078
2026-05-19 20:12:11,lombar,8168,488,-13848,65,-327,286,1110533
2026-05-19 20:12:11,esterno,3572,11128,10832,-83,232,-3,453100
2026-05-19 20:12:11,lombar,8308,580,-13844,85,-265,326,1110555
2026-05-19 20:12:11,esterno,3504,11120,10816,-43,192,-74,453122
2026-05-19 20:12:11,lombar,8204,460,-14012,96,-296,396,1110577
2026-05-19 20:12:11,esterno,3340,11072,10920,-46,120,-76,453144
2026-05-19 20:12:11,lombar,8144,368,-13740,87,-307,375,1110599
2026-05-19 20:12:11,esterno,3400,11264,10840,-77,44,-32,453166
2026-05-19 20:12:11,lombar,8200,324,-13868,84,-314,257,1110621
2026-05-19 20:12:11,esterno,3428,11272,11016,-64,-177,57,453188
2026-05-19 20:12:11,lombar,8204,544,-13820,71,-336,318,1110643
2026-05-19 20:12:11,esterno,3276,11128,10464,102,48,70,453210
2026-05-19 20:12:11,lombar,8204,528,-14000,169,-303,293,1110665
2026-05-19 20:12:11,esterno,3452,11244,11104,66,134,81,453232
2026-05-19 20:12:11,lombar,8192,552,-13892,128,-272,306,1110687
2026-05-19 20:12:11,esterno,3600,11088,10920,-57,125,-13,453254
2026-05-19 20:12:11,lombar,8084,332,-14120,58,-336,310,1110709
2026-05-19 20:12:11,esterno,3408,10992,10576,50,-85,79,453276
2026-05-19 20:12:11,lombar,8252,592,-13960,190,-273,294,1110731
2026-05-19 20:12:11,esterno,3208,10904,10728,366,255,-148,453298
2026-05-19 20:12:11,lombar,8160,572,-14028,82,-318,260,1110753
2026-05-19 20:12:11,esterno,3744,11020,10816,538,222,-103,453320
2026-05-19 20:12:11,lombar,8264,456,-13904,73,-263,337,1110775
2026-05-19 20:12:11,esterno,3536,11280,10820,384,478,-218,453342
2026-05-19 20:12:11,lombar,8176,664,-13856,109,-255,363,1110797
2026-05-19 20:12:11,esterno,3148,11416,11008,386,564,-168,453364
2026-05-19 20:12:11,lombar,8128,492,-13916,23,-318,392,1110819
2026-05-19 20:12:11,esterno,3292,11212,11184,456,299,-12,453386
2026-05-19 20:12:11,lombar,8160,404,-13948,0,-254,345,1110841
2026-05-19 20:12:11,esterno,3324,11272,10700,482,280,108,453408
2026-05-19 20:12:11,lombar,8188,608,-13864,75,-217,317,1110863
2026-05-19 20:12:11,esterno,3400,11252,10712,366,366,98,453430
2026-05-19 20:12:11,lombar,8164,480,-13848,115,-238,337,1110885
2026-05-19 20:12:11,esterno,3456,11164,10820,284,280,10,453452
2026-05-19 20:12:11,lombar,8172,460,-14072,49,-318,293,1110907
2026-05-19 20:12:11,esterno,3392,11432,10728,142,108,44,453474
2026-05-19 20:12:11,lombar,8156,436,-13896,92,-309,306,1110929
2026-05-19 20:12:11,esterno,3436,11404,10808,31,-4,211,453496
2026-05-19 20:12:11,lombar,8200,424,-13768,180,-313,330,1110951
2026-05-19 20:12:11,esterno,3140,11548,10548,-55,299,227,453518
2026-05-19 20:12:12,lombar,8184,512,-13892,150,-280,364,1110973
2026-05-19 20:12:12,esterno,3292,11328,10644,-112,-7,285,453540
2026-05-19 20:12:12,lombar,8224,480,-14112,208,-271,328,1110995
2026-05-19 20:12:12,esterno,3380,11448,10820,-158,-58,226,453562
2026-05-19 20:12:12,lombar,8304,624,-13908,204,-229,360,1111017
2026-05-19 20:12:12,esterno,3244,11412,10764,58,231,286,453584
2026-05-19 20:12:12,lombar,8044,384,-13848,102,-246,335,1111039
2026-05-19 20:12:12,esterno,3520,11144,10576,38,443,235,453606
2026-05-19 20:12:12,lombar,8164,292,-13884,82,-237,325,1111061
2026-05-19 20:12:12,esterno,3688,10780,10300,-6,705,89,453628
2026-05-19 20:12:12,lombar,8216,440,-13740,101,-280,287,1111083
2026-05-19 20:12:12,esterno,3548,10732,10704,-230,724,17,453650
2026-05-19 20:12:12,lombar,8092,404,-13832,139,-306,337,1111105
2026-05-19 20:12:12,esterno,3220,11136,10796,-70,430,-12,453672
2026-05-19 20:12:12,lombar,8188,568,-14032,261,-368,309,1111127
2026-05-19 20:12:12,esterno,3444,11244,10356,-283,-95,184,453694
2026-05-19 20:12:12,lombar,8144,540,-13820,295,-512,351,1111149
2026-05-19 20:12:12,esterno,3836,11504,10200,-863,-90,28,453716
2026-05-19 20:12:12,lombar,8052,376,-14000,228,-466,343,1111171
2026-05-19 20:12:12,esterno,3620,10864,10332,-1071,466,41,453738
2026-05-19 20:12:12,lombar,8124,496,-13896,125,-544,248,1111193
2026-05-19 20:12:12,esterno,3392,10408,10916,-639,908,-13,453760
2026-05-19 20:12:12,lombar,8096,468,-13788,-3,-610,305,1111215
2026-05-19 20:12:12,esterno,3484,11068,11084,-287,1534,160,453782
2026-05-19 20:12:12,lombar,8064,452,-14192,-37,-495,289,1111237
2026-05-19 20:12:12,esterno,3652,11732,11016,133,2004,274,453804
2026-05-19 20:12:12,lombar,8172,432,-14156,-61,-341,223,1111259
2026-05-19 20:12:12,esterno,3464,11636,10852,567,2563,-58,453826
2026-05-19 20:12:12,lombar,8208,272,-13992,-132,-287,173,1111281
2026-05-19 20:12:12,esterno,2464,11428,10924,756,1967,-309,453848
2026-05-19 20:12:12,lombar,8268,464,-13912,75,-151,211,1111303
2026-05-19 20:12:12,esterno,2216,11216,10436,1008,1399,-486,453870
2026-05-19 20:12:12,lombar,8096,408,-13744,138,-200,276,1111325
2026-05-19 20:12:12,esterno,2664,11216,11188,1021,595,-446,453892
2026-05-19 20:12:12,lombar,8080,368,-13984,202,-181,210,1111347
2026-05-19 20:12:12,esterno,3088,11260,10452,751,32,-440,453914
2026-05-19 20:12:12,lombar,8096,644,-13824,241,-328,275,1111369
2026-05-19 20:12:12,esterno,3340,11488,10012,446,93,-651,453936
2026-05-19 20:12:12,lombar,8132,600,-13972,225,-373,294,1111391
2026-05-19 20:12:12,esterno,3352,11584,10204,-64,279,-703,453958
2026-05-19 20:12:12,lombar,8128,560,-13996,234,-349,390,1111413
2026-05-19 20:12:12,esterno,3532,11472,10556,-53,603,-710,453980
2026-05-19 20:12:12,lombar,8096,680,-13884,155,-437,342,1111435
2026-05-19 20:12:12,esterno,3096,11732,10732,-184,408,-512,454002
2026-05-19 20:12:12,lombar,8140,640,-13956,123,-413,421,1111457
2026-05-19 20:12:12,esterno,2856,11672,10752,-207,147,-319,454024
2026-05-19 20:12:12,lombar,8084,444,-14116,-18,-406,387,1111479
2026-05-19 20:12:12,esterno,3012,11816,10676,-293,615,-20,454046
2026-05-19 20:12:12,lombar,8044,500,-14200,1,-284,406,1111501
2026-05-19 20:12:12,esterno,3208,11596,10656,-281,812,256,454068
2026-05-19 20:12:12,lombar,8188,420,-13924,-10,-271,385,1111523
2026-05-19 20:12:12,esterno,3120,11340,10740,-206,967,121,454090
2026-05-19 20:12:12,lombar,8084,288,-14044,-74,-247,360,1111545
2026-05-19 20:12:12,esterno,3064,11464,10736,-391,1182,-21,454112
2026-05-19 20:12:12,lombar,8192,384,-13828,41,-215,248,1111567
2026-05-19 20:12:12,esterno,2876,11384,10904,-546,659,15,454134
2026-05-19 20:12:12,lombar,8176,396,-13792,188,-302,291,1111589
2026-05-19 20:12:12,esterno,2240,11076,10604,-289,623,-178,454156
2026-05-19 20:12:12,lombar,8036,504,-13956,215,-295,307,1111611
2026-05-19 20:12:12,esterno,2484,10996,10464,-67,397,-207,454178
2026-05-19 20:12:12,lombar,8188,536,-13972,220,-331,272,1111633
2026-05-19 20:12:12,esterno,2704,11404,10900,-356,344,-123,454200
2026-05-19 20:12:12,lombar,8136,476,-13908,224,-380,309,1111655
2026-05-19 20:12:12,esterno,2648,11428,10768,-323,329,-53,454222
2026-05-19 20:12:12,lombar,8184,528,-14024,82,-333,290,1111677
2026-05-19 20:12:12,esterno,2672,11412,10964,-159,388,-214,454244
2026-05-19 20:12:12,lombar,8152,540,-13948,15,-285,373,1111699
2026-05-19 20:12:12,esterno,2860,11252,10924,-9,551,-85,454266
2026-05-19 20:12:12,lombar,7988,400,-14144,-45,-252,251,1111721
2026-05-19 20:12:12,esterno,2812,11340,10984,-39,734,80,454288
2026-05-19 20:12:12,lombar,8104,508,-13840,-45,-183,280,1111743
2026-05-19 20:12:12,esterno,2596,11516,11060,-274,513,232,454310
2026-05-19 20:12:12,lombar,8172,496,-13820,25,-244,342,1111765
2026-05-19 20:12:12,esterno,2400,11024,10876,-194,-77,290,454332
2026-05-19 20:12:12,lombar,8020,520,-13956,-52,-275,342,1111787
2026-05-19 20:12:12,esterno,2156,11152,10784,-99,-524,241,454354
2026-05-19 20:12:12,lombar,8164,668,-13788,-61,-334,379,1111809
2026-05-19 20:12:12,esterno,2660,11748,10564,-777,-1010,637,454376
2026-05-19 20:12:12,lombar,8076,624,-13804,-133,-411,419,1111831
2026-05-19 20:12:12,esterno,2924,11992,10688,-916,-1066,902,454398
2026-05-19 20:12:12,lombar,8048,676,-13904,-160,-358,381,1111853
2026-05-19 20:12:12,esterno,3232,12084,10152,-1397,-1045,994,454420
2026-05-19 20:12:12,lombar,8148,692,-13976,31,-279,514,1111875
2026-05-19 20:12:12,esterno,3460,11824,10752,-1103,-879,879,454442
2026-05-19 20:12:12,lombar,8148,580,-14096,-41,-395,462,1111897
2026-05-19 20:12:12,esterno,3204,10932,10520,-992,-822,692,454464
2026-05-19 20:12:12,lombar,8060,440,-13916,16,-351,448,1111919
2026-05-19 20:12:12,esterno,3112,10560,10516,-1207,-712,377,454486
2026-05-19 20:12:12,lombar,8012,304,-13836,57,-328,371,1111941
2026-05-19 20:12:12,esterno,3044,10620,10084,-669,-159,0,454508
2026-05-19 20:12:12,lombar,7984,364,-14128,115,-287,294,1111963
2026-05-19 20:12:13,esterno,3048,10848,11556,-551,-153,260,454530
2026-05-19 20:12:13,lombar,8052,436,-14084,-27,-350,284,1111985
2026-05-19 20:12:13,esterno,2880,10988,11132,-56,-138,284,454552
2026-05-19 20:12:13,lombar,8032,344,-13948,-2,-341,183,1112007
2026-05-19 20:12:13,esterno,2804,10988,10716,25,-197,319,454574
2026-05-19 20:12:13,lombar,8032,352,-14112,74,-237,317,1112029
2026-05-19 20:12:13,esterno,2956,11272,10676,-34,137,67,454596
2026-05-19 20:12:13,lombar,8136,424,-14188,89,-159,315,1112051
2026-05-19 20:12:13,esterno,3304,11032,10980,182,303,-87,454618
2026-05-19 20:12:13,lombar,8216,472,-14192,97,-110,257,1112073
2026-05-19 20:12:13,esterno,3156,11272,10968,304,501,-196,454640
2026-05-19 20:12:13,lombar,8052,684,-14092,32,-212,279,1112095
2026-05-19 20:12:13,esterno,3216,11436,11052,234,451,-165,454662
2026-05-19 20:12:13,lombar,8120,608,-13976,-44,-184,344,1112117
2026-05-19 20:12:13,esterno,3100,11544,10876,244,188,37,454684
2026-05-19 20:12:13,lombar,8096,624,-13884,16,-186,312,1112139
2026-05-19 20:12:13,esterno,3264,11272,10556,118,147,136,454706
2026-05-19 20:12:13,lombar,8096,556,-14128,76,-199,290,1112161
2026-05-19 20:12:13,esterno,3328,11224,10464,-137,187,156,454728
2026-05-19 20:12:13,lombar,8128,548,-13804,63,-308,357,1112183
2026-05-19 20:12:13,esterno,3252,11296,10492,-407,176,175,454750
2026-05-19 20:12:13,lombar,8216,444,-13944,81,-362,343,1112205
2026-05-19 20:12:13,esterno,3392,11092,10560,-440,162,162,454772
2026-05-19 20:12:13,lombar,8100,628,-13896,122,-388,347,1112227
2026-05-19 20:12:13,esterno,3452,11256,10904,-664,111,215,454794
2026-05-19 20:12:13,lombar,8104,580,-13636,130,-428,298,1112249
2026-05-19 20:12:13,esterno,2996,11124,10680,-406,327,192,454816
2026-05-19 20:12:13,lombar,8100,556,-13804,108,-397,333,1112271
2026-05-19 20:12:13,esterno,3192,11040,10916,-393,135,212,454838
2026-05-19 20:12:13,lombar,8012,632,-14124,150,-347,280,1112293
2026-05-19 20:12:13,esterno,3240,11088,11032,-339,259,26,454860
2026-05-19 20:12:13,lombar,8072,688,-14056,136,-373,353,1112315
2026-05-19 20:12:13,esterno,3132,11160,11076,-192,224,-11,454882
2026-05-19 20:12:13,lombar,8052,520,-14076,97,-338,363,1112337
2026-05-19 20:12:13,esterno,3064,11052,11080,-101,97,59,454904
2026-05-19 20:12:13,lombar,8080,528,-14028,95,-333,380,1112359
2026-05-19 20:12:13,esterno,3136,10948,11336,-57,52,123,454926
2026-05-19 20:12:13,esterno,3128,11084,11088,-114,-12,92,454948
2026-05-19 20:12:13,lombar,8064,500,-14136,87,-233,362,1112381
2026-05-19 20:12:13,lombar,8044,544,-14004,98,-233,352,1112403
2026-05-19 20:12:13,esterno,3152,11244,10932,-142,-111,94,454970
2026-05-19 20:12:13,lombar,8092,420,-14144,72,-261,373,1112425
2026-05-19 20:12:13,esterno,3048,11188,10864,-41,-100,197,454992
2026-05-19 20:12:13,lombar,8008,408,-14008,58,-253,288,1112447
2026-05-19 20:12:13,esterno,3108,11164,10768,-109,141,297,455014
2026-05-19 20:12:13,lombar,8172,556,-13908,70,-255,261,1112469
2026-05-19 20:12:13,esterno,3184,11244,10752,-163,183,304,455036
2026-05-19 20:12:13,lombar,8184,508,-14024,99,-301,234,1112491
2026-05-19 20:12:13,esterno,3484,11248,10660,-79,243,201,455058
2026-05-19 20:12:13,lombar,8184,688,-13896,101,-295,290,1112513
2026-05-19 20:12:13,esterno,3340,11296,10748,-109,311,144,455080
2026-05-19 20:12:13,lombar,8068,708,-13824,111,-305,252,1112535
2026-05-19 20:12:13,esterno,3424,11164,10848,-220,315,146,455102
2026-05-19 20:12:13,lombar,7984,532,-13748,67,-362,312,1112557
2026-05-19 20:12:13,esterno,3444,11020,10896,-278,211,134,455124
2026-05-19 20:12:13,lombar,8096,560,-13952,74,-301,275,1112579
2026-05-19 20:12:13,esterno,3284,10804,11012,-187,33,-4,455146
2026-05-19 20:12:13,lombar,8068,652,-14128,63,-277,301,1112601
2026-05-19 20:12:13,esterno,3060,11160,11084,6,141,-105,455168
2026-05-19 20:12:13,lombar,8056,656,-13996,143,-318,348,1112623
2026-05-19 20:12:13,esterno,3456,11000,11476,-79,-449,-101,455190
2026-05-19 20:12:13,lombar,8092,568,-14232,130,-304,450,1112645
2026-05-19 20:12:13,esterno,3348,11220,11084,44,-473,-130,455212
2026-05-19 20:12:13,lombar,8056,576,-14168,182,-273,402,1112667
2026-05-19 20:12:13,esterno,3356,11064,10588,-195,-580,-9,455234
2026-05-19 20:12:13,lombar,8040,636,-14168,132,-277,457,1112689
2026-05-19 20:12:13,esterno,3308,10972,10744,-276,-506,-219,455256
2026-05-19 20:12:13,lombar,8100,508,-14128,159,-215,417,1112711
2026-05-19 20:12:13,esterno,3480,11096,10732,-216,-181,-296,455278
2026-05-19 20:12:13,lombar,8084,588,-14120,152,-163,458,1112733
2026-05-19 20:12:13,esterno,3224,11128,11096,-224,27,-264,455300
2026-05-19 20:12:13,lombar,8068,488,-13972,61,-204,498,1112755
2026-05-19 20:12:13,esterno,3292,11044,11360,-133,-58,-315,455322
2026-05-19 20:12:13,lombar,8068,392,-13868,78,-202,439,1112777
2026-05-19 20:12:13,esterno,3360,11248,10972,154,13,-339,455344
2026-05-19 20:12:13,lombar,8096,356,-13892,146,-171,387,1112799
2026-05-19 20:12:13,esterno,3352,11144,10632,220,226,-405,455366
2026-05-19 20:12:13,lombar,8164,400,-14024,98,-150,342,1112821
2026-05-19 20:12:13,esterno,3148,11240,10944,-76,485,-417,455388
2026-05-19 20:12:13,lombar,8080,456,-14104,118,-192,293,1112843
2026-05-19 20:12:13,esterno,3156,11432,10764,-205,536,-247,455410
2026-05-19 20:12:13,lombar,8096,580,-13768,137,-247,262,1112865
2026-05-19 20:12:13,esterno,3260,11460,10656,-297,402,-102,455432
2026-05-19 20:12:13,lombar,8148,588,-13828,151,-275,218,1112887
2026-05-19 20:12:13,esterno,3208,11180,10624,-436,498,-159,455454
2026-05-19 20:12:13,lombar,8072,384,-13796,133,-321,295,1112909
2026-05-19 20:12:13,esterno,3172,11076,10716,-317,495,-201,455476
2026-05-19 20:12:13,lombar,8068,564,-13996,139,-306,244,1112931
2026-05-19 20:12:13,esterno,3508,11044,10828,-502,519,-190,455498
2026-05-19 20:12:13,lombar,8076,524,-14088,180,-304,280,1112953
2026-05-19 20:12:13,esterno,3228,11252,10892,-357,655,-112,455520
2026-05-19 20:12:14,lombar,8100,588,-14188,118,-359,311,1112975
2026-05-19 20:12:14,esterno,3128,11108,11044,-279,503,-152,455542
2026-05-19 20:12:14,lombar,8088,552,-14116,90,-312,354,1112997
2026-05-19 20:12:14,esterno,3340,11188,11200,-209,396,-158,455564
2026-05-19 20:12:14,lombar,8060,572,-14108,48,-271,356,1113019
2026-05-19 20:12:14,esterno,3236,11100,10992,-196,293,-50,455586
2026-05-19 20:12:14,lombar,8016,556,-14040,70,-242,436,1113041
2026-05-19 20:12:14,esterno,3044,11088,10988,-148,287,20,455608
2026-05-19 20:12:14,lombar,8132,452,-13896,69,-248,393,1113063
2026-05-19 20:12:14,esterno,3036,11028,10764,-211,313,12,455630
2026-05-19 20:12:14,lombar,8152,404,-13936,92,-269,349,1113085
2026-05-19 20:12:14,esterno,3096,11012,10692,-203,285,-78,455652
2026-05-19 20:12:14,lombar,8080,420,-13928,110,-249,357,1113107
2026-05-19 20:12:14,esterno,2896,10944,11040,-211,323,-135,455674
2026-05-19 20:12:14,lombar,8132,456,-13996,110,-265,344,1113129
2026-05-19 20:12:14,esterno,2932,11092,10836,-153,252,-112,455696
2026-05-19 20:12:14,lombar,8060,396,-14084,103,-250,322,1113151
2026-05-19 20:12:14,esterno,2952,11212,10984,-59,264,-6,455718
2026-05-19 20:12:14,lombar,8096,432,-14088,111,-272,344,1113173
2026-05-19 20:12:14,esterno,3024,11144,10828,-77,245,-25,455740
2026-05-19 20:12:14,lombar,8128,592,-13912,69,-222,303,1113195
2026-05-19 20:12:14,esterno,3116,11204,10912,-127,249,-57,455762
2026-05-19 20:12:14,lombar,8068,468,-14056,63,-229,323,1113217
2026-05-19 20:12:14,esterno,3028,11252,10912,-147,241,-28,455784
2026-05-19 20:12:14,lombar,8124,560,-14000,104,-256,275,1113239
2026-05-19 20:12:14,esterno,3148,11152,10988,-158,127,2,455806
2026-05-19 20:12:14,lombar,8092,528,-13980,65,-266,332,1113261
2026-05-19 20:12:14,esterno,2984,11000,10880,-148,81,43,455828
2026-05-19 20:12:14,lombar,7992,400,-14048,71,-280,339,1113283
2026-05-19 20:12:14,esterno,3120,11304,10556,73,326,-25,455850
2026-05-19 20:12:14,lombar,8140,612,-14172,81,-249,314,1113305
2026-05-19 20:12:14,esterno,3476,10848,11064,-496,-112,89,455872
2026-05-19 20:12:14,lombar,8116,648,-14068,44,-262,336,1113327
2026-05-19 20:12:14,esterno,3124,11132,10876,-582,-150,128,455894
2026-05-19 20:12:14,lombar,8116,600,-13928,99,-295,275,1113349
2026-05-19 20:12:14,esterno,3032,10804,10404,-715,-73,78,455916
2026-05-19 20:12:14,lombar,8028,484,-13996,83,-262,348,1113371
2026-05-19 20:12:14,esterno,3032,10952,10936,-478,84,-79,455938
2026-05-19 20:12:14,lombar,8112,580,-14092,109,-235,365,1113393
2026-05-19 20:12:14,esterno,3316,10948,10848,-308,302,-200,455960
2026-05-19 20:12:14,lombar,8172,564,-13884,99,-227,389,1113415
2026-05-19 20:12:14,esterno,3108,11360,11020,-403,440,-181,455982
2026-05-19 20:12:14,lombar,8108,552,-13876,58,-258,421,1113437
2026-05-19 20:12:14,esterno,3052,11224,11180,-353,246,-107,456004
2026-05-19 20:12:14,lombar,8120,320,-14036,24,-259,388,1113459
2026-05-19 20:12:14,esterno,3064,11088,11088,-249,177,-61,456026
2026-05-19 20:12:14,lombar,8060,564,-13952,94,-240,332,1113481
2026-05-19 20:12:14,esterno,3104,10988,11024,-283,217,36,456048
2026-05-19 20:12:14,lombar,7976,480,-13980,67,-263,375,1113503
2026-05-19 20:12:14,esterno,3128,11112,11040,-484,256,78,456070
2026-05-19 20:12:14,lombar,8172,484,-13984,38,-308,364,1113525
2026-05-19 20:12:14,esterno,3072,10932,11084,-528,245,52,456092
2026-05-19 20:12:14,lombar,8124,424,-13992,76,-242,292,1113547
2026-05-19 20:12:14,esterno,3260,11144,11316,-615,150,133,456114
2026-05-19 20:12:14,lombar,8056,544,-13904,78,-277,282,1113569
2026-05-19 20:12:14,esterno,3008,10800,11040,-567,336,137,456136
2026-05-19 20:12:14,lombar,8004,448,-13976,38,-278,261,1113591
2026-05-19 20:12:14,esterno,3080,10840,11228,-295,274,61,456158
2026-05-19 20:12:14,lombar,8108,508,-13936,85,-268,301,1113613
2026-05-19 20:12:14,esterno,3308,11056,11188,-414,207,-37,456180
2026-05-19 20:12:14,lombar,8152,512,-14172,106,-279,314,1113635
2026-05-19 20:12:14,esterno,3092,11040,10988,-280,316,-68,456202
2026-05-19 20:12:14,lombar,8080,624,-13944,95,-272,313,1113657
2026-05-19 20:12:14,esterno,2984,10956,11192,-233,172,-49,456224
2026-05-19 20:12:14,lombar,8256,504,-13956,39,-244,309,1113679
2026-05-19 20:12:14,esterno,3040,10980,11160,-173,95,-28,456246
2026-05-19 20:12:14,lombar,8112,444,-13712,111,-239,266,1113701
2026-05-19 20:12:14,esterno,3184,11016,11132,-148,83,-41,456268
2026-05-19 20:12:14,lombar,8076,508,-13908,95,-243,305,1113723
2026-05-19 20:12:14,esterno,3064,11028,11076,-148,40,-24,456290
2026-05-19 20:12:14,lombar,8076,584,-14068,80,-256,312,1113745
2026-05-19 20:12:14,esterno,3204,10932,10980,-238,63,30,456312
2026-05-19 20:12:14,lombar,8104,512,-13920,73,-270,297,1113767
2026-05-19 20:12:14,esterno,3112,11092,11080,-305,29,52,456334
2026-05-19 20:12:14,lombar,8040,484,-13956,81,-277,361,1113789
2026-05-19 20:12:14,esterno,3148,11000,10996,-264,165,32,456356
2026-05-19 20:12:14,lombar,8124,508,-14032,88,-286,376,1113811
2026-05-19 20:12:14,esterno,3292,10948,10964,-258,237,-6,456378
2026-05-19 20:12:14,lombar,8108,480,-14088,55,-305,331,1113833
2026-05-19 20:12:14,esterno,3192,11100,11224,-319,148,21,456400
2026-05-19 20:12:14,lombar,8116,472,-14016,61,-257,394,1113855
2026-05-19 20:12:14,esterno,3032,11040,10884,-507,-21,150,456422
2026-05-19 20:12:14,lombar,8044,416,-13960,77,-259,329,1113877
2026-05-19 20:12:14,esterno,2924,10988,11016,-635,-20,156,456444
2026-05-19 20:12:14,lombar,8088,548,-14012,84,-259,334,1113899
2026-05-19 20:12:14,esterno,3000,10948,10924,-715,-110,175,456466
2026-05-19 20:12:14,lombar,8028,536,-13984,93,-275,342,1113921
2026-05-19 20:12:14,esterno,3072,10884,11316,-812,-283,226,456488
2026-05-19 20:12:14,lombar,8096,404,-13812,101,-288,326,1113943
2026-05-19 20:12:14,esterno,3272,11008,11488,-852,-523,354,456510
2026-05-19 20:12:15,lombar,8056,424,-13964,120,-303,306,1113965
2026-05-19 20:12:15,esterno,3156,10972,10868,-322,-76,208,456532
2026-05-19 20:12:15,lombar,8048,480,-14000,191,-281,362,1113987
2026-05-19 20:12:15,esterno,3316,10880,11356,-633,-406,299,456554
2026-05-19 20:12:15,lombar,8104,524,-13956,83,-307,300,1114009
2026-05-19 20:12:15,esterno,3296,10884,11484,-796,-379,246,456576
2026-05-19 20:12:15,lombar,8032,528,-14100,112,-318,302,1114031
2026-05-19 20:12:15,esterno,3128,10588,11104,-551,-355,307,456598
2026-05-19 20:12:15,lombar,8068,516,-13968,62,-268,385,1114053
2026-05-19 20:12:15,esterno,3100,10572,11228,-452,-100,182,456620
2026-05-19 20:12:15,lombar,8184,560,-14096,39,-248,331,1114075
2026-05-19 20:12:15,esterno,3440,10492,11148,-332,-63,82,456642
2026-05-19 20:12:15,lombar,8116,564,-13948,63,-206,327,1114097
2026-05-19 20:12:15,esterno,3324,10728,11180,-260,169,-9,456664
2026-05-19 20:12:15,lombar,8184,624,-13852,16,-299,390,1114119
2026-05-19 20:12:15,esterno,3156,10840,11420,-252,84,-89,456686
2026-05-19 20:12:15,lombar,8176,512,-13912,-13,-232,394,1114141
2026-05-19 20:12:15,esterno,3360,10744,11208,-215,-11,-41,456708
2026-05-19 20:12:15,lombar,8052,460,-13932,49,-197,379,1114163
2026-05-19 20:12:15,esterno,3260,10756,11196,-314,2,114,456730
2026-05-19 20:12:15,lombar,8108,356,-13940,100,-188,264,1114185
2026-05-19 20:12:15,esterno,3344,10788,11024,-447,98,44,456752
2026-05-19 20:12:15,lombar,8096,496,-13940,74,-237,305,1114207
2026-05-19 20:12:15,esterno,3376,10648,11340,-401,180,-72,456774
2026-05-19 20:12:15,lombar,8196,460,-14140,124,-289,303,1114229
2026-05-19 20:12:15,esterno,3520,10780,11352,-412,127,12,456796
2026-05-19 20:12:15,lombar,8184,520,-14004,177,-299,316,1114251
2026-05-19 20:12:15,esterno,3368,10664,11372,-451,333,92,456818
2026-05-19 20:12:15,lombar,8108,504,-13964,123,-279,312,1114273
2026-05-19 20:12:15,esterno,3284,10580,11452,-81,302,1,456840
2026-05-19 20:12:15,lombar,8088,540,-13984,120,-302,338,1114295
2026-05-19 20:12:15,esterno,3520,10724,11344,-146,289,-76,456862
2026-05-19 20:12:15,lombar,8204,552,-13800,136,-326,295,1114317
2026-05-19 20:12:15,esterno,3328,10928,11180,-240,340,-66,456884
2026-05-19 20:12:15,lombar,8168,564,-13848,162,-288,362,1114339
2026-05-19 20:12:15,esterno,3152,10968,11260,-528,183,-8,456906
2026-05-19 20:12:15,esterno,3228,10736,11192,-573,26,77,456928
2026-05-19 20:12:15,lombar,8128,400,-14036,158,-284,370,1114361
2026-05-19 20:12:15,lombar,8104,448,-13836,96,-268,320,1114383
2026-05-19 20:12:15,esterno,3012,10592,11264,-677,-24,160,456950
2026-05-19 20:12:15,lombar,8140,568,-14228,34,-255,366,1114405
2026-05-19 20:12:15,esterno,3088,10476,11284,-649,-106,84,456972
2026-05-19 20:12:15,lombar,8104,592,-14104,17,-281,408,1114427
2026-05-19 20:12:15,esterno,3280,10504,11324,-532,-90,71,456994
2026-05-19 20:12:15,lombar,8208,444,-13832,55,-249,343,1114449
2026-05-19 20:12:15,esterno,3516,10528,11392,-432,-46,155,457016
2026-05-19 20:12:15,lombar,8176,524,-14068,94,-277,397,1114471
2026-05-19 20:12:15,esterno,3476,10536,11476,-362,24,61,457038
2026-05-19 20:12:15,lombar,8080,488,-13952,76,-274,327,1114493
2026-05-19 20:12:15,esterno,3360,10592,11336,-250,48,-56,457060
2026-05-19 20:12:15,lombar,8136,420,-14016,71,-231,266,1114515
2026-05-19 20:12:15,esterno,3304,10704,11404,-154,83,-95,457082
2026-05-19 20:12:15,lombar,8184,652,-13804,114,-272,310,1114537
2026-05-19 20:12:15,esterno,3344,10576,11372,-24,174,-106,457104
2026-05-19 20:12:15,lombar,8108,504,-13948,92,-320,304,1114559
2026-05-19 20:12:15,esterno,3416,10752,11256,104,223,-39,457126
2026-05-19 20:12:15,lombar,8084,472,-14000,79,-272,339,1114581
2026-05-19 20:12:15,esterno,3376,10508,11068,-60,171,-24,457148
2026-05-19 20:12:15,lombar,8216,540,-13936,72,-244,297,1114603
2026-05-19 20:12:15,esterno,3376,10496,11452,-203,-44,-57,457170
2026-05-19 20:12:15,lombar,8096,532,-13836,64,-327,285,1114625
2026-05-19 20:12:15,esterno,3336,10632,11060,104,115,-95,457192
2026-05-19 20:12:15,lombar,8092,612,-13988,83,-323,297,1114647
2026-05-19 20:12:15,esterno,3376,10696,11596,35,131,-22,457214
2026-05-19 20:12:15,lombar,8080,572,-13816,95,-280,361,1114669
2026-05-19 20:12:15,esterno,3604,10716,11656,-126,-84,17,457236
2026-05-19 20:12:15,lombar,8072,512,-14000,42,-260,241,1114691
2026-05-19 20:12:15,esterno,3464,10764,11344,-109,-169,-9,457258
2026-05-19 20:12:15,lombar,8148,576,-13972,117,-298,307,1114713
2026-05-19 20:12:15,esterno,3168,10608,11120,-192,120,-76,457280
2026-05-19 20:12:15,lombar,8076,500,-14056,85,-220,371,1114735
2026-05-19 20:12:15,esterno,3380,10468,11224,-165,116,-64,457302
2026-05-19 20:12:15,lombar,8164,400,-13984,64,-197,326,1114757
2026-05-19 20:12:15,esterno,3424,10704,11408,-242,263,-9,457324
2026-05-19 20:12:15,lombar,8128,548,-13796,93,-243,356,1114779
2026-05-19 20:12:15,esterno,3224,10608,11312,-374,285,-16,457346
2026-05-19 20:12:15,lombar,8036,484,-14044,65,-253,372,1114801
2026-05-19 20:12:15,esterno,3244,10552,11608,-451,118,-61,457368
2026-05-19 20:12:15,lombar,8152,468,-13960,64,-210,332,1114823
2026-05-19 20:12:15,esterno,3456,10744,11468,-317,73,23,457390
2026-05-19 20:12:15,lombar,8112,516,-13952,119,-262,318,1114845
2026-05-19 20:12:15,esterno,3440,10640,11320,-354,117,142,457412
2026-05-19 20:12:15,lombar,8076,516,-13912,139,-266,309,1114867
2026-05-19 20:12:15,esterno,3440,10668,11484,-507,229,144,457434
2026-05-19 20:12:15,lombar,8128,396,-13952,119,-316,277,1114889
2026-05-19 20:12:15,esterno,3356,10508,11480,-465,268,76,457456
2026-05-19 20:12:15,lombar,8224,544,-14092,187,-258,295,1114911
2026-05-19 20:12:15,esterno,3460,10448,11460,-669,259,81,457478
2026-05-19 20:12:15,lombar,8168,580,-13940,200,-190,324,1114933
2026-05-19 20:12:15,esterno,3188,10464,11364,-570,365,69,457500
2026-05-19 20:12:15,lombar,8184,404,-14064,130,-157,327,1114955
2026-05-19 20:12:15,esterno,3292,10392,11508,-691,190,119,457522
2026-05-19 20:12:16,lombar,8224,648,-14176,190,-185,380,1114977
2026-05-19 20:12:16,esterno,3452,10776,11372,-862,294,152,457544
2026-05-19 20:12:16,lombar,8116,500,-14100,180,-77,391,1114999
2026-05-19 20:12:16,esterno,3340,10520,11568,-773,292,51,457566
2026-05-19 20:12:16,lombar,8252,472,-13888,107,-186,388,1115021
2026-05-19 20:12:16,esterno,3508,10644,11840,-527,101,24,457588
2026-05-19 20:12:16,lombar,8128,532,-13876,139,-224,387,1115043
2026-05-19 20:12:16,esterno,3256,10544,11092,-435,-21,77,457610
2026-05-19 20:12:16,lombar,8004,516,-14080,141,-124,385,1115065
2026-05-19 20:12:16,esterno,3216,10276,11492,-743,65,159,457632
2026-05-19 20:12:16,lombar,8228,492,-13816,52,-259,417,1115087
2026-05-19 20:12:16,esterno,3304,10388,11472,-515,77,104,457654
2026-05-19 20:12:16,lombar,8144,332,-13828,133,-286,351,1115109
2026-05-19 20:12:16,esterno,3312,10396,11396,-405,58,31,457676
2026-05-19 20:12:16,lombar,8176,356,-14008,198,-211,270,1115131
2026-05-19 20:12:16,esterno,3516,10248,11540,-565,85,19,457698
2026-05-19 20:12:16,lombar,8220,472,-13836,185,-210,325,1115153
2026-05-19 20:12:16,esterno,3400,10224,11736,-488,182,43,457720
2026-05-19 20:12:16,lombar,8060,592,-14072,175,-275,326,1115175
2026-05-19 20:12:16,esterno,3356,10320,11792,-325,209,42,457742
2026-05-19 20:12:16,lombar,8176,588,-14104,141,-227,296,1115197
2026-05-19 20:12:16,esterno,3312,10500,11716,-217,170,26,457764
2026-05-19 20:12:16,lombar,8236,536,-13944,122,-150,389,1115219
2026-05-19 20:12:16,esterno,3436,10336,11676,-203,119,6,457786
2026-05-19 20:12:16,lombar,8168,388,-13948,168,-131,330,1115241
2026-05-19 20:12:16,esterno,3364,10292,11844,-192,62,23,457808
2026-05-19 20:12:16,lombar,8156,492,-13888,137,-129,341,1115263
2026-05-19 20:12:16,esterno,3356,10368,11868,-183,-162,121,457830
2026-05-19 20:12:16,lombar,8164,444,-13908,175,-40,325,1115285
2026-05-19 20:12:16,esterno,3228,10360,11000,6,164,20,457852
2026-05-19 20:12:16,lombar,8200,468,-14132,202,1,438,1115307
2026-05-19 20:12:16,esterno,3416,10328,11684,-327,-184,18,457874
2026-05-19 20:12:16,lombar,8160,476,-13984,113,-156,352,1115329
2026-05-19 20:12:16,esterno,3556,10384,12020,-316,-211,-2,457896
2026-05-19 20:12:16,lombar,8156,356,-13876,190,-76,297,1115351
2026-05-19 20:12:16,esterno,3472,10508,11376,-27,-285,87,457918
2026-05-19 20:12:16,lombar,8200,512,-13848,201,-135,310,1115373
2026-05-19 20:12:16,esterno,3512,10248,10940,-277,-73,161,457940
2026-05-19 20:12:16,lombar,8304,288,-14000,127,-118,300,1115395
2026-05-19 20:12:16,esterno,3540,10136,11392,-387,98,83,457962
2026-05-19 20:12:16,lombar,8296,380,-13896,169,-233,285,1115417
2026-05-19 20:12:16,esterno,3684,10384,11600,-186,309,-76,457984
2026-05-19 20:12:16,lombar,8308,520,-13788,114,-291,385,1115439
2026-05-19 20:12:16,esterno,3368,10304,11544,-243,274,-143,458006
2026-05-19 20:12:16,lombar,8284,460,-13916,84,-242,339,1115461
2026-05-19 20:12:16,esterno,3420,10264,11748,-124,176,-1,458028
2026-05-19 20:12:16,lombar,8184,396,-13848,86,-298,291,1115483
2026-05-19 20:12:16,esterno,3488,10264,11892,-72,139,1,458050
2026-05-19 20:12:16,lombar,8168,464,-13976,100,-283,326,1115505
2026-05-19 20:12:16,esterno,3412,10392,11532,-285,267,-71,458072
2026-05-19 20:12:16,lombar,8288,496,-14008,51,-281,314,1115527
2026-05-19 20:12:16,esterno,3508,10352,11680,-389,428,-221,458094
2026-05-19 20:12:16,lombar,8340,528,-13992,5,-346,389,1115549
2026-05-19 20:12:16,esterno,3448,10300,11428,-317,331,-238,458116
2026-05-19 20:12:16,lombar,8164,444,-14064,44,-262,434,1115571
2026-05-19 20:12:16,esterno,3356,10280,11936,-427,275,-75,458138
2026-05-19 20:12:16,lombar,8228,292,-13804,-5,-221,393,1115593
2026-05-19 20:12:16,esterno,3408,10632,11496,-221,211,68,458160
2026-05-19 20:12:16,lombar,8212,340,-13884,149,-180,350,1115615
2026-05-19 20:12:16,esterno,3392,10268,11332,-409,252,170,458182
2026-05-19 20:12:16,lombar,8236,528,-13984,166,-175,327,1115637
2026-05-19 20:12:16,esterno,3440,10148,11748,-712,406,165,458204
2026-05-19 20:12:16,lombar,8248,464,-13836,176,-178,339,1115659
2026-05-19 20:12:16,esterno,3188,10396,11476,-452,385,146,458226
2026-05-19 20:12:16,lombar,8292,456,-13888,193,-110,302,1115681
2026-05-19 20:12:16,esterno,2992,10236,11588,-559,171,263,458248
2026-05-19 20:12:16,lombar,8256,376,-13824,187,-250,250,1115703
2026-05-19 20:12:16,esterno,3228,9864,11356,-633,398,282,458270
2026-05-19 20:12:16,lombar,8216,376,-13736,181,-227,303,1115725
2026-05-19 20:12:16,esterno,3176,9760,11456,-584,614,280,458292
2026-05-19 20:12:16,lombar,8396,600,-14096,217,-146,263,1115747
2026-05-19 20:12:16,esterno,3412,9920,11704,-769,333,101,458314
2026-05-19 20:12:16,lombar,8148,508,-13984,51,-254,280,1115769
2026-05-19 20:12:16,esterno,3148,9900,11948,-317,48,37,458336
2026-05-19 20:12:16,lombar,8160,344,-13900,-109,-291,323,1115791
2026-05-19 20:12:16,esterno,3436,9932,11968,418,-43,-143,458358
2026-05-19 20:12:16,lombar,8220,196,-14016,-13,-364,232,1115813
2026-05-19 20:12:16,esterno,3888,10276,12044,662,65,-324,458380
2026-05-19 20:12:16,lombar,8308,440,-13888,60,-294,245,1115835
2026-05-19 20:12:16,esterno,4108,10848,11836,131,556,-704,458402
2026-05-19 20:12:16,lombar,8132,404,-13872,39,-76,284,1115857
2026-05-19 20:12:16,esterno,3824,10668,11752,-345,802,-1040,458424
2026-05-19 20:12:16,lombar,8288,280,-14092,33,-8,211,1115879
2026-05-19 20:12:16,esterno,3352,10580,11712,-649,883,-1028,458446
2026-05-19 20:12:16,lombar,8292,560,-13992,201,58,225,1115901
2026-05-19 20:12:16,esterno,3188,10288,11648,-371,578,-637,458468
2026-05-19 20:12:16,lombar,8296,692,-13732,98,3,284,1115923
2026-05-19 20:12:16,esterno,2848,9800,11288,981,338,-271,458490
2026-05-19 20:12:16,lombar,8248,856,-13696,17,-115,385,1115945
2026-05-19 20:12:16,esterno,2952,10496,12032,28,-200,-118,458512
2026-05-19 20:12:17,lombar,8348,296,-13820,-17,-46,425,1115967
2026-05-19 20:12:17,esterno,3336,10576,11820,-603,-213,220,458534
2026-05-19 20:12:17,lombar,8256,676,-13820,80,-88,390,1115989
2026-05-19 20:12:17,esterno,3684,10564,11576,-109,-174,404,458556
2026-05-19 20:12:17,lombar,8332,232,-13804,214,-296,483,1116011
2026-05-19 20:12:17,esterno,3712,10352,11436,-441,-190,314,458578
2026-05-19 20:12:17,lombar,8312,588,-13860,83,-190,481,1116033
2026-05-19 20:12:17,esterno,3668,10172,11620,-1035,269,276,458600
2026-05-19 20:12:17,lombar,8416,440,-13760,54,-327,435,1116055
2026-05-19 20:12:17,esterno,3320,10272,11460,-392,744,272,458622
2026-05-19 20:12:17,lombar,8204,476,-13888,147,-273,500,1116077
2026-05-19 20:12:17,esterno,2876,10260,11792,-175,652,279,458644
2026-05-19 20:12:17,lombar,8480,472,-13632,114,-330,484,1116099
2026-05-19 20:12:17,esterno,2500,10268,11876,-296,420,124,458666
2026-05-19 20:12:17,lombar,8292,352,-13760,127,-379,416,1116121
2026-05-19 20:12:17,esterno,2676,9852,11712,-128,277,-146,458688
2026-05-19 20:12:17,lombar,8220,196,-13952,86,-388,389,1116143
2026-05-19 20:12:17,esterno,2604,10012,11916,123,101,-380,458710
2026-05-19 20:12:17,lombar,8428,384,-13664,140,-297,357,1116165
2026-05-19 20:12:17,esterno,2836,9792,11944,174,-202,-339,458732
2026-05-19 20:12:17,lombar,8256,308,-13844,163,-303,368,1116187
2026-05-19 20:12:17,esterno,3256,9988,11744,-2,39,-457,458754
2026-05-19 20:12:17,lombar,8296,336,-13792,210,-331,365,1116209
2026-05-19 20:12:17,esterno,3620,10204,11812,-226,186,-732,458776
2026-05-19 20:12:17,lombar,8364,428,-13756,214,-219,316,1116231
2026-05-19 20:12:17,esterno,3724,10608,11740,-205,418,-710,458798
2026-05-19 20:12:17,lombar,8400,392,-13696,280,-201,279,1116253
2026-05-19 20:12:17,esterno,3664,10352,11748,-329,768,-379,458820
2026-05-19 20:12:17,lombar,8292,360,-13940,220,-282,221,1116275
2026-05-19 20:12:17,esterno,3212,10412,11672,-270,825,-319,458842
2026-05-19 20:12:17,lombar,8364,436,-13784,114,-280,298,1116297
2026-05-19 20:12:17,esterno,2880,10128,11828,241,897,-352,458864
2026-05-19 20:12:17,lombar,8228,412,-13968,42,-282,185,1116319
2026-05-19 20:12:17,esterno,2400,10344,11972,526,585,-286,458886
2026-05-19 20:12:17,lombar,8296,288,-13928,14,-284,192,1116341
2026-05-19 20:12:17,esterno,2344,10572,11516,44,161,52,458908
2026-05-19 20:12:17,lombar,8264,444,-13780,24,-295,256,1116363
2026-05-19 20:12:17,esterno,2968,10388,11708,-17,52,160,458930
2026-05-19 20:12:17,lombar,8132,408,-13892,38,-243,254,1116385
2026-05-19 20:12:17,esterno,3572,10280,11780,-121,-37,102,458952
2026-05-19 20:12:17,lombar,8188,412,-13872,109,-321,313,1116407
2026-05-19 20:12:17,esterno,3548,9992,11836,-197,69,1,458974
2026-05-19 20:12:17,lombar,8216,560,-13932,152,-322,244,1116429
2026-05-19 20:12:17,esterno,3176,10148,11964,-193,-35,-97,458996
2026-05-19 20:12:17,lombar,8228,432,-13880,77,-258,302,1116451
2026-05-19 20:12:17,esterno,3084,10204,12052,-73,-162,-63,459018
2026-05-19 20:12:17,esterno,3164,10360,12024,-40,-241,88,459040
2026-05-19 20:12:17,lombar,8232,676,-14116,29,-268,318,1116473
2026-05-19 20:12:17,lombar,8284,452,-14132,-30,-221,390,1116495
2026-05-19 20:12:17,esterno,3124,10420,12028,167,-346,50,459062
2026-05-19 20:12:17,lombar,8320,400,-13884,-51,-127,423,1116517
2026-05-19 20:12:17,esterno,3392,10200,11968,335,-435,-49,459084
2026-05-19 20:12:17,lombar,8220,384,-13628,-26,-163,435,1116539
2026-05-19 20:12:17,esterno,3344,10096,11728,283,-360,17,459106
2026-05-19 20:12:17,lombar,8284,488,-13812,172,-112,418,1116561
2026-05-19 20:12:17,esterno,3476,10284,11472,-80,-19,-14,459128
2026-05-19 20:12:17,lombar,8440,488,-13764,246,-84,455,1116583
2026-05-19 20:12:17,esterno,3408,10504,11612,-308,-79,-116,459150
2026-05-19 20:12:17,lombar,8364,304,-13960,359,-22,456,1116605
2026-05-19 20:12:17,esterno,3316,10868,10992,-609,230,-61,459172
2026-05-19 20:12:17,lombar,8424,488,-13604,669,-19,411,1116627
2026-05-19 20:12:17,esterno,3396,10468,10780,-1146,584,317,459194
2026-05-19 20:12:17,lombar,8356,476,-13616,545,-166,471,1116649
2026-05-19 20:12:17,esterno,3148,9980,10972,-925,647,409,459216
2026-05-19 20:12:17,lombar,8484,376,-13540,361,-284,483,1116671
2026-05-19 20:12:17,esterno,2876,9768,11380,-307,734,295,459238
2026-05-19 20:12:17,lombar,8492,368,-13716,304,-360,456,1116693
2026-05-19 20:12:17,esterno,2612,9760,11916,-29,778,-7,459260
2026-05-19 20:12:17,lombar,8384,220,-13716,94,-455,440,1116715
2026-05-19 20:12:17,esterno,2816,9976,12448,180,548,-352,459282
2026-05-19 20:12:17,lombar,8308,60,-13880,194,-421,287,1116737
2026-05-19 20:12:17,esterno,3192,10448,11588,113,485,-713,459304
2026-05-19 20:12:17,lombar,8256,212,-14132,134,-311,288,1116759
2026-05-19 20:12:17,esterno,2944,10820,11788,-274,333,-763,459326
2026-05-19 20:12:17,lombar,8324,320,-14236,86,-251,243,1116781
2026-05-19 20:12:17,esterno,2388,10488,11688,-787,240,-374,459348
2026-05-19 20:12:17,lombar,8300,368,-13976,-39,-283,288,1116803
2026-05-19 20:12:17,esterno,2076,9984,12172,-136,-47,-222,459370
2026-05-19 20:12:17,lombar,8304,420,-13904,-73,-212,319,1116825
2026-05-19 20:12:17,esterno,2700,10444,11904,-681,-465,-71,459392
2026-05-19 20:12:17,lombar,8256,364,-13728,-23,-210,295,1116847
2026-05-19 20:12:17,esterno,3424,10460,11536,-939,-253,34,459414
2026-05-19 20:12:17,lombar,8372,348,-13768,38,-192,381,1116869
2026-05-19 20:12:17,esterno,3620,10500,12036,-883,-159,189,459436
2026-05-19 20:12:17,lombar,8400,292,-13460,156,-305,290,1116891
2026-05-19 20:12:17,esterno,3256,9932,11736,-912,230,336,459458
2026-05-19 20:12:17,lombar,8376,452,-13964,81,-158,291,1116913
2026-05-19 20:12:17,esterno,2568,9644,11772,-513,144,127,459480
2026-05-19 20:12:17,lombar,8392,368,-13848,-11,-109,320,1116935
2026-05-19 20:12:17,esterno,2932,9980,12380,-805,113,29,459502
2026-05-19 20:12:17,lombar,8412,204,-13780,163,-267,339,1116957
2026-05-19 20:12:18,esterno,3308,10288,11816,-450,-99,119,459524
2026-05-19 20:12:18,lombar,8232,368,-13728,180,-34,269,1116979
2026-05-19 20:12:18,esterno,3520,10316,12088,-599,-120,191,459546
2026-05-19 20:12:18,lombar,8392,340,-13828,237,-51,275,1117001
2026-05-19 20:12:18,esterno,3664,10012,11652,-530,1,182,459568
2026-05-19 20:12:18,lombar,8392,420,-13796,381,-104,283,1117023
2026-05-19 20:12:18,esterno,3632,10004,11872,2,114,93,459590
2026-05-19 20:12:18,lombar,8352,420,-13700,396,-125,325,1117045
2026-05-19 20:12:18,esterno,3068,9916,12084,-125,148,365,459612
2026-05-19 20:12:18,lombar,8396,412,-13896,432,-96,412,1117067
2026-05-19 20:12:18,esterno,2868,9920,11952,44,-125,450,459634
2026-05-19 20:12:18,lombar,8368,236,-13804,422,-8,391,1117089
2026-05-19 20:12:18,esterno,2832,10168,11984,354,-225,110,459656
2026-05-19 20:12:18,lombar,8476,376,-13764,239,-113,417,1117111
2026-05-19 20:12:18,esterno,3496,10772,12356,-53,-344,26,459678
2026-05-19 20:12:18,lombar,8448,372,-13856,1,-222,448,1117133
2026-05-19 20:12:18,esterno,3824,10748,11552,-538,-513,164,459700
2026-05-19 20:12:18,lombar,8392,264,-13788,13,-75,446,1117155
2026-05-19 20:12:18,esterno,3728,10268,11428,-611,-315,376,459722
2026-05-19 20:12:18,esterno,3244,9644,11460,-425,-38,675,459744
2026-05-19 20:12:18,lombar,8404,316,-13764,239,-171,457,1117177
2026-05-19 20:12:18,lombar,8344,192,-13624,277,-268,431,1117199
2026-05-19 20:12:18,esterno,3244,9372,12024,-151,-217,522,459766
2026-05-19 20:12:18,lombar,8616,112,-14092,347,-171,404,1117221
2026-05-19 20:12:18,esterno,3052,9644,11856,-391,-103,112,459788
2026-05-19 20:12:18,lombar,8420,120,-13780,305,-273,344,1117243
2026-05-19 20:12:18,esterno,3060,10000,12156,-628,99,-120,459810
2026-05-19 20:12:18,lombar,8436,240,-13932,197,-278,337,1117265
2026-05-19 20:12:18,esterno,2988,9744,12100,-302,6,-161,459832
2026-05-19 20:12:18,lombar,8512,164,-13928,301,-125,366,1117287
2026-05-19 20:12:18,esterno,3144,9972,12692,151,-46,-150,459854
2026-05-19 20:12:18,lombar,8408,276,-13976,317,-35,369,1117309
2026-05-19 20:12:18,esterno,2956,10036,12384,127,5,-221,459876
2026-05-19 20:12:18,lombar,8384,144,-13984,245,33,435,1117331
2026-05-19 20:12:18,esterno,3044,10188,12300,12,-270,-227,459898
2026-05-19 20:12:18,lombar,8408,112,-13868,240,38,325,1117353
2026-05-19 20:12:18,esterno,3096,10296,11664,-106,-409,-43,459920
2026-05-19 20:12:18,lombar,8432,208,-14076,217,6,334,1117375
2026-05-19 20:12:18,esterno,3380,9944,11972,-97,-339,167,459942
2026-05-19 20:12:18,lombar,8496,176,-13624,274,-90,418,1117397
2026-05-19 20:12:18,esterno,3756,9984,11704,58,-31,215,459964
2026-05-19 20:12:18,lombar,8528,144,-13496,300,-68,411,1117419
2026-05-19 20:12:18,esterno,3692,10212,11244,-277,239,275,459986
2026-05-19 20:12:18,lombar,8544,240,-13724,223,-61,376,1117441
2026-05-19 20:12:18,esterno,3456,10136,11924,-591,250,350,460008
2026-05-19 20:12:18,lombar,8644,208,-13828,150,113,397,1117463
2026-05-19 20:12:18,esterno,3340,10004,11760,-502,268,309,460030
2026-05-19 20:12:18,lombar,8500,84,-13568,53,-189,364,1117485
2026-05-19 20:12:18,esterno,3392,9928,11692,-586,197,296,460052
2026-05-19 20:12:18,lombar,8516,204,-13768,68,-218,353,1117507
2026-05-19 20:12:18,esterno,3272,9816,11876,-723,230,134,460074
2026-05-19 20:12:18,lombar,8656,328,-13584,106,-177,438,1117529
2026-05-19 20:12:18,esterno,3276,9704,11916,-296,-6,-71,460096
2026-05-19 20:12:18,lombar,8516,-8,-13796,155,-271,433,1117551
2026-05-19 20:12:18,esterno,3360,9692,11968,-2,-37,-90,460118
2026-05-19 20:12:18,lombar,8488,-20,-13564,100,-289,346,1117573
2026-05-19 20:12:18,esterno,3368,9804,12020,-4,-76,-3,460140
2026-05-19 20:12:18,lombar,8536,60,-13604,107,-285,327,1117595
2026-05-19 20:12:18,esterno,3552,9980,12108,-169,25,-6,460162
2026-05-19 20:12:18,lombar,8472,184,-13776,188,-364,363,1117617
2026-05-19 20:12:18,esterno,3428,9860,11944,-197,-60,-51,460184
2026-05-19 20:12:18,lombar,8544,100,-13868,108,-374,319,1117639
2026-05-19 20:12:18,esterno,3332,9688,11784,-46,-49,-105,460206
2026-05-19 20:12:18,lombar,8480,212,-13912,-4,-272,343,1117661
2026-05-19 20:12:18,esterno,3576,9860,11884,-212,69,-85,460228
2026-05-19 20:12:18,lombar,8576,156,-13924,2,-314,368,1117683
2026-05-19 20:12:18,esterno,3632,10064,12288,-224,226,16,460250
2026-05-19 20:12:18,lombar,8492,116,-13764,64,-230,288,1117705
2026-05-19 20:12:18,esterno,3620,10244,12276,-232,194,11,460272
2026-05-19 20:12:18,lombar,8608,308,-13640,52,-216,320,1117727
2026-05-19 20:12:18,esterno,3492,10052,12228,-271,-19,119,460294
2026-05-19 20:12:18,lombar,8460,164,-13596,45,-199,390,1117749
2026-05-19 20:12:18,esterno,3192,9896,11700,410,-82,164,460316
2026-05-19 20:12:18,lombar,8584,120,-13656,100,-196,398,1117771
2026-05-19 20:12:18,esterno,3040,10052,11720,432,-47,155,460338
2026-05-19 20:12:18,lombar,8664,92,-13768,58,-170,351,1117793
2026-05-19 20:12:18,esterno,3568,9940,11668,175,-134,270,460360
2026-05-19 20:12:18,lombar,8484,72,-13608,175,-272,308,1117815
2026-05-19 20:12:18,esterno,3780,9912,11696,12,6,319,460382
2026-05-19 20:12:18,lombar,8548,248,-13656,319,-271,288,1117837
2026-05-19 20:12:18,esterno,3624,9836,11732,-135,165,247,460404
2026-05-19 20:12:18,lombar,8532,260,-13824,315,-238,318,1117859
2026-05-19 20:12:18,esterno,3752,9956,11956,-169,224,203,460426
2026-05-19 20:12:18,lombar,8652,264,-13924,246,-110,393,1117881
2026-05-19 20:12:18,esterno,3568,9772,11820,155,585,-51,460448
2026-05-19 20:12:18,lombar,8620,328,-13812,147,-265,455,1117903
2026-05-19 20:12:18,esterno,3476,10116,12220,-55,501,-222,460470
2026-05-19 20:12:18,lombar,8560,240,-13844,45,-324,421,1117925
2026-05-19 20:12:18,esterno,3304,10080,12136,-57,315,-95,460492
2026-05-19 20:12:18,lombar,8520,180,-13692,61,-235,460,1117947
2026-05-19 20:12:18,esterno,3272,9996,11928,335,160,83,460514
2026-05-19 20:12:19,lombar,8512,84,-13764,82,-246,435,1117969
2026-05-19 20:12:19,esterno,3428,10004,12028,438,121,163,460536
2026-05-19 20:12:19,lombar,8436,-52,-13728,8,-395,384,1117991
2026-05-19 20:12:19,esterno,3520,9880,11936,419,231,114,460558
2026-05-19 20:12:19,lombar,8452,36,-13768,-2,-467,252,1118013
2026-05-19 20:12:19,esterno,3284,9904,11156,508,433,-3,460580
2026-05-19 20:12:19,lombar,8448,-52,-13528,-41,-552,248,1118035
2026-05-19 20:12:19,esterno,3284,9996,11640,364,396,-143,460602
2026-05-19 20:12:19,lombar,8472,-40,-13708,-109,-543,192,1118057
2026-05-19 20:12:19,esterno,3236,9892,11904,488,413,-239,460624
2026-05-19 20:12:19,lombar,8436,148,-13512,-119,-658,173,1118079
2026-05-19 20:12:19,esterno,3360,9984,11876,436,314,-276,460646
2026-05-19 20:12:19,lombar,8612,252,-13652,-22,-733,147,1118101
2026-05-19 20:12:19,esterno,3496,10300,11780,338,389,-351,460668
2026-05-19 20:12:19,lombar,8640,212,-13688,-145,-941,142,1118123
2026-05-19 20:12:19,esterno,3536,10400,11880,395,375,-509,460690
2026-05-19 20:12:19,lombar,8592,256,-13932,-305,-1123,166,1118145
2026-05-19 20:12:19,esterno,3324,10460,12028,476,409,-543,460712
2026-05-19 20:12:19,lombar,8440,260,-13736,-152,-868,228,1118167
2026-05-19 20:12:19,esterno,3384,10348,12084,481,277,-466,460734
2026-05-19 20:12:19,lombar,8360,176,-13988,-89,-822,214,1118189
2026-05-19 20:12:19,esterno,3376,10492,11976,348,239,-460,460756
2026-05-19 20:12:19,lombar,8288,144,-13948,-25,-536,256,1118211
2026-05-19 20:12:19,esterno,3452,10444,12028,92,179,-397,460778
2026-05-19 20:12:19,lombar,8304,172,-13940,-82,-647,290,1118233
2026-05-19 20:12:19,esterno,3428,10256,11824,33,144,-315,460800
2026-05-19 20:12:19,lombar,8248,288,-13804,-82,-687,289,1118255
2026-05-19 20:12:19,esterno,3248,10080,11704,334,117,-205,460822
2026-05-19 20:12:19,lombar,8324,236,-13968,-18,-675,285,1118277
2026-05-19 20:12:19,esterno,3360,10192,11684,475,254,-260,460844
2026-05-19 20:12:19,lombar,8232,356,-13968,-39,-609,394,1118299
2026-05-19 20:12:19,esterno,3328,10388,11764,613,285,-219,460866
2026-05-19 20:12:19,lombar,8340,260,-13876,-35,-567,401,1118321
2026-05-19 20:12:19,esterno,3108,10392,11780,669,176,-226,460888
2026-05-19 20:12:19,lombar,8364,224,-13868,-121,-585,369,1118343
2026-05-19 20:12:19,esterno,2996,10496,11168,759,382,-252,460910
2026-05-19 20:12:19,lombar,8192,304,-13684,-120,-525,314,1118365
2026-05-19 20:12:19,esterno,3176,10472,11620,614,209,-153,460932
2026-05-19 20:12:19,lombar,8400,248,-13840,-161,-558,295,1118387
2026-05-19 20:12:19,esterno,3244,10484,11836,525,199,-16,460954
2026-05-19 20:12:19,lombar,8340,252,-13880,-55,-545,290,1118409
2026-05-19 20:12:19,esterno,3160,10544,11180,604,148,37,460976
2026-05-19 20:12:19,lombar,8332,240,-13900,8,-501,330,1118431
2026-05-19 20:12:19,esterno,3272,10564,11076,487,337,-81,460998
2026-05-19 20:12:19,lombar,8260,240,-14116,-43,-528,244,1118453
2026-05-19 20:12:19,esterno,3368,10456,11444,468,497,-109,461020
2026-05-19 20:12:19,lombar,8240,488,-14072,95,-414,262,1118475
2026-05-19 20:12:19,esterno,3288,10632,11344,500,854,-150,461042
2026-05-19 20:12:19,lombar,8160,348,-13960,85,-405,339,1118497
2026-05-19 20:12:19,esterno,3040,10552,11512,406,771,-154,461064
2026-05-19 20:12:19,lombar,8076,240,-13980,-38,-392,342,1118519
2026-05-19 20:12:19,esterno,3064,10348,11536,684,505,-185,461086
2026-05-19 20:12:19,lombar,8220,356,-14000,-16,-311,275,1118541
2026-05-19 20:12:19,esterno,3160,10556,11536,618,375,-252,461108
2026-05-19 20:12:19,lombar,8240,372,-14028,34,-310,348,1118563
2026-05-19 20:12:19,esterno,3200,10848,11516,395,252,-75,461130
2026-05-19 20:12:19,lombar,8192,288,-13992,34,-304,412,1118585
2026-05-19 20:12:19,esterno,3124,10864,11276,259,142,-43,461152
2026-05-19 20:12:19,lombar,8220,332,-13832,20,-328,391,1118607
2026-05-19 20:12:19,esterno,3208,10888,11540,-29,144,-14,461174
2026-05-19 20:12:19,lombar,8240,420,-13860,86,-365,348,1118629
2026-05-19 20:12:19,esterno,3188,10584,11188,-149,179,-96,461196
2026-05-19 20:12:19,lombar,8152,260,-13964,59,-320,333,1118651
2026-05-19 20:12:19,esterno,3100,10824,11200,-114,-82,-49,461218
2026-05-19 20:12:19,lombar,8196,292,-13764,44,-360,290,1118673
2026-05-19 20:12:19,esterno,3076,10660,11396,-70,-280,33,461240
2026-05-19 20:12:19,lombar,8260,304,-13880,42,-402,281,1118695
2026-05-19 20:12:19,esterno,3088,10816,11140,-67,-148,22,461262
2026-05-19 20:12:19,lombar,8216,308,-13828,53,-419,353,1118717
2026-05-19 20:12:19,esterno,3112,10808,11264,-185,-65,67,461284
2026-05-19 20:12:19,lombar,8128,308,-13936,35,-315,344,1118739
2026-05-19 20:12:19,esterno,3180,10948,11384,-173,-166,170,461306
2026-05-19 20:12:19,lombar,8236,380,-14012,78,-388,353,1118761
2026-05-19 20:12:19,esterno,3276,10604,11296,-181,-100,155,461328
2026-05-19 20:12:19,lombar,8096,296,-13968,109,-343,286,1118783
2026-05-19 20:12:19,esterno,3388,10260,11184,-281,107,159,461350
2026-05-19 20:12:19,lombar,8100,296,-13932,96,-329,255,1118805
2026-05-19 20:12:19,esterno,3248,10388,11388,-99,199,167,461372
2026-05-19 20:12:19,lombar,8252,356,-14016,84,-340,342,1118827
2026-05-19 20:12:19,esterno,3240,10476,11464,-40,310,149,461394
2026-05-19 20:12:19,lombar,8032,452,-14064,79,-317,278,1118849
2026-05-19 20:12:19,esterno,3092,10736,11384,-122,333,107,461416
2026-05-19 20:12:19,lombar,8228,368,-14048,126,-327,284,1118871
2026-05-19 20:12:19,esterno,3276,10592,11460,-63,254,47,461438
2026-05-19 20:12:19,esterno,3124,10596,11412,25,130,-19,461460
2026-05-19 20:12:19,lombar,8124,412,-13984,80,-302,331,1118893
2026-05-19 20:12:19,lombar,8180,320,-13932,96,-306,330,1118915
2026-05-19 20:12:19,esterno,3200,10640,10964,162,354,-94,461482
2026-05-19 20:12:19,lombar,8236,332,-13896,78,-263,449,1118937
2026-05-19 20:12:19,esterno,3100,10796,11596,80,284,-81,461504
2026-05-19 20:12:19,lombar,8088,316,-14136,83,-343,427,1118959
2026-05-19 20:12:19,esterno,3256,10684,11580,5,134,7,461526
2026-05-19 20:12:20,lombar,8152,220,-13828,182,-388,407,1118981
2026-05-19 20:12:20,esterno,3084,10648,11348,71,156,67,461548
2026-05-19 20:12:20,lombar,8168,296,-13992,187,-354,364,1119003
2026-05-19 20:12:20,esterno,3216,10732,11132,-106,188,4,461570
2026-05-19 20:12:20,lombar,8160,352,-14000,117,-345,356,1119025
2026-05-19 20:12:20,esterno,3272,10796,11012,-107,357,-58,461592
2026-05-19 20:12:20,lombar,8124,372,-13888,99,-341,259,1119047
2026-05-19 20:12:20,esterno,2992,10800,11156,-18,550,-76,461614
2026-05-19 20:12:20,lombar,8216,364,-14120,77,-335,361,1119069
2026-05-19 20:12:20,esterno,2960,10924,11376,-64,459,90,461636
2026-05-19 20:12:20,lombar,8004,216,-14000,28,-362,301,1119091
2026-05-19 20:12:20,esterno,3112,10828,11408,11,336,238,461658
2026-05-19 20:12:20,lombar,8208,292,-14184,13,-180,234,1119113
2026-05-19 20:12:20,esterno,3128,10960,11696,-117,269,243,461680
2026-05-19 20:12:20,lombar,8172,216,-14160,-105,-24,252,1119135
2026-05-19 20:12:20,esterno,3084,11008,11376,-472,417,150,461702
2026-05-19 20:12:20,lombar,8172,244,-14068,-82,-116,340,1119157
2026-05-19 20:12:20,esterno,2956,10760,11456,-435,612,50,461724
2026-05-19 20:12:20,lombar,8108,364,-13788,57,-181,249,1119179
2026-05-19 20:12:20,esterno,3012,10672,11660,-472,494,116,461746
2026-05-19 20:12:20,lombar,8088,308,-14096,103,-138,274,1119201
2026-05-19 20:12:20,esterno,3040,10496,11240,-373,484,63,461768
2026-05-19 20:12:20,lombar,8136,336,-13724,85,-150,323,1119223
2026-05-19 20:12:20,esterno,3080,10484,11264,-184,347,72,461790
2026-05-19 20:12:20,lombar,8272,412,-13872,169,-202,323,1119245
2026-05-19 20:12:20,esterno,3256,10548,11236,-282,641,24,461812
2026-05-19 20:12:20,lombar,8120,440,-13892,194,-215,342,1119267
2026-05-19 20:12:20,esterno,3152,10716,11184,-261,723,0,461834
2026-05-19 20:12:20,lombar,8200,472,-13988,120,-300,382,1119289
2026-05-19 20:12:20,esterno,3036,10884,11580,-236,553,48,461856
2026-05-19 20:12:20,lombar,8088,436,-13892,102,-290,384,1119311
2026-05-19 20:12:20,esterno,3112,10812,11628,-25,343,180,461878
2026-05-19 20:12:20,lombar,8152,436,-13960,122,-271,374,1119333
2026-05-19 20:12:20,esterno,3460,10704,11480,46,497,221,461900
2026-05-19 20:12:20,lombar,8188,424,-14012,69,-267,343,1119355
2026-05-19 20:12:20,esterno,3424,10284,11284,52,766,242,461922
2026-05-19 20:12:20,lombar,8128,276,-13944,85,-254,331,1119377
2026-05-19 20:12:20,esterno,3108,10440,11088,213,1104,200,461944
2026-05-19 20:12:20,lombar,8160,268,-13948,117,-256,309,1119399
2026-05-19 20:12:20,esterno,2872,10512,11224,275,1469,103,461966
2026-05-19 20:12:20,lombar,8124,376,-14012,246,-223,329,1119421
2026-05-19 20:12:20,esterno,2940,10688,11032,-10,1650,-24,461988
2026-05-19 20:12:20,lombar,8112,400,-13792,362,-254,313,1119443
2026-05-19 20:12:20,esterno,3152,10724,11532,7,1388,-193,462010
2026-05-19 20:12:20,lombar,8168,272,-13844,320,-279,429,1119465
2026-05-19 20:12:20,esterno,2888,10580,11668,386,1102,-358,462032
2026-05-19 20:12:20,lombar,8184,304,-13764,251,-315,382,1119487
2026-05-19 20:12:20,esterno,2368,10604,11044,657,1737,-445,462054
2026-05-19 20:12:20,lombar,8300,352,-14072,223,-284,345,1119509
2026-05-19 20:12:20,esterno,2852,11004,12288,144,1135,-280,462076
2026-05-19 20:12:20,lombar,8216,324,-13992,292,-345,421,1119531
2026-05-19 20:12:20,esterno,2916,10888,11184,311,1187,-329,462098
2026-05-19 20:12:20,lombar,8212,316,-13896,273,-356,410,1119553
2026-05-19 20:12:20,esterno,2804,11044,11228,249,1303,-442,462120
2026-05-19 20:12:20,lombar,8096,380,-14024,268,-258,395,1119575
2026-05-19 20:12:20,esterno,2584,10548,11256,258,1479,-428,462142
2026-05-19 20:12:20,lombar,8276,232,-13928,272,-224,415,1119597
2026-05-19 20:12:20,esterno,2444,10828,11220,420,1506,-470,462164
2026-05-19 20:12:20,lombar,8156,400,-14200,272,-274,424,1119619
2026-05-19 20:12:20,esterno,2236,10992,11468,277,1455,-407,462186
2026-05-19 20:12:20,lombar,8268,320,-14012,215,-268,442,1119641
2026-05-19 20:12:20,esterno,2212,10884,11472,457,1284,-407,462208
2026-05-19 20:12:20,lombar,8052,168,-13988,254,-249,438,1119663
2026-05-19 20:12:20,esterno,2376,10788,11372,508,1136,-409,462230
2026-05-19 20:12:20,lombar,8112,100,-14056,174,-290,402,1119685
2026-05-19 20:12:20,esterno,2408,11080,11392,341,1120,-337,462252
2026-05-19 20:12:20,lombar,8104,124,-14072,177,-314,367,1119707
2026-05-19 20:12:20,esterno,2340,11208,11192,329,1083,-275,462274
2026-05-19 20:12:20,lombar,8172,120,-14044,216,-313,407,1119729
2026-05-19 20:12:20,esterno,2372,11216,11360,139,1113,-265,462296
2026-05-19 20:12:20,lombar,8244,168,-14144,245,-390,327,1119751
2026-05-19 20:12:20,esterno,2444,11284,11420,-220,935,-179,462318
2026-05-19 20:12:20,lombar,8144,224,-13976,258,-434,363,1119773
2026-05-19 20:12:20,esterno,2192,11072,10972,-122,1005,-155,462340
2026-05-19 20:12:20,lombar,8232,152,-13820,206,-419,323,1119795
2026-05-19 20:12:20,esterno,2228,11088,10972,-304,1016,-27,462362
2026-05-19 20:12:20,lombar,8232,100,-13824,244,-437,269,1119817
2026-05-19 20:12:20,esterno,2004,11008,11004,-523,1170,71,462384
2026-05-19 20:12:20,lombar,8196,208,-13912,202,-486,249,1119839
2026-05-19 20:12:20,esterno,1896,11020,11364,-667,1150,79,462406
2026-05-19 20:12:20,lombar,8132,212,-13864,144,-469,323,1119861
2026-05-19 20:12:20,esterno,1884,10888,11396,-670,891,125,462428
2026-05-19 20:12:20,lombar,8184,152,-13896,189,-454,359,1119883
2026-05-19 20:12:20,esterno,1944,10652,11484,-646,642,171,462450
2026-05-19 20:12:20,lombar,8036,260,-13900,249,-440,320,1119905
2026-05-19 20:12:20,esterno,2036,10820,11632,-502,291,116,462472
2026-05-19 20:12:20,lombar,8148,344,-14112,246,-444,404,1119927
2026-05-19 20:12:20,esterno,1784,10724,11488,-284,13,97,462494
2026-05-19 20:12:20,lombar,8056,180,-13908,199,-479,410,1119949
2026-05-19 20:12:20,esterno,1652,10620,11348,-98,-168,28,462516
2026-05-19 20:12:21,lombar,7988,152,-14000,99,-402,406,1119971
2026-05-19 20:12:21,esterno,1792,10336,11100,237,-9,64,462538
2026-05-19 20:12:21,lombar,8028,160,-14096,173,-357,351,1119993
2026-05-19 20:12:21,esterno,1704,10428,11456,215,99,-58,462560
2026-05-19 20:12:21,lombar,8180,116,-13944,113,-327,360,1120015
2026-05-19 20:12:21,esterno,1968,10684,11760,254,-184,-65,462582
2026-05-19 20:12:21,lombar,8012,76,-13896,31,-389,338,1120037
2026-05-19 20:12:21,esterno,2076,10816,10728,652,-56,-199,462604
2026-05-19 20:12:21,lombar,7964,68,-14048,-57,-290,320,1120059
2026-05-19 20:12:21,esterno,2268,11196,11992,497,-279,-189,462626
2026-05-19 20:12:21,lombar,8160,44,-14132,15,-282,307,1120081
2026-05-19 20:12:21,esterno,2136,11044,11496,233,-437,-79,462648
2026-05-19 20:12:21,lombar,8080,132,-14020,62,-327,274,1120103
2026-05-19 20:12:21,esterno,1932,11044,10948,346,-205,-1,462670
2026-05-19 20:12:21,lombar,8136,296,-14060,-7,-157,340,1120125
2026-05-19 20:12:21,esterno,1836,10964,11100,419,-61,-76,462692
2026-05-19 20:12:21,lombar,8120,148,-13888,-35,-204,344,1120147
2026-05-19 20:12:21,esterno,1896,11056,11112,673,8,-46,462714
2026-05-19 20:12:21,lombar,8056,400,-14088,-39,-184,340,1120169
2026-05-19 20:12:21,esterno,1952,11092,11084,480,70,34,462736
2026-05-19 20:12:21,lombar,7972,156,-13864,-170,-205,336,1120191
2026-05-19 20:12:21,esterno,1948,11284,11164,206,-157,138,462758
2026-05-19 20:12:21,lombar,8068,40,-14000,-114,-212,321,1120213
2026-05-19 20:12:21,esterno,2040,11228,11096,341,-347,294,462780
2026-05-19 20:12:21,lombar,7964,160,-13780,-57,-280,309,1120235
2026-05-19 20:12:21,esterno,2116,11264,11032,449,-436,373,462802
2026-05-19 20:12:21,lombar,8092,352,-13852,-48,-289,327,1120257
2026-05-19 20:12:21,esterno,2180,11064,11016,302,-464,389,462824
2026-05-19 20:12:21,lombar,8136,96,-13896,-1,-301,297,1120279
2026-05-19 20:12:21,esterno,2152,11044,11124,171,-576,292,462846
2026-05-19 20:12:21,lombar,8120,200,-13876,1,-350,306,1120301
2026-05-19 20:12:21,esterno,2316,11352,11040,75,-785,350,462868
2026-05-19 20:12:21,lombar,8072,352,-14084,91,-328,318,1120323
2026-05-19 20:12:21,esterno,2220,11404,11572,-31,-992,417,462890
2026-05-19 20:12:21,lombar,7980,296,-14088,18,-252,378,1120345
2026-05-19 20:12:21,esterno,2424,11216,11172,208,-1110,333,462912
2026-05-19 20:12:21,lombar,8172,288,-14236,-37,-169,345,1120367
2026-05-19 20:12:21,esterno,2664,11092,11192,204,-1070,260,462934
2026-05-19 20:12:21,lombar,8008,272,-14024,-27,-146,370,1120389
2026-05-19 20:12:21,esterno,2916,11252,10856,155,-702,222,462956
2026-05-19 20:12:21,lombar,8084,388,-14036,-89,-116,447,1120411
2026-05-19 20:12:21,esterno,2984,11336,10840,147,-497,352,462978
2026-05-19 20:12:21,lombar,8100,132,-13764,-146,-105,393,1120433
2026-05-19 20:12:21,esterno,2900,11260,10776,110,-315,408,463000
2026-05-19 20:12:21,lombar,8164,84,-13820,-58,-133,365,1120455
2026-05-19 20:12:21,esterno,2792,11016,10812,38,-337,375,463022
2026-05-19 20:12:21,lombar,8128,264,-13608,53,-144,355,1120477
2026-05-19 20:12:21,esterno,2356,10756,10616,43,-322,282,463044
2026-05-19 20:12:21,lombar,8076,340,-13928,66,-180,303,1120499
2026-05-19 20:12:21,esterno,2596,10900,10468,-26,-269,212,463066
2026-05-19 20:12:21,lombar,8060,296,-14000,104,-272,320,1120521
2026-05-19 20:12:21,esterno,3124,11452,10420,-233,-48,110,463088
2026-05-19 20:12:21,lombar,8140,148,-14008,66,-337,358,1120543
2026-05-19 20:12:21,esterno,2932,11600,10688,-315,202,88,463110
2026-05-19 20:12:21,lombar,8136,268,-13788,120,-361,271,1120565
2026-05-19 20:12:21,esterno,2852,11168,10880,-443,192,18,463132
2026-05-19 20:12:21,lombar,8160,240,-14028,140,-355,331,1120587
2026-05-19 20:12:21,esterno,2572,10992,10896,-315,211,-42,463154
2026-05-19 20:12:21,lombar,8092,336,-13752,142,-380,282,1120609
2026-05-19 20:12:21,esterno,2364,10948,10444,-93,646,-122,463176
2026-05-19 20:12:21,lombar,8128,240,-13752,127,-409,278,1120631
2026-05-19 20:12:21,esterno,2708,11084,11860,-344,-156,-113,463198
2026-05-19 20:12:21,lombar,8084,292,-13956,162,-381,330,1120653
2026-05-19 20:12:21,esterno,2660,10996,10764,-184,-126,-118,463220
2026-05-19 20:12:21,lombar,8100,380,-14036,138,-291,347,1120675
2026-05-19 20:12:21,esterno,2668,11348,11004,-97,-73,11,463242
2026-05-19 20:12:21,lombar,8088,340,-14104,39,-287,407,1120697
2026-05-19 20:12:21,esterno,2784,11308,11256,17,147,80,463264
2026-05-19 20:12:21,lombar,8200,392,-14212,73,-218,433,1120719
2026-05-19 20:12:21,esterno,2728,11320,11020,81,426,149,463286
2026-05-19 20:12:21,lombar,8156,368,-14120,25,-150,476,1120741
2026-05-19 20:12:21,esterno,2624,11240,11140,-64,390,105,463308
2026-05-19 20:12:21,lombar,8092,200,-14076,54,-94,443,1120763
2026-05-19 20:12:21,esterno,2584,11096,11004,37,228,74,463330
2026-05-19 20:12:21,lombar,8064,68,-13884,28,-134,455,1120785
2026-05-19 20:12:21,esterno,2512,11072,10888,70,242,134,463352
2026-05-19 20:12:21,lombar,8084,196,-13800,33,-172,425,1120807
2026-05-19 20:12:21,esterno,2640,11164,10868,-114,255,239,463374
2026-05-19 20:12:21,lombar,8204,116,-13736,58,-192,378,1120829
2026-05-19 20:12:21,esterno,2620,11156,10684,-152,253,200,463396
2026-05-19 20:12:21,lombar,8208,172,-13980,62,-287,317,1120851
2026-05-19 20:12:21,esterno,2744,11192,10824,-138,276,51,463418
2026-05-19 20:12:21,lombar,8220,204,-13972,131,-321,297,1120873
2026-05-19 20:12:21,esterno,2736,11536,10836,-130,307,24,463440
2026-05-19 20:12:21,lombar,8176,236,-13984,201,-296,271,1120895
2026-05-19 20:12:21,esterno,2648,11424,11168,-273,219,86,463462
2026-05-19 20:12:21,lombar,8112,304,-13872,186,-322,275,1120917
2026-05-19 20:12:21,esterno,2520,11300,10856,-222,239,100,463484
2026-05-19 20:12:21,lombar,8196,260,-13912,192,-266,338,1120939
2026-05-19 20:12:21,esterno,2892,11168,11124,-180,252,82,463506
2026-05-19 20:12:21,lombar,8260,328,-14008,120,-258,411,1120961
2026-05-19 20:12:22,esterno,2716,11336,11108,-88,303,53,463528
2026-05-19 20:12:22,lombar,8108,256,-14084,48,-229,407,1120983
2026-05-19 20:12:22,esterno,2692,11436,11236,-169,81,169,463550
2026-05-19 20:12:22,lombar,8084,264,-14036,90,-123,428,1121005
2026-05-19 20:12:22,esterno,2632,11316,11208,-265,31,233,463572
2026-05-19 20:12:22,lombar,8096,176,-14132,153,-120,380,1121027
2026-05-19 20:12:22,esterno,2804,11104,11132,-300,93,141,463594
2026-05-19 20:12:22,lombar,8120,220,-13796,162,-84,429,1121049
2026-05-19 20:12:22,esterno,2764,11112,10920,-253,166,67,463616
2026-05-19 20:12:22,lombar,8128,260,-13864,79,-117,418,1121071
2026-05-19 20:12:22,esterno,2648,11140,10936,-233,231,111,463638
2026-05-19 20:12:22,lombar,8176,228,-13900,162,-117,441,1121093
2026-05-19 20:12:22,esterno,2732,11188,11224,-268,127,79,463660
2026-05-19 20:12:22,lombar,8168,244,-13916,207,-148,392,1121115
2026-05-19 20:12:22,esterno,2756,11216,10856,-253,70,102,463682
2026-05-19 20:12:22,lombar,8308,176,-13932,196,-138,415,1121137
2026-05-19 20:12:22,esterno,2640,11140,10808,-236,107,57,463704
2026-05-19 20:12:22,lombar,8248,200,-13980,163,-188,426,1121159
2026-05-19 20:12:22,esterno,2688,11100,10736,-173,156,7,463726
2026-05-19 20:12:22,lombar,8144,116,-13772,114,-196,377,1121181
2026-05-19 20:12:22,esterno,2548,11244,10688,-162,113,73,463748
2026-05-19 20:12:22,lombar,8240,128,-13820,182,-166,407,1121203
2026-05-19 20:12:22,esterno,2684,11192,10928,-180,105,146,463770
2026-05-19 20:12:22,lombar,8128,148,-13964,182,-203,406,1121225
2026-05-19 20:12:22,esterno,2600,11104,10832,69,537,38,463792
2026-05-19 20:12:22,lombar,8148,176,-13856,130,-244,352,1121247
2026-05-19 20:12:22,esterno,2940,11224,11476,-113,-89,74,463814
2026-05-19 20:12:22,lombar,8188,144,-13912,248,-224,396,1121269
2026-05-19 20:12:22,esterno,2724,11092,10692,-240,-246,147,463836
2026-05-19 20:12:22,lombar,8180,184,-14120,146,-232,410,1121291
2026-05-19 20:12:22,esterno,2660,11040,10824,-126,-244,116,463858
2026-05-19 20:12:22,lombar,8276,72,-13972,157,-191,400,1121313
2026-05-19 20:12:22,esterno,2648,10960,10728,51,234,84,463880
2026-05-19 20:12:22,lombar,8308,200,-14044,218,-180,424,1121335
2026-05-19 20:12:22,esterno,2696,11336,10908,-12,432,59,463902
2026-05-19 20:12:22,lombar,8252,188,-14076,87,-185,501,1121357
2026-05-19 20:12:22,esterno,2716,11200,10988,-247,223,77,463924
2026-05-19 20:12:22,lombar,8104,92,-14036,85,-182,351,1121379
2026-05-19 20:12:22,esterno,2660,11024,10988,-128,101,86,463946
2026-05-19 20:12:22,lombar,8060,96,-13932,92,-181,337,1121401
2026-05-19 20:12:22,esterno,2624,10784,10908,-1,134,131,463968
2026-05-19 20:12:22,lombar,8172,204,-13808,57,-215,379,1121423
2026-05-19 20:12:22,esterno,2596,10892,10876,-11,-46,191,463990
2026-05-19 20:12:22,lombar,8260,76,-13744,-65,-320,368,1121445
2026-05-19 20:12:22,esterno,2784,10872,10728,-192,21,104,464012
2026-05-19 20:12:22,lombar,8244,8,-13940,32,-302,290,1121467
2026-05-19 20:12:22,esterno,2736,11028,10672,-294,-23,-12,464034
