timestamp,node,ax,ay,az,gx,gy,gz,t_ms
2026-05-19 20:12:34,lombar,8160,-1296,-14128,115,-263,372,1133809
2026-05-19 20:12:34,esterno,2560,10780,11648,112,126,-33,476376
2026-05-19 20:12:34,lombar,8128,-1216,-14024,224,-238,317,1133831
2026-05-19 20:12:34,esterno,2484,10948,11424,101,223,-32,476398
2026-05-19 20:12:34,lombar,8212,-1360,-13920,123,-284,329,1133853
2026-05-19 20:12:34,esterno,2592,11000,11488,73,208,40,476420
2026-05-19 20:12:34,lombar,8256,-1292,-14020,108,-223,283,1133875
2026-05-19 20:12:34,esterno,2716,10816,11308,42,233,151,476442
2026-05-19 20:12:34,lombar,8292,-1328,-13904,141,-180,327,1133897
2026-05-19 20:12:34,esterno,2588,10664,11168,-271,290,131,476464
2026-05-19 20:12:34,lombar,8188,-1544,-13820,151,-203,259,1133919
2026-05-19 20:12:34,esterno,2672,10492,11192,-431,452,96,476486
2026-05-19 20:12:34,lombar,8256,-1364,-13936,163,-195,230,1133941
2026-05-19 20:12:34,esterno,2608,10360,11372,-403,412,-22,476508
2026-05-19 20:12:34,lombar,8212,-1340,-13664,101,-263,214,1133963
2026-05-19 20:12:35,esterno,2484,10216,11248,-232,440,-164,476530
2026-05-19 20:12:35,lombar,8208,-1384,-13604,113,-266,237,1133985
2026-05-19 20:12:35,esterno,2236,10292,11372,-59,691,-149,476552
2026-05-19 20:12:35,lombar,8192,-1432,-13648,40,-386,229,1134007
2026-05-19 20:12:35,esterno,1868,10400,11000,-1,676,-140,476574
2026-05-19 20:12:35,lombar,8308,-1336,-13680,-120,-389,264,1134029
2026-05-19 20:12:35,esterno,2012,10544,11376,149,355,-20,476596
2026-05-19 20:12:35,lombar,8348,-1204,-13736,-206,-464,263,1134051
2026-05-19 20:12:35,esterno,2676,10796,11116,385,414,-111,476618
2026-05-19 20:12:35,lombar,8516,-1288,-13644,-410,-560,270,1134073
2026-05-19 20:12:35,esterno,2696,10876,10984,373,799,-327,476640
2026-05-19 20:12:35,lombar,8432,-1292,-13796,-492,-549,237,1134095
2026-05-19 20:12:35,esterno,2676,11172,11420,259,839,-110,476662
2026-05-19 20:12:35,lombar,7672,-852,-13728,-447,-523,105,1134117
2026-05-19 20:12:35,esterno,2888,11240,11304,-173,772,-88,476684
2026-05-19 20:12:35,lombar,9008,-1180,-15068,-104,118,736,1134139
2026-05-19 20:12:35,esterno,4024,12600,12096,-550,696,115,476706
2026-05-19 20:12:35,lombar,7980,-1912,-13284,-47,-99,241,1134161
2026-05-19 20:12:35,esterno,1952,12060,11628,-301,419,571,476728
2026-05-19 20:12:35,lombar,8432,-840,-13072,-386,-757,-391,1134183
2026-05-19 20:12:35,esterno,-48,10052,11264,140,52,483,476750
2026-05-19 20:12:35,lombar,7356,-1772,-13520,401,-687,54,1134205
2026-05-19 20:12:35,esterno,392,8420,10620,516,312,-31,476772
2026-05-19 20:12:35,lombar,8168,-1420,-14228,307,-464,226,1134227
2026-05-19 20:12:35,esterno,1892,9288,11204,114,443,-584,476794
2026-05-19 20:12:35,lombar,8576,-1308,-14344,603,-712,392,1134249
2026-05-19 20:12:35,esterno,2640,11172,11320,-394,194,-701,476816
2026-05-19 20:12:35,lombar,8272,-856,-14132,702,-1061,424,1134271
2026-05-19 20:12:35,esterno,2948,12528,11584,-589,-100,-447,476838
2026-05-19 20:12:35,lombar,8260,-764,-13884,303,-622,516,1134293
2026-05-19 20:12:35,esterno,3336,12556,11664,-841,304,-192,476860
2026-05-19 20:12:35,lombar,8148,-996,-13904,-253,-317,546,1134315
2026-05-19 20:12:35,esterno,3628,11000,11792,-1043,181,248,476882
2026-05-19 20:12:35,lombar,8032,-840,-14280,108,-1021,209,1134337
2026-05-19 20:12:35,esterno,3212,9600,11104,-159,-151,292,476904
2026-05-19 20:12:35,lombar,7908,-980,-14680,754,-665,594,1134359
2026-05-19 20:12:35,esterno,2848,9740,11320,149,-153,-129,476926
2026-05-19 20:12:35,lombar,8048,-1460,-13356,455,-397,590,1134381
2026-05-19 20:12:35,esterno,2900,10816,11300,-390,-313,-449,476948
2026-05-19 20:12:35,lombar,8240,-1316,-13636,496,-668,652,1134403
2026-05-19 20:12:35,esterno,2444,11632,12484,-526,-318,-111,476970
2026-05-19 20:12:35,lombar,7952,-1024,-14460,218,-672,581,1134425
2026-05-19 20:12:35,esterno,2212,11456,11940,-401,-552,572,476992
2026-05-19 20:12:35,lombar,7864,-1132,-14912,-39,-437,526,1134447
2026-05-19 20:12:35,esterno,2296,11404,11508,-623,-656,854,477014
2026-05-19 20:12:35,lombar,7900,-1384,-14532,43,-446,410,1134469
2026-05-19 20:12:35,esterno,2556,11356,11472,-1382,-404,1125,477036
2026-05-19 20:12:35,lombar,8076,-984,-14088,-63,-379,293,1134491
2026-05-19 20:12:35,esterno,2952,10948,11640,-699,-494,1172,477058
2026-05-19 20:12:35,lombar,8020,-856,-14176,-282,-378,345,1134513
2026-05-19 20:12:35,esterno,3288,10296,11332,-363,-147,1212,477080
2026-05-19 20:12:35,lombar,8076,-908,-13872,-276,-343,449,1134535
2026-05-19 20:12:35,esterno,3216,9800,11240,-802,42,1104,477102
2026-05-19 20:12:35,lombar,8100,-1200,-13760,-256,-318,441,1134557
2026-05-19 20:12:35,esterno,2956,9956,11544,-642,217,734,477124
2026-05-19 20:12:35,lombar,8152,-1228,-13644,-133,-268,518,1134579
2026-05-19 20:12:35,esterno,2624,10260,11536,-419,299,516,477146
2026-05-19 20:12:35,lombar,8224,-1096,-13508,-175,-162,433,1134601
2026-05-19 20:12:35,esterno,2468,10644,11152,-592,673,565,477168
2026-05-19 20:12:35,lombar,8272,-1376,-13600,-422,-191,326,1134623
2026-05-19 20:12:35,esterno,2116,10280,10812,-172,1231,431,477190
2026-05-19 20:12:35,lombar,8080,-1692,-13996,-354,-182,168,1134645
2026-05-19 20:12:35,esterno,2212,9872,10880,259,1711,-178,477212
2026-05-19 20:12:35,lombar,8284,-1732,-13924,332,88,194,1134667
2026-05-19 20:12:35,esterno,3060,11360,11564,-431,1185,-423,477234
2026-05-19 20:12:35,lombar,8248,-1672,-14060,562,-124,160,1134689
2026-05-19 20:12:35,esterno,1940,10676,12148,-592,1328,-664,477256
2026-05-19 20:12:35,lombar,7932,-1232,-13748,397,-420,215,1134711
2026-05-19 20:12:35,esterno,884,10084,12496,-671,666,-646,477278
2026-05-19 20:12:35,lombar,7848,-1504,-14180,260,-161,335,1134733
2026-05-19 20:12:35,esterno,1336,9000,12300,-283,-477,-413,477300
2026-05-19 20:12:35,lombar,7652,-1092,-14640,31,-96,435,1134755
2026-05-19 20:12:35,esterno,2268,9760,11796,-268,-1028,-517,477322
2026-05-19 20:12:35,lombar,8036,-1156,-14100,-12,-253,543,1134777
2026-05-19 20:12:35,esterno,3120,10112,11092,-324,-705,-765,477344
2026-05-19 20:12:35,lombar,7884,-1556,-13916,56,-281,421,1134799
2026-05-19 20:12:35,esterno,3900,10268,11116,-50,-112,-1004,477366
2026-05-19 20:12:35,lombar,7896,-1460,-14336,95,-177,334,1134821
2026-05-19 20:12:35,esterno,4064,10404,11508,-77,633,-1006,477388
2026-05-19 20:12:35,lombar,7996,-1400,-14308,423,-44,183,1134843
2026-05-19 20:12:35,esterno,2972,10968,12176,-201,1109,-674,477410
2026-05-19 20:12:35,lombar,8084,-1256,-14328,577,71,179,1134865
2026-05-19 20:12:35,esterno,1828,11148,12236,-36,797,-463,477432
2026-05-19 20:12:35,lombar,8108,-1120,-13856,471,-54,184,1134887
2026-05-19 20:12:35,esterno,1612,11124,11868,202,110,-206,477454
2026-05-19 20:12:35,lombar,8208,-788,-13820,283,-155,163,1134909
2026-05-19 20:12:35,esterno,1600,10984,11472,-137,-247,208,477476
2026-05-19 20:12:35,lombar,8336,-836,-13668,124,-247,302,1134931
2026-05-19 20:12:35,esterno,1828,10804,11236,-326,-373,562,477498
2026-05-19 20:12:35,lombar,8092,-992,-13508,-32,-462,370,1134953
2026-05-19 20:12:35,esterno,2212,10672,11304,-271,-385,822,477520
2026-05-19 20:12:36,lombar,8356,-1348,-13492,-118,-373,466,1134975
2026-05-19 20:12:36,esterno,2452,10432,11132,-291,-221,1064,477542
2026-05-19 20:12:36,lombar,8276,-1480,-13872,-218,-481,411,1134997
2026-05-19 20:12:36,esterno,2488,10328,11248,-260,-55,716,477564
2026-05-19 20:12:36,lombar,8144,-1528,-13944,-24,-563,326,1135019
2026-05-19 20:12:36,esterno,2456,10480,11248,-484,61,88,477586
2026-05-19 20:12:36,lombar,8132,-1512,-13948,97,-482,316,1135041
2026-05-19 20:12:36,esterno,2620,10524,11572,-519,199,-278,477608
2026-05-19 20:12:36,lombar,8144,-1500,-14196,120,-404,380,1135063
2026-05-19 20:12:36,esterno,2612,10348,11888,-316,238,-235,477630
2026-05-19 20:12:36,lombar,8028,-1384,-14104,151,-416,346,1135085
2026-05-19 20:12:36,esterno,2344,10104,12020,-226,-30,-196,477652
2026-05-19 20:12:36,lombar,7980,-1288,-14032,215,-429,313,1135107
2026-05-19 20:12:36,esterno,2524,9928,12024,-88,-332,-309,477674
2026-05-19 20:12:36,lombar,7952,-1256,-14104,193,-343,334,1135129
2026-05-19 20:12:36,esterno,2252,10064,11736,236,32,-280,477696
2026-05-19 20:12:36,lombar,7992,-984,-14036,150,-359,365,1135151
2026-05-19 20:12:36,esterno,2432,10344,11624,432,-288,32,477718
2026-05-19 20:12:36,esterno,2620,10820,12012,335,-466,402,477740
2026-05-19 20:12:36,lombar,8008,-1144,-14080,-92,-371,229,1135173
2026-05-19 20:12:36,lombar,8144,-1132,-14292,-36,-257,127,1135195
2026-05-19 20:12:36,esterno,2824,10984,11200,115,-320,551,477762
2026-05-19 20:12:36,lombar,8116,-1152,-14072,-45,-240,151,1135217
2026-05-19 20:12:36,esterno,3172,11356,11224,-36,57,342,477784
2026-05-19 20:12:36,lombar,8072,-1252,-14152,-63,-231,164,1135239
2026-05-19 20:12:36,esterno,3704,10948,11432,-37,753,122,477806
2026-05-19 20:12:36,lombar,8080,-1132,-14160,228,-130,149,1135261
2026-05-19 20:12:36,esterno,3480,10544,11432,-355,1153,-288,477828
2026-05-19 20:12:36,lombar,8172,-1108,-14080,238,-220,299,1135283
2026-05-19 20:12:36,esterno,2804,10080,11612,-343,982,-639,477850
2026-05-19 20:12:36,lombar,7904,-1184,-14056,178,-279,397,1135305
2026-05-19 20:12:36,esterno,2104,9956,11564,-139,701,-716,477872
2026-05-19 20:12:36,lombar,8064,-1060,-13944,253,-280,502,1135327
2026-05-19 20:12:36,esterno,1748,10256,11652,-211,430,-282,477894
2026-05-19 20:12:36,lombar,8060,-1176,-13996,127,-319,558,1135349
2026-05-19 20:12:36,esterno,2032,10400,11808,-350,85,16,477916
2026-05-19 20:12:36,lombar,7980,-1300,-14044,93,-358,521,1135371
2026-05-19 20:12:36,esterno,2508,10656,12032,-260,-84,83,477938
2026-05-19 20:12:36,lombar,8148,-1388,-13836,65,-274,479,1135393
2026-05-19 20:12:36,esterno,2444,10960,11784,-157,-74,-12,477960
2026-05-19 20:12:36,lombar,8132,-1096,-14048,50,-258,544,1135415
2026-05-19 20:12:36,esterno,2316,11092,11972,-223,19,24,477982
2026-05-19 20:12:36,lombar,7996,-1324,-13976,-16,-313,387,1135437
2026-05-19 20:12:36,esterno,2284,10624,11668,-324,144,61,478004
2026-05-19 20:12:36,lombar,8028,-1532,-13920,-39,-250,316,1135459
2026-05-19 20:12:36,esterno,2744,10276,11552,-372,17,67,478026
2026-05-19 20:12:36,lombar,8052,-1496,-14024,27,-205,331,1135481
2026-05-19 20:12:36,esterno,2792,10208,11360,-251,237,6,478048
2026-05-19 20:12:36,lombar,7928,-1272,-13772,-12,-278,242,1135503
2026-05-19 20:12:36,esterno,2448,10304,11416,-336,566,41,478070
2026-05-19 20:12:36,lombar,8052,-1224,-14036,-7,-202,261,1135525
2026-05-19 20:12:36,esterno,2440,10584,11776,-421,632,160,478092
2026-05-19 20:12:36,lombar,8112,-1200,-14140,110,-205,236,1135547
2026-05-19 20:12:36,esterno,2564,10620,12008,-442,575,74,478114
2026-05-19 20:12:36,lombar,8064,-1092,-14100,146,-182,238,1135569
2026-05-19 20:12:36,esterno,2648,10664,11952,-438,389,-124,478136
2026-05-19 20:12:36,lombar,7956,-1088,-14004,163,-197,306,1135591
2026-05-19 20:12:36,esterno,2224,10312,11792,-384,39,-195,478158
2026-05-19 20:12:36,lombar,8180,-1020,-13912,98,-255,327,1135613
2026-05-19 20:12:36,esterno,2112,10128,11612,-240,-271,39,478180
2026-05-19 20:12:36,lombar,8200,-1144,-13832,154,-291,370,1135635
2026-05-19 20:12:36,esterno,2440,10112,11316,-187,-511,177,478202
2026-05-19 20:12:36,lombar,8192,-1340,-13852,108,-328,468,1135657
2026-05-19 20:12:36,esterno,2356,10184,11252,-104,-457,189,478224
2026-05-19 20:12:36,esterno,2700,10176,11432,76,-20,147,478246
2026-05-19 20:12:36,lombar,8100,-1132,-13832,42,-386,510,1135679
2026-05-19 20:12:36,lombar,8176,-1288,-13780,147,-303,455,1135701
2026-05-19 20:12:36,esterno,2948,10188,11692,408,206,90,478268
2026-05-19 20:12:36,lombar,8040,-1428,-14092,49,-225,368,1135723
2026-05-19 20:12:36,esterno,2296,10568,12048,415,298,7,478290
2026-05-19 20:12:36,lombar,8164,-1436,-14124,-76,-228,238,1135745
2026-05-19 20:12:36,esterno,1632,10776,12252,652,-45,152,478312
2026-05-19 20:12:36,lombar,8008,-1228,-14160,-79,-225,132,1135767
2026-05-19 20:12:36,esterno,2020,10880,12124,546,-373,424,478334
2026-05-19 20:12:36,esterno,2584,10704,11516,180,-554,635,478356
2026-05-19 20:12:36,lombar,7956,-1220,-14088,-90,-235,182,1135789
2026-05-19 20:12:36,lombar,8036,-1304,-14140,-39,-221,167,1135811
2026-05-19 20:12:36,esterno,3012,10800,11272,108,209,482,478378
2026-05-19 20:12:36,lombar,7984,-1192,-14052,50,-227,178,1135833
2026-05-19 20:12:36,esterno,3392,10624,11812,-57,104,467,478400
2026-05-19 20:12:36,esterno,3124,10504,11864,-481,15,365,478422
2026-05-19 20:12:36,lombar,7876,-1172,-14084,19,-233,246,1135855
2026-05-19 20:12:36,esterno,2876,10424,11548,-741,-70,219,478444
2026-05-19 20:12:36,lombar,8024,-1056,-14112,182,-290,304,1135877
2026-05-19 20:12:36,lombar,8080,-1072,-13908,186,-303,319,1135899
2026-05-19 20:12:36,esterno,2548,10796,11532,-828,-199,262,478466
2026-05-19 20:12:36,lombar,8080,-1036,-14060,40,-364,406,1135921
2026-05-19 20:12:36,esterno,2584,10752,11248,-735,-245,504,478488
2026-05-19 20:12:36,lombar,8212,-992,-13812,90,-374,448,1135943
2026-05-19 20:12:36,esterno,2516,10296,11040,-719,132,326,478510
2026-05-19 20:12:37,lombar,8024,-1172,-13576,67,-490,532,1135965
2026-05-19 20:12:37,esterno,3256,10012,11364,-557,605,-13,478532
2026-05-19 20:12:37,lombar,8112,-1224,-14052,134,-439,550,1135987
2026-05-19 20:12:37,esterno,3404,9912,11220,-242,906,-257,478554
2026-05-19 20:12:37,lombar,8136,-1236,-13776,227,-344,444,1136009
2026-05-19 20:12:37,esterno,3208,9768,11416,-210,1230,-611,478576
2026-05-19 20:12:37,esterno,2692,10380,12036,-97,1408,-612,478598
2026-05-19 20:12:37,lombar,8084,-1432,-14044,213,-328,333,1136031
2026-05-19 20:12:37,lombar,7928,-1252,-14224,252,-249,409,1136053
2026-05-19 20:12:37,esterno,2180,10592,12348,-93,947,-307,478620
2026-05-19 20:12:37,lombar,7984,-1332,-14196,228,-265,369,1136075
2026-05-19 20:12:37,esterno,2136,10696,11788,-309,726,-424,478642
2026-05-19 20:12:37,esterno,2368,10712,12508,-393,835,-325,478664
2026-05-19 20:12:37,lombar,7848,-1212,-14176,267,-231,351,1136097
2026-05-19 20:12:37,lombar,7932,-1316,-14092,347,-165,455,1136119
2026-05-19 20:12:37,esterno,2344,10644,12084,-260,698,-31,478686
2026-05-19 20:12:37,lombar,7952,-1188,-14072,222,-138,431,1136141
2026-05-19 20:12:37,esterno,2376,10452,12024,-474,165,-9,478708
2026-05-19 20:12:37,lombar,8024,-1568,-14048,136,-168,356,1136163
2026-05-19 20:12:37,esterno,2056,10448,11912,-349,166,-190,478730
2026-05-19 20:12:37,lombar,8032,-1220,-14028,165,-188,317,1136185
2026-05-19 20:12:37,esterno,1988,10472,11972,-110,141,-63,478752
2026-05-19 20:12:37,lombar,8064,-1272,-14072,113,-146,366,1136207
2026-05-19 20:12:37,esterno,2504,10456,11768,-106,-105,88,478774
2026-05-19 20:12:37,lombar,8008,-1348,-13916,87,-193,355,1136229
2026-05-19 20:12:37,esterno,2792,10468,11836,122,-209,141,478796
2026-05-19 20:12:37,lombar,8144,-1388,-14020,271,-247,333,1136251
2026-05-19 20:12:37,esterno,2800,10496,11484,-164,-167,202,478818
2026-05-19 20:12:37,lombar,8088,-1256,-13752,166,-284,307,1136273
2026-05-19 20:12:37,esterno,2580,10412,11584,-256,2,110,478840
2026-05-19 20:12:37,lombar,8064,-1228,-14004,63,-292,235,1136295
2026-05-19 20:12:37,esterno,2264,10332,11576,-348,281,118,478862
2026-05-19 20:12:37,lombar,8184,-1340,-14108,130,-313,315,1136317
2026-05-19 20:12:37,esterno,2360,10328,11612,-349,371,133,478884
2026-05-19 20:12:37,lombar,8120,-1232,-13940,139,-305,242,1136339
2026-05-19 20:12:37,esterno,2508,10416,11940,-338,384,-11,478906
2026-05-19 20:12:37,lombar,8028,-1408,-14040,91,-307,267,1136361
2026-05-19 20:12:37,esterno,2432,10600,11896,-400,393,-102,478928
2026-05-19 20:12:37,lombar,8052,-1344,-14132,110,-290,250,1136383
2026-05-19 20:12:37,esterno,2268,10608,11972,-364,253,-46,478950
2026-05-19 20:12:37,lombar,8056,-1260,-14112,113,-293,294,1136405
2026-05-19 20:12:37,esterno,2232,10464,11632,-397,161,157,478972
2026-05-19 20:12:37,lombar,8020,-1244,-13880,89,-276,346,1136427
2026-05-19 20:12:37,esterno,2456,10212,11796,-295,63,274,478994
2026-05-19 20:12:37,lombar,8144,-1232,-13820,66,-258,370,1136449
2026-05-19 20:12:37,esterno,2488,10300,12108,-259,23,144,479016
2026-05-19 20:12:37,lombar,8084,-1292,-13844,18,-252,338,1136471
2026-05-19 20:12:37,esterno,2584,10248,11888,-279,-99,115,479038
2026-05-19 20:12:37,lombar,8224,-1284,-13892,11,-309,315,1136493
2026-05-19 20:12:37,esterno,2428,10128,11260,-36,262,92,479060
2026-05-19 20:12:37,lombar,8036,-1132,-13936,-43,-244,361,1136515
2026-05-19 20:12:37,esterno,2712,10396,11704,-65,-32,186,479082
2026-05-19 20:12:37,lombar,8144,-1404,-13992,-80,-288,407,1136537
2026-05-19 20:12:37,esterno,2748,10396,11956,-222,-55,183,479104
2026-05-19 20:12:37,lombar,8120,-1472,-14000,57,-281,349,1136559
2026-05-19 20:12:37,esterno,2624,10224,11628,-233,-267,161,479126
2026-05-19 20:12:37,lombar,8048,-1292,-14112,171,-263,406,1136581
2026-05-19 20:12:37,esterno,2464,10192,11708,-190,-189,-21,479148
2026-05-19 20:12:37,lombar,8056,-1388,-14152,83,-298,391,1136603
2026-05-19 20:12:37,esterno,2644,10208,11644,-34,-2,14,479170
2026-05-19 20:12:37,lombar,8044,-1232,-14240,172,-221,331,1136625
2026-05-19 20:12:37,esterno,2492,10368,11660,-41,325,-32,479192
2026-05-19 20:12:37,lombar,8048,-1184,-13948,166,-263,338,1136647
2026-05-19 20:12:37,esterno,2416,10392,11688,-123,360,-64,479214
2026-05-19 20:12:37,lombar,8032,-1300,-13900,71,-304,357,1136669
2026-05-19 20:12:37,esterno,2580,10380,11648,76,372,-56,479236
2026-05-19 20:12:37,lombar,8108,-1264,-14052,97,-291,323,1136691
2026-05-19 20:12:37,esterno,2648,10340,11932,100,337,6,479258
2026-05-19 20:12:37,lombar,8072,-1236,-13928,79,-278,317,1136713
2026-05-19 20:12:37,esterno,2520,10332,11736,-100,308,110,479280
2026-05-19 20:12:37,lombar,8056,-1248,-13900,95,-256,345,1136735
2026-05-19 20:12:37,esterno,2488,10316,11788,-36,183,154,479302
2026-05-19 20:12:37,lombar,8056,-1432,-14008,119,-247,311,1136757
2026-05-19 20:12:37,esterno,2524,10300,11768,118,128,62,479324
2026-05-19 20:12:37,lombar,8032,-1316,-13920,104,-307,377,1136779
2026-05-19 20:12:37,esterno,2708,10492,12128,43,87,32,479346
2026-05-19 20:12:37,lombar,8104,-1240,-13920,160,-345,276,1136801
2026-05-19 20:12:37,esterno,2508,10504,11468,-33,306,-33,479368
2026-05-19 20:12:37,lombar,8092,-1292,-13864,82,-303,277,1136823
2026-05-19 20:12:37,esterno,2668,10296,11752,-120,145,81,479390
2026-05-19 20:12:37,lombar,8096,-1208,-14124,144,-240,247,1136845
2026-05-19 20:12:37,esterno,2796,10352,11664,-54,288,-17,479412
2026-05-19 20:12:37,lombar,8048,-1188,-13956,168,-229,234,1136867
2026-05-19 20:12:37,esterno,2524,10496,11888,8,355,-139,479434
2026-05-19 20:12:37,lombar,7996,-1260,-13880,76,-319,359,1136889
2026-05-19 20:12:37,esterno,2516,10516,11896,93,120,-144,479456
2026-05-19 20:12:37,lombar,8076,-1364,-13844,94,-243,325,1136911
2026-05-19 20:12:37,esterno,2508,10484,11940,123,85,29,479478
2026-05-19 20:12:37,lombar,8052,-1296,-13920,103,-202,352,1136933
2026-05-19 20:12:37,esterno,2660,10584,11828,-14,67,127,479500
2026-05-19 20:12:38,esterno,2640,10488,11748,-28,62,65,479522
2026-05-19 20:12:38,lombar,7996,-1284,-14008,74,-239,316,1136955
2026-05-19 20:12:38,lombar,8036,-1180,-13792,93,-243,379,1136977
2026-05-19 20:12:38,lombar,8096,-1280,-13896,103,-263,365,1136999
2026-05-19 20:12:38,esterno,2592,10436,11620,-35,55,-40,479544
2026-05-19 20:12:38,esterno,2488,10380,11628,-36,160,-20,479566
2026-05-19 20:12:38,lombar,8068,-1292,-13972,150,-254,390,1137021
2026-05-19 20:12:38,esterno,2560,10368,11712,-46,179,25,479588
2026-05-19 20:12:38,lombar,8076,-1360,-14032,95,-263,352,1137043
2026-05-19 20:12:38,esterno,2540,10356,11776,-39,221,60,479610
2026-05-19 20:12:38,lombar,8016,-1316,-14044,117,-241,359,1137065
2026-05-19 20:12:38,esterno,2508,10504,11760,-44,235,-5,479632
2026-05-19 20:12:38,lombar,8200,-1228,-13952,126,-284,332,1137087
2026-05-19 20:12:38,esterno,2608,10436,11504,-51,177,-26,479654
2026-05-19 20:12:38,lombar,8120,-1240,-13972,10,-268,337,1137109
2026-05-19 20:12:38,esterno,2576,10516,11544,-42,226,-20,479676
2026-05-19 20:12:38,lombar,7984,-1368,-13960,23,-243,427,1137131
2026-05-19 20:12:38,esterno,2596,10272,11752,17,269,18,479698
2026-05-19 20:12:38,lombar,8012,-1344,-14088,84,-275,374,1137153
2026-05-19 20:12:38,esterno,2584,10308,11676,46,243,19,479720
2026-05-19 20:12:38,lombar,8000,-1340,-14152,147,-283,314,1137175
2026-05-19 20:12:38,esterno,2576,10468,11680,-4,297,-40,479742
2026-05-19 20:12:38,lombar,8040,-1284,-14056,157,-266,361,1137197
2026-05-19 20:12:38,esterno,2444,10512,11744,30,278,-59,479764
2026-05-19 20:12:38,lombar,7984,-1256,-13868,156,-251,340,1137219
2026-05-19 20:12:38,esterno,2472,10632,11428,155,707,-5,479786
2026-05-19 20:12:38,lombar,8008,-1360,-13984,155,-264,367,1137241
2026-05-19 20:12:38,esterno,2452,10696,12236,-25,264,22,479808
2026-05-19 20:12:38,lombar,8124,-1476,-14064,134,-258,309,1137263
2026-05-19 20:12:38,esterno,2328,10500,11916,-114,-167,86,479830
2026-05-19 20:12:38,lombar,8072,-1348,-13800,165,-275,358,1137285
2026-05-19 20:12:38,esterno,2340,10276,11400,-142,-155,42,479852
2026-05-19 20:12:38,lombar,8184,-1156,-13932,24,-264,363,1137307
2026-05-19 20:12:38,esterno,2432,10268,11292,-123,-69,22,479874
2026-05-19 20:12:38,lombar,8192,-1148,-13828,-61,-297,389,1137329
2026-05-19 20:12:38,esterno,2596,10596,11292,116,335,-41,479896
2026-05-19 20:12:38,lombar,8164,-1288,-13632,8,-257,403,1137351
2026-05-19 20:12:38,esterno,2544,10684,11656,128,528,-71,479918
2026-05-19 20:12:38,lombar,7932,-1536,-14096,-19,-300,404,1137373
2026-05-19 20:12:38,esterno,2428,10456,11780,93,430,-89,479940
2026-05-19 20:12:38,lombar,7932,-1408,-14240,120,-303,306,1137395
2026-05-19 20:12:38,esterno,2544,10204,11620,151,328,-61,479962
2026-05-19 20:12:38,lombar,7904,-1252,-14196,163,-301,248,1137417
2026-05-19 20:12:38,esterno,2604,10552,11708,-185,287,96,479984
2026-05-19 20:12:38,lombar,8032,-1272,-14056,135,-291,304,1137439
2026-05-19 20:12:38,esterno,2492,10428,11672,-358,207,105,480006
2026-05-19 20:12:38,lombar,7920,-1416,-14040,126,-363,364,1137461
2026-05-19 20:12:38,esterno,2308,10436,11784,-401,126,43,480028
2026-05-19 20:12:38,lombar,7996,-1344,-14176,109,-346,296,1137483
2026-05-19 20:12:38,esterno,2500,10504,11452,-532,164,44,480050
2026-05-19 20:12:38,esterno,2588,10468,11936,-675,-84,79,480072
2026-05-19 20:12:38,lombar,8096,-1228,-13888,124,-314,300,1137505
2026-05-19 20:12:38,lombar,8252,-1052,-13720,-41,-324,333,1137527
2026-05-19 20:12:38,esterno,2536,10520,11412,-534,-13,71,480094
2026-05-19 20:12:38,lombar,8212,-1312,-13864,-138,-229,335,1137549
2026-05-19 20:12:38,esterno,2764,10460,11348,-408,-16,149,480116
2026-05-19 20:12:38,lombar,8084,-1360,-13884,11,-175,402,1137571
2026-05-19 20:12:38,esterno,2640,10268,11476,-203,49,-12,480138
2026-05-19 20:12:38,lombar,7984,-1292,-13920,86,-267,317,1137593
2026-05-19 20:12:38,esterno,2492,10228,11648,-103,93,-115,480160
2026-05-19 20:12:38,lombar,7980,-1360,-13992,108,-271,338,1137615
2026-05-19 20:12:38,esterno,2436,10552,11752,-149,4,-6,480182
2026-05-19 20:12:38,lombar,7932,-1392,-14040,128,-283,334,1137637
2026-05-19 20:12:38,esterno,2608,10536,11564,-278,-68,67,480204
2026-05-19 20:12:38,lombar,8012,-1316,-14208,184,-315,321,1137659
2026-05-19 20:12:38,esterno,2688,10616,11572,-429,83,43,480226
2026-05-19 20:12:38,lombar,7940,-1360,-14196,186,-322,365,1137681
2026-05-19 20:12:38,esterno,2596,10432,11668,-560,157,-8,480248
2026-05-19 20:12:38,lombar,7840,-1360,-14044,165,-307,336,1137703
2026-05-19 20:12:38,esterno,2360,10264,11780,-601,154,-23,480270
2026-05-19 20:12:38,lombar,7992,-1336,-14016,198,-256,346,1137725
2026-05-19 20:12:38,esterno,2408,10416,11660,-497,123,38,480292
2026-05-19 20:12:38,lombar,8248,-1168,-13848,161,-266,258,1137747
2026-05-19 20:12:38,esterno,2412,10408,11912,-497,85,47,480314
2026-05-19 20:12:38,lombar,8372,-964,-13552,-69,-275,342,1137769
2026-05-19 20:12:38,esterno,2536,10564,11644,-374,94,20,480336
2026-05-19 20:12:38,lombar,8140,-1268,-13788,-151,-227,444,1137791
2026-05-19 20:12:38,lombar,8084,-1448,-13980,-18,-238,402,1137813
2026-05-19 20:12:38,esterno,2560,10436,11524,-139,94,-39,480358
2026-05-19 20:12:38,esterno,2576,10244,11416,-6,96,-36,480380
2026-05-19 20:12:38,lombar,8004,-1368,-14068,107,-261,295,1137835
2026-05-19 20:12:38,esterno,2568,10224,11616,0,95,10,480402
2026-05-19 20:12:38,lombar,8000,-1344,-14072,135,-323,338,1137857
2026-05-19 20:12:38,esterno,2580,10368,11860,-125,116,14,480424
2026-05-19 20:12:38,lombar,7944,-1344,-14224,129,-309,305,1137879
2026-05-19 20:12:38,esterno,2716,10588,12072,-269,101,-23,480446
2026-05-19 20:12:38,lombar,7808,-1396,-14064,169,-315,310,1137901
2026-05-19 20:12:38,esterno,2500,10332,11764,-312,73,-33,480468
2026-05-19 20:12:38,lombar,7876,-1336,-14104,181,-326,323,1137923
2026-05-19 20:12:38,esterno,2308,10304,12144,-256,405,-34,480490
2026-05-19 20:12:38,lombar,8092,-1300,-14112,145,-301,353,1137945
2026-05-19 20:12:38,esterno,2688,10116,12164,-399,9,28,480512
2026-05-19 20:12:39,lombar,8036,-1380,-13980,102,-264,292,1137967
2026-05-19 20:12:39,esterno,2720,10352,12004,-586,-266,106,480534
2026-05-19 20:12:39,lombar,8180,-1288,-13864,163,-203,246,1137989
2026-05-19 20:12:39,esterno,2436,10244,11448,-610,-110,96,480556
2026-05-19 20:12:39,lombar,8100,-1316,-13980,75,-213,308,1138011
2026-05-19 20:12:39,esterno,2552,10204,11568,-202,-72,8,480578
2026-05-19 20:12:39,lombar,8128,-1288,-13948,12,-211,328,1138033
2026-05-19 20:12:39,esterno,2660,10424,11676,71,183,-42,480600
2026-05-19 20:12:39,lombar,8204,-1284,-13688,95,-208,322,1138055
2026-05-19 20:12:39,esterno,2500,10448,11624,9,329,-167,480622
2026-05-19 20:12:39,lombar,8160,-1292,-13904,9,-207,308,1138077
2026-05-19 20:12:39,esterno,2480,10400,11624,184,352,-229,480644
2026-05-19 20:12:39,esterno,2508,10412,11724,229,331,-225,480666
2026-05-19 20:12:39,lombar,8072,-1348,-14052,94,-260,289,1138099
2026-05-19 20:12:39,lombar,8060,-1132,-13988,102,-303,367,1138121
2026-05-19 20:12:39,esterno,2588,10488,11696,-104,329,-13,480688
2026-05-19 20:12:39,lombar,7980,-1232,-13952,32,-317,354,1138143
2026-05-19 20:12:39,esterno,2604,10404,11804,-184,248,133,480710
2026-05-19 20:12:39,lombar,8004,-1476,-14192,77,-341,394,1138165
2026-05-19 20:12:39,esterno,2428,10428,11816,-261,106,88,480732
2026-05-19 20:12:39,lombar,8048,-1360,-13944,84,-291,257,1138187
2026-05-19 20:12:39,esterno,2604,10436,11368,-331,217,80,480754
2026-05-19 20:12:39,lombar,8048,-1260,-13912,132,-293,331,1138209
2026-05-19 20:12:39,esterno,2712,10348,11988,-484,207,77,480776
2026-05-19 20:12:39,esterno,2676,10264,11592,-503,336,59,480798
2026-05-19 20:12:39,esterno,2692,10156,11756,-488,162,85,480820
2026-05-19 20:12:39,lombar,8032,-1360,-13896,123,-311,348,1138231
2026-05-19 20:12:39,lombar,8176,-1416,-13792,136,-305,304,1138253
2026-05-19 20:12:39,lombar,8132,-1316,-14044,163,-260,329,1138275
2026-05-19 20:12:39,esterno,2472,10172,11840,-339,273,-44,480842
2026-05-19 20:12:39,lombar,8128,-1276,-14040,140,-294,348,1138297
2026-05-19 20:12:39,esterno,2288,10368,12036,-189,228,-157,480864
2026-05-19 20:12:39,lombar,8116,-1316,-14000,63,-260,332,1138319
2026-05-19 20:12:39,esterno,2380,10400,11976,-80,7,-25,480886
2026-05-19 20:12:39,esterno,2548,10364,11848,-78,-109,103,480908
2026-05-19 20:12:39,lombar,8004,-1464,-14064,107,-230,295,1138341
2026-05-19 20:12:39,lombar,8000,-1340,-13848,120,-227,339,1138363
2026-05-19 20:12:39,esterno,2636,10216,11780,-165,-58,113,480930
2026-05-19 20:12:39,lombar,7980,-1324,-14000,75,-251,338,1138385
2026-05-19 20:12:39,esterno,2660,10252,11596,-172,31,57,480952
2026-05-19 20:12:39,lombar,8032,-1228,-14060,94,-254,372,1138407
2026-05-19 20:12:39,esterno,2664,10336,11692,-232,100,10,480974
2026-05-19 20:12:39,lombar,8104,-1268,-14024,88,-285,326,1138429
2026-05-19 20:12:39,esterno,2668,10360,11880,-265,174,44,480996
2026-05-19 20:12:39,esterno,2548,10260,11796,-212,206,19,481018
2026-05-19 20:12:39,lombar,8060,-1348,-14088,98,-293,293,1138451
2026-05-19 20:12:39,lombar,8092,-1244,-14176,63,-311,373,1138473
2026-05-19 20:12:39,esterno,2376,10300,11752,-211,112,0,481040
2026-05-19 20:12:39,lombar,8112,-1236,-13920,83,-290,339,1138495
2026-05-19 20:12:39,esterno,2588,10296,11772,-210,58,-22,481062
2026-05-19 20:12:39,esterno,2552,10248,11844,-160,90,-13,481084
2026-05-19 20:12:39,lombar,8020,-1372,-13928,116,-297,327,1138517
2026-05-19 20:12:39,lombar,8092,-1312,-14000,100,-270,402,1138539
2026-05-19 20:12:39,esterno,2580,10200,11844,-177,127,88,481106
2026-05-19 20:12:39,lombar,8092,-1336,-14072,73,-250,263,1138561
2026-05-19 20:12:39,esterno,2588,10184,12012,-99,155,59,481128
2026-05-19 20:12:39,esterno,2616,10224,12068,-115,60,3,481150
2026-05-19 20:12:39,lombar,7988,-1340,-14104,49,-247,288,1138583
2026-05-19 20:12:39,lombar,8000,-1300,-14064,77,-280,254,1138605
2026-05-19 20:12:39,esterno,2604,10160,11004,110,226,-78,481172
2026-05-19 20:12:39,lombar,8020,-1180,-14100,100,-245,316,1138627
2026-05-19 20:12:39,esterno,2512,10400,12112,7,80,17,481194
2026-05-19 20:12:39,lombar,8128,-1260,-13940,48,-269,285,1138649
2026-05-19 20:12:39,esterno,2684,10364,12040,-118,61,61,481216
2026-05-19 20:12:39,lombar,8128,-1352,-13812,33,-295,293,1138671
2026-05-19 20:12:39,esterno,2628,10264,11624,-293,-309,164,481238
2026-05-19 20:12:39,lombar,8060,-1156,-14112,135,-278,397,1138693
2026-05-19 20:12:39,esterno,2580,10116,11364,-436,28,-23,481260
2026-05-19 20:12:39,lombar,7936,-1184,-14024,79,-283,416,1138715
2026-05-19 20:12:39,esterno,2892,10212,11560,-29,155,-80,481282
2026-05-19 20:12:39,lombar,8044,-1316,-14144,154,-290,377,1138737
2026-05-19 20:12:39,esterno,2760,10216,11736,-55,410,-177,481304
2026-05-19 20:12:39,esterno,2364,10316,11936,-206,400,-210,481326
2026-05-19 20:12:39,lombar,8164,-1268,-13880,153,-315,374,1138759
2026-05-19 20:12:39,lombar,8052,-1324,-14184,62,-301,334,1138781
2026-05-19 20:12:39,esterno,2284,10424,11928,-36,339,-173,481348
2026-05-19 20:12:39,esterno,2572,10448,11872,-17,326,-64,481370
2026-05-19 20:12:39,lombar,8016,-1384,-14032,134,-255,355,1138803
2026-05-19 20:12:39,lombar,8012,-1232,-14096,158,-303,290,1138825
2026-05-19 20:12:39,esterno,2496,10396,12044,-192,378,91,481392
2026-05-19 20:12:39,lombar,8184,-1376,-13884,101,-267,325,1138847
2026-05-19 20:12:39,esterno,2432,10176,11896,-189,206,111,481414
2026-05-19 20:12:39,esterno,2484,10116,11960,-188,118,17,481436
2026-05-19 20:12:39,lombar,8048,-1308,-14036,67,-253,288,1138869
2026-05-19 20:12:39,lombar,8112,-1188,-13888,81,-259,258,1138891
2026-05-19 20:12:39,esterno,2612,10308,11808,-199,379,-26,481458
2026-05-19 20:12:39,lombar,8060,-1184,-14040,115,-285,307,1138913
2026-05-19 20:12:39,esterno,2708,10372,11888,-219,371,-55,481480
2026-05-19 20:12:39,lombar,8044,-1420,-13992,47,-271,329,1138935
2026-05-19 20:12:39,esterno,2572,10432,11960,-179,277,45,481502
2026-05-19 20:12:39,lombar,8164,-1176,-13924,102,-276,332,1138957
2026-05-19 20:12:39,esterno,2744,10248,11924,-111,147,13,481524
2026-05-19 20:12:40,lombar,8032,-1136,-13892,166,-271,435,1138979
2026-05-19 20:12:40,esterno,2528,10196,11900,-142,173,-100,481546
2026-05-19 20:12:40,lombar,8024,-1360,-14084,93,-301,434,1139001
2026-05-19 20:12:40,esterno,2460,10404,11852,-167,94,-94,481568
2026-05-19 20:12:40,lombar,8092,-1312,-13972,60,-289,322,1139023
2026-05-19 20:12:40,esterno,2448,10312,11868,-147,-20,83,481590
2026-05-19 20:12:40,esterno,2560,10268,11788,-167,51,149,481612
2026-05-19 20:12:40,lombar,8016,-1272,-14056,107,-310,343,1139045
2026-05-19 20:12:40,lombar,7996,-1388,-14084,97,-271,369,1139067
2026-05-19 20:12:40,esterno,2492,10248,11924,-217,72,82,481634
2026-05-19 20:12:40,lombar,8068,-1320,-14152,83,-301,334,1139089
2026-05-19 20:12:40,esterno,2464,10308,11900,-192,85,9,481656
2026-05-19 20:12:40,esterno,2476,10296,11788,-197,130,-8,481678
2026-05-19 20:12:40,lombar,8036,-1304,-14048,128,-292,294,1139111
2026-05-19 20:12:40,lombar,8076,-1284,-14012,121,-269,335,1139133
2026-05-19 20:12:40,esterno,2496,10216,11736,-166,138,71,481700
2026-05-19 20:12:40,lombar,8076,-1340,-13836,110,-213,304,1139155
2026-05-19 20:12:40,esterno,2608,10296,11732,-106,192,41,481722
2026-05-19 20:12:40,lombar,8152,-1276,-13964,90,-224,290,1139177
2026-05-19 20:12:40,esterno,2520,10160,11908,-41,161,-44,481744
2026-05-19 20:12:40,lombar,8140,-1276,-14168,73,-227,343,1139199
2026-05-19 20:12:40,esterno,2536,10300,11744,78,33,-98,481766
2026-05-19 20:12:40,lombar,8000,-1252,-13928,60,-194,383,1139221
2026-05-19 20:12:40,esterno,2468,10296,11936,52,10,-57,481788
2026-05-19 20:12:40,esterno,2772,10408,11736,87,8,84,481810
2026-05-19 20:12:40,lombar,8084,-1252,-14016,45,-240,374,1139243
2026-05-19 20:12:40,lombar,7980,-1388,-13856,63,-272,405,1139265
2026-05-19 20:12:40,esterno,2692,10376,11848,111,98,141,481832
2026-05-19 20:12:40,lombar,7996,-1356,-14128,42,-271,371,1139287
2026-05-19 20:12:40,esterno,2580,10124,11868,-98,51,59,481854
2026-05-19 20:12:40,lombar,8116,-1400,-14020,68,-280,309,1139309
2026-05-19 20:12:40,esterno,2448,10192,11324,-73,388,-168,481876
2026-05-19 20:12:40,lombar,8104,-1204,-14068,146,-263,253,1139331
2026-05-19 20:12:40,esterno,2528,10392,12052,-139,58,-120,481898
2026-05-19 20:12:40,esterno,2576,10396,12248,-207,32,-8,481920
2026-05-19 20:12:40,lombar,7988,-1372,-14004,101,-259,352,1139353
2026-05-19 20:12:40,lombar,8080,-1260,-13972,108,-279,278,1139375
2026-05-19 20:12:40,esterno,2544,10484,11744,-204,-229,136,481942
2026-05-19 20:12:40,lombar,8008,-1184,-13892,149,-239,380,1139397
2026-05-19 20:12:40,esterno,2392,10204,11664,-160,-28,-48,481964
2026-05-19 20:12:40,esterno,2764,10240,11776,-4,123,-138,481986
2026-05-19 20:12:40,lombar,8048,-1216,-14056,36,-299,364,1139419
2026-05-19 20:12:40,lombar,8152,-1276,-13924,105,-277,352,1139441
2026-05-19 20:12:40,esterno,2656,10324,11628,-114,388,-140,482008
2026-05-19 20:12:40,lombar,8144,-1352,-13792,90,-337,355,1139463
2026-05-19 20:12:40,esterno,2624,10356,11800,-106,444,-113,482030
2026-05-19 20:12:40,lombar,7980,-1404,-14116,32,-348,336,1139485
2026-05-19 20:12:40,esterno,2540,10328,11792,56,423,-71,482052
2026-05-19 20:12:40,lombar,7976,-1324,-14092,138,-298,258,1139507
2026-05-19 20:12:40,esterno,2576,10404,11960,-81,408,-23,482074
2026-05-19 20:12:40,lombar,8060,-1232,-13948,120,-331,342,1139529
2026-05-19 20:12:40,lombar,8020,-1304,-13896,103,-335,396,1139551
2026-05-19 20:12:40,esterno,2600,10352,11916,-251,328,84,482096
2026-05-19 20:12:40,esterno,2528,10336,11872,-276,163,109,482118
2026-05-19 20:12:40,lombar,8080,-1260,-13976,83,-316,306,1139573
2026-05-19 20:12:40,esterno,2436,10236,11656,-246,170,82,482140
2026-05-19 20:12:40,lombar,8088,-1144,-14028,112,-274,300,1139595
2026-05-19 20:12:40,esterno,2640,10436,12104,-392,185,12,482162
2026-05-19 20:12:40,lombar,8152,-1196,-13980,132,-319,350,1139617
2026-05-19 20:12:40,esterno,2524,10268,11636,-300,310,-44,482184
2026-05-19 20:12:40,lombar,8040,-1396,-14056,67,-272,252,1139639
2026-05-19 20:12:40,esterno,2612,10364,11824,-262,136,63,482206
2026-05-19 20:12:40,lombar,8084,-1304,-13972,144,-244,304,1139661
2026-05-19 20:12:40,esterno,2636,10292,11840,-187,211,40,482228
2026-05-19 20:12:40,lombar,8104,-1168,-13800,151,-303,317,1139683
2026-05-19 20:12:40,esterno,2516,10272,11700,-202,225,-67,482250
2026-05-19 20:12:40,lombar,7992,-1320,-13860,70,-271,356,1139705
2026-05-19 20:12:40,esterno,2452,10328,11876,-164,56,-106,482272
2026-05-19 20:12:40,lombar,8064,-1372,-13920,48,-265,353,1139727
2026-05-19 20:12:40,esterno,2564,10384,11864,-130,12,22,482294
2026-05-19 20:12:40,lombar,8084,-1248,-14188,110,-322,318,1139749
2026-05-19 20:12:40,esterno,2628,10288,11836,-173,71,111,482316
2026-05-19 20:12:40,esterno,2572,10340,11828,-226,62,72,482338
2026-05-19 20:12:40,lombar,8072,-1284,-13888,70,-258,358,1139771
2026-05-19 20:12:40,lombar,8096,-1472,-13896,109,-305,309,1139793
2026-05-19 20:12:40,esterno,2604,10280,11936,-211,88,1,482360
2026-05-19 20:12:40,lombar,8148,-1244,-14076,118,-282,301,1139815
2026-05-19 20:12:40,esterno,2420,10296,11780,-209,104,-24,482382
2026-05-19 20:12:40,esterno,2536,10236,11856,-204,154,39,482404
2026-05-19 20:12:40,lombar,8088,-1300,-13904,106,-296,383,1139837
2026-05-19 20:12:40,lombar,8080,-1388,-13800,96,-291,323,1139859
2026-05-19 20:12:40,esterno,2516,10244,11784,-174,162,11,482426
2026-05-19 20:12:40,lombar,8048,-1356,-14040,93,-297,345,1139881
2026-05-19 20:12:40,esterno,2492,10204,11844,-121,133,-17,482448
2026-05-19 20:12:40,lombar,8172,-1304,-13980,72,-273,349,1139903
2026-05-19 20:12:40,esterno,2492,10192,11820,-81,121,-64,482470
2026-05-19 20:12:40,esterno,2564,10348,11944,-169,115,-7,482492
2026-05-19 20:12:40,lombar,8064,-1372,-13984,91,-271,340,1139925
2026-05-19 20:12:40,lombar,8048,-1396,-13848,80,-263,361,1139947
2026-05-19 20:12:40,esterno,2712,10320,11744,-167,154,76,482514
2026-05-19 20:12:41,lombar,8004,-1292,-14132,39,-279,333,1139969
2026-05-19 20:12:41,esterno,2660,10336,11904,-163,135,72,482536
2026-05-19 20:12:41,lombar,8052,-1316,-14012,64,-295,272,1139991
2026-05-19 20:12:41,esterno,2492,10152,11796,-182,52,-10,482558
2026-05-19 20:12:41,esterno,2416,10316,11388,8,438,-77,482580
2026-05-19 20:12:41,lombar,8040,-1364,-14016,99,-286,324,1140013
2026-05-19 20:12:41,lombar,8116,-1156,-14144,113,-260,329,1140035
2026-05-19 20:12:41,esterno,2700,10420,11996,-120,95,31,482602
2026-05-19 20:12:41,lombar,8052,-1336,-14064,73,-301,337,1140057
2026-05-19 20:12:41,esterno,2592,10444,12324,-251,-165,140,482624
2026-05-19 20:12:41,esterno,2484,10228,11584,-210,-165,112,482646
2026-05-19 20:12:41,lombar,7984,-1360,-14032,118,-261,280,1140079
2026-05-19 20:12:41,lombar,8024,-1212,-14068,146,-244,363,1140101
2026-05-19 20:12:41,esterno,2660,10172,11668,-137,50,-48,482668
2026-05-19 20:12:41,lombar,8080,-1272,-14064,38,-271,313,1140123
2026-05-19 20:12:41,esterno,2756,10212,11900,21,238,-96,482690
2026-05-19 20:12:41,lombar,8024,-1248,-14024,115,-241,347,1140145
2026-05-19 20:12:41,esterno,2652,10300,11692,-72,454,-69,482712
2026-05-19 20:12:41,lombar,8160,-1196,-13968,28,-313,353,1140167
2026-05-19 20:12:41,esterno,2552,10376,11848,-67,370,-58,482734
2026-05-19 20:12:41,lombar,8084,-1372,-13992,35,-293,323,1140189
2026-05-19 20:12:41,esterno,2532,10376,11896,25,317,-62,482756
2026-05-19 20:12:41,lombar,8036,-1324,-13968,122,-300,311,1140211
2026-05-19 20:12:41,esterno,2620,10168,11912,-143,306,20,482778
2026-05-19 20:12:41,lombar,8108,-1312,-13996,90,-315,317,1140233
2026-05-19 20:12:41,esterno,2488,10296,11884,-253,277,74,482800
2026-05-19 20:12:41,esterno,2620,10280,11952,-204,144,47,482822
2026-05-19 20:12:41,lombar,8060,-1268,-14068,100,-289,314,1140255
2026-05-19 20:12:41,lombar,8076,-1228,-14052,88,-272,377,1140277
2026-05-19 20:12:41,esterno,2644,10420,11380,-169,264,-14,482844
2026-05-19 20:12:41,esterno,2596,10368,11996,-319,215,45,482866
2026-05-19 20:12:41,lombar,7968,-1204,-13964,154,-309,270,1140299
2026-05-19 20:12:41,lombar,8044,-1308,-13976,120,-319,372,1140321
2026-05-19 20:12:41,esterno,2508,10312,11676,-273,255,22,482888
2026-05-19 20:12:41,lombar,8048,-1320,-13940,74,-295,290,1140343
2026-05-19 20:12:41,esterno,2656,10216,11932,-299,91,88,482910
2026-05-19 20:12:41,esterno,2592,10172,11896,-166,213,14,482932
2026-05-19 20:12:41,esterno,2464,10204,11920,-179,156,-16,482954
2026-05-19 20:12:41,lombar,8012,-1208,-14088,142,-244,359,1140365
2026-05-19 20:12:41,lombar,8036,-1292,-13912,97,-293,378,1140387
2026-05-19 20:12:41,lombar,8068,-1440,-14124,76,-245,374,1140409
2026-05-19 20:12:41,esterno,2544,10292,11924,-151,42,-67,482976
2026-05-19 20:12:41,esterno,2720,10228,11976,-137,12,19,482998
2026-05-19 20:12:41,lombar,8100,-1312,-14024,82,-249,312,1140431
2026-05-19 20:12:41,lombar,8084,-1224,-14032,107,-244,367,1140453
2026-05-19 20:12:41,esterno,2604,10320,11872,-223,28,129,483020
2026-05-19 20:12:41,lombar,7948,-1296,-13956,93,-300,364,1140475
2026-05-19 20:12:41,esterno,2452,10160,11836,-222,94,102,483042
2026-05-19 20:12:41,lombar,8092,-1204,-13968,89,-284,316,1140497
2026-05-19 20:12:41,esterno,2544,10232,11860,-184,78,0,483064
2026-05-19 20:12:41,esterno,2588,10140,11876,-150,139,-27,483086
2026-05-19 20:12:41,lombar,8100,-1236,-14048,97,-250,372,1140519
2026-05-19 20:12:41,esterno,2528,10312,12020,-185,182,1,483108
2026-05-19 20:12:41,esterno,2560,10368,11892,-145,136,28,483130
2026-05-19 20:12:41,lombar,8016,-1372,-13876,122,-254,325,1140541
2026-05-19 20:12:41,lombar,8052,-1272,-13904,81,-277,369,1140563
2026-05-19 20:12:41,lombar,8128,-1272,-14132,87,-258,367,1140585
2026-05-19 20:12:41,esterno,2544,10212,11952,-78,112,10,483152
2026-05-19 20:12:41,lombar,8028,-1352,-13932,103,-257,345,1140607
2026-05-19 20:12:41,esterno,2528,10276,11840,-102,77,-46,483174
2026-05-19 20:12:41,lombar,8100,-1248,-14004,99,-273,339,1140629
2026-05-19 20:12:41,esterno,2540,10348,11800,-188,118,16,483196
2026-05-19 20:12:41,lombar,8048,-1364,-14072,108,-215,310,1140651
2026-05-19 20:12:41,esterno,2628,10180,11732,-166,182,69,483218
2026-05-19 20:12:41,lombar,8048,-1344,-14212,101,-255,235,1140673
2026-05-19 20:12:41,esterno,2688,10320,11936,-132,186,39,483240
2026-05-19 20:12:41,lombar,8080,-1160,-14008,115,-276,330,1140695
2026-05-19 20:12:41,esterno,2476,10232,11828,-111,60,-21,483262
2026-05-19 20:12:41,esterno,2568,10176,11308,39,324,-105,483284
2026-05-19 20:12:41,lombar,8104,-1256,-13976,91,-282,321,1140717
2026-05-19 20:12:41,lombar,8096,-1200,-13908,135,-261,385,1140739
2026-05-19 20:12:41,esterno,2568,10316,12008,-122,100,65,483306
2026-05-19 20:12:41,lombar,8116,-1324,-14092,59,-309,355,1140761
2026-05-19 20:12:41,esterno,2668,10320,12104,-340,-30,115,483328
2026-05-19 20:12:41,esterno,2500,10228,11732,-260,-198,104,483350
2026-05-19 20:12:41,lombar,8020,-1188,-14096,92,-284,311,1140783
2026-05-19 20:12:41,lombar,7952,-1320,-14036,166,-264,318,1140805
2026-05-19 20:12:41,lombar,8152,-1224,-13908,52,-311,368,1140827
2026-05-19 20:12:41,esterno,2588,10188,11656,-225,45,-72,483372
2026-05-19 20:12:41,esterno,2680,10076,11664,-33,214,-60,483394
2026-05-19 20:12:41,lombar,8096,-1252,-13948,116,-230,383,1140849
2026-05-19 20:12:41,esterno,2568,10372,11900,-88,439,-58,483416
2026-05-19 20:12:41,lombar,8064,-1296,-13904,41,-275,351,1140871
2026-05-19 20:12:41,esterno,2348,10324,11908,-108,334,-86,483438
2026-05-19 20:12:41,lombar,8032,-1312,-14028,1,-309,422,1140893
2026-05-19 20:12:41,esterno,2508,10204,11896,39,257,-67,483460
2026-05-19 20:12:41,lombar,7972,-1332,-14060,115,-248,298,1140915
2026-05-19 20:12:41,esterno,2568,10188,12012,-71,267,33,483482
2026-05-19 20:12:41,lombar,8100,-1148,-14060,81,-258,348,1140937
2026-05-19 20:12:41,esterno,2568,10320,12012,-208,272,94,483504
2026-05-19 20:12:41,lombar,7920,-1284,-13984,77,-333,316,1140959
2026-05-19 20:12:42,esterno,2628,10336,11908,-217,234,76,483526
2026-05-19 20:12:42,lombar,7940,-1252,-14064,98,-274,278,1140981
2026-05-19 20:12:42,esterno,2592,10272,11800,-153,274,-36,483548
2026-05-19 20:12:42,lombar,8064,-1140,-13920,70,-312,298,1141003
2026-05-19 20:12:42,esterno,2708,10380,12228,-267,153,14,483570
2026-05-19 20:12:42,lombar,7980,-1324,-14008,65,-335,334,1141025
2026-05-19 20:12:42,esterno,2516,10388,11780,-195,261,24,483592
2026-05-19 20:12:42,lombar,8016,-1332,-14032,61,-216,278,1141047
2026-05-19 20:12:42,esterno,2740,10232,11900,-308,163,161,483614
2026-05-19 20:12:42,lombar,8044,-1260,-14020,151,-217,280,1141069
2026-05-19 20:12:42,esterno,2808,10200,11808,-146,193,38,483636
2026-05-19 20:12:42,lombar,8016,-1240,-13924,98,-282,350,1141091
2026-05-19 20:12:42,esterno,2548,10196,11912,-58,130,-70,483658
2026-05-19 20:12:42,lombar,8016,-1272,-13912,42,-259,337,1141113
2026-05-19 20:12:42,esterno,2448,10272,11884,-205,77,-15,483680
2026-05-19 20:12:42,esterno,2560,10348,11904,-143,-25,21,483702
2026-05-19 20:12:42,lombar,7936,-1292,-13996,105,-253,293,1141135
2026-05-19 20:12:42,esterno,2644,10236,11820,-51,-17,95,483724
2026-05-19 20:12:42,lombar,8072,-1212,-13988,86,-312,335,1141157
2026-05-19 20:12:42,lombar,8036,-1368,-14068,79,-229,368,1141179
2026-05-19 20:12:42,esterno,2452,10324,11848,-187,46,43,483746
2026-05-19 20:12:42,lombar,8080,-1376,-13852,144,-305,289,1141201
2026-05-19 20:12:42,esterno,2608,10296,11872,-242,134,-24,483768
2026-05-19 20:12:42,lombar,8080,-1328,-13964,126,-249,262,1141223
2026-05-19 20:12:42,esterno,2560,10292,11804,-213,191,-49,483790
2026-05-19 20:12:42,lombar,7988,-1212,-13904,78,-260,329,1141245
2026-05-19 20:12:42,esterno,2520,10276,11892,-105,203,0,483812
2026-05-19 20:12:42,lombar,8068,-1292,-13944,69,-301,385,1141267
2026-05-19 20:12:42,esterno,2484,10364,11892,-140,174,99,483834
2026-05-19 20:12:42,lombar,8136,-1284,-13952,61,-275,348,1141289
2026-05-19 20:12:42,esterno,2508,10196,11816,-188,138,36,483856
2026-05-19 20:12:42,lombar,8032,-1280,-13944,136,-309,372,1141311
2026-05-19 20:12:42,esterno,2528,10144,11784,-155,70,-20,483878
2026-05-19 20:12:42,esterno,2608,10124,11816,-98,70,-22,483900
2026-05-19 20:12:42,lombar,8072,-1236,-14152,95,-303,325,1141333
2026-05-19 20:12:42,lombar,8028,-1340,-14092,56,-263,334,1141355
2026-05-19 20:12:42,esterno,2712,10292,11864,-94,160,-9,483922
2026-05-19 20:12:42,lombar,8076,-1388,-14004,124,-255,301,1141377
2026-05-19 20:12:42,esterno,2776,10336,11640,-212,220,58,483944
2026-05-19 20:12:42,esterno,2512,10156,11956,-156,144,-29,483966
2026-05-19 20:12:42,lombar,8064,-1260,-14052,96,-245,284,1141399
2026-05-19 20:12:42,lombar,7976,-1328,-14020,50,-222,360,1141421
2026-05-19 20:12:42,esterno,2452,10196,11608,86,462,-114,483988
2026-05-19 20:12:42,lombar,8152,-1408,-14064,149,-243,365,1141443
2026-05-19 20:12:42,esterno,2532,10420,12304,-21,115,3,484010
2026-05-19 20:12:42,lombar,8148,-1244,-13832,38,-288,321,1141465
2026-05-19 20:12:42,esterno,2680,10336,11904,-185,-191,130,484032
2026-05-19 20:12:42,lombar,8060,-1292,-13868,106,-304,394,1141487
2026-05-19 20:12:42,esterno,2572,10072,11536,-224,-141,49,484054
2026-05-19 20:12:42,esterno,2772,9964,11688,-138,111,-88,484076
2026-05-19 20:12:42,lombar,8036,-1264,-14064,97,-252,389,1141509
2026-05-19 20:12:42,lombar,8048,-1356,-14032,36,-254,346,1141531
2026-05-19 20:12:42,esterno,2944,10160,11744,74,366,-147,484098
2026-05-19 20:12:42,lombar,8024,-1240,-13996,162,-296,346,1141553
2026-05-19 20:12:42,esterno,2416,10484,11868,-110,446,-234,484120
2026-05-19 20:12:42,lombar,8080,-1228,-14028,21,-322,362,1141575
2026-05-19 20:12:42,esterno,2424,10592,12164,-45,316,-123,484142
2026-05-19 20:12:42,lombar,8056,-1368,-14004,-21,-248,355,1141597
2026-05-19 20:12:42,esterno,2356,10276,11864,-62,284,21,484164
2026-05-19 20:12:42,lombar,8000,-1332,-14032,52,-269,304,1141619
2026-05-19 20:12:42,esterno,2656,10160,11816,-210,255,161,484186
2026-05-19 20:12:42,esterno,2700,10240,11828,-240,261,168,484208
2026-05-19 20:12:42,lombar,8064,-1292,-14044,126,-296,301,1141641
2026-05-19 20:12:42,lombar,8080,-1200,-14020,65,-267,358,1141663
2026-05-19 20:12:42,esterno,2728,10216,11836,-124,197,51,484230
2026-05-19 20:12:42,lombar,8088,-1292,-14000,69,-257,371,1141685
2026-05-19 20:12:42,lombar,8056,-1176,-13956,149,-277,335,1141707
2026-05-19 20:12:42,esterno,2604,10320,11436,-83,336,84,484252
2026-05-19 20:12:42,esterno,2480,10352,12024,-251,212,71,484274
2026-05-19 20:12:42,lombar,8060,-1428,-14040,137,-330,305,1141729
2026-05-19 20:12:42,esterno,2428,10260,11964,-294,271,-30,484296
2026-05-19 20:12:42,esterno,2588,10148,12052,-179,87,-10,484318
2026-05-19 20:12:42,lombar,8080,-1272,-14108,148,-299,260,1141751
2026-05-19 20:12:42,lombar,8052,-1140,-14040,187,-237,310,1141773
2026-05-19 20:12:42,esterno,2572,10112,11820,21,228,-58,484340
2026-05-19 20:12:42,lombar,8036,-1388,-14124,103,-292,354,1141795
2026-05-19 20:12:42,esterno,2416,10224,11996,-69,203,-29,484362
2026-05-19 20:12:42,esterno,2544,10288,12040,-29,68,14,484384
2026-05-19 20:12:42,lombar,8048,-1432,-13988,86,-249,329,1141817
2026-05-19 20:12:42,lombar,8032,-1380,-14056,103,-215,241,1141839
2026-05-19 20:12:42,esterno,2696,10428,11844,-41,57,50,484406
2026-05-19 20:12:42,lombar,8036,-1140,-13896,66,-224,285,1141861
2026-05-19 20:12:42,esterno,2676,10312,11836,-23,198,94,484428
2026-05-19 20:12:42,esterno,2692,10344,11764,-23,214,52,484450
2026-05-19 20:12:42,lombar,8148,-1296,-14004,81,-256,370,1141883
2026-05-19 20:12:42,lombar,8088,-1312,-13944,90,-238,298,1141905
2026-05-19 20:12:42,esterno,2636,10456,11852,-24,223,-66,484472
2026-05-19 20:12:42,lombar,8124,-1188,-13884,99,-315,303,1141927
2026-05-19 20:12:42,esterno,2416,10232,11712,-103,218,-24,484494
2026-05-19 20:12:42,lombar,8124,-1320,-14084,135,-283,335,1141949
2026-05-19 20:12:42,esterno,2408,10176,11816,-77,178,-24,484516
2026-05-19 20:12:43,lombar,8016,-1244,-13920,113,-324,323,1141971
2026-05-19 20:12:43,esterno,2412,10204,11880,-7,113,12,484538
2026-05-19 20:12:43,lombar,8000,-1360,-13920,74,-300,435,1141993
2026-05-19 20:12:43,esterno,2544,10292,11912,-133,92,12,484560
2026-05-19 20:12:43,lombar,8068,-1440,-14032,114,-342,349,1142015
2026-05-19 20:12:43,esterno,2444,10296,11700,-231,181,12,484582
2026-05-19 20:12:43,lombar,8140,-1240,-14016,147,-246,295,1142037
2026-05-19 20:12:43,esterno,2612,10224,11692,-126,286,13,484604
2026-05-19 20:12:43,esterno,2680,10384,11888,27,291,18,484626
2026-05-19 20:12:43,lombar,8076,-1284,-14124,88,-247,363,1142059
2026-05-19 20:12:43,esterno,2508,10376,12036,-28,263,18,484648
2026-05-19 20:12:43,lombar,8120,-1352,-14004,115,-221,327,1142081
2026-05-19 20:12:43,lombar,8084,-1228,-14024,68,-274,336,1142103
2026-05-19 20:12:43,esterno,2436,10460,11496,118,224,5,484670
2026-05-19 20:12:43,lombar,8048,-1280,-14024,157,-264,325,1142125
2026-05-19 20:12:43,esterno,2444,10352,12000,57,305,-28,484692
2026-05-19 20:12:43,lombar,7932,-1364,-14128,85,-277,337,1142147
2026-05-19 20:12:43,esterno,2604,10156,12052,-26,170,-40,484714
2026-05-19 20:12:43,esterno,2664,10232,11800,41,-188,110,484736
2026-05-19 20:12:43,lombar,8000,-1316,-13844,53,-270,367,1142169
2026-05-19 20:12:43,lombar,8064,-1396,-14008,142,-249,423,1142191
2026-05-19 20:12:43,esterno,2348,10300,11692,-125,90,0,484758
2026-05-19 20:12:43,lombar,8064,-1368,-14068,80,-275,321,1142213
2026-05-19 20:12:43,esterno,2652,10448,11568,-12,307,-88,484780
2026-05-19 20:12:43,lombar,8016,-1196,-14008,159,-246,301,1142235
2026-05-19 20:12:43,esterno,2504,10520,11612,199,639,-195,484802
2026-05-19 20:12:43,lombar,7984,-1248,-13904,175,-249,388,1142257
2026-05-19 20:12:43,esterno,2260,10568,11916,-3,603,-82,484824
2026-05-19 20:12:43,lombar,8000,-1260,-13992,51,-269,393,1142279
2026-05-19 20:12:43,esterno,2344,10336,11780,-39,411,37,484846
2026-05-19 20:12:43,lombar,8092,-1364,-13828,101,-330,293,1142301
2026-05-19 20:12:43,esterno,2448,10204,11784,-42,297,87,484868
2026-05-19 20:12:43,lombar,7952,-1332,-14052,75,-313,323,1142323
2026-05-19 20:12:43,esterno,2496,10168,11816,-69,197,69,484890
2026-05-19 20:12:43,lombar,7984,-1328,-14012,32,-306,385,1142345
2026-05-19 20:12:43,esterno,2516,10168,11848,-24,236,99,484912
2026-05-19 20:12:43,lombar,8076,-1416,-14168,102,-289,414,1142367
2026-05-19 20:12:43,esterno,2584,10396,11768,-119,349,43,484934
2026-05-19 20:12:43,lombar,8008,-1372,-13964,155,-269,238,1142389
2026-05-19 20:12:43,esterno,2616,10528,12332,-250,175,-5,484956
2026-05-19 20:12:43,lombar,8092,-1148,-13784,111,-266,313,1142411
2026-05-19 20:12:43,esterno,2336,10444,11660,-140,213,-97,484978
2026-05-19 20:12:43,lombar,8056,-1400,-13956,58,-275,288,1142433
2026-05-19 20:12:43,esterno,2580,10344,11644,-152,53,19,485000
2026-05-19 20:12:43,lombar,8072,-1236,-13972,98,-244,301,1142455
2026-05-19 20:12:43,esterno,2512,10396,11700,-152,189,77,485022
2026-05-19 20:12:43,lombar,8076,-1140,-13900,91,-294,330,1142477
2026-05-19 20:12:43,esterno,2420,10384,11680,-136,220,21,485044
2026-05-19 20:12:43,lombar,8012,-1376,-13932,68,-288,409,1142499
2026-05-19 20:12:43,esterno,2492,10416,11864,-257,107,-74,485066
2026-05-19 20:12:43,esterno,2552,10276,11748,-221,-53,-47,485088
2026-05-19 20:12:43,lombar,8028,-1300,-13992,77,-307,313,1142521
2026-05-19 20:12:43,esterno,2396,10532,11764,-167,-27,66,485110
2026-05-19 20:12:43,lombar,7988,-1264,-14036,105,-280,373,1142543
2026-05-19 20:12:43,lombar,8036,-1340,-14220,130,-274,354,1142565
2026-05-19 20:12:43,esterno,2352,10412,11668,-229,-20,89,485132
2026-05-19 20:12:43,lombar,7960,-1404,-14040,126,-317,316,1142587
2026-05-19 20:12:43,esterno,2488,10324,11792,-228,25,19,485154
2026-05-19 20:12:43,lombar,8088,-1288,-13944,125,-301,322,1142609
2026-05-19 20:12:43,esterno,2628,10252,11552,-231,92,-65,485176
2026-05-19 20:12:43,lombar,8048,-1344,-13956,105,-274,291,1142631
2026-05-19 20:12:43,esterno,2496,10268,11668,-247,100,-25,485198
2026-05-19 20:12:43,lombar,8092,-1192,-14040,102,-262,327,1142653
2026-05-19 20:12:43,esterno,2524,10300,11672,-265,142,-13,485220
2026-05-19 20:12:43,lombar,8024,-1256,-13996,106,-298,359,1142675
2026-05-19 20:12:43,esterno,2468,10324,11776,-215,149,-5,485242
2026-05-19 20:12:43,lombar,8036,-1320,-13908,74,-275,329,1142697
2026-05-19 20:12:43,esterno,2432,10256,11764,-112,142,20,485264
2026-05-19 20:12:43,lombar,8008,-1316,-13916,68,-358,297,1142719
2026-05-19 20:12:43,esterno,2604,10292,11880,-251,103,47,485286
2026-05-19 20:12:43,lombar,8096,-1364,-13968,44,-267,367,1142741
2026-05-19 20:12:43,esterno,2556,10280,11760,-244,85,71,485308
2026-05-19 20:12:43,esterno,2404,10332,11148,30,338,-68,485330
2026-05-19 20:12:43,lombar,8060,-1324,-14004,97,-274,321,1142763
2026-05-19 20:12:43,esterno,2552,10428,12260,-160,-80,-24,485352
2026-05-19 20:12:43,lombar,8032,-1272,-13976,104,-269,336,1142785
2026-05-19 20:12:43,lombar,8256,-1296,-13940,14,-285,342,1142807
2026-05-19 20:12:43,esterno,2648,10256,11700,-358,-344,80,485374
2026-05-19 20:12:43,lombar,8112,-1304,-13944,75,-261,351,1142829
2026-05-19 20:12:43,esterno,2440,10316,11456,-302,-141,81,485396
2026-05-19 20:12:43,lombar,8008,-1296,-14084,64,-287,371,1142851
2026-05-19 20:12:43,esterno,2648,10248,11648,-361,-138,68,485418
2026-05-19 20:12:43,lombar,8168,-1236,-14088,45,-333,339,1142873
2026-05-19 20:12:43,esterno,2660,10096,11656,-25,66,-58,485440
2026-05-19 20:12:43,esterno,2624,10472,11776,-62,357,-178,485462
2026-05-19 20:12:43,lombar,8100,-1224,-14148,161,-232,311,1142895
2026-05-19 20:12:43,lombar,7980,-1272,-14040,120,-309,341,1142917
2026-05-19 20:12:43,esterno,2504,10468,11900,-171,334,-212,485484
2026-05-19 20:12:44,lombar,8104,-1248,-14084,19,-281,380,1142939
2026-05-19 20:12:44,esterno,2428,10268,11868,-34,261,-113,485506
2026-05-19 20:12:44,lombar,7996,-1352,-13980,68,-276,310,1142961
2026-05-19 20:12:44,esterno,2384,10152,11808,-93,265,58,485528
2026-05-19 20:12:44,lombar,8012,-1360,-13852,111,-232,328,1142983
2026-05-19 20:12:44,esterno,2408,10236,11852,-170,239,82,485550
2026-05-19 20:12:44,lombar,8120,-1180,-13908,93,-252,313,1143005
2026-05-19 20:12:44,esterno,2480,10508,12012,-295,179,16,485572
2026-05-19 20:12:44,lombar,7996,-1336,-14172,82,-295,327,1143027
2026-05-19 20:12:44,esterno,2612,10368,11608,-275,242,-74,485594
2026-05-19 20:12:44,lombar,8128,-1240,-13924,101,-254,354,1143049
2026-05-19 20:12:44,esterno,2660,10392,12032,-382,99,78,485616
2026-05-19 20:12:44,lombar,8052,-1320,-13924,72,-283,324,1143071
2026-05-19 20:12:44,esterno,2444,10204,11724,-320,257,43,485638
2026-05-19 20:12:44,lombar,8028,-1304,-13984,80,-284,304,1143093
2026-05-19 20:12:44,esterno,2684,10212,11788,-400,72,70,485660
2026-05-19 20:12:44,lombar,8076,-1076,-14120,132,-267,301,1143115
2026-05-19 20:12:44,esterno,2688,10244,11916,-317,59,-75,485682
2026-05-19 20:12:44,esterno,2460,10244,11812,-206,162,-106,485704
2026-05-19 20:12:44,lombar,8048,-1300,-13976,123,-308,395,1143137
2026-05-19 20:12:44,lombar,8060,-1324,-13960,41,-223,371,1143159
2026-05-19 20:12:44,esterno,2456,10344,11892,-309,48,9,485726
2026-05-19 20:12:44,lombar,7984,-1360,-14004,88,-271,342,1143181
2026-05-19 20:12:44,esterno,2584,10248,11824,-237,-36,34,485748
2026-05-19 20:12:44,esterno,2580,10296,11812,-229,56,6,485770
2026-05-19 20:12:44,lombar,7996,-1196,-14068,129,-253,281,1143203
2026-05-19 20:12:44,lombar,8096,-1328,-13848,90,-287,361,1143225
2026-05-19 20:12:44,esterno,2580,10384,11900,-238,56,1,485792
2026-05-19 20:12:44,lombar,8000,-1348,-13900,111,-269,373,1143247
2026-05-19 20:12:44,esterno,2624,10196,12000,-229,67,3,485814
2026-05-19 20:12:44,lombar,7988,-1312,-13912,128,-247,331,1143269
2026-05-19 20:12:44,esterno,2568,10160,11944,-162,102,-22,485836
2026-05-19 20:12:44,lombar,8068,-1332,-13956,70,-226,285,1143291
2026-05-19 20:12:44,esterno,2532,10200,11852,-62,82,-48,485858
2026-05-19 20:12:44,esterno,2528,10484,11792,-75,73,-4,485880
2026-05-19 20:12:44,lombar,8028,-1376,-14036,82,-235,345,1143313
2026-05-19 20:12:44,lombar,8068,-1348,-14012,111,-258,318,1143335
2026-05-19 20:12:44,esterno,2484,10416,11712,-95,117,-58,485902
2026-05-19 20:12:44,esterno,2528,10240,11800,-181,114,-85,485924
2026-05-19 20:12:44,lombar,8088,-1244,-13960,100,-258,367,1143357
2026-05-19 20:12:44,lombar,8040,-1344,-13904,59,-262,316,1143379
2026-05-19 20:12:44,esterno,2588,10192,11772,-316,132,40,485946
2026-05-19 20:12:44,lombar,8032,-1340,-14100,44,-264,301,1143401
2026-05-19 20:12:44,esterno,2640,10260,11952,-200,84,72,485968
2026-05-19 20:12:44,esterno,2708,10344,11708,-57,117,-52,485990
2026-05-19 20:12:44,lombar,8012,-1356,-13992,56,-293,318,1143423
2026-05-19 20:12:44,lombar,8092,-1372,-14096,100,-252,273,1143445
2026-05-19 20:12:44,esterno,2496,10440,12276,37,335,-92,486012
2026-05-19 20:12:44,lombar,8012,-1128,-13888,83,-254,331,1143467
2026-05-19 20:12:44,esterno,2724,10360,12236,-29,52,30,486034
2026-05-19 20:12:44,lombar,8012,-1424,-14052,46,-286,371,1143489
2026-05-19 20:12:44,esterno,2516,10248,11944,-228,-305,130,486056
2026-05-19 20:12:44,lombar,8060,-1320,-13964,126,-266,304,1143511
2026-05-19 20:12:44,esterno,2480,10240,11396,-371,-156,65,486078
2026-05-19 20:12:44,lombar,8000,-1272,-14048,69,-311,403,1143533
2026-05-19 20:12:44,esterno,2616,10212,11684,-211,-106,-26,486100
2026-05-19 20:12:44,esterno,2740,10188,11492,40,301,-148,486122
2026-05-19 20:12:44,lombar,8076,-1232,-13984,90,-266,343,1143555
2026-05-19 20:12:44,lombar,8092,-1288,-14024,138,-257,380,1143577
2026-05-19 20:12:44,esterno,2612,10388,11820,-205,431,-117,486144
2026-05-19 20:12:44,lombar,8008,-1364,-13948,50,-282,314,1143599
2026-05-19 20:12:44,esterno,2508,10276,11896,18,401,-117,486166
2026-05-19 20:12:44,lombar,8112,-1260,-13896,91,-284,348,1143621
2026-05-19 20:12:44,esterno,2484,10264,11968,94,339,-111,486188
2026-05-19 20:12:44,lombar,8120,-1432,-14120,113,-296,325,1143643
2026-05-19 20:12:44,esterno,2312,10284,11908,-138,311,23,486210
2026-05-19 20:12:44,lombar,7992,-1384,-13884,102,-301,293,1143665
2026-05-19 20:12:44,esterno,2444,10184,11836,-202,174,111,486232
2026-05-19 20:12:44,lombar,8056,-1432,-13916,107,-286,308,1143687
2026-05-19 20:12:44,esterno,2608,10348,11872,-230,126,35,486254
2026-05-19 20:12:44,lombar,8024,-1336,-13884,96,-255,244,1143709
2026-05-19 20:12:44,esterno,2664,10392,11540,-270,392,14,486276
2026-05-19 20:12:44,esterno,2680,10360,11808,-308,394,7,486298
2026-05-19 20:12:44,lombar,8076,-1148,-14036,128,-257,307,1143731
2026-05-19 20:12:44,lombar,8084,-1256,-14060,74,-330,275,1143753
2026-05-19 20:12:44,esterno,2480,10220,11924,-246,367,-14,486320
2026-05-19 20:12:44,lombar,8056,-1268,-14076,100,-297,326,1143775
2026-05-19 20:12:44,esterno,2788,10244,11928,-217,149,101,486342
2026-05-19 20:12:44,lombar,8120,-1236,-13844,130,-272,287,1143797
2026-05-19 20:12:44,esterno,2440,10128,11944,-136,174,8,486364
2026-05-19 20:12:44,lombar,7988,-1236,-13896,66,-276,428,1143819
2026-05-19 20:12:44,esterno,2408,10284,11932,-207,96,-67,486386
2026-05-19 20:12:44,lombar,7944,-1408,-13952,55,-284,346,1143841
2026-05-19 20:12:44,esterno,2564,10164,11844,-166,-26,-23,486408
2026-05-19 20:12:44,lombar,8076,-1308,-14124,92,-287,355,1143863
2026-05-19 20:12:44,esterno,2624,10212,11704,-195,2,58,486430
2026-05-19 20:12:44,lombar,8048,-1360,-13964,123,-260,345,1143885
2026-05-19 20:12:44,esterno,2616,10380,11804,-236,107,46,486452
2026-05-19 20:12:44,lombar,7968,-1368,-13996,83,-223,337,1143907
2026-05-19 20:12:44,esterno,2664,10224,11968,-184,134,-5,486474
2026-05-19 20:12:44,lombar,8012,-1340,-14064,103,-299,312,1143929
2026-05-19 20:12:44,esterno,2544,10256,11920,-122,123,-7,486496
2026-05-19 20:12:44,lombar,8148,-1272,-13928,85,-264,298,1143951
2026-05-19 20:12:44,esterno,2448,10196,11868,-102,116,-1,486518
2026-05-19 20:12:45,lombar,8028,-1372,-13948,109,-270,330,1143973
2026-05-19 20:12:45,esterno,2520,10304,11964,-147,98,1,486540
2026-05-19 20:12:45,lombar,8008,-1224,-13928,80,-317,348,1143995
2026-05-19 20:12:45,esterno,2432,10412,11812,-193,102,-21,486562
2026-05-19 20:12:45,lombar,8008,-1276,-13932,59,-315,325,1144017
2026-05-19 20:12:45,esterno,2476,10320,11628,-258,135,-24,486584
2026-05-19 20:12:45,lombar,8020,-1304,-13916,76,-264,344,1144039
2026-05-19 20:12:45,esterno,2636,10156,11732,-137,209,11,486606
2026-05-19 20:12:45,lombar,8052,-1328,-13992,80,-269,325,1144061
2026-05-19 20:12:45,esterno,2732,10380,11996,-135,236,13,486628
2026-05-19 20:12:45,lombar,8120,-1272,-13972,83,-290,315,1144083
2026-05-19 20:12:45,esterno,2528,10428,12148,-127,93,71,486650
2026-05-19 20:12:45,lombar,8068,-1244,-14180,92,-273,372,1144105
2026-05-19 20:12:45,esterno,2444,10212,11432,48,121,6,486672
2026-05-19 20:12:45,lombar,8020,-1284,-13928,151,-268,309,1144127
2026-05-19 20:12:45,esterno,2524,10244,11944,-67,51,-38,486694
2026-05-19 20:12:45,lombar,8024,-1324,-13944,75,-308,363,1144149
2026-05-19 20:12:45,esterno,2644,10320,12068,-157,80,-3,486716
2026-05-19 20:12:45,esterno,2616,10316,11844,-328,-236,143,486738
2026-05-19 20:12:45,lombar,8048,-1392,-13988,89,-306,262,1144171
2026-05-19 20:12:45,lombar,7920,-1304,-13828,167,-253,281,1144193
2026-05-19 20:12:45,esterno,2540,10172,11652,-260,54,47,486760
2026-05-19 20:12:45,lombar,8080,-1208,-13872,62,-265,341,1144215
2026-05-19 20:12:45,esterno,2532,10152,11700,-69,135,-75,486782
2026-05-19 20:12:45,esterno,2596,10172,11736,3,390,-150,486804
2026-05-19 20:12:45,lombar,8096,-1220,-14064,123,-214,357,1144237
2026-05-19 20:12:45,lombar,8096,-1292,-13940,97,-255,334,1144259
2026-05-19 20:12:45,esterno,2328,10288,11976,-142,396,-97,486826
2026-05-19 20:12:45,lombar,7964,-1312,-14028,-12,-269,393,1144281
2026-05-19 20:12:45,esterno,2420,10392,11904,29,327,2,486848
2026-05-19 20:12:45,lombar,8060,-1376,-14136,106,-244,312,1144303
2026-05-19 20:12:45,esterno,2664,10340,11800,29,305,34,486870
2026-05-19 20:12:45,lombar,8040,-1276,-13932,88,-298,248,1144325
2026-05-19 20:12:45,esterno,2548,10220,11812,-172,359,61,486892
2026-05-19 20:12:45,lombar,8048,-1208,-13968,63,-267,376,1144347
2026-05-19 20:12:45,esterno,2444,10164,11800,-172,271,22,486914
2026-05-19 20:12:45,lombar,8128,-1300,-13936,102,-265,294,1144369
2026-05-19 20:12:45,esterno,2484,10288,11896,-139,152,32,486936
2026-05-19 20:12:45,lombar,8012,-1200,-13864,92,-272,335,1144391
2026-05-19 20:12:45,esterno,2624,10276,11980,-223,331,73,486958
2026-05-19 20:12:45,lombar,8024,-1240,-14008,132,-292,367,1144413
2026-05-19 20:12:45,esterno,2568,10300,11928,-320,271,13,486980
2026-05-19 20:12:45,lombar,7968,-1352,-13908,62,-286,309,1144435
2026-05-19 20:12:45,esterno,2572,10304,11900,-275,125,1,487002
2026-05-19 20:12:45,esterno,2672,10156,11976,-162,111,22,487024
2026-05-19 20:12:45,lombar,7984,-1288,-13956,77,-255,212,1144457
2026-05-19 20:12:45,lombar,8080,-1080,-13976,142,-272,343,1144479
2026-05-19 20:12:45,esterno,2580,10288,11828,-181,205,-22,487046
2026-05-19 20:12:45,lombar,7976,-1328,-14076,50,-271,342,1144501
2026-05-19 20:12:45,esterno,2416,10268,11984,-139,105,-42,487068
2026-05-19 20:12:45,lombar,7972,-1300,-14076,77,-240,309,1144523
2026-05-19 20:12:45,esterno,2584,10164,11800,-66,38,-48,487090
2026-05-19 20:12:45,lombar,8072,-1352,-13956,104,-283,297,1144545
2026-05-19 20:12:45,esterno,2600,10268,11952,-152,10,27,487112
2026-05-19 20:12:45,lombar,8128,-1228,-13864,84,-289,403,1144567
2026-05-19 20:12:45,esterno,2508,10392,11892,-224,36,107,487134
2026-05-19 20:12:45,lombar,7960,-1296,-14220,69,-245,363,1144589
2026-05-19 20:12:45,esterno,2568,10240,11852,-170,79,141,487156
2026-05-19 20:12:45,lombar,7996,-1360,-14192,80,-263,276,1144611
2026-05-19 20:12:45,esterno,2672,10288,11848,-137,146,42,487178
2026-05-19 20:12:45,esterno,2556,10236,11696,-143,170,-46,487200
2026-05-19 20:12:45,lombar,8012,-1252,-13948,106,-262,316,1144633
2026-05-19 20:12:45,lombar,8024,-1200,-14012,130,-310,330,1144655
2026-05-19 20:12:45,esterno,2428,10112,11832,-150,154,-99,487222
2026-05-19 20:12:45,lombar,8032,-1344,-13956,115,-311,335,1144677
2026-05-19 20:12:45,esterno,2440,10256,11960,-172,120,0,487244
2026-05-19 20:12:45,lombar,8040,-1340,-13896,68,-302,345,1144699
2026-05-19 20:12:45,esterno,2392,10144,11920,-205,108,40,487266
2026-05-19 20:12:45,lombar,8128,-1224,-13908,121,-284,285,1144721
2026-05-19 20:12:45,esterno,2568,10236,11936,-186,137,-23,487288
2026-05-19 20:12:45,esterno,2668,10264,11856,-206,172,-6,487310
2026-05-19 20:12:45,lombar,8004,-1204,-13980,118,-282,316,1144743
2026-05-19 20:12:45,lombar,7980,-1284,-13924,53,-312,354,1144765
2026-05-19 20:12:45,esterno,2668,10260,12104,-169,219,62,487332
2026-05-19 20:12:45,lombar,8080,-1304,-13868,87,-299,318,1144787
2026-05-19 20:12:45,esterno,2628,10212,12196,-193,143,109,487354
2026-05-19 20:12:45,lombar,8112,-1208,-14108,96,-293,308,1144809
2026-05-19 20:12:45,esterno,2476,10196,11804,-3,62,1,487376
2026-05-19 20:12:45,lombar,8068,-1288,-13984,137,-268,317,1144831
2026-05-19 20:12:45,esterno,2428,10308,12060,45,184,-57,487398
2026-05-19 20:12:45,lombar,7984,-1248,-13880,74,-275,366,1144853
2026-05-19 20:12:45,esterno,2644,10300,12112,-128,-1,4,487420
2026-05-19 20:12:45,lombar,8012,-1472,-14100,47,-292,361,1144875
2026-05-19 20:12:45,esterno,2680,10128,11864,-268,-266,170,487442
2026-05-19 20:12:45,lombar,8080,-1292,-13880,179,-234,372,1144897
2026-05-19 20:12:45,esterno,2628,10140,11536,-350,51,64,487464
2026-05-19 20:12:45,lombar,8052,-1312,-13976,25,-291,368,1144919
2026-05-19 20:12:45,esterno,2592,10152,11764,-56,164,-85,487486
2026-05-19 20:12:45,lombar,8040,-1276,-14116,92,-225,338,1144941
2026-05-19 20:12:45,esterno,2552,10332,11764,39,462,-198,487508
2026-05-19 20:12:45,lombar,8092,-1276,-13984,122,-271,359,1144963
2026-05-19 20:12:46,esterno,2332,10240,11836,-114,432,-101,487530
2026-05-19 20:12:46,lombar,7984,-1360,-13896,19,-288,363,1144985
2026-05-19 20:12:46,esterno,2452,10192,11944,13,296,-44,487552
2026-05-19 20:12:46,lombar,7996,-1468,-13924,69,-256,287,1145007
2026-05-19 20:12:46,esterno,2672,10192,11708,5,280,-3,487574
2026-05-19 20:12:46,lombar,8032,-1248,-13844,113,-290,292,1145029
2026-05-19 20:12:46,esterno,2520,10312,11900,-200,315,52,487596
2026-05-19 20:12:46,lombar,8064,-1348,-13980,68,-289,301,1145051
2026-05-19 20:12:46,esterno,2484,10368,11792,-143,242,12,487618
2026-05-19 20:12:46,lombar,8000,-1276,-13976,89,-274,276,1145073
2026-05-19 20:12:46,esterno,2600,10252,11920,-124,217,17,487640
2026-05-19 20:12:46,lombar,8060,-1232,-13996,90,-245,263,1145095
2026-05-19 20:12:46,esterno,2640,10300,12232,-216,345,52,487662
2026-05-19 20:12:46,lombar,8076,-1240,-13828,134,-295,290,1145117
2026-05-19 20:12:46,esterno,2480,10324,12016,-317,276,23,487684
2026-05-19 20:12:46,lombar,8032,-1416,-13940,33,-331,370,1145139
2026-05-19 20:12:46,esterno,2592,10204,11956,-253,118,29,487706
2026-05-19 20:12:46,lombar,8188,-1264,-14212,107,-300,320,1145161
2026-05-19 20:12:46,esterno,2772,10208,11932,-199,77,30,487728
2026-05-19 20:12:46,lombar,8128,-1236,-13964,124,-270,351,1145183
2026-05-19 20:12:46,esterno,2468,10180,11764,-176,198,35,487750
2026-05-19 20:12:46,lombar,7984,-1252,-13948,65,-283,399,1145205
2026-05-19 20:12:46,esterno,2524,10228,11908,-191,153,-41,487772
2026-05-19 20:12:46,lombar,8052,-1324,-14016,81,-297,332,1145227
2026-05-19 20:12:46,esterno,2564,10336,11788,-85,30,-48,487794
2026-05-19 20:12:46,lombar,8052,-1284,-14104,139,-280,316,1145249
2026-05-19 20:12:46,esterno,2608,10204,11880,-148,15,-30,487816
2026-05-19 20:12:46,esterno,2528,10348,11944,-230,41,32,487838
2026-05-19 20:12:46,lombar,7956,-1344,-14080,110,-262,395,1145271
2026-05-19 20:12:46,lombar,8096,-1312,-13992,56,-280,378,1145293
2026-05-19 20:12:46,esterno,2452,10272,11764,-165,63,128,487860
2026-05-19 20:12:46,lombar,8084,-1296,-14032,95,-296,318,1145315
2026-05-19 20:12:46,esterno,2572,10148,11956,-182,159,96,487882
2026-05-19 20:12:46,lombar,8092,-1260,-13832,121,-277,299,1145337
2026-05-19 20:12:46,esterno,2592,10248,11924,-137,239,-36,487904
2026-05-19 20:12:46,lombar,8020,-1300,-13904,114,-288,326,1145359
2026-05-19 20:12:46,esterno,2516,10392,11900,-143,217,-63,487926
2026-05-19 20:12:46,lombar,8080,-1316,-13908,63,-303,342,1145381
2026-05-19 20:12:46,esterno,2388,10244,11852,-130,207,16,487948
2026-05-19 20:12:46,lombar,8088,-1304,-13924,74,-276,344,1145403
2026-05-19 20:12:46,esterno,2528,10280,11988,-25,185,30,487970
2026-05-19 20:12:46,lombar,8000,-1316,-13964,107,-286,301,1145425
2026-05-19 20:12:46,esterno,2644,10336,12020,-73,215,8,487992
2026-05-19 20:12:46,lombar,7972,-1372,-14192,101,-266,366,1145447
2026-05-19 20:12:46,esterno,2628,10288,11860,-86,210,-35,488014
2026-05-19 20:12:46,lombar,8024,-1300,-14116,87,-263,375,1145469
2026-05-19 20:12:46,esterno,2472,10244,11776,-168,206,13,488036
2026-05-19 20:12:46,lombar,8100,-1272,-14076,88,-269,344,1145491
2026-05-19 20:12:46,esterno,2592,10248,11960,-172,148,76,488058
2026-05-19 20:12:46,lombar,8096,-1240,-14000,76,-320,325,1145513
2026-05-19 20:12:46,esterno,2572,10184,11972,-141,121,100,488080
2026-05-19 20:12:46,lombar,8044,-1136,-14152,64,-269,373,1145535
2026-05-19 20:12:46,esterno,2560,10268,11948,-180,70,51,488102
2026-05-19 20:12:46,lombar,7996,-1248,-13928,88,-290,332,1145557
2026-05-19 20:12:46,esterno,2492,10260,11332,89,287,-18,488124
2026-05-19 20:12:46,lombar,8084,-1320,-14028,152,-271,349,1145579
2026-05-19 20:12:46,esterno,2612,10400,12184,23,182,44,488146
2026-05-19 20:12:46,lombar,7992,-1276,-13896,78,-325,343,1145601
2026-05-19 20:12:46,esterno,2708,10328,12148,-215,216,103,488168
2026-05-19 20:12:46,lombar,7984,-1328,-13964,120,-289,284,1145623
2026-05-19 20:12:46,esterno,2604,10136,11904,-228,-234,126,488190
2026-05-19 20:12:46,lombar,7984,-1168,-14080,142,-200,372,1145645
2026-05-19 20:12:46,esterno,2388,10076,11616,-157,23,-23,488212
2026-05-19 20:12:46,lombar,8096,-1356,-14180,26,-283,330,1145667
2026-05-19 20:12:46,esterno,2644,10124,11664,90,213,-11,488234
2026-05-19 20:12:46,lombar,8072,-1276,-14204,108,-212,317,1145689
2026-05-19 20:12:46,esterno,2632,10320,11704,33,592,5,488256
2026-05-19 20:12:46,lombar,8068,-1180,-13844,114,-310,390,1145711
2026-05-19 20:12:46,esterno,2404,10452,12152,-164,574,-53,488278
2026-05-19 20:12:46,lombar,7968,-1416,-14032,32,-291,357,1145733
2026-05-19 20:12:46,esterno,2440,10340,11824,10,459,-22,488300
2026-05-19 20:12:46,lombar,7964,-1292,-13980,95,-259,386,1145755
2026-05-19 20:12:46,esterno,2420,10284,11776,-56,410,55,488322
2026-05-19 20:12:46,lombar,8104,-1320,-13832,106,-307,382,1145777
2026-05-19 20:12:46,esterno,2632,10208,11836,-177,332,111,488344
2026-05-19 20:12:46,lombar,7992,-1376,-13996,85,-292,317,1145799
2026-05-19 20:12:46,esterno,2524,10256,11968,-144,240,123,488366
2026-05-19 20:12:46,lombar,8048,-1392,-14088,132,-298,325,1145821
2026-05-19 20:12:46,esterno,2524,10208,11832,-148,287,22,488388
2026-05-19 20:12:46,lombar,8056,-1248,-14044,141,-265,283,1145843
2026-05-19 20:12:46,esterno,2644,10320,12112,-285,201,37,488410
2026-05-19 20:12:46,lombar,8056,-1168,-13824,112,-312,377,1145865
2026-05-19 20:12:46,lombar,8044,-1320,-14060,54,-256,284,1145887
2026-05-19 20:12:46,esterno,2428,10272,11888,-262,302,-26,488432
2026-05-19 20:12:46,esterno,2456,10268,11988,-184,64,78,488454
2026-05-19 20:12:46,lombar,8052,-1284,-14004,113,-266,278,1145909
2026-05-19 20:12:46,esterno,2508,10228,12044,-58,163,63,488476
2026-05-19 20:12:46,lombar,8180,-1124,-14076,98,-273,319,1145931
2026-05-19 20:12:46,esterno,2492,10320,11780,-111,199,15,488498
2026-05-19 20:12:46,lombar,7968,-1252,-14100,35,-258,408,1145953
2026-05-19 20:12:47,esterno,2436,10316,11912,-114,103,1,488520
2026-05-19 20:12:47,lombar,8056,-1332,-14004,60,-250,395,1145975
2026-05-19 20:12:47,esterno,2660,10248,11880,-53,13,59,488542
2026-05-19 20:12:47,lombar,8000,-1364,-13880,113,-293,379,1145997
2026-05-19 20:12:47,esterno,2504,10328,11920,-132,47,97,488564
2026-05-19 20:12:47,lombar,8076,-1332,-14076,84,-260,360,1146019
2026-05-19 20:12:47,esterno,2384,10276,11824,-175,117,29,488586
2026-05-19 20:12:47,lombar,8008,-1288,-13952,86,-302,322,1146041
2026-05-19 20:12:47,esterno,2436,10264,11792,-158,143,-22,488608
2026-05-19 20:12:47,lombar,8036,-1384,-13996,119,-297,304,1146063
2026-05-19 20:12:47,esterno,2464,10336,11852,-121,179,-8,488630
2026-05-19 20:12:47,lombar,8044,-1376,-14040,98,-280,296,1146085
2026-05-19 20:12:47,esterno,2564,10336,11844,-108,245,60,488652
2026-05-19 20:12:47,lombar,8040,-1244,-13884,99,-271,310,1146107
2026-05-19 20:12:47,esterno,2380,10296,11876,-116,256,44,488674
2026-05-19 20:12:47,lombar,8040,-1348,-13984,84,-279,329,1146129
2026-05-19 20:12:47,esterno,2492,10328,11916,-123,204,7,488696
2026-05-19 20:12:47,lombar,8112,-1336,-13896,87,-278,298,1146151
2026-05-19 20:12:47,esterno,2432,10340,11788,-145,130,-47,488718
2026-05-19 20:12:47,lombar,8000,-1396,-14008,100,-269,281,1146173
2026-05-19 20:12:47,esterno,2548,10196,11824,-174,159,35,488740
2026-05-19 20:12:47,lombar,8080,-1340,-14044,121,-290,369,1146195
2026-05-19 20:12:47,esterno,2536,10340,11856,-148,167,80,488762
2026-05-19 20:12:47,lombar,8040,-1364,-13904,110,-277,365,1146217
2026-05-19 20:12:47,esterno,2624,10280,11772,-132,230,-7,488784
2026-05-19 20:12:47,esterno,2440,10252,11996,-216,185,-13,488806
2026-05-19 20:12:47,lombar,8044,-1316,-13836,106,-265,271,1146239
2026-05-19 20:12:47,lombar,8004,-1244,-13960,66,-258,376,1146261
2026-05-19 20:12:47,esterno,2404,10172,11716,-42,34,-36,488828
2026-05-19 20:12:47,lombar,7996,-1252,-13976,91,-255,266,1146283
2026-05-19 20:12:47,esterno,2416,10256,11724,-40,350,20,488850
2026-05-19 20:12:47,lombar,8036,-1408,-13912,58,-296,295,1146305
2026-05-19 20:12:47,esterno,2696,10352,12108,-302,-92,67,488872
2026-05-19 20:12:47,lombar,7952,-1340,-13900,108,-285,294,1146327
2026-05-19 20:12:47,esterno,2532,10148,11684,-211,-252,55,488894
2026-05-19 20:12:47,lombar,8040,-1244,-13964,137,-283,354,1146349
2026-05-19 20:12:47,esterno,2388,10216,11648,-273,-77,-16,488916
2026-05-19 20:12:47,lombar,8056,-1308,-14132,25,-267,377,1146371
2026-05-19 20:12:47,esterno,2568,10188,11848,-115,31,-42,488938
2026-05-19 20:12:47,lombar,8020,-1344,-14132,113,-256,297,1146393
2026-05-19 20:12:47,esterno,2568,10380,11724,-49,328,-62,488960
2026-05-19 20:12:47,lombar,8096,-1228,-13960,117,-301,323,1146415
2026-05-19 20:12:47,esterno,2384,10408,11784,-254,392,-105,488982
2026-05-19 20:12:47,lombar,7968,-1236,-14036,60,-262,350,1146437
2026-05-19 20:12:47,esterno,2324,10180,11772,-130,270,-126,489004
2026-05-19 20:12:47,lombar,8036,-1272,-14020,73,-274,312,1146459
2026-05-19 20:12:47,esterno,2428,10228,11924,-16,223,-81,489026
2026-05-19 20:12:47,lombar,8076,-1364,-13944,51,-294,368,1146481
2026-05-19 20:12:47,esterno,2440,10216,11744,-163,177,52,489048
2026-05-19 20:12:47,lombar,8024,-1316,-13948,117,-278,307,1146503
2026-05-19 20:12:47,esterno,2460,10324,11888,-215,137,56,489070
2026-05-19 20:12:47,lombar,8016,-1272,-13964,110,-292,270,1146525
2026-05-19 20:12:47,esterno,2532,10184,11824,-297,188,8,489092
2026-05-19 20:12:47,lombar,8016,-1244,-13996,62,-281,340,1146547
2026-05-19 20:12:47,esterno,2560,10248,12312,-341,112,-27,489114
2026-05-19 20:12:47,lombar,7956,-1400,-13884,103,-302,335,1146569
2026-05-19 20:12:47,esterno,2572,10196,11860,-369,242,-31,489136
2026-05-19 20:12:47,lombar,8072,-1360,-13948,47,-236,267,1146591
2026-05-19 20:12:47,esterno,2428,10284,11852,-373,54,59,489158
2026-05-19 20:12:47,lombar,8064,-1196,-14048,94,-214,305,1146613
2026-05-19 20:12:47,esterno,2580,10192,11916,-357,75,80,489180
2026-05-19 20:12:47,lombar,8140,-1152,-14060,153,-242,271,1146635
2026-05-19 20:12:47,esterno,2420,10160,11944,-175,133,-22,489202
2026-05-19 20:12:47,lombar,8024,-1280,-13860,128,-250,430,1146657
2026-05-19 20:12:47,esterno,2300,10192,12036,-178,60,-36,489224
2026-05-19 20:12:47,lombar,8092,-1300,-13780,130,-210,423,1146679
2026-05-19 20:12:47,esterno,2532,10152,12060,-159,-203,27,489246
2026-05-19 20:12:47,lombar,8076,-1368,-14076,128,-268,364,1146701
2026-05-19 20:12:47,esterno,2548,10244,11976,-112,-316,157,489268
2026-05-19 20:12:47,lombar,7936,-1268,-14012,76,-223,380,1146723
2026-05-19 20:12:47,esterno,2472,10236,12040,-76,-462,176,489290
2026-05-19 20:12:47,esterno,2468,10308,12152,58,-472,162,489312
2026-05-19 20:12:47,lombar,8048,-1200,-14060,50,-206,431,1146745
2026-05-19 20:12:47,lombar,8036,-1424,-14100,59,-212,328,1146767
2026-05-19 20:12:47,esterno,2748,10392,11896,93,-328,215,489334
2026-05-19 20:12:47,lombar,8024,-1308,-13948,64,-210,359,1146789
2026-05-19 20:12:47,esterno,2820,10300,11764,-13,-104,263,489356
2026-05-19 20:12:47,lombar,8052,-1440,-13968,93,-233,241,1146811
2026-05-19 20:12:47,esterno,2720,9984,11660,-124,34,142,489378
2026-05-19 20:12:47,lombar,8060,-1304,-13944,60,-217,273,1146833
2026-05-19 20:12:47,esterno,2664,9872,11880,-82,97,-57,489400
2026-05-19 20:12:47,lombar,8096,-1224,-14004,48,-229,271,1146855
2026-05-19 20:12:47,esterno,2808,10280,11944,-48,172,-29,489422
2026-05-19 20:12:47,lombar,8000,-1280,-13856,74,-252,356,1146877
2026-05-19 20:12:47,esterno,2844,10404,11800,-139,250,90,489444
2026-05-19 20:12:47,lombar,8044,-1196,-14092,89,-282,341,1146899
2026-05-19 20:12:47,esterno,2696,10316,11692,-173,316,76,489466
2026-05-19 20:12:47,lombar,7972,-1256,-13952,100,-286,299,1146921
2026-05-19 20:12:47,esterno,2676,10256,11872,-135,204,0,489488
2026-05-19 20:12:47,lombar,8088,-1172,-14064,115,-301,356,1146943
2026-05-19 20:12:48,esterno,2444,10276,12124,-220,18,-134,489510
2026-05-19 20:12:48,lombar,8060,-1232,-14112,167,-304,385,1146965
2026-05-19 20:12:48,esterno,2508,10240,11872,-201,-189,-113,489532
2026-05-19 20:12:48,lombar,7928,-1392,-13984,168,-271,398,1146987
2026-05-19 20:12:48,esterno,2504,10188,11400,19,241,-57,489554
2026-05-19 20:12:48,lombar,8164,-1412,-13996,122,-270,444,1147009
2026-05-19 20:12:48,esterno,2900,10384,12092,-57,-94,49,489576
2026-05-19 20:12:48,lombar,8008,-1444,-13872,56,-292,338,1147031
2026-05-19 20:12:48,esterno,2792,10344,12140,-223,-123,123,489598
2026-05-19 20:12:48,lombar,8024,-1320,-14008,127,-253,260,1147053
2026-05-19 20:12:48,esterno,2608,10224,11516,-395,-58,94,489620
2026-05-19 20:12:48,lombar,7980,-1324,-14012,85,-237,318,1147075
2026-05-19 20:12:48,esterno,2664,10080,11692,-131,33,35,489642
2026-05-19 20:12:48,lombar,8008,-1336,-14140,28,-267,283,1147097
2026-05-19 20:12:48,esterno,2676,10180,11780,77,259,57,489664
2026-05-19 20:12:48,lombar,8132,-1248,-13992,136,-263,363,1147119
2026-05-19 20:12:48,esterno,2520,10296,11852,-39,405,32,489686
2026-05-19 20:12:48,lombar,8008,-1228,-13872,23,-294,359,1147141
2026-05-19 20:12:48,esterno,2592,10316,11808,40,350,-108,489708
2026-05-19 20:12:48,lombar,8024,-1468,-13956,28,-266,380,1147163
2026-05-19 20:12:48,esterno,2648,10276,11944,108,297,-140,489730
2026-05-19 20:12:48,lombar,8128,-1360,-13764,149,-241,309,1147185
2026-05-19 20:12:48,esterno,2824,10236,11824,20,280,39,489752
2026-05-19 20:12:48,lombar,8000,-1280,-14036,76,-310,348,1147207
2026-05-19 20:12:48,esterno,2684,10300,11944,-100,248,125,489774
2026-05-19 20:12:48,lombar,7968,-1340,-13892,82,-286,329,1147229
2026-05-19 20:12:48,esterno,2608,10408,11852,-204,180,81,489796
2026-05-19 20:12:48,lombar,8060,-1304,-13948,116,-302,248,1147251
2026-05-19 20:12:48,esterno,2700,10276,11492,-197,243,-8,489818
2026-05-19 20:12:48,lombar,8192,-1220,-13908,129,-302,311,1147273
2026-05-19 20:12:48,esterno,2712,10264,11968,-324,212,53,489840
2026-05-19 20:12:48,esterno,2648,10200,11756,-309,253,61,489862
2026-05-19 20:12:48,lombar,7976,-1348,-14084,96,-322,392,1147295
2026-05-19 20:12:48,lombar,8084,-1416,-14004,61,-296,380,1147317
2026-05-19 20:12:48,esterno,2796,10244,12068,-292,-36,112,489884
2026-05-19 20:12:48,lombar,8080,-1264,-13940,156,-246,291,1147339
2026-05-19 20:12:48,esterno,2808,10312,11776,-203,170,4,489906
2026-05-19 20:12:48,esterno,2608,10288,11980,-186,186,-88,489928
2026-05-19 20:12:48,lombar,8044,-1340,-13992,101,-279,390,1147361
2026-05-19 20:12:48,lombar,8052,-1384,-13968,59,-263,319,1147383
2026-05-19 20:12:48,esterno,2536,10220,11904,-142,53,-59,489950
2026-05-19 20:12:48,lombar,8116,-1256,-14076,55,-244,335,1147405
2026-05-19 20:12:48,esterno,2728,10200,11980,-64,1,53,489972
2026-05-19 20:12:48,lombar,8096,-1272,-14052,89,-243,299,1147427
2026-05-19 20:12:48,esterno,2732,10332,11892,-173,44,148,489994
2026-05-19 20:12:48,lombar,8048,-1344,-13944,98,-270,312,1147449
2026-05-19 20:12:48,esterno,2780,10196,11720,-208,82,50,490016
2026-05-19 20:12:48,lombar,8064,-1328,-13964,86,-296,300,1147471
2026-05-19 20:12:48,esterno,2728,10200,11808,-145,139,-47,490038
2026-05-19 20:12:48,lombar,7996,-1296,-14160,114,-279,368,1147493
2026-05-19 20:12:48,esterno,2672,10212,11896,-200,191,-76,490060
2026-05-19 20:12:48,lombar,8136,-1204,-14120,124,-304,337,1147515
2026-05-19 20:12:48,esterno,2588,10212,11872,-219,177,13,490082
2026-05-19 20:12:48,lombar,8020,-1404,-14176,103,-296,364,1147537
2026-05-19 20:12:48,esterno,2620,10248,12008,-247,158,-22,490104
2026-05-19 20:12:48,lombar,7924,-1400,-13944,101,-293,340,1147559
2026-05-19 20:12:48,esterno,2632,10248,11928,-222,138,-101,490126
2026-05-19 20:12:48,lombar,8108,-1360,-13908,113,-278,343,1147581
2026-05-19 20:12:48,esterno,2760,10284,12024,-216,159,-68,490148
2026-05-19 20:12:48,lombar,8064,-1304,-14084,102,-279,342,1147603
2026-05-19 20:12:48,esterno,2644,10252,11800,-272,180,-32,490170
2026-05-19 20:12:48,lombar,8012,-1392,-13924,79,-259,295,1147625
2026-05-19 20:12:48,esterno,2724,10204,11736,-168,166,33,490192
2026-05-19 20:12:48,lombar,8016,-1320,-14076,68,-296,293,1147647
2026-05-19 20:12:48,esterno,2624,10268,11996,-191,206,3,490214
2026-05-19 20:12:48,esterno,2592,10120,11924,-167,79,-14,490236
2026-05-19 20:12:48,lombar,8084,-1364,-13820,93,-291,310,1147669
2026-05-19 20:12:48,lombar,8112,-1336,-13972,132,-287,328,1147691
2026-05-19 20:12:48,esterno,2576,10144,11720,12,388,-73,490258
2026-05-19 20:12:48,esterno,2804,10372,11968,-44,-4,65,490280
2026-05-19 20:12:48,esterno,2848,10432,12084,-190,-107,104,490302
2026-05-19 20:12:48,lombar,8052,-1248,-13928,121,-230,260,1147713
2026-05-19 20:12:48,lombar,8036,-1364,-14032,66,-278,333,1147735
2026-05-19 20:12:48,lombar,8104,-1304,-13868,162,-266,343,1147757
2026-05-19 20:12:48,esterno,2676,10156,11600,-241,-134,48,490324
2026-05-19 20:12:48,lombar,8116,-1268,-14008,105,-259,304,1147779
2026-05-19 20:12:48,esterno,2716,10088,11744,-151,43,0,490346
2026-05-19 20:12:48,lombar,8124,-1336,-14164,41,-257,360,1147801
2026-05-19 20:12:48,esterno,2828,10224,11804,-3,228,-12,490368
2026-05-19 20:12:48,lombar,8096,-1312,-13988,126,-234,335,1147823
2026-05-19 20:12:48,esterno,2620,10236,11760,-104,480,-60,490390
2026-05-19 20:12:48,lombar,8040,-1288,-13996,54,-294,352,1147845
2026-05-19 20:12:48,esterno,2604,10268,11916,-125,415,-145,490412
2026-05-19 20:12:48,lombar,8048,-1368,-13964,71,-283,324,1147867
2026-05-19 20:12:48,esterno,2624,10200,11872,3,296,-103,490434
2026-05-19 20:12:48,lombar,7992,-1380,-13956,78,-235,272,1147889
2026-05-19 20:12:48,esterno,2560,10204,11920,-99,306,13,490456
2026-05-19 20:12:48,lombar,7996,-1220,-13952,69,-311,352,1147911
2026-05-19 20:12:48,esterno,2732,10244,11936,-179,268,-17,490478
2026-05-19 20:12:48,lombar,8124,-1344,-13892,99,-314,321,1147933
2026-05-19 20:12:48,esterno,2592,10260,11672,-231,218,-65,490500
2026-05-19 20:12:48,lombar,7972,-1272,-14004,95,-351,290,1147955
2026-05-19 20:12:48,esterno,2572,10136,11644,-278,325,-95,490522
2026-05-19 20:12:49,lombar,8044,-1276,-14028,127,-369,342,1147977
2026-05-19 20:12:49,esterno,2644,10236,12096,-196,95,39,490544
2026-05-19 20:12:49,lombar,8060,-1360,-13972,24,-339,372,1147999
2026-05-19 20:12:49,esterno,2588,10268,11772,-250,197,-8,490566
2026-05-19 20:12:49,lombar,8120,-1552,-14172,40,-277,259,1148021
2026-05-19 20:12:49,esterno,3012,10364,11808,-309,157,-5,490588
2026-05-19 20:12:49,lombar,8060,-1396,-14104,201,-255,212,1148043
2026-05-19 20:12:49,esterno,3124,10592,11784,-298,487,-92,490610
2026-05-19 20:12:49,lombar,8052,-1288,-13936,144,-258,249,1148065
2026-05-19 20:12:49,esterno,2888,10372,11872,-374,577,-185,490632
2026-05-19 20:12:49,lombar,8072,-1136,-13908,-11,-189,235,1148087
2026-05-19 20:12:49,esterno,2484,9876,11800,-245,364,-146,490654
2026-05-19 20:12:49,lombar,8096,-1232,-13936,19,-247,364,1148109
2026-05-19 20:12:49,esterno,2452,9696,11920,-130,129,25,490676
2026-05-19 20:12:49,lombar,8024,-1236,-14008,87,-320,365,1148131
2026-05-19 20:12:49,esterno,2572,10124,11844,-269,71,115,490698
2026-05-19 20:12:49,lombar,8080,-1288,-13892,99,-324,421,1148153
2026-05-19 20:12:49,esterno,2600,10540,11828,-270,28,23,490720
2026-05-19 20:12:49,lombar,8036,-1416,-13876,126,-335,423,1148175
2026-05-19 20:12:49,esterno,2796,10496,11964,-219,20,-41,490742
2026-05-19 20:12:49,lombar,8032,-1312,-14056,111,-315,373,1148197
2026-05-19 20:12:49,esterno,2604,10216,11964,-207,122,-73,490764
2026-05-19 20:12:49,lombar,8060,-1316,-14060,128,-306,380,1148219
2026-05-19 20:12:49,esterno,2700,10052,11832,-224,206,-33,490786
2026-05-19 20:12:49,lombar,8012,-1216,-13944,103,-254,356,1148241
2026-05-19 20:12:49,esterno,2508,10092,12016,-205,266,-11,490808
2026-05-19 20:12:49,lombar,8108,-1292,-13928,89,-264,355,1148263
2026-05-19 20:12:49,esterno,2580,10072,11916,-102,252,-52,490830
2026-05-19 20:12:49,lombar,8092,-1360,-14012,113,-257,348,1148285
2026-05-19 20:12:49,esterno,2552,10096,12060,-44,235,-38,490852
2026-05-19 20:12:49,lombar,8040,-1364,-14048,97,-248,351,1148307
2026-05-19 20:12:49,esterno,2536,10352,11808,-120,194,18,490874
2026-05-19 20:12:49,lombar,8096,-1376,-13852,86,-256,340,1148329
2026-05-19 20:12:49,esterno,2532,10364,11856,-130,158,83,490896
2026-05-19 20:12:49,lombar,8032,-1248,-13912,51,-270,319,1148351
2026-05-19 20:12:49,esterno,2684,10276,12132,-144,139,135,490918
2026-05-19 20:12:49,lombar,8008,-1312,-13956,77,-280,279,1148373
2026-05-19 20:12:49,esterno,2600,10220,11924,-217,109,88,490940
2026-05-19 20:12:49,esterno,2660,10104,11860,-73,94,23,490962
2026-05-19 20:12:49,lombar,8060,-1368,-13732,57,-304,364,1148395
2026-05-19 20:12:49,lombar,8032,-1240,-14072,96,-254,301,1148417
2026-05-19 20:12:49,esterno,2440,10192,11984,36,425,16,490984
2026-05-19 20:12:49,lombar,8072,-1196,-13964,86,-289,324,1148439
2026-05-19 20:12:49,esterno,2804,10340,12168,-87,224,61,491006
2026-05-19 20:12:49,lombar,8096,-1296,-13980,100,-286,293,1148461
2026-05-19 20:12:49,esterno,2768,10264,11920,-186,1,11,491028
2026-05-19 20:12:49,lombar,8036,-1244,-13864,180,-266,328,1148483
2026-05-19 20:12:49,esterno,2440,10064,11596,-197,161,-63,491050
2026-05-19 20:12:49,esterno,2628,10092,11872,-94,187,-58,491072
2026-05-19 20:12:49,lombar,8012,-1236,-13976,93,-272,402,1148505
2026-05-19 20:12:49,lombar,8068,-1336,-14288,88,-233,373,1148527
2026-05-19 20:12:49,esterno,2692,10132,11652,43,452,-84,491094
2026-05-19 20:12:49,lombar,8124,-1172,-14016,161,-239,365,1148549
2026-05-19 20:12:49,esterno,2460,10492,11888,-117,645,-197,491116
2026-05-19 20:12:49,lombar,8076,-1332,-13916,28,-275,382,1148571
2026-05-19 20:12:49,esterno,2536,10264,11752,-32,656,-128,491138
2026-05-19 20:12:49,lombar,7932,-1412,-13792,83,-227,277,1148593
2026-05-19 20:12:49,esterno,2544,10212,11860,84,678,-49,491160
2026-05-19 20:12:49,lombar,8024,-1288,-13920,131,-291,339,1148615
2026-05-19 20:12:49,esterno,2576,10144,11912,-42,695,30,491182
2026-05-19 20:12:49,lombar,8108,-1416,-14056,110,-258,389,1148637
2026-05-19 20:12:49,esterno,2336,10172,11920,-91,570,-5,491204
2026-05-19 20:12:49,lombar,8036,-1332,-14096,111,-310,353,1148659
2026-05-19 20:12:49,esterno,2348,10248,12124,-17,390,-35,491226
2026-05-19 20:12:49,lombar,8036,-1196,-14108,65,-299,335,1148681
2026-05-19 20:12:49,esterno,2520,10192,11724,-99,514,5,491248
2026-05-19 20:12:49,lombar,8112,-1252,-13832,124,-325,298,1148703
2026-05-19 20:12:49,esterno,2532,10296,12008,-215,368,74,491270
2026-05-19 20:12:49,lombar,7992,-1308,-14168,89,-285,337,1148725
2026-05-19 20:12:49,esterno,2304,10224,11744,-129,365,99,491292
2026-05-19 20:12:49,lombar,8120,-1372,-14112,100,-272,249,1148747
2026-05-19 20:12:49,esterno,2628,10260,11904,-84,223,30,491314
2026-05-19 20:12:49,lombar,8028,-1260,-14028,144,-273,284,1148769
2026-05-19 20:12:49,esterno,2560,10336,11852,-35,333,-105,491336
2026-05-19 20:12:49,lombar,8020,-1192,-14004,107,-292,340,1148791
2026-05-19 20:12:49,esterno,2364,10312,11876,-99,309,-61,491358
2026-05-19 20:12:49,esterno,2396,10308,11996,-20,137,51,491380
2026-05-19 20:12:49,lombar,8092,-1272,-13896,71,-283,363,1148813
2026-05-19 20:12:49,lombar,8116,-1348,-14036,109,-275,319,1148835
2026-05-19 20:12:49,esterno,2520,10276,11684,-17,94,62,491402
2026-05-19 20:12:49,lombar,8060,-1292,-14096,138,-255,337,1148857
2026-05-19 20:12:49,esterno,2676,10224,11820,-65,125,58,491424
2026-05-19 20:12:49,lombar,8120,-1272,-14056,77,-274,339,1148879
2026-05-19 20:12:49,esterno,2456,10304,11864,-82,169,2,491446
2026-05-19 20:12:49,lombar,8084,-1308,-13828,107,-295,424,1148901
2026-05-19 20:12:49,esterno,2320,10320,11972,-138,221,31,491468
2026-05-19 20:12:49,lombar,7988,-1280,-14060,90,-258,335,1148923
2026-05-19 20:12:49,esterno,2320,10240,11940,-99,222,102,491490
2026-05-19 20:12:49,lombar,8052,-1288,-13888,122,-257,303,1148945
2026-05-19 20:12:49,esterno,2324,10392,11868,-95,265,30,491512
2026-05-19 20:12:50,lombar,8044,-1368,-13796,81,-260,359,1148967
2026-05-19 20:12:50,esterno,2408,10260,11892,-96,218,-18,491534
2026-05-19 20:12:50,lombar,7988,-1324,-13964,117,-286,353,1148989
2026-05-19 20:12:50,esterno,2388,10412,11816,-109,208,29,491556
2026-05-19 20:12:50,lombar,8032,-1384,-13944,108,-262,325,1149011
2026-05-19 20:12:50,esterno,2472,10268,11688,-175,228,47,491578
2026-05-19 20:12:50,lombar,8096,-1252,-13964,111,-274,350,1149033
2026-05-19 20:12:50,esterno,2352,10360,11768,-174,274,80,491600
2026-05-19 20:12:50,lombar,8000,-1380,-13980,86,-284,321,1149055
2026-05-19 20:12:50,esterno,2408,10304,11788,-189,322,-10,491622
2026-05-19 20:12:50,lombar,8028,-1232,-14048,106,-260,310,1149077
2026-05-19 20:12:50,esterno,2444,10280,11908,-293,337,7,491644
2026-05-19 20:12:50,lombar,8040,-1276,-13880,82,-294,336,1149099
2026-05-19 20:12:50,esterno,2300,10272,11748,-160,191,11,491666
2026-05-19 20:12:50,lombar,8088,-1360,-13848,77,-280,365,1149121
2026-05-19 20:12:50,esterno,2348,10396,11668,-123,353,52,491688
2026-05-19 20:12:50,lombar,8032,-1360,-13932,57,-276,339,1149143
2026-05-19 20:12:50,esterno,2396,10316,12084,-321,154,34,491710
2026-05-19 20:12:50,lombar,8032,-1360,-13980,96,-220,344,1149165
2026-05-19 20:12:50,esterno,2464,10224,12008,-321,-125,32,491732
2026-05-19 20:12:50,lombar,8036,-1240,-14188,120,-241,290,1149187
2026-05-19 20:12:50,esterno,2408,10148,11624,-262,72,-26,491754
2026-05-19 20:12:50,lombar,8080,-1304,-13936,37,-246,364,1149209
2026-05-19 20:12:50,esterno,2552,10204,11792,-152,237,-21,491776
2026-05-19 20:12:50,lombar,8104,-1360,-13932,93,-262,366,1149231
2026-05-19 20:12:50,esterno,2544,10312,11608,-116,627,-105,491798
2026-05-19 20:12:50,lombar,8064,-1212,-13904,154,-259,362,1149253
2026-05-19 20:12:50,esterno,2268,10208,12148,-310,692,-102,491820
2026-05-19 20:12:50,lombar,7960,-1368,-13948,43,-255,371,1149275
2026-05-19 20:12:50,esterno,2140,10208,11968,-350,487,-65,491842
2026-05-19 20:12:50,lombar,8060,-1384,-13936,96,-261,323,1149297
2026-05-19 20:12:50,esterno,2212,10164,11944,-218,382,42,491864
2026-05-19 20:12:50,lombar,8056,-1284,-13968,93,-264,353,1149319
2026-05-19 20:12:50,esterno,2428,10248,12020,-302,320,75,491886
2026-05-19 20:12:50,lombar,8008,-1268,-13912,88,-246,352,1149341
2026-05-19 20:12:50,esterno,2444,10316,11980,-366,331,86,491908
2026-05-19 20:12:50,lombar,8068,-1336,-13988,85,-282,314,1149363
2026-05-19 20:12:50,esterno,2388,10208,11956,-320,369,-13,491930
2026-05-19 20:12:50,lombar,8048,-1272,-14112,116,-278,260,1149385
2026-05-19 20:12:50,esterno,2356,10404,12400,-388,323,22,491952
2026-05-19 20:12:50,lombar,8048,-1256,-13892,117,-241,334,1149407
2026-05-19 20:12:50,esterno,2392,10168,11896,-379,258,45,491974
2026-05-19 20:12:50,lombar,8032,-1328,-13940,63,-268,322,1149429
2026-05-19 20:12:50,esterno,2412,10136,11792,-292,116,83,491996
2026-05-19 20:12:50,esterno,2480,10156,12036,-279,259,7,492018
2026-05-19 20:12:50,esterno,2304,10084,11888,-247,252,-46,492040
2026-05-19 20:12:50,lombar,8000,-1272,-13932,104,-252,310,1149451
2026-05-19 20:12:50,lombar,8016,-1292,-13944,108,-262,308,1149473
2026-05-19 20:12:50,lombar,8024,-1312,-13968,70,-261,337,1149495
2026-05-19 20:12:50,esterno,2224,10244,12092,-273,143,-40,492062
2026-05-19 20:12:50,lombar,8000,-1416,-14068,68,-228,338,1149517
2026-05-19 20:12:50,esterno,2400,10216,11948,-271,9,99,492084
2026-05-19 20:12:50,lombar,8028,-1304,-14072,91,-277,343,1149539
2026-05-19 20:12:50,esterno,2520,10052,11968,-309,44,120,492106
2026-05-19 20:12:50,lombar,8116,-1296,-14124,98,-243,321,1149561
2026-05-19 20:12:50,esterno,2452,10116,11916,-373,98,7,492128
2026-05-19 20:12:50,lombar,7976,-1340,-13880,92,-257,338,1149583
2026-05-19 20:12:50,esterno,2356,10164,11952,-324,154,-38,492150
2026-05-19 20:12:50,lombar,8132,-1308,-13968,81,-320,336,1149605
2026-05-19 20:12:50,esterno,2344,10076,11896,-292,137,-9,492172
2026-05-19 20:12:50,esterno,2284,10192,12088,-321,128,50,492194
2026-05-19 20:12:50,lombar,8120,-1316,-13896,92,-274,338,1149627
2026-05-19 20:12:50,lombar,8088,-1376,-13852,87,-256,349,1149649
2026-05-19 20:12:50,esterno,2208,10116,12088,-340,153,13,492216
2026-05-19 20:12:50,lombar,7996,-1336,-13968,83,-250,322,1149671
2026-05-19 20:12:50,esterno,2324,10168,12048,-255,140,-69,492238
2026-05-19 20:12:50,esterno,2360,10072,12076,-171,166,-19,492260
2026-05-19 20:12:50,lombar,8116,-1380,-14056,74,-285,321,1149693
2026-05-19 20:12:50,lombar,8164,-1268,-13960,78,-286,324,1149715
2026-05-19 20:12:50,esterno,2408,10028,11968,-96,151,24,492282
2026-05-19 20:12:50,lombar,8048,-1284,-13984,62,-317,312,1149737
2026-05-19 20:12:50,esterno,2408,10024,12104,-36,15,73,492304
2026-05-19 20:12:50,esterno,2380,10016,11668,257,84,-41,492326
2026-05-19 20:12:50,lombar,7956,-1468,-14172,60,-333,392,1149759
2026-05-19 20:12:50,lombar,8004,-1304,-13972,61,-318,349,1149781
2026-05-19 20:12:50,esterno,2416,10096,12176,233,85,-102,492348
2026-05-19 20:12:50,lombar,8156,-1276,-13968,69,-268,272,1149803
2026-05-19 20:12:50,esterno,2496,10104,12044,97,-328,-28,492370
2026-05-19 20:12:50,esterno,2372,10052,11620,303,-253,20,492392
2026-05-19 20:12:50,lombar,8084,-1296,-13980,112,-304,301,1149825
2026-05-19 20:12:50,lombar,8076,-1316,-14044,105,-345,417,1149847
2026-05-19 20:12:50,esterno,2356,10132,11828,347,-222,-42,492414
2026-05-19 20:12:50,lombar,8112,-1304,-14064,26,-317,361,1149869
2026-05-19 20:12:50,esterno,2608,10120,11676,572,-148,-154,492436
2026-05-19 20:12:50,lombar,8136,-1328,-13916,90,-284,322,1149891
2026-05-19 20:12:50,esterno,2568,10344,11776,539,117,-148,492458
2026-05-19 20:12:50,lombar,7952,-1256,-13968,74,-302,371,1149913
2026-05-19 20:12:50,esterno,2324,10392,11744,255,154,-117,492480
2026-05-19 20:12:50,lombar,8008,-1296,-14000,4,-317,375,1149935
2026-05-19 20:12:50,esterno,2232,10268,11744,293,123,-64,492502
2026-05-19 20:12:50,lombar,8036,-1376,-14000,94,-318,294,1149957
2026-05-19 20:12:50,esterno,2336,10276,11896,168,51,-53,492524
2026-05-19 20:12:51,lombar,8080,-1400,-14100,93,-301,351,1149979
2026-05-19 20:12:51,esterno,2460,10224,11976,-90,112,-25,492546
2026-05-19 20:12:51,lombar,8100,-1392,-13940,68,-283,299,1150001
2026-05-19 20:12:51,esterno,2388,10332,11820,-315,204,-6,492568
2026-05-19 20:12:51,lombar,7964,-1388,-14112,109,-259,327,1150023
2026-05-19 20:12:51,esterno,2380,10216,11984,-348,275,-2,492590
2026-05-19 20:12:51,esterno,2472,10364,12168,-450,126,10,492612
2026-05-19 20:12:51,lombar,8032,-1216,-14120,79,-224,328,1150045
2026-05-19 20:12:51,lombar,8144,-1240,-13828,57,-264,336,1150067
2026-05-19 20:12:51,esterno,2272,10320,11876,-441,199,-86,492634
2026-05-19 20:12:51,lombar,7992,-1372,-14000,13,-262,309,1150089
2026-05-19 20:12:51,esterno,2320,10208,11836,-459,59,-30,492656
2026-05-19 20:12:51,lombar,8076,-1368,-14140,82,-236,253,1150111
2026-05-19 20:12:51,esterno,2592,10172,12036,-422,88,9,492678
2026-05-19 20:12:51,lombar,7996,-1124,-14092,133,-231,241,1150133
2026-05-19 20:12:51,esterno,2272,10160,12060,-321,195,12,492700
2026-05-19 20:12:51,lombar,8084,-1336,-14128,66,-230,374,1150155
2026-05-19 20:12:51,esterno,2284,10280,11904,-224,65,-97,492722
2026-05-19 20:12:51,lombar,8076,-1360,-13948,64,-210,351,1150177
2026-05-19 20:12:51,esterno,2384,10304,11872,-214,-72,-61,492744
2026-05-19 20:12:51,lombar,8120,-1364,-13948,70,-199,259,1150199
2026-05-19 20:12:51,esterno,2512,10324,11772,-330,-3,-40,492766
2026-05-19 20:12:51,lombar,8044,-1268,-13900,71,-222,326,1150221
2026-05-19 20:12:51,esterno,2464,10304,11884,-327,50,44,492788
2026-05-19 20:12:51,lombar,8152,-1224,-14144,63,-268,320,1150243
2026-05-19 20:12:51,esterno,2384,10240,11960,-212,73,56,492810
2026-05-19 20:12:51,lombar,8072,-1292,-14120,83,-295,340,1150265
2026-05-19 20:12:51,esterno,2316,10168,11836,-214,23,57,492832
2026-05-19 20:12:51,lombar,7996,-1336,-13988,103,-335,339,1150287
2026-05-19 20:12:51,esterno,2304,10124,12064,-190,-95,-5,492854
2026-05-19 20:12:51,esterno,2432,10268,12012,-193,-163,-31,492876
2026-05-19 20:12:51,lombar,8112,-1292,-13892,137,-303,319,1150309
2026-05-19 20:12:51,lombar,8012,-1360,-14180,115,-275,365,1150331
2026-05-19 20:12:51,esterno,2476,10256,11732,-310,-88,12,492898
2026-05-19 20:12:51,lombar,8120,-1256,-14104,115,-290,324,1150353
2026-05-19 20:12:51,esterno,2412,10140,11932,-307,31,57,492920
2026-05-19 20:12:51,lombar,8020,-1300,-13948,95,-320,339,1150375
2026-05-19 20:12:51,esterno,2440,10184,12036,-269,104,0,492942
2026-05-19 20:12:51,lombar,8136,-1296,-14004,133,-333,278,1150397
2026-05-19 20:12:51,esterno,2508,10184,12156,-298,-18,37,492964
2026-05-19 20:12:51,lombar,8068,-1288,-13988,109,-293,319,1150419
2026-05-19 20:12:51,esterno,2424,9948,11932,-153,-193,30,492986
2026-05-19 20:12:51,lombar,8100,-1316,-14084,98,-296,300,1150441
2026-05-19 20:12:51,esterno,2292,10136,11888,15,229,-28,493008
2026-05-19 20:12:51,lombar,8064,-1188,-14240,98,-303,378,1150463
2026-05-19 20:12:51,esterno,2588,10324,12092,-27,-102,80,493030
2026-05-19 20:12:51,lombar,7948,-1312,-13948,23,-320,311,1150485
2026-05-19 20:12:51,esterno,2644,10232,12056,-338,-296,193,493052
2026-05-19 20:12:51,lombar,8056,-1320,-14068,124,-278,263,1150507
2026-05-19 20:12:51,esterno,2464,10268,11608,-442,-194,142,493074
2026-05-19 20:12:51,lombar,8172,-1192,-14036,88,-260,298,1150529
2026-05-19 20:12:51,esterno,2680,9880,11712,-259,-165,88,493096
2026-05-19 20:12:51,lombar,8148,-1236,-13996,89,-241,374,1150551
2026-05-19 20:12:51,esterno,2736,10008,11640,85,163,-100,493118
2026-05-19 20:12:51,lombar,8104,-1192,-13836,147,-281,380,1150573
2026-05-19 20:12:51,esterno,2544,10236,11956,-118,382,-185,493140
2026-05-19 20:12:51,lombar,7992,-1332,-14056,10,-304,375,1150595
2026-05-19 20:12:51,esterno,2404,10292,12100,70,281,-162,493162
2026-05-19 20:12:51,lombar,8064,-1424,-13924,47,-239,335,1150617
2026-05-19 20:12:51,esterno,2568,10172,12008,140,231,-65,493184
2026-05-19 20:12:51,lombar,8016,-1300,-13904,120,-237,374,1150639
2026-05-19 20:12:51,esterno,2432,10152,12008,-77,291,32,493206
2026-05-19 20:12:51,lombar,8032,-1292,-14056,98,-278,350,1150661
2026-05-19 20:12:51,esterno,2432,10124,11880,-175,228,28,493228
2026-05-19 20:12:51,lombar,8076,-1388,-13972,97,-288,277,1150683
2026-05-19 20:12:51,esterno,2492,10328,12004,-237,144,15,493250
2026-05-19 20:12:51,lombar,8020,-1364,-13888,99,-277,291,1150705
2026-05-19 20:12:51,esterno,2592,10264,11640,-237,291,24,493272
2026-05-19 20:12:51,esterno,2644,10148,11956,-265,290,84,493294
2026-05-19 20:12:51,lombar,8048,-1236,-14036,95,-256,319,1150727
2026-05-19 20:12:51,lombar,7968,-1280,-14028,90,-285,281,1150749
2026-05-19 20:12:51,esterno,2360,10208,11920,-284,352,43,493316
2026-05-19 20:12:51,lombar,8008,-1244,-13956,57,-250,297,1150771
2026-05-19 20:12:51,esterno,2544,10096,11876,-117,45,31,493338
2026-05-19 20:12:51,esterno,2712,10196,12008,-93,240,-85,493360
2026-05-19 20:12:51,lombar,8032,-1196,-13872,122,-233,377,1150793
2026-05-19 20:12:51,lombar,8064,-1316,-13932,111,-278,368,1150815
2026-05-19 20:12:51,esterno,2540,10140,12004,-258,157,-35,493382
2026-05-19 20:12:51,lombar,7964,-1336,-14108,54,-253,332,1150837
2026-05-19 20:12:51,esterno,2540,10112,12164,-185,53,3,493404
2026-05-19 20:12:51,lombar,7916,-1324,-13940,114,-241,302,1150859
2026-05-19 20:12:51,esterno,2528,10204,11924,-149,36,68,493426
2026-05-19 20:12:51,lombar,7988,-1252,-13972,90,-250,340,1150881
2026-05-19 20:12:51,esterno,2580,10184,11968,-173,38,15,493448
2026-05-19 20:12:51,esterno,2532,10276,12076,-216,24,-25,493470
2026-05-19 20:12:51,lombar,8076,-1312,-14088,83,-268,317,1150903
2026-05-19 20:12:51,lombar,8008,-1348,-13936,84,-294,393,1150925
2026-05-19 20:12:51,esterno,2536,10152,12072,-287,104,51,493492
2026-05-19 20:12:51,lombar,8032,-1244,-14156,92,-287,272,1150947
2026-05-19 20:12:51,esterno,2552,10040,11872,-245,117,91,493514
2026-05-19 20:12:52,lombar,8160,-1232,-13876,104,-260,388,1150969
2026-05-19 20:12:52,esterno,2416,10224,12032,-146,135,13,493536
2026-05-19 20:12:52,lombar,8052,-1272,-14020,99,-277,324,1150991
2026-05-19 20:12:52,esterno,2484,10180,12012,-158,145,-32,493558
2026-05-19 20:12:52,lombar,8032,-1184,-13984,102,-290,336,1151013
2026-05-19 20:12:52,esterno,2396,10224,11876,-159,122,-26,493580
2026-05-19 20:12:52,esterno,2424,10108,11968,-179,141,72,493602
2026-05-19 20:12:52,lombar,7996,-1288,-13920,81,-272,363,1151035
2026-05-19 20:12:52,esterno,2612,10032,11952,-161,127,62,493624
2026-05-19 20:12:52,lombar,7900,-1268,-14072,101,-274,359,1151057
2026-05-19 20:12:52,lombar,8028,-1380,-13996,81,-274,301,1151079
2026-05-19 20:12:52,esterno,2664,10152,12020,-110,118,-20,493646
2026-05-19 20:12:52,lombar,8132,-1300,-14076,69,-269,286,1151101
2026-05-19 20:12:52,esterno,2472,10008,12008,-64,-7,-28,493668
2026-05-19 20:12:52,lombar,7968,-1328,-14028,94,-268,332,1151123
2026-05-19 20:12:52,esterno,2404,10228,11744,-7,376,-17,493690
2026-05-19 20:12:52,esterno,2784,10220,12148,-109,86,60,493712
2026-05-19 20:12:52,lombar,8188,-1148,-13952,105,-256,289,1151145
2026-05-19 20:12:52,lombar,8052,-1252,-13956,32,-283,310,1151167
2026-05-19 20:12:52,esterno,2696,10284,11908,-263,-88,120,493734
2026-05-19 20:12:52,lombar,8052,-1224,-14032,143,-269,265,1151189
2026-05-19 20:12:52,esterno,2560,10060,11528,-323,-71,64,493756
2026-05-19 20:12:52,lombar,8060,-1300,-13924,93,-273,365,1151211
2026-05-19 20:12:52,esterno,2444,9920,11740,-261,25,-10,493778
2026-05-19 20:12:52,lombar,8128,-1244,-14300,61,-234,356,1151233
2026-05-19 20:12:52,esterno,2636,10044,11860,72,270,-42,493800
2026-05-19 20:12:52,esterno,2440,10296,11984,-102,436,-147,493822
2026-05-19 20:12:52,lombar,8032,-1324,-13904,107,-250,393,1151255
2026-05-19 20:12:52,lombar,8080,-1284,-13920,29,-335,357,1151277
2026-05-19 20:12:52,esterno,2336,10260,12152,-52,339,-132,493844
2026-05-19 20:12:52,lombar,8044,-1492,-14168,70,-303,315,1151299
2026-05-19 20:12:52,esterno,2592,9996,12032,68,298,-68,493866
2026-05-19 20:12:52,esterno,2508,10180,11796,-120,335,39,493888
2026-05-19 20:12:52,lombar,7992,-1352,-14008,136,-264,357,1151321
2026-05-19 20:12:52,lombar,8116,-1368,-13968,95,-265,367,1151343
2026-05-19 20:12:52,esterno,2512,10160,11952,-178,291,98,493910
2026-05-19 20:12:52,lombar,8160,-1280,-14016,106,-279,307,1151365
2026-05-19 20:12:52,esterno,2352,10172,12052,-146,169,53,493932
2026-05-19 20:12:52,esterno,2576,10256,11504,-197,314,17,493954
2026-05-19 20:12:52,lombar,8076,-1304,-14124,83,-262,260,1151387
2026-05-19 20:12:52,lombar,8084,-1096,-13940,105,-262,357,1151409
2026-05-19 20:12:52,esterno,2580,10264,12024,-279,219,73,493976
2026-05-19 20:12:52,lombar,8040,-1264,-13872,87,-305,316,1151431
2026-05-19 20:12:52,esterno,2520,10100,11896,-234,262,57,493998
2026-05-19 20:12:52,lombar,8068,-1360,-14008,65,-274,252,1151453
2026-05-19 20:12:52,esterno,2680,10048,12076,-195,21,78,494020
2026-05-19 20:12:52,lombar,8120,-1300,-13880,163,-249,293,1151475
2026-05-19 20:12:52,esterno,2640,10148,11892,-147,192,-15,494042
2026-05-19 20:12:52,lombar,8116,-1212,-14016,99,-275,341,1151497
2026-05-19 20:12:52,esterno,2548,10212,11804,-211,195,-101,494064
2026-05-19 20:12:52,lombar,7912,-1248,-13992,72,-240,345,1151519
2026-05-19 20:12:52,esterno,2704,10204,12068,-158,121,15,494086
2026-05-19 20:12:52,lombar,8116,-1232,-13972,98,-285,418,1151541
2026-05-19 20:12:52,esterno,2592,10084,11892,-143,41,64,494108
2026-05-19 20:12:52,esterno,2548,10092,11820,-215,53,78,494130
2026-05-19 20:12:52,lombar,8004,-1332,-13988,98,-280,341,1151563
2026-05-19 20:12:52,lombar,8040,-1332,-13964,70,-267,369,1151585
2026-05-19 20:12:52,esterno,2488,10128,11996,-193,23,-14,494152
2026-05-19 20:12:52,lombar,8052,-1272,-14048,85,-266,404,1151607
2026-05-19 20:12:52,esterno,2592,10232,12008,-197,74,6,494174
2026-05-19 20:12:52,esterno,2508,10248,11908,-196,157,55,494196
2026-05-19 20:12:52,lombar,8148,-1348,-13860,106,-279,296,1151629
2026-05-19 20:12:52,lombar,8128,-1248,-13936,71,-280,305,1151651
2026-05-19 20:12:52,esterno,2524,10188,11904,-165,206,50,494218
2026-05-19 20:12:52,lombar,8176,-1300,-13920,70,-278,292,1151673
2026-05-19 20:12:52,esterno,2548,10044,12040,-173,229,-13,494240
2026-05-19 20:12:52,lombar,7960,-1268,-13848,96,-265,303,1151695
2026-05-19 20:12:52,esterno,2480,10132,11884,-125,186,-67,494262
2026-05-19 20:12:52,lombar,8012,-1208,-14012,86,-265,313,1151717
2026-05-19 20:12:52,esterno,2560,10056,11900,-137,170,-16,494284
2026-05-19 20:12:52,lombar,8008,-1332,-14064,135,-277,339,1151739
2026-05-19 20:12:52,esterno,2452,10132,12048,-155,132,49,494306
2026-05-19 20:12:52,lombar,8000,-1328,-14032,120,-269,314,1151761
2026-05-19 20:12:52,esterno,2560,10032,12044,-170,129,29,494328
2026-05-19 20:12:52,lombar,8060,-1244,-14044,111,-305,363,1151783
2026-05-19 20:12:52,esterno,2608,10104,12044,-261,18,8,494350
2026-05-19 20:12:52,lombar,8024,-1220,-13936,80,-275,326,1151805
2026-05-19 20:12:52,esterno,2620,10052,11596,-116,150,5,494372
2026-05-19 20:12:52,lombar,8148,-1256,-13788,106,-276,291,1151827
2026-05-19 20:12:52,esterno,2464,10188,12124,-78,231,-9,494394
2026-05-19 20:12:52,lombar,8048,-1284,-13808,99,-251,334,1151849
2026-05-19 20:12:52,esterno,2564,10088,12192,-129,161,24,494416
2026-05-19 20:12:52,esterno,2564,10164,12000,-242,-165,91,494438
2026-05-19 20:12:52,lombar,8084,-1352,-14020,80,-266,361,1151871
2026-05-19 20:12:52,lombar,8124,-1292,-13920,163,-246,277,1151893
2026-05-19 20:12:52,esterno,2360,10100,11760,-305,31,-5,494460
2026-05-19 20:12:52,lombar,7972,-1308,-14048,39,-257,335,1151915
2026-05-19 20:12:52,esterno,2620,10056,11764,68,60,-65,494482
2026-05-19 20:12:52,lombar,7936,-1328,-14176,86,-231,336,1151937
2026-05-19 20:12:52,esterno,2536,10212,11944,-16,371,-85,494504
2026-05-19 20:12:52,lombar,8084,-1224,-13940,88,-300,346,1151959
2026-05-19 20:12:52,esterno,2372,10312,11840,-180,417,-106,494526
2026-05-19 20:12:53,lombar,8008,-1220,-13768,-9,-296,371,1151981
2026-05-19 20:12:53,esterno,2456,10096,11964,-28,352,-119,494548
2026-05-19 20:12:53,lombar,7876,-1256,-14084,73,-258,307,1152003
2026-05-19 20:12:53,esterno,2504,10136,11984,6,334,-30,494570
2026-05-19 20:12:53,lombar,8072,-1304,-13972,101,-273,346,1152025
2026-05-19 20:12:53,esterno,2468,10232,12024,-156,324,69,494592
2026-05-19 20:12:53,lombar,8144,-1312,-13940,68,-287,334,1152047
2026-05-19 20:12:53,esterno,2540,10240,11964,-232,224,83,494614
2026-05-19 20:12:53,lombar,8024,-1208,-13928,29,-296,265,1152069
2026-05-19 20:12:53,esterno,2528,10172,11856,-178,177,66,494636
2026-05-19 20:12:53,lombar,8060,-1348,-14000,88,-279,280,1152091
2026-05-19 20:12:53,esterno,2548,10192,12164,-280,229,37,494658
2026-05-19 20:12:53,esterno,2424,10068,11996,-273,243,-56,494680
2026-05-19 20:12:53,lombar,8008,-1236,-14080,147,-297,323,1152113
2026-05-19 20:12:53,lombar,8028,-1380,-14024,45,-289,338,1152135
2026-05-19 20:12:53,esterno,2444,10188,12032,-276,50,84,494702
2026-05-19 20:12:53,lombar,8128,-1316,-14084,173,-284,274,1152157
2026-05-19 20:12:53,esterno,2584,10164,12096,-196,117,70,494724
2026-05-19 20:12:53,lombar,8040,-1168,-13960,136,-289,370,1152179
2026-05-19 20:12:53,esterno,2432,10120,11928,-192,187,-82,494746
2026-05-19 20:12:53,lombar,8040,-1332,-14116,64,-270,353,1152201
2026-05-19 20:12:53,esterno,2528,10040,11968,-215,119,-79,494768
2026-05-19 20:12:53,esterno,2560,10140,12080,-125,48,38,494790
2026-05-19 20:12:53,lombar,8044,-1176,-13940,66,-258,311,1152223
2026-05-19 20:12:53,lombar,8148,-1224,-13988,91,-268,329,1152245
2026-05-19 20:12:53,esterno,2528,10036,12136,-150,64,76,494812
2026-05-19 20:12:53,lombar,8060,-1268,-13940,94,-264,400,1152267
2026-05-19 20:12:53,esterno,2404,10168,11780,-177,47,65,494834
2026-05-19 20:12:53,esterno,2488,10116,11932,-199,70,1,494856
2026-05-19 20:12:53,lombar,7988,-1292,-14028,95,-281,390,1152289
2026-05-19 20:12:53,lombar,8064,-1300,-13920,114,-279,313,1152311
2026-05-19 20:12:53,esterno,2496,10052,11836,-201,114,-10,494878
2026-05-19 20:12:53,lombar,8008,-1308,-13932,113,-263,292,1152333
2026-05-19 20:12:53,esterno,2564,10072,11932,-128,119,-16,494900
2026-05-19 20:12:53,lombar,8032,-1220,-13972,112,-289,305,1152355
2026-05-19 20:12:53,esterno,2416,10128,11876,-184,182,30,494922
2026-05-19 20:12:53,lombar,8032,-1248,-13956,85,-288,262,1152377
2026-05-19 20:12:53,esterno,2468,10148,12044,-169,182,-14,494944
2026-05-19 20:12:53,lombar,8156,-1276,-14016,73,-253,328,1152399
2026-05-19 20:12:53,esterno,2504,10132,11912,-128,175,-26,494966
2026-05-19 20:12:53,lombar,8028,-1264,-14076,125,-278,305,1152421
2026-05-19 20:12:53,esterno,2608,10104,11996,-138,173,9,494988
2026-05-19 20:12:53,lombar,8104,-1312,-14044,110,-296,320,1152443
2026-05-19 20:12:53,esterno,2656,10112,11824,-181,175,21,495010
2026-05-19 20:12:53,lombar,8028,-1324,-14092,99,-258,303,1152465
2026-05-19 20:12:53,esterno,2512,10132,11900,-144,129,-1,495032
2026-05-19 20:12:53,lombar,8044,-1340,-13936,65,-255,339,1152487
2026-05-19 20:12:53,esterno,2508,10184,12044,-170,106,18,495054
2026-05-19 20:12:53,lombar,8028,-1268,-13972,87,-278,356,1152509
2026-05-19 20:12:53,esterno,2480,10112,12040,-173,12,18,495076
2026-05-19 20:12:53,lombar,8008,-1364,-13952,83,-290,339,1152531
2026-05-19 20:12:53,esterno,2544,10044,11420,36,190,-10,495098
2026-05-19 20:12:53,lombar,8020,-1140,-14096,120,-276,356,1152553
2026-05-19 20:12:53,esterno,2552,10228,12360,-93,127,58,495120
2026-05-19 20:12:53,lombar,7920,-1420,-13956,38,-275,354,1152575
2026-05-19 20:12:53,lombar,8156,-1448,-13896,84,-256,308,1152597
2026-05-19 20:12:53,esterno,2588,10200,12284,-236,105,37,495142
2026-05-19 20:12:53,esterno,2516,10116,11900,-226,-140,92,495164
2026-05-19 20:12:53,lombar,8092,-1212,-13848,157,-229,330,1152619
2026-05-19 20:12:53,esterno,2464,9912,11884,-168,92,-35,495186
2026-05-19 20:12:53,lombar,8072,-1244,-14052,30,-275,384,1152641
2026-05-19 20:12:53,esterno,2728,10064,11912,24,184,-38,495208
2026-05-19 20:12:53,lombar,8112,-1228,-14132,104,-225,387,1152663
2026-05-19 20:12:53,esterno,2492,10252,11816,-30,446,-63,495230
2026-05-19 20:12:53,lombar,8132,-1256,-13948,62,-289,403,1152685
2026-05-19 20:12:53,esterno,2324,10176,12072,-156,386,-104,495252
2026-05-19 20:12:53,lombar,7976,-1316,-14048,19,-281,385,1152707
2026-05-19 20:12:53,esterno,2484,10112,12056,38,276,-106,495274
2026-05-19 20:12:53,lombar,8076,-1344,-14064,92,-252,312,1152729
2026-05-19 20:12:53,esterno,2572,10064,12008,-13,263,9,495296
2026-05-19 20:12:53,lombar,8068,-1228,-14016,89,-293,342,1152751
2026-05-19 20:12:53,esterno,2536,10228,12036,-133,280,108,495318
2026-05-19 20:12:53,lombar,7948,-1328,-14116,78,-265,279,1152773
2026-05-19 20:12:53,esterno,2476,10116,12032,-112,219,16,495340
2026-05-19 20:12:53,lombar,8072,-1284,-13840,115,-287,280,1152795
2026-05-19 20:12:53,esterno,2496,10100,11668,-117,257,-59,495362
2026-05-19 20:12:53,lombar,8044,-1280,-14052,146,-272,286,1152817
2026-05-19 20:12:53,esterno,2556,10176,12144,-241,132,26,495384
2026-05-19 20:12:53,lombar,8024,-1272,-13748,129,-292,334,1152839
2026-05-19 20:12:53,esterno,2444,10064,11740,-143,267,-9,495406
2026-05-19 20:12:53,lombar,8020,-1324,-14080,55,-318,356,1152861
2026-05-19 20:12:53,esterno,2544,10044,12056,-172,37,87,495428
2026-05-19 20:12:53,lombar,8072,-1172,-14008,143,-257,298,1152883
2026-05-19 20:12:53,esterno,2584,10192,12068,-119,196,-11,495450
2026-05-19 20:12:53,lombar,8124,-1200,-14196,112,-297,327,1152905
2026-05-19 20:12:53,esterno,2472,10144,12032,-175,221,-55,495472
2026-05-19 20:12:53,lombar,8032,-1328,-14072,66,-242,342,1152927
2026-05-19 20:12:53,esterno,2520,10076,11968,-104,129,-83,495494
2026-05-19 20:12:53,lombar,8136,-1320,-13972,87,-269,289,1152949
2026-05-19 20:12:53,esterno,2564,10044,11980,-95,28,12,495516
2026-05-19 20:12:54,lombar,7924,-1260,-14016,126,-271,315,1152971
2026-05-19 20:12:54,esterno,2488,10208,11936,-202,77,62,495538
2026-05-19 20:12:54,lombar,8052,-1292,-14104,80,-258,347,1152993
2026-05-19 20:12:54,esterno,2432,10152,11864,-200,72,55,495560
2026-05-19 20:12:54,lombar,8096,-1256,-14244,40,-242,339,1153015
2026-05-19 20:12:54,esterno,2516,10184,11984,-199,161,23,495582
2026-05-19 20:12:54,lombar,8016,-1388,-13912,103,-266,308,1153037
2026-05-19 20:12:54,esterno,2444,10220,12112,-132,155,-4,495604
2026-05-19 20:12:54,lombar,8052,-1200,-13972,132,-287,382,1153059
2026-05-19 20:12:54,esterno,2352,10232,11860,-151,181,-20,495626
2026-05-19 20:12:54,lombar,8068,-1348,-13964,113,-314,347,1153081
2026-05-19 20:12:54,esterno,2356,10052,12008,-146,172,-3,495648
2026-05-19 20:12:54,lombar,8048,-1292,-13984,85,-294,373,1153103
2026-05-19 20:12:54,esterno,2412,10132,12000,-133,143,-53,495670
2026-05-19 20:12:54,lombar,8056,-1432,-14024,92,-280,335,1153125
2026-05-19 20:12:54,esterno,2576,10156,11868,-125,191,-6,495692
2026-05-19 20:12:54,lombar,8032,-1312,-14044,68,-280,306,1153147
2026-05-19 20:12:54,esterno,2536,10216,11900,-154,255,52,495714
2026-05-19 20:12:54,lombar,7976,-1356,-13992,104,-268,293,1153169
2026-05-19 20:12:54,esterno,2544,10236,11876,-118,255,22,495736
2026-05-19 20:12:54,lombar,8108,-1280,-14040,73,-241,283,1153191
2026-05-19 20:12:54,esterno,2492,10020,12120,-71,229,3,495758
2026-05-19 20:12:54,lombar,8024,-1224,-13924,106,-263,344,1153213
2026-05-19 20:12:54,esterno,2640,10044,12080,-29,167,-8,495780
2026-05-19 20:12:54,lombar,7992,-1412,-13848,107,-246,327,1153235
2026-05-19 20:12:54,esterno,2516,10176,11992,-123,57,25,495802
2026-05-19 20:12:54,lombar,8072,-1408,-13928,89,-291,378,1153257
2026-05-19 20:12:54,esterno,2408,10024,11248,52,177,46,495824
2026-05-19 20:12:54,lombar,7992,-1120,-14004,116,-242,345,1153279
2026-05-19 20:12:54,esterno,2668,10180,12228,-45,159,43,495846
2026-05-19 20:12:54,lombar,8044,-1404,-13888,78,-288,288,1153301
2026-05-19 20:12:54,esterno,2596,10156,12064,-202,161,-9,495868
2026-05-19 20:12:54,lombar,8084,-1380,-14004,117,-274,352,1153323
2026-05-19 20:12:54,esterno,2452,10072,11984,-185,-164,63,495890
2026-05-19 20:12:54,lombar,8112,-1248,-14004,159,-259,367,1153345
2026-05-19 20:12:54,esterno,2328,9992,11820,-141,39,-17,495912
2026-05-19 20:12:54,lombar,8100,-1288,-14092,86,-271,306,1153367
2026-05-19 20:12:54,esterno,2648,10112,11904,51,181,-24,495934
2026-05-19 20:12:54,lombar,8036,-1292,-13920,154,-249,362,1153389
2026-05-19 20:12:54,esterno,2528,10216,11812,2,551,-85,495956
2026-05-19 20:12:54,lombar,8092,-1184,-13880,59,-285,391,1153411
2026-05-19 20:12:54,esterno,2344,10284,12216,-114,507,-111,495978
2026-05-19 20:12:54,lombar,7916,-1388,-14072,35,-289,318,1153433
2026-05-19 20:12:54,esterno,2504,10248,12092,83,402,-79,496000
2026-05-19 20:12:54,lombar,8008,-1364,-14028,91,-278,305,1153455
2026-05-19 20:12:54,esterno,2556,10164,11908,15,333,86,496022
2026-05-19 20:12:54,lombar,8024,-1248,-13840,79,-265,299,1153477
2026-05-19 20:12:54,esterno,2448,10108,11892,-183,336,148,496044
2026-05-19 20:12:54,lombar,7976,-1396,-13916,88,-236,346,1153499
2026-05-19 20:12:54,esterno,2384,10216,12084,-154,296,73,496066
2026-05-19 20:12:54,lombar,8044,-1344,-13860,58,-293,291,1153521
2026-05-19 20:12:54,esterno,2508,10208,11832,-121,236,-13,496088
2026-05-19 20:12:54,lombar,8040,-1156,-14112,26,-292,226,1153543
2026-05-19 20:12:54,esterno,2720,9980,12324,-225,33,86,496110
2026-05-19 20:12:54,lombar,8080,-1268,-14036,81,-265,302,1153565
2026-05-19 20:12:54,esterno,2344,10120,11916,-158,209,62,496132
2026-05-19 20:12:54,lombar,8156,-1296,-13904,-30,-256,333,1153587
2026-05-19 20:12:54,esterno,2464,10164,11952,-63,-162,69,496154
2026-05-19 20:12:54,lombar,8108,-1276,-13804,-72,-370,330,1153609
2026-05-19 20:12:54,esterno,2556,9860,11828,215,-578,-112,496176
2026-05-19 20:12:54,lombar,8104,-1052,-14012,2,-356,312,1153631
2026-05-19 20:12:54,esterno,2760,9980,12028,213,-383,-148,496198
2026-05-19 20:12:54,lombar,8080,-1180,-14000,-76,-314,419,1153653
2026-05-19 20:12:54,esterno,2712,9940,11804,256,-310,-170,496220
2026-05-19 20:12:54,lombar,8024,-1068,-13828,-5,-345,457,1153675
2026-05-19 20:12:54,esterno,2512,9976,11504,685,-905,-308,496242
2026-05-19 20:12:54,lombar,8056,-1068,-13920,-9,-389,575,1153697
2026-05-19 20:12:54,esterno,2132,10464,12348,945,-1387,-444,496264
2026-05-19 20:12:54,lombar,8108,-1144,-13972,-102,-424,577,1153719
2026-05-19 20:12:54,esterno,1884,10768,12228,975,-1573,-330,496286
2026-05-19 20:12:54,lombar,8020,-1124,-14032,-249,-438,543,1153741
2026-05-19 20:12:54,esterno,2356,10872,11864,708,-1467,-102,496308
2026-05-19 20:12:54,lombar,7928,-1380,-14268,-214,-517,551,1153763
2026-05-19 20:12:54,esterno,3104,10428,11412,161,-1184,143,496330
2026-05-19 20:12:54,lombar,7904,-1560,-14188,-142,-477,396,1153785
2026-05-19 20:12:54,esterno,2912,10216,11604,86,-861,122,496352
2026-05-19 20:12:54,lombar,7828,-1440,-13948,-75,-581,456,1153807
2026-05-19 20:12:54,esterno,2900,10104,11496,122,-405,-275,496374
2026-05-19 20:12:54,lombar,7972,-1516,-13984,-103,-458,404,1153829
2026-05-19 20:12:54,esterno,3040,10468,11532,11,310,-453,496396
2026-05-19 20:12:54,lombar,7924,-1532,-14188,-25,-403,226,1153851
2026-05-19 20:12:54,esterno,3004,10756,11784,-21,772,-31,496418
2026-05-19 20:12:54,lombar,7704,-1288,-14240,78,-282,139,1153873
2026-05-19 20:12:54,esterno,2920,10660,11916,88,1003,329,496440
2026-05-19 20:12:54,lombar,7892,-1204,-14216,76,-254,118,1153895
2026-05-19 20:12:54,esterno,3072,10300,11680,18,1216,199,496462
2026-05-19 20:12:54,lombar,7912,-1168,-14064,62,-213,140,1153917
2026-05-19 20:12:54,esterno,3116,10004,11424,-178,1497,188,496484
2026-05-19 20:12:54,lombar,7952,-1092,-13996,9,-237,154,1153939
2026-05-19 20:12:54,esterno,2920,9928,11824,69,1571,504,496506
2026-05-19 20:12:54,lombar,7960,-1268,-14100,-72,-205,111,1153961
2026-05-19 20:12:55,esterno,2864,9948,10992,501,1400,728,496528
2026-05-19 20:12:55,lombar,8088,-1008,-14064,-116,-246,129,1153983
2026-05-19 20:12:55,esterno,2296,10260,11940,463,1110,478,496550
2026-05-19 20:12:55,lombar,8116,-1008,-14100,-69,-211,185,1154005
2026-05-19 20:12:55,esterno,2028,10800,12156,531,341,260,496572
2026-05-19 20:12:55,lombar,8096,-996,-13868,-111,-203,280,1154027
2026-05-19 20:12:55,esterno,1820,10816,11792,704,30,326,496594
2026-05-19 20:12:55,lombar,8128,-1024,-13872,-44,-223,320,1154049
2026-05-19 20:12:55,esterno,2336,10548,11552,740,-320,274,496616
2026-05-19 20:12:55,lombar,8000,-1156,-14068,29,-256,394,1154071
2026-05-19 20:12:55,esterno,3068,10592,11296,850,-324,36,496638
2026-05-19 20:12:55,lombar,8020,-1112,-14260,152,-231,510,1154093
2026-05-19 20:12:55,esterno,3116,11024,11224,371,374,-159,496660
2026-05-19 20:12:55,lombar,7996,-1236,-14008,169,-231,562,1154115
2026-05-19 20:12:55,esterno,2752,10960,11392,-197,676,2,496682
2026-05-19 20:12:55,lombar,7872,-1336,-14060,250,-267,488,1154137
2026-05-19 20:12:55,esterno,2524,10612,11464,-143,683,-17,496704
2026-05-19 20:12:55,lombar,7844,-1208,-14128,359,-323,419,1154159
2026-05-19 20:12:55,esterno,2448,10388,11584,-46,688,-294,496726
2026-05-19 20:12:55,lombar,7932,-1344,-13988,408,-236,431,1154181
2026-05-19 20:12:55,esterno,2508,10604,11556,-107,757,-343,496748
2026-05-19 20:12:55,lombar,8024,-1140,-14016,401,-225,380,1154203
2026-05-19 20:12:55,esterno,2292,10692,11532,-165,832,-178,496770
2026-05-19 20:12:55,lombar,7984,-1224,-14020,295,-268,352,1154225
2026-05-19 20:12:55,esterno,1884,10512,11216,-17,713,-48,496792
2026-05-19 20:12:55,lombar,8176,-1268,-13716,239,-283,335,1154247
2026-05-19 20:12:55,esterno,2064,10436,11760,125,135,169,496814
2026-05-19 20:12:55,lombar,8056,-1236,-13916,153,-316,276,1154269
2026-05-19 20:12:55,esterno,2092,10420,11192,278,440,149,496836
2026-05-19 20:12:55,lombar,7976,-1284,-13880,134,-228,196,1154291
2026-05-19 20:12:55,esterno,2828,10572,10940,329,583,292,496858
2026-05-19 20:12:55,lombar,8068,-1260,-13816,217,-255,188,1154313
2026-05-19 20:12:55,esterno,3308,10744,11320,193,822,274,496880
2026-05-19 20:12:55,lombar,7988,-1140,-14064,278,-235,126,1154335
2026-05-19 20:12:55,esterno,3608,10752,11660,79,842,130,496902
2026-05-19 20:12:55,lombar,7968,-984,-14072,348,-169,204,1154357
2026-05-19 20:12:55,esterno,3136,10796,11388,142,849,24,496924
2026-05-19 20:12:55,lombar,7884,-1148,-14144,310,-192,239,1154379
2026-05-19 20:12:55,esterno,2612,10764,11252,293,1113,73,496946
2026-05-19 20:12:55,lombar,6768,-1164,-13728,317,-851,65,1154401
2026-05-19 20:12:55,esterno,2120,10692,11540,164,1276,95,496968
2026-05-19 20:12:55,lombar,8328,-896,-14032,550,-234,341,1154423
2026-05-19 20:12:55,esterno,1364,10508,12068,47,953,72,496990
2026-05-19 20:12:55,lombar,7952,-1084,-14396,377,-435,492,1154445
2026-05-19 20:12:55,esterno,1020,10676,12248,91,205,141,497012
2026-05-19 20:12:55,lombar,7984,-1196,-14436,341,-423,557,1154467
2026-05-19 20:12:55,esterno,1176,10740,12272,203,-505,241,497034
2026-05-19 20:12:55,lombar,7948,-1416,-14440,185,-362,553,1154489
2026-05-19 20:12:55,esterno,1892,10716,12068,146,-939,344,497056
2026-05-19 20:12:55,lombar,7984,-1328,-14240,101,-218,501,1154511
2026-05-19 20:12:55,esterno,2236,10624,11568,305,-1086,359,497078
2026-05-19 20:12:55,lombar,7932,-1304,-14040,110,-107,461,1154533
2026-05-19 20:12:55,esterno,2476,10456,11588,465,-1136,274,497100
2026-05-19 20:12:55,lombar,8032,-1364,-14144,33,-105,383,1154555
2026-05-19 20:12:55,esterno,2900,10468,11048,530,-985,157,497122
2026-05-19 20:12:55,lombar,8024,-1396,-13804,-43,-69,337,1154577
2026-05-19 20:12:55,esterno,3216,10412,11004,710,-971,29,497144
2026-05-19 20:12:55,lombar,8172,-1432,-13816,-128,-15,234,1154599
2026-05-19 20:12:55,esterno,3464,10612,10852,909,-748,-190,497166
2026-05-19 20:12:55,lombar,8148,-1492,-13964,-137,31,151,1154621
2026-05-19 20:12:55,esterno,3724,11256,10196,687,159,-411,497188
2026-05-19 20:12:55,lombar,8104,-1420,-13796,-89,-41,22,1154643
2026-05-19 20:12:55,esterno,4008,11552,10808,322,556,-278,497210
2026-05-19 20:12:55,lombar,8136,-1396,-13668,17,-222,-45,1154665
2026-05-19 20:12:55,esterno,3548,11532,10300,-88,1070,-46,497232
2026-05-19 20:12:55,lombar,7844,-1400,-13588,49,-382,-62,1154687
2026-05-19 20:12:55,esterno,2348,10956,10504,-209,1338,196,497254
2026-05-19 20:12:55,lombar,7948,-1172,-13844,65,-446,-17,1154709
2026-05-19 20:12:55,esterno,1684,10540,11352,-88,932,364,497276
2026-05-19 20:12:55,lombar,8116,-940,-14156,149,-571,147,1154731
2026-05-19 20:12:55,esterno,1120,10876,12004,-72,390,357,497298
2026-05-19 20:12:55,lombar,8052,-864,-14512,184,-554,315,1154753
2026-05-19 20:12:55,esterno,1436,11352,12092,-533,-28,505,497320
2026-05-19 20:12:55,lombar,8000,-1016,-14468,12,-510,525,1154775
2026-05-19 20:12:55,esterno,2316,11400,12268,-582,-416,720,497342
2026-05-19 20:12:55,lombar,7840,-1252,-14592,52,-411,544,1154797
2026-05-19 20:12:55,esterno,2820,10912,11744,-303,-574,575,497364
2026-05-19 20:12:55,lombar,7780,-1400,-14500,120,-273,422,1154819
2026-05-19 20:12:55,esterno,3180,10688,11696,-432,-597,153,497386
