timestamp,node,ax,ay,az,gx,gy,gz,t_ms
2026-05-19 19:59:37,esterno,2316,15904,352,-370,263,105,60486
2026-05-19 19:59:37,lombar,16672,388,2696,64,-568,386,356505
2026-05-19 19:59:37,esterno,2356,15796,48,-264,281,43,60508
2026-05-19 19:59:37,lombar,16640,240,2644,78,-442,331,356527
2026-05-19 19:59:37,esterno,2316,15844,388,-235,273,29,60530
2026-05-19 19:59:37,lombar,16632,248,2720,102,-348,362,356549
2026-05-19 19:59:37,esterno,2276,15728,228,-245,290,112,60552
2026-05-19 19:59:37,lombar,16616,252,2680,44,-445,405,356571
2026-05-19 19:59:37,esterno,2332,15772,264,-190,178,119,60574
2026-05-19 19:59:37,lombar,16696,176,2680,27,-412,363,356593
2026-05-19 19:59:37,esterno,2196,15776,192,-177,149,52,60596
2026-05-19 19:59:37,lombar,16684,188,2848,113,-261,433,356615
2026-05-19 19:59:37,esterno,2200,15844,336,-238,120,-7,60618
2026-05-19 19:59:37,lombar,16616,308,2764,25,-247,400,356637
2026-05-19 19:59:37,esterno,2392,15788,212,-185,103,19,60640
2026-05-19 19:59:37,lombar,16612,124,2676,-15,-250,340,356659
2026-05-19 19:59:37,esterno,2316,15768,372,-142,12,38,60662
2026-05-19 19:59:37,lombar,16740,60,2644,1,-246,346,356681
2026-05-19 19:59:37,esterno,2192,15868,392,-131,-67,20,60684
2026-05-19 19:59:37,lombar,16660,36,2692,54,-310,347,356703
2026-05-19 19:59:37,esterno,2220,15820,28,-55,327,-54,60706
2026-05-19 19:59:37,lombar,16764,128,2904,83,-323,315,356725
2026-05-19 19:59:37,esterno,2372,15768,516,-28,-148,-136,60728
2026-05-19 19:59:37,lombar,16720,164,2672,70,-254,305,356747
2026-05-19 19:59:37,esterno,2280,16028,372,-102,-124,56,60750
2026-05-19 19:59:37,lombar,16760,76,2764,89,-301,286,356769
2026-05-19 19:59:37,esterno,2340,15700,80,-226,14,19,60772
2026-05-19 19:59:37,lombar,16736,216,2540,145,-233,326,356791
2026-05-19 19:59:37,esterno,2252,15788,156,-127,309,-37,60794
2026-05-19 19:59:37,lombar,16620,192,2512,158,-203,318,356813
2026-05-19 19:59:37,esterno,2444,15868,164,-61,308,-47,60816
2026-05-19 19:59:37,lombar,16784,276,2740,104,-339,314,356835
2026-05-19 19:59:37,esterno,2260,15816,-64,24,436,-68,60838
2026-05-19 19:59:37,lombar,16752,316,2652,90,-318,400,356857
2026-05-19 19:59:37,esterno,2124,15924,492,7,385,-51,60860
2026-05-19 19:59:37,lombar,16668,108,2848,55,-268,307,356879
2026-05-19 19:59:37,esterno,2260,15916,292,16,220,-9,60882
2026-05-19 19:59:37,lombar,16760,188,2608,6,-345,308,356901
2026-05-19 19:59:37,esterno,2268,15860,88,-87,242,-19,60904
2026-05-19 19:59:37,lombar,16644,124,2664,96,-207,224,356923
2026-05-19 19:59:37,esterno,2240,15708,76,-170,307,-8,60926
2026-05-19 19:59:37,lombar,16752,164,2756,67,-189,277,356945
2026-05-19 19:59:38,lombar,16616,228,2684,98,-245,356,356967
2026-05-19 19:59:38,esterno,2344,15872,208,-201,255,11,60948
2026-05-19 19:59:38,esterno,2264,15908,-176,-248,322,-31,60970
2026-05-19 19:59:38,lombar,16748,132,2752,116,-222,347,356989
2026-05-19 19:59:38,esterno,2240,15768,312,-264,239,-88,60992
2026-05-19 19:59:38,lombar,16632,204,2808,85,-177,313,357011
2026-05-19 19:59:38,esterno,2176,15888,-60,-233,272,-144,61014
2026-05-19 19:59:38,lombar,16668,228,2676,81,-134,285,357033
2026-05-19 19:59:38,esterno,2548,15904,152,-101,109,-60,61036
2026-05-19 19:59:38,lombar,16740,232,2792,136,-244,354,357055
2026-05-19 19:59:38,esterno,2600,15920,332,-191,469,-19,61058
2026-05-19 19:59:38,lombar,16668,340,2764,85,-263,393,357077
2026-05-19 19:59:38,esterno,2324,15864,376,-294,266,-105,61080
2026-05-19 19:59:38,lombar,16600,132,2876,74,-331,378,357099
2026-05-19 19:59:38,esterno,2340,15912,468,-116,186,-121,61102
2026-05-19 19:59:38,lombar,16772,176,2588,204,-155,377,357121
2026-05-19 19:59:38,esterno,2300,15876,336,-203,241,-19,61124
2026-05-19 19:59:38,lombar,16616,248,2784,276,-220,424,357143
2026-05-19 19:59:38,esterno,2216,15948,308,-200,281,55,61146
2026-05-19 19:59:38,lombar,16496,384,2840,150,-378,445,357165
2026-05-19 19:59:38,lombar,16812,204,2876,194,-392,396,357187
2026-05-19 19:59:38,esterno,2372,15912,244,-180,326,13,61168
2026-05-19 19:59:38,esterno,2376,15892,188,-180,394,-104,61190
2026-05-19 19:59:38,lombar,16632,124,2764,178,-445,409,357209
2026-05-19 19:59:38,esterno,2360,15948,144,-177,443,-68,61212
2026-05-19 19:59:38,lombar,16612,76,2792,156,-493,383,357231
2026-05-19 19:59:38,esterno,2252,15852,236,-112,469,-19,61234
2026-05-19 19:59:38,lombar,16720,292,2700,111,-500,440,357253
2026-05-19 19:59:38,esterno,2108,15940,292,-46,395,1,61256
2026-05-19 19:59:38,lombar,16696,284,2976,129,-457,428,357275
2026-05-19 19:59:38,esterno,2028,15956,284,-22,220,-79,61278
2026-05-19 19:59:38,lombar,16772,272,2528,150,-410,432,357297
2026-05-19 19:59:38,esterno,2244,15864,484,-76,227,-141,61300
2026-05-19 19:59:38,lombar,16636,176,2720,102,-417,386,357319
2026-05-19 19:59:38,esterno,2280,15856,456,-126,139,-121,61322
2026-05-19 19:59:38,lombar,16664,96,2716,72,-470,389,357341
2026-05-19 19:59:38,esterno,2216,15820,312,-73,76,-90,61344
2026-05-19 19:59:38,lombar,16684,184,2704,89,-555,373,357363
2026-05-19 19:59:38,esterno,2124,15744,236,-36,262,-204,61366
2026-05-19 19:59:38,lombar,16732,220,2748,-1,-647,427,357385
2026-05-19 19:59:38,esterno,2372,15908,444,-21,-96,-217,61388
2026-05-19 19:59:38,lombar,16716,120,2728,-34,-468,404,357407
2026-05-19 19:59:38,esterno,2296,15844,84,-242,-277,-52,61410
2026-05-19 19:59:38,lombar,16544,184,2488,43,-457,406,357429
2026-05-19 19:59:38,esterno,2328,15768,-160,-241,120,-21,61432
2026-05-19 19:59:38,lombar,16672,172,2556,37,-383,431,357451
2026-05-19 19:59:38,esterno,2256,15828,4,-69,419,-79,61454
2026-05-19 19:59:38,lombar,16804,108,2676,45,-389,342,357473
2026-05-19 19:59:38,lombar,16760,32,2608,145,-347,419,357495
2026-05-19 19:59:38,esterno,2212,15964,164,66,411,-126,61476
2026-05-19 19:59:38,esterno,2152,15968,96,-13,600,-121,61498
2026-05-19 19:59:38,lombar,16728,220,2440,163,-394,405,357517
2026-05-19 19:59:38,esterno,2044,15996,296,-27,485,-82,61520
2026-05-19 19:59:38,lombar,16608,36,2724,86,-373,400,357539
2026-05-19 19:59:38,esterno,2076,15864,348,-28,489,-52,61542
2026-05-19 19:59:38,lombar,16652,-28,2668,139,-419,353,357561
2026-05-19 19:59:38,esterno,2248,15808,156,-180,440,-30,61564
2026-05-19 19:59:38,lombar,16696,48,2672,202,-326,348,357583
2026-05-19 19:59:38,esterno,2104,15756,188,-160,462,-64,61586
2026-05-19 19:59:38,lombar,16628,112,2508,151,-423,356,357605
2026-05-19 19:59:38,esterno,2180,15996,132,-91,421,-69,61608
2026-05-19 19:59:38,lombar,16680,164,2656,176,-419,338,357627
2026-05-19 19:59:38,esterno,2044,15848,284,-204,417,-10,61630
2026-05-19 19:59:38,lombar,16668,72,2460,171,-377,262,357649
2026-05-19 19:59:38,esterno,2152,15888,244,-170,396,43,61652
2026-05-19 19:59:38,lombar,16668,72,2584,187,-380,348,357671
2026-05-19 19:59:38,esterno,2228,15672,236,-288,252,-42,61674
2026-05-19 19:59:38,lombar,16628,112,2420,174,-327,315,357693
2026-05-19 19:59:38,esterno,2392,15832,484,-66,216,-8,61696
2026-05-19 19:59:38,lombar,16640,236,2540,169,-351,371,357715
2026-05-19 19:59:38,esterno,2060,15944,636,-217,203,87,61718
2026-05-19 19:59:38,lombar,16652,256,2368,102,-341,314,357737
2026-05-19 19:59:38,esterno,2084,15884,264,-165,-48,125,61740
2026-05-19 19:59:38,lombar,16708,48,2548,75,-312,311,357759
2026-05-19 19:59:38,esterno,2140,15908,336,-229,13,151,61762
2026-05-19 19:59:38,lombar,16740,84,2572,108,-336,279,357781
2026-05-19 19:59:38,esterno,2252,15748,300,-334,-9,114,61784
2026-05-19 19:59:38,lombar,16772,124,2560,104,-269,287,357803
2026-05-19 19:59:38,esterno,2132,15772,400,-286,-29,98,61806
2026-05-19 19:59:38,lombar,16696,120,2484,63,-327,346,357825
2026-05-19 19:59:38,esterno,2252,15816,388,-299,-74,209,61828
2026-05-19 19:59:38,lombar,16628,124,2480,73,-220,260,357847
2026-05-19 19:59:38,esterno,2176,15784,160,-242,-56,196,61850
2026-05-19 19:59:38,lombar,16584,96,2568,53,-221,305,357869
2026-05-19 19:59:38,esterno,2216,15888,296,-242,-92,142,61872
2026-05-19 19:59:38,lombar,16720,120,2488,39,-231,299,357891
2026-05-19 19:59:38,esterno,2292,15864,316,-227,-26,58,61894
2026-05-19 19:59:38,lombar,16768,156,2596,73,-182,278,357913
2026-05-19 19:59:38,esterno,2212,15828,276,-174,-29,58,61916
2026-05-19 19:59:38,lombar,16640,52,2460,33,-152,235,357935
2026-05-19 19:59:39,esterno,2292,15936,384,-159,-38,128,61938
2026-05-19 19:59:39,lombar,16712,88,2400,83,-140,185,357957
2026-05-19 19:59:39,esterno,2116,15968,348,-69,-64,69,61960
2026-05-19 19:59:39,lombar,16684,136,2696,120,-223,245,357979
2026-05-19 19:59:39,esterno,2192,15876,44,45,177,-68,61982
2026-05-19 19:59:39,lombar,16700,208,2536,121,-322,330,358001
2026-05-19 19:59:39,esterno,2400,15908,556,-82,-193,-131,62004
2026-05-19 19:59:39,lombar,16532,152,2432,134,-255,322,358023
2026-05-19 19:59:39,esterno,2236,15856,128,-258,-351,125,62026
2026-05-19 19:59:39,lombar,16584,124,2516,87,-230,310,358045
2026-05-19 19:59:39,esterno,2188,15676,64,-198,59,38,62048
2026-05-19 19:59:39,lombar,16712,280,2696,53,-206,366,358067
2026-05-19 19:59:39,esterno,2100,15772,44,-128,296,-121,62070
2026-05-19 19:59:39,lombar,16772,184,2636,109,-253,274,358089
2026-05-19 19:59:39,esterno,2352,15884,420,-75,258,-189,62092
2026-05-19 19:59:39,lombar,16700,124,2604,90,-314,288,358111
2026-05-19 19:59:39,esterno,2352,16072,172,-10,359,-117,62114
2026-05-19 19:59:39,lombar,16712,280,2496,78,-278,355,358133
2026-05-19 19:59:39,esterno,2256,15884,320,-28,391,-104,62136
2026-05-19 19:59:39,lombar,16600,228,2428,110,-158,331,358155
2026-05-19 19:59:39,esterno,2068,16032,528,-32,272,-132,62158
2026-05-19 19:59:39,lombar,16612,124,2492,22,-199,299,358177
2026-05-19 19:59:39,esterno,2052,15940,228,-145,195,-85,62180
2026-05-19 19:59:39,lombar,16740,116,2600,62,-273,277,358199
2026-05-19 19:59:39,esterno,2212,15780,152,-210,198,-75,62202
2026-05-19 19:59:39,lombar,16720,56,2556,20,-326,382,358221
2026-05-19 19:59:39,esterno,2152,15884,252,-182,265,-3,62224
2026-05-19 19:59:39,lombar,16720,176,2720,55,-308,299,358243
2026-05-19 19:59:39,esterno,2228,15940,152,-258,304,3,62246
2026-05-19 19:59:39,lombar,16700,176,2592,116,-285,323,358265
2026-05-19 19:59:39,esterno,2272,15836,360,-223,260,-27,62268
2026-05-19 19:59:39,lombar,16716,212,2596,166,-244,272,358287
2026-05-19 19:59:39,esterno,2108,15852,-40,-367,311,-96,62290
2026-05-19 19:59:39,lombar,16724,148,2588,140,-229,280,358309
2026-05-19 19:59:39,esterno,2460,15728,312,-209,119,-29,62312
2026-05-19 19:59:39,lombar,16748,120,2536,182,-205,356,358331
2026-05-19 19:59:39,esterno,2308,15880,528,-307,334,46,62334
2026-05-19 19:59:39,lombar,16624,264,2628,129,-260,376,358353
2026-05-19 19:59:39,esterno,2168,15984,540,-283,1,78,62356
2026-05-19 19:59:39,lombar,16656,32,2592,-5,-352,320,358375
2026-05-19 19:59:39,esterno,2200,15908,580,-174,-29,14,62378
2026-05-19 19:59:39,lombar,16728,-4,2748,31,-290,231,358397
2026-05-19 19:59:39,esterno,2172,15868,400,-221,53,-10,62400
2026-05-19 19:59:39,lombar,16792,248,2616,126,-236,341,358419
2026-05-19 19:59:39,esterno,2176,15824,280,-198,-14,46,62422
2026-05-19 19:59:39,lombar,16612,292,2620,105,-289,326,358441
2026-05-19 19:59:39,esterno,2164,15920,420,-162,-22,96,62444
2026-05-19 19:59:39,lombar,16712,196,2516,24,-368,354,358463
2026-05-19 19:59:39,esterno,2256,15852,520,-97,-15,58,62466
2026-05-19 19:59:39,lombar,16668,200,2560,74,-222,309,358485
2026-05-19 19:59:39,esterno,2348,15924,252,-82,6,62,62488
2026-05-19 19:59:39,lombar,16656,208,2572,28,-217,292,358507
2026-05-19 19:59:39,esterno,2180,15824,392,-164,38,73,62510
2026-05-19 19:59:39,lombar,16752,176,2560,38,-218,372,358529
2026-05-19 19:59:39,esterno,2212,15836,360,-133,19,83,62532
2026-05-19 19:59:39,lombar,16744,216,2564,116,-226,347,358551
2026-05-19 19:59:39,esterno,2188,15872,428,-119,-29,96,62554
2026-05-19 19:59:39,lombar,16684,200,2680,92,-205,308,358573
2026-05-19 19:59:39,esterno,2220,15832,428,-73,-101,74,62576
2026-05-19 19:59:39,lombar,16692,28,2584,77,-217,247,358595
2026-05-19 19:59:39,esterno,2176,15748,8,36,240,30,62598
2026-05-19 19:59:39,lombar,16724,124,2564,124,-201,338,358617
2026-05-19 19:59:39,esterno,2508,15924,712,34,-246,39,62620
2026-05-19 19:59:39,lombar,16716,168,2564,87,-239,313,358639
2026-05-19 19:59:39,esterno,2384,15928,448,-79,-213,207,62642
2026-05-19 19:59:39,lombar,16604,164,2516,124,-223,239,358661
2026-05-19 19:59:39,esterno,2140,15668,-132,-144,-82,71,62664
2026-05-19 19:59:39,lombar,16672,276,2548,160,-183,318,358683
2026-05-19 19:59:39,esterno,2252,15820,200,-83,172,13,62686
2026-05-19 19:59:39,lombar,16772,164,2452,102,-188,280,358705
2026-05-19 19:59:39,esterno,2400,15884,428,-2,156,53,62708
2026-05-19 19:59:39,lombar,16672,176,2692,122,-173,268,358727
2026-05-19 19:59:39,esterno,2376,15888,204,28,265,65,62730
2026-05-19 19:59:39,lombar,16704,148,2528,80,-254,360,358749
2026-05-19 19:59:39,esterno,2040,15932,412,-42,201,44,62752
2026-05-19 19:59:39,lombar,16668,184,2704,86,-260,366,358771
2026-05-19 19:59:39,esterno,2088,15980,260,-43,40,18,62774
2026-05-19 19:59:39,lombar,16616,104,2476,67,-122,251,358793
2026-05-19 19:59:39,esterno,2176,15932,264,-107,-9,55,62796
2026-05-19 19:59:39,lombar,16656,180,2764,69,-284,220,358815
2026-05-19 19:59:39,esterno,2224,15844,160,-214,-87,32,62818
2026-05-19 19:59:39,lombar,16696,212,2760,96,-451,294,358837
2026-05-19 19:59:39,esterno,2344,15900,228,-321,-172,-34,62840
2026-05-19 19:59:39,lombar,16684,268,2688,162,-395,371,358859
2026-05-19 19:59:39,esterno,2388,15772,-80,-442,-149,-111,62862
2026-05-19 19:59:39,lombar,16564,432,2716,85,-418,433,358881
2026-05-19 19:59:39,esterno,2208,15780,132,-357,-159,-132,62884
2026-05-19 19:59:39,lombar,16504,200,2552,45,-388,304,358903
2026-05-19 19:59:39,esterno,2324,15724,284,-428,-20,-169,62906
2026-05-19 19:59:39,lombar,16604,80,2756,19,-413,338,358925
2026-05-19 19:59:40,esterno,2820,15824,128,-357,-66,-9,62928
2026-05-19 19:59:40,lombar,16672,176,2572,184,-411,318,358947
2026-05-19 19:59:40,esterno,2572,15904,500,-447,209,2,62950
2026-05-19 19:59:40,lombar,16736,280,2584,166,-295,360,358969
2026-05-19 19:59:40,esterno,2276,15860,436,-413,51,-49,62972
2026-05-19 19:59:40,lombar,16788,152,2516,155,-408,348,358991
2026-05-19 19:59:40,esterno,2324,15948,592,-304,-57,88,62994
2026-05-19 19:59:40,lombar,16672,68,2576,192,-339,323,359013
2026-05-19 19:59:40,esterno,2380,15928,688,-526,-18,270,63016
2026-05-19 19:59:40,lombar,16604,224,2532,167,-380,399,359035
2026-05-19 19:59:40,esterno,2160,15768,340,-544,-120,299,63038
2026-05-19 19:59:40,lombar,16788,168,2336,202,-321,307,359057
2026-05-19 19:59:40,esterno,2024,15728,804,-357,-129,183,63060
2026-05-19 19:59:40,lombar,16704,108,2292,262,-306,334,359079
2026-05-19 19:59:40,esterno,1844,15828,784,-190,-199,117,63082
2026-05-19 19:59:40,lombar,16756,236,2608,223,-297,386,359101
2026-05-19 19:59:40,esterno,1924,15840,608,-140,-295,37,63104
2026-05-19 19:59:40,lombar,16728,356,2508,96,-361,383,359123
2026-05-19 19:59:40,esterno,2036,15640,452,11,-425,-47,63126
2026-05-19 19:59:40,lombar,16692,196,2416,37,-161,276,359145
2026-05-19 19:59:40,esterno,2324,15780,508,42,-399,-120,63148
2026-05-19 19:59:40,lombar,16732,200,2448,-21,-126,315,359167
2026-05-19 19:59:40,esterno,2644,15940,532,-68,-292,-100,63170
2026-05-19 19:59:40,esterno,2560,16060,604,-98,-280,-14,63192
2026-05-19 19:59:40,lombar,16736,136,2472,-61,-28,254,359189
2026-05-19 19:59:40,lombar,16756,40,2432,27,-3,277,359211
2026-05-19 19:59:40,esterno,2524,15968,624,23,-231,-16,63214
2026-05-19 19:59:40,lombar,16780,28,2416,102,36,276,359233
2026-05-19 19:59:40,esterno,2444,15948,72,218,338,-114,63236
2026-05-19 19:59:40,lombar,16608,144,2392,168,17,280,359255
2026-05-19 19:59:40,esterno,2660,16068,724,128,-86,-174,63258
2026-05-19 19:59:40,lombar,16784,112,2416,211,39,346,359277
2026-05-19 19:59:40,esterno,2452,16036,572,10,3,5,63280
2026-05-19 19:59:40,lombar,16680,256,2544,300,14,338,359299
2026-05-19 19:59:40,esterno,2192,15668,156,-73,113,12,63302
2026-05-19 19:59:40,lombar,16732,196,2500,319,-15,352,359321
2026-05-19 19:59:40,esterno,2176,15872,344,-41,214,-28,63324
2026-05-19 19:59:40,lombar,16596,348,2764,293,-151,387,359343
2026-05-19 19:59:40,esterno,2152,15840,356,-34,108,-2,63346
2026-05-19 19:59:40,lombar,16692,296,2820,224,-240,455,359365
2026-05-19 19:59:40,esterno,1968,15808,104,11,178,-190,63368
2026-05-19 19:59:40,lombar,16528,384,2780,156,-126,522,359387
2026-05-19 19:59:40,esterno,1996,15744,240,-23,10,-290,63390
2026-05-19 19:59:40,lombar,16564,264,2800,14,-243,428,359409
2026-05-19 19:59:40,esterno,2016,15768,196,-64,-162,-249,63412
2026-05-19 19:59:40,lombar,16588,196,2876,12,-244,380,359431
2026-05-19 19:59:40,esterno,2052,15740,-68,-163,-308,-337,63434
2026-05-19 19:59:40,lombar,16560,160,2784,-25,-332,391,359453
2026-05-19 19:59:40,esterno,2016,15776,136,-205,-284,-462,63456
2026-05-19 19:59:40,lombar,16620,204,2924,-62,-431,459,359475
2026-05-19 19:59:40,esterno,2064,15908,256,-298,-323,-431,63478
2026-05-19 19:59:40,lombar,16572,-44,2816,-67,-411,405,359497
2026-05-19 19:59:40,esterno,2140,15936,-128,-520,-189,-378,63500
2026-05-19 19:59:40,lombar,16748,64,2712,-39,-307,380,359519
2026-05-19 19:59:40,lombar,16632,76,2824,33,-470,348,359541
2026-05-19 19:59:40,esterno,2184,15864,340,-523,-302,-395,63522
2026-05-19 19:59:40,esterno,2080,16012,440,-624,-165,-493,63544
2026-05-19 19:59:40,lombar,16640,-20,2696,80,-369,329,359563
2026-05-19 19:59:40,esterno,2300,16008,420,-494,-360,-405,63566
2026-05-19 19:59:40,lombar,16792,72,2620,79,-438,278,359585
2026-05-19 19:59:40,esterno,2288,15968,444,-544,65,-187,63588
2026-05-19 19:59:40,lombar,16616,228,2420,91,-443,257,359607
2026-05-19 19:59:40,esterno,2228,16044,724,-452,-76,-115,63610
2026-05-19 19:59:40,lombar,16644,160,2412,143,-444,160,359629
2026-05-19 19:59:40,esterno,2436,16180,752,-417,45,121,63632
2026-05-19 19:59:40,lombar,16720,64,2600,225,-586,222,359651
2026-05-19 19:59:40,esterno,2352,15972,428,-464,268,310,63654
2026-05-19 19:59:40,lombar,16736,164,2456,262,-621,182,359673
2026-05-19 19:59:40,esterno,2384,15912,556,-458,448,363,63676
2026-05-19 19:59:40,lombar,16616,344,2452,246,-486,248,359695
2026-05-19 19:59:40,esterno,2196,16004,632,-409,465,534,63698
2026-05-19 19:59:40,lombar,16712,272,2648,285,-637,181,359717
2026-05-19 19:59:40,esterno,2052,15860,484,-441,375,726,63720
2026-05-19 19:59:40,lombar,16508,372,2676,296,-548,242,359739
2026-05-19 19:59:40,esterno,2060,15720,432,-434,331,610,63742
2026-05-19 19:59:40,lombar,16584,344,2732,245,-681,252,359761
2026-05-19 19:59:40,esterno,2168,15832,376,-460,278,498,63764
2026-05-19 19:59:40,lombar,16772,304,2624,214,-727,302,359783
2026-05-19 19:59:40,esterno,2296,15744,336,-507,324,545,63786
2026-05-19 19:59:40,lombar,16632,288,2720,173,-700,256,359805
2026-05-19 19:59:40,esterno,2192,15844,476,-506,268,564,63808
2026-05-19 19:59:40,lombar,16792,264,2556,139,-637,328,359827
2026-05-19 19:59:40,lombar,16736,164,2372,153,-659,280,359849
2026-05-19 19:59:40,esterno,2044,15908,596,-391,131,471,63830
2026-05-19 19:59:40,esterno,2144,15968,676,-498,-105,337,63852
2026-05-19 19:59:40,lombar,16568,184,2480,134,-784,394,359871
2026-05-19 19:59:40,esterno,2300,15836,400,-482,208,219,63874
2026-05-19 19:59:40,lombar,16676,272,2512,69,-1035,439,359893
2026-05-19 19:59:40,esterno,2376,15904,740,-589,-208,139,63896
2026-05-19 19:59:40,lombar,16788,68,2440,4,-948,366,359915
2026-05-19 19:59:40,esterno,2344,15916,536,-720,-252,216,63918
2026-05-19 19:59:40,lombar,16560,100,2164,32,-908,329,359937
2026-05-19 19:59:41,esterno,2360,15804,608,-828,-148,141,63940
2026-05-19 19:59:41,lombar,16684,68,2264,24,-1031,425,359959
2026-05-19 19:59:41,esterno,2328,15784,588,-853,227,16,63962
2026-05-19 19:59:41,lombar,16732,220,2216,72,-977,407,359981
2026-05-19 19:59:41,lombar,16784,276,2236,-4,-1009,409,360003
2026-05-19 19:59:41,esterno,2508,15764,652,-722,299,8,63984
2026-05-19 19:59:41,esterno,2528,15920,668,-623,551,71,64006
2026-05-19 19:59:41,lombar,16668,256,2028,-28,-1043,436,360025
2026-05-19 19:59:41,esterno,2392,15992,1044,-730,477,139,64028
2026-05-19 19:59:41,lombar,16688,152,2032,76,-924,341,360047
2026-05-19 19:59:41,esterno,2256,15972,1008,-811,529,119,64050
2026-05-19 19:59:41,lombar,16628,212,2076,178,-910,341,360069
2026-05-19 19:59:41,esterno,2516,15784,892,-823,563,44,64072
2026-05-19 19:59:41,lombar,16764,60,2060,181,-918,318,360091
2026-05-19 19:59:41,esterno,2492,15620,996,-857,529,48,64094
2026-05-19 19:59:41,lombar,16796,212,1884,263,-742,351,360113
2026-05-19 19:59:41,esterno,2488,15704,1072,-768,556,205,64116
2026-05-19 19:59:41,lombar,16800,248,2176,200,-868,420,360135
2026-05-19 19:59:41,esterno,2304,15808,948,-786,536,203,64138
2026-05-19 19:59:41,lombar,16844,280,2036,221,-765,420,360157
2026-05-19 19:59:41,esterno,2216,15644,1280,-791,311,140,64160
2026-05-19 19:59:41,lombar,16640,252,1780,156,-814,373,360179
2026-05-19 19:59:41,esterno,2312,15484,1188,-800,313,22,64182
2026-05-19 19:59:41,lombar,16784,180,2076,94,-763,330,360201
2026-05-19 19:59:41,esterno,2592,15604,1356,-540,75,67,64204
2026-05-19 19:59:41,lombar,16900,16,1700,191,-692,358,360223
2026-05-19 19:59:41,esterno,2380,15672,1468,-610,254,132,64226
2026-05-19 19:59:41,lombar,16760,300,1796,130,-446,382,360245
2026-05-19 19:59:41,esterno,2268,15828,1604,-660,-124,68,64248
2026-05-19 19:59:41,lombar,16808,192,1940,53,-692,349,360267
2026-05-19 19:59:41,esterno,2372,15780,1332,-661,-65,151,64270
2026-05-19 19:59:41,lombar,16840,84,1832,122,-436,317,360289
2026-05-19 19:59:41,esterno,2496,15616,1180,-701,-21,75,64292
2026-05-19 19:59:41,lombar,16708,120,1692,25,-498,303,360311
2026-05-19 19:59:41,esterno,2676,15692,1356,-586,-41,86,64314
2026-05-19 19:59:41,lombar,16796,232,1648,3,-601,408,360333
2026-05-19 19:59:41,lombar,16804,284,1792,111,-567,377,360355
2026-05-19 19:59:41,esterno,2456,15744,1352,-515,78,128,64336
2026-05-19 19:59:41,esterno,2436,15808,1480,-585,87,55,64358
2026-05-19 19:59:41,lombar,16712,176,1696,19,-511,433,360377
2026-05-19 19:59:41,esterno,2396,15712,1280,-608,68,69,64380
2026-05-19 19:59:41,lombar,16652,108,1852,-25,-544,395,360399
2026-05-19 19:59:41,esterno,2448,15684,1456,-607,41,124,64402
2026-05-19 19:59:41,lombar,16672,132,1704,13,-533,328,360421
2026-05-19 19:59:41,esterno,2472,15716,1096,-646,77,67,64424
2026-05-19 19:59:41,lombar,16756,-8,1800,27,-548,300,360443
2026-05-19 19:59:41,esterno,2440,15520,1252,-564,124,-39,64446
2026-05-19 19:59:41,lombar,16768,180,1740,98,-484,291,360465
2026-05-19 19:59:41,esterno,2364,15604,1520,-433,108,-137,64468
2026-05-19 19:59:41,lombar,16696,312,1896,116,-491,373,360487
2026-05-19 19:59:41,esterno,2580,15452,1064,-158,241,-71,64490
2026-05-19 19:59:41,lombar,16748,176,1812,111,-469,443,360509
2026-05-19 19:59:41,esterno,2576,15468,1748,-175,176,-147,64512
2026-05-19 19:59:41,lombar,16764,168,1884,50,-352,262,360531
2026-05-19 19:59:41,esterno,2544,15720,1616,-270,-314,-41,64534
2026-05-19 19:59:41,lombar,16720,32,1732,85,-204,366,360553
2026-05-19 19:59:41,esterno,2568,15612,996,-228,-32,-10,64556
2026-05-19 19:59:41,lombar,16768,212,1648,169,-252,355,360575
2026-05-19 19:59:41,esterno,2492,15524,1200,-113,284,-86,64578
2026-05-19 19:59:41,lombar,16696,336,1476,119,-288,398,360597
2026-05-19 19:59:41,esterno,2392,15656,1512,21,322,-125,64600
2026-05-19 19:59:41,lombar,16784,228,1708,176,-312,392,360619
2026-05-19 19:59:41,esterno,2460,15836,1404,8,419,-106,64622
2026-05-19 19:59:41,lombar,16720,320,1660,114,-214,408,360641
2026-05-19 19:59:41,esterno,2432,15556,1508,-137,491,-220,64644
2026-05-19 19:59:41,lombar,16848,208,1540,44,-244,318,360663
2026-05-19 19:59:41,esterno,2440,15780,1752,-154,380,-196,64666
2026-05-19 19:59:41,lombar,16672,164,1844,75,-191,335,360685
2026-05-19 19:59:41,esterno,2364,15768,1356,-254,252,-36,64688
2026-05-19 19:59:41,lombar,16828,188,1680,84,-195,371,360707
2026-05-19 19:59:41,esterno,2292,15596,1380,-283,210,-6,64710
2026-05-19 19:59:41,lombar,16788,244,1836,122,-231,375,360729
2026-05-19 19:59:41,lombar,16712,116,1756,42,-153,345,360751
2026-05-19 19:59:41,esterno,2384,15668,1416,-175,232,-62,64732
2026-05-19 19:59:41,esterno,2428,15704,1116,-157,362,-155,64754
2026-05-19 19:59:41,lombar,16856,220,1728,42,-194,283,360773
2026-05-19 19:59:41,esterno,2424,15632,1536,-159,98,-61,64776
2026-05-19 19:59:41,lombar,16628,104,1932,111,-212,357,360795
2026-05-19 19:59:41,esterno,2204,15668,1328,-218,195,3,64798
2026-05-19 19:59:41,lombar,16720,108,1748,142,-97,408,360817
2026-05-19 19:59:41,esterno,2472,15692,1576,-121,-121,-46,64820
2026-05-19 19:59:41,lombar,16760,76,1672,210,-29,322,360839
2026-05-19 19:59:41,esterno,2604,15916,1596,-78,281,71,64842
2026-05-19 19:59:41,lombar,16668,112,1848,197,17,400,360861
2026-05-19 19:59:41,esterno,2396,15844,1600,-201,-15,112,64864
2026-05-19 19:59:41,lombar,16836,32,1756,97,-233,301,360883
2026-05-19 19:59:41,esterno,2376,15848,1572,-73,-109,129,64886
2026-05-19 19:59:41,lombar,16828,204,1676,190,-48,211,360905
2026-05-19 19:59:41,esterno,2184,15728,1512,-71,10,80,64908
2026-05-19 19:59:41,lombar,16716,256,1736,205,-153,270,360927
2026-05-19 19:59:42,esterno,2292,15608,1372,-81,8,-42,64930
2026-05-19 19:59:42,lombar,16740,244,1916,166,-57,309,360949
2026-05-19 19:59:42,esterno,2376,15676,1512,23,10,-68,64952
2026-05-19 19:59:42,lombar,16620,224,1852,90,-49,212,360971
2026-05-19 19:59:42,esterno,2376,15632,1428,47,-59,-45,64974
2026-05-19 19:59:42,lombar,16748,212,1928,-16,-67,287,360993
2026-05-19 19:59:42,esterno,2372,15704,1560,3,-152,-35,64996
2026-05-19 19:59:42,lombar,16836,264,1740,-23,-38,295,361015
2026-05-19 19:59:42,esterno,2384,15800,1236,5,-154,-73,65018
2026-05-19 19:59:42,lombar,16924,148,1780,-21,69,352,361037
2026-05-19 19:59:42,esterno,2420,15668,1432,6,-145,-166,65040
2026-05-19 19:59:42,lombar,16804,152,1936,-60,21,349,361059
2026-05-19 19:59:42,esterno,2588,15792,1348,14,-136,-106,65062
2026-05-19 19:59:42,lombar,16740,76,2004,-67,-44,296,361081
2026-05-19 19:59:42,esterno,2496,15848,1508,-48,-161,-29,65084
2026-05-19 19:59:42,lombar,16776,212,2028,-75,-21,330,361103
2026-05-19 19:59:42,esterno,2464,15740,1596,-21,-205,3,65106
2026-05-19 19:59:42,lombar,16700,224,1692,-9,-40,328,361125
2026-05-19 19:59:42,esterno,2364,15712,1012,164,29,-15,65128
2026-05-19 19:59:42,lombar,16712,216,1872,94,29,298,361147
2026-05-19 19:59:42,esterno,2616,15716,1752,153,-95,-127,65150
2026-05-19 19:59:42,lombar,16856,248,2024,76,-119,326,361169
2026-05-19 19:59:42,esterno,2540,15948,1496,74,-160,108,65172
2026-05-19 19:59:42,lombar,16780,160,1820,103,-86,139,361191
2026-05-19 19:59:42,esterno,2316,15752,992,19,-142,154,65194
2026-05-19 19:59:42,lombar,16732,328,1996,153,-109,272,361213
2026-05-19 19:59:42,lombar,16780,224,1896,186,-56,326,361235
2026-05-19 19:59:42,esterno,2368,15640,1216,14,129,38,65216
2026-05-19 19:59:42,esterno,2328,15640,1220,89,117,20,65238
2026-05-19 19:59:42,lombar,16824,264,2100,142,-206,373,361257
2026-05-19 19:59:42,esterno,2496,15676,1124,189,275,-13,65260
2026-05-19 19:59:42,lombar,16656,100,1936,73,-80,366,361279
2026-05-19 19:59:42,esterno,2452,15756,1440,132,292,18,65282
2026-05-19 19:59:42,lombar,16816,172,1888,94,-90,256,361301
2026-05-19 19:59:42,esterno,2372,15836,1424,113,244,105,65304
2026-05-19 19:59:42,lombar,16708,76,2108,190,-74,269,361323
2026-05-19 19:59:42,esterno,2332,15752,1312,38,247,46,65326
2026-05-19 19:59:42,lombar,16792,188,1884,211,-42,302,361345
2026-05-19 19:59:42,esterno,2320,15804,1248,19,286,-2,65348
2026-05-19 19:59:42,lombar,16648,240,2020,101,-71,350,361367
2026-05-19 19:59:42,esterno,2484,15828,1408,-12,258,42,65370
2026-05-19 19:59:42,lombar,16684,132,2024,59,-157,248,361389
2026-05-19 19:59:42,esterno,2500,15824,920,-110,319,142,65392
2026-05-19 19:59:42,lombar,16776,144,1920,49,-100,316,361411
2026-05-19 19:59:42,esterno,2368,15732,1396,-82,194,110,65414
2026-05-19 19:59:42,lombar,16728,188,2024,94,-85,260,361433
2026-05-19 19:59:42,esterno,2244,15696,1064,-234,375,9,65436
2026-05-19 19:59:42,lombar,16780,248,1956,112,-103,302,361455
2026-05-19 19:59:42,esterno,2528,15744,1176,-76,75,-12,65458
2026-05-19 19:59:42,lombar,16736,212,1916,185,-105,339,361477
2026-05-19 19:59:42,esterno,2500,15864,1304,-48,372,119,65480
2026-05-19 19:59:42,lombar,16664,288,2052,110,-151,351,361499
2026-05-19 19:59:42,esterno,2452,15832,1288,-128,72,70,65502
2026-05-19 19:59:42,lombar,16764,160,2032,37,-217,288,361521
2026-05-19 19:59:42,esterno,2240,15804,1320,-1,-25,60,65524
2026-05-19 19:59:42,lombar,16724,248,1968,140,-127,247,361543
2026-05-19 19:59:42,esterno,2448,15764,1304,-69,82,60,65546
2026-05-19 19:59:42,lombar,16788,176,2036,151,-178,302,361565
2026-05-19 19:59:42,lombar,16672,272,1892,99,-197,251,361587
2026-05-19 19:59:42,esterno,2396,15748,1184,-120,41,83,65568
2026-05-19 19:59:42,lombar,16656,260,2056,115,-228,363,361609
2026-05-19 19:59:42,lombar,16740,156,2012,129,-150,286,361631
2026-05-19 19:59:42,esterno,2460,15748,1128,-49,116,148,65590
2026-05-19 19:59:42,esterno,2444,15712,1228,-42,99,119,65612
2026-05-19 19:59:42,esterno,2512,15744,1112,-38,105,66,65634
2026-05-19 19:59:42,lombar,16724,232,2332,66,-212,333,361653
2026-05-19 19:59:42,lombar,16768,200,2136,78,-226,265,361675
2026-05-19 19:59:42,esterno,2392,15776,1076,14,104,98,65656
2026-05-19 19:59:42,esterno,2360,15744,1120,-30,90,142,65678
2026-05-19 19:59:42,lombar,16720,116,2092,81,-171,265,361697
2026-05-19 19:59:42,esterno,2396,15688,1276,-51,111,118,65700
2026-05-19 19:59:42,lombar,16688,212,2188,83,-149,268,361719
2026-05-19 19:59:42,esterno,2512,15708,1316,-46,86,81,65722
2026-05-19 19:59:42,lombar,16712,288,2208,68,-208,261,361741
2026-05-19 19:59:42,esterno,2544,15812,1220,-43,17,67,65744
2026-05-19 19:59:42,lombar,16684,156,2164,99,-139,290,361763
2026-05-19 19:59:42,esterno,2392,15776,836,134,221,99,65766
2026-05-19 19:59:42,lombar,16704,160,1864,108,-221,206,361785
2026-05-19 19:59:42,esterno,2468,15756,1568,139,-72,41,65788
2026-05-19 19:59:42,lombar,16680,232,2264,84,-167,258,361807
2026-05-19 19:59:42,esterno,2604,15924,1408,34,-126,110,65810
2026-05-19 19:59:42,lombar,16692,292,2036,76,-236,307,361829
2026-05-19 19:59:42,esterno,2532,15616,912,-121,-154,31,65832
2026-05-19 19:59:42,lombar,16756,340,1964,113,-182,324,361851
2026-05-19 19:59:42,esterno,2480,15596,1000,11,151,-56,65854
2026-05-19 19:59:42,lombar,16748,340,2172,91,-140,334,361873
2026-05-19 19:59:42,lombar,16836,212,2168,79,-158,310,361895
2026-05-19 19:59:42,esterno,2440,15684,1120,16,136,-10,65876
2026-05-19 19:59:42,esterno,2516,15836,1024,81,216,-23,65898
2026-05-19 19:59:42,lombar,16724,192,2000,98,-125,245,361917
2026-05-19 19:59:42,esterno,2496,15712,1216,83,176,-19,65920
2026-05-19 19:59:42,lombar,16680,196,2144,84,-197,317,361939
2026-05-19 19:59:43,esterno,2520,15836,1152,66,174,-101,65942
2026-05-19 19:59:43,lombar,16740,236,1972,119,-219,273,361961
2026-05-19 19:59:43,esterno,2640,15776,940,-6,294,-41,65964
2026-05-19 19:59:43,lombar,16716,128,2172,132,-224,296,361983
2026-05-19 19:59:43,esterno,2664,15812,936,-74,450,27,65986
2026-05-19 19:59:43,lombar,16744,228,2156,208,-205,260,362005
2026-05-19 19:59:43,esterno,2528,15788,1224,-89,507,35,66008
2026-05-19 19:59:43,lombar,16792,196,2188,203,-193,295,362027
2026-05-19 19:59:43,esterno,2376,15844,832,-166,527,15,66030
2026-05-19 19:59:43,lombar,16728,328,2280,202,-257,333,362049
2026-05-19 19:59:43,esterno,2320,15748,1088,-133,283,-4,66052
2026-05-19 19:59:43,lombar,16632,344,2288,178,-288,362,362071
2026-05-19 19:59:43,esterno,2212,15708,1108,-222,406,9,66074
2026-05-19 19:59:43,lombar,16696,304,2264,108,-299,360,362093
2026-05-19 19:59:43,esterno,2616,15640,1096,-140,37,0,66096
2026-05-19 19:59:43,lombar,16804,228,2152,122,-198,295,362115
2026-05-19 19:59:43,esterno,2528,15784,1156,-168,292,-18,66118
2026-05-19 19:59:43,lombar,16652,420,2152,39,-237,331,362137
2026-05-19 19:59:43,esterno,2388,15780,1192,-239,30,-57,66140
2026-05-19 19:59:43,lombar,16692,240,2336,-14,-332,330,362159
2026-05-19 19:59:43,esterno,2316,15796,1260,-113,-86,-53,66162
2026-05-19 19:59:43,lombar,16724,76,2148,67,-264,316,362181
2026-05-19 19:59:43,lombar,16776,168,2260,65,-288,364,362203
2026-05-19 19:59:43,esterno,2368,15828,1256,-240,-38,39,66184
2026-05-19 19:59:43,esterno,2596,15632,1116,-237,-33,-36,66206
2026-05-19 19:59:43,lombar,16700,188,2144,55,-276,348,362225
2026-05-19 19:59:43,esterno,2564,15860,1156,-211,50,-1,66228
2026-05-19 19:59:43,lombar,16580,280,2232,62,-263,385,362247
2026-05-19 19:59:43,esterno,2480,15680,1288,-181,78,-17,66250
2026-05-19 19:59:43,lombar,16728,164,2204,33,-288,402,362269
2026-05-19 19:59:43,esterno,2424,15788,1040,-136,65,32,66272
2026-05-19 19:59:43,lombar,16740,196,2144,99,-311,419,362291
2026-05-19 19:59:43,esterno,2648,15840,1192,-170,42,67,66294
2026-05-19 19:59:43,lombar,16736,288,1988,117,-313,378,362313
2026-05-19 19:59:43,esterno,2528,15768,1168,-132,104,3,66316
2026-05-19 19:59:43,lombar,16708,332,2172,145,-256,336,362335
2026-05-19 19:59:43,esterno,2460,15792,1064,-163,121,13,66338
2026-05-19 19:59:43,lombar,16788,136,2180,84,-287,333,362357
2026-05-19 19:59:43,esterno,2396,15696,1076,-186,111,38,66360
2026-05-19 19:59:43,lombar,16696,176,2088,103,-256,304,362379
2026-05-19 19:59:43,esterno,2520,15744,1256,-132,62,102,66382
2026-05-19 19:59:43,lombar,16780,348,2180,215,-280,378,362401
2026-05-19 19:59:43,esterno,2428,15760,1036,-140,17,122,66404
2026-05-19 19:59:43,lombar,16596,220,2004,157,-287,337,362423
2026-05-19 19:59:43,esterno,2392,15664,708,-37,361,-11,66426
2026-05-19 19:59:43,lombar,16820,296,2028,171,-325,414,362445
2026-05-19 19:59:43,esterno,2660,15696,1500,-67,-50,-77,66448
2026-05-19 19:59:43,lombar,16652,256,2236,70,-309,330,362467
2026-05-19 19:59:43,esterno,2520,15848,1288,-208,-139,130,66470
2026-05-19 19:59:43,lombar,16704,156,2204,81,-360,303,362489
2026-05-19 19:59:43,esterno,2428,15592,984,-225,-28,108,66492
2026-05-19 19:59:43,lombar,16788,212,2164,126,-280,252,362511
2026-05-19 19:59:43,esterno,2664,15700,1140,-142,263,9,66514
2026-05-19 19:59:43,lombar,16824,292,2128,101,-266,369,362533
2026-05-19 19:59:43,esterno,2656,15752,1260,-136,172,-10,66536
2026-05-19 19:59:43,lombar,16748,196,1964,155,-262,330,362555
2026-05-19 19:59:43,esterno,2448,15804,1220,-11,313,29,66558
2026-05-19 19:59:43,lombar,16708,240,2076,121,-268,402,362577
2026-05-19 19:59:43,esterno,2408,15752,1360,-80,224,19,66580
2026-05-19 19:59:43,lombar,16700,212,2144,86,-344,428,362599
2026-05-19 19:59:43,esterno,2452,15792,1328,-108,145,-22,66602
2026-05-19 19:59:43,lombar,16816,212,2152,114,-262,298,362621
2026-05-19 19:59:43,esterno,2448,15728,1136,-165,88,-9,66624
2026-05-19 19:59:43,lombar,16596,252,2076,89,-259,327,362643
2026-05-19 19:59:43,esterno,2476,15644,1008,-174,205,56,66646
2026-05-19 19:59:43,lombar,16736,248,2336,102,-335,396,362665
2026-05-19 19:59:43,esterno,2504,15740,1240,-182,161,67,66668
2026-05-19 19:59:43,lombar,16772,304,2080,114,-281,329,362687
2026-05-19 19:59:43,esterno,2624,15716,1024,-236,310,34,66690
2026-05-19 19:59:43,lombar,16628,240,2252,98,-264,331,362709
2026-05-19 19:59:43,esterno,2492,15772,1100,-110,227,-21,66712
2026-05-19 19:59:43,lombar,16676,204,2180,136,-302,424,362731
2026-05-19 19:59:43,esterno,2340,15612,1192,-285,162,-20,66734
2026-05-19 19:59:43,lombar,16756,116,2024,146,-259,330,362753
2026-05-19 19:59:43,esterno,2608,15628,1280,-177,29,62,66756
2026-05-19 19:59:43,lombar,16808,216,2220,106,-258,314,362775
2026-05-19 19:59:43,esterno,2460,15844,1072,-293,172,136,66778
2026-05-19 19:59:43,lombar,16860,248,2152,20,-280,365,362797
2026-05-19 19:59:43,lombar,16708,208,2244,71,-300,338,362819
2026-05-19 19:59:43,esterno,2412,15676,1308,-212,-74,26,66800
2026-05-19 19:59:43,esterno,2532,15804,1284,-97,-111,-4,66822
2026-05-19 19:59:43,lombar,16708,204,2304,99,-292,287,362841
2026-05-19 19:59:43,esterno,2560,15696,1344,-232,-115,82,66844
2026-05-19 19:59:43,lombar,16600,308,1892,58,-306,311,362863
2026-05-19 19:59:43,esterno,2496,15784,1284,-193,-85,91,66866
2026-05-19 19:59:43,lombar,16756,320,2176,20,-337,365,362885
2026-05-19 19:59:43,esterno,2536,15816,1224,-158,-44,90,66888
2026-05-19 19:59:43,lombar,16812,276,2120,44,-346,329,362907
2026-05-19 19:59:43,esterno,2604,15724,1336,-131,-30,-7,66910
2026-05-19 19:59:43,lombar,16636,248,2288,107,-357,344,362929
2026-05-19 19:59:43,esterno,2516,15880,1196,-125,-40,-30,66932
2026-05-19 19:59:44,lombar,16672,268,2136,-1,-242,314,362951
2026-05-19 19:59:44,esterno,2576,15764,1212,-120,32,35,66954
2026-05-19 19:59:44,lombar,16696,268,2052,69,-304,295,362973
2026-05-19 19:59:44,esterno,2560,15740,1180,-105,19,83,66976
2026-05-19 19:59:44,lombar,16736,260,2092,65,-277,340,362995
2026-05-19 19:59:44,esterno,2544,15696,1164,-78,96,39,66998
2026-05-19 19:59:44,lombar,16636,212,2208,31,-301,266,363017
2026-05-19 19:59:44,esterno,2624,15888,1196,-89,144,49,67020
2026-05-19 19:59:44,lombar,16704,244,2040,83,-262,267,363039
2026-05-19 19:59:44,lombar,16812,312,2072,84,-311,346,363061
2026-05-19 19:59:44,esterno,2520,15760,1264,-88,120,117,67042
2026-05-19 19:59:44,esterno,2480,15748,1196,-12,150,156,67064
2026-05-19 19:59:44,lombar,16664,264,2092,117,-279,291,363083
2026-05-19 19:59:44,esterno,2480,15584,1268,64,471,53,67086
2026-05-19 19:59:44,lombar,16768,152,2052,88,-361,289,363105
2026-05-19 19:59:44,lombar,16672,112,2068,45,-315,319,363127
2026-05-19 19:59:44,esterno,2692,15776,1300,41,75,73,67108
2026-05-19 19:59:44,esterno,2344,15848,1024,-187,-72,210,67130
2026-05-19 19:59:44,lombar,16708,104,2172,84,-349,228,363149
2026-05-19 19:59:44,esterno,2448,15620,1112,-76,154,149,67152
2026-05-19 19:59:44,lombar,16760,284,1968,107,-242,358,363171
2026-05-19 19:59:44,esterno,2580,15716,1004,-63,405,119,67174
2026-05-19 19:59:44,lombar,16732,420,2048,131,-292,414,363193
2026-05-19 19:59:44,esterno,2676,15736,1192,-62,267,-7,67196
2026-05-19 19:59:44,lombar,16784,228,2268,71,-365,377,363215
2026-05-19 19:59:44,esterno,2480,15696,1112,-20,339,-82,67218
2026-05-19 19:59:44,lombar,16780,256,2184,56,-254,325,363237
2026-05-19 19:59:44,esterno,2432,15756,1244,1,242,-57,67240
2026-05-19 19:59:44,lombar,16648,176,2208,1,-328,291,363259
2026-05-19 19:59:44,esterno,2496,15816,1320,53,229,43,67262
2026-05-19 19:59:44,lombar,16732,288,2052,67,-392,297,363281
2026-05-19 19:59:44,esterno,2608,15756,1028,-72,179,3,67284
2026-05-19 19:59:44,lombar,16768,228,2172,90,-312,337,363303
2026-05-19 19:59:44,esterno,2508,15672,940,-59,281,-77,67306
2026-05-19 19:59:44,lombar,16660,284,2100,-12,-350,331,363325
2026-05-19 19:59:44,esterno,2712,15676,1208,-69,207,-90,67328
2026-05-19 19:59:44,lombar,16748,256,2076,49,-363,319,363347
2026-05-19 19:59:44,esterno,2608,15816,1232,-174,211,-17,67350
2026-05-19 19:59:44,lombar,16760,248,1960,102,-321,271,363369
2026-05-19 19:59:44,esterno,2460,15752,1120,-103,297,34,67372
2026-05-19 19:59:44,lombar,16672,172,2200,160,-382,313,363391
2026-05-19 19:59:44,esterno,2540,15744,1148,-162,137,-50,67394
2026-05-19 19:59:44,lombar,16728,192,1976,225,-258,361,363413
2026-05-19 19:59:44,esterno,2656,15712,1236,-37,279,-113,67416
2026-05-19 19:59:44,lombar,16696,368,2232,167,-257,430,363435
2026-05-19 19:59:44,esterno,2712,15936,1128,-170,244,22,67438
2026-05-19 19:59:44,lombar,16780,304,1860,17,-397,393,363457
2026-05-19 19:59:44,esterno,2528,15724,1140,-119,117,76,67460
2026-05-19 19:59:44,lombar,16788,100,1892,33,-338,244,363479
2026-05-19 19:59:44,esterno,2576,15860,1120,-72,194,31,67482
2026-05-19 19:59:44,lombar,16680,176,2048,185,-314,297,363501
2026-05-19 19:59:44,esterno,2636,15844,928,-175,215,-64,67504
2026-05-19 19:59:44,lombar,16700,316,2124,204,-344,411,363523
2026-05-19 19:59:44,esterno,2608,15736,1140,-71,239,-123,67526
2026-05-19 19:59:44,lombar,16640,336,2096,76,-362,461,363545
2026-05-19 19:59:44,esterno,2552,15584,1124,-21,239,-70,67548
2026-05-19 19:59:44,lombar,16600,356,2148,48,-414,361,363567
2026-05-19 19:59:44,esterno,2592,15676,1000,-104,219,9,67570
2026-05-19 19:59:44,lombar,16644,248,1936,107,-341,345,363589
2026-05-19 19:59:44,esterno,2548,15692,1000,-76,211,-12,67592
2026-05-19 19:59:44,lombar,16776,176,2036,40,-324,421,363611
2026-05-19 19:59:44,esterno,2540,15784,1188,-65,205,24,67614
2026-05-19 19:59:44,lombar,16724,204,1932,23,-327,398,363633
2026-05-19 19:59:44,esterno,2360,15788,1172,-125,198,9,67636
2026-05-19 19:59:44,lombar,16760,216,1980,13,-406,360,363655
2026-05-19 19:59:44,esterno,2388,15676,1156,-92,72,27,67658
2026-05-19 19:59:44,lombar,16648,168,1984,39,-377,417,363677
2026-05-19 19:59:44,esterno,2544,15744,1124,-134,46,-77,67680
2026-05-19 19:59:44,lombar,16788,132,1896,87,-346,341,363699
2026-05-19 19:59:44,lombar,16588,180,1968,103,-397,346,363721
2026-05-19 19:59:44,esterno,2540,15896,1152,-69,159,-71,67702
2026-05-19 19:59:44,esterno,2664,15864,936,20,378,-1,67724
2026-05-19 19:59:44,lombar,16804,220,1920,100,-397,355,363743
2026-05-19 19:59:44,esterno,2564,15808,1088,-15,121,68,67746
2026-05-19 19:59:44,lombar,16792,192,1960,79,-328,316,363765
2026-05-19 19:59:44,esterno,2512,15940,1096,-132,-131,159,67768
2026-05-19 19:59:44,lombar,16804,188,1948,90,-375,381,363787
2026-05-19 19:59:44,esterno,2660,15704,988,-84,75,140,67790
2026-05-19 19:59:44,lombar,16756,328,1972,93,-398,354,363809
2026-05-19 19:59:44,lombar,16808,228,2076,60,-416,343,363831
2026-05-19 19:59:44,esterno,2520,15620,1092,-90,343,-20,67812
2026-05-19 19:59:44,esterno,2444,15732,1120,-12,289,-12,67834
2026-05-19 19:59:44,lombar,16736,252,2032,104,-433,354,363853
2026-05-19 19:59:44,esterno,2548,15808,940,40,449,-7,67856
2026-05-19 19:59:44,lombar,16796,248,1968,67,-285,463,363875
2026-05-19 19:59:44,esterno,2488,15884,1060,-57,379,-93,67878
2026-05-19 19:59:44,lombar,16628,220,1924,50,-346,373,363897
2026-05-19 19:59:44,esterno,2528,15732,1140,-146,367,-62,67900
2026-05-19 19:59:44,lombar,16680,76,1912,86,-304,384,363919
2026-05-19 19:59:44,esterno,2624,15724,1032,-216,289,-61,67922
2026-05-19 19:59:45,lombar,16768,180,2116,159,-342,335,363941
2026-05-19 19:59:45,esterno,2672,15788,848,-169,350,14,67944
2026-05-19 19:59:45,lombar,16716,196,2020,149,-386,407,363963
2026-05-19 19:59:45,esterno,2596,15820,1204,-151,351,50,67966
2026-05-19 19:59:45,lombar,16728,240,2076,111,-366,412,363985
2026-05-19 19:59:45,esterno,2428,15748,980,-191,364,-23,67988
2026-05-19 19:59:45,lombar,16668,308,1940,68,-354,348,364007
2026-05-19 19:59:45,esterno,2512,15780,1156,-177,173,-38,68010
2026-05-19 19:59:45,lombar,16780,172,1904,157,-355,359,364029
2026-05-19 19:59:45,esterno,2460,15756,1012,-334,256,13,68032
2026-05-19 19:59:45,lombar,16720,-20,1764,156,-288,270,364051
2026-05-19 19:59:45,esterno,2828,15644,1204,-141,148,78,68054
2026-05-19 19:59:45,lombar,16752,152,2060,229,-346,291,364073
2026-05-19 19:59:45,esterno,2560,15956,1348,-236,228,115,68076
2026-05-19 19:59:45,lombar,16632,288,2016,132,-301,367,364095
2026-05-19 19:59:45,esterno,2452,15724,1352,-250,-78,23,68098
2026-05-19 19:59:45,lombar,16744,116,1840,92,-347,302,364117
2026-05-19 19:59:45,esterno,2600,15748,1160,-166,-33,116,68120
2026-05-19 19:59:45,lombar,16824,172,1820,156,-307,305,364139
2026-05-19 19:59:45,esterno,2656,15584,1032,-270,-16,141,68142
2026-05-19 19:59:45,lombar,16696,324,1940,130,-305,333,364161
2026-05-19 19:59:45,esterno,2636,15644,1260,-236,-31,168,68164
2026-05-19 19:59:45,lombar,16748,292,1976,105,-291,308,364183
2026-05-19 19:59:45,lombar,16712,212,1856,77,-286,253,364205
2026-05-19 19:59:45,esterno,2476,15704,1388,-253,-100,144,68186
2026-05-19 19:59:45,esterno,2428,15672,1140,-231,-189,71,68208
2026-05-19 19:59:45,lombar,16736,200,1968,-1,-257,287,364227
2026-05-19 19:59:45,esterno,2460,15716,928,-214,-286,89,68230
2026-05-19 19:59:45,lombar,16644,292,2032,2,-302,271,364249
2026-05-19 19:59:45,esterno,2652,15712,996,-266,-272,116,68252
2026-05-19 19:59:45,lombar,16796,304,1940,-19,-160,318,364271
2026-05-19 19:59:45,esterno,2608,15696,1048,-273,-220,75,68274
2026-05-19 19:59:45,lombar,16720,296,2020,-49,-293,308,364293
2026-05-19 19:59:45,esterno,2556,15760,1132,-258,-220,38,68296
2026-05-19 19:59:45,lombar,16728,136,1776,-6,-260,281,364315
2026-05-19 19:59:45,esterno,2580,15840,1164,-76,-163,-4,68318
2026-05-19 19:59:45,lombar,16736,140,1720,45,-202,270,364337
2026-05-19 19:59:45,esterno,2588,15788,1076,-38,104,-30,68340
2026-05-19 19:59:45,lombar,16764,216,2012,81,-213,323,364359
2026-05-19 19:59:45,esterno,2680,15804,1388,-123,-248,1,68362
2026-05-19 19:59:45,lombar,16584,212,1996,80,-247,298,364381
2026-05-19 19:59:45,esterno,2644,15752,972,-256,-428,94,68384
2026-05-19 19:59:45,lombar,16768,116,1944,117,-201,246,364403
2026-05-19 19:59:45,esterno,2748,15560,1008,-146,21,-1,68406
2026-05-19 19:59:45,lombar,16704,388,1872,159,-155,342,364425
2026-05-19 19:59:45,esterno,2660,15580,1096,-175,272,-37,68428
2026-05-19 19:59:45,lombar,16672,404,1944,122,-125,373,364447
2026-05-19 19:59:45,esterno,2736,15708,1112,-110,195,8,68450
2026-05-19 19:59:45,lombar,16752,204,1964,51,-261,321,364469
2026-05-19 19:59:45,esterno,2636,15756,1136,-38,265,40,68472
2026-05-19 19:59:45,lombar,16752,224,2072,123,-174,279,364491
2026-05-19 19:59:45,esterno,2524,15792,1184,-100,262,-16,68494
2026-05-19 19:59:45,lombar,16716,280,2080,95,-194,326,364513
2026-05-19 19:59:45,esterno,2648,15836,1328,-133,192,-7,68516
2026-05-19 19:59:45,lombar,16772,248,2068,111,-276,287,364535
2026-05-19 19:59:45,esterno,2680,15784,1104,-197,167,111,68538
2026-05-19 19:59:45,lombar,16572,212,1884,112,-198,243,364557
2026-05-19 19:59:45,esterno,2716,15736,1232,-154,213,85,68560
2026-05-19 19:59:45,lombar,16636,284,1876,72,-141,305,364579
2026-05-19 19:59:45,esterno,2616,15716,1216,-161,262,40,68582
2026-05-19 19:59:45,lombar,16716,260,1860,105,-255,311,364601
2026-05-19 19:59:45,esterno,2504,15740,1024,-232,294,-25,68604
2026-05-19 19:59:45,lombar,16716,216,1932,149,-227,339,364623
2026-05-19 19:59:45,esterno,2488,15748,1164,-205,181,35,68626
2026-05-19 19:59:45,lombar,16612,180,2064,141,-279,360,364645
2026-05-19 19:59:45,esterno,2500,15544,1108,-289,187,58,68648
2026-05-19 19:59:45,lombar,16796,172,2108,121,-252,305,364667
2026-05-19 19:59:45,esterno,2908,15652,1196,-135,29,41,68670
2026-05-19 19:59:45,lombar,16772,380,1924,199,-195,323,364689
2026-05-19 19:59:45,esterno,2812,15736,1332,-270,303,40,68692
2026-05-19 19:59:45,lombar,16768,340,1984,34,-288,361,364711
2026-05-19 19:59:45,esterno,2528,15800,1408,-250,43,2,68714
2026-05-19 19:59:45,lombar,16784,156,1868,46,-318,233,364733
2026-05-19 19:59:45,esterno,2660,15708,1472,-115,50,83,68736
2026-05-19 19:59:45,lombar,16748,172,1860,123,-184,284,364755
2026-05-19 19:59:45,esterno,2556,15800,1292,-191,86,97,68758
2026-05-19 19:59:45,lombar,16700,312,1904,138,-282,328,364777
2026-05-19 19:59:45,esterno,2680,15688,1272,-169,77,5,68780
2026-05-19 19:59:45,lombar,16772,344,2060,142,-173,358,364799
2026-05-19 19:59:45,esterno,2616,15824,1328,-68,84,10,68802
2026-05-19 19:59:45,lombar,16688,172,2140,75,-211,280,364821
2026-05-19 19:59:45,esterno,2584,15736,1260,-102,82,86,68824
2026-05-19 19:59:45,lombar,16816,408,2036,81,-213,305,364843
2026-05-19 19:59:45,lombar,16812,236,2116,79,-143,298,364865
2026-05-19 19:59:45,esterno,2688,15784,1244,-88,108,164,68846
2026-05-19 19:59:45,esterno,2728,15732,1152,-99,91,86,68868
2026-05-19 19:59:45,lombar,16788,348,1828,69,-197,305,364887
2026-05-19 19:59:45,esterno,2628,15644,1096,-87,51,42,68890
2026-05-19 19:59:45,lombar,16680,388,1928,80,-168,333,364909
2026-05-19 19:59:45,esterno,2712,15792,1228,-87,49,52,68912
2026-05-19 19:59:45,lombar,16716,248,2036,80,-199,281,364931
2026-05-19 19:59:46,esterno,2628,15788,1216,-38,-58,175,68934
2026-05-19 19:59:46,lombar,16712,344,1968,45,-163,263,364953
2026-05-19 19:59:46,esterno,2656,15620,880,77,255,97,68956
2026-05-19 19:59:46,lombar,16748,336,1932,154,-195,330,364975
2026-05-19 19:59:46,esterno,2852,15764,1556,47,-275,-58,68978
2026-05-19 19:59:46,lombar,16700,332,2100,133,-188,346,364997
2026-05-19 19:59:46,esterno,2820,15820,1124,-145,-210,61,69000
2026-05-19 19:59:46,lombar,16636,216,1884,72,-181,282,365019
2026-05-19 19:59:46,esterno,2544,15608,708,-113,-122,75,69022
2026-05-19 19:59:46,lombar,16648,392,1984,128,-146,250,365041
2026-05-19 19:59:46,esterno,2724,15752,1080,-32,159,41,69044
2026-05-19 19:59:46,lombar,16704,440,2052,89,-163,334,365063
2026-05-19 19:59:46,esterno,2656,15776,1180,-33,191,-34,69066
2026-05-19 19:59:46,lombar,16684,236,2096,76,-236,377,365085
2026-05-19 19:59:46,lombar,16676,308,2140,82,-130,303,365107
2026-05-19 19:59:46,esterno,2680,15800,1000,17,301,-66,69088
2026-05-19 19:59:46,esterno,2636,15780,1260,-12,226,-70,69110
2026-05-19 19:59:46,lombar,16644,308,2220,46,-291,377,365129
2026-05-19 19:59:46,esterno,2608,15836,1224,7,224,1,69132
2026-05-19 19:59:46,lombar,16676,256,2004,80,-241,281,365151
2026-05-19 19:59:46,esterno,2680,15736,1160,-56,210,47,69154
2026-05-19 19:59:46,lombar,16624,312,1980,158,-160,282,365173
2026-05-19 19:59:46,esterno,2696,15816,1000,-128,282,-33,69176
2026-05-19 19:59:46,lombar,16684,384,2056,150,-301,306,365195
2026-05-19 19:59:46,esterno,2708,15732,1112,-178,238,-38,69198
2026-05-19 19:59:46,lombar,16716,240,2076,158,-251,293,365217
2026-05-19 19:59:46,esterno,2572,15744,844,-236,353,25,69220
2026-05-19 19:59:46,lombar,16696,328,1968,111,-300,322,365239
2026-05-19 19:59:46,esterno,2732,15672,1180,-231,315,37,69242
2026-05-19 19:59:46,lombar,16632,332,2252,202,-243,299,365261
2026-05-19 19:59:46,esterno,2508,15556,1156,-255,286,-24,69264
2026-05-19 19:59:46,lombar,16644,348,2176,168,-298,278,365283
2026-05-19 19:59:46,esterno,2800,15760,1176,-136,198,-66,69286
2026-05-19 19:59:46,lombar,16844,200,2092,140,-261,305,365305
2026-05-19 19:59:46,esterno,2652,15720,1116,-236,369,58,69308
2026-05-19 19:59:46,lombar,16708,280,2048,65,-318,399,365327
2026-05-19 19:59:46,esterno,2668,15672,1312,-183,127,37,69330
2026-05-19 19:59:46,lombar,16796,248,1896,69,-325,284,365349
2026-05-19 19:59:46,esterno,2580,15784,1428,-126,73,-3,69352
2026-05-19 19:59:46,lombar,16836,176,1840,131,-191,269,365371
2026-05-19 19:59:46,esterno,2620,15756,1288,-264,9,-4,69374
2026-05-19 19:59:46,lombar,16804,332,2184,117,-283,386,365393
2026-05-19 19:59:46,esterno,2604,15756,1204,-206,16,-59,69396
2026-05-19 19:59:46,lombar,16712,360,1980,89,-244,342,365415
2026-05-19 19:59:46,esterno,2668,15664,1188,-140,13,-53,69418
2026-05-19 19:59:46,lombar,16692,296,1932,74,-239,353,365437
2026-05-19 19:59:46,esterno,2660,15704,1108,-123,34,-114,69440
2026-05-19 19:59:46,lombar,16820,344,2004,71,-213,348,365459
2026-05-19 19:59:46,esterno,2696,15744,1312,-125,27,-97,69462
2026-05-19 19:59:46,lombar,16796,232,1860,94,-192,348,365481
2026-05-19 19:59:46,esterno,2724,15784,1044,-89,117,-134,69484
2026-05-19 19:59:46,lombar,16672,264,1968,120,-245,354,365503
2026-05-19 19:59:46,esterno,2696,15684,1012,-166,110,-151,69506
2026-05-19 19:59:46,lombar,16836,480,2064,92,-236,357,365525
2026-05-19 19:59:46,esterno,2660,15732,1080,-200,92,-75,69528
2026-05-19 19:59:46,lombar,16632,364,2068,102,-297,391,365547
2026-05-19 19:59:46,esterno,2744,15712,1164,-208,35,-39,69550
2026-05-19 19:59:46,lombar,16764,416,2076,129,-201,428,365569
2026-05-19 19:59:46,esterno,2676,15696,900,-87,69,-17,69572
2026-05-19 19:59:46,lombar,16600,236,1944,59,-293,371,365591
2026-05-19 19:59:46,esterno,2588,15580,1204,-51,303,-55,69594
2026-05-19 19:59:46,lombar,16736,340,2220,109,-229,354,365613
2026-05-19 19:59:46,esterno,2920,15824,1312,-18,-12,19,69616
2026-05-19 19:59:46,lombar,16708,304,2028,130,-206,276,365635
2026-05-19 19:59:46,esterno,2664,15904,1072,-189,-123,150,69638
2026-05-19 19:59:46,lombar,16764,308,1928,144,-212,322,365657
2026-05-19 19:59:46,esterno,2548,15560,1056,-139,112,70,69660
2026-05-19 19:59:46,lombar,16708,468,2024,106,-183,405,365679
2026-05-19 19:59:46,esterno,2528,15684,1220,-130,278,-19,69682
2026-05-19 19:59:46,lombar,16784,320,2028,91,-231,358,365701
2026-05-19 19:59:46,esterno,2684,15604,1176,-7,302,-21,69704
2026-05-19 19:59:46,lombar,16772,192,2016,120,-284,360,365723
2026-05-19 19:59:46,esterno,2472,15720,1112,-5,376,12,69726
2026-05-19 19:59:46,lombar,16712,196,1828,134,-146,357,365745
2026-05-19 19:59:46,esterno,2452,15712,1364,-74,250,-46,69748
2026-05-19 19:59:46,lombar,16676,240,2104,94,-257,379,365767
2026-05-19 19:59:46,esterno,2428,15748,1112,-36,168,-36,69770
2026-05-19 19:59:46,lombar,16696,196,2204,40,-294,291,365789
2026-05-19 19:59:46,esterno,2608,15652,932,-116,223,-84,69792
2026-05-19 19:59:46,lombar,16796,188,2212,58,-303,291,365811
2026-05-19 19:59:46,esterno,2720,15744,1192,-146,320,-141,69814
2026-05-19 19:59:46,lombar,16644,208,2028,73,-380,309,365833
2026-05-19 19:59:46,esterno,2760,15604,960,-162,329,-127,69836
2026-05-19 19:59:46,lombar,16696,304,2060,139,-198,300,365855
2026-05-19 19:59:46,esterno,2652,15724,1220,-233,494,-129,69858
2026-05-19 19:59:46,lombar,16652,336,2228,166,-211,358,365877
2026-05-19 19:59:46,esterno,2572,15728,1176,-244,512,-89,69880
2026-05-19 19:59:46,lombar,16796,312,2068,148,-180,321,365899
2026-05-19 19:59:46,esterno,2548,15644,1176,-343,301,-76,69902
2026-05-19 19:59:46,lombar,16680,372,2108,143,-163,379,365921
2026-05-19 19:59:46,esterno,2808,15872,1212,-98,321,-20,69924
2026-05-19 19:59:47,lombar,16840,412,2068,114,-169,394,365943
2026-05-19 19:59:47,esterno,2488,15848,1136,-164,275,20,69946
2026-05-19 19:59:47,lombar,16672,396,2084,50,-230,352,365965
2026-05-19 19:59:47,lombar,16676,324,1836,61,-228,316,365987
2026-05-19 19:59:47,esterno,2508,15716,1332,-80,22,-98,69968
2026-05-19 19:59:47,lombar,16816,304,1936,113,-216,346,366009
2026-05-19 19:59:47,esterno,2576,15860,1260,-125,10,-43,69990
2026-05-19 19:59:47,esterno,2668,15676,1160,-189,34,47,70012
2026-05-19 19:59:47,lombar,16676,304,1984,68,-274,452,366031
2026-05-19 19:59:47,esterno,2700,15716,1188,-145,117,6,70034
2026-05-19 19:59:47,lombar,16720,148,2056,95,-305,354,366053
2026-05-19 19:59:47,esterno,2760,15752,1056,-160,159,-57,70056
2026-05-19 19:59:47,lombar,16636,280,2176,143,-260,428,366075
2026-05-19 19:59:47,lombar,16704,276,1936,143,-283,435,366097
2026-05-19 19:59:47,esterno,2520,15764,1268,-144,157,-102,70078
2026-05-19 19:59:47,esterno,2564,15804,1296,-106,142,-100,70100
2026-05-19 19:59:47,lombar,16680,264,2352,111,-272,406,366119
2026-05-19 19:59:47,esterno,2544,15888,1228,-127,145,-54,70122
2026-05-19 19:59:47,lombar,16624,408,2252,99,-254,434,366141
2026-05-19 19:59:47,esterno,2600,15772,1088,-173,160,-100,70144
2026-05-19 19:59:47,lombar,16672,240,2200,20,-383,389,366163
2026-05-19 19:59:47,esterno,2360,15728,1224,-178,116,-148,70166
2026-05-19 19:59:47,lombar,16696,316,1820,64,-332,433,366185
2026-05-19 19:59:47,esterno,2544,15748,1160,-197,89,-184,70188
2026-05-19 19:59:47,lombar,16624,176,2244,66,-406,406,366207
2026-05-19 19:59:47,esterno,2652,15708,1156,-277,14,-75,70210
2026-05-19 19:59:47,lombar,16776,220,1996,14,-517,389,366229
2026-05-19 19:59:47,esterno,2680,15600,808,-139,191,-46,70232
2026-05-19 19:59:47,lombar,16644,204,2148,48,-441,388,366251
2026-05-19 19:59:47,esterno,2520,15688,1360,-211,281,-207,70254
2026-05-19 19:59:47,lombar,16836,340,2160,78,-412,441,366273
2026-05-19 19:59:47,esterno,2732,16012,1520,-239,41,-96,70276
2026-05-19 19:59:47,lombar,16796,216,2152,21,-463,290,366295
2026-05-19 19:59:47,esterno,2440,15764,884,-322,-88,25,70298
2026-05-19 19:59:47,lombar,16716,264,1924,94,-392,388,366317
2026-05-19 19:59:47,esterno,2324,15652,1148,-176,179,-10,70320
2026-05-19 19:59:47,lombar,16808,248,2080,118,-311,441,366339
2026-05-19 19:59:47,esterno,2588,15656,1120,-175,282,-1,70342
2026-05-19 19:59:47,lombar,16732,340,1980,49,-419,438,366361
2026-05-19 19:59:47,esterno,2556,15784,1108,-58,388,-109,70364
2026-05-19 19:59:47,lombar,16744,248,1860,77,-346,359,366383
2026-05-19 19:59:47,esterno,2544,15744,1372,-98,413,-121,70386
2026-05-19 19:59:47,lombar,16696,188,2040,67,-333,532,366405
2026-05-19 19:59:47,esterno,2492,15864,1396,-86,320,-32,70408
2026-05-19 19:59:47,lombar,16728,136,1976,49,-439,411,366427
2026-05-19 19:59:47,esterno,2416,15720,1236,-165,298,-25,70430
2026-05-19 19:59:47,lombar,16740,252,1852,64,-322,386,366449
2026-05-19 19:59:47,esterno,2508,15672,1328,-260,363,-132,70452
2026-05-19 19:59:47,lombar,16688,312,2016,73,-400,377,366471
2026-05-19 19:59:47,esterno,2596,15680,1344,-292,373,-142,70474
2026-05-19 19:59:47,lombar,16736,72,2000,110,-472,383,366493
2026-05-19 19:59:47,esterno,2540,15780,1320,-257,274,-49,70496
2026-05-19 19:59:47,lombar,16748,196,1984,92,-366,396,366515
2026-05-19 19:59:47,esterno,2480,15768,1516,-274,218,1,70518
2026-05-19 19:59:47,lombar,16752,180,2056,87,-403,398,366537
2026-05-19 19:59:47,esterno,2364,15684,992,-266,347,6,70540
2026-05-19 19:59:47,lombar,16820,204,1932,79,-423,370,366559
2026-05-19 19:59:47,esterno,2468,15676,1284,-196,-5,-89,70562
2026-05-19 19:59:47,lombar,16752,172,2048,140,-348,349,366581
2026-05-19 19:59:47,lombar,16640,232,2168,100,-421,393,366603
2026-05-19 19:59:47,esterno,2740,15844,1264,-136,236,0,70584
2026-05-19 19:59:47,esterno,2524,15640,1544,-108,-21,100,70606
2026-05-19 19:59:47,lombar,16604,260,2076,19,-478,352,366625
2026-05-19 19:59:47,esterno,2452,15892,1264,17,-133,74,70628
2026-05-19 19:59:47,lombar,16768,72,1788,62,-506,330,366647
2026-05-19 19:59:47,esterno,2436,15800,1232,12,-123,141,70650
2026-05-19 19:59:47,lombar,16748,196,1728,216,-361,269,366669
2026-05-19 19:59:47,esterno,2580,15724,1312,-7,-89,46,70672
2026-05-19 19:59:47,lombar,16764,236,1716,203,-421,340,366691
2026-05-19 19:59:47,esterno,2652,15784,1168,-86,-24,28,70694
2026-05-19 19:59:47,lombar,16836,252,1824,228,-338,323,366713
2026-05-19 19:59:47,esterno,2684,15676,1324,-92,50,0,70716
2026-05-19 19:59:47,lombar,16828,252,2020,217,-284,322,366735
2026-05-19 19:59:47,esterno,2612,15744,1224,-7,140,-114,70738
2026-05-19 19:59:47,lombar,16712,144,2012,208,-426,284,366757
2026-05-19 19:59:47,esterno,2576,15816,1244,18,106,-127,70760
2026-05-19 19:59:47,lombar,16732,288,1912,248,-263,322,366779
2026-05-19 19:59:47,esterno,2464,15536,1204,-180,113,-92,70782
2026-05-19 19:59:47,lombar,16752,300,2084,134,-342,288,366801
2026-05-19 19:59:47,esterno,2624,15680,1116,-115,31,-90,70804
2026-05-19 19:59:47,lombar,16716,332,1792,77,-385,260,366823
2026-05-19 19:59:47,esterno,2708,15732,1128,-152,-9,-47,70826
2026-05-19 19:59:47,lombar,16716,268,2084,73,-348,255,366845
2026-05-19 19:59:47,esterno,2544,15716,1372,-222,-121,-115,70848
2026-05-19 19:59:47,lombar,16748,364,1844,52,-339,348,366867
2026-05-19 19:59:47,esterno,2404,15752,1372,-6,-139,-291,70870
2026-05-19 19:59:47,lombar,16684,316,1772,40,-280,430,366889
2026-05-19 19:59:47,esterno,2540,15860,884,-230,-157,-109,70892
2026-05-19 19:59:47,lombar,16656,324,1940,42,-350,482,366911
2026-05-19 19:59:47,esterno,2516,15660,1392,-91,-39,-161,70914
2026-05-19 19:59:47,lombar,16848,372,2160,-80,-367,426,366933
2026-05-19 19:59:48,esterno,2752,15788,1336,-27,-369,-144,70936
2026-05-19 19:59:48,lombar,16828,264,1964,-59,-384,337,366955
2026-05-19 19:59:48,esterno,2564,15896,848,-351,-466,4,70958
2026-05-19 19:59:48,lombar,16728,328,1880,13,-380,427,366977
2026-05-19 19:59:48,esterno,2360,15608,1084,-223,5,-118,70980
2026-05-19 19:59:48,lombar,16860,220,1792,-58,-416,529,366999
2026-05-19 19:59:48,lombar,16652,56,1904,5,-429,497,367021
2026-05-19 19:59:48,esterno,2432,15596,1056,-144,73,-139,71002
2026-05-19 19:59:48,esterno,2620,15876,1188,-7,124,-166,71024
2026-05-19 19:59:48,lombar,16716,200,1808,73,-390,432,367043
2026-05-19 19:59:48,esterno,2368,15776,1264,97,287,-252,71046
2026-05-19 19:59:48,lombar,16692,148,1828,38,-334,510,367065
2026-05-19 19:59:48,esterno,2360,15788,1260,-289,200,-238,71068
2026-05-19 19:59:48,lombar,16804,0,1864,58,-367,399,367087
2026-05-19 19:59:48,esterno,2356,15704,1180,-301,257,-199,71090
2026-05-19 19:59:48,lombar,16648,8,1808,66,-368,415,367109
2026-05-19 19:59:48,esterno,2460,15692,1192,-231,238,-151,71112
2026-05-19 19:59:48,lombar,16752,156,1760,117,-371,410,367131
2026-05-19 19:59:48,esterno,2544,15780,1288,-266,294,-127,71134
2026-05-19 19:59:48,lombar,16644,148,1924,117,-413,381,367153
2026-05-19 19:59:48,esterno,2420,15764,1196,-283,296,-77,71156
2026-05-19 19:59:48,lombar,16788,108,1644,121,-395,340,367175
2026-05-19 19:59:48,esterno,2380,15776,1596,-297,88,-44,71178
2026-05-19 19:59:48,lombar,16764,100,1960,165,-330,308,367197
2026-05-19 19:59:48,esterno,2324,15696,1048,-376,249,44,71200
2026-05-19 19:59:48,lombar,16640,168,1796,171,-340,274,367219
2026-05-19 19:59:48,esterno,2560,15644,1348,-273,96,-9,71222
2026-05-19 19:59:48,lombar,16832,176,1860,177,-304,257,367241
2026-05-19 19:59:48,lombar,16868,188,1684,137,-292,332,367263
2026-05-19 19:59:48,esterno,2528,15772,1264,-168,316,64,71244
2026-05-19 19:59:48,esterno,2384,15660,1480,-383,105,87,71266
2026-05-19 19:59:48,lombar,16692,124,1600,58,-326,305,367285
2026-05-19 19:59:48,esterno,2408,15856,1324,-314,-85,126,71288
2026-05-19 19:59:48,lombar,16796,140,1780,156,-256,215,367307
2026-05-19 19:59:48,esterno,2360,15688,1348,-327,-50,199,71310
2026-05-19 19:59:48,lombar,16796,204,1792,170,-227,263,367329
2026-05-19 19:59:48,esterno,2448,15616,1328,-320,-35,156,71332
2026-05-19 19:59:48,lombar,16784,404,1760,93,-302,366,367351
2026-05-19 19:59:48,esterno,2408,15640,1384,-336,-18,72,71354
2026-05-19 19:59:48,lombar,16816,288,2004,39,-274,323,367373
2026-05-19 19:59:48,esterno,2384,15692,1332,-327,-33,102,71376
2026-05-19 19:59:48,lombar,16752,316,1880,43,-241,320,367395
2026-05-19 19:59:48,esterno,2392,15784,1344,-313,-78,144,71398
2026-05-19 19:59:48,lombar,16788,244,1832,50,-247,252,367417
2026-05-19 19:59:48,esterno,2476,15752,1376,-282,-71,120,71420
2026-05-19 19:59:48,lombar,16668,124,1736,88,-200,310,367439
2026-05-19 19:59:48,esterno,2472,15556,1544,-308,-107,32,71442
2026-05-19 19:59:48,lombar,16668,184,1836,45,-263,331,367461
2026-05-19 19:59:48,esterno,2564,15628,1288,-352,-20,-69,71464
2026-05-19 19:59:48,lombar,16840,156,1720,65,-243,339,367483
2026-05-19 19:59:48,esterno,2592,15652,1180,-318,10,-31,71486
2026-05-19 19:59:48,lombar,16684,124,1904,44,-186,302,367505
2026-05-19 19:59:48,lombar,16664,212,1704,131,-169,280,367527
2026-05-19 19:59:48,esterno,2464,15764,1452,-313,10,34,71508
2026-05-19 19:59:48,esterno,2548,15764,1436,-265,14,15,71530
2026-05-19 19:59:48,lombar,16772,164,1896,157,-181,325,367549
2026-05-19 19:59:48,esterno,2560,15724,1064,-66,202,-91,71552
2026-05-19 19:59:48,lombar,16672,272,1868,138,-188,395,367571
2026-05-19 19:59:48,esterno,2480,15672,1792,-60,-9,-188,71574
2026-05-19 19:59:48,lombar,16760,268,1792,86,-194,332,367593
2026-05-19 19:59:48,esterno,2736,15908,1524,-231,-207,58,71596
2026-05-19 19:59:48,lombar,16780,204,1800,113,-126,304,367615
2026-05-19 19:59:48,esterno,2464,15568,976,-202,2,78,71618
2026-05-19 19:59:48,lombar,16660,300,1772,108,-73,279,367637
2026-05-19 19:59:48,esterno,2508,15576,1324,-131,262,-82,71640
2026-05-19 19:59:48,lombar,16820,268,1696,108,-158,386,367659
2026-05-19 19:59:48,esterno,2584,15704,1428,-236,228,-165,71662
2026-05-19 19:59:48,lombar,16680,328,1860,86,-190,379,367681
2026-05-19 19:59:48,esterno,2704,15784,1304,-48,339,-122,71684
2026-05-19 19:59:48,lombar,16672,212,1856,117,-199,440,367703
2026-05-19 19:59:48,esterno,2404,15708,1384,-95,355,-73,71706
2026-05-19 19:59:48,lombar,16656,204,1936,61,-171,362,367725
2026-05-19 19:59:48,esterno,2420,15724,1396,-97,308,-101,71728
2026-05-19 19:59:48,lombar,16756,248,1988,98,-182,353,367747
2026-05-19 19:59:48,esterno,2428,15748,1392,-126,264,-50,71750
2026-05-19 19:59:48,lombar,16716,204,1944,103,-212,320,367769
2026-05-19 19:59:48,esterno,2368,15760,1200,-157,238,-57,71772
2026-05-19 19:59:48,lombar,16752,184,1948,128,-189,379,367791
2026-05-19 19:59:48,esterno,2420,15680,1388,-206,279,-24,71794
2026-05-19 19:59:48,lombar,16748,228,1912,113,-231,314,367813
2026-05-19 19:59:48,lombar,16748,136,1780,136,-178,320,367835
2026-05-19 19:59:48,esterno,2496,15820,1100,-169,241,-41,71816
2026-05-19 19:59:48,esterno,2372,15752,1568,-189,189,-146,71838
2026-05-19 19:59:48,lombar,16644,168,2132,136,-216,305,367857
2026-05-19 19:59:48,esterno,2200,15748,1056,-283,371,-127,71860
2026-05-19 19:59:48,lombar,16632,112,1912,106,-276,345,367879
2026-05-19 19:59:48,esterno,2696,15664,1464,-246,112,-120,71882
2026-05-19 19:59:48,lombar,16648,64,1756,212,-170,269,367901
2026-05-19 19:59:48,esterno,2592,15840,1616,-304,465,12,71904
2026-05-19 19:59:48,lombar,16760,384,1924,192,-185,442,367923
2026-05-19 19:59:48,esterno,2276,15848,1700,-300,190,-48,71926
2026-05-19 19:59:49,lombar,16736,104,1980,110,-320,436,367945
2026-05-19 19:59:49,esterno,2352,15740,1352,-169,65,-90,71948
2026-05-19 19:59:49,lombar,16740,24,1788,169,-174,317,367967
2026-05-19 19:59:49,esterno,2480,15656,1496,-217,72,-36,71970
2026-05-19 19:59:49,lombar,16684,220,1888,164,-192,297,367989
2026-05-19 19:59:49,esterno,2348,15684,1420,-252,49,62,71992
2026-05-19 19:59:49,lombar,16776,348,1784,119,-272,324,368011
2026-05-19 19:59:49,esterno,2420,15804,1448,-222,144,123,72014
2026-05-19 19:59:49,lombar,16660,236,1776,94,-214,305,368033
2026-05-19 19:59:49,esterno,2344,15624,1476,-182,96,71,72036
2026-05-19 19:59:49,lombar,16676,228,2024,91,-282,330,368055
2026-05-19 19:59:49,esterno,2440,15760,1368,-163,100,61,72058
2026-05-19 19:59:49,lombar,16780,120,2004,140,-298,361,368077
2026-05-19 19:59:49,esterno,2416,15708,1396,-131,75,80,72080
2026-05-19 19:59:49,lombar,16696,300,2084,149,-202,330,368099
2026-05-19 19:59:49,esterno,2400,15592,1448,-104,63,102,72102
2026-05-19 19:59:49,lombar,16836,296,2052,85,-292,335,368121
2026-05-19 19:59:49,esterno,2460,15708,1516,-138,97,97,72124
2026-05-19 19:59:49,lombar,16748,172,1884,35,-281,254,368143
2026-05-19 19:59:49,esterno,2388,15692,1480,-158,84,39,72146
2026-05-19 19:59:49,lombar,16580,164,1936,93,-296,382,368165
2026-05-19 19:59:49,esterno,2280,15660,1392,-114,43,48,72168
2026-05-19 19:59:49,lombar,16728,132,2032,112,-301,366,368187
2026-05-19 19:59:49,esterno,2436,15744,1588,-117,-30,53,72190
2026-05-19 19:59:49,lombar,16736,48,1968,69,-395,340,368209
2026-05-19 19:59:49,esterno,2552,15640,1384,-80,-81,85,72212
2026-05-19 19:59:49,lombar,16580,88,2036,101,-425,274,368231
2026-05-19 19:59:49,esterno,2320,15596,1192,-54,352,-3,72234
2026-05-19 19:59:49,lombar,16784,224,2004,81,-434,257,368253
2026-05-19 19:59:49,esterno,2652,15772,1748,-67,-209,-65,72256
2026-05-19 19:59:49,lombar,16796,248,1908,28,-359,220,368275
2026-05-19 19:59:49,esterno,2404,15996,1448,-207,-224,206,72278
2026-05-19 19:59:49,lombar,16672,196,1840,55,-357,168,368297
2026-05-19 19:59:49,esterno,2348,15616,1288,-194,-59,66,72300
2026-05-19 19:59:49,lombar,16724,280,1776,145,-379,326,368319
2026-05-19 19:59:49,esterno,2504,15644,1352,-207,223,-6,72322
2026-05-19 19:59:49,lombar,16824,328,1716,75,-406,343,368341
2026-05-19 19:59:49,esterno,2604,15844,1528,-212,208,-16,72344
2026-05-19 19:59:49,lombar,16764,208,1772,104,-414,251,368363
2026-05-19 19:59:49,esterno,2400,15832,1400,-103,316,58,72366
2026-05-19 19:59:49,lombar,16620,252,1892,93,-343,284,368385
2026-05-19 19:59:49,esterno,2300,15700,1604,-180,216,9,72388
2026-05-19 19:59:49,lombar,16652,264,1824,94,-387,345,368407
2026-05-19 19:59:49,esterno,2376,15712,1552,-190,169,6,72410
2026-05-19 19:59:49,lombar,16728,244,1600,103,-261,333,368429
2026-05-19 19:59:49,lombar,16664,260,2028,47,-357,326,368451
2026-05-19 19:59:49,esterno,2468,15580,1416,-243,193,-23,72432
2026-05-19 19:59:49,esterno,2432,15788,1592,-239,209,35,72454
2026-05-19 19:59:49,lombar,16740,224,1760,26,-355,275,368473
2026-05-19 19:59:49,esterno,2460,15864,1564,-300,66,197,72476
2026-05-19 19:59:49,lombar,16680,280,1772,-16,-404,284,368495
2026-05-19 19:59:49,esterno,2320,15808,1080,-446,155,219,72498
2026-05-19 19:59:49,lombar,16808,192,1832,27,-451,337,368517
2026-05-19 19:59:49,esterno,2336,15716,1412,-406,183,129,72520
2026-05-19 19:59:49,lombar,16648,268,1732,48,-303,315,368539
2026-05-19 19:59:49,esterno,2396,15668,1516,-492,189,54,72542
2026-05-19 19:59:49,lombar,16652,104,1676,79,-469,303,368561
2026-05-19 19:59:49,esterno,2876,15712,1388,-286,143,136,72564
2026-05-19 19:59:49,lombar,16668,180,1880,140,-406,290,368583
2026-05-19 19:59:49,esterno,2624,15672,1480,-350,438,358,72586
2026-05-19 19:59:49,lombar,16816,200,1908,125,-373,362,368605
2026-05-19 19:59:49,esterno,2468,15688,1704,-459,241,403,72608
2026-05-19 19:59:49,lombar,16812,144,1788,171,-395,220,368627
2026-05-19 19:59:49,esterno,2576,15752,1616,-376,206,306,72630
2026-05-19 19:59:49,lombar,16796,180,1632,232,-313,271,368649
2026-05-19 19:59:49,esterno,2592,15568,1644,-345,272,187,72652
2026-05-19 19:59:49,lombar,16800,212,1984,242,-358,305,368671
2026-05-19 19:59:49,esterno,2492,15684,1580,-372,233,94,72674
2026-05-19 19:59:49,lombar,16736,336,1696,215,-338,338,368693
2026-05-19 19:59:49,esterno,2404,15604,1716,-291,179,169,72696
2026-05-19 19:59:49,lombar,16788,388,1808,91,-388,253,368715
2026-05-19 19:59:49,esterno,2460,15640,1404,-140,179,161,72718
2026-05-19 19:59:49,lombar,16848,316,1848,10,-338,253,368737
2026-05-19 19:59:49,esterno,2472,15772,1600,-143,182,50,72740
2026-05-19 19:59:49,lombar,16728,220,1724,4,-421,223,368759
2026-05-19 19:59:49,esterno,2844,15696,1760,-230,201,5,72762
2026-05-19 19:59:49,lombar,16800,280,1640,93,-275,241,368781
2026-05-19 19:59:49,esterno,2752,15800,1608,-218,209,-44,72784
2026-05-19 19:59:49,lombar,16884,264,1764,78,-345,323,368803
2026-05-19 19:59:49,esterno,2588,15624,1492,-225,178,-61,72806
2026-05-19 19:59:49,lombar,16772,356,1664,100,-187,315,368825
2026-05-19 19:59:49,esterno,2580,15660,1592,-194,204,-62,72828
2026-05-19 19:59:49,lombar,16748,308,1728,63,-224,331,368847
2026-05-19 19:59:49,esterno,2828,15704,1636,-280,224,-39,72850
2026-05-19 19:59:49,lombar,16744,324,1780,73,-302,308,368869
2026-05-19 19:59:49,esterno,2744,15744,1804,-269,194,-49,72872
2026-05-19 19:59:49,lombar,16680,232,1732,116,-297,374,368891
2026-05-19 19:59:49,esterno,2528,15676,1776,-289,50,-37,72894
2026-05-19 19:59:49,lombar,16656,388,1828,88,-315,346,368913
2026-05-19 19:59:49,esterno,2584,15588,1288,-164,273,-59,72916
2026-05-19 19:59:49,lombar,16712,424,1880,41,-391,366,368935
2026-05-19 19:59:50,esterno,2612,15584,2128,-103,21,-120,72938
2026-05-19 19:59:50,lombar,16692,392,1804,25,-308,361,368957
2026-05-19 19:59:50,esterno,2756,15856,1648,-83,-116,63,72960
2026-05-19 19:59:50,lombar,16784,216,1856,15,-297,279,368979
2026-05-19 19:59:50,esterno,2476,15592,1560,-260,-195,82,72982
2026-05-19 19:59:50,lombar,16856,276,1740,108,-226,314,369001
2026-05-19 19:59:50,esterno,2476,15572,1560,-166,181,-22,73004
2026-05-19 19:59:50,lombar,16784,292,1888,108,-174,415,369023
2026-05-19 19:59:50,esterno,2572,15632,1444,-100,289,-121,73026
2026-05-19 19:59:50,lombar,16788,360,1720,48,-278,417,369045
2026-05-19 19:59:50,esterno,2568,15692,1428,70,451,-225,73048
2026-05-19 19:59:50,lombar,16772,236,1656,58,-254,449,369067
2026-05-19 19:59:50,esterno,2408,15792,1684,-21,439,-220,73070
2026-05-19 19:59:50,lombar,16708,244,1852,37,-222,411,369089
2026-05-19 19:59:50,esterno,2424,15772,1704,52,312,-212,73092
2026-05-19 19:59:50,lombar,16840,60,1788,40,-323,367,369111
2026-05-19 19:59:50,esterno,2416,15764,1808,25,205,-214,73114
2026-05-19 19:59:50,lombar,16680,300,1712,25,-263,372,369133
2026-05-19 19:59:50,esterno,2480,15728,1648,-76,382,-211,73136
2026-05-19 19:59:50,lombar,16736,292,1752,-39,-342,390,369155
2026-05-19 19:59:50,esterno,2496,15636,1752,-120,422,-217,73158
2026-05-19 19:59:50,lombar,16788,220,1712,-7,-440,450,369177
2026-05-19 19:59:50,esterno,2564,15724,1476,-126,333,-153,73180
2026-05-19 19:59:50,lombar,16756,220,1892,-34,-457,476,369199
2026-05-19 19:59:50,esterno,2388,15820,1924,-86,341,-164,73202
2026-05-19 19:59:50,lombar,16728,204,1780,15,-367,423,369221
2026-05-19 19:59:50,esterno,2288,15664,1372,-141,509,-190,73224
2026-05-19 19:59:50,lombar,16680,176,1844,-44,-478,341,369243
2026-05-19 19:59:50,esterno,2648,15568,1656,-168,255,-237,73246
2026-05-19 19:59:50,lombar,16840,48,1680,63,-411,375,369265
2026-05-19 19:59:50,esterno,2624,15644,1712,58,636,-128,73268
2026-05-19 19:59:50,lombar,16836,200,1756,97,-322,347,369287
2026-05-19 19:59:50,lombar,16744,264,1556,64,-331,395,369309
2026-05-19 19:59:50,esterno,2660,15636,1608,-107,589,-105,73290
2026-05-19 19:59:50,esterno,2284,15792,1896,64,389,-204,73312
2026-05-19 19:59:50,lombar,16644,260,1588,155,-247,476,369331
2026-05-19 19:59:50,esterno,2164,15964,1972,177,279,-176,73334
2026-05-19 19:59:50,lombar,16920,296,1756,173,-191,463,369353
2026-05-19 19:59:50,esterno,2024,16000,2084,308,-74,-50,73356
2026-05-19 19:59:50,lombar,16848,424,1644,150,-192,427,369375
2026-05-19 19:59:50,lombar,16676,176,1620,97,-124,367,369397
2026-05-19 19:59:50,esterno,1972,15928,2060,57,-204,36,73378
2026-05-19 19:59:50,esterno,2056,15808,1956,-412,-372,-99,73400
2026-05-19 19:59:50,lombar,16612,308,1584,-28,-303,416,369419
2026-05-19 19:59:50,esterno,2332,15640,1552,-646,-275,-366,73422
2026-05-19 19:59:50,lombar,16832,212,1656,-63,-348,353,369441
2026-05-19 19:59:50,esterno,2540,15576,1376,-338,-237,-298,73444
2026-05-19 19:59:50,lombar,16652,208,1872,-2,-297,390,369463
2026-05-19 19:59:50,esterno,2684,15652,1400,-154,-238,0,73466
2026-05-19 19:59:50,lombar,16692,132,1908,-134,-559,385,369485
2026-05-19 19:59:50,esterno,2432,15624,1464,-245,-153,130,73488
2026-05-19 19:59:50,lombar,16732,68,1704,-91,-435,455,369507
2026-05-19 19:59:50,esterno,2404,15684,1320,-290,-108,72,73510
2026-05-19 19:59:50,lombar,16772,68,1968,44,-364,386,369529
2026-05-19 19:59:50,esterno,2392,15532,1324,-267,-31,70,73532
2026-05-19 19:59:50,lombar,16764,140,1856,111,-301,404,369551
2026-05-19 19:59:50,esterno,2544,15572,1564,-198,52,181,73554
2026-05-19 19:59:50,lombar,16724,152,1944,84,-244,425,369573
2026-05-19 19:59:50,esterno,2476,15732,1540,-202,90,330,73576
2026-05-19 19:59:50,lombar,16636,196,1828,94,-202,308,369595
2026-05-19 19:59:50,esterno,2328,15700,1524,15,46,319,73598
2026-05-19 19:59:50,lombar,16724,180,1712,58,-279,250,369617
2026-05-19 19:59:50,esterno,2228,15612,1768,53,309,155,73620
2026-05-19 19:59:50,lombar,16692,140,1972,54,-370,265,369639
2026-05-19 19:59:50,esterno,2376,15720,1916,-28,-95,223,73642
2026-05-19 19:59:50,lombar,16780,160,1772,40,-506,328,369661
2026-05-19 19:59:50,lombar,16864,256,1548,189,-368,335,369683
2026-05-19 19:59:50,esterno,2460,15824,1464,-251,-218,325,73664
2026-05-19 19:59:50,esterno,2556,15608,1552,-85,105,288,73686
2026-05-19 19:59:50,lombar,16748,184,1588,186,-316,309,369705
2026-05-19 19:59:50,esterno,2476,15708,1464,-2,401,227,73708
2026-05-19 19:59:50,lombar,16852,224,1524,67,-384,259,369727
2026-05-19 19:59:50,esterno,2580,15864,1616,157,504,193,73730
2026-05-19 19:59:50,lombar,16760,32,1592,111,-475,341,369749
2026-05-19 19:59:50,esterno,2428,15672,1788,160,540,219,73752
2026-05-19 19:59:50,lombar,16740,192,1632,272,-433,386,369771
2026-05-19 19:59:50,esterno,2136,15376,2020,151,291,33,73774
2026-05-19 19:59:50,lombar,16536,276,1836,277,-331,425,369793
2026-05-19 19:59:50,esterno,2472,15712,1196,-255,371,20,73796
2026-05-19 19:59:50,lombar,16872,240,1728,101,-449,354,369815
2026-05-19 19:59:50,esterno,2900,15828,1436,-324,438,40,73818
2026-05-19 19:59:50,lombar,16900,328,1500,-38,-252,300,369837
2026-05-19 19:59:50,esterno,2948,15812,1564,-110,403,37,73840
2026-05-19 19:59:50,lombar,16848,180,1572,15,-506,232,369859
2026-05-19 19:59:50,esterno,2660,15664,1812,-156,437,105,73862
2026-05-19 19:59:50,lombar,16720,116,1612,60,-421,387,369881
2026-05-19 19:59:50,esterno,2392,15656,1820,-297,488,141,73884
2026-05-19 19:59:50,lombar,16740,192,1460,170,-371,396,369903
2026-05-19 19:59:50,esterno,2440,15680,1452,-318,355,114,73906
2026-05-19 19:59:50,lombar,16592,264,1824,188,-344,434,369925
2026-05-19 19:59:50,esterno,2484,15572,1664,-386,294,0,73928
2026-05-19 19:59:51,lombar,16740,284,1724,95,-442,380,369947
2026-05-19 19:59:51,esterno,2660,15644,1772,-218,262,44,73950
2026-05-19 19:59:51,lombar,16680,220,1552,84,-510,409,369969
2026-05-19 19:59:51,esterno,2428,15492,1932,-346,137,116,73972
2026-05-19 19:59:51,lombar,16804,188,1548,42,-448,416,369991
2026-05-19 19:59:51,lombar,16784,268,1552,90,-396,354,370013
2026-05-19 19:59:51,esterno,2432,15796,1784,-266,-154,23,73994
2026-05-19 19:59:51,esterno,2676,15636,1664,-319,-31,2,74016
2026-05-19 19:59:51,lombar,16624,240,1680,58,-410,414,370035
2026-05-19 19:59:51,esterno,2644,15604,1524,-387,-17,-17,74038
2026-05-19 19:59:51,lombar,16788,196,1440,89,-388,399,370057
2026-05-19 19:59:51,esterno,2548,15628,1780,-306,51,32,74060
2026-05-19 19:59:51,lombar,16660,248,1744,10,-367,412,370079
2026-05-19 19:59:51,esterno,2536,15704,1808,-166,-55,142,74082
2026-05-19 19:59:51,lombar,16776,104,1732,13,-354,381,370101
2026-05-19 19:59:51,esterno,2520,15700,1920,-267,-177,180,74104
2026-05-19 19:59:51,lombar,16740,264,1548,19,-278,338,370123
2026-05-19 19:59:51,esterno,2560,15608,1852,-280,-359,217,74126
2026-05-19 19:59:51,lombar,16752,288,1480,-77,-248,288,370145
2026-05-19 19:59:51,esterno,2492,15620,1576,-368,-384,323,74148
2026-05-19 19:59:51,lombar,16792,28,1244,-142,-142,321,370167
2026-05-19 19:59:51,lombar,16952,-204,1572,-40,-109,185,370189
2026-05-19 19:59:51,esterno,2316,15632,1648,-524,-325,327,74170
2026-05-19 19:59:51,esterno,2452,15704,1612,-410,-291,158,74192
2026-05-19 19:59:51,lombar,16936,8,1356,174,-13,245,370211
2026-05-19 19:59:51,esterno,2672,15512,1916,-324,-106,-47,74214
2026-05-19 19:59:51,esterno,2828,15372,1664,-256,86,-93,74236
2026-05-19 19:59:51,lombar,16664,164,1704,118,-132,305,370233
2026-05-19 19:59:51,lombar,16540,172,1368,50,-118,310,370255
2026-05-19 19:59:51,esterno,2964,15712,1340,-234,190,11,74258
2026-05-19 19:59:51,lombar,16616,240,1744,-9,-154,229,370277
2026-05-19 19:59:51,esterno,2760,15768,2240,-254,315,55,74280
2026-05-19 19:59:51,lombar,16820,96,1668,62,-225,231,370299
2026-05-19 19:59:51,esterno,2992,15860,1820,-592,-33,238,74302
2026-05-19 19:59:51,lombar,16800,148,1580,146,-148,228,370321
2026-05-19 19:59:51,lombar,16752,248,1672,193,-111,334,370343
2026-05-19 19:59:51,esterno,2908,15616,1456,-489,427,374,74324
2026-05-19 19:59:51,esterno,2840,15312,1704,-215,860,381,74346
2026-05-19 19:59:51,lombar,16832,424,1556,153,-103,360,370365
2026-05-19 19:59:51,esterno,2556,15816,2068,-141,804,551,74368
2026-05-19 19:59:51,lombar,16996,180,1560,109,17,262,370387
2026-05-19 19:59:51,esterno,2424,15812,2028,-86,619,499,74390
2026-05-19 19:59:51,lombar,16676,80,1628,160,-7,380,370409
2026-05-19 19:59:51,esterno,2364,15572,2068,-330,389,195,74412
2026-05-19 19:59:51,lombar,16684,260,1656,161,-29,488,370431
2026-05-19 19:59:51,esterno,2400,15488,1904,-533,60,71,74434
2026-05-19 19:59:51,lombar,16604,160,1692,43,-36,365,370453
2026-05-19 19:59:51,esterno,2528,15676,1872,-601,-185,336,74456
2026-05-19 19:59:51,lombar,16724,-24,1676,-13,-49,196,370475
2026-05-19 19:59:51,lombar,16900,32,1588,17,-45,257,370497
2026-05-19 19:59:51,esterno,2724,15444,1656,-425,-12,431,74478
2026-05-19 19:59:51,esterno,2644,15596,1776,-320,189,285,74500
2026-05-19 19:59:51,lombar,16872,84,1692,90,-137,285,370519
2026-05-19 19:59:51,esterno,2468,15608,1656,-140,345,166,74522
2026-05-19 19:59:51,lombar,16860,184,1716,156,-36,318,370541
2026-05-19 19:59:51,esterno,2660,15440,2240,-159,456,73,74544
2026-05-19 19:59:51,lombar,16700,96,1720,140,-99,241,370563
2026-05-19 19:59:51,esterno,2768,15584,2136,37,846,232,74566
2026-05-19 19:59:51,lombar,16688,148,1648,143,80,130,370585
2026-05-19 19:59:51,esterno,2668,15664,2268,-107,552,343,74588
2026-05-19 19:59:51,lombar,16736,484,1728,74,112,80,370607
2026-05-19 19:59:51,esterno,2436,15908,2072,43,333,486,74610
2026-05-19 19:59:51,lombar,16772,356,1828,61,73,307,370629
2026-05-19 19:59:51,esterno,2228,15840,2004,-131,11,343,74632
2026-05-19 19:59:51,lombar,16700,372,1976,-42,-144,301,370651
2026-05-19 19:59:51,esterno,2724,15804,1608,-268,-404,118,74654
2026-05-19 19:59:51,lombar,16736,284,1876,-122,-126,319,370673
2026-05-19 19:59:51,esterno,3256,15516,1560,-62,-236,8,74676
2026-05-19 19:59:51,lombar,16520,292,1860,-46,-110,289,370695
2026-05-19 19:59:51,esterno,3316,15584,1540,-157,-10,22,74698
2026-05-19 19:59:51,lombar,16740,248,1972,-68,-207,355,370717
2026-05-19 19:59:51,esterno,3256,15696,1888,-188,166,128,74720
2026-05-19 19:59:51,lombar,16728,84,1860,-12,-287,357,370739
2026-05-19 19:59:51,esterno,3232,15480,1616,-137,438,19,74742
2026-05-19 19:59:51,lombar,16652,72,1916,151,-278,376,370761
2026-05-19 19:59:51,esterno,3424,15392,1660,-59,687,-10,74764
2026-05-19 19:59:51,lombar,16576,168,1980,229,-295,410,370783
2026-05-19 19:59:51,lombar,16784,196,1832,288,-155,369,370805
2026-05-19 19:59:51,esterno,3532,15504,1696,-114,941,230,74786
2026-05-19 19:59:51,esterno,3412,15664,1756,122,1289,546,74808
2026-05-19 19:59:51,lombar,16872,144,1772,418,-53,366,370827
2026-05-19 19:59:51,esterno,2824,15800,1876,486,1446,656,74830
2026-05-19 19:59:51,lombar,16848,128,1684,551,-99,334,370849
2026-05-19 19:59:51,esterno,2592,15764,2116,468,1545,555,74852
2026-05-19 19:59:51,lombar,16932,288,1720,532,88,408,370871
2026-05-19 19:59:51,esterno,2772,15804,2312,425,1596,416,74874
2026-05-19 19:59:51,lombar,16836,240,1644,527,142,370,370893
2026-05-19 19:59:51,esterno,2468,15744,1956,207,1791,278,74896
2026-05-19 19:59:51,lombar,16788,224,1744,333,122,479,370915
2026-05-19 19:59:51,esterno,2564,15744,2540,281,1105,190,74918
2026-05-19 19:59:51,lombar,16864,188,1776,190,59,443,370937
2026-05-19 19:59:52,esterno,2256,15656,2200,107,683,188,74940
2026-05-19 19:59:52,lombar,16792,0,1660,200,122,452,370959
2026-05-19 19:59:52,esterno,2116,15240,1776,80,445,-95,74962
2026-05-19 19:59:52,lombar,16748,88,1828,245,176,446,370981
2026-05-19 19:59:52,esterno,2252,15368,1812,262,261,-299,74984
2026-05-19 19:59:52,lombar,16656,252,1980,112,144,425,371003
2026-05-19 19:59:52,esterno,2468,15544,2060,312,-122,-672,75006
2026-05-19 19:59:52,lombar,16652,508,1984,-84,109,376,371025
2026-05-19 19:59:52,esterno,2756,15304,1832,254,-170,-853,75028
2026-05-19 19:59:52,lombar,16496,380,2164,-390,59,344,371047
2026-05-19 19:59:52,lombar,16592,364,2204,-565,53,296,371069
2026-05-19 19:59:52,esterno,2768,15516,1856,152,-324,-895,75050
2026-05-19 19:59:52,lombar,16568,176,2392,-583,82,270,371091
2026-05-19 19:59:52,esterno,2936,15612,1620,67,-450,-772,75072
2026-05-19 19:59:52,esterno,3128,15620,1556,1,-467,-676,75094
2026-05-19 19:59:52,lombar,16660,88,2092,-468,38,164,371113
2026-05-19 19:59:52,esterno,2952,15588,1544,8,-270,-583,75116
2026-05-19 19:59:52,lombar,16736,64,1796,-234,6,253,371135
2026-05-19 19:59:52,esterno,3140,15828,1568,25,11,-406,75138
2026-05-19 19:59:52,lombar,16832,72,2000,125,28,321,371157
2026-05-19 19:59:52,esterno,3364,15840,1388,39,350,-259,75160
2026-05-19 19:59:52,lombar,16788,188,2232,276,-82,291,371179
2026-05-19 19:59:52,esterno,2988,15808,1580,92,654,-81,75182
2026-05-19 19:59:52,lombar,16660,280,2028,401,-4,302,371201
2026-05-19 19:59:52,lombar,16672,176,1944,235,34,265,371223
2026-05-19 19:59:52,esterno,2780,15684,1432,60,709,42,75204
2026-05-19 19:59:52,esterno,2912,15836,1576,-29,843,180,75226
2026-05-19 19:59:52,lombar,16768,76,2096,267,-12,286,371245
2026-05-19 19:59:52,esterno,2708,15688,1608,-96,950,346,75248
2026-05-19 19:59:52,lombar,16856,28,2184,450,77,258,371267
2026-05-19 19:59:52,esterno,2548,15752,1704,10,789,356,75270
2026-05-19 19:59:52,lombar,16652,132,2036,488,88,327,371289
2026-05-19 19:59:52,esterno,2452,15752,1728,-71,651,356,75292
2026-05-19 19:59:52,lombar,16632,140,2176,339,51,316,371311
2026-05-19 19:59:52,esterno,2456,15604,1644,-135,562,345,75314
2026-05-19 19:59:52,lombar,16648,220,2300,344,-27,262,371333
2026-05-19 19:59:52,esterno,2216,15612,1740,-127,401,311,75336
2026-05-19 19:59:52,lombar,16644,228,2344,345,-29,205,371355
2026-05-19 19:59:52,lombar,16720,440,2348,251,-82,210,371377
2026-05-19 19:59:52,esterno,2344,15688,1716,-114,282,179,75358
2026-05-19 19:59:52,esterno,2404,15676,1700,-85,181,60,75380
2026-05-19 19:59:52,lombar,16752,252,2320,138,-59,265,371399
2026-05-19 19:59:52,lombar,16584,224,2252,35,-35,178,371421
2026-05-19 19:59:52,esterno,2516,15684,1660,-64,52,-44,75402
2026-05-19 19:59:52,esterno,2724,15680,1748,-96,3,-30,75424
2026-05-19 19:59:52,lombar,16808,308,2260,65,-88,234,371443
2026-05-19 19:59:52,esterno,2704,15592,1712,-167,2,-77,75446
2026-05-19 19:59:52,lombar,16816,340,2412,-12,-106,290,371465
2026-05-19 19:59:52,esterno,2676,15660,1588,-143,-12,-123,75468
2026-05-19 19:59:52,lombar,16748,216,2296,-23,-165,269,371487
2026-05-19 19:59:52,lombar,16644,220,2052,21,-148,257,371509
2026-05-19 19:59:52,esterno,2888,15516,1564,-163,-58,-150,75490
2026-05-19 19:59:52,lombar,16556,244,2196,150,-160,220,371531
2026-05-19 19:59:52,esterno,2784,15704,1608,-150,-105,-36,75512
2026-05-19 19:59:52,esterno,2952,15724,1328,-52,261,-22,75534
2026-05-19 19:59:52,lombar,16600,352,2240,181,-291,280,371553
2026-05-19 19:59:52,esterno,2996,15724,1900,-47,-162,-11,75556
2026-05-19 19:59:52,lombar,16736,360,2400,159,-313,411,371575
2026-05-19 19:59:52,esterno,2848,15844,1640,-215,-162,170,75578
2026-05-19 19:59:52,lombar,16852,212,2132,156,-219,207,371597
2026-05-19 19:59:52,esterno,2728,15624,1208,-239,-43,139,75600
2026-05-19 19:59:52,lombar,16692,284,2172,222,-132,261,371619
2026-05-19 19:59:52,esterno,2812,15608,1248,-154,289,109,75622
2026-05-19 19:59:52,lombar,16864,348,2204,167,-337,372,371641
2026-05-19 19:59:52,esterno,2888,15672,1648,-63,327,78,75644
2026-05-19 19:59:52,lombar,16568,376,2412,266,-313,403,371663
2026-05-19 19:59:52,esterno,2816,15552,1568,-41,434,38,75666
2026-05-19 19:59:52,lombar,16700,464,2400,169,-338,481,371685
2026-05-19 19:59:52,esterno,2676,15648,1828,-81,316,9,75688
2026-05-19 19:59:52,lombar,16780,328,2168,151,-207,396,371707
2026-05-19 19:59:52,lombar,16632,100,2332,137,-207,353,371729
2026-05-19 19:59:52,esterno,2700,15832,1676,-148,210,36,75710
2026-05-19 19:59:52,esterno,2624,15604,1576,-185,177,65,75732
2026-05-19 19:59:52,lombar,16768,364,2300,85,-169,402,371751
2026-05-19 19:59:52,esterno,2680,15648,1652,-208,235,8,75754
2026-05-19 19:59:52,lombar,16668,376,2280,78,-150,440,371773
2026-05-19 19:59:52,esterno,2664,15560,1604,-204,198,-103,75776
2026-05-19 19:59:52,lombar,16652,300,2348,-11,-188,452,371795
2026-05-19 19:59:52,esterno,2672,15660,1284,-246,227,-136,75798
2026-05-19 19:59:52,lombar,16788,128,2212,-31,-176,392,371817
2026-05-19 19:59:52,esterno,2740,15620,1812,-262,178,-80,75820
2026-05-19 19:59:52,lombar,16536,236,2332,14,-62,303,371839
2026-05-19 19:59:52,esterno,2516,15484,1500,-337,330,-125,75842
2026-05-19 19:59:52,lombar,16756,176,2168,36,-48,328,371861
2026-05-19 19:59:52,esterno,2892,15576,1852,-213,146,-177,75864
2026-05-19 19:59:52,lombar,16756,292,2464,61,-101,322,371883
2026-05-19 19:59:52,esterno,2716,15616,1740,-218,362,-202,75886
2026-05-19 19:59:52,lombar,16684,228,2464,96,-166,381,371905
2026-05-19 19:59:52,esterno,2660,15632,1640,-213,142,-202,75908
2026-05-19 19:59:52,lombar,16656,144,2180,127,-200,233,371927
2026-05-19 19:59:53,esterno,2576,15704,1864,-195,79,-95,75930
2026-05-19 19:59:53,lombar,16592,132,2404,142,-154,314,371949
2026-05-19 19:59:53,esterno,2760,15656,1772,-259,163,-71,75952
2026-05-19 19:59:53,lombar,16744,304,2368,108,-345,350,371971
2026-05-19 19:59:53,esterno,2580,15612,1544,-184,156,-121,75974
2026-05-19 19:59:53,lombar,16716,360,2188,180,-224,349,371993
2026-05-19 19:59:53,esterno,2676,15652,1880,-140,218,-144,75996
2026-05-19 19:59:53,lombar,16652,396,2180,227,-308,350,372015
2026-05-19 19:59:53,esterno,2716,15700,1712,-163,198,-24,76018
2026-05-19 19:59:53,lombar,16708,396,2264,236,-263,396,372037
2026-05-19 19:59:53,esterno,2712,15760,1716,-129,242,11,76040
2026-05-19 19:59:53,lombar,16760,320,2304,195,-375,418,372059
2026-05-19 19:59:53,esterno,2704,15640,1636,-123,187,-102,76062
2026-05-19 19:59:53,lombar,16676,320,2504,123,-413,484,372081
2026-05-19 19:59:53,esterno,2604,15532,1636,-179,200,-104,76084
2026-05-19 19:59:53,lombar,16664,312,2404,102,-353,401,372103
2026-05-19 19:59:53,esterno,2588,15556,1756,-142,180,-92,76106
2026-05-19 19:59:53,lombar,16588,280,2384,22,-341,350,372125
2026-05-19 19:59:53,esterno,2768,15656,1828,-111,94,-10,76128
2026-05-19 19:59:53,lombar,16736,160,2384,12,-388,409,372147
2026-05-19 19:59:53,esterno,2588,15716,1520,-22,95,-10,76150
2026-05-19 19:59:53,lombar,16680,144,2144,47,-347,374,372169
2026-05-19 19:59:53,esterno,2472,15672,1732,-25,296,-138,76172
2026-05-19 19:59:53,lombar,16780,324,2220,96,-355,373,372191
2026-05-19 19:59:53,esterno,2824,15856,1896,-19,-91,-96,76194
2026-05-19 19:59:53,lombar,16736,200,2264,91,-295,325,372213
2026-05-19 19:59:53,esterno,2568,15644,1604,-164,-220,50,76216
2026-05-19 19:59:53,lombar,16620,248,2428,33,-344,366,372235
2026-05-19 19:59:53,esterno,2368,15592,1520,-165,-85,57,76238
2026-05-19 19:59:53,lombar,16688,348,2248,107,-330,361,372257
2026-05-19 19:59:53,esterno,2500,15744,1672,-130,165,-33,76260
2026-05-19 19:59:53,lombar,16764,392,2340,83,-309,346,372279
2026-05-19 19:59:53,esterno,2620,15744,1752,-32,37,-75,76282
2026-05-19 19:59:53,lombar,16612,212,2132,32,-401,361,372301
2026-05-19 19:59:53,esterno,2548,15772,1592,-34,154,20,76304
2026-05-19 19:59:53,lombar,16776,196,2268,4,-359,398,372323
2026-05-19 19:59:53,esterno,2464,15736,1720,-133,115,101,76326
2026-05-19 19:59:53,lombar,16596,188,2064,-30,-432,278,372345
2026-05-19 19:59:53,esterno,2468,15836,1792,45,-152,200,76348
2026-05-19 19:59:53,lombar,16664,96,2196,26,-431,294,372367
2026-05-19 19:59:53,esterno,2592,15704,1500,233,-19,205,76370
2026-05-19 19:59:53,lombar,16844,148,2212,141,-487,329,372389
2026-05-19 19:59:53,esterno,2704,15556,1612,206,187,85,76392
2026-05-19 19:59:53,lombar,16636,156,2336,225,-510,301,372411
2026-05-19 19:59:53,esterno,2884,15532,1472,143,224,52,76414
2026-05-19 19:59:53,lombar,16600,248,2212,231,-553,192,372433
2026-05-19 19:59:53,esterno,2800,15504,1396,9,383,29,76436
2026-05-19 19:59:53,lombar,16780,276,2368,176,-534,361,372455
2026-05-19 19:59:53,lombar,16628,292,2244,171,-481,301,372477
2026-05-19 19:59:53,esterno,2464,15468,1440,51,588,-46,76458
2026-05-19 19:59:53,esterno,2612,15576,1704,18,552,-215,76480
2026-05-19 19:59:53,lombar,16700,168,2144,66,-516,267,372499
2026-05-19 19:59:53,esterno,3024,15656,1548,167,578,-180,76502
2026-05-19 19:59:53,lombar,16832,336,2048,138,-504,288,372521
2026-05-19 19:59:53,esterno,2740,15664,1968,96,684,-96,76524
2026-05-19 19:59:53,lombar,16872,288,2032,65,-463,349,372543
2026-05-19 19:59:53,esterno,2596,15796,1796,47,374,-157,76546
2026-05-19 19:59:53,lombar,16716,176,1940,76,-440,323,372565
2026-05-19 19:59:53,esterno,2700,15744,1892,57,311,-161,76568
2026-05-19 19:59:53,lombar,16732,276,1888,96,-438,386,372587
2026-05-19 19:59:53,esterno,2620,15616,1836,-16,267,-138,76590
2026-05-19 19:59:53,lombar,16732,292,2048,76,-703,455,372609
2026-05-19 19:59:53,esterno,2684,15676,1612,15,319,-80,76612
2026-05-19 19:59:53,lombar,16640,488,2120,-2,-639,503,372631
2026-05-19 19:59:53,lombar,16632,436,2116,-67,-489,440,372653
2026-05-19 19:59:53,esterno,2608,15648,1588,-8,376,-98,76634
2026-05-19 19:59:53,esterno,2600,15640,1628,-28,238,-40,76656
2026-05-19 19:59:53,lombar,16788,300,1832,-42,-548,439,372675
2026-05-19 19:59:53,esterno,2632,15688,1696,41,251,5,76678
2026-05-19 19:59:53,lombar,16652,236,2192,-28,-487,419,372697
2026-05-19 19:59:53,lombar,16760,224,2076,-37,-452,400,372719
2026-05-19 19:59:53,esterno,2508,15764,1408,8,159,58,76700
2026-05-19 19:59:53,esterno,2624,15620,1476,15,209,35,76722
2026-05-19 19:59:53,lombar,16848,176,2064,-16,-475,393,372741
2026-05-19 19:59:53,esterno,2648,15696,1436,-24,273,-8,76744
2026-05-19 19:59:53,lombar,16720,172,1900,98,-500,355,372763
2026-05-19 19:59:53,esterno,2672,15640,1632,-5,282,-73,76766
2026-05-19 19:59:53,lombar,16552,172,2156,83,-440,457,372785
2026-05-19 19:59:53,lombar,16732,104,2148,104,-552,455,372807
2026-05-19 19:59:53,esterno,2644,15660,1256,212,481,-115,76788
2026-05-19 19:59:53,esterno,2624,15588,1592,156,317,-170,76810
2026-05-19 19:59:53,lombar,16732,236,2032,158,-398,425,372829
2026-05-19 19:59:53,esterno,2508,15612,1612,-22,237,-98,76832
2026-05-19 19:59:53,lombar,16704,156,1896,182,-338,374,372851
2026-05-19 19:59:53,esterno,2512,15636,1228,-65,130,-85,76854
2026-05-19 19:59:53,lombar,16664,228,2196,146,-377,386,372873
2026-05-19 19:59:53,esterno,2380,15704,1396,80,549,-223,76876
2026-05-19 19:59:53,lombar,16816,280,1980,27,-489,438,372895
2026-05-19 19:59:53,esterno,2392,15596,1176,162,618,-270,76898
2026-05-19 19:59:53,lombar,16804,132,2044,75,-397,345,372917
2026-05-19 19:59:53,esterno,2448,15888,1564,262,530,-254,76920
2026-05-19 19:59:53,lombar,16820,148,1976,113,-452,421,372939
2026-05-19 19:59:54,lombar,16688,220,1972,149,-471,467,372961
2026-05-19 19:59:54,esterno,2492,15716,1436,95,581,-258,76942
2026-05-19 19:59:54,esterno,2268,15732,1520,-8,527,-299,76964
2026-05-19 19:59:54,lombar,16708,228,1964,60,-507,438,372983
2026-05-19 19:59:54,esterno,2484,15724,1384,-65,499,-299,76986
2026-05-19 19:59:54,lombar,16664,144,1888,93,-706,414,373005
2026-05-19 19:59:54,esterno,2436,15684,1464,-64,471,-214,77008
2026-05-19 19:59:54,lombar,16692,312,2096,45,-1242,421,373027
2026-05-19 19:59:54,esterno,2540,15740,1436,31,426,-28,77030
2026-05-19 19:59:54,lombar,16868,340,1784,-98,-1172,464,373049
2026-05-19 19:59:54,esterno,2380,15768,1208,44,368,-1,77052
2026-05-19 19:59:54,lombar,16640,204,1716,9,-691,336,373071
2026-05-19 19:59:54,esterno,2344,15676,1420,6,187,51,77074
2026-05-19 19:59:54,lombar,16440,-44,1756,-22,-602,352,373093
2026-05-19 19:59:54,esterno,2364,15684,1156,-102,378,56,77096
2026-05-19 19:59:54,lombar,16796,-104,1792,54,-460,320,373115
2026-05-19 19:59:54,esterno,2544,15732,1412,85,150,115,77118
2026-05-19 19:59:54,lombar,16680,92,1716,153,-422,392,373137
2026-05-19 19:59:54,esterno,2492,15812,1568,67,359,153,77140
2026-05-19 19:59:54,lombar,16668,164,1872,253,-280,398,373159
2026-05-19 19:59:54,esterno,2352,15728,1540,-106,107,17,77162
2026-05-19 19:59:54,lombar,16748,188,1748,219,-243,417,373181
2026-05-19 19:59:54,esterno,2388,15792,1848,59,78,42,77184
2026-05-19 19:59:54,lombar,16712,40,1780,118,-298,407,373203
2026-05-19 19:59:54,lombar,16796,156,1688,194,-289,293,373225
2026-05-19 19:59:54,esterno,2344,15720,1496,-26,178,154,77206
2026-05-19 19:59:54,esterno,2384,15644,1504,-2,162,99,77228
2026-05-19 19:59:54,lombar,16708,192,1664,248,-216,290,373247
2026-05-19 19:59:54,esterno,2608,15720,1440,90,188,47,77250
2026-05-19 19:59:54,lombar,16652,116,1852,183,-240,344,373269
2026-05-19 19:59:54,esterno,2484,15692,1444,44,178,50,77272
2026-05-19 19:59:54,lombar,16804,276,1980,77,-283,360,373291
2026-05-19 19:59:54,esterno,2348,15676,1320,-33,162,53,77294
2026-05-19 19:59:54,lombar,16672,140,1728,86,-267,287,373313
2026-05-19 19:59:54,esterno,2552,15616,1368,-86,208,108,77316
2026-05-19 19:59:54,lombar,16804,260,1772,83,-242,281,373335
2026-05-19 19:59:54,esterno,2584,15632,1288,-180,198,82,77338
2026-05-19 19:59:54,lombar,16724,100,1712,68,-221,243,373357
2026-05-19 19:59:54,esterno,2480,15644,1372,-67,169,79,77360
2026-05-19 19:59:54,lombar,16728,188,1876,96,-202,222,373379
2026-05-19 19:59:54,esterno,2464,15664,1384,73,29,53,77382
2026-05-19 19:59:54,lombar,16780,152,1780,157,-282,296,373401
2026-05-19 19:59:54,esterno,2524,15648,1096,56,335,56,77404
2026-05-19 19:59:54,lombar,16628,240,1860,170,-249,307,373423
2026-05-19 19:59:54,esterno,2500,15812,1808,-104,-318,110,77426
2026-05-19 19:59:54,lombar,16792,176,1756,43,-328,236,373445
2026-05-19 19:59:54,esterno,2608,15748,888,-184,-281,219,77448
2026-05-19 19:59:54,lombar,16796,220,1684,29,-276,361,373467
2026-05-19 19:59:54,esterno,2468,15520,1148,-170,175,11,77470
2026-05-19 19:59:54,lombar,16780,256,1864,114,-270,293,373489
2026-05-19 19:59:54,esterno,2424,15680,1056,-139,303,-78,77492
2026-05-19 19:59:54,lombar,16756,264,1696,66,-193,277,373511
2026-05-19 19:59:54,esterno,2628,15756,1396,-96,203,5,77514
2026-05-19 19:59:54,lombar,16624,80,1712,30,-290,242,373533
2026-05-19 19:59:54,esterno,2592,15792,1272,-155,248,54,77536
2026-05-19 19:59:54,lombar,16912,260,1476,102,-244,368,373555
2026-05-19 19:59:54,esterno,2516,15784,1256,-283,182,-54,77558
2026-05-19 19:59:54,lombar,16792,204,1740,143,-177,340,373577
2026-05-19 19:59:54,esterno,2488,15864,1500,-301,184,-14,77580
2026-05-19 19:59:54,lombar,16716,248,1692,65,-297,354,373599
2026-05-19 19:59:54,esterno,2528,15684,1244,-351,214,25,77602
2026-05-19 19:59:54,lombar,16680,16,1716,5,-255,287,373621
2026-05-19 19:59:54,esterno,2508,15640,1260,-316,250,5,77624
2026-05-19 19:59:54,lombar,16756,36,1996,110,-154,223,373643
2026-05-19 19:59:54,esterno,2604,15860,1340,-326,454,-34,77646
2026-05-19 19:59:54,lombar,16632,136,1712,184,-134,214,373665
2026-05-19 19:59:54,esterno,2480,15796,1648,-404,213,-101,77668
2026-05-19 19:59:54,lombar,16680,212,1760,92,-245,353,373687
2026-05-19 19:59:54,esterno,2316,15788,1568,-492,368,-105,77690
2026-05-19 19:59:54,lombar,16668,48,1848,130,-221,319,373709
2026-05-19 19:59:54,esterno,2540,15564,1260,-619,317,-204,77712
2026-05-19 19:59:54,lombar,16744,-28,1984,308,-50,302,373731
2026-05-19 19:59:54,esterno,2648,15712,1564,-425,409,-178,77734
2026-05-19 19:59:54,lombar,16608,364,1788,268,-193,329,373753
2026-05-19 19:59:54,lombar,16688,332,2008,88,-206,380,373775
2026-05-19 19:59:54,esterno,2468,15752,1544,-525,312,-188,77756
2026-05-19 19:59:54,lombar,16704,120,2016,67,-176,350,373797
2026-05-19 19:59:54,esterno,2408,15812,1608,-413,96,-176,77778
2026-05-19 19:59:54,esterno,2504,15736,1416,-348,244,-69,77800
2026-05-19 19:59:54,lombar,16844,120,1696,87,-190,348,373819
2026-05-19 19:59:54,esterno,2516,15812,1436,-348,237,-101,77822
2026-05-19 19:59:54,lombar,16868,256,1928,99,-262,416,373841
2026-05-19 19:59:54,esterno,2440,15696,1692,-301,164,-137,77844
2026-05-19 19:59:54,lombar,16696,300,1768,58,-292,389,373863
2026-05-19 19:59:54,esterno,2400,15672,1608,-353,192,-119,77866
2026-05-19 19:59:54,lombar,16728,268,1904,85,-282,362,373885
2026-05-19 19:59:54,esterno,2488,15736,1628,-362,198,-47,77888
2026-05-19 19:59:54,lombar,16756,224,1772,79,-347,430,373907
2026-05-19 19:59:54,esterno,2384,15668,1488,-449,184,4,77910
2026-05-19 19:59:54,lombar,16712,104,1840,17,-339,396,373929
2026-05-19 19:59:54,esterno,2556,15600,1632,-415,172,-43,77932
2026-05-19 19:59:55,lombar,16800,200,1704,31,-308,347,373951
2026-05-19 19:59:55,esterno,2332,15732,1824,-401,106,-72,77954
2026-05-19 19:59:55,lombar,16788,108,1844,69,-294,332,373973
2026-05-19 19:59:55,esterno,2484,15600,1692,-349,106,-25,77976
2026-05-19 19:59:55,lombar,16760,116,1944,43,-285,413,373995
2026-05-19 19:59:55,esterno,2260,15676,1656,-190,219,-37,77998
2026-05-19 19:59:55,lombar,16784,180,1860,15,-262,358,374017
2026-05-19 19:59:55,esterno,2604,15856,1876,-189,-211,26,78020
2026-05-19 19:59:55,lombar,16812,28,1812,-25,-246,333,374039
2026-05-19 19:59:55,esterno,2432,15596,1556,-358,-319,76,78042
2026-05-19 19:59:55,lombar,16700,88,1752,122,-105,301,374061
2026-05-19 19:59:55,lombar,16824,252,1836,154,-159,400,374083
2026-05-19 19:59:55,esterno,2308,15444,1400,-281,36,-102,78064
2026-05-19 19:59:55,esterno,2484,15744,1512,-278,213,-135,78086
2026-05-19 19:59:55,lombar,16704,276,1856,173,-230,352,374105
2026-05-19 19:59:55,esterno,2584,15692,1676,-117,71,-25,78108
2026-05-19 19:59:55,lombar,16800,236,1964,64,-302,439,374127
2026-05-19 19:59:55,esterno,2288,15664,1644,-158,183,-30,78130
2026-05-19 19:59:55,lombar,16800,220,1896,73,-209,410,374149
2026-05-19 19:59:55,esterno,2252,15672,1828,-172,75,-124,78152
2026-05-19 19:59:55,lombar,16740,48,1712,28,-132,324,374171
2026-05-19 19:59:55,esterno,2276,15732,1664,-249,8,-29,78174
2026-05-19 19:59:55,lombar,16800,-32,1864,113,-85,338,374193
2026-05-19 19:59:55,esterno,2356,15768,1544,-309,-32,95,78196
2026-05-19 19:59:55,lombar,16704,48,1916,89,-31,230,374215
2026-05-19 19:59:55,esterno,2384,15580,1524,-233,49,61,78218
2026-05-19 19:59:55,lombar,16780,172,1916,154,-166,317,374237
2026-05-19 19:59:55,esterno,2320,15728,1464,-192,60,-7,78240
2026-05-19 19:59:55,lombar,16756,64,1720,101,-219,379,374259
2026-05-19 19:59:55,esterno,2420,15804,1864,-315,68,4,78262
2026-05-19 19:59:55,lombar,16652,132,1892,175,-231,295,374281
2026-05-19 19:59:55,esterno,2176,15744,1540,-345,301,0,78284
2026-05-19 19:59:55,lombar,16756,76,1900,162,-191,268,374303
2026-05-19 19:59:55,esterno,2284,15704,1828,-310,-68,-22,78306
2026-05-19 19:59:55,lombar,16672,216,1964,157,-137,250,374325
2026-05-19 19:59:55,esterno,2436,15808,1804,-219,109,-9,78328
2026-05-19 19:59:55,lombar,16788,272,1948,164,-216,388,374347
2026-05-19 19:59:55,esterno,2360,15712,1700,-240,26,9,78350
2026-05-19 19:59:55,lombar,16732,172,1740,137,-106,369,374369
2026-05-19 19:59:55,esterno,2516,15776,1676,-171,-165,-1,78372
2026-05-19 19:59:55,lombar,16688,164,2076,-11,-278,290,374391
2026-05-19 19:59:55,esterno,2528,15820,1656,-179,-101,39,78394
2026-05-19 19:59:55,lombar,16744,156,1788,65,-186,323,374413
2026-05-19 19:59:55,esterno,2424,15732,1840,-264,-131,59,78416
2026-05-19 19:59:55,lombar,16784,296,1872,78,-155,321,374435
2026-05-19 19:59:55,esterno,2308,15652,1688,-179,-76,-10,78438
2026-05-19 19:59:55,lombar,16792,292,1780,-22,-249,323,374457
2026-05-19 19:59:55,esterno,2528,15676,1628,-112,-13,-25,78460
2026-05-19 19:59:55,lombar,16692,128,1912,63,-214,333,374479
2026-05-19 19:59:55,esterno,2552,15636,1672,-118,-17,35,78482
2026-05-19 19:59:55,lombar,16784,140,1912,10,-251,318,374501
2026-05-19 19:59:55,esterno,2424,15720,1692,-159,-28,48,78504
2026-05-19 19:59:55,lombar,16720,164,1820,16,-243,322,374523
2026-05-19 19:59:55,esterno,2528,15720,1884,-201,-27,9,78526
2026-05-19 19:59:55,lombar,16728,136,1824,65,-310,392,374545
2026-05-19 19:59:55,esterno,2400,15668,1864,-209,-164,-26,78548
2026-05-19 19:59:55,lombar,16756,112,1856,109,-250,393,374567
2026-05-19 19:59:55,esterno,2452,15524,1556,-92,-75,-16,78570
2026-05-19 19:59:55,lombar,16656,192,2100,59,-254,426,374589
2026-05-19 19:59:55,lombar,16776,240,1872,60,-145,363,374611
2026-05-19 19:59:55,esterno,2304,15536,1852,-8,98,-41,78592
2026-05-19 19:59:55,esterno,2692,15852,1936,-51,-347,83,78614
2026-05-19 19:59:55,lombar,16784,148,1976,68,-156,327,374633
2026-05-19 19:59:55,esterno,2380,15592,1728,-237,-411,145,78636
2026-05-19 19:59:55,lombar,16796,96,1888,64,-76,333,374655
2026-05-19 19:59:55,esterno,2380,15476,1428,-169,-74,-23,78658
2026-05-19 19:59:55,lombar,16772,196,1828,98,-125,344,374677
2026-05-19 19:59:55,lombar,16628,140,1880,164,-116,332,374699
2026-05-19 19:59:55,esterno,2588,15612,1656,-111,231,-31,78680
2026-05-19 19:59:55,esterno,2592,15792,1756,32,200,-47,78702
2026-05-19 19:59:55,lombar,16780,228,2032,67,-191,323,374721
2026-05-19 19:59:55,esterno,2376,15740,1760,50,321,-60,78724
2026-05-19 19:59:55,lombar,16680,144,1816,115,-190,423,374743
2026-05-19 19:59:55,esterno,2368,15740,1800,-38,254,-124,78746
2026-05-19 19:59:55,lombar,16664,-68,1980,99,-173,324,374765
2026-05-19 19:59:55,esterno,2280,15700,1664,-129,189,-117,78768
2026-05-19 19:59:55,lombar,16804,68,2012,104,-222,316,374787
2026-05-19 19:59:55,esterno,2320,15612,1532,-113,215,-101,78790
2026-05-19 19:59:55,lombar,16796,144,1992,113,-206,327,374809
2026-05-19 19:59:55,esterno,2420,15684,1616,-69,290,-144,78812
2026-05-19 19:59:55,lombar,16780,72,1828,103,-251,345,374831
2026-05-19 19:59:55,esterno,2416,15672,1628,-91,253,-196,78834
2026-05-19 19:59:55,lombar,16760,160,1940,81,-212,414,374853
2026-05-19 19:59:55,esterno,2380,15764,1744,-194,268,-151,78856
2026-05-19 19:59:55,lombar,16664,248,2132,155,-116,357,374875
2026-05-19 19:59:55,esterno,2176,15712,1448,-147,449,-104,78878
2026-05-19 19:59:55,lombar,16784,108,2004,108,-190,333,374897
2026-05-19 19:59:55,esterno,2364,15672,1748,-163,169,-135,78900
2026-05-19 19:59:55,lombar,16708,152,2080,160,-126,337,374919
2026-05-19 19:59:55,esterno,2572,15684,1912,-85,322,-67,78922
2026-05-19 19:59:55,lombar,16732,284,2108,163,-162,320,374941
2026-05-19 19:59:56,lombar,16684,160,2044,87,-146,334,374963
2026-05-19 19:59:56,esterno,2316,15724,1716,-186,229,-24,78944
2026-05-19 19:59:56,esterno,2224,15848,1888,-74,19,3,78966
2026-05-19 19:59:56,lombar,16728,36,1852,44,-168,249,374985
2026-05-19 19:59:56,esterno,2316,15768,1772,-146,46,150,78988
2026-05-19 19:59:56,lombar,16648,132,1908,135,-150,296,375007
2026-05-19 19:59:56,esterno,2364,15728,1660,-205,16,127,79010
2026-05-19 19:59:56,lombar,16716,172,1924,79,-246,311,375029
2026-05-19 19:59:56,esterno,2496,15864,1824,-145,36,86,79032
2026-05-19 19:59:56,lombar,16688,148,2012,42,-221,317,375051
2026-05-19 19:59:56,esterno,2540,15676,1564,-135,84,94,79054
2026-05-19 19:59:56,lombar,16772,220,2008,90,-221,342,375073
2026-05-19 19:59:56,esterno,2432,15712,1560,-132,152,143,79076
2026-05-19 19:59:56,lombar,16788,92,1972,60,-204,262,375095
2026-05-19 19:59:56,esterno,2452,15816,1632,-156,162,151,79098
2026-05-19 19:59:56,lombar,16720,64,2096,69,-213,312,375117
2026-05-19 19:59:56,esterno,2432,15744,1584,-190,118,62,79120
2026-05-19 19:59:56,lombar,16816,176,2064,114,-227,316,375139
2026-05-19 19:59:56,esterno,2356,15684,1800,-158,20,62,79142
2026-05-19 19:59:56,lombar,16648,84,2064,149,-234,355,375161
2026-05-19 19:59:56,esterno,2328,15628,1504,-27,119,13,79164
2026-05-19 19:59:56,lombar,16664,60,2132,64,-312,363,375183
2026-05-19 19:59:56,esterno,2336,15612,1864,-13,107,29,79186
2026-05-19 19:59:56,lombar,16672,300,2072,80,-304,334,375205
2026-05-19 19:59:56,esterno,2532,15868,1744,-92,-163,81,79208
2026-05-19 19:59:56,lombar,16800,168,1868,114,-249,265,375227
2026-05-19 19:59:56,esterno,2364,15616,1484,-199,-202,93,79230
2026-05-19 19:59:56,lombar,16592,76,1940,80,-249,355,375249
2026-05-19 19:59:56,esterno,2344,15576,1484,-170,107,-35,79252
2026-05-19 19:59:56,lombar,16876,312,1968,101,-253,295,375271
2026-05-19 19:59:56,esterno,2512,15724,1692,-163,303,-2,79274
2026-05-19 19:59:56,lombar,16624,168,2160,96,-247,367,375293
2026-05-19 19:59:56,esterno,2540,15704,1616,-14,231,-29,79296
2026-05-19 19:59:56,lombar,16676,132,1964,80,-265,279,375315
2026-05-19 19:59:56,esterno,2436,15736,1852,-22,279,-18,79318
2026-05-19 19:59:56,lombar,16708,172,2012,55,-269,377,375337
2026-05-19 19:59:56,esterno,2368,15696,1828,-94,245,-28,79340
2026-05-19 19:59:56,lombar,16724,72,1884,86,-213,314,375359
2026-05-19 19:59:56,esterno,2492,15620,1692,-120,225,2,79362
2026-05-19 19:59:56,lombar,16716,244,2036,41,-268,321,375381
2026-05-19 19:59:56,esterno,2388,15548,1588,-121,257,-17,79384
2026-05-19 19:59:56,lombar,16656,96,2032,85,-255,304,375403
2026-05-19 19:59:56,esterno,2308,15656,1608,-130,292,-40,79406
2026-05-19 19:59:56,lombar,16732,172,2164,110,-313,350,375425
2026-05-19 19:59:56,esterno,2464,15632,1436,-171,295,-65,79428
2026-05-19 19:59:56,lombar,16816,168,1928,124,-241,361,375447
2026-05-19 19:59:56,esterno,2304,15596,1712,-192,289,-31,79450
2026-05-19 19:59:56,lombar,16856,256,2188,97,-230,348,375469
2026-05-19 19:59:56,esterno,2312,15608,1492,-190,429,-49,79472
2026-05-19 19:59:56,lombar,16708,128,2052,47,-286,326,375491
2026-05-19 19:59:56,esterno,2480,15584,1692,-140,132,-42,79494
2026-05-19 19:59:56,lombar,16764,216,2228,112,-278,303,375513
2026-05-19 19:59:56,esterno,2556,15564,1744,-75,415,-16,79516
2026-05-19 19:59:56,lombar,16732,140,2028,102,-327,383,375535
2026-05-19 19:59:56,esterno,2332,15648,1868,-67,179,-26,79538
2026-05-19 19:59:56,lombar,16704,164,2036,72,-161,385,375557
2026-05-19 19:59:56,esterno,2452,15796,1904,7,60,73,79560
2026-05-19 19:59:56,lombar,16712,132,1836,67,-87,303,375579
2026-05-19 19:59:56,esterno,2476,15684,1720,-59,89,141,79582
2026-05-19 19:59:56,lombar,16820,160,2008,158,-152,317,375601
2026-05-19 19:59:56,lombar,16784,220,2128,94,-192,401,375623
2026-05-19 19:59:56,esterno,2436,15844,1748,-95,62,131,79604
2026-05-19 19:59:56,esterno,2336,15732,1524,-110,65,56,79626
2026-05-19 19:59:56,lombar,16664,196,2032,106,-163,343,375645
2026-05-19 19:59:56,esterno,2404,15676,1576,-24,90,14,79648
2026-05-19 19:59:56,lombar,16652,108,1852,54,-190,308,375667
2026-05-19 19:59:56,esterno,2436,15692,1720,-8,83,75,79670
2026-05-19 19:59:56,lombar,16712,72,2032,41,-136,328,375689
2026-05-19 19:59:56,esterno,2544,15652,1736,-59,71,73,79692
2026-05-19 19:59:56,lombar,16732,72,2020,69,-213,326,375711
2026-05-19 19:59:56,esterno,2444,15704,1816,-84,66,24,79714
2026-05-19 19:59:56,lombar,16684,32,2048,88,-247,346,375733
2026-05-19 19:59:56,esterno,2424,15752,1788,-64,-22,8,79736
2026-05-19 19:59:56,lombar,16840,108,2024,118,-189,344,375755
2026-05-19 19:59:56,esterno,2380,15624,1444,-18,18,72,79758
2026-05-19 19:59:56,lombar,16664,80,2100,89,-241,298,375777
2026-05-19 19:59:56,esterno,2220,15700,1896,61,103,-10,79780
2026-05-19 19:59:56,lombar,16676,248,2100,68,-241,343,375799
2026-05-19 19:59:56,esterno,2660,15848,1780,87,-229,99,79802
2026-05-19 19:59:56,lombar,16752,56,2012,-12,-243,327,375821
2026-05-19 19:59:56,esterno,2420,15696,1320,-43,-235,123,79824
2026-05-19 19:59:56,lombar,16644,120,2308,0,-254,351,375843
2026-05-19 19:59:56,esterno,2404,15556,1452,19,19,33,79846
2026-05-19 19:59:56,lombar,16668,220,2132,84,-259,239,375865
2026-05-19 19:59:56,esterno,2440,15688,1452,62,254,55,79868
2026-05-19 19:59:56,lombar,16744,248,2012,48,-195,321,375887
2026-05-19 19:59:56,esterno,2604,15760,1492,118,209,-7,79890
2026-05-19 19:59:56,lombar,16816,160,2108,-10,-309,349,375909
2026-05-19 19:59:56,esterno,2560,15736,1408,70,400,-33,79912
2026-05-19 19:59:56,lombar,16832,200,2068,99,-211,433,375931
2026-05-19 19:59:57,esterno,2280,15832,1724,-10,352,-97,79934
2026-05-19 19:59:57,lombar,16676,144,2016,95,-222,289,375953
2026-05-19 19:59:57,esterno,2476,15764,1672,-97,338,-18,79956
2026-05-19 19:59:57,lombar,16784,216,2040,18,-296,284,375975
2026-05-19 19:59:57,esterno,2508,15724,1476,-133,331,8,79978
2026-05-19 19:59:57,lombar,16700,76,2096,100,-243,341,375997
2026-05-19 19:59:57,esterno,2508,15668,1552,-142,370,-15,80000
2026-05-19 19:59:57,lombar,16744,68,2256,136,-232,299,376019
2026-05-19 19:59:57,esterno,2472,15752,1576,-157,383,-49,80022
2026-05-19 19:59:57,lombar,16732,100,2080,84,-288,227,376041
2026-05-19 19:59:57,esterno,2420,15768,1716,-296,474,-6,80044
2026-05-19 19:59:57,lombar,16688,104,1892,56,-272,145,376063
2026-05-19 19:59:57,esterno,2192,15808,1396,-317,611,-67,80066
2026-05-19 19:59:57,lombar,16784,96,1968,2,-563,295,376085
2026-05-19 19:59:57,esterno,2440,15620,1540,-260,341,-185,80088
2026-05-19 19:59:57,lombar,16704,12,2184,169,-486,310,376107
2026-05-19 19:59:57,lombar,16700,364,2028,253,-373,387,376129
2026-05-19 19:59:57,esterno,2544,15764,1632,-191,557,-158,80110
2026-05-19 19:59:57,esterno,2436,15716,1776,-315,361,-97,80132
2026-05-19 19:59:57,lombar,16728,172,2016,88,-437,322,376151
2026-05-19 19:59:57,esterno,2356,15752,1760,-193,211,9,80154
2026-05-19 19:59:57,lombar,16772,124,2024,58,-422,295,376173
2026-05-19 19:59:57,esterno,2528,15780,1528,-249,202,-6,80176
2026-05-19 19:59:57,lombar,16640,172,2116,160,-390,344,376195
2026-05-19 19:59:57,esterno,2384,15600,1580,-262,145,-79,80198
2026-05-19 19:59:57,lombar,16684,280,2100,162,-339,284,376217
2026-05-19 19:59:57,esterno,2488,15668,1556,-170,166,-52,80220
2026-05-19 19:59:57,lombar,16672,336,2020,123,-403,336,376239
2026-05-19 19:59:57,esterno,2492,15712,1596,-174,215,-31,80242
2026-05-19 19:59:57,lombar,16744,228,1848,107,-440,398,376261
2026-05-19 19:59:57,esterno,2460,15620,1600,-140,223,28,80264
2026-05-19 19:59:57,lombar,16724,228,2040,126,-482,372,376283
2026-05-19 19:59:57,lombar,16712,128,1896,49,-569,391,376305
2026-05-19 19:59:57,esterno,2432,15716,1728,-153,215,14,80286
2026-05-19 19:59:57,esterno,2428,15656,1868,-196,180,-32,80308
2026-05-19 19:59:57,lombar,16820,108,1880,94,-486,442,376327
2026-05-19 19:59:57,esterno,2396,15736,1716,-183,160,-69,80330
2026-05-19 19:59:57,lombar,16788,164,1948,123,-453,460,376349
2026-05-19 19:59:57,esterno,2424,15732,1776,-214,126,-7,80352
2026-05-19 19:59:57,lombar,16688,24,1884,124,-442,368,376371
2026-05-19 19:59:57,esterno,2496,15544,1496,-26,217,35,80374
2026-05-19 19:59:57,lombar,16716,68,1964,110,-522,413,376393
2026-05-19 19:59:57,esterno,2428,15692,1948,51,137,-84,80396
2026-05-19 19:59:57,lombar,16772,156,1996,133,-412,440,376415
2026-05-19 19:59:57,lombar,16700,4,1908,161,-390,341,376437
2026-05-19 19:59:57,esterno,2520,15940,1608,-44,-49,-35,80418
2026-05-19 19:59:57,esterno,2224,15552,1284,-127,-124,21,80440
2026-05-19 19:59:57,lombar,16648,228,1980,165,-291,385,376459
2026-05-19 19:59:57,esterno,2516,15540,1588,16,334,-16,80462
2026-05-19 19:59:57,lombar,16916,256,2004,141,-379,405,376481
2026-05-19 19:59:57,esterno,2276,15616,1612,64,474,-124,80484
2026-05-19 19:59:57,lombar,16796,212,1964,97,-420,393,376503
2026-05-19 19:59:57,esterno,2556,15868,1648,181,426,-176,80506
2026-05-19 19:59:57,lombar,16732,128,1880,97,-425,394,376525
2026-05-19 19:59:57,esterno,2392,15748,1560,29,542,-123,80528
2026-05-19 19:59:57,lombar,16636,152,1732,139,-379,419,376547
2026-05-19 19:59:57,esterno,2272,15748,1652,-65,461,-87,80550
2026-05-19 19:59:57,lombar,16708,40,1864,54,-301,352,376569
2026-05-19 19:59:57,esterno,2276,15704,1680,-104,421,-85,80572
2026-05-19 19:59:57,lombar,16764,32,2000,100,-386,344,376591
2026-05-19 19:59:57,esterno,2340,15612,1536,-151,448,-211,80594
2026-05-19 19:59:57,lombar,16632,84,1800,144,-376,404,376613
2026-05-19 19:59:57,esterno,2332,15692,1684,-53,459,-182,80616
2026-05-19 19:59:57,lombar,16668,152,1608,145,-404,370,376635
2026-05-19 19:59:57,esterno,2456,15704,1320,-67,433,-89,80638
2026-05-19 19:59:57,lombar,16704,136,1912,90,-368,371,376657
2026-05-19 19:59:57,esterno,2256,15720,1672,-113,289,-30,80660
2026-05-19 19:59:57,lombar,16852,92,1996,137,-358,394,376679
2026-05-19 19:59:57,esterno,2160,15684,1376,-255,402,-145,80682
2026-05-19 19:59:57,lombar,16732,144,1864,171,-290,288,376701
2026-05-19 19:59:57,esterno,2532,15604,1564,-82,153,-132,80704
2026-05-19 19:59:57,lombar,16748,164,1980,109,-443,352,376723
2026-05-19 19:59:57,lombar,16644,64,1924,67,-536,378,376745
2026-05-19 19:59:57,esterno,2372,15864,1528,-169,314,-67,80726
2026-05-19 19:59:57,esterno,2312,15804,1564,-244,-54,-19,80748
2026-05-19 19:59:57,lombar,16760,60,1648,69,-586,241,376767
2026-05-19 19:59:57,esterno,2372,15860,1592,-215,31,61,80770
2026-05-19 19:59:57,lombar,16672,164,1596,77,-493,299,376789
2026-05-19 19:59:57,esterno,2212,15728,1624,-383,114,8,80792
2026-05-19 19:59:57,lombar,16688,176,1900,138,-537,387,376811
2026-05-19 19:59:57,esterno,2288,15880,1632,-411,167,-83,80814
2026-05-19 19:59:57,lombar,16684,216,1888,172,-604,385,376833
2026-05-19 19:59:57,esterno,2264,15668,1660,-355,204,-26,80836
2026-05-19 19:59:57,lombar,16652,140,1872,68,-594,400,376855
2026-05-19 19:59:57,esterno,2300,15752,1528,-390,197,55,80858
2026-05-19 19:59:57,lombar,16684,92,1852,103,-543,366,376877
2026-05-19 19:59:57,esterno,2320,15656,1488,-392,150,66,80880
2026-05-19 19:59:57,esterno,2212,15704,1500,-429,153,-25,80902
2026-05-19 19:59:57,lombar,16720,244,1704,123,-473,356,376899
2026-05-19 19:59:57,lombar,16684,108,1864,92,-521,390,376921
2026-05-19 19:59:57,lombar,16780,96,1688,136,-557,418,376943
2026-05-19 19:59:58,esterno,2228,15652,1736,-440,107,-42,80924
2026-05-19 19:59:58,esterno,2404,15788,1700,-544,126,43,80946
2026-05-19 19:59:58,lombar,16788,176,1840,142,-611,400,376965
2026-05-19 19:59:58,esterno,2172,15780,1828,-496,64,79,80968
2026-05-19 19:59:58,lombar,16564,136,1640,112,-683,372,376987
2026-05-19 19:59:58,esterno,2192,15528,1552,-461,257,6,80990
2026-05-19 19:59:58,lombar,16672,100,1556,104,-647,482,377009
2026-05-19 19:59:58,esterno,2276,15848,2120,-667,-194,15,81012
2026-05-19 19:59:58,lombar,16832,-44,1628,96,-643,308,377031
2026-05-19 19:59:58,lombar,16696,184,1744,91,-669,445,377053
2026-05-19 19:59:58,esterno,2228,15764,1412,-675,-373,249,81034
2026-05-19 19:59:58,esterno,2320,15396,1472,-592,149,118,81056
2026-05-19 19:59:58,lombar,16752,200,1624,142,-622,405,377075
2026-05-19 19:59:58,esterno,2292,15592,1668,-559,343,-16,81078
2026-05-19 19:59:58,lombar,16860,228,1628,86,-614,402,377097
2026-05-19 19:59:58,esterno,2380,15732,1992,-441,185,-101,81100
2026-05-19 19:59:58,lombar,16804,-12,1532,121,-608,379,377119
2026-05-19 19:59:58,esterno,2440,15676,1748,-433,302,-50,81122
2026-05-19 19:59:58,lombar,16912,88,1292,143,-494,462,377141
2026-05-19 19:59:58,lombar,16664,204,1472,136,-459,456,377163
2026-05-19 19:59:58,esterno,2220,15532,1968,-518,205,-38,81144
2026-05-19 19:59:58,esterno,2200,15592,2024,-504,117,8,81166
2026-05-19 19:59:58,lombar,16760,16,1484,15,-433,390,377185
2026-05-19 19:59:58,esterno,2296,15532,1892,-545,83,-69,81188
2026-05-19 19:59:58,lombar,16868,36,1436,97,-454,389,377207
2026-05-19 19:59:58,esterno,2424,15544,2064,-529,194,-63,81210
2026-05-19 19:59:58,lombar,16700,88,1500,109,-429,389,377229
2026-05-19 19:59:58,esterno,2284,15636,2120,-505,219,-11,81232
2026-05-19 19:59:58,lombar,16816,24,1472,102,-390,383,377251
2026-05-19 19:59:58,esterno,2316,15608,2264,-597,101,55,81254
2026-05-19 19:59:58,lombar,16916,124,1512,53,-496,393,377273
2026-05-19 19:59:58,esterno,2220,15600,2120,-529,232,-32,81276
2026-05-19 19:59:58,lombar,16840,20,1292,86,-368,359,377295
2026-05-19 19:59:58,esterno,2236,15512,2204,-543,-2,-141,81298
2026-05-19 19:59:58,lombar,16732,-136,1504,93,-231,302,377317
2026-05-19 19:59:58,esterno,2484,15636,2204,-409,139,-49,81320
2026-05-19 19:59:58,lombar,16832,132,1520,174,-384,390,377339
2026-05-19 19:59:58,lombar,16752,156,1540,157,-326,342,377361
2026-05-19 19:59:58,esterno,2348,15584,2264,-461,109,7,81342
2026-05-19 19:59:58,esterno,2204,15624,2204,-354,-132,-22,81364
2026-05-19 19:59:58,lombar,16744,56,1620,50,-270,312,377383
2026-05-19 19:59:58,esterno,2336,15516,2208,-276,-17,-61,81386
2026-05-19 19:59:58,lombar,16872,72,1316,82,-187,297,377405
2026-05-19 19:59:58,esterno,2444,15624,2092,-258,25,-60,81408
2026-05-19 19:59:58,lombar,16784,116,1476,119,-218,315,377427
2026-05-19 19:59:58,lombar,16764,152,1344,46,-216,305,377449
2026-05-19 19:59:58,esterno,2316,15692,2176,-165,37,-18,81430
2026-05-19 19:59:58,esterno,2276,15676,2144,-142,55,-6,81452
2026-05-19 19:59:58,lombar,16712,36,1352,111,-157,262,377471
2026-05-19 19:59:58,esterno,2424,15600,2212,-122,92,-41,81474
2026-05-19 19:59:58,lombar,16800,72,1584,116,-121,274,377493
2026-05-19 19:59:58,esterno,2424,15600,2024,-99,188,-82,81496
2026-05-19 19:59:58,lombar,16796,292,1688,104,-167,354,377515
2026-05-19 19:59:58,esterno,2468,15500,2028,-93,249,-110,81518
2026-05-19 19:59:58,lombar,16868,76,1464,96,-118,317,377537
2026-05-19 19:59:58,esterno,2376,15632,2216,-65,246,-95,81540
2026-05-19 19:59:58,lombar,16808,-44,1484,139,15,321,377559
2026-05-19 19:59:58,esterno,2312,15732,2428,-52,105,-26,81562
2026-05-19 19:59:58,lombar,16780,0,1712,85,-87,379,377581
2026-05-19 19:59:58,esterno,2160,15732,2424,143,202,-125,81584
2026-05-19 19:59:58,lombar,16748,60,1712,71,-127,404,377603
2026-05-19 19:59:58,esterno,1908,15716,2440,132,203,-229,81606
2026-05-19 19:59:58,lombar,16752,180,1668,114,-64,359,377625
2026-05-19 19:59:58,esterno,2392,15996,2248,78,-376,-50,81628
2026-05-19 19:59:58,lombar,16740,108,1372,63,87,304,377647
2026-05-19 19:59:58,esterno,2144,15472,1964,-118,-449,70,81650
2026-05-19 19:59:58,lombar,16648,72,1540,53,123,390,377669
2026-05-19 19:59:58,esterno,2124,15380,1688,-75,-107,-83,81672
2026-05-19 19:59:58,lombar,16768,168,1600,36,-30,373,377691
2026-05-19 19:59:58,esterno,2292,15612,2092,-10,97,-150,81694
2026-05-19 19:59:58,lombar,16736,116,1572,4,-81,388,377713
2026-05-19 19:59:58,esterno,2484,15716,1816,81,140,-91,81716
2026-05-19 19:59:58,lombar,16760,172,1596,-6,-63,337,377735
2026-05-19 19:59:58,esterno,2324,15704,2020,68,283,-1,81738
2026-05-19 19:59:58,lombar,16700,-4,1504,31,18,333,377757
2026-05-19 19:59:58,esterno,2256,15728,2216,65,191,33,81760
2026-05-19 19:59:58,lombar,16720,-76,1600,5,64,278,377779
2026-05-19 19:59:58,esterno,2268,15820,2052,-53,171,48,81782
2026-05-19 19:59:58,lombar,16872,-24,1548,46,5,301,377801
2026-05-19 19:59:58,lombar,16796,-20,1604,85,52,282,377823
2026-05-19 19:59:58,esterno,2388,15604,1904,-101,307,13,81804
2026-05-19 19:59:58,esterno,2196,15612,1920,-116,289,18,81826
2026-05-19 19:59:58,lombar,16820,-8,1944,122,6,312,377845
2026-05-19 19:59:58,esterno,2068,15708,1916,-154,261,27,81848
2026-05-19 19:59:58,lombar,16792,4,1848,103,-3,263,377867
2026-05-19 19:59:58,esterno,2256,15456,1880,-111,563,-43,81870
2026-05-19 19:59:58,lombar,16632,40,1796,159,-53,233,377889
2026-05-19 19:59:58,esterno,1828,15448,1732,-150,933,-208,81892
2026-05-19 19:59:58,lombar,16652,-20,1728,118,-118,158,377911
2026-05-19 19:59:58,esterno,2024,15716,2288,-131,350,-202,81914
2026-05-19 19:59:58,lombar,16736,24,1672,38,-276,183,377933
2026-05-19 19:59:59,esterno,1836,15676,2384,57,250,-109,81936
2026-05-19 19:59:59,lombar,16828,252,1976,58,-489,204,377955
2026-05-19 19:59:59,lombar,16816,324,1540,-43,-467,182,377977
2026-05-19 19:59:59,esterno,1708,15624,2400,195,-365,-107,81958
2026-05-19 19:59:59,esterno,1896,15752,2608,197,-755,-116,81980
2026-05-19 19:59:59,lombar,16760,92,1472,-303,-337,128,377999
2026-05-19 19:59:59,esterno,1996,15744,2340,24,-983,-29,82002
2026-05-19 19:59:59,lombar,16832,148,1416,-269,-16,7,378021
2026-05-19 19:59:59,esterno,2552,15728,2028,-251,-864,2,82024
2026-05-19 19:59:59,lombar,16856,120,1432,-192,117,6,378043
2026-05-19 19:59:59,esterno,2748,15712,2224,-371,-569,56,82046
2026-05-19 19:59:59,lombar,16804,116,1528,-106,68,56,378065
2026-05-19 19:59:59,esterno,2672,15700,1828,-192,-265,127,82068
2026-05-19 19:59:59,lombar,16788,-32,1768,-19,149,147,378087
2026-05-19 19:59:59,esterno,2388,15624,2180,-68,-207,237,82090
2026-05-19 19:59:59,lombar,16868,8,1720,150,411,119,378109
2026-05-19 19:59:59,esterno,2224,15604,2032,-33,-218,275,82112
2026-05-19 19:59:59,lombar,16692,-116,1808,243,443,87,378131
2026-05-19 19:59:59,esterno,2372,15620,2012,-190,2,271,82134
2026-05-19 19:59:59,lombar,16696,132,1748,151,434,209,378153
2026-05-19 19:59:59,esterno,2616,15460,1740,-233,209,152,82156
2026-05-19 19:59:59,lombar,16780,76,1876,180,407,229,378175
2026-05-19 19:59:59,esterno,2824,15164,1716,-38,507,151,82178
2026-05-19 19:59:59,lombar,16640,-16,1624,242,624,31,378197
2026-05-19 19:59:59,esterno,2892,15440,1956,-13,465,375,82200
2026-05-19 19:59:59,lombar,16724,160,1960,509,867,38,378219
2026-05-19 19:59:59,esterno,2264,15292,1708,9,33,483,82222
2026-05-19 19:59:59,lombar,16892,252,2328,640,667,115,378241
2026-05-19 19:59:59,esterno,1360,15364,1748,219,-130,392,82244
2026-05-19 19:59:59,lombar,16932,572,2532,525,731,279,378263
2026-05-19 19:59:59,esterno,1488,15872,1932,513,-1062,482,82266
2026-05-19 19:59:59,lombar,16624,660,2372,241,706,140,378285
2026-05-19 19:59:59,esterno,1520,15668,1512,181,-1627,413,82288
2026-05-19 19:59:59,lombar,16368,660,2420,-168,628,38,378307
2026-05-19 19:59:59,esterno,2260,15468,1464,419,-1443,96,82310
2026-05-19 19:59:59,lombar,16556,540,2672,-300,469,60,378329
2026-05-19 19:59:59,lombar,16704,472,2340,-409,385,135,378351
2026-05-19 19:59:59,esterno,2728,15884,1524,635,-1245,80,82332
2026-05-19 19:59:59,esterno,3052,16080,1644,483,-870,203,82354
2026-05-19 19:59:59,lombar,16604,140,2184,-385,398,23,378373
2026-05-19 19:59:59,esterno,3176,15924,1256,143,-204,206,82376
2026-05-19 19:59:59,lombar,16492,200,2520,-299,161,179,378395
2026-05-19 19:59:59,esterno,3200,15580,1304,194,426,152,82398
2026-05-19 19:59:59,lombar,16544,-124,2328,-157,-3,216,378417
2026-05-19 19:59:59,esterno,3028,15396,980,221,1106,360,82420
2026-05-19 19:59:59,lombar,16632,-156,2412,226,11,208,378439
2026-05-19 19:59:59,esterno,2596,15364,1028,212,1736,535,82442
2026-05-19 19:59:59,lombar,16736,20,2512,499,9,349,378461
2026-05-19 19:59:59,esterno,2728,15664,1716,241,1915,499,82464
2026-05-19 19:59:59,lombar,16948,260,2300,637,-43,344,378483
2026-05-19 19:59:59,esterno,3244,16260,1768,627,1680,657,82486
2026-05-19 19:59:59,lombar,16696,584,2084,806,93,387,378505
2026-05-19 19:59:59,esterno,2612,16388,2236,569,1386,989,82508
2026-05-19 19:59:59,lombar,16728,552,2176,728,-130,351,378527
2026-05-19 19:59:59,esterno,1728,16124,1732,221,1332,1021,82530
2026-05-19 19:59:59,lombar,16692,328,2232,539,-421,213,378549
2026-05-19 19:59:59,esterno,2088,15980,1868,-151,754,723,82552
2026-05-19 19:59:59,lombar,16576,324,2588,539,-626,135,378571
2026-05-19 19:59:59,esterno,2820,15492,1664,-15,883,750,82574
2026-05-19 19:59:59,lombar,16468,468,2276,544,-564,163,378593
2026-05-19 19:59:59,esterno,2792,15284,1872,-60,674,844,82596
2026-05-19 19:59:59,lombar,16544,384,2468,390,-581,115,378615
2026-05-19 19:59:59,esterno,2392,15244,1816,171,452,871,82618
2026-05-19 19:59:59,lombar,16728,388,2256,343,-536,54,378637
2026-05-19 19:59:59,esterno,2496,15396,1836,270,295,674,82640
2026-05-19 19:59:59,lombar,16832,368,2144,350,-409,113,378659
2026-05-19 19:59:59,esterno,2876,15884,2036,217,14,348,82662
2026-05-19 19:59:59,lombar,16820,608,2400,187,-314,213,378681
2026-05-19 19:59:59,esterno,2820,15700,2164,245,-154,68,82684
2026-05-19 19:59:59,lombar,16796,656,2248,50,-323,280,378703
2026-05-19 19:59:59,esterno,2356,15412,1884,284,-458,0,82706
2026-05-19 19:59:59,lombar,16612,564,2136,-42,-242,270,378725
2026-05-19 19:59:59,esterno,2344,15568,2080,315,-790,-103,82728
2026-05-19 19:59:59,lombar,16688,800,2284,-296,-370,247,378747
2026-05-19 19:59:59,esterno,2856,15636,2076,173,-1002,-229,82750
2026-05-19 19:59:59,lombar,16820,712,2168,-530,-258,241,378769
2026-05-19 19:59:59,esterno,2860,15712,1712,92,-1231,-349,82772
2026-05-19 19:59:59,lombar,16744,652,1828,-643,-185,308,378791
2026-05-19 19:59:59,esterno,2976,15652,1584,-44,-1250,-322,82794
2026-05-19 19:59:59,lombar,16856,576,2012,-819,-127,350,378813
2026-05-19 19:59:59,esterno,3116,15572,1500,-116,-1226,-221,82816
2026-05-19 19:59:59,lombar,16800,368,2264,-807,-225,370,378835
2026-05-19 19:59:59,esterno,3116,15652,1536,-109,-1060,-49,82838
2026-05-19 19:59:59,lombar,16800,152,2288,-584,-205,270,378857
2026-05-19 19:59:59,esterno,3260,15440,1004,61,-722,-57,82860
2026-05-19 19:59:59,lombar,16596,-44,2308,-337,-138,233,378879
2026-05-19 19:59:59,esterno,3024,15216,596,267,82,-192,82882
2026-05-19 19:59:59,lombar,16608,136,2704,57,96,317,378901
2026-05-19 19:59:59,esterno,3296,15436,1376,341,-38,-179,82904
2026-05-19 19:59:59,lombar,16620,100,2660,311,203,387,378923
2026-05-19 20:00:00,esterno,3428,15792,1152,336,233,108,82926
2026-05-19 20:00:00,lombar,16660,200,2536,494,337,342,378945
2026-05-19 20:00:00,lombar,16680,432,2508,655,300,338,378967
2026-05-19 20:00:00,esterno,3128,15696,888,432,414,210,82948
2026-05-19 20:00:00,esterno,2636,15716,1100,502,878,206,82970
2026-05-19 20:00:00,lombar,16664,480,2364,641,183,387,378989
2026-05-19 20:00:00,esterno,2780,15884,1348,515,908,131,82992
2026-05-19 20:00:00,lombar,16648,524,2364,596,145,288,379011
2026-05-19 20:00:00,esterno,2828,15876,1228,464,1040,187,83014
2026-05-19 20:00:00,lombar,16736,600,2356,527,116,357,379033
2026-05-19 20:00:00,esterno,2648,15848,1408,397,920,164,83036
2026-05-19 20:00:00,lombar,16516,376,2296,485,83,322,379055
2026-05-19 20:00:00,esterno,2772,15928,1484,244,914,106,83058
2026-05-19 20:00:00,lombar,16692,508,2384,338,69,266,379077
2026-05-19 20:00:00,lombar,16736,444,2548,267,-16,371,379099
2026-05-19 20:00:00,esterno,2876,15932,1344,157,867,102,83080
2026-05-19 20:00:00,esterno,2776,15876,1380,140,909,73,83102
2026-05-19 20:00:00,lombar,16684,572,2392,131,-96,373,379121
2026-05-19 20:00:00,esterno,2660,15800,1512,53,647,77,83124
2026-05-19 20:00:00,lombar,16588,412,2512,78,8,387,379143
2026-05-19 20:00:00,esterno,2628,15732,1176,-19,667,-19,83146
2026-05-19 20:00:00,lombar,16716,272,2640,-30,-10,337,379165
2026-05-19 20:00:00,esterno,2412,15652,1016,-29,507,-150,83168
2026-05-19 20:00:00,lombar,16732,312,2676,-117,-19,368,379187
2026-05-19 20:00:00,esterno,2464,15804,1252,-179,314,-255,83190
2026-05-19 20:00:00,lombar,16620,252,2648,-61,37,351,379209
