timestamp,node,ax,ay,az,gx,gy,gz,t_ms
2026-05-19 20:04:14,lombar,16668,184,2504,95,-623,280,633155
2026-05-19 20:04:14,esterno,0,0,0,0,0,0,337136
2026-05-19 20:04:14,esterno,0,0,0,0,0,0,337158
2026-05-19 20:04:14,lombar,16776,140,2472,122,-512,231,633177
2026-05-19 20:04:14,esterno,0,0,0,0,0,0,337180
2026-05-19 20:04:14,lombar,16620,356,2344,129,-510,315,633199
2026-05-19 20:04:14,esterno,0,0,0,0,0,0,337202
2026-05-19 20:04:14,lombar,16776,288,2536,36,-476,346,633221
2026-05-19 20:04:14,esterno,0,0,0,0,0,0,337224
2026-05-19 20:04:14,lombar,16776,120,2532,25,-485,272,633243
2026-05-19 20:04:14,esterno,0,0,0,0,0,0,337246
2026-05-19 20:04:14,lombar,16756,224,2500,64,-419,350,633265
2026-05-19 20:04:14,esterno,0,0,0,0,0,0,337268
2026-05-19 20:04:14,lombar,16652,144,2504,42,-387,410,633287
2026-05-19 20:04:14,esterno,0,0,0,0,0,0,337290
2026-05-19 20:04:14,lombar,16700,188,2408,22,-401,402,633309
2026-05-19 20:04:14,esterno,0,0,0,0,0,0,337312
2026-05-19 20:04:14,lombar,16548,140,2672,-40,-477,362,633331
2026-05-19 20:04:14,esterno,0,0,0,0,0,0,337334
2026-05-19 20:04:14,lombar,16580,52,2664,-68,-471,282,633353
2026-05-19 20:04:14,esterno,0,0,0,0,0,0,337356
2026-05-19 20:04:14,lombar,16728,236,2556,-45,-624,344,633375
2026-05-19 20:04:14,esterno,0,0,0,0,0,0,337378
2026-05-19 20:04:14,lombar,16848,268,2428,-5,-449,341,633397
2026-05-19 20:04:14,esterno,0,0,0,0,0,0,337400
2026-05-19 20:04:14,lombar,16752,136,2116,-8,-368,253,633419
2026-05-19 20:04:14,esterno,0,0,0,0,0,0,337422
2026-05-19 20:04:14,lombar,16844,220,2280,7,-346,336,633441
2026-05-19 20:04:14,lombar,16868,236,2168,187,-304,423,633463
2026-05-19 20:04:14,esterno,0,0,0,0,0,0,337444
2026-05-19 20:04:14,esterno,0,0,0,0,0,0,337466
2026-05-19 20:04:14,lombar,16692,176,2484,114,-474,438,633485
2026-05-19 20:04:14,esterno,0,0,0,0,0,0,337488
2026-05-19 20:04:14,lombar,16740,184,2128,114,-377,500,633507
2026-05-19 20:04:14,esterno,0,0,0,0,0,0,337510
2026-05-19 20:04:14,lombar,16680,68,2356,132,-271,359,633529
2026-05-19 20:04:14,esterno,0,0,0,0,0,0,337532
2026-05-19 20:04:14,lombar,16636,56,2388,95,-347,384,633551
2026-05-19 20:04:14,lombar,16800,76,2384,111,-335,405,633573
2026-05-19 20:04:14,esterno,0,0,0,0,0,0,337554
2026-05-19 20:04:14,esterno,0,0,0,0,0,0,337576
2026-05-19 20:04:14,lombar,16704,96,2420,156,-295,452,633595
2026-05-19 20:04:14,esterno,0,0,0,0,0,0,337598
2026-05-19 20:04:14,lombar,16680,124,2404,195,-216,488,633617
2026-05-19 20:04:14,esterno,0,0,0,0,0,0,337620
2026-05-19 20:04:14,lombar,16764,72,2496,132,-269,419,633639
2026-05-19 20:04:14,esterno,0,0,0,0,0,0,337642
2026-05-19 20:04:14,lombar,16576,-32,2420,152,-220,406,633661
2026-05-19 20:04:14,esterno,0,0,0,0,0,0,337664
2026-05-19 20:04:14,lombar,16672,80,2680,191,-180,306,633683
2026-05-19 20:04:14,esterno,0,0,0,0,0,0,337686
2026-05-19 20:04:14,lombar,16624,-4,2624,162,-399,360,633705
2026-05-19 20:04:14,esterno,0,0,0,0,0,0,337708
2026-05-19 20:04:14,lombar,16668,244,2368,162,-460,388,633727
2026-05-19 20:04:14,esterno,0,0,0,0,0,0,337730
2026-05-19 20:04:14,lombar,16696,168,2592,72,-368,353,633749
2026-05-19 20:04:14,lombar,16692,72,2460,37,-392,311,633771
2026-05-19 20:04:14,esterno,0,0,0,0,0,0,337752
2026-05-19 20:04:14,esterno,0,0,0,0,0,0,337774
2026-05-19 20:04:14,lombar,16748,48,2376,197,-365,378,633793
2026-05-19 20:04:14,esterno,0,0,0,0,0,0,337796
2026-05-19 20:04:14,lombar,16736,140,2408,168,-173,400,633815
2026-05-19 20:04:14,esterno,0,0,0,0,0,0,337818
2026-05-19 20:04:14,lombar,16764,172,2388,219,-449,431,633837
2026-05-19 20:04:14,esterno,0,0,0,0,0,0,337840
2026-05-19 20:04:14,lombar,16772,124,2508,186,-287,389,633859
2026-05-19 20:04:14,esterno,0,0,0,0,0,0,337862
2026-05-19 20:04:14,lombar,16696,72,2312,154,-308,396,633881
2026-05-19 20:04:14,esterno,0,0,0,0,0,0,337884
2026-05-19 20:04:14,lombar,16776,184,2400,130,-457,386,633903
2026-05-19 20:04:14,esterno,0,0,0,0,0,0,337906
2026-05-19 20:04:14,lombar,16772,84,2356,127,-546,396,633925
2026-05-19 20:04:14,esterno,0,0,0,0,0,0,337928
2026-05-19 20:04:14,lombar,16644,-20,2368,128,-358,438,633947
2026-05-19 20:04:15,esterno,0,0,0,0,0,0,337950
2026-05-19 20:04:15,esterno,0,0,0,0,0,0,337972
2026-05-19 20:04:15,lombar,16696,84,2660,107,-567,428,633969
2026-05-19 20:04:15,lombar,16844,0,2196,123,-381,364,633991
2026-05-19 20:04:15,esterno,0,0,0,0,0,0,337994
2026-05-19 20:04:15,lombar,16700,116,2404,164,-241,292,634013
2026-05-19 20:04:15,esterno,0,0,0,0,0,0,338016
2026-05-19 20:04:15,lombar,16764,124,2404,138,-373,422,634035
2026-05-19 20:04:15,esterno,0,0,0,0,0,0,338038
2026-05-19 20:04:15,lombar,16696,156,2328,90,-410,359,634057
2026-05-19 20:04:15,lombar,16716,172,2212,96,-484,334,634079
2026-05-19 20:04:15,esterno,0,0,0,0,0,0,338060
2026-05-19 20:04:15,esterno,0,0,0,0,0,0,338082
2026-05-19 20:04:15,lombar,16700,232,2056,204,-131,408,634101
2026-05-19 20:04:15,esterno,0,0,0,0,0,0,338104
2026-05-19 20:04:15,lombar,16692,56,2480,138,-314,283,634123
2026-05-19 20:04:15,esterno,0,0,0,0,0,0,338126
2026-05-19 20:04:15,lombar,16752,44,2156,70,-494,329,634145
2026-05-19 20:04:15,esterno,0,0,0,0,0,0,338148
2026-05-19 20:04:15,lombar,16632,44,2240,202,-455,374,634167
2026-05-19 20:04:15,esterno,0,0,0,0,0,0,338170
2026-05-19 20:04:15,lombar,16736,64,2456,81,-406,379,634189
2026-05-19 20:04:15,esterno,0,0,0,0,0,0,338192
2026-05-19 20:04:15,lombar,16756,84,2240,77,-373,390,634211
2026-05-19 20:04:15,esterno,0,0,0,0,0,0,338214
2026-05-19 20:04:15,lombar,16760,36,2272,78,-378,406,634233
2026-05-19 20:04:15,esterno,0,0,0,0,0,0,338236
2026-05-19 20:04:15,lombar,16644,76,2328,143,-333,332,634255
2026-05-19 20:04:15,esterno,0,0,0,0,0,0,338258
2026-05-19 20:04:15,lombar,16568,40,2520,124,-671,249,634277
2026-05-19 20:04:15,esterno,0,0,0,0,0,0,338280
2026-05-19 20:04:15,lombar,16636,164,2268,47,-107,435,634299
2026-05-19 20:04:15,esterno,0,0,0,0,0,0,338302
2026-05-19 20:04:15,lombar,16612,76,1992,186,-640,333,634321
2026-05-19 20:04:15,esterno,0,0,0,0,0,0,338324
2026-05-19 20:04:15,lombar,16664,36,2432,80,-30,351,634343
2026-05-19 20:04:15,esterno,0,0,0,0,0,0,338346
2026-05-19 20:04:15,lombar,16868,172,2068,41,-435,355,634365
2026-05-19 20:04:15,lombar,16604,64,2364,178,-590,375,634387
2026-05-19 20:04:15,esterno,0,0,0,0,0,0,338368
2026-05-19 20:04:15,esterno,0,0,0,0,0,0,338390
2026-05-19 20:04:15,lombar,16708,80,1940,88,-375,403,634409
2026-05-19 20:04:15,esterno,0,0,0,0,0,0,338412
2026-05-19 20:04:15,lombar,16816,60,2264,98,-436,386,634431
2026-05-19 20:04:15,lombar,16624,100,2028,229,-442,382,634453
2026-05-19 20:04:15,esterno,0,0,0,0,0,0,338434
2026-05-19 20:04:15,esterno,0,0,0,0,0,0,338456
2026-05-19 20:04:15,lombar,16620,100,2244,72,-842,364,634475
2026-05-19 20:04:15,esterno,0,0,0,0,0,0,338478
2026-05-19 20:04:15,lombar,16724,36,2452,48,-270,467,634497
2026-05-19 20:04:15,esterno,0,0,0,0,0,0,338500
2026-05-19 20:04:15,lombar,16664,56,2512,145,-596,417,634519
2026-05-19 20:04:15,esterno,0,0,0,0,0,0,338522
2026-05-19 20:04:15,lombar,16644,-12,1968,124,-412,400,634541
2026-05-19 20:04:15,esterno,0,0,0,0,0,0,338544
2026-05-19 20:04:15,lombar,16660,-64,2272,40,-300,289,634563
2026-05-19 20:04:15,esterno,0,0,0,0,0,0,338566
2026-05-19 20:04:15,lombar,16880,-84,2316,96,-324,406,634585
2026-05-19 20:04:15,esterno,0,0,0,0,0,0,338588
2026-05-19 20:04:15,lombar,16900,172,2032,145,-842,335,634607
2026-05-19 20:04:15,esterno,0,0,0,0,0,0,338610
2026-05-19 20:04:15,lombar,16664,272,2124,-71,-129,434,634629
2026-05-19 20:04:15,esterno,0,0,0,0,0,0,338632
2026-05-19 20:04:15,lombar,16836,192,1956,-48,-394,475,634651
2026-05-19 20:04:15,esterno,0,0,0,0,0,0,338654
2026-05-19 20:04:15,lombar,16780,-124,2052,135,18,346,634673
2026-05-19 20:04:15,lombar,16704,-28,1856,-9,-129,398,634695
2026-05-19 20:04:15,esterno,0,0,0,0,0,0,338676
2026-05-19 20:04:15,esterno,0,0,0,0,0,0,338698
2026-05-19 20:04:15,lombar,16816,-216,1804,23,-90,378,634717
2026-05-19 20:04:15,esterno,0,0,0,0,0,0,338720
2026-05-19 20:04:15,lombar,16764,-20,2052,257,-118,426,634739
2026-05-19 20:04:15,esterno,0,0,0,0,0,0,338742
2026-05-19 20:04:15,lombar,16868,28,1956,327,-202,423,634761
2026-05-19 20:04:15,esterno,0,0,0,0,0,0,338764
2026-05-19 20:04:15,lombar,16772,8,2128,246,-176,432,634783
2026-05-19 20:04:15,esterno,0,0,0,0,0,0,338786
2026-05-19 20:04:15,lombar,16788,132,2384,185,-122,377,634805
2026-05-19 20:04:15,esterno,0,0,0,0,0,0,338808
2026-05-19 20:04:15,lombar,16628,48,2400,184,-256,308,634827
2026-05-19 20:04:15,esterno,0,0,0,0,0,0,338830
2026-05-19 20:04:15,lombar,16660,116,2340,3,-268,367,634849
2026-05-19 20:04:15,esterno,0,0,0,0,0,0,338852
2026-05-19 20:04:15,lombar,16772,-20,2560,87,-230,278,634871
2026-05-19 20:04:15,esterno,0,0,0,0,0,0,338874
2026-05-19 20:04:15,lombar,16648,100,2348,122,-133,251,634893
2026-05-19 20:04:15,lombar,16608,32,2488,8,-309,351,634915
2026-05-19 20:04:15,esterno,0,0,0,0,0,0,338896
2026-05-19 20:04:15,esterno,0,0,0,0,0,0,338918
2026-05-19 20:04:15,lombar,16664,120,2480,33,-281,420,634937
2026-05-19 20:04:16,esterno,0,0,0,0,0,0,338940
2026-05-19 20:04:16,lombar,16776,-32,2304,106,-329,330,634959
2026-05-19 20:04:16,esterno,0,0,0,0,0,0,338962
2026-05-19 20:04:16,lombar,16412,-8,2880,46,-719,388,634981
2026-05-19 20:04:16,lombar,16900,192,1792,-8,-40,415,635003
2026-05-19 20:04:16,esterno,0,0,0,0,0,0,338984
2026-05-19 20:04:16,lombar,16732,-180,2248,52,-372,381,635025
2026-05-19 20:04:16,esterno,0,0,0,0,0,0,339006
2026-05-19 20:04:16,esterno,0,0,0,0,0,0,339028
2026-05-19 20:04:16,lombar,16704,-64,2340,179,-322,325,635047
2026-05-19 20:04:16,esterno,0,0,0,0,0,0,339050
2026-05-19 20:04:16,lombar,16724,112,2208,159,-660,265,635069
2026-05-19 20:04:16,esterno,0,0,0,0,0,0,339072
2026-05-19 20:04:16,lombar,16180,136,2136,80,-277,311,635091
2026-05-19 20:04:16,esterno,0,0,0,0,0,0,339094
2026-05-19 20:04:16,lombar,16684,-268,2316,-266,-90,295,635113
2026-05-19 20:04:16,esterno,0,0,0,0,0,0,339116
2026-05-19 20:04:16,lombar,17656,-316,2128,112,-101,75,635135
2026-05-19 20:04:16,esterno,0,0,0,0,0,0,339138
2026-05-19 20:04:16,lombar,16896,36,2136,325,-216,326,635157
2026-05-19 20:04:16,esterno,0,0,0,0,0,0,339160
2026-05-19 20:04:16,lombar,16292,188,2332,56,-302,512,635179
2026-05-19 20:04:16,lombar,16368,40,2196,61,-300,308,635201
2026-05-19 20:04:16,esterno,0,0,0,0,0,0,339182
2026-05-19 20:04:16,esterno,0,0,0,0,0,0,339204
2026-05-19 20:04:16,lombar,16584,108,2192,264,42,242,635223
2026-05-19 20:04:16,esterno,0,0,0,0,0,0,339226
2026-05-19 20:04:16,lombar,16848,220,1844,12,-349,336,635245
2026-05-19 20:04:16,esterno,0,0,0,0,0,0,339248
2026-05-19 20:04:16,lombar,16752,184,2224,-96,-393,334,635267
2026-05-19 20:04:16,lombar,16808,108,2052,19,-290,385,635289
2026-05-19 20:04:16,esterno,0,0,0,0,0,0,339270
2026-05-19 20:04:16,lombar,16756,48,2208,-8,-315,291,635311
2026-05-19 20:04:16,esterno,0,0,0,0,0,0,339292
2026-05-19 20:04:16,esterno,0,0,0,0,0,0,339314
2026-05-19 20:04:16,lombar,16864,164,2100,37,-371,308,635333
2026-05-19 20:04:16,esterno,0,0,0,0,0,0,339336
2026-05-19 20:04:16,lombar,16644,-52,2420,5,-185,362,635355
2026-05-19 20:04:16,esterno,0,0,0,0,0,0,339358
2026-05-19 20:04:16,lombar,16524,-116,2204,74,-195,303,635377
2026-05-19 20:04:16,esterno,0,0,0,0,0,0,339380
2026-05-19 20:04:16,lombar,16668,-16,2256,68,103,401,635399
2026-05-19 20:04:16,esterno,0,0,0,0,0,0,339402
2026-05-19 20:04:16,lombar,16860,-32,2268,82,-192,469,635421
2026-05-19 20:04:16,esterno,0,0,0,0,0,0,339424
2026-05-19 20:04:16,lombar,16656,-28,2272,220,-313,406,635443
2026-05-19 20:04:16,esterno,0,0,0,0,0,0,339446
2026-05-19 20:04:16,lombar,16616,-68,2424,54,5,414,635465
2026-05-19 20:04:16,esterno,0,0,0,0,0,0,339468
2026-05-19 20:04:16,lombar,16904,144,2112,134,-246,412,635487
2026-05-19 20:04:16,lombar,16688,20,2068,185,-22,424,635509
2026-05-19 20:04:16,esterno,0,0,0,0,0,0,339490
2026-05-19 20:04:16,esterno,0,0,0,0,0,0,339512
2026-05-19 20:04:16,lombar,16624,72,2204,12,-202,356,635531
2026-05-19 20:04:16,esterno,0,0,0,0,0,0,339534
2026-05-19 20:04:16,lombar,16872,8,2108,45,-95,374,635553
2026-05-19 20:04:16,esterno,0,0,0,0,0,0,339556
2026-05-19 20:04:16,lombar,16772,-84,2476,60,-157,343,635575
2026-05-19 20:04:16,esterno,0,0,0,0,0,0,339578
2026-05-19 20:04:16,lombar,16608,40,2432,53,-164,373,635597
2026-05-19 20:04:16,esterno,0,0,0,0,0,0,339600
2026-05-19 20:04:16,lombar,16732,40,1920,94,-229,340,635619
2026-05-19 20:04:16,esterno,0,0,0,0,0,0,339622
2026-05-19 20:04:16,lombar,16764,-12,2364,88,-79,345,635641
2026-05-19 20:04:16,esterno,0,0,0,0,0,0,339644
2026-05-19 20:04:16,lombar,16744,-24,2232,113,-167,326,635663
2026-05-19 20:04:16,esterno,0,0,0,0,0,0,339666
2026-05-19 20:04:16,lombar,16668,100,2340,168,-14,417,635685
2026-05-19 20:04:16,lombar,16588,104,2352,117,-225,364,635707
2026-05-19 20:04:16,esterno,0,0,0,0,0,0,339688
2026-05-19 20:04:16,esterno,0,0,0,0,0,0,339710
2026-05-19 20:04:16,lombar,16908,-44,2252,116,-202,317,635729
2026-05-19 20:04:16,esterno,0,0,0,0,0,0,339732
2026-05-19 20:04:16,lombar,16668,208,2132,150,-86,364,635751
2026-05-19 20:04:16,esterno,0,0,0,0,0,0,339754
2026-05-19 20:04:16,lombar,16628,36,2356,38,-181,432,635773
2026-05-19 20:04:16,esterno,0,0,0,0,0,0,339776
2026-05-19 20:04:16,lombar,16684,-52,2340,3,-203,375,635795
2026-05-19 20:04:16,lombar,16656,-40,2404,-27,-276,277,635817
2026-05-19 20:04:16,esterno,0,0,0,0,0,0,339798
2026-05-19 20:04:16,esterno,0,0,0,0,0,0,339820
2026-05-19 20:04:16,lombar,16656,8,2248,22,-214,338,635839
2026-05-19 20:04:16,esterno,0,0,0,0,0,0,339842
2026-05-19 20:04:16,lombar,16732,-12,2252,16,-162,326,635861
2026-05-19 20:04:16,esterno,0,0,0,0,0,0,339864
2026-05-19 20:04:16,lombar,16652,0,2444,10,-202,405,635883
2026-05-19 20:04:16,esterno,0,0,0,0,0,0,339886
2026-05-19 20:04:16,lombar,16772,4,2408,-42,-246,412,635905
2026-05-19 20:04:16,esterno,0,0,0,0,0,0,339908
2026-05-19 20:04:16,lombar,16556,24,2392,49,-226,327,635927
2026-05-19 20:04:16,esterno,0,0,0,0,0,0,339930
2026-05-19 20:04:17,lombar,16728,-124,2188,54,-97,256,635949
2026-05-19 20:04:17,esterno,0,0,0,0,0,0,339952
2026-05-19 20:04:17,lombar,16852,-92,2180,107,-80,279,635971
2026-05-19 20:04:17,esterno,0,0,0,0,0,0,339974
2026-05-19 20:04:17,lombar,16740,-60,2360,153,-121,346,635993
2026-05-19 20:04:17,esterno,0,0,0,0,0,0,339996
2026-05-19 20:04:17,lombar,16736,-44,2188,85,-167,364,636015
2026-05-19 20:04:17,esterno,0,0,0,0,0,0,340018
2026-05-19 20:04:17,lombar,16800,28,2400,111,-243,323,636037
2026-05-19 20:04:17,esterno,0,0,0,0,0,0,340040
2026-05-19 20:04:17,lombar,16612,120,2372,125,-209,328,636059
2026-05-19 20:04:17,esterno,0,0,0,0,0,0,340062
2026-05-19 20:04:17,lombar,16644,76,2292,31,-276,371,636081
2026-05-19 20:04:17,esterno,0,0,0,0,0,0,340084
2026-05-19 20:04:17,lombar,16740,20,2432,38,-314,342,636103
2026-05-19 20:04:17,lombar,16732,24,2264,86,-240,310,636125
2026-05-19 20:04:17,esterno,0,0,0,0,0,0,340106
2026-05-19 20:04:17,esterno,0,0,0,0,0,0,340128
2026-05-19 20:04:17,lombar,16868,-36,2316,48,-99,264,636147
2026-05-19 20:04:17,esterno,0,0,0,0,0,0,340150
2026-05-19 20:04:17,lombar,16736,-40,2440,17,-167,368,636169
2026-05-19 20:04:17,esterno,0,0,0,0,0,0,340172
2026-05-19 20:04:17,lombar,16784,-152,2368,32,-212,374,636191
2026-05-19 20:04:17,esterno,0,0,0,0,0,0,340194
2026-05-19 20:04:17,lombar,16720,28,2620,98,-157,261,636213
2026-05-19 20:04:17,esterno,0,0,0,0,0,0,340216
2026-05-19 20:04:17,lombar,16600,64,2456,71,-173,320,636235
2026-05-19 20:04:17,esterno,0,0,0,0,0,0,340238
2026-05-19 20:04:17,lombar,16616,36,2480,35,-316,382,636257
2026-05-19 20:04:17,esterno,0,0,0,0,0,0,340260
2026-05-19 20:04:17,lombar,16672,-156,2356,54,-207,313,636279
2026-05-19 20:04:17,esterno,0,0,0,0,0,0,340282
2026-05-19 20:04:17,lombar,16740,20,2480,109,-174,329,636301
2026-05-19 20:04:17,esterno,0,0,0,0,0,0,340304
2026-05-19 20:04:17,lombar,16784,60,2244,120,-238,360,636323
2026-05-19 20:04:17,esterno,0,0,0,0,0,0,340326
2026-05-19 20:04:17,lombar,16672,200,2548,102,-199,348,636345
2026-05-19 20:04:17,lombar,16740,116,2496,22,-296,378,636367
2026-05-19 20:04:17,esterno,0,0,0,0,0,0,340348
2026-05-19 20:04:17,esterno,0,0,0,0,0,0,340370
2026-05-19 20:04:17,lombar,16552,-80,2300,59,-259,289,636389
2026-05-19 20:04:17,esterno,0,0,0,0,0,0,340392
2026-05-19 20:04:17,lombar,16800,60,2428,22,-203,306,636411
2026-05-19 20:04:17,lombar,16748,-128,2348,129,-210,378,636433
2026-05-19 20:04:17,esterno,0,0,0,0,0,0,340414
2026-05-19 20:04:17,lombar,16680,-88,2536,65,-215,408,636455
2026-05-19 20:04:17,esterno,0,0,0,0,0,0,340436
2026-05-19 20:04:17,esterno,0,0,0,0,0,0,340458
2026-05-19 20:04:17,lombar,16832,-100,2372,76,-350,417,636477
2026-05-19 20:04:17,esterno,0,0,0,0,0,0,340480
2026-05-19 20:04:17,lombar,16716,0,2480,103,-308,387,636499
2026-05-19 20:04:17,esterno,0,0,0,0,0,0,340502
2026-05-19 20:04:17,lombar,16624,32,2424,83,-203,323,636521
2026-05-19 20:04:17,esterno,0,0,0,0,0,0,340524
2026-05-19 20:04:17,lombar,16588,-96,2368,66,-275,337,636543
2026-05-19 20:04:17,esterno,0,0,0,0,0,0,340546
2026-05-19 20:04:17,lombar,16680,-68,2408,87,-346,282,636565
2026-05-19 20:04:17,esterno,0,0,0,0,0,0,340568
2026-05-19 20:04:17,lombar,16660,0,2264,86,-322,419,636587
2026-05-19 20:04:17,esterno,0,0,0,0,0,0,340590
2026-05-19 20:04:17,lombar,16676,0,2260,86,-265,285,636609
2026-05-19 20:04:17,esterno,0,0,0,0,0,0,340612
2026-05-19 20:04:17,lombar,16800,-88,2236,87,-163,333,636631
2026-05-19 20:04:17,esterno,0,0,0,0,0,0,340634
2026-05-19 20:04:17,lombar,16708,-120,2168,147,-201,288,636653
2026-05-19 20:04:17,esterno,0,0,0,0,0,0,340656
2026-05-19 20:04:17,lombar,16664,-32,2320,95,-247,335,636675
2026-05-19 20:04:17,lombar,16788,20,2232,81,-310,322,636697
2026-05-19 20:04:17,esterno,0,0,0,0,0,0,340678
2026-05-19 20:04:17,esterno,0,0,0,0,0,0,340700
2026-05-19 20:04:17,lombar,16812,0,2340,103,-279,326,636719
2026-05-19 20:04:17,lombar,16724,48,2516,79,-269,346,636741
2026-05-19 20:04:17,esterno,0,0,0,0,0,0,340722
2026-05-19 20:04:17,esterno,0,0,0,0,0,0,340744
2026-05-19 20:04:17,lombar,16664,12,2508,70,-294,350,636763
2026-05-19 20:04:17,esterno,0,0,0,0,0,0,340766
2026-05-19 20:04:17,lombar,16684,-80,2552,68,-252,353,636785
2026-05-19 20:04:17,esterno,0,0,0,0,0,0,340788
2026-05-19 20:04:17,lombar,16680,16,2580,99,-221,299,636807
2026-05-19 20:04:17,esterno,0,0,0,0,0,0,340810
2026-05-19 20:04:17,lombar,16672,56,2408,113,-181,381,636829
2026-05-19 20:04:17,esterno,0,0,0,0,0,0,340832
2026-05-19 20:04:17,lombar,16592,-104,2368,34,-186,263,636851
2026-05-19 20:04:17,esterno,0,0,0,0,0,0,340854
2026-05-19 20:04:17,lombar,16672,-32,2516,61,-196,307,636873
2026-05-19 20:04:17,esterno,0,0,0,0,0,0,340876
2026-05-19 20:04:17,lombar,16788,-52,2384,75,-262,325,636895
2026-05-19 20:04:17,esterno,0,0,0,0,0,0,340898
2026-05-19 20:04:17,lombar,16760,-108,2600,84,-286,395,636917
2026-05-19 20:04:17,esterno,0,0,0,0,0,0,340920
2026-05-19 20:04:17,lombar,16688,-64,2424,113,-261,373,636939
2026-05-19 20:04:18,esterno,0,0,0,0,0,0,340942
2026-05-19 20:04:18,lombar,16704,72,2420,49,-200,340,636961
2026-05-19 20:04:18,lombar,16712,-20,2484,31,-80,207,636983
2026-05-19 20:04:18,esterno,0,0,0,0,0,0,340964
2026-05-19 20:04:18,esterno,0,0,0,0,0,0,340986
2026-05-19 20:04:18,lombar,16688,32,2452,78,-176,316,637005
2026-05-19 20:04:18,esterno,0,0,0,0,0,0,341008
2026-05-19 20:04:18,lombar,16776,16,2504,71,-177,315,637027
2026-05-19 20:04:18,lombar,16720,36,2492,50,-190,404,637049
2026-05-19 20:04:18,esterno,0,0,0,0,0,0,341030
2026-05-19 20:04:18,esterno,0,0,0,0,0,0,341052
2026-05-19 20:04:18,lombar,16644,-40,2248,81,-137,387,637071
2026-05-19 20:04:18,esterno,0,0,0,0,0,0,341074
2026-05-19 20:04:18,lombar,16676,-72,2588,-14,-135,297,637093
2026-05-19 20:04:18,esterno,0,0,0,0,0,0,341096
2026-05-19 20:04:18,lombar,16708,12,2532,57,-170,253,637115
2026-05-19 20:04:18,esterno,0,0,0,0,0,0,341118
2026-05-19 20:04:18,lombar,16556,-72,2312,100,-158,363,637137
2026-05-19 20:04:18,esterno,0,0,0,0,0,0,341140
2026-05-19 20:04:18,lombar,16596,-40,2468,68,-204,302,637159
2026-05-19 20:04:18,esterno,0,0,0,0,0,0,341162
2026-05-19 20:04:18,lombar,16696,52,2620,93,-188,293,637181
2026-05-19 20:04:18,esterno,0,0,0,0,0,0,341184
2026-05-19 20:04:18,lombar,16596,-12,2380,62,-210,283,637203
2026-05-19 20:04:18,esterno,0,0,0,0,0,0,341206
2026-05-19 20:04:18,lombar,16616,0,2576,74,-247,231,637225
2026-05-19 20:04:18,esterno,0,0,0,0,0,0,341228
2026-05-19 20:04:18,lombar,16692,-40,2592,89,-212,294,637247
2026-05-19 20:04:18,esterno,0,0,0,0,0,0,341250
2026-05-19 20:04:18,lombar,16752,68,2528,131,-304,353,637269
2026-05-19 20:04:18,esterno,0,0,0,0,0,0,341272
2026-05-19 20:04:18,lombar,16680,76,2580,131,-262,391,637291
2026-05-19 20:04:18,esterno,0,0,0,0,0,0,341294
2026-05-19 20:04:18,lombar,16708,32,2540,72,-228,311,637313
2026-05-19 20:04:18,esterno,0,0,0,0,0,0,341316
2026-05-19 20:04:18,lombar,16716,0,2516,80,-205,288,637335
2026-05-19 20:04:18,lombar,16640,80,2436,115,-201,259,637357
2026-05-19 20:04:18,esterno,0,0,0,0,0,0,341338
2026-05-19 20:04:18,esterno,0,0,0,0,0,0,341360
2026-05-19 20:04:18,lombar,16772,104,2552,95,-174,293,637379
2026-05-19 20:04:18,esterno,0,0,0,0,0,0,341382
2026-05-19 20:04:18,lombar,16664,-116,2432,91,-197,274,637401
2026-05-19 20:04:18,esterno,0,0,0,0,0,0,341404
2026-05-19 20:04:18,lombar,16688,48,2476,95,-202,321,637423
2026-05-19 20:04:18,lombar,16620,212,2492,52,-237,361,637445
2026-05-19 20:04:18,esterno,0,0,0,0,0,0,341426
2026-05-19 20:04:18,esterno,0,0,0,0,0,0,341448
2026-05-19 20:04:18,lombar,16744,84,2484,61,-241,265,637467
2026-05-19 20:04:18,esterno,0,0,0,0,0,0,341470
2026-05-19 20:04:18,lombar,16660,60,2600,19,-271,328,637489
2026-05-19 20:04:18,esterno,0,0,0,0,0,0,341492
2026-05-19 20:04:18,lombar,16712,-16,2456,36,-215,316,637511
2026-05-19 20:04:18,esterno,0,0,0,0,0,0,341514
2026-05-19 20:04:18,lombar,16596,-48,2368,72,-192,305,637533
2026-05-19 20:04:18,esterno,0,0,0,0,0,0,341536
2026-05-19 20:04:18,lombar,16608,52,2528,56,-179,321,637555
2026-05-19 20:04:18,esterno,0,0,0,0,0,0,341558
2026-05-19 20:04:18,lombar,16756,-12,2588,93,-209,291,637577
2026-05-19 20:04:18,esterno,0,0,0,0,0,0,341580
2026-05-19 20:04:18,lombar,16704,84,2436,93,-198,308,637599
2026-05-19 20:04:18,esterno,0,0,0,0,0,0,341602
2026-05-19 20:04:18,lombar,16588,132,2564,101,-229,314,637621
2026-05-19 20:04:18,lombar,16708,192,2488,111,-150,397,637643
2026-05-19 20:04:18,esterno,0,0,0,0,0,0,341624
2026-05-19 20:04:18,lombar,16644,160,2576,80,-273,340,637665
2026-05-19 20:04:18,esterno,0,0,0,0,0,0,341646
2026-05-19 20:04:18,esterno,0,0,0,0,0,0,341668
2026-05-19 20:04:18,lombar,16724,64,2580,37,-186,342,637687
2026-05-19 20:04:18,esterno,0,0,0,0,0,0,341690
2026-05-19 20:04:18,lombar,16776,116,2716,4,-251,370,637709
2026-05-19 20:04:18,esterno,0,0,0,0,0,0,341712
2026-05-19 20:04:18,lombar,16704,96,2380,42,-229,327,637731
2026-05-19 20:04:18,lombar,16600,64,2712,-7,-249,297,637753
2026-05-19 20:04:18,esterno,0,0,0,0,0,0,341734
2026-05-19 20:04:18,lombar,16700,12,2636,-15,-230,365,637775
2026-05-19 20:04:18,esterno,0,0,0,0,0,0,341756
2026-05-19 20:04:18,esterno,0,0,0,0,0,0,341778
2026-05-19 20:04:18,lombar,16776,-96,2508,11,-151,226,637797
2026-05-19 20:04:18,esterno,0,0,0,0,0,0,341800
2026-05-19 20:04:18,lombar,16684,4,2596,127,-64,274,637819
2026-05-19 20:04:18,esterno,0,0,0,0,0,0,341822
2026-05-19 20:04:18,lombar,16796,56,2312,119,-76,388,637841
2026-05-19 20:04:18,esterno,0,0,0,0,0,0,341844
2026-05-19 20:04:18,lombar,16696,52,2696,120,-180,312,637863
2026-05-19 20:04:18,esterno,0,0,0,0,0,0,341866
2026-05-19 20:04:18,lombar,16616,64,2644,139,-190,343,637885
2026-05-19 20:04:18,esterno,0,0,0,0,0,0,341888
2026-05-19 20:04:18,lombar,16572,108,2744,88,-262,334,637907
2026-05-19 20:04:18,esterno,0,0,0,0,0,0,341910
2026-05-19 20:04:18,lombar,16760,84,2736,47,-169,266,637929
2026-05-19 20:04:19,esterno,0,0,0,0,0,0,341932
2026-05-19 20:04:19,lombar,16648,164,2488,80,-118,201,637951
2026-05-19 20:04:19,lombar,16664,12,2544,81,-258,345,637973
2026-05-19 20:04:19,esterno,0,0,0,0,0,0,341954
2026-05-19 20:04:19,esterno,0,0,0,0,0,0,341976
2026-05-19 20:04:19,lombar,16636,-12,2840,101,-260,391,637995
2026-05-19 20:04:19,esterno,0,0,0,0,0,0,341998
2026-05-19 20:04:19,lombar,16644,48,2812,108,-248,445,638017
2026-05-19 20:04:19,esterno,0,0,0,0,0,0,342020
2026-05-19 20:04:19,lombar,16544,64,2688,78,-214,365,638039
2026-05-19 20:04:19,esterno,0,0,0,0,0,0,342042
2026-05-19 20:04:19,lombar,16636,-56,2624,37,-206,330,638061
2026-05-19 20:04:19,esterno,0,0,0,0,0,0,342064
2026-05-19 20:04:19,lombar,16732,-88,2508,106,-200,420,638083
2026-05-19 20:04:19,esterno,0,0,0,0,0,0,342086
2026-05-19 20:04:19,lombar,16700,96,2636,147,-298,474,638105
2026-05-19 20:04:19,esterno,0,0,0,0,0,0,342108
2026-05-19 20:04:19,lombar,16704,-64,2432,71,-220,403,638127
2026-05-19 20:04:19,esterno,0,0,0,0,0,0,342130
2026-05-19 20:04:19,lombar,16600,-52,2692,60,-247,325,638149
2026-05-19 20:04:19,lombar,16732,60,2604,120,-230,335,638171
2026-05-19 20:04:19,esterno,0,0,0,0,0,0,342152
2026-05-19 20:04:19,esterno,0,0,0,0,0,0,342174
2026-05-19 20:04:19,lombar,16772,140,2700,85,-265,332,638193
2026-05-19 20:04:19,esterno,0,0,0,0,0,0,342196
2026-05-19 20:04:19,lombar,16632,88,2688,9,-350,377,638215
2026-05-19 20:04:19,esterno,0,0,0,0,0,0,342218
2026-05-19 20:04:19,lombar,16740,44,2544,45,-330,425,638237
2026-05-19 20:04:19,esterno,0,0,0,0,0,0,342240
2026-05-19 20:04:19,lombar,16612,-12,2668,73,-359,279,638259
2026-05-19 20:04:19,lombar,16592,-44,2616,77,-399,327,638281
2026-05-19 20:04:19,esterno,0,0,0,0,0,0,342262
2026-05-19 20:04:19,esterno,0,0,0,0,0,0,342284
2026-05-19 20:04:19,lombar,16608,-68,2584,140,-383,417,638303
2026-05-19 20:04:19,esterno,0,0,0,0,0,0,342306
2026-05-19 20:04:19,lombar,16768,88,2868,128,-386,327,638325
2026-05-19 20:04:19,esterno,0,0,0,0,0,0,342328
2026-05-19 20:04:19,lombar,16680,68,2476,82,-348,365,638347
2026-05-19 20:04:19,esterno,0,0,0,0,0,0,342350
2026-05-19 20:04:19,lombar,16636,60,2580,103,-338,331,638369
2026-05-19 20:04:19,esterno,0,0,0,0,0,0,342372
2026-05-19 20:04:19,lombar,16700,16,2604,90,-291,344,638391
2026-05-19 20:04:19,esterno,0,0,0,0,0,0,342394
2026-05-19 20:04:19,lombar,16748,8,2552,74,-314,256,638413
2026-05-19 20:04:19,esterno,0,0,0,0,0,0,342416
2026-05-19 20:04:19,lombar,16732,-104,2636,49,-354,323,638435
2026-05-19 20:04:19,esterno,0,0,0,0,0,0,342438
2026-05-19 20:04:19,lombar,16728,56,2612,96,-287,311,638457
2026-05-19 20:04:19,lombar,16684,132,2556,26,-284,360,638479
2026-05-19 20:04:19,esterno,0,0,0,0,0,0,342460
2026-05-19 20:04:19,esterno,0,0,0,0,0,0,342482
2026-05-19 20:04:19,lombar,16712,-24,2604,40,-231,341,638501
2026-05-19 20:04:19,esterno,0,0,0,0,0,0,342504
2026-05-19 20:04:19,lombar,16700,0,2428,112,-250,317,638523
2026-05-19 20:04:19,esterno,0,0,0,0,0,0,342526
2026-05-19 20:04:19,lombar,16712,-64,2548,106,-374,325,638545
2026-05-19 20:04:19,esterno,0,0,0,0,0,0,342548
2026-05-19 20:04:19,lombar,16664,12,2556,124,-293,364,638567
2026-05-19 20:04:19,esterno,0,0,0,0,0,0,342570
2026-05-19 20:04:19,lombar,16676,116,2568,79,-287,396,638589
2026-05-19 20:04:19,esterno,0,0,0,0,0,0,342592
2026-05-19 20:04:19,lombar,16740,-148,2512,31,-245,264,638611
2026-05-19 20:04:19,esterno,0,0,0,0,0,0,342614
2026-05-19 20:04:19,lombar,16644,-72,2588,100,-225,269,638633
2026-05-19 20:04:19,esterno,0,0,0,0,0,0,342636
2026-05-19 20:04:19,lombar,16732,60,2368,81,-268,364,638655
2026-05-19 20:04:19,esterno,0,0,0,0,0,0,342658
2026-05-19 20:04:19,lombar,16696,64,2504,70,-264,303,638677
2026-05-19 20:04:19,esterno,0,0,0,0,0,0,342680
2026-05-19 20:04:19,lombar,16784,128,2556,71,-273,376,638699
2026-05-19 20:04:19,esterno,0,0,0,0,0,0,342702
2026-05-19 20:04:19,lombar,16600,-48,2572,23,-297,392,638721
2026-05-19 20:04:19,esterno,0,0,0,0,0,0,342724
2026-05-19 20:04:19,lombar,16760,-52,2656,11,-262,338,638743
2026-05-19 20:04:19,esterno,0,0,0,0,0,0,342746
2026-05-19 20:04:19,lombar,16632,0,2528,84,-209,320,638765
2026-05-19 20:04:19,lombar,16704,20,2636,-4,-243,344,638787
2026-05-19 20:04:19,esterno,0,0,0,0,0,0,342768
2026-05-19 20:04:19,esterno,0,0,0,0,0,0,342790
2026-05-19 20:04:19,lombar,16696,-100,2664,50,-291,272,638809
2026-05-19 20:04:19,esterno,0,0,0,0,0,0,342812
2026-05-19 20:04:19,lombar,16648,-28,2636,142,-240,337,638831
2026-05-19 20:04:19,esterno,0,0,0,0,0,0,342834
2026-05-19 20:04:19,lombar,16660,80,2536,156,-172,301,638853
2026-05-19 20:04:19,esterno,0,0,0,0,0,0,342856
2026-05-19 20:04:19,lombar,16704,-52,2544,136,-206,294,638875
2026-05-19 20:04:19,esterno,0,0,0,0,0,0,342878
2026-05-19 20:04:19,lombar,16640,-88,2540,165,-264,305,638897
2026-05-19 20:04:19,esterno,0,0,0,0,0,0,342900
2026-05-19 20:04:19,lombar,16692,64,2776,165,-349,333,638919
2026-05-19 20:04:19,esterno,0,0,0,0,0,0,342922
2026-05-19 20:04:19,lombar,16652,12,2668,87,-300,298,638941
2026-05-19 20:04:20,esterno,0,0,0,0,0,0,342944
2026-05-19 20:04:20,lombar,16652,-152,2636,61,-298,264,638963
2026-05-19 20:04:20,esterno,0,0,0,0,0,0,342966
2026-05-19 20:04:20,lombar,16720,52,2460,125,-310,297,638985
2026-05-19 20:04:20,esterno,0,0,0,0,0,0,342988
2026-05-19 20:04:20,lombar,16576,112,2560,73,-324,355,639007
2026-05-19 20:04:20,lombar,16628,40,2624,92,-345,368,639029
2026-05-19 20:04:20,esterno,0,0,0,0,0,0,343010
2026-05-19 20:04:20,esterno,0,0,0,0,0,0,343032
2026-05-19 20:04:20,lombar,16664,140,2772,135,-384,367,639051
2026-05-19 20:04:20,esterno,0,0,0,0,0,0,343054
2026-05-19 20:04:20,lombar,16696,112,2708,124,-378,451,639073
2026-05-19 20:04:20,lombar,16756,40,2592,128,-368,431,639095
2026-05-19 20:04:20,esterno,0,0,0,0,0,0,343076
2026-05-19 20:04:20,esterno,0,0,0,0,0,0,343098
2026-05-19 20:04:20,lombar,16724,76,2500,61,-366,441,639117
2026-05-19 20:04:20,esterno,0,0,0,0,0,0,343120
2026-05-19 20:04:20,lombar,16652,32,2488,96,-341,349,639139
2026-05-19 20:04:20,esterno,0,0,0,0,0,0,343142
2026-05-19 20:04:20,lombar,16628,-136,2508,91,-360,421,639161
2026-05-19 20:04:20,esterno,0,0,0,0,0,0,343164
2026-05-19 20:04:20,lombar,16660,24,2444,65,-333,420,639183
2026-05-19 20:04:20,esterno,0,0,0,0,0,0,343186
2026-05-19 20:04:20,lombar,16848,184,2340,109,-153,410,639205
2026-05-19 20:04:20,esterno,0,0,0,0,0,0,343208
2026-05-19 20:04:20,lombar,16616,12,2592,18,-352,431,639227
2026-05-19 20:04:20,esterno,0,0,0,0,0,0,343230
2026-05-19 20:04:20,lombar,16692,-28,2588,28,-254,392,639249
2026-05-19 20:04:20,esterno,0,0,0,0,0,0,343252
2026-05-19 20:04:20,lombar,16736,-56,2460,83,-176,337,639271
2026-05-19 20:04:20,esterno,0,0,0,0,0,0,343274
2026-05-19 20:04:20,lombar,16720,40,2540,98,-216,287,639293
2026-05-19 20:04:20,esterno,0,0,0,0,0,0,343296
2026-05-19 20:04:20,lombar,16644,-28,2584,78,-264,360,639315
2026-05-19 20:04:20,esterno,0,0,0,0,0,0,343318
2026-05-19 20:04:20,lombar,16816,-108,2496,127,-208,314,639337
2026-05-19 20:04:20,esterno,0,0,0,0,0,0,343340
2026-05-19 20:04:20,lombar,16692,-212,2436,137,-135,323,639359
2026-05-19 20:04:20,esterno,0,0,0,0,0,0,343362
2026-05-19 20:04:20,lombar,16592,-20,2600,91,-160,240,639381
2026-05-19 20:04:20,lombar,16740,144,2456,81,-171,288,639403
2026-05-19 20:04:20,esterno,0,0,0,0,0,0,343384
2026-05-19 20:04:20,esterno,0,0,0,0,0,0,343406
2026-05-19 20:04:20,lombar,16680,4,2616,81,-202,336,639425
2026-05-19 20:04:20,lombar,16684,28,2684,34,-217,310,639447
2026-05-19 20:04:20,esterno,0,0,0,0,0,0,343428
2026-05-19 20:04:20,esterno,0,0,0,0,0,0,343450
2026-05-19 20:04:20,lombar,16740,24,2704,11,-143,362,639469
2026-05-19 20:04:20,esterno,0,0,0,0,0,0,343472
2026-05-19 20:04:20,lombar,16540,-68,2556,45,-152,268,639491
2026-05-19 20:04:20,esterno,0,0,0,0,0,0,343494
2026-05-19 20:04:20,lombar,16660,-88,2484,25,-146,317,639513
2026-05-19 20:04:20,esterno,0,0,0,0,0,0,343516
2026-05-19 20:04:20,lombar,16688,-92,2528,101,-82,253,639535
2026-05-19 20:04:53,esterno,1776,16088,-368,-724,593,66,14882
2026-05-19 20:04:53,esterno,1980,16032,-296,-842,209,21,14904
2026-05-19 20:04:53,lombar,16712,384,1832,244,-132,373,672315
2026-05-19 20:04:53,lombar,16816,404,2056,118,-113,406,672337
2026-05-19 20:04:53,esterno,2064,15868,-316,-628,83,-78,14926
2026-05-19 20:04:53,lombar,16740,240,1844,104,-139,342,672359
2026-05-19 20:04:53,esterno,2136,15732,-712,-289,52,163,14948
2026-05-19 20:04:53,lombar,16684,460,1808,110,-173,384,672381
2026-05-19 20:04:53,esterno,1860,15776,-316,-210,100,76,14970
2026-05-19 20:04:53,lombar,16536,492,1884,43,-157,450,672403
2026-05-19 20:04:53,esterno,1928,15980,-280,-327,148,-35,14992
2026-05-19 20:04:53,lombar,16644,424,1752,13,-223,354,672425
2026-05-19 20:04:53,esterno,2224,15764,-88,-633,188,-13,15014
2026-05-19 20:04:53,lombar,16680,352,1868,-65,-194,350,672447
2026-05-19 20:04:53,esterno,2168,15744,-36,-749,164,25,15036
2026-05-19 20:04:53,lombar,16704,212,1724,8,-200,395,672469
2026-05-19 20:04:53,esterno,3092,16592,-348,-1039,511,165,15058
2026-05-19 20:04:53,lombar,16752,292,1792,72,-219,385,672491
2026-05-19 20:04:53,esterno,2016,15936,-284,-1185,410,329,15080
2026-05-19 20:04:53,lombar,16796,280,1712,8,-164,410,672513
2026-05-19 20:04:53,esterno,2144,16248,-316,-1482,595,137,15102
2026-05-19 20:04:53,lombar,16784,156,1708,89,-197,377,672535
2026-05-19 20:04:53,esterno,2236,15956,-368,-1118,317,54,15124
2026-05-19 20:04:53,lombar,16828,304,1652,111,-192,381,672557
2026-05-19 20:04:53,esterno,2036,15868,-200,-115,64,37,15146
2026-05-19 20:04:53,lombar,16812,332,1880,56,-236,321,672579
2026-05-19 20:04:53,esterno,2080,15916,188,-334,-20,-57,15168
2026-05-19 20:04:53,lombar,16712,244,1976,37,-224,356,672601
2026-05-19 20:04:53,esterno,2204,15844,-388,-287,54,-50,15190
2026-05-19 20:04:53,lombar,16616,244,1948,88,-203,382,672623
2026-05-19 20:04:53,esterno,1896,15696,224,-163,-86,-123,15212
2026-05-19 20:04:53,lombar,16752,316,1824,74,-156,365,672645
2026-05-19 20:04:53,esterno,2232,15960,48,-263,-320,-114,15234
2026-05-19 20:04:53,lombar,16716,248,1776,86,-77,389,672667
2026-05-19 20:04:53,esterno,2216,15856,-324,-572,-179,-36,15256
2026-05-19 20:04:53,lombar,16724,244,1796,63,-210,322,672689
2026-05-19 20:04:53,esterno,2100,15776,-124,-508,189,-118,15278
2026-05-19 20:04:53,lombar,16764,400,1736,104,-46,365,672711
2026-05-19 20:04:53,esterno,1980,15940,320,-220,144,-114,15300
2026-05-19 20:04:53,lombar,16752,288,1960,70,-82,460,672733
2026-05-19 20:04:53,esterno,2160,16024,60,-228,234,-73,15322
2026-05-19 20:04:53,lombar,16776,284,1948,100,-171,440,672755
2026-05-19 20:04:53,esterno,2040,15880,188,-454,336,-6,15344
2026-05-19 20:04:53,lombar,16628,320,1916,39,-219,467,672777
2026-05-19 20:04:53,esterno,2104,16000,-36,-369,256,36,15366
2026-05-19 20:04:53,lombar,16720,336,1960,-13,-235,467,672799
2026-05-19 20:04:53,esterno,1812,15944,60,-267,162,-2,15388
2026-05-19 20:04:53,lombar,16808,144,1720,66,-253,344,672821
2026-05-19 20:04:53,esterno,1908,15736,-168,-178,206,-208,15410
2026-05-19 20:04:53,lombar,16680,64,1944,92,-247,396,672843
2026-05-19 20:04:53,esterno,2244,15768,-96,-262,322,-239,15432
2026-05-19 20:04:53,lombar,16740,228,1888,140,-223,375,672865
2026-05-19 20:04:53,esterno,2036,15916,20,-369,343,-78,15454
2026-05-19 20:04:53,lombar,16672,136,2052,143,-165,482,672887
2026-05-19 20:04:53,esterno,1796,15768,16,-344,451,-39,15476
2026-05-19 20:04:53,lombar,16808,252,2040,179,-208,448,672909
2026-05-19 20:04:53,esterno,1756,15740,208,-95,418,-178,15498
2026-05-19 20:04:53,lombar,16696,312,2060,108,-223,347,672931
2026-05-19 20:04:53,esterno,2084,15736,196,-49,281,-219,15520
2026-05-19 20:04:53,lombar,16660,244,1876,121,-181,387,672953
2026-05-19 20:04:54,esterno,2444,15936,348,164,296,22,15542
2026-05-19 20:04:54,lombar,16780,92,1852,199,-226,345,672975
2026-05-19 20:04:54,esterno,1800,15864,356,-50,226,144,15564
2026-05-19 20:04:54,lombar,16660,240,1964,131,-190,322,672997
2026-05-19 20:04:54,esterno,1604,15844,344,164,2,-132,15586
2026-05-19 20:04:54,lombar,16740,264,1828,75,-133,363,673019
2026-05-19 20:04:54,esterno,2324,15776,312,69,18,-330,15608
2026-05-19 20:04:54,lombar,16808,284,1816,129,-214,349,673041
2026-05-19 20:04:54,esterno,2336,16172,0,-249,141,-149,15630
2026-05-19 20:04:54,lombar,16828,200,1876,141,-184,350,673063
2026-05-19 20:04:54,esterno,1716,16164,-44,-308,329,82,15652
2026-05-19 20:04:54,lombar,16720,356,1924,51,-80,279,673085
2026-05-19 20:04:54,esterno,1716,15704,-88,-117,457,29,15674
2026-05-19 20:04:54,lombar,16680,132,1932,23,10,276,673107
2026-05-19 20:04:54,esterno,2348,16132,-160,-491,863,-151,15696
2026-05-19 20:04:54,lombar,16876,252,2092,111,-38,237,673129
2026-05-19 20:04:54,esterno,2060,16308,132,-890,828,-90,15718
2026-05-19 20:04:54,lombar,16708,232,2052,108,-125,310,673151
2026-05-19 20:04:54,esterno,1728,15856,-120,-872,642,-186,15740
2026-05-19 20:04:54,lombar,16476,136,2092,104,-107,318,673173
2026-05-19 20:04:54,esterno,1900,15680,-124,-648,583,-133,15762
2026-05-19 20:04:54,lombar,16632,276,2040,125,-83,367,673195
2026-05-19 20:04:54,esterno,2036,15520,-320,-695,543,-39,15784
2026-05-19 20:04:54,lombar,16584,196,1844,155,-100,463,673217
2026-05-19 20:04:54,esterno,2056,15736,112,-654,539,-187,15806
2026-05-19 20:04:54,lombar,16544,240,2080,234,-209,408,673239
2026-05-19 20:04:54,esterno,2524,16704,-96,32,643,188,15828
2026-05-19 20:04:54,lombar,16708,228,2132,175,-340,393,673261
2026-05-19 20:04:54,esterno,2156,15852,-56,280,307,528,15850
2026-05-19 20:04:54,lombar,16972,0,1972,141,-437,560,673283
2026-05-19 20:04:54,esterno,1820,14956,928,-180,555,-83,15872
2026-05-19 20:04:54,lombar,16652,132,1976,238,-350,557,673305
2026-05-19 20:04:54,esterno,1908,15560,656,370,-82,-349,15894
2026-05-19 20:04:54,lombar,16744,116,1984,222,-189,513,673327
2026-05-19 20:04:54,esterno,1748,16232,544,597,-476,86,15916
2026-05-19 20:04:54,lombar,16808,316,1752,152,-210,383,673349
2026-05-19 20:04:54,esterno,1812,15988,180,226,-225,124,15938
2026-05-19 20:04:54,lombar,16860,416,1704,123,-157,538,673371
2026-05-19 20:04:54,esterno,2092,16316,320,-18,-92,139,15960
2026-05-19 20:04:54,lombar,16728,352,1588,94,-51,566,673393
2026-05-19 20:04:54,esterno,2288,16064,156,370,117,171,15982
2026-05-19 20:04:54,lombar,16712,108,1780,82,76,624,673415
2026-05-19 20:04:54,lombar,16616,208,1928,91,36,682,673437
2026-05-19 20:04:54,esterno,1780,15828,584,602,81,-80,16004
2026-05-19 20:04:54,esterno,1488,16112,308,71,-205,-84,16026
2026-05-19 20:04:54,lombar,16844,176,1944,-145,78,828,673459
2026-05-19 20:04:54,esterno,1860,16124,212,-235,-431,-11,16048
2026-05-19 20:04:54,lombar,16924,8,2048,-85,274,891,673481
2026-05-19 20:04:54,lombar,16684,-8,2272,-137,149,801,673503
2026-05-19 20:04:54,esterno,2092,15928,-256,-521,-320,39,16070
2026-05-19 20:04:54,esterno,2020,15276,-332,-34,-65,-87,16092
2026-05-19 20:04:54,lombar,16420,-12,2420,-61,30,862,673525
2026-05-19 20:04:54,esterno,1728,15712,-8,434,-138,-161,16114
2026-05-19 20:04:54,lombar,16668,44,2176,-70,-52,620,673547
2026-05-19 20:04:54,esterno,1864,16044,-396,-333,25,-149,16136
2026-05-19 20:04:54,lombar,17060,-92,2316,-154,-124,318,673569
2026-05-19 20:04:54,lombar,16748,-52,1860,-8,12,273,673591
2026-05-19 20:04:54,esterno,2148,16468,588,-559,-76,93,16158
2026-05-19 20:04:54,esterno,2012,16260,188,-684,163,105,16180
2026-05-19 20:04:54,lombar,16676,0,2284,-135,-140,333,673613
2026-05-19 20:04:54,esterno,1980,15740,196,-391,61,-198,16202
2026-05-19 20:04:54,lombar,16868,-124,2340,39,-477,325,673635
2026-05-19 20:04:54,esterno,1720,15832,88,-597,7,-151,16224
2026-05-19 20:04:54,lombar,16812,-48,1892,67,-177,349,673657
2026-05-19 20:04:54,esterno,2072,16304,4,-900,-87,271,16246
2026-05-19 20:04:54,lombar,16624,-52,2404,89,-260,299,673679
2026-05-19 20:04:54,esterno,2312,16224,16,-794,-30,271,16268
2026-05-19 20:04:54,lombar,16648,16,2292,48,-558,283,673701
2026-05-19 20:04:54,esterno,2112,15688,24,-963,185,-55,16290
2026-05-19 20:04:54,lombar,16400,124,2408,47,-696,293,673723
2026-05-19 20:04:54,esterno,2036,15512,-136,-1202,308,148,16312
2026-05-19 20:04:54,lombar,16680,-116,2396,6,-522,321,673745
2026-05-19 20:04:54,esterno,2196,15596,-764,-550,180,384,16334
2026-05-19 20:04:54,lombar,17024,-124,2328,192,-477,230,673767
2026-05-19 20:04:54,esterno,2128,16340,-180,-172,154,383,16356
2026-05-19 20:04:54,lombar,16660,252,2324,207,-571,334,673789
2026-05-19 20:04:54,lombar,16460,120,2296,75,-820,397,673811
2026-05-19 20:04:54,esterno,2096,16352,248,-816,199,402,16378
2026-05-19 20:04:54,esterno,2164,16136,188,-1235,392,329,16400
2026-05-19 20:04:54,lombar,16540,84,2240,23,-727,427,673833
2026-05-19 20:04:54,esterno,1928,14676,-916,-1046,1098,167,16422
2026-05-19 20:04:54,lombar,16424,104,2396,-19,-917,380,673855
2026-05-19 20:04:54,esterno,1260,14956,828,591,572,-359,16444
2026-05-19 20:04:54,lombar,16736,16,2176,-88,-1041,350,673877
2026-05-19 20:04:54,esterno,1916,16488,428,-961,433,151,16466
2026-05-19 20:04:54,lombar,16956,96,1920,30,-838,313,673899
2026-05-19 20:04:54,esterno,2604,16068,128,-1167,335,329,16488
2026-05-19 20:04:54,lombar,16844,4,1684,37,-758,470,673921
2026-05-19 20:04:54,esterno,2984,16348,312,32,290,-80,16510
2026-05-19 20:04:54,lombar,16856,-80,1740,-105,-1055,475,673943
2026-05-19 20:04:55,lombar,16836,44,1808,-70,-798,396,673965
2026-05-19 20:04:55,esterno,2404,16128,608,-181,720,37,16532
2026-05-19 20:04:55,esterno,2288,15600,856,-679,232,380,16554
2026-05-19 20:04:55,lombar,16736,-28,1804,-87,-771,292,673987
2026-05-19 20:04:55,esterno,1984,15744,448,-558,399,676,16576
2026-05-19 20:04:55,lombar,16524,-252,1888,-3,-483,280,674009
2026-05-19 20:04:55,esterno,1944,15608,316,-875,688,622,16598
2026-05-19 20:04:55,lombar,16716,68,1612,193,-737,253,674031
2026-05-19 20:04:55,esterno,2032,15824,448,-681,984,591,16620
2026-05-19 20:04:55,lombar,16668,-140,1352,293,-785,318,674053
2026-05-19 20:04:55,esterno,2364,16244,588,-356,1011,513,16642
2026-05-19 20:04:55,lombar,16888,96,1544,375,-905,459,674075
2026-05-19 20:04:55,esterno,2436,16140,940,-606,1359,568,16664
2026-05-19 20:04:55,lombar,16840,32,1716,254,-1236,456,674097
2026-05-19 20:04:55,esterno,2232,15900,900,-1031,1522,586,16686
2026-05-19 20:04:55,lombar,16788,36,1644,119,-1325,362,674119
2026-05-19 20:04:55,esterno,2072,15720,752,-1054,1490,497,16708
2026-05-19 20:04:55,lombar,16676,-112,1728,44,-1362,316,674141
2026-05-19 20:04:55,esterno,1792,15288,864,-603,1223,430,16730
2026-05-19 20:04:55,lombar,16688,-220,2028,177,-1478,340,674163
2026-05-19 20:04:55,esterno,1728,15248,704,-421,934,85,16752
2026-05-19 20:04:55,lombar,16660,-220,1716,162,-1747,279,674185
2026-05-19 20:04:55,esterno,2092,15536,428,-607,783,-149,16774
2026-05-19 20:04:55,lombar,16800,-284,1516,-82,-1949,88,674207
2026-05-19 20:04:55,esterno,2284,15920,308,-468,945,-59,16796
2026-05-19 20:04:55,lombar,17056,-96,1152,-64,-1723,49,674229
2026-05-19 20:04:55,esterno,1988,15732,1196,355,838,-115,16818
2026-05-19 20:04:55,lombar,16960,72,1144,266,-1370,34,674251
2026-05-19 20:04:55,esterno,1864,15800,1556,484,836,-167,16840
2026-05-19 20:04:55,lombar,16748,-140,920,438,-1073,103,674273
2026-05-19 20:04:55,esterno,2348,15788,1376,296,474,-189,16862
2026-05-19 20:04:55,lombar,16856,-128,1116,438,-742,216,674295
2026-05-19 20:04:55,esterno,2392,15792,1480,234,669,-44,16884
2026-05-19 20:04:55,lombar,16940,44,896,345,-592,169,674317
2026-05-19 20:04:55,esterno,2636,15588,1368,317,752,-32,16906
2026-05-19 20:04:55,lombar,16924,12,656,362,-296,106,674339
2026-05-19 20:04:55,esterno,2728,16052,1800,249,801,127,16928
2026-05-19 20:04:55,lombar,17212,128,504,525,34,82,674361
2026-05-19 20:04:55,esterno,2608,16096,1740,226,755,385,16950
2026-05-19 20:04:55,lombar,17144,268,424,628,203,204,674383
2026-05-19 20:04:55,esterno,2236,15672,1368,364,860,263,16972
2026-05-19 20:04:55,lombar,17000,352,588,545,107,355,674405
2026-05-19 20:04:55,lombar,16996,468,676,328,76,358,674427
2026-05-19 20:04:55,esterno,2104,15504,1388,582,915,111,16994
2026-05-19 20:04:55,esterno,1960,15408,1476,766,700,16,17016
2026-05-19 20:04:55,lombar,16744,188,1048,307,334,380,674449
2026-05-19 20:04:55,esterno,2112,15112,1056,965,607,-117,17038
2026-05-19 20:04:55,lombar,16820,84,1172,189,556,308,674471
2026-05-19 20:04:55,esterno,1852,15400,1064,1213,317,80,17060
2026-05-19 20:04:55,lombar,16920,316,1616,105,595,384,674493
2026-05-19 20:04:55,esterno,1496,15652,664,1085,-560,255,17082
2026-05-19 20:04:55,lombar,16988,176,1644,36,641,332,674515
2026-05-19 20:04:55,esterno,1744,16076,296,694,-464,-160,17104
2026-05-19 20:04:55,lombar,16544,80,1592,-63,795,330,674537
2026-05-19 20:04:55,esterno,2324,16132,288,808,-829,-353,17126
2026-05-19 20:04:55,lombar,16388,124,2076,-254,546,407,674559
2026-05-19 20:04:55,lombar,16592,400,2128,-215,655,485,674581
2026-05-19 20:04:55,esterno,2636,15772,-4,1006,-1149,-463,17148
2026-05-19 20:04:55,esterno,2656,15612,-272,892,-765,-348,17170
2026-05-19 20:04:55,lombar,16408,264,2024,-306,586,465,674603
2026-05-19 20:04:55,esterno,2868,15972,132,840,-976,-88,17192
2026-05-19 20:04:55,lombar,16780,64,1648,-365,452,353,674625
2026-05-19 20:04:55,esterno,2748,16372,-12,940,-906,271,17214
2026-05-19 20:04:55,lombar,16824,-108,1388,-262,383,284,674647
2026-05-19 20:04:55,esterno,2380,16296,-144,1232,37,87,17236
2026-05-19 20:04:55,lombar,16860,-80,1392,88,291,328,674669
2026-05-19 20:04:55,esterno,1948,15912,172,1433,259,-283,17258
2026-05-19 20:04:55,lombar,16724,-76,1692,293,262,413,674691
2026-05-19 20:04:55,esterno,2132,16008,196,1282,393,-404,17280
2026-05-19 20:04:55,lombar,16816,12,1432,306,146,449,674713
2026-05-19 20:04:55,lombar,16704,144,1688,290,68,487,674735
2026-05-19 20:04:55,esterno,2208,16116,60,888,429,-426,17302
2026-05-19 20:04:55,esterno,2280,16020,-328,707,479,-337,17324
2026-05-19 20:04:55,lombar,16716,32,1748,108,-91,495,674757
2026-05-19 20:04:55,esterno,2044,16088,-424,572,505,-309,17346
2026-05-19 20:04:55,lombar,16688,104,1784,-61,-232,512,674779
2026-05-19 20:04:55,esterno,1880,15752,-484,510,410,-265,17368
2026-05-19 20:04:55,lombar,16676,-44,2044,-6,-253,452,674801
2026-05-19 20:04:55,esterno,2048,15764,-492,800,389,-372,17390
2026-05-19 20:04:55,lombar,16640,-56,2016,54,-156,435,674823
2026-05-19 20:04:55,esterno,2152,16068,-320,966,462,-367,17412
2026-05-19 20:04:55,lombar,16760,20,2168,205,-84,334,674845
2026-05-19 20:04:55,esterno,1892,15876,-544,1033,478,-370,17434
2026-05-19 20:04:55,lombar,16712,-80,1876,148,131,315,674867
2026-05-19 20:04:55,esterno,1828,15792,-220,964,71,-356,17456
2026-05-19 20:04:55,lombar,16672,0,1980,84,-156,287,674889
2026-05-19 20:04:55,esterno,1892,15948,-464,818,45,-259,17478
2026-05-19 20:04:55,lombar,16816,-68,1732,154,32,296,674911
2026-05-19 20:04:55,esterno,2128,16064,-452,856,35,-220,17500
2026-05-19 20:04:55,lombar,16792,0,1656,218,-21,341,674933
2026-05-19 20:04:56,esterno,1996,16020,-68,992,38,-397,17522
2026-05-19 20:04:56,lombar,16708,180,1676,212,-183,429,674955
2026-05-19 20:04:56,esterno,1912,16036,-488,757,-97,-360,17544
2026-05-19 20:04:56,lombar,16748,140,1412,38,-319,425,674977
2026-05-19 20:04:56,lombar,16756,8,1904,131,-297,434,674999
2026-05-19 20:04:56,esterno,2076,16084,-528,606,31,-303,17566
2026-05-19 20:04:56,esterno,2088,16088,-232,520,78,-202,17588
2026-05-19 20:04:56,lombar,16912,96,1608,148,-186,460,675021
2026-05-19 20:04:56,lombar,16724,44,1908,75,-252,488,675043
2026-05-19 20:04:56,esterno,2252,16104,-584,569,96,-202,17610
2026-05-19 20:04:56,esterno,2048,16004,-756,655,258,-252,17632
2026-05-19 20:04:56,lombar,16720,68,1780,53,-92,483,675065
2026-05-19 20:04:56,esterno,1884,16028,-672,878,188,-233,17654
2026-05-19 20:04:56,lombar,16700,-4,1692,36,-45,381,675087
2026-05-19 20:04:56,esterno,1768,16040,-784,848,167,-172,17676
2026-05-19 20:04:56,lombar,16860,-76,1844,60,-92,413,675109
2026-05-19 20:04:56,esterno,1892,16076,-872,795,202,-220,17698
2026-05-19 20:04:56,lombar,16740,-80,1896,49,-92,450,675131
2026-05-19 20:04:56,esterno,1920,15852,-1084,977,265,-333,17720
2026-05-19 20:04:56,lombar,16700,96,1756,123,-116,480,675153
2026-05-19 20:04:56,esterno,1924,15928,-1124,905,607,-349,17742
2026-05-19 20:04:56,lombar,16688,-16,1788,63,-230,451,675175
2026-05-19 20:04:56,esterno,1952,16144,-1028,863,618,-281,17764
2026-05-19 20:04:56,lombar,16744,-16,1844,62,-92,404,675197
2026-05-19 20:04:56,esterno,1664,16160,-584,933,500,-352,17786
2026-05-19 20:04:56,lombar,16836,-8,1688,154,-31,422,675219
2026-05-19 20:04:56,esterno,1852,16216,-632,470,-174,-269,17808
2026-05-19 20:04:56,lombar,16796,-208,1800,192,141,402,675241
2026-05-19 20:04:56,esterno,1656,15880,-1468,146,-58,-365,17830
2026-05-19 20:04:56,lombar,16712,24,1860,-121,130,423,675263
2026-05-19 20:04:56,esterno,1536,15584,-1584,368,108,-596,17852
2026-05-19 20:04:56,lombar,16904,84,1904,-74,71,437,675285
2026-05-19 20:04:56,esterno,1808,15844,-1592,598,125,-593,17874
2026-05-19 20:04:56,lombar,16696,12,2320,102,44,410,675307
2026-05-19 20:04:56,esterno,2020,16112,-1324,399,168,-494,17896
2026-05-19 20:04:56,lombar,16596,-112,1912,-44,-204,474,675329
2026-05-19 20:04:56,esterno,1976,16108,-1104,290,64,-396,17918
2026-05-19 20:04:56,lombar,16780,-48,1948,-41,-158,498,675351
2026-05-19 20:04:56,esterno,1844,15796,-1448,276,176,-352,17940
2026-05-19 20:04:56,lombar,16976,-136,1756,-1,-85,475,675373
2026-05-19 20:04:56,esterno,1824,15908,-984,143,161,-246,17962
2026-05-19 20:04:56,lombar,16788,-104,1952,-90,-135,443,675395
2026-05-19 20:04:56,esterno,1776,16068,-1280,29,360,-87,17984
2026-05-19 20:04:56,lombar,16708,24,1908,-100,-43,374,675417
2026-05-19 20:04:56,esterno,2004,16100,-1236,163,263,22,18006
2026-05-19 20:04:56,lombar,16668,12,1836,3,-11,413,675439
2026-05-19 20:04:56,esterno,1792,16088,-1152,256,229,64,18028
2026-05-19 20:04:56,lombar,16772,-168,1924,65,-165,474,675461
2026-05-19 20:04:56,esterno,1872,16144,-1140,183,213,194,18050
2026-05-19 20:04:56,lombar,16832,-264,1860,213,-157,449,675483
2026-05-19 20:04:56,esterno,1836,15924,-1372,-106,158,307,18072
2026-05-19 20:04:56,lombar,16560,-132,2064,217,-169,407,675505
2026-05-19 20:04:56,esterno,1716,15812,-1528,-197,396,310,18094
2026-05-19 20:04:56,lombar,16756,-132,2012,163,-234,374,675527
2026-05-19 20:04:56,esterno,1688,16076,-1284,57,210,293,18116
2026-05-19 20:04:56,lombar,16840,-56,2116,125,-173,384,675549
2026-05-19 20:04:56,esterno,1560,16000,-1484,-252,155,242,18138
2026-05-19 20:04:56,lombar,16796,-208,1868,71,-264,358,675571
2026-05-19 20:04:56,esterno,1536,15904,-1372,-424,341,210,18160
2026-05-19 20:04:56,lombar,16704,-196,1820,206,-236,399,675593
2026-05-19 20:04:56,esterno,1780,16080,-1296,-512,340,278,18182
2026-05-19 20:04:56,lombar,16784,-164,2112,40,-489,441,675615
2026-05-19 20:04:56,esterno,1788,16092,-1224,-706,287,207,18204
2026-05-19 20:04:56,lombar,16868,-184,2068,97,-345,361,675637
2026-05-19 20:04:56,esterno,1684,15900,-1156,-580,205,205,18226
2026-05-19 20:04:56,lombar,16672,-92,2172,79,-260,335,675659
2026-05-19 20:04:56,esterno,1644,15884,-1508,-741,146,131,18248
2026-05-19 20:04:56,lombar,16536,-56,1828,78,-368,290,675681
2026-05-19 20:04:56,esterno,1700,15928,-1368,-848,275,225,18270
2026-05-19 20:04:56,lombar,16620,-204,2160,-84,-662,348,675703
2026-05-19 20:04:56,esterno,1848,15944,-1296,-856,187,177,18292
2026-05-19 20:04:56,lombar,16748,-120,2032,89,-442,296,675725
2026-05-19 20:04:56,esterno,1824,15640,-1524,-811,213,124,18314
2026-05-19 20:04:56,lombar,16708,-128,1700,47,-237,308,675747
2026-05-19 20:04:56,esterno,1776,15748,-1460,-852,324,74,18336
2026-05-19 20:04:56,lombar,16552,-24,2268,-2,-344,350,675769
2026-05-19 20:04:56,esterno,2024,15500,-1364,-954,393,5,18358
2026-05-19 20:04:56,lombar,16660,-224,2136,-26,-475,346,675791
2026-05-19 20:04:56,esterno,1700,14976,-1524,-1123,551,-109,18380
2026-05-19 20:04:56,lombar,16560,-240,2168,164,-265,189,675813
2026-05-19 20:04:56,esterno,1712,14944,-1220,-1550,188,50,18402
2026-05-19 20:04:56,lombar,16440,-56,2160,108,-238,136,675835
2026-05-19 20:04:56,esterno,1836,14236,-184,-3268,-81,385,18424
2026-05-19 20:04:56,lombar,16924,-312,1880,98,-181,-5,675857
2026-05-19 20:04:56,esterno,1308,12472,-1396,-5074,888,-10,18446
2026-05-19 20:04:56,lombar,16748,140,1796,171,503,-180,675879
2026-05-19 20:04:56,esterno,1980,15016,-2680,-3275,662,437,18468
2026-05-19 20:04:56,lombar,15888,296,2692,-34,110,207,675901
2026-05-19 20:04:56,esterno,2220,18656,-632,-869,195,902,18490
2026-05-19 20:04:56,lombar,16020,-80,2824,100,113,513,675923
2026-05-19 20:04:56,esterno,2264,17680,252,-49,124,269,18512
2026-05-19 20:04:56,lombar,16860,-568,2728,190,-695,200,675945
2026-05-19 20:04:57,lombar,18232,-68,1604,50,-489,43,675967
2026-05-19 20:04:57,esterno,1748,15908,-1616,-499,419,-386,18534
2026-05-19 20:04:57,esterno,1888,16732,-164,-291,4,63,18556
2026-05-19 20:04:57,lombar,17796,404,1676,299,55,165,675989
2026-05-19 20:04:57,esterno,1856,16516,804,382,84,-157,18578
2026-05-19 20:04:57,lombar,16260,332,1872,374,-127,250,676011
2026-05-19 20:04:57,esterno,2264,15672,132,-196,120,-320,18600
2026-05-19 20:04:57,lombar,15560,40,2056,133,-146,226,676033
2026-05-19 20:04:57,esterno,1912,15008,-148,-451,35,42,18622
2026-05-19 20:04:57,lombar,16476,176,1992,-85,-180,241,676055
2026-05-19 20:04:57,esterno,1784,15624,-616,-943,314,113,18644
2026-05-19 20:04:57,lombar,17104,-132,1852,73,-99,231,676077
2026-05-19 20:04:57,esterno,2172,15980,-116,-998,252,396,18666
2026-05-19 20:04:57,lombar,17020,36,1692,125,-7,264,676099
2026-05-19 20:04:57,esterno,2028,16340,-36,-482,-182,523,18688
2026-05-19 20:04:57,lombar,16732,-172,1836,-53,-428,337,676121
2026-05-19 20:04:57,esterno,1924,16468,-204,-388,-15,328,18710
2026-05-19 20:04:57,lombar,17024,-32,1944,109,-277,394,676143
2026-05-19 20:04:57,esterno,1932,16220,156,-494,-65,242,18732
2026-05-19 20:04:57,lombar,16996,172,2324,108,-295,442,676165
2026-05-19 20:04:57,esterno,1920,15680,84,-685,190,32,18754
2026-05-19 20:04:57,lombar,16684,152,1820,44,-167,459,676187
2026-05-19 20:04:57,esterno,2132,15672,72,-789,176,54,18776
2026-05-19 20:04:57,lombar,16412,76,2208,58,-12,402,676209
2026-05-19 20:04:57,esterno,2204,15732,8,-686,142,317,18798
2026-05-19 20:04:57,lombar,16648,40,2236,84,17,378,676231
2026-05-19 20:04:57,esterno,2140,15752,-52,-556,224,397,18820
2026-05-19 20:04:57,lombar,16784,132,2040,88,64,421,676253
2026-05-19 20:04:57,esterno,2136,15744,72,-445,235,484,18842
2026-05-19 20:04:57,lombar,16796,52,2032,-18,91,404,676275
2026-05-19 20:04:57,esterno,1988,15840,44,-607,377,273,18864
2026-05-19 20:04:57,lombar,16900,80,2104,-71,-16,336,676297
2026-05-19 20:04:57,esterno,2100,15984,-160,-985,297,265,18886
2026-05-19 20:04:57,lombar,16680,-232,1924,25,238,366,676319
2026-05-19 20:04:57,esterno,2080,16156,132,-759,365,421,18908
2026-05-19 20:04:57,lombar,16580,-112,2264,78,49,356,676341
2026-05-19 20:04:57,esterno,2004,16212,248,-344,176,415,18930
2026-05-19 20:04:57,lombar,16856,-128,2028,109,-45,393,676363
2026-05-19 20:04:57,esterno,1744,16392,452,-168,16,398,18952
2026-05-19 20:04:57,lombar,16772,-220,2088,206,-39,272,676385
2026-05-19 20:04:57,esterno,1964,16500,528,-127,-90,523,18974
2026-05-19 20:04:57,lombar,16792,68,1548,188,-133,191,676407
2026-05-19 20:04:57,esterno,1912,16516,1248,-94,7,478,18996
2026-05-19 20:04:57,lombar,16920,184,2248,-59,-305,347,676429
2026-05-19 20:04:57,esterno,2376,16588,876,-375,-685,736,19018
2026-05-19 20:04:57,lombar,17096,132,1896,53,-67,222,676451
2026-05-19 20:04:57,esterno,2136,16028,252,-448,-771,816,19040
2026-05-19 20:04:57,lombar,16532,204,1976,52,10,215,676473
2026-05-19 20:04:57,esterno,2152,15664,32,-643,-448,611,19062
2026-05-19 20:04:57,lombar,16712,-8,2056,-163,-160,323,676495
2026-05-19 20:04:57,esterno,2336,15592,-228,-860,-219,557,19084
2026-05-19 20:04:57,lombar,16768,-188,2508,-126,-222,338,676517
2026-05-19 20:04:57,esterno,2392,15500,-196,-949,-8,429,19106
2026-05-19 20:04:57,lombar,16444,-152,2532,56,-261,271,676539
2026-05-19 20:04:57,esterno,2176,15528,-484,-782,-144,426,19128
2026-05-19 20:04:57,lombar,16368,-76,2544,-109,-249,251,676561
2026-05-19 20:04:57,esterno,2084,15660,-112,-716,-126,333,19150
2026-05-19 20:04:57,lombar,16536,-28,2596,-159,-299,213,676583
2026-05-19 20:04:57,esterno,2232,15704,-152,-766,70,201,19172
2026-05-19 20:04:57,lombar,16620,-172,2536,18,-436,248,676605
2026-05-19 20:04:57,esterno,2452,15584,-304,-748,258,59,19194
2026-05-19 20:04:57,lombar,16680,-128,2496,112,-306,266,676627
2026-05-19 20:04:57,esterno,2324,15832,232,-469,198,-71,19216
2026-05-19 20:04:57,lombar,16720,-196,2384,221,45,158,676649
2026-05-19 20:04:57,esterno,2264,16000,392,-324,188,-44,19238
2026-05-19 20:04:57,lombar,16604,100,2512,304,17,144,676671
2026-05-19 20:04:57,esterno,2332,15936,640,-375,108,-41,19260
2026-05-19 20:04:57,lombar,16796,264,2248,157,-30,158,676693
2026-05-19 20:04:57,esterno,2108,15840,544,-314,248,-39,19282
2026-05-19 20:04:57,lombar,16768,104,2200,204,46,161,676715
2026-05-19 20:04:57,esterno,2476,15960,480,-458,135,-39,19304
2026-05-19 20:04:57,lombar,16724,104,1788,350,202,40,676737
2026-05-19 20:04:57,esterno,2496,15996,696,-563,363,-58,19326
2026-05-19 20:04:57,lombar,16736,216,1856,291,146,249,676759
2026-05-19 20:04:57,esterno,2448,15884,532,-756,205,-159,19348
2026-05-19 20:04:57,lombar,16672,136,2124,110,-268,364,676781
2026-05-19 20:04:57,esterno,2416,15972,932,-810,20,-35,19370
2026-05-19 20:04:57,lombar,16728,96,2244,125,-199,376,676803
2026-05-19 20:04:57,esterno,2448,15928,852,-961,-98,151,19392
2026-05-19 20:04:57,lombar,16704,116,2388,119,-223,352,676825
2026-05-19 20:04:57,esterno,2584,15752,608,-923,-62,63,19414
2026-05-19 20:04:57,lombar,16664,296,2544,69,-151,387,676847
2026-05-19 20:04:57,esterno,2604,15676,360,-685,91,3,19436
2026-05-19 20:04:57,lombar,16652,108,2280,10,-100,360,676869
2026-05-19 20:04:57,esterno,2432,15496,332,-630,24,-31,19458
2026-05-19 20:04:57,lombar,16628,164,2696,-34,-199,403,676891
2026-05-19 20:04:57,esterno,2344,15464,324,-467,22,3,19480
2026-05-19 20:04:57,lombar,16544,44,2524,55,-202,354,676913
2026-05-19 20:04:57,lombar,16620,104,2632,11,-195,339,676935
2026-05-19 20:04:57,esterno,2340,15808,644,-552,-5,21,19502
2026-05-19 20:04:58,esterno,2372,15716,436,-473,124,-103,19524
2026-05-19 20:04:58,lombar,16692,68,2488,56,-224,334,676957
2026-05-19 20:04:58,esterno,2440,15568,436,-285,100,-199,19546
2026-05-19 20:04:58,lombar,16624,152,2536,72,-346,343,676979
2026-05-19 20:04:58,esterno,2352,15868,696,-365,105,-171,19568
2026-05-19 20:04:58,lombar,16748,-28,2164,-19,-253,319,677001
2026-05-19 20:04:58,esterno,2276,15948,1012,-393,33,-54,19590
2026-05-19 20:04:58,lombar,16760,-20,2612,115,-375,318,677023
2026-05-19 20:04:58,esterno,2312,15856,976,-198,-1,-85,19612
2026-05-19 20:04:58,lombar,16672,-144,2352,152,-348,353,677045
2026-05-19 20:04:58,esterno,2296,15784,212,-120,334,-191,19634
2026-05-19 20:04:58,lombar,16696,128,2412,204,-347,381,677067
2026-05-19 20:04:58,esterno,2300,16140,1488,-234,-48,-210,19656
2026-05-19 20:04:58,lombar,16812,160,2320,149,-330,364,677089
2026-05-19 20:04:58,esterno,2376,16056,984,-343,-185,164,19678
2026-05-19 20:04:58,lombar,16848,-8,2248,74,-235,325,677111
2026-05-19 20:04:58,esterno,2268,15688,572,-424,-295,104,19700
2026-05-19 20:04:58,lombar,16680,-56,2364,97,-149,357,677133
2026-05-19 20:04:58,esterno,2148,15652,512,-436,60,-134,19722
2026-05-19 20:04:58,lombar,16788,-20,2400,137,-163,372,677155
2026-05-19 20:04:58,esterno,2576,16028,512,-258,89,-82,19744
2026-05-19 20:04:58,lombar,16664,116,2376,99,-127,423,677177
2026-05-19 20:04:58,esterno,2304,15808,636,-91,406,32,19766
2026-05-19 20:04:58,lombar,16688,284,2392,63,-146,452,677199
2026-05-19 20:04:58,esterno,1948,15836,872,180,208,-27,19788
2026-05-19 20:04:58,lombar,16732,-104,2368,-165,-275,386,677221
2026-05-19 20:04:58,esterno,2012,16004,888,66,22,41,19810
2026-05-19 20:04:58,lombar,16808,-184,2568,-91,-235,290,677243
2026-05-19 20:04:58,esterno,2208,15768,708,-32,43,-52,19832
2026-05-19 20:04:58,lombar,16672,20,2480,14,-104,276,677265
2026-05-19 20:04:58,esterno,2408,15716,500,-85,102,-48,19854
2026-05-19 20:04:58,lombar,16668,-172,2340,54,-159,230,677287
2026-05-19 20:04:58,esterno,2460,15876,520,-404,115,61,19876
2026-05-19 20:04:58,lombar,16804,-176,2432,110,-317,298,677309
2026-05-19 20:04:58,esterno,2616,15656,504,-307,236,30,19898
2026-05-19 20:04:58,lombar,16712,-204,2320,191,-219,267,677331
2026-05-19 20:04:58,esterno,2580,15712,644,-204,651,-21,19920
2026-05-19 20:04:58,lombar,16656,-8,2368,246,-108,268,677353
2026-05-19 20:04:58,esterno,2452,15968,944,-487,587,-144,19942
2026-05-19 20:04:58,lombar,16824,104,2276,233,-107,336,677375
2026-05-19 20:04:58,esterno,2292,15912,692,-261,429,-187,19964
2026-05-19 20:04:58,lombar,16636,156,2424,344,-120,454,677397
2026-05-19 20:04:58,esterno,2192,15904,928,-39,378,-154,19986
2026-05-19 20:04:58,lombar,16696,132,2380,256,-274,460,677419
2026-05-19 20:04:58,esterno,2096,15984,1104,-190,19,-233,20008
2026-05-19 20:04:58,lombar,16584,180,2568,108,-272,328,677441
2026-05-19 20:04:58,esterno,2068,15964,1104,-438,-260,-189,20030
2026-05-19 20:04:58,lombar,16656,88,2448,-3,-282,390,677463
2026-05-19 20:04:58,esterno,2156,15716,1048,-584,-414,-171,20052
2026-05-19 20:04:58,lombar,16672,24,2524,-13,-247,349,677485
2026-05-19 20:04:58,esterno,2208,15804,804,-408,-477,-100,20074
2026-05-19 20:04:58,lombar,16692,-44,2524,27,-203,396,677507
2026-05-19 20:04:58,esterno,2140,15888,744,-372,-421,-40,20096
2026-05-19 20:04:58,lombar,16760,60,2364,-25,-244,276,677529
2026-05-19 20:04:58,esterno,2268,15696,684,-211,-334,-52,20118
2026-05-19 20:04:58,lombar,16652,72,2404,-16,-214,346,677551
2026-05-19 20:04:58,esterno,2372,15888,840,-111,-268,32,20140
2026-05-19 20:04:58,lombar,16720,24,2500,-42,-188,328,677573
2026-05-19 20:04:58,esterno,2264,15852,808,-103,-175,96,20162
2026-05-19 20:04:58,lombar,16736,-64,2324,58,-125,305,677595
2026-05-19 20:04:58,esterno,2352,15848,984,31,-95,219,20184
2026-05-19 20:04:58,lombar,16824,-80,2600,101,-145,285,677617
2026-05-19 20:04:58,esterno,2340,15844,912,-4,11,204,20206
2026-05-19 20:04:58,lombar,16748,32,2300,163,-41,257,677639
2026-05-19 20:04:58,esterno,2416,15792,568,-125,159,166,20228
2026-05-19 20:04:58,lombar,16692,-32,2480,116,-206,226,677661
2026-05-19 20:04:58,esterno,2432,15792,672,-80,246,114,20250
2026-05-19 20:04:58,lombar,16688,88,2560,147,-159,301,677683
2026-05-19 20:04:58,esterno,2280,15744,932,-93,212,150,20272
2026-05-19 20:04:58,lombar,16584,8,2464,220,-208,357,677705
2026-05-19 20:04:58,esterno,2348,15788,1024,-37,15,256,20294
2026-05-19 20:04:58,lombar,16792,-100,2496,176,-238,338,677727
2026-05-19 20:04:58,esterno,2160,15668,360,133,184,167,20316
2026-05-19 20:04:58,lombar,16668,-72,2356,162,-161,213,677749
2026-05-19 20:04:58,esterno,1908,15760,1460,173,-165,39,20338
2026-05-19 20:04:58,lombar,16648,124,2528,154,-174,320,677771
2026-05-19 20:04:58,esterno,2372,16048,848,138,-370,295,20360
2026-05-19 20:04:58,lombar,16824,-64,2448,56,-218,191,677793
2026-05-19 20:04:58,esterno,2164,15576,544,14,-466,218,20382
2026-05-19 20:04:58,lombar,16728,4,2700,96,-102,235,677815
2026-05-19 20:04:58,esterno,2384,15632,336,-19,-86,19,20404
2026-05-19 20:04:58,lombar,16756,140,2424,74,-76,271,677837
2026-05-19 20:04:58,esterno,2748,15912,600,100,12,-44,20426
2026-05-19 20:04:58,lombar,16792,164,2552,16,-178,267,677859
2026-05-19 20:04:58,esterno,2576,15820,448,312,241,-19,20448
2026-05-19 20:04:58,lombar,16768,136,2248,93,-106,367,677881
2026-05-19 20:04:58,esterno,2456,15832,688,274,260,-18,20470
2026-05-19 20:04:58,lombar,16524,120,2404,-26,-131,355,677903
2026-05-19 20:04:58,esterno,2176,15948,928,198,156,94,20492
2026-05-19 20:04:58,lombar,16812,40,2404,48,-202,356,677925
2026-05-19 20:04:58,esterno,2340,15772,548,83,167,6,20514
2026-05-19 20:04:58,lombar,16704,112,2584,133,-146,365,677947
2026-05-19 20:04:59,esterno,2436,15780,776,31,227,-12,20536
2026-05-19 20:04:59,lombar,16648,100,2624,52,-148,351,677969
2026-05-19 20:04:59,esterno,2368,15904,664,-106,141,39,20558
2026-05-19 20:04:59,lombar,16616,12,2468,63,-216,263,677991
2026-05-19 20:04:59,esterno,2316,15868,452,-29,87,131,20580
2026-05-19 20:04:59,lombar,16788,52,2384,101,-133,343,678013
2026-05-19 20:04:59,esterno,2356,15700,460,-40,259,98,20602
2026-05-19 20:04:59,lombar,16700,216,2744,170,-154,349,678035
2026-05-19 20:04:59,esterno,2168,15844,460,-157,405,30,20624
2026-05-19 20:04:59,lombar,16676,92,2572,139,-227,396,678057
2026-05-19 20:04:59,esterno,2364,15768,560,28,72,-36,20646
2026-05-19 20:04:59,lombar,16656,104,2644,160,-122,356,678079
2026-05-19 20:04:59,esterno,2460,15964,756,126,230,-14,20668
2026-05-19 20:04:59,lombar,16700,156,2576,137,-217,390,678101
2026-05-19 20:04:59,esterno,2368,15972,728,102,45,171,20690
2026-05-19 20:04:59,lombar,16708,48,2572,58,-214,360,678123
2026-05-19 20:04:59,esterno,2260,15800,700,190,-19,162,20712
2026-05-19 20:04:59,lombar,16608,0,2528,108,-172,275,678145
2026-05-19 20:04:59,esterno,2360,15888,596,37,-63,150,20734
2026-05-19 20:04:59,lombar,16680,100,2628,158,-126,281,678167
2026-05-19 20:04:59,esterno,2396,15884,716,-141,-34,104,20756
2026-05-19 20:04:59,lombar,16688,112,2576,92,-191,337,678189
2026-05-19 20:04:59,lombar,16732,200,2432,136,-153,341,678211
2026-05-19 20:04:59,esterno,2424,15848,688,-111,59,129,20778
2026-05-19 20:04:59,esterno,2388,15820,648,14,127,104,20800
2026-05-19 20:04:59,lombar,16604,184,2712,78,-227,296,678233
2026-05-19 20:04:59,esterno,2364,15772,432,24,140,73,20822
2026-05-19 20:04:59,lombar,16712,112,2532,88,-284,354,678255
2026-05-19 20:04:59,esterno,2364,15836,692,74,129,95,20844
2026-05-19 20:04:59,lombar,16748,104,2420,162,-168,380,678277
2026-05-19 20:04:59,esterno,2636,16104,676,-184,146,75,20866
2026-05-19 20:04:59,lombar,16732,104,2616,249,-5,426,678299
2026-05-19 20:04:59,esterno,2632,16020,824,-584,160,310,20888
2026-05-19 20:04:59,lombar,16924,24,2120,342,181,448,678321
2026-05-19 20:04:59,esterno,2756,16124,896,-899,233,524,20910
2026-05-19 20:04:59,lombar,16500,68,2612,280,127,384,678343
2026-05-19 20:04:59,esterno,2584,15956,572,-1116,457,376,20932
2026-05-19 20:04:59,lombar,16732,84,2432,238,151,317,678365
2026-05-19 20:04:59,esterno,2476,15624,644,-943,415,22,20954
2026-05-19 20:04:59,lombar,16508,132,2848,251,150,298,678387
2026-05-19 20:04:59,esterno,2432,15464,444,-407,274,-78,20976
2026-05-19 20:04:59,lombar,16584,128,2968,241,-203,306,678409
2026-05-19 20:04:59,esterno,2336,15572,500,-86,32,-58,20998
2026-05-19 20:04:59,lombar,16604,136,2744,94,-154,325,678431
2026-05-19 20:04:59,esterno,2244,15624,880,3,-194,-59,21020
2026-05-19 20:04:59,lombar,16524,64,2760,25,-207,354,678453
2026-05-19 20:04:59,esterno,2308,15752,328,345,23,-52,21042
2026-05-19 20:04:59,lombar,16604,-92,3004,9,-242,327,678475
2026-05-19 20:04:59,esterno,2476,15976,1116,356,-644,-128,21064
2026-05-19 20:04:59,lombar,16780,-24,2848,40,-61,290,678497
2026-05-19 20:04:59,lombar,16668,16,2892,44,-143,243,678519
2026-05-19 20:04:59,esterno,2632,15864,564,-2,-705,145,21086
2026-05-19 20:04:59,esterno,2484,15796,500,-105,-616,325,21108
2026-05-19 20:04:59,lombar,16760,88,2540,78,-151,324,678541
2026-05-19 20:04:59,esterno,2492,15888,320,197,-68,123,21130
2026-05-19 20:04:59,lombar,16700,88,2836,202,-194,329,678563
2026-05-19 20:04:59,esterno,2792,15860,312,494,72,-82,21152
2026-05-19 20:04:59,lombar,16612,-32,2624,182,-239,376,678585
2026-05-19 20:04:59,esterno,2532,15580,260,139,111,-94,21174
2026-05-19 20:04:59,lombar,16780,168,2676,200,-64,406,678607
2026-05-19 20:04:59,lombar,16656,-160,2652,250,-132,299,678629
2026-05-19 20:04:59,esterno,2292,15636,904,-241,186,178,21196
2026-05-19 20:04:59,esterno,2496,16028,828,-67,137,271,21218
2026-05-19 20:04:59,lombar,16672,40,2856,244,-132,303,678651
2026-05-19 20:04:59,esterno,2512,15836,648,127,116,15,21240
2026-05-19 20:04:59,lombar,16756,60,2940,208,-150,285,678673
2026-05-19 20:04:59,esterno,2420,16064,776,32,284,-61,21262
2026-05-19 20:04:59,lombar,16724,228,2568,184,-12,239,678695
2026-05-19 20:04:59,esterno,2364,15612,104,-331,223,-100,21284
2026-05-19 20:04:59,lombar,16636,64,2752,146,-20,278,678717
2026-05-19 20:04:59,esterno,2548,15732,488,-157,148,-82,21306
2026-05-19 20:04:59,lombar,16572,60,2756,167,-179,320,678739
2026-05-19 20:04:59,esterno,2484,15828,644,-219,293,-110,21328
2026-05-19 20:04:59,lombar,16672,8,2844,107,-208,327,678761
2026-05-19 20:04:59,esterno,2492,15800,656,-272,402,-255,21350
2026-05-19 20:04:59,lombar,16712,136,2732,72,-292,299,678783
2026-05-19 20:04:59,esterno,2568,15884,1004,-439,217,-132,21372
2026-05-19 20:04:59,lombar,16632,128,2784,97,-361,268,678805
2026-05-19 20:04:59,lombar,16756,68,2780,114,-232,319,678827
2026-05-19 20:04:59,esterno,2428,15900,876,-60,318,-66,21394
2026-05-19 20:04:59,esterno,2592,15880,620,-54,209,-136,21416
2026-05-19 20:04:59,lombar,16680,140,2780,54,-268,332,678849
2026-05-19 20:04:59,esterno,2656,15828,924,-309,124,-42,21438
2026-05-19 20:04:59,lombar,16656,40,2720,75,-395,304,678871
2026-05-19 20:04:59,esterno,2376,15732,372,-468,120,-61,21460
2026-05-19 20:04:59,lombar,16656,124,2780,96,-268,320,678893
2026-05-19 20:04:59,esterno,2524,15868,432,-384,92,-58,21482
2026-05-19 20:04:59,lombar,16644,112,2728,76,-346,313,678915
2026-05-19 20:04:59,lombar,16652,280,2848,70,-305,313,678937
2026-05-19 20:04:59,esterno,2572,15740,764,-150,82,32,21504
2026-05-19 20:04:59,esterno,2596,15652,640,70,135,-38,21526
2026-05-19 20:05:00,lombar,16616,104,3008,55,-349,370,678959
2026-05-19 20:05:00,esterno,2468,15732,596,-34,175,-158,21548
2026-05-19 20:05:00,lombar,16692,120,2764,53,-389,351,678981
2026-05-19 20:05:00,esterno,2560,15868,692,-132,205,-91,21570
2026-05-19 20:05:00,lombar,16696,108,2864,58,-363,410,679003
2026-05-19 20:05:00,esterno,2552,15828,524,-153,238,-25,21592
2026-05-19 20:05:00,lombar,16768,40,2740,50,-368,389,679025
2026-05-19 20:05:00,esterno,2476,15784,596,-134,238,-72,21614
2026-05-19 20:05:00,lombar,16660,128,2572,79,-323,340,679047
2026-05-19 20:05:00,esterno,2360,15844,672,-159,145,-71,21636
2026-05-19 20:05:00,lombar,16628,156,2796,107,-445,373,679069
2026-05-19 20:05:00,esterno,2460,15716,432,-246,113,-163,21658
2026-05-19 20:05:00,lombar,16732,28,2584,49,-520,364,679091
2026-05-19 20:05:00,esterno,2468,15804,664,-311,146,-66,21680
2026-05-19 20:05:00,lombar,16692,36,2600,4,-475,320,679113
2026-05-19 20:05:00,lombar,16752,100,2800,86,-352,304,679135
2026-05-19 20:05:00,esterno,2608,15892,1104,-157,99,-35,21702
2026-05-19 20:05:00,esterno,2444,15856,888,34,5,-106,21724
2026-05-19 20:05:00,lombar,16656,96,2608,101,-223,325,679157
2026-05-19 20:05:00,esterno,2444,15788,472,-7,44,-93,21746
2026-05-19 20:05:00,lombar,16684,-8,2788,83,-325,343,679179
2026-05-19 20:05:00,esterno,2332,15652,860,-135,190,-136,21768
2026-05-19 20:05:00,lombar,16800,140,2520,159,-240,318,679201
2026-05-19 20:05:00,esterno,2720,15828,548,-89,-127,-36,21790
2026-05-19 20:05:00,lombar,16556,-12,2776,49,-306,293,679223
2026-05-19 20:05:00,esterno,2424,15816,452,-89,-66,151,21812
2026-05-19 20:05:00,lombar,16652,172,2780,79,-352,292,679245
2026-05-19 20:05:00,esterno,2440,15600,584,-149,259,-69,21834
2026-05-19 20:05:00,lombar,16724,168,2560,145,-124,292,679267
2026-05-19 20:05:00,esterno,2388,15768,496,-1,381,-193,21856
2026-05-19 20:05:00,lombar,16740,260,2772,86,-260,353,679289
2026-05-19 20:05:00,esterno,2416,15820,652,225,307,-223,21878
2026-05-19 20:05:00,lombar,16644,128,2748,92,-253,468,679311
2026-05-19 20:05:00,esterno,2132,15824,608,197,296,-170,21900
2026-05-19 20:05:00,lombar,16720,196,2864,121,-268,453,679333
2026-05-19 20:05:00,esterno,2216,16024,924,-3,196,-152,21922
2026-05-19 20:05:00,lombar,16624,148,2716,25,-326,429,679355
2026-05-19 20:05:00,esterno,2504,15984,780,57,107,-258,21944
2026-05-19 20:05:00,lombar,16588,156,2824,33,-351,346,679377
2026-05-19 20:05:00,esterno,2444,15760,488,132,126,-335,21966
2026-05-19 20:05:00,lombar,16724,40,2772,-22,-279,350,679399
2026-05-19 20:05:00,esterno,2404,15876,428,161,187,-336,21988
2026-05-19 20:05:00,lombar,16760,24,2748,-7,-327,356,679421
2026-05-19 20:05:00,lombar,16604,56,2680,70,-329,362,679443
2026-05-19 20:05:00,esterno,2400,15948,472,257,190,-238,22010
2026-05-19 20:05:00,esterno,2320,15888,376,221,348,-213,22032
2026-05-19 20:05:00,lombar,16788,148,2804,32,-464,346,679465
2026-05-19 20:05:00,esterno,2228,15964,608,206,369,-205,22054
2026-05-19 20:05:00,lombar,16720,164,2844,-1,-487,363,679487
2026-05-19 20:05:00,esterno,2224,15908,544,68,217,-231,22076
2026-05-19 20:05:00,lombar,16612,-116,2512,85,-403,326,679509
2026-05-19 20:05:00,esterno,2424,15892,460,41,334,-182,22098
2026-05-19 20:05:00,lombar,16628,88,2856,184,-398,396,679531
2026-05-19 20:05:00,esterno,2228,15840,516,-93,370,-66,22120
2026-05-19 20:05:00,lombar,16632,24,2600,132,-434,372,679553
2026-05-19 20:05:00,esterno,2248,15808,612,-201,174,-70,22142
2026-05-19 20:05:00,lombar,16616,-16,2688,193,-372,292,679575
2026-05-19 20:05:00,esterno,2212,15844,536,-198,154,-52,22164
2026-05-19 20:05:00,lombar,16664,4,2792,202,-422,324,679597
2026-05-19 20:05:00,esterno,2188,15884,408,-136,141,-11,22186
2026-05-19 20:05:00,lombar,16704,132,2704,148,-360,300,679619
2026-05-19 20:05:00,esterno,2292,15860,496,-230,158,7,22208
2026-05-19 20:05:00,lombar,16580,168,2664,112,-422,361,679641
2026-05-19 20:05:00,esterno,2288,15916,580,-141,194,25,22230
2026-05-19 20:05:00,lombar,16772,48,2692,120,-377,356,679663
2026-05-19 20:05:00,esterno,2244,15728,420,-91,236,-125,22252
2026-05-19 20:05:00,lombar,16768,68,2720,116,-376,319,679685
2026-05-19 20:05:00,esterno,2308,15696,528,-122,211,-142,22274
2026-05-19 20:05:00,lombar,16764,36,2524,110,-394,334,679707
2026-05-19 20:05:00,esterno,2236,15896,580,-157,169,-12,22296
2026-05-19 20:05:00,lombar,16616,160,2708,135,-344,410,679729
2026-05-19 20:05:00,lombar,16672,128,2672,22,-427,351,679751
2026-05-19 20:05:00,esterno,2332,15808,568,-105,138,9,22318
2026-05-19 20:05:00,esterno,2284,15716,532,-109,107,-16,22340
2026-05-19 20:05:00,lombar,16664,76,2644,29,-327,323,679773
2026-05-19 20:05:00,esterno,2208,15884,340,-167,127,-86,22362
2026-05-19 20:05:00,lombar,16760,8,2508,88,-354,318,679795
2026-05-19 20:05:00,esterno,2308,15844,628,-168,76,-39,22384
2026-05-19 20:05:00,lombar,16712,72,2556,109,-331,277,679817
2026-05-19 20:05:00,esterno,2244,15940,732,-153,-29,29,22406
2026-05-19 20:05:00,lombar,16768,56,2372,72,-296,336,679839
2026-05-19 20:05:00,esterno,2312,15832,384,12,50,9,22428
2026-05-19 20:05:00,lombar,16588,12,2600,109,-323,312,679861
2026-05-19 20:05:00,esterno,2168,15804,460,34,264,-137,22450
2026-05-19 20:05:00,lombar,16676,72,2664,94,-259,371,679883
2026-05-19 20:05:00,lombar,16668,40,2504,85,-297,306,679905
2026-05-19 20:05:00,esterno,2328,15920,740,-45,-138,-5,22472
2026-05-19 20:05:00,esterno,2136,15932,604,-174,-311,116,22494
2026-05-19 20:05:00,lombar,16648,56,2804,22,-423,281,679927
2026-05-19 20:05:00,esterno,2148,15372,320,-82,-89,-66,22516
2026-05-19 20:05:01,lombar,16684,144,2536,86,-266,371,679949
2026-05-19 20:05:01,esterno,2044,15780,424,90,121,-168,22538
2026-05-19 20:05:01,lombar,16752,156,2412,40,-247,352,679971
2026-05-19 20:05:01,esterno,2212,16328,956,158,-169,-31,22560
2026-05-19 20:05:01,lombar,16732,136,2504,-35,-219,336,679993
2026-05-19 20:05:01,esterno,2288,15960,628,180,-262,-67,22582
2026-05-19 20:05:01,lombar,16592,104,2768,-101,-303,386,680015
2026-05-19 20:05:01,esterno,2168,15780,180,40,-218,-28,22604
2026-05-19 20:05:01,lombar,16604,-112,2480,-157,-384,312,680037
2026-05-19 20:05:01,esterno,2392,15904,268,27,-195,297,22626
2026-05-19 20:05:01,lombar,16668,-120,2688,-64,-396,184,680059
2026-05-19 20:05:01,esterno,2628,15944,428,-141,-31,368,22648
2026-05-19 20:05:01,lombar,16588,12,2572,32,-371,261,680081
2026-05-19 20:05:01,esterno,2504,15768,132,-151,264,388,22670
2026-05-19 20:05:01,lombar,16664,-140,2588,91,-439,199,680103
2026-05-19 20:05:01,lombar,16712,-160,2640,227,-358,140,680125
2026-05-19 20:05:01,esterno,2540,15808,312,-77,608,514,22692
2026-05-19 20:05:01,esterno,2464,15864,252,-198,901,597,22714
2026-05-19 20:05:01,lombar,16648,184,2504,306,-326,144,680147
2026-05-19 20:05:01,esterno,2540,15676,496,-177,905,484,22736
2026-05-19 20:05:01,lombar,16696,72,2560,316,-362,80,680169
2026-05-19 20:05:01,esterno,2076,15868,396,-162,915,348,22758
2026-05-19 20:05:01,lombar,16736,16,2448,355,-225,145,680191
2026-05-19 20:05:01,esterno,2348,15576,368,7,715,306,22780
2026-05-19 20:05:01,lombar,16716,96,2672,422,-273,68,680213
2026-05-19 20:05:01,esterno,2160,15920,712,18,647,181,22802
2026-05-19 20:05:01,lombar,16804,260,2664,307,-274,178,680235
2026-05-19 20:05:01,esterno,2260,15848,580,-19,317,6,22824
2026-05-19 20:05:01,lombar,16636,304,2568,219,-384,208,680257
2026-05-19 20:05:01,esterno,2444,15848,740,34,98,-48,22846
2026-05-19 20:05:01,lombar,16668,408,2588,-31,-611,217,680279
2026-05-19 20:05:01,esterno,2408,15844,360,-34,-62,-3,22868
2026-05-19 20:05:01,lombar,16664,424,2388,-77,-424,304,680301
2026-05-19 20:05:01,esterno,2396,15824,368,-116,-175,-35,22890
2026-05-19 20:05:01,lombar,16728,200,2584,-180,-470,413,680323
2026-05-19 20:05:01,esterno,2456,15716,340,-106,-224,-3,22912
2026-05-19 20:05:01,lombar,16688,260,2320,-276,-213,416,680345
2026-05-19 20:05:01,lombar,16644,160,2252,-255,-261,328,680367
2026-05-19 20:05:01,esterno,2668,15784,552,-48,-252,47,22934
2026-05-19 20:05:01,esterno,2492,15832,560,20,-281,106,22956
2026-05-19 20:05:01,lombar,16788,-140,2400,-191,-11,279,680389
2026-05-19 20:05:01,esterno,2492,15932,324,49,-235,136,22978
2026-05-19 20:05:01,lombar,16508,28,2540,-201,-108,281,680411
2026-05-19 20:05:01,esterno,2432,15864,276,-55,-76,103,23000
2026-05-19 20:05:01,lombar,16796,4,2456,63,-176,221,680433
2026-05-19 20:05:01,esterno,2552,15916,296,-140,57,125,23022
2026-05-19 20:05:01,lombar,16620,0,2536,113,-152,253,680455
2026-05-19 20:05:01,esterno,2700,15884,300,-129,124,99,23044
2026-05-19 20:05:01,lombar,16696,200,2548,72,-482,325,680477
2026-05-19 20:05:01,esterno,2592,15988,376,-134,121,51,23066
2026-05-19 20:05:01,lombar,16796,88,2632,78,-494,337,680499
2026-05-19 20:05:01,esterno,2520,15788,88,-62,241,-15,23088
2026-05-19 20:05:01,lombar,16568,120,2540,43,-410,250,680521
2026-05-19 20:05:01,esterno,2276,15900,628,-176,385,-31,23110
2026-05-19 20:05:01,lombar,16584,300,2680,64,-414,342,680543
2026-05-19 20:05:01,lombar,16716,136,2580,78,-288,292,680565
2026-05-19 20:05:01,esterno,2608,16176,324,-227,-55,121,23132
2026-05-19 20:05:01,esterno,2064,15864,216,-263,-270,195,23154
2026-05-19 20:05:01,lombar,16640,180,2620,43,-340,282,680587
2026-05-19 20:05:01,esterno,2212,15608,-40,-280,66,-26,23176
2026-05-19 20:05:01,lombar,16552,136,2772,90,-180,320,680609
2026-05-19 20:05:01,esterno,2416,15680,48,-238,370,-43,23198
2026-05-19 20:05:01,lombar,16620,168,2688,13,-292,313,680631
2026-05-19 20:05:01,esterno,2600,15780,252,-117,268,12,23220
2026-05-19 20:05:01,lombar,16580,12,2860,88,-312,370,680653
2026-05-19 20:05:01,lombar,16592,156,2532,111,-267,358,680675
2026-05-19 20:05:01,esterno,2344,15732,252,19,266,-22,23242
2026-05-19 20:05:01,esterno,2220,15860,560,-52,166,28,23264
2026-05-19 20:05:01,lombar,16576,132,2552,75,-279,344,680697
2026-05-19 20:05:01,esterno,2488,16028,152,-83,165,59,23286
2026-05-19 20:05:01,lombar,16628,204,2640,94,-273,304,680719
2026-05-19 20:05:01,esterno,2672,15780,160,36,664,-11,23308
2026-05-19 20:05:01,lombar,16560,244,2352,136,-194,358,680741
2026-05-19 20:05:01,esterno,2820,15896,68,248,1093,-292,23330
2026-05-19 20:05:01,lombar,16476,192,2584,116,-439,382,680763
2026-05-19 20:05:01,esterno,2836,16064,448,642,1324,-494,23352
2026-05-19 20:05:01,lombar,16884,224,2676,79,-965,453,680785
2026-05-19 20:05:01,esterno,2332,15980,584,719,1251,-450,23374
2026-05-19 20:05:01,lombar,16768,176,2476,127,-687,443,680807
2026-05-19 20:05:01,esterno,1968,15704,600,668,963,-153,23396
2026-05-19 20:05:01,lombar,16500,-32,2544,60,-529,388,680829
2026-05-19 20:05:01,esterno,2088,15480,200,310,894,-158,23418
2026-05-19 20:05:01,lombar,16584,60,2540,80,-489,289,680851
2026-05-19 20:05:01,esterno,2568,15656,428,255,699,-92,23440
2026-05-19 20:05:01,lombar,16772,112,2448,89,-525,328,680873
2026-05-19 20:05:01,esterno,2300,15928,432,231,543,-28,23462
2026-05-19 20:05:01,lombar,16772,24,2608,37,-562,385,680895
2026-05-19 20:05:01,esterno,2156,15996,516,119,188,170,23484
2026-05-19 20:05:01,lombar,16716,152,2380,-20,-443,322,680917
2026-05-19 20:05:01,esterno,2252,16148,336,62,74,352,23506
2026-05-19 20:05:01,lombar,16720,100,2060,-148,-519,174,680939
2026-05-19 20:05:02,esterno,2404,15916,224,-88,121,324,23528
2026-05-19 20:05:02,lombar,16676,16,2212,-23,-539,330,680961
2026-05-19 20:05:02,esterno,2572,15748,48,-190,330,169,23550
2026-05-19 20:05:02,lombar,16620,204,2316,122,-486,355,680983
2026-05-19 20:05:02,esterno,2772,15672,152,-85,472,116,23572
2026-05-19 20:05:02,lombar,16648,168,2436,164,-517,372,681005
2026-05-19 20:05:02,esterno,2824,15752,280,149,581,160,23594
2026-05-19 20:05:02,lombar,16752,176,2532,227,-229,474,681027
2026-05-19 20:05:02,esterno,2660,15748,244,25,650,230,23616
2026-05-19 20:05:02,lombar,16844,328,2624,222,-288,445,681049
2026-05-19 20:05:02,esterno,2420,15748,152,-159,668,241,23638
2026-05-19 20:05:02,lombar,16848,292,2276,206,-228,549,681071
2026-05-19 20:05:02,esterno,2588,16072,472,-11,505,292,23660
2026-05-19 20:05:02,lombar,16672,192,2224,166,-372,398,681093
2026-05-19 20:05:02,esterno,2464,16140,504,95,421,331,23682
2026-05-19 20:05:02,lombar,16796,136,2240,9,-557,379,681115
2026-05-19 20:05:02,esterno,2260,15852,352,257,291,244,23704
2026-05-19 20:05:02,lombar,16856,320,1996,-5,-504,396,681137
2026-05-19 20:05:02,esterno,2144,15724,4,716,432,99,23726
2026-05-19 20:05:02,lombar,16660,312,2264,-59,-469,405,681159
2026-05-19 20:05:02,lombar,16696,184,2112,-133,-556,383,681181
2026-05-19 20:05:02,esterno,1792,15852,704,601,153,12,23748
2026-05-19 20:05:02,esterno,2016,15848,656,144,-105,66,23770
2026-05-19 20:05:02,lombar,16852,4,2196,-231,-492,405,681203
2026-05-19 20:05:02,esterno,2136,15732,4,-30,-606,74,23792
2026-05-19 20:05:02,lombar,16820,-104,2268,-251,-454,414,681225
2026-05-19 20:05:02,lombar,16696,-12,2312,-137,-426,419,681247
2026-05-19 20:05:02,esterno,2324,15504,-204,317,-314,-245,23814
2026-05-19 20:05:02,lombar,16616,-164,2244,-141,-274,351,681269
2026-05-19 20:05:02,esterno,2736,15556,-268,162,-170,-432,23836
2026-05-19 20:05:02,esterno,3216,15692,8,-155,13,-342,23858
2026-05-19 20:05:02,lombar,16720,-140,2284,-81,-112,281,681291
2026-05-19 20:05:02,esterno,3004,15796,-368,-105,335,-174,23880
2026-05-19 20:05:02,lombar,16844,-8,2356,21,77,235,681313
2026-05-19 20:05:02,esterno,2812,15884,-240,-313,719,-27,23902
2026-05-19 20:05:02,lombar,16560,-12,2348,30,89,168,681335
2026-05-19 20:05:02,esterno,2928,16228,-272,-615,936,256,23924
2026-05-19 20:05:02,lombar,16820,4,2104,121,66,164,681357
2026-05-19 20:05:02,esterno,2804,15804,-92,-559,1330,288,23946
2026-05-19 20:05:02,lombar,16772,-40,2312,388,65,157,681379
2026-05-19 20:05:02,esterno,2916,15960,-92,-172,1753,306,23968
2026-05-19 20:05:02,lombar,16560,68,2368,500,184,182,681401
2026-05-19 20:05:02,esterno,2892,16160,164,-198,1895,413,23990
2026-05-19 20:05:02,lombar,16656,204,2024,571,284,139,681423
2026-05-19 20:05:02,esterno,2488,15844,164,-467,1883,535,24012
2026-05-19 20:05:02,lombar,16768,284,2484,542,313,140,681445
2026-05-19 20:05:02,lombar,16728,132,2280,524,180,198,681467
2026-05-19 20:05:02,esterno,2156,15720,-636,-753,1928,540,24034
2026-05-19 20:05:02,lombar,16600,-52,2844,522,-61,180,681489
2026-05-19 20:05:02,esterno,2160,15844,216,-986,1574,546,24056
2026-05-19 20:05:02,esterno,2648,15968,188,-622,1503,791,24078
2026-05-19 20:05:02,lombar,16512,220,2676,573,-51,154,681511
2026-05-19 20:05:02,esterno,2528,16036,240,-476,1494,750,24100
2026-05-19 20:05:02,lombar,16536,272,2604,473,21,149,681533
2026-05-19 20:05:02,esterno,2624,15996,240,-637,1219,563,24122
2026-05-19 20:05:02,lombar,16584,192,2636,399,6,158,681555
2026-05-19 20:05:02,esterno,2472,15936,276,-639,1137,524,24144
2026-05-19 20:05:02,lombar,16660,324,2728,342,-265,162,681577
2026-05-19 20:05:02,esterno,2228,15808,524,-605,905,461,24166
2026-05-19 20:05:02,lombar,16564,292,2508,192,-236,169,681599
2026-05-19 20:05:02,esterno,2208,15552,464,-623,532,304,24188
2026-05-19 20:05:02,lombar,16632,412,2536,150,-177,145,681621
2026-05-19 20:05:02,esterno,2068,15568,804,-240,253,229,24210
2026-05-19 20:05:02,lombar,16804,444,2456,29,-106,159,681643
2026-05-19 20:05:02,esterno,2376,15736,512,-149,12,77,24232
2026-05-19 20:05:02,lombar,16776,284,2360,-75,-200,259,681665
2026-05-19 20:05:02,esterno,2920,15936,412,-337,-50,-51,24254
2026-05-19 20:05:02,lombar,16768,384,2408,-122,-303,234,681687
2026-05-19 20:05:02,esterno,2956,15940,228,-305,33,-128,24276
2026-05-19 20:05:02,lombar,16612,296,2496,-134,-400,303,681709
2026-05-19 20:05:02,esterno,2928,15768,632,-197,-162,-155,24298
2026-05-19 20:05:02,lombar,16468,192,2420,-76,-415,411,681731
2026-05-19 20:05:02,esterno,2392,15732,448,-83,-245,-147,24320
2026-05-19 20:05:02,lombar,16552,152,2664,-48,-460,367,681753
2026-05-19 20:05:02,esterno,2312,15696,416,127,-306,-107,24342
2026-05-19 20:05:02,lombar,16656,132,2720,63,-456,292,681775
2026-05-19 20:05:02,lombar,16760,184,2592,25,-323,339,681797
2026-05-19 20:05:02,esterno,2240,15908,1108,67,-869,-215,24364
2026-05-19 20:05:02,esterno,1916,16024,456,8,-1147,-244,24386
2026-05-19 20:05:02,lombar,16792,156,2596,-65,-306,295,681819
2026-05-19 20:05:02,esterno,2144,15756,36,-2,-1065,-417,24408
2026-05-19 20:05:02,lombar,16676,204,2612,-29,-260,282,681841
2026-05-19 20:05:02,esterno,2536,15544,316,-129,-732,-528,24430
2026-05-19 20:05:02,lombar,16552,248,2612,-104,-193,175,681863
2026-05-19 20:05:02,esterno,2784,15568,220,-97,-690,-495,24452
2026-05-19 20:05:02,lombar,16592,176,2520,-129,-290,203,681885
2026-05-19 20:05:02,lombar,16780,216,2408,-63,-298,158,681907
2026-05-19 20:05:02,esterno,3100,15928,252,-40,-501,-393,24474
2026-05-19 20:05:02,esterno,3112,16024,124,-188,-229,-262,24496
2026-05-19 20:05:02,lombar,16800,204,2428,11,-332,309,681929
2026-05-19 20:05:02,esterno,3080,16000,308,-133,-97,-195,24518
2026-05-19 20:05:03,lombar,16672,300,2388,-7,-305,303,681951
2026-05-19 20:05:03,esterno,3180,15960,84,-158,136,-79,24540
2026-05-19 20:05:03,lombar,16804,268,2332,-27,-498,252,681973
2026-05-19 20:05:03,esterno,3140,16020,140,-255,411,42,24562
2026-05-19 20:05:03,lombar,16680,392,2260,33,-269,206,681995
2026-05-19 20:05:03,esterno,2992,16132,556,-445,708,185,24584
2026-05-19 20:05:03,lombar,16712,380,2288,159,-306,292,682017
2026-05-19 20:05:03,esterno,2852,16020,380,-546,747,373,24606
2026-05-19 20:05:03,lombar,16704,512,2388,218,-318,311,682039
2026-05-19 20:05:03,esterno,2636,15828,472,-555,590,493,24628
2026-05-19 20:05:03,lombar,16640,452,2556,158,-302,360,682061
2026-05-19 20:05:03,esterno,2336,15616,484,-621,721,378,24650
2026-05-19 20:05:03,lombar,16700,244,2492,-24,-280,356,682083
2026-05-19 20:05:03,lombar,16836,220,2788,-83,-214,179,682105
2026-05-19 20:05:03,esterno,3000,15948,668,-740,378,363,24672
2026-05-19 20:05:03,esterno,3144,16008,512,-774,788,510,24694
2026-05-19 20:05:03,lombar,16772,260,2236,-127,-128,207,682127
2026-05-19 20:05:03,esterno,2716,16072,536,-867,693,460,24716
2026-05-19 20:05:03,lombar,16580,16,2248,-108,-225,142,682149
2026-05-19 20:05:03,esterno,2232,15860,608,-795,634,421,24738
2026-05-19 20:05:03,lombar,16768,136,2596,151,-371,246,682171
2026-05-19 20:05:03,esterno,2012,15492,624,-691,634,207,24760
2026-05-19 20:05:03,lombar,16660,296,2380,228,-428,351,682193
2026-05-19 20:05:03,esterno,2256,15632,820,-549,351,13,24782
2026-05-19 20:05:03,lombar,16540,300,2568,93,-385,346,682215
2026-05-19 20:05:03,esterno,2388,15752,740,-500,196,-61,24804
2026-05-19 20:05:03,lombar,16832,448,2216,-7,-391,329,682237
2026-05-19 20:05:03,esterno,2388,15816,872,-400,-39,-183,24826
2026-05-19 20:05:03,lombar,16740,396,2488,-84,-380,368,682259
2026-05-19 20:05:03,esterno,2352,15844,856,-356,-268,-358,24848
2026-05-19 20:05:03,lombar,16876,532,2448,-116,-358,296,682281
2026-05-19 20:05:03,esterno,2444,15768,940,-524,-405,-489,24870
2026-05-19 20:05:03,lombar,16680,468,2236,-243,-335,292,682303
2026-05-19 20:05:03,esterno,2596,15568,1024,-660,-688,-553,24892
2026-05-19 20:05:03,lombar,16592,388,2576,-262,-242,353,682325
2026-05-19 20:05:03,esterno,2700,15636,848,-757,-680,-560,24914
2026-05-19 20:05:03,lombar,16616,192,2228,-271,-177,271,682347
2026-05-19 20:05:03,esterno,3036,15840,376,-671,-387,-599,24936
2026-05-19 20:05:03,lombar,16704,220,2540,-139,-154,351,682369
2026-05-19 20:05:03,esterno,3232,16056,1080,-949,-287,-559,24958
2026-05-19 20:05:03,lombar,16676,20,2664,-70,-221,352,682391
2026-05-19 20:05:03,esterno,2988,15884,336,-981,-206,-478,24980
2026-05-19 20:05:03,lombar,16760,4,2524,129,-265,451,682413
2026-05-19 20:05:03,esterno,2612,15448,180,-445,-104,-364,25002
2026-05-19 20:05:03,lombar,16456,136,2300,319,-346,383,682435
2026-05-19 20:05:03,esterno,2440,15420,412,-372,442,-294,25024
2026-05-19 20:05:03,lombar,16592,252,2588,272,-386,435,682457
2026-05-19 20:05:03,esterno,2716,15540,612,-307,681,-329,25046
2026-05-19 20:05:03,lombar,16732,336,2700,294,-332,334,682479
2026-05-19 20:05:03,esterno,2992,15692,524,-212,731,-440,25068
2026-05-19 20:05:03,lombar,16676,412,2776,275,-416,394,682501
2026-05-19 20:05:03,esterno,2776,15644,808,-411,1007,-554,25090
2026-05-19 20:05:03,lombar,16564,412,2536,337,-400,424,682523
2026-05-19 20:05:03,esterno,2992,15680,948,-388,807,-780,25112
2026-05-19 20:05:03,lombar,16752,480,2400,218,-243,443,682545
2026-05-19 20:05:03,esterno,3092,15852,1108,-438,883,-814,25134
2026-05-19 20:05:03,lombar,16784,556,2296,185,-157,444,682567
2026-05-19 20:05:03,esterno,2880,15560,952,-732,1390,-799,25156
2026-05-19 20:05:03,lombar,16708,252,2228,154,-70,451,682589
2026-05-19 20:05:03,esterno,2476,15472,936,-540,1502,-884,25178
2026-05-19 20:05:03,lombar,16664,152,2176,85,-142,442,682611
2026-05-19 20:05:03,esterno,2196,16120,1240,-321,1381,-821,25200
2026-05-19 20:05:03,lombar,17112,260,2196,-2,-82,402,682633
2026-05-19 20:05:03,esterno,2160,15936,1380,-627,1619,-662,25222
2026-05-19 20:05:03,lombar,16824,308,2448,-36,-143,526,682655
2026-05-19 20:05:03,esterno,1432,15228,948,-423,1743,-789,25244
2026-05-19 20:05:03,lombar,16508,144,2528,65,-87,530,682677
2026-05-19 20:05:03,esterno,1472,15204,1008,137,963,-757,25266
2026-05-19 20:05:03,lombar,16532,-96,2572,321,-11,536,682699
2026-05-19 20:05:03,lombar,16480,-104,2516,568,-15,577,682721
2026-05-19 20:05:03,esterno,1428,15668,1148,595,707,-332,25288
2026-05-19 20:05:03,esterno,1276,15868,1416,731,-36,-200,25310
2026-05-19 20:05:03,lombar,16516,104,2580,589,190,527,682743
2026-05-19 20:05:03,esterno,1304,16192,1444,889,-726,-237,25332
2026-05-19 20:05:03,lombar,16644,196,2676,233,-124,499,682765
2026-05-19 20:05:03,esterno,1652,16224,1692,758,-1143,-110,25354
2026-05-19 20:05:03,lombar,16808,260,2620,-66,-203,390,682787
2026-05-19 20:05:03,esterno,1288,15980,1980,140,-1771,-95,25376
2026-05-19 20:05:03,lombar,16764,464,2352,-101,-5,287,682809
2026-05-19 20:05:03,esterno,1256,15964,1844,63,-2260,-189,25398
2026-05-19 20:05:03,lombar,16924,536,1996,-490,25,173,682831
2026-05-19 20:05:03,esterno,1840,16228,1376,-127,-2371,-281,25420
2026-05-19 20:05:03,lombar,16768,280,2040,-1077,-283,20,682853
2026-05-19 20:05:03,esterno,2532,16236,888,-661,-1853,-338,25442
2026-05-19 20:05:03,lombar,16840,208,1992,-1400,-629,-45,682875
2026-05-19 20:05:03,esterno,2836,15924,600,-831,-1427,-513,25464
2026-05-19 20:05:03,lombar,16960,-32,2656,-1095,-652,53,682897
2026-05-19 20:05:03,esterno,2864,16136,804,-1013,-776,-474,25486
2026-05-19 20:05:03,lombar,17124,172,2280,-697,-369,199,682919
2026-05-19 20:05:03,esterno,2924,16008,844,-1148,-356,174,25508
2026-05-19 20:05:03,lombar,16564,236,2560,-394,-109,314,682941
2026-05-19 20:05:04,esterno,2448,15424,52,-640,189,495,25530
2026-05-19 20:05:04,lombar,16324,212,2636,-381,-484,322,682963
2026-05-19 20:05:04,esterno,2400,15540,1256,-462,226,657,25552
2026-05-19 20:05:04,lombar,16528,-8,2568,-307,-536,326,682985
2026-05-19 20:05:04,esterno,2436,15568,780,-423,512,861,25574
2026-05-19 20:05:04,lombar,16884,-72,3012,302,-92,289,683007
2026-05-19 20:05:04,lombar,16512,304,2984,689,345,346,683029
2026-05-19 20:05:04,esterno,2104,15572,144,-459,689,953,25596
2026-05-19 20:05:04,esterno,2036,15500,456,-85,1037,805,25618
2026-05-19 20:05:04,lombar,16476,488,3160,657,190,336,683051
2026-05-19 20:05:04,esterno,1948,15480,672,375,1150,724,25640
2026-05-19 20:05:04,lombar,16604,496,3220,593,56,321,683073
2026-05-19 20:05:04,esterno,1996,15652,692,528,820,670,25662
2026-05-19 20:05:04,lombar,16408,320,3040,637,309,274,683095
2026-05-19 20:05:04,esterno,1904,15768,712,457,713,662,25684
2026-05-19 20:05:04,lombar,16504,456,3084,458,298,311,683117
2026-05-19 20:05:04,esterno,1780,15716,752,607,427,634,25706
2026-05-19 20:05:04,lombar,16564,396,2988,453,333,288,683139
2026-05-19 20:05:04,esterno,1612,15296,912,809,124,467,25728
2026-05-19 20:05:04,lombar,16584,280,3412,430,411,197,683161
2026-05-19 20:05:04,esterno,1568,14992,1040,1044,-302,318,25750
2026-05-19 20:05:04,lombar,16640,424,3300,389,674,316,683183
2026-05-19 20:05:04,esterno,1520,15284,1100,1433,-799,527,25772
2026-05-19 20:05:04,lombar,16784,412,3208,325,998,331,683205
2026-05-19 20:05:04,esterno,1612,15508,900,1847,-992,707,25794
2026-05-19 20:05:04,lombar,17180,-360,2356,49,2014,-46,683227
2026-05-19 20:05:04,esterno,2492,16264,1140,1688,-1228,785,25816
2026-05-19 20:05:04,lombar,16516,-284,2052,144,2430,-565,683249
2026-05-19 20:05:04,esterno,3008,16892,664,1152,-826,625,25838
2026-05-19 20:05:04,lombar,16656,-100,3040,78,931,-376,683271
2026-05-19 20:05:04,esterno,3276,16516,492,932,-624,143,25860
2026-05-19 20:05:04,lombar,17268,64,2740,375,474,-286,683293
2026-05-19 20:05:04,esterno,3016,16268,448,850,-93,125,25882
2026-05-19 20:05:04,lombar,16624,496,2668,749,1102,-36,683315
2026-05-19 20:05:04,esterno,2660,16272,268,322,110,237,25904
2026-05-19 20:05:04,lombar,16076,432,2976,343,603,170,683337
2026-05-19 20:05:04,esterno,2940,15976,128,272,197,176,25926
2026-05-19 20:05:04,lombar,16412,404,3356,155,-382,111,683359
2026-05-19 20:05:04,esterno,2908,15876,92,196,376,86,25948
2026-05-19 20:05:04,lombar,16544,652,3200,500,-108,169,683381
2026-05-19 20:05:04,esterno,2664,15856,176,-421,389,125,25970
2026-05-19 20:05:04,lombar,16244,644,3088,357,-187,152,683403
2026-05-19 20:05:04,esterno,2792,15968,156,-628,401,257,25992
2026-05-19 20:05:04,lombar,16396,644,3228,189,-789,253,683425
2026-05-19 20:05:04,esterno,2936,15816,364,-399,194,303,26014
2026-05-19 20:05:04,lombar,16900,656,3456,77,-945,357,683447
2026-05-19 20:05:04,esterno,3016,15468,-24,-308,9,356,26036
2026-05-19 20:05:04,lombar,16508,616,3564,246,-481,255,683469
2026-05-19 20:05:04,esterno,3164,15488,160,-244,294,626,26058
2026-05-19 20:05:04,lombar,16772,468,3360,276,-330,172,683491
2026-05-19 20:05:04,esterno,2364,15428,396,531,341,903,26080
2026-05-19 20:05:04,lombar,16844,360,3236,457,159,136,683513
2026-05-19 20:05:04,esterno,1536,15664,556,1243,-30,730,26102
2026-05-19 20:05:04,lombar,16460,548,3252,383,42,66,683535
2026-05-19 20:05:04,esterno,1560,15880,584,1263,-598,508,26124
2026-05-19 20:05:04,lombar,16420,936,3436,190,-215,158,683557
2026-05-19 20:05:04,esterno,2112,15796,724,781,-1204,140,26146
2026-05-19 20:05:04,lombar,16496,1180,3508,-225,-61,264,683579
2026-05-19 20:05:04,esterno,2652,15872,160,586,-1805,-42,26168
2026-05-19 20:05:04,lombar,16420,780,3264,-626,86,191,683601
2026-05-19 20:05:04,esterno,2740,15960,-316,352,-1793,-141,26190
2026-05-19 20:05:04,lombar,16540,392,3300,-791,-4,123,683623
2026-05-19 20:05:04,esterno,3060,16200,-232,-27,-1452,-312,26212
2026-05-19 20:05:04,lombar,16864,492,3008,-711,-87,277,683645
2026-05-19 20:05:04,esterno,3404,16180,-352,-17,-1238,-554,26234
2026-05-19 20:05:04,lombar,16620,436,3036,-356,-202,391,683667
2026-05-19 20:05:04,esterno,3828,15916,-624,127,-976,-421,26256
2026-05-19 20:05:04,lombar,16316,384,3528,-110,-457,533,683689
2026-05-19 20:05:04,esterno,3844,15748,-452,-188,-334,154,26278
2026-05-19 20:05:04,lombar,16412,188,3236,-33,-679,489,683711
2026-05-19 20:05:04,esterno,3240,15852,-220,-266,188,312,26300
2026-05-19 20:05:04,lombar,16564,124,3592,64,-379,387,683733
2026-05-19 20:05:04,esterno,2924,15724,-328,-6,711,82,26322
2026-05-19 20:05:04,lombar,16696,160,3024,352,-98,254,683755
2026-05-19 20:05:04,esterno,3180,15844,-260,122,1266,200,26344
2026-05-19 20:05:04,lombar,16644,252,3044,582,-9,277,683777
2026-05-19 20:05:04,esterno,2860,15916,80,-78,1692,625,26366
2026-05-19 20:05:04,lombar,16504,564,3108,800,46,400,683799
2026-05-19 20:05:04,esterno,1856,16380,352,24,1327,975,26388
2026-05-19 20:05:04,lombar,16500,820,3280,887,-169,422,683821
2026-05-19 20:05:04,esterno,644,15876,1144,477,-197,1171,26410
2026-05-19 20:05:04,lombar,16436,672,3612,728,-237,403,683843
2026-05-19 20:05:04,esterno,524,15380,-124,678,-783,640,26432
2026-05-19 20:05:04,lombar,16340,528,3368,362,-293,149,683865
2026-05-19 20:05:04,esterno,2260,15836,-376,-190,-956,370,26454
2026-05-19 20:05:04,lombar,16520,956,3656,-28,-289,74,683887
2026-05-19 20:05:04,esterno,3624,16296,-460,-1092,-712,421,26476
2026-05-19 20:05:04,lombar,16756,888,3884,-374,-451,91,683909
2026-05-19 20:05:04,esterno,3948,16220,-580,-369,-810,511,26498
2026-05-19 20:05:04,lombar,16552,300,3444,-571,-520,35,683931
2026-05-19 20:05:05,esterno,3376,15544,-492,114,-548,794,26520
2026-05-19 20:05:05,lombar,16316,-164,3364,-395,-528,-83,683953
2026-05-19 20:05:05,esterno,3108,15128,-408,-28,67,725,26542
2026-05-19 20:05:05,lombar,16144,92,3284,29,-236,-253,683975
2026-05-19 20:05:05,esterno,3888,15668,-560,-505,663,606,26564
2026-05-19 20:05:05,lombar,16440,64,3596,394,-404,-189,683997
2026-05-19 20:05:05,esterno,4132,15936,-516,-387,1392,818,26586
2026-05-19 20:05:05,lombar,16756,400,3120,807,46,-116,684019
2026-05-19 20:05:05,esterno,3536,15504,-516,-314,2095,308,26608
2026-05-19 20:05:05,lombar,16532,592,3468,938,34,94,684041
2026-05-19 20:05:05,esterno,3524,15704,-440,-465,2625,-263,26630
2026-05-19 20:05:05,lombar,16800,616,3188,867,-33,111,684063
2026-05-19 20:05:05,esterno,3880,15896,40,-451,2949,-330,26652
2026-05-19 20:05:05,lombar,16544,1040,2976,884,230,218,684085
2026-05-19 20:05:05,esterno,3956,16092,408,-528,3075,-246,26674
2026-05-19 20:05:05,lombar,16504,1188,3320,737,-196,413,684107
2026-05-19 20:05:05,esterno,3228,15848,300,-454,2922,-163,26696
2026-05-19 20:05:05,lombar,16520,1252,3152,661,-54,551,684129
2026-05-19 20:05:05,esterno,3072,15784,240,-273,2825,-282,26718
2026-05-19 20:05:05,lombar,16492,1364,3228,445,-74,576,684151
2026-05-19 20:05:05,esterno,3148,15948,1020,-184,1979,-127,26740
2026-05-19 20:05:05,lombar,16404,1104,3208,50,-73,573,684173
2026-05-19 20:05:05,esterno,3140,16116,184,-208,1579,387,26762
2026-05-19 20:05:05,lombar,16804,1016,3304,-66,-354,503,684195
2026-05-19 20:05:05,esterno,2808,15492,-260,-268,1929,327,26784
2026-05-19 20:05:05,lombar,16668,596,3264,-3,-394,409,684217
2026-05-19 20:05:05,esterno,2972,15064,-268,-102,2442,-108,26806
2026-05-19 20:05:05,lombar,16444,500,3276,131,-371,532,684239
2026-05-19 20:05:05,esterno,3256,15308,220,175,2680,-338,26828
2026-05-19 20:05:05,lombar,16432,476,3488,197,-350,646,684261
2026-05-19 20:05:05,esterno,3264,15668,212,330,2761,-116,26850
2026-05-19 20:05:05,lombar,16644,328,3644,318,-532,578,684283
2026-05-19 20:05:05,esterno,2728,15748,44,88,2670,-12,26872
2026-05-19 20:05:05,lombar,16548,512,3624,404,-298,567,684305
2026-05-19 20:05:05,esterno,2328,15784,308,244,2459,-192,26894
2026-05-19 20:05:05,lombar,16572,552,3692,422,-290,610,684327
2026-05-19 20:05:05,esterno,2372,15840,304,153,2184,-289,26916
2026-05-19 20:05:05,lombar,16660,516,3512,455,-325,574,684349
2026-05-19 20:05:05,esterno,2412,15936,300,-171,1992,-326,26938
2026-05-19 20:05:05,lombar,16448,608,3376,431,-297,568,684371
2026-05-19 20:05:05,esterno,2420,15760,328,-99,1735,-382,26960
2026-05-19 20:05:05,lombar,16480,612,3036,243,-491,584,684393
2026-05-19 20:05:05,esterno,2432,15804,248,-89,1529,-531,26982
2026-05-19 20:05:05,lombar,16560,776,3360,35,-638,594,684415
2026-05-19 20:05:05,lombar,16668,772,3268,-42,-522,564,684437
2026-05-19 20:05:05,esterno,2348,15904,692,-141,1188,-567,27004
2026-05-19 20:05:05,esterno,2384,15932,644,-237,946,-574,27026
2026-05-19 20:05:05,lombar,16548,392,3124,-140,-515,603,684459
2026-05-19 20:05:05,esterno,2836,15884,760,-121,757,-544,27048
2026-05-19 20:05:05,lombar,16648,472,3176,-148,-492,467,684481
2026-05-19 20:05:05,esterno,2924,15972,860,-226,829,-469,27070
2026-05-19 20:05:05,lombar,16788,500,3060,-116,-580,513,684503
2026-05-19 20:05:05,esterno,2892,15936,660,-344,595,-451,27092
2026-05-19 20:05:05,lombar,16660,332,3008,-59,-404,496,684525
2026-05-19 20:05:05,esterno,2780,15980,692,-249,639,-355,27114
2026-05-19 20:05:05,lombar,16508,340,3224,-1,-373,509,684547
2026-05-19 20:05:05,esterno,2744,15768,592,-377,728,-273,27136
2026-05-19 20:05:05,lombar,16652,568,3240,80,-343,469,684569
2026-05-19 20:05:05,esterno,2676,15640,508,-284,740,-210,27158
2026-05-19 20:05:05,lombar,16732,384,3164,244,-174,453,684591
2026-05-19 20:05:05,esterno,2568,15736,628,-151,776,-209,27180
2026-05-19 20:05:05,lombar,16608,524,3220,257,-173,456,684613
2026-05-19 20:05:05,esterno,2688,15644,512,-148,852,-164,27202
2026-05-19 20:05:05,lombar,16528,460,3260,161,-182,399,684635
2026-05-19 20:05:05,esterno,2664,15812,216,-154,857,-32,27224
2026-05-19 20:05:05,lombar,16652,468,3456,215,-80,355,684657
2026-05-19 20:05:05,esterno,2596,15844,240,-179,748,39,27246
2026-05-19 20:05:05,lombar,16620,428,3296,243,-145,342,684679
2026-05-19 20:05:05,esterno,2532,15992,712,-214,569,69,27268
2026-05-19 20:05:05,lombar,16632,556,3144,209,-81,331,684701
2026-05-19 20:05:05,esterno,2552,16116,572,-493,291,78,27290
2026-05-19 20:05:05,lombar,16648,444,3208,149,-130,247,684723
2026-05-19 20:05:05,esterno,2672,15824,184,-601,265,228,27312
2026-05-19 20:05:05,lombar,16652,424,3496,-25,-108,157,684745
2026-05-19 20:05:05,esterno,2708,15796,1004,-560,-249,435,27334
2026-05-19 20:05:05,lombar,16728,452,3304,99,-66,137,684767
2026-05-19 20:05:05,esterno,2720,16412,1420,-717,-899,794,27356
2026-05-19 20:05:05,lombar,16464,460,3524,218,173,185,684789
2026-05-19 20:05:05,esterno,2200,15604,-444,-895,-1030,764,27378
2026-05-19 20:05:05,lombar,16484,504,3336,123,158,126,684811
2026-05-19 20:05:05,esterno,2272,15252,-164,-520,-398,366,27400
2026-05-19 20:05:05,lombar,16604,680,3348,20,-32,99,684833
2026-05-19 20:05:05,esterno,2844,15492,296,-616,-367,246,27422
2026-05-19 20:05:05,lombar,16480,700,3284,-24,-48,212,684855
2026-05-19 20:05:05,esterno,2908,15828,364,-482,-372,328,27444
2026-05-19 20:05:05,lombar,16540,652,3268,-57,-154,304,684877
2026-05-19 20:05:05,esterno,2692,15780,476,-402,-397,218,27466
2026-05-19 20:05:05,lombar,16484,580,3384,-36,-65,284,684899
2026-05-19 20:05:05,esterno,2724,15824,576,-323,-480,93,27488
2026-05-19 20:05:05,lombar,16616,476,3656,-70,-228,300,684921
2026-05-19 20:05:05,esterno,2960,15736,308,-287,-344,86,27510
2026-05-19 20:05:05,lombar,16536,368,3556,26,-140,225,684943
2026-05-19 20:05:06,esterno,3028,15588,120,-144,-52,107,27532
2026-05-19 20:05:06,lombar,16388,520,3728,55,-126,235,684965
2026-05-19 20:05:06,esterno,2960,15568,212,32,189,-15,27554
2026-05-19 20:05:06,lombar,16484,424,3820,65,-296,354,684987
2026-05-19 20:05:06,esterno,3028,15616,-192,9,504,-118,27576
2026-05-19 20:05:06,lombar,16364,400,4192,134,-240,343,685009
2026-05-19 20:05:06,esterno,3136,15348,588,23,546,-203,27598
2026-05-19 20:05:06,lombar,16664,500,3844,265,-151,449,685031
2026-05-19 20:05:06,esterno,3004,15488,464,-27,383,-55,27620
2026-05-19 20:05:06,lombar,16752,840,3152,547,718,573,685053
2026-05-19 20:05:06,esterno,2932,15820,700,-49,25,301,27642
2026-05-19 20:05:06,lombar,16336,644,3300,283,586,483,685075
2026-05-19 20:05:06,esterno,2640,16156,696,-130,65,375,27664
2026-05-19 20:05:06,lombar,16796,728,3372,-70,-239,410,685097
2026-05-19 20:05:06,esterno,2508,16092,1012,-3,-292,130,27686
2026-05-19 20:05:06,lombar,17072,580,3288,9,-301,327,685119
2026-05-19 20:05:06,esterno,2676,15904,1036,58,-370,29,27708
2026-05-19 20:05:06,lombar,16400,392,3320,-34,-231,297,685141
2026-05-19 20:05:06,esterno,3012,15772,740,-92,-382,194,27730
2026-05-19 20:05:06,lombar,16404,416,3492,-49,-225,302,685163
2026-05-19 20:05:06,esterno,2964,15668,532,-40,-434,300,27752
2026-05-19 20:05:06,lombar,16508,588,3432,-52,-200,327,685185
2026-05-19 20:05:06,esterno,2780,15612,376,63,-290,156,27774
2026-05-19 20:05:06,lombar,16536,480,3268,-42,-350,406,685207
2026-05-19 20:05:06,lombar,16544,248,3356,31,-355,483,685229
2026-05-19 20:05:06,esterno,2976,15828,520,134,-99,-20,27796
2026-05-19 20:05:06,esterno,3236,15864,388,19,-32,-1,27818
2026-05-19 20:05:06,lombar,16580,316,3444,139,-324,402,685251
2026-05-19 20:05:06,esterno,3120,15792,504,-82,-11,95,27840
2026-05-19 20:05:06,lombar,16588,328,3672,128,-279,444,685273
2026-05-19 20:05:06,esterno,2860,15736,348,7,-54,115,27862
2026-05-19 20:05:06,lombar,16620,552,3484,200,-136,415,685295
2026-05-19 20:05:06,esterno,2792,15716,536,12,-57,0,27884
2026-05-19 20:05:06,lombar,16552,652,3452,184,-28,421,685317
2026-05-19 20:05:06,esterno,2924,15880,504,-25,-168,-5,27906
2026-05-19 20:05:06,lombar,16400,336,3408,131,-177,430,685339
2026-05-19 20:05:06,esterno,2880,15864,288,221,-174,71,27928
2026-05-19 20:05:06,lombar,16556,376,3700,56,-248,361,685361
2026-05-19 20:05:06,esterno,2796,15656,792,265,-30,34,27950
2026-05-19 20:05:06,lombar,16548,408,3532,165,-297,354,685383
2026-05-19 20:05:06,esterno,2960,16040,464,121,-418,105,27972
2026-05-19 20:05:06,lombar,16516,528,3488,136,-223,311,685405
2026-05-19 20:05:06,esterno,2808,15884,88,-159,-572,180,27994
2026-05-19 20:05:06,lombar,16536,404,3464,129,-341,329,685427
2026-05-19 20:05:06,esterno,2860,15600,-160,-137,-222,-32,28016
2026-05-19 20:05:06,lombar,16596,416,3372,227,-329,391,685449
2026-05-19 20:05:06,esterno,2856,15824,212,13,-101,-164,28038
2026-05-19 20:05:06,lombar,16644,536,3756,180,-574,445,685471
2026-05-19 20:05:06,lombar,16588,680,3508,185,-603,501,685493
2026-05-19 20:05:06,esterno,3044,15808,252,75,-155,-167,28060
2026-05-19 20:05:06,esterno,2972,15660,360,-133,-72,-176,28082
2026-05-19 20:05:06,lombar,16364,368,3528,147,-558,469,685515
2026-05-19 20:05:06,lombar,16396,304,3736,145,-672,422,685537
2026-05-19 20:05:06,esterno,2896,16256,360,-88,76,-131,28104
2026-05-19 20:05:06,esterno,2852,17024,456,-390,-221,123,28126
2026-05-19 20:05:06,lombar,16644,588,3472,366,-582,398,685559
2026-05-19 20:05:06,esterno,2460,15932,64,-784,-837,-226,28148
2026-05-19 20:05:06,lombar,16300,588,3588,203,-906,581,685581
2026-05-19 20:05:06,esterno,2576,15452,52,-975,-1094,-747,28170
2026-05-19 20:05:06,lombar,16496,628,3576,146,-1224,570,685603
2026-05-19 20:05:06,esterno,3040,15984,476,-1615,-1356,-854,28192
2026-05-19 20:05:06,lombar,16388,764,3672,213,-1063,653,685625
2026-05-19 20:05:06,esterno,2992,15580,436,-1766,-1603,-1090,28214
2026-05-19 20:05:06,lombar,16508,736,3580,-91,-1458,703,685647
2026-05-19 20:05:06,esterno,2336,14976,476,-1499,-1843,-1759,28236
2026-05-19 20:05:06,lombar,16500,596,3540,-313,-1357,871,685669
2026-05-19 20:05:06,lombar,16700,648,3000,-418,-1335,795,685691
2026-05-19 20:05:06,esterno,2256,15412,1000,-1682,-2642,-2054,28258
2026-05-19 20:05:06,esterno,2488,15684,904,-1559,-2762,-1830,28280
2026-05-19 20:05:06,lombar,16796,500,2980,-542,-1053,643,685713
2026-05-19 20:05:06,esterno,2344,15344,1072,-1291,-2864,-2023,28302
2026-05-19 20:05:06,lombar,16720,432,3280,-780,-917,692,685735
2026-05-19 20:05:06,esterno,2728,15612,732,-1277,-2786,-2144,28324
2026-05-19 20:05:06,lombar,16632,572,3080,-842,-935,771,685757
2026-05-19 20:05:06,esterno,2872,15904,1088,-900,-2655,-1762,28346
2026-05-19 20:05:06,lombar,16900,496,2808,-824,-477,923,685779
2026-05-19 20:05:06,esterno,2744,15904,1084,-823,-2649,-1308,28368
2026-05-19 20:05:06,lombar,16564,300,2656,-706,-310,1008,685801
2026-05-19 20:05:06,esterno,2888,16072,1276,-819,-2310,-925,28390
2026-05-19 20:05:06,lombar,16552,-108,2692,-765,-659,860,685823
2026-05-19 20:05:06,lombar,16832,-476,2572,-379,-531,574,685845
2026-05-19 20:05:06,esterno,2924,16120,996,-595,-1829,-481,28412
2026-05-19 20:05:06,esterno,2976,16312,1284,-513,-1440,24,28434
2026-05-19 20:05:06,lombar,16716,-416,2784,127,-588,630,685867
2026-05-19 20:05:06,esterno,2484,16024,996,-549,-1278,407,28456
2026-05-19 20:05:06,lombar,16544,-416,2816,568,-404,688,685889
2026-05-19 20:05:06,esterno,2212,15704,620,-525,-941,565,28478
2026-05-19 20:05:06,lombar,16592,108,3052,748,-409,595,685911
2026-05-19 20:05:06,esterno,2648,15388,412,-295,33,772,28500
2026-05-19 20:05:06,lombar,16684,212,3132,558,-443,479,685933
2026-05-19 20:05:07,esterno,2232,15612,764,-7,294,1198,28522
2026-05-19 20:05:07,lombar,16664,76,3456,596,-278,344,685955
2026-05-19 20:05:07,esterno,1148,15836,824,238,-52,1144,28544
2026-05-19 20:05:07,lombar,16700,88,3200,420,-227,186,685977
2026-05-19 20:05:07,esterno,636,15704,1032,161,-268,353,28566
2026-05-19 20:05:07,lombar,16476,168,3220,347,-195,210,685999
2026-05-19 20:05:07,esterno,1380,15460,1416,325,-501,-55,28588
2026-05-19 20:05:07,lombar,16412,124,3188,308,-145,109,686021
2026-05-19 20:05:07,esterno,1880,15604,1472,388,-945,-168,28610
2026-05-19 20:05:07,lombar,16620,36,2832,-27,-140,23,686043
2026-05-19 20:05:07,esterno,2256,15820,1140,-75,-1236,-260,28632
2026-05-19 20:05:07,lombar,16648,164,2812,-178,24,59,686065
2026-05-19 20:05:07,esterno,2348,15852,684,-213,-1130,-494,28654
2026-05-19 20:05:07,lombar,16460,252,2900,-335,-239,200,686087
2026-05-19 20:05:07,esterno,2576,15832,1136,-38,-1065,-777,28676
2026-05-19 20:05:07,lombar,16676,16,2860,-236,-245,249,686109
2026-05-19 20:05:07,esterno,3000,16100,624,-88,-1410,-526,28698
2026-05-19 20:05:07,lombar,16752,-144,2756,-130,-138,88,686131
2026-05-19 20:05:07,esterno,2600,15836,608,-440,-1341,-239,28720
2026-05-19 20:05:07,lombar,16464,144,2960,-189,-339,203,686153
2026-05-19 20:05:07,esterno,2684,15808,224,-293,-575,-413,28742
2026-05-19 20:05:07,lombar,16576,200,3060,-34,-358,194,686175
2026-05-19 20:05:07,esterno,3512,15636,348,-40,76,-582,28764
2026-05-19 20:05:07,lombar,16604,100,3308,187,-425,123,686197
2026-05-19 20:05:07,esterno,3568,15676,492,7,818,-316,28786
2026-05-19 20:05:07,lombar,16596,120,2952,423,-534,166,686219
2026-05-19 20:05:07,esterno,3224,15700,888,-103,1320,-21,28808
2026-05-19 20:05:07,lombar,16428,164,2928,574,-331,88,686241
2026-05-19 20:05:07,esterno,3124,15720,688,14,1719,334,28830
2026-05-19 20:05:07,lombar,16668,272,2900,637,-401,103,686263
2026-05-19 20:05:07,esterno,3248,15840,388,344,2239,701,28852
2026-05-19 20:05:07,lombar,16848,648,2820,764,-117,130,686285
2026-05-19 20:05:07,lombar,16740,692,3036,797,-81,293,686307
2026-05-19 20:05:07,esterno,2464,15972,1112,773,1984,1066,28874
2026-05-19 20:05:07,esterno,1860,16532,924,786,1845,1192,28896
2026-05-19 20:05:07,lombar,16572,292,2596,668,-140,73,686329
2026-05-19 20:05:07,esterno,1744,15816,820,157,1445,783,28918
2026-05-19 20:05:07,lombar,17068,580,3604,544,-258,213,686351
2026-05-19 20:05:07,esterno,2036,15652,836,319,1323,-51,28940
2026-05-19 20:05:07,lombar,16492,636,2604,414,-430,297,686373
2026-05-19 20:05:07,esterno,2344,15712,1156,658,967,-106,28962
2026-05-19 20:05:07,lombar,16360,472,3064,233,-443,362,686395
2026-05-19 20:05:07,esterno,2216,15644,1060,-4,429,192,28984
2026-05-19 20:05:07,lombar,16452,212,3156,131,-406,324,686417
2026-05-19 20:05:07,esterno,1976,15760,792,-299,240,291,29006
2026-05-19 20:05:07,lombar,16476,276,3192,-71,-279,433,686439
2026-05-19 20:05:07,esterno,2172,15876,768,-236,-77,25,29028
2026-05-19 20:05:07,lombar,16648,148,2996,-146,-319,407,686461
2026-05-19 20:05:07,esterno,2168,15876,704,-138,-483,-143,29050
2026-05-19 20:05:07,lombar,16608,176,3144,-116,-238,407,686483
2026-05-19 20:05:07,esterno,2252,15968,696,-180,-540,-171,29072
2026-05-19 20:05:07,lombar,16612,304,2988,-179,-359,378,686505
2026-05-19 20:05:07,esterno,2256,15752,664,-280,-517,-266,29094
2026-05-19 20:05:07,lombar,16640,252,2916,-209,-381,377,686527
2026-05-19 20:05:07,esterno,2428,15644,584,-210,-350,-362,29116
2026-05-19 20:05:07,lombar,16544,212,2920,-214,-334,271,686549
2026-05-19 20:05:07,lombar,16528,260,2944,-177,-252,298,686571
2026-05-19 20:05:07,esterno,2612,15888,808,-177,-224,-307,29138
2026-05-19 20:05:07,esterno,2668,15772,780,-265,-75,-242,29160
2026-05-19 20:05:07,lombar,16556,208,2948,-148,-409,321,686593
2026-05-19 20:05:07,esterno,2380,15824,568,-258,40,-221,29182
2026-05-19 20:05:07,lombar,16620,304,3068,-132,-389,393,686615
2026-05-19 20:05:07,esterno,2476,15896,832,-226,86,-166,29204
2026-05-19 20:05:07,lombar,16680,252,2956,-26,-413,345,686637
2026-05-19 20:05:07,esterno,2680,15772,656,-326,198,-84,29226
2026-05-19 20:05:07,lombar,16688,244,3132,84,-316,317,686659
2026-05-19 20:05:07,esterno,2692,15856,672,-265,320,-24,29248
2026-05-19 20:05:07,lombar,16584,268,2856,149,-306,324,686681
2026-05-19 20:05:07,esterno,2444,15652,660,-79,381,-74,29270
2026-05-19 20:05:07,lombar,16620,364,3068,146,-444,305,686703
2026-05-19 20:05:07,esterno,2528,15792,796,-89,379,-62,29292
2026-05-19 20:05:07,lombar,16564,356,2968,227,-335,316,686725
2026-05-19 20:05:07,esterno,2384,15732,808,-43,348,-24,29314
2026-05-19 20:05:07,lombar,16508,424,3004,289,-257,301,686747
2026-05-19 20:05:07,esterno,2496,15744,728,-46,315,130,29336
2026-05-19 20:05:07,lombar,16700,356,3108,271,-94,343,686769
2026-05-19 20:05:07,esterno,2308,15760,596,-41,247,82,29358
2026-05-19 20:05:07,lombar,16604,224,2868,194,-255,315,686791
2026-05-19 20:05:07,lombar,16768,224,2888,179,-262,346,686813
2026-05-19 20:05:07,esterno,2412,15756,596,-81,208,-17,29380
2026-05-19 20:05:07,esterno,2424,15908,864,-141,98,-19,29402
2026-05-19 20:05:07,lombar,16632,352,2808,156,-219,391,686835
2026-05-19 20:05:07,esterno,2312,15828,828,-29,104,-53,29424
2026-05-19 20:05:07,lombar,16712,152,2944,91,-362,355,686857
2026-05-19 20:05:07,esterno,2212,15748,488,32,431,-137,29446
2026-05-19 20:05:07,lombar,16676,228,2928,80,-258,414,686879
2026-05-19 20:05:07,esterno,2496,15768,1044,-49,-135,-140,29468
2026-05-19 20:05:07,lombar,16664,320,2956,-32,-333,390,686901
2026-05-19 20:05:07,lombar,16456,260,2816,33,-182,398,686923
2026-05-19 20:05:07,esterno,2280,15908,960,-149,-368,-1,29490
2026-05-19 20:05:07,esterno,2172,15724,648,-167,-129,-143,29512
2026-05-19 20:05:07,lombar,16648,368,2900,-10,-180,403,686945
2026-05-19 20:05:08,lombar,16612,300,3096,-19,-237,363,686967
2026-05-19 20:05:08,esterno,2284,15736,720,-76,266,-231,29534
2026-05-19 20:05:08,esterno,2468,15892,264,205,243,-245,29556
2026-05-19 20:05:08,lombar,16672,332,3120,-26,-244,357,686989
2026-05-19 20:05:08,esterno,2276,15944,632,180,265,-226,29578
2026-05-19 20:05:08,lombar,16576,272,3012,-22,-266,387,687011
2026-05-19 20:05:08,esterno,2276,15856,828,52,138,-238,29600
2026-05-19 20:05:08,lombar,16556,76,2920,11,-378,335,687033
2026-05-19 20:05:08,esterno,2300,15776,644,33,149,-241,29622
2026-05-19 20:05:08,lombar,16632,152,3004,131,-257,342,687055
2026-05-19 20:05:08,esterno,2436,15764,576,-11,284,-154,29644
2026-05-19 20:05:08,lombar,16580,184,2968,89,-283,343,687077
2026-05-19 20:05:08,esterno,2400,15828,600,-81,317,-92,29666
2026-05-19 20:05:08,lombar,16668,368,2992,145,-267,375,687099
2026-05-19 20:05:08,esterno,2260,15784,732,-88,197,-120,29688
2026-05-19 20:05:08,lombar,16592,248,3004,89,-242,341,687121
2026-05-19 20:05:08,esterno,2260,15868,396,-59,354,-84,29710
2026-05-19 20:05:08,lombar,16652,252,2800,220,-163,315,687143
2026-05-19 20:05:08,esterno,2252,15808,588,-42,330,-58,29732
2026-05-19 20:05:08,lombar,16604,300,2992,116,-208,384,687165
2026-05-19 20:05:08,esterno,2176,15752,524,-86,306,-60,29754
2026-05-19 20:05:08,lombar,16540,108,2952,134,-204,284,687187
2026-05-19 20:05:08,esterno,2368,15940,864,-77,280,-85,29776
2026-05-19 20:05:08,lombar,16560,164,2976,178,-191,317,687209
2026-05-19 20:05:08,esterno,2276,16000,780,-39,411,-20,29798
2026-05-19 20:05:08,lombar,16600,292,2908,101,-219,321,687231
2026-05-19 20:05:08,esterno,2180,15940,788,-117,152,-42,29820
2026-05-19 20:05:08,lombar,16692,244,3032,71,-342,335,687253
2026-05-19 20:05:08,esterno,2156,15920,856,-109,22,26,29842
2026-05-19 20:05:08,lombar,16652,88,2956,110,-249,388,687275
2026-05-19 20:05:08,esterno,2328,15764,664,-204,26,48,29864
2026-05-19 20:05:08,lombar,16552,336,2928,82,-205,324,687297
2026-05-19 20:05:08,esterno,2252,15712,636,-204,48,15,29886
2026-05-19 20:05:08,lombar,16688,396,2992,-9,-281,342,687319
2026-05-19 20:05:08,esterno,2332,15916,616,-104,62,-26,29908
2026-05-19 20:05:08,lombar,16516,272,3008,16,-191,386,687341
2026-05-19 20:05:08,esterno,2244,15892,632,-116,80,-7,29930
2026-05-19 20:05:08,lombar,16624,216,2972,40,-267,283,687363
2026-05-19 20:05:08,esterno,2296,15896,568,-82,74,64,29952
2026-05-19 20:05:08,lombar,16584,284,3236,57,-296,260,687385
2026-05-19 20:05:08,esterno,2308,15864,460,-119,101,52,29974
2026-05-19 20:05:08,lombar,16620,140,3068,34,-268,271,687407
2026-05-19 20:05:08,lombar,16564,128,3056,41,-284,238,687429
2026-05-19 20:05:08,esterno,2316,15920,456,-166,133,3,29996
2026-05-19 20:05:08,esterno,2188,15840,560,-165,168,-75,30018
2026-05-19 20:05:08,lombar,16576,272,2964,92,-373,316,687451
2026-05-19 20:05:08,esterno,2248,15888,692,-172,192,-26,30040
2026-05-19 20:05:08,lombar,16688,380,3168,129,-382,277,687473
2026-05-19 20:05:08,esterno,2260,15792,568,-167,186,4,30062
2026-05-19 20:05:08,lombar,16600,228,3168,105,-355,300,687495
2026-05-19 20:05:08,esterno,2208,15724,580,-189,120,7,30084
2026-05-19 20:05:08,lombar,16592,268,3172,95,-369,367,687517
2026-05-19 20:05:08,lombar,16688,292,2928,106,-317,319,687539
2026-05-19 20:05:08,esterno,2288,15692,628,-210,93,-3,30106
2026-05-19 20:05:08,esterno,2408,15800,576,-240,157,30,30128
2026-05-19 20:05:08,lombar,16672,336,2828,105,-377,298,687561
2026-05-19 20:05:08,esterno,2388,15884,560,-228,143,44,30150
2026-05-19 20:05:08,lombar,16596,276,2936,147,-321,342,687583
2026-05-19 20:05:08,esterno,2260,15884,752,-177,103,21,30172
2026-05-19 20:05:08,lombar,16588,356,2984,97,-395,332,687605
2026-05-19 20:05:08,lombar,16624,288,3024,120,-396,324,687627
2026-05-19 20:05:08,esterno,2252,15816,788,-211,78,39,30194
2026-05-19 20:05:08,esterno,2344,15804,80,-80,349,-51,30216
2026-05-19 20:05:08,lombar,16676,256,2860,132,-428,298,687649
2026-05-19 20:05:08,esterno,2348,15908,996,-98,-81,-24,30238
2026-05-19 20:05:08,lombar,16660,328,3004,24,-373,391,687671
2026-05-19 20:05:08,esterno,2256,16008,1048,-259,-191,191,30260
2026-05-19 20:05:08,lombar,16712,84,2836,28,-399,306,687693
2026-05-19 20:05:08,esterno,2264,15616,304,-256,-190,95,30282
2026-05-19 20:05:08,lombar,16728,204,2916,98,-349,341,687715
2026-05-19 20:05:08,lombar,16684,484,3020,173,-210,321,687737
2026-05-19 20:05:08,esterno,2260,15712,428,-116,305,-84,30304
2026-05-19 20:05:08,esterno,2444,15880,716,-36,304,-115,30326
2026-05-19 20:05:08,lombar,16684,296,2952,45,-356,385,687759
2026-05-19 20:05:08,esterno,2300,15856,636,17,307,-50,30348
2026-05-19 20:05:08,lombar,16680,184,2792,4,-287,342,687781
2026-05-19 20:05:08,esterno,2160,15732,908,-82,178,-50,30370
2026-05-19 20:05:08,lombar,16616,112,2948,-41,-339,312,687803
2026-05-19 20:05:08,esterno,2180,15812,724,-115,130,-39,30392
2026-05-19 20:05:08,lombar,16732,208,2880,32,-322,278,687825
2026-05-19 20:05:08,esterno,2364,15808,664,-80,165,-113,30414
2026-05-19 20:05:08,lombar,16644,336,3040,89,-326,315,687847
2026-05-19 20:05:08,esterno,2388,15712,792,-108,314,-35,30436
2026-05-19 20:05:08,lombar,16640,204,2952,77,-267,343,687869
2026-05-19 20:05:08,esterno,2244,15816,632,-186,222,-1,30458
2026-05-19 20:05:08,lombar,16672,240,3048,61,-289,330,687891
2026-05-19 20:05:08,esterno,2308,15804,548,-124,183,-21,30480
2026-05-19 20:05:08,lombar,16636,160,2860,99,-221,336,687913
2026-05-19 20:05:08,esterno,2320,15736,1016,-194,265,-45,30502
2026-05-19 20:05:08,lombar,16668,268,2972,167,-228,295,687935
2026-05-19 20:05:09,esterno,2108,15880,764,-140,368,-78,30524
2026-05-19 20:05:09,lombar,16700,172,2916,102,-238,305,687957
2026-05-19 20:05:09,esterno,2268,15740,604,-127,194,-115,30546
2026-05-19 20:05:09,lombar,16648,164,2920,130,-237,325,687979
2026-05-19 20:05:09,esterno,2436,16028,712,-62,372,0,30568
2026-05-19 20:05:09,lombar,16716,296,2940,134,-182,336,688001
2026-05-19 20:05:09,esterno,2180,15724,728,-215,197,-51,30590
2026-05-19 20:05:09,lombar,16636,300,2860,93,-313,264,688023
2026-05-19 20:05:09,lombar,16664,172,2924,116,-281,302,688045
2026-05-19 20:05:09,esterno,2212,15888,728,-76,58,-45,30612
2026-05-19 20:05:09,esterno,2300,15856,496,-203,66,27,30634
2026-05-19 20:05:09,lombar,16620,376,2868,140,-259,350,688067
2026-05-19 20:05:09,esterno,2372,15736,692,-238,122,95,30656
2026-05-19 20:05:09,lombar,16692,384,3008,77,-235,320,688089
2026-05-19 20:05:09,esterno,2276,15924,648,-126,122,22,30678
2026-05-19 20:05:09,lombar,16696,304,2928,76,-277,315,688111
2026-05-19 20:05:09,esterno,2200,15788,604,-85,128,11,30700
2026-05-19 20:05:09,lombar,16656,312,2868,88,-240,317,688133
2026-05-19 20:05:09,esterno,2352,15836,532,-72,92,28,30722
2026-05-19 20:05:09,lombar,16576,284,2732,64,-264,345,688155
2026-05-19 20:05:09,esterno,2304,15756,580,-68,88,36,30744
2026-05-19 20:05:09,lombar,16640,296,3040,69,-236,285,688177
2026-05-19 20:05:09,lombar,16652,200,2720,41,-254,326,688199
2026-05-19 20:05:09,esterno,2324,15952,584,-56,101,73,30766
2026-05-19 20:05:09,esterno,2348,15824,696,-57,86,21,30788
2026-05-19 20:05:09,lombar,16592,340,3092,20,-254,335,688221
2026-05-19 20:05:09,esterno,2228,15892,684,-26,47,-10,30810
2026-05-19 20:05:09,lombar,16572,220,3048,-10,-200,371,688243
2026-05-19 20:05:09,esterno,2264,15860,816,-76,57,75,30832
2026-05-19 20:05:09,lombar,16612,248,3012,13,-146,302,688265
2026-05-19 20:05:09,esterno,2264,15776,664,-104,-2,137,30854
2026-05-19 20:05:09,lombar,16676,256,2904,-7,-69,392,688287
2026-05-19 20:05:09,esterno,2312,15812,576,-157,38,123,30876
2026-05-19 20:05:09,lombar,16596,232,3116,-21,-94,342,688309
2026-05-19 20:05:09,esterno,2348,15784,500,-157,106,26,30898
2026-05-19 20:05:09,lombar,16608,340,2980,-3,-125,308,688331
2026-05-19 20:05:09,lombar,16692,168,2784,-35,-141,306,688353
2026-05-19 20:05:09,esterno,2252,15772,628,-146,101,26,30920
2026-05-19 20:05:09,esterno,2420,15848,664,-161,131,56,30942
2026-05-19 20:05:09,lombar,16644,200,2996,-23,-163,383,688375
2026-05-19 20:05:09,esterno,2212,15812,848,-115,113,87,30964
2026-05-19 20:05:09,lombar,16600,252,2972,-19,-273,320,688397
2026-05-19 20:05:09,esterno,2272,15756,60,16,315,-4,30986
2026-05-19 20:05:09,lombar,16544,200,3040,-11,-324,272,688419
2026-05-19 20:05:09,esterno,2152,15864,1056,-1,110,-165,31008
2026-05-19 20:05:09,lombar,16648,312,2948,71,-345,346,688441
2026-05-19 20:05:09,esterno,2308,16076,888,-121,-15,62,31030
2026-05-19 20:05:09,lombar,16584,192,2908,112,-299,288,688463
2026-05-19 20:05:09,esterno,2184,15736,240,-235,-121,123,31052
2026-05-19 20:05:09,lombar,16632,244,2912,147,-203,291,688485
2026-05-19 20:05:09,lombar,16664,304,3080,106,-226,240,688507
2026-05-19 20:05:09,esterno,2288,15692,552,-21,359,-14,31074
2026-05-19 20:05:09,esterno,2444,15916,712,4,377,-101,31096
2026-05-19 20:05:09,lombar,16636,284,2828,98,-210,260,688529
2026-05-19 20:05:09,esterno,2404,15972,640,84,460,-88,31118
2026-05-19 20:05:09,lombar,16728,332,2900,86,-151,315,688551
2026-05-19 20:05:09,esterno,2124,15936,792,-48,405,-70,31140
2026-05-19 20:05:09,lombar,16580,284,2960,96,-268,326,688573
2026-05-19 20:05:09,esterno,2224,15908,728,-17,384,-6,31162
2026-05-19 20:05:09,lombar,16616,296,2932,108,-263,304,688595
2026-05-19 20:05:09,esterno,2384,15856,404,-9,351,-10,31184
2026-05-19 20:05:09,lombar,16472,292,2904,90,-271,349,688617
2026-05-19 20:05:09,esterno,2332,15832,584,-118,401,-59,31206
2026-05-19 20:05:09,lombar,16500,224,3084,98,-389,342,688639
2026-05-19 20:05:09,lombar,16592,264,3076,95,-346,327,688661
2026-05-19 20:05:09,esterno,2280,15708,404,-166,369,-39,31228
2026-05-19 20:05:09,esterno,2272,15776,552,-198,261,49,31250
2026-05-19 20:05:09,lombar,16632,228,3052,133,-344,369,688683
2026-05-19 20:05:09,esterno,2272,15852,564,-252,323,69,31272
2026-05-19 20:05:09,lombar,16604,388,3076,151,-356,333,688705
2026-05-19 20:05:09,esterno,2156,15800,540,-196,372,9,31294
2026-05-19 20:05:09,lombar,16560,344,3136,110,-356,320,688727
2026-05-19 20:05:09,esterno,2256,15656,456,-201,266,-150,31316
2026-05-19 20:05:09,lombar,16580,352,2996,125,-403,351,688749
2026-05-19 20:05:09,esterno,2488,15904,768,-91,325,-52,31338
2026-05-19 20:05:09,lombar,16608,344,3076,158,-379,366,688771
2026-05-19 20:05:09,esterno,2328,15844,716,-123,345,9,31360
2026-05-19 20:05:09,lombar,16596,292,2924,57,-454,433,688793
2026-05-19 20:05:09,esterno,2148,15840,836,-233,69,52,31382
2026-05-19 20:05:09,lombar,16648,132,2832,71,-422,331,688815
2026-05-19 20:05:09,esterno,2392,15920,780,-227,52,35,31404
2026-05-19 20:05:09,lombar,16616,220,2940,131,-380,320,688837
2026-05-19 20:05:09,esterno,2388,15812,648,-317,42,-1,31426
2026-05-19 20:05:09,lombar,16732,344,2992,87,-438,416,688859
2026-05-19 20:05:09,esterno,2360,15868,784,-289,105,41,31448
2026-05-19 20:05:09,lombar,16580,424,2900,116,-381,338,688881
2026-05-19 20:05:09,esterno,2328,15756,716,-243,129,49,31470
2026-05-19 20:05:09,lombar,16680,336,2952,47,-369,356,688903
2026-05-19 20:05:09,lombar,16732,436,2996,89,-386,351,688925
2026-05-19 20:05:09,esterno,2280,15804,656,-195,145,-37,31492
2026-05-19 20:05:09,esterno,2308,15836,720,-108,184,-53,31514
2026-05-19 20:05:10,lombar,16672,236,2860,53,-366,436,688947
2026-05-19 20:05:10,esterno,2252,15856,724,-128,197,-53,31536
2026-05-19 20:05:10,lombar,16648,196,2884,52,-378,336,688969
2026-05-19 20:05:10,esterno,2256,15860,760,-114,176,-21,31558
2026-05-19 20:05:10,lombar,16568,212,2844,72,-334,339,688991
2026-05-19 20:05:10,esterno,2240,15840,636,-109,144,-67,31580
2026-05-19 20:05:10,lombar,16592,236,2976,44,-475,337,689013
2026-05-19 20:05:10,esterno,2288,15868,688,-137,117,-67,31602
2026-05-19 20:05:10,lombar,16676,308,2872,103,-358,420,689035
2026-05-19 20:05:10,esterno,2332,15792,384,-163,155,-87,31624
2026-05-19 20:05:10,lombar,16612,240,2992,175,-367,387,689057
2026-05-19 20:05:10,esterno,2204,15784,680,-174,151,-85,31646
2026-05-19 20:05:10,lombar,16592,260,2612,155,-339,369,689079
2026-05-19 20:05:10,esterno,2272,15804,736,-149,124,-28,31668
2026-05-19 20:05:10,lombar,16692,380,2976,90,-345,291,689101
2026-05-19 20:05:10,esterno,2308,15836,608,-153,151,-16,31690
2026-05-19 20:05:10,lombar,16712,180,2772,89,-339,365,689123
2026-05-19 20:05:10,esterno,2228,15784,696,-41,121,-58,31712
2026-05-19 20:05:10,lombar,16648,224,2932,158,-374,335,689145
2026-05-19 20:05:10,esterno,2252,15736,440,33,480,-111,31734
2026-05-19 20:05:10,lombar,16700,288,2916,187,-342,285,689167
2026-05-19 20:05:10,esterno,2376,15984,952,5,29,-56,31756
2026-05-19 20:05:10,lombar,16768,268,2964,95,-357,325,689189
2026-05-19 20:05:10,esterno,2224,15812,784,-159,-253,144,31778
2026-05-19 20:05:10,lombar,16580,232,2808,141,-248,320,689211
2026-05-19 20:05:10,esterno,2292,15524,208,-85,134,-14,31800
2026-05-19 20:05:10,lombar,16556,296,2840,127,-315,334,689233
2026-05-19 20:05:10,esterno,2240,15852,328,11,404,-164,31822
2026-05-19 20:05:10,lombar,16704,448,2928,72,-303,314,689255
2026-05-19 20:05:10,esterno,2464,15956,756,79,332,-131,31844
2026-05-19 20:05:10,lombar,16648,248,2932,85,-317,342,689277
2026-05-19 20:05:10,esterno,2156,15952,720,34,259,-13,31866
2026-05-19 20:05:10,lombar,16684,312,2788,47,-361,392,689299
2026-05-19 20:05:10,esterno,1944,15960,516,92,227,-150,31888
2026-05-19 20:05:10,lombar,16664,324,2912,9,-306,369,689321
2026-05-19 20:05:10,esterno,2212,15952,644,-45,163,-176,31910
2026-05-19 20:05:10,lombar,16620,192,2964,27,-352,335,689343
2026-05-19 20:05:10,esterno,2424,15880,608,-122,167,-169,31932
2026-05-19 20:05:10,lombar,16560,304,2880,40,-326,342,689365
2026-05-19 20:05:10,esterno,2316,15660,460,-140,316,-97,31954
2026-05-19 20:05:10,lombar,16580,164,2928,-4,-418,353,689387
2026-05-19 20:05:10,esterno,2128,15876,564,-73,217,5,31976
2026-05-19 20:05:10,lombar,16676,168,3052,75,-350,380,689409
2026-05-19 20:05:10,esterno,2040,16000,460,-163,151,95,31998
2026-05-19 20:05:10,lombar,16648,212,2908,94,-253,248,689431
2026-05-19 20:05:10,esterno,2104,15848,660,-357,34,98,32020
2026-05-19 20:05:10,lombar,16636,360,2996,85,-319,325,689453
2026-05-19 20:05:10,esterno,2268,15532,24,-372,243,-16,32042
2026-05-19 20:05:10,lombar,16668,308,2852,82,-322,348,689475
2026-05-19 20:05:10,esterno,2764,15812,616,-299,178,-25,32064
2026-05-19 20:05:10,lombar,16520,216,2760,119,-336,295,689497
2026-05-19 20:05:10,esterno,2580,15824,684,-203,424,136,32086
2026-05-19 20:05:10,lombar,16684,312,2864,111,-413,323,689519
2026-05-19 20:05:10,esterno,2156,15800,788,-381,252,80,32108
2026-05-19 20:05:10,lombar,16644,104,2732,158,-331,278,689541
2026-05-19 20:05:10,esterno,2200,15992,696,-218,206,158,32130
2026-05-19 20:05:10,lombar,16712,124,2864,225,-398,271,689563
2026-05-19 20:05:10,esterno,2296,15884,752,-127,280,206,32152
2026-05-19 20:05:10,lombar,16728,308,2720,281,-335,272,689585
2026-05-19 20:05:10,esterno,2168,15808,612,-160,302,186,32174
2026-05-19 20:05:10,lombar,16708,216,2884,220,-356,263,689607
2026-05-19 20:05:10,esterno,2256,15848,792,-119,317,81,32196
2026-05-19 20:05:10,lombar,16672,272,2752,200,-396,340,689629
2026-05-19 20:05:10,esterno,2124,15836,896,-124,356,61,32218
2026-05-19 20:05:10,lombar,16664,280,2700,148,-312,318,689651
2026-05-19 20:05:10,esterno,2268,15824,756,-132,319,116,32240
2026-05-19 20:05:10,lombar,16636,188,2540,95,-277,341,689673
2026-05-19 20:05:10,esterno,2232,15724,708,-96,301,201,32262
2026-05-19 20:05:10,lombar,16700,376,2708,126,-280,265,689695
2026-05-19 20:05:10,esterno,2124,15728,676,-19,161,145,32284
2026-05-19 20:05:10,lombar,16756,380,2716,156,-309,328,689717
2026-05-19 20:05:10,esterno,2044,15904,856,52,-127,152,32306
2026-05-19 20:05:10,lombar,16700,332,2764,62,-225,306,689739
2026-05-19 20:05:10,esterno,1756,15888,900,34,-368,259,32328
2026-05-19 20:05:10,lombar,16632,420,2748,-67,-198,314,689761
2026-05-19 20:05:10,esterno,1768,15736,596,-73,-525,243,32350
2026-05-19 20:05:10,lombar,16568,320,2752,-142,-255,251,689783
2026-05-19 20:05:10,esterno,2356,15816,628,-421,-482,269,32372
2026-05-19 20:05:10,lombar,16704,200,2968,-141,-223,245,689805
2026-05-19 20:05:10,esterno,2732,15844,636,-364,-460,401,32394
2026-05-19 20:05:10,lombar,16564,116,2804,-67,-144,214,689827
2026-05-19 20:05:10,esterno,2768,15768,-36,-96,-182,372,32416
2026-05-19 20:05:10,lombar,16656,36,2804,-99,-365,142,689849
2026-05-19 20:05:10,esterno,2392,15720,704,-50,-14,329,32438
2026-05-19 20:05:10,lombar,16740,12,2916,4,-295,122,689871
2026-05-19 20:05:10,esterno,2608,16168,636,-8,-236,500,32460
2026-05-19 20:05:10,lombar,16688,84,2792,129,-341,28,689893
2026-05-19 20:05:10,esterno,2584,15720,128,-78,71,515,32482
2026-05-19 20:05:10,lombar,16620,272,2768,276,-293,168,689915
2026-05-19 20:05:10,esterno,2504,15588,300,57,755,277,32504
2026-05-19 20:05:10,lombar,16656,420,2744,239,-503,126,689937
2026-05-19 20:05:10,esterno,2704,15692,592,219,990,143,32526
2026-05-19 20:05:11,lombar,16632,544,2848,203,-662,100,689959
2026-05-19 20:05:11,esterno,2616,15936,600,370,1059,220,32548
2026-05-19 20:05:11,lombar,16612,504,2824,268,-525,254,689981
2026-05-19 20:05:11,esterno,2224,15868,676,396,879,322,32570
2026-05-19 20:05:11,lombar,16628,528,2912,241,-396,336,690003
2026-05-19 20:05:11,esterno,2012,15796,832,323,570,343,32592
2026-05-19 20:05:11,lombar,16632,344,2688,164,-407,142,690025
2026-05-19 20:05:11,esterno,2292,15908,492,272,451,309,32614
2026-05-19 20:05:11,lombar,16568,420,2692,174,-296,76,690047
2026-05-19 20:05:11,esterno,2456,15796,552,313,489,236,32636
2026-05-19 20:05:11,lombar,16716,376,2756,121,-266,171,690069
2026-05-19 20:05:11,lombar,16688,220,2788,161,-278,214,690091
2026-05-19 20:05:11,esterno,2252,15848,584,39,414,156,32658
2026-05-19 20:05:11,lombar,16692,384,2752,121,-358,184,690113
2026-05-19 20:05:11,esterno,2244,15820,672,173,32,122,32680
2026-05-19 20:05:11,esterno,2384,16080,724,-55,-11,128,32702
2026-05-19 20:05:11,lombar,16836,416,2496,40,-183,139,690135
2026-05-19 20:05:11,esterno,2452,16284,772,-414,19,134,32724
2026-05-19 20:05:11,lombar,16724,352,2568,-101,-384,105,690157
2026-05-19 20:05:11,esterno,2508,15908,372,-999,-36,50,32746
2026-05-19 20:05:11,lombar,16656,412,2720,-176,-503,81,690179
2026-05-19 20:05:11,esterno,2840,15812,344,-1047,-17,248,32768
2026-05-19 20:05:11,lombar,16684,572,2976,-80,-701,17,690201
2026-05-19 20:05:11,esterno,2636,15668,484,-796,-119,412,32790
2026-05-19 20:05:11,lombar,16440,556,3004,-209,-591,198,690223
2026-05-19 20:05:11,esterno,2440,15708,560,-1201,-706,453,32812
2026-05-19 20:05:11,lombar,16608,492,2996,-283,-798,265,690245
2026-05-19 20:05:11,esterno,2628,15704,692,-1032,-759,436,32834
2026-05-19 20:05:11,lombar,16664,464,2824,-263,-466,156,690267
2026-05-19 20:05:11,esterno,3116,15428,728,-763,-848,581,32856
2026-05-19 20:05:11,lombar,16564,236,2548,-122,-187,166,690289
2026-05-19 20:05:11,esterno,2612,15624,1048,-377,-840,634,32878
2026-05-19 20:05:11,lombar,16808,384,2640,3,-143,145,690311
2026-05-19 20:05:11,esterno,1928,16032,984,190,-1005,344,32900
2026-05-19 20:05:11,lombar,16828,416,2616,84,-141,124,690333
2026-05-19 20:05:11,esterno,2336,15800,760,450,-837,-177,32922
2026-05-19 20:05:11,lombar,16672,504,2416,187,42,102,690355
2026-05-19 20:05:11,esterno,3192,15416,472,163,-520,-618,32944
2026-05-19 20:05:11,lombar,16452,508,2728,166,89,159,690377
2026-05-19 20:05:11,esterno,3612,15760,928,-10,-60,-391,32966
2026-05-19 20:05:11,lombar,16600,688,2764,113,-217,314,690399
2026-05-19 20:05:11,esterno,3240,15816,348,110,190,-38,32988
2026-05-19 20:05:11,lombar,16668,684,2784,90,-72,368,690421
2026-05-19 20:05:11,esterno,3232,15868,664,108,240,-81,33010
2026-05-19 20:05:11,lombar,16652,612,2508,91,-244,376,690443
2026-05-19 20:05:11,esterno,3284,15852,536,-92,399,-82,33032
2026-05-19 20:05:11,lombar,16636,564,2868,117,-489,417,690465
2026-05-19 20:05:11,esterno,3808,15724,436,-60,645,-22,33054
2026-05-19 20:05:11,lombar,16720,472,2808,283,-400,428,690487
2026-05-19 20:05:11,esterno,4384,15492,-308,180,1161,139,33076
2026-05-19 20:05:11,lombar,16476,528,2804,303,-489,406,690509
2026-05-19 20:05:11,esterno,4148,15640,568,358,2411,515,33098
2026-05-19 20:05:11,lombar,16864,224,2716,568,-342,256,690531
2026-05-19 20:05:11,lombar,17120,36,2256,934,116,220,690553
2026-05-19 20:05:11,esterno,3976,15892,264,522,3482,1295,33120
2026-05-19 20:05:11,esterno,2824,15736,764,1269,3762,1511,33142
2026-05-19 20:05:11,lombar,16872,388,2324,1287,395,307,690575
2026-05-19 20:05:11,esterno,1864,15888,900,999,3784,1234,33164
2026-05-19 20:05:11,lombar,16532,696,2536,1294,298,633,690597
2026-05-19 20:05:11,esterno,792,15920,1336,508,2620,891,33186
2026-05-19 20:05:11,lombar,16584,940,2776,1051,82,717,690619
2026-05-19 20:05:11,esterno,644,15836,1372,-60,1428,310,33208
2026-05-19 20:05:11,lombar,16484,1312,3056,513,-48,718,690641
2026-05-19 20:05:11,esterno,1248,15540,980,-333,347,-19,33230
2026-05-19 20:05:11,lombar,16512,1368,2916,-106,-204,723,690663
2026-05-19 20:05:11,esterno,1744,15632,572,15,-1096,-235,33252
2026-05-19 20:05:11,lombar,16628,856,2736,-732,-317,642,690685
2026-05-19 20:05:11,esterno,1872,15832,620,514,-1835,-923,33274
2026-05-19 20:05:11,lombar,16704,272,2728,-938,-398,475,690707
2026-05-19 20:05:11,esterno,2652,15740,68,295,-1669,-1827,33296
2026-05-19 20:05:11,lombar,16568,-64,2968,-814,-270,462,690729
2026-05-19 20:05:11,esterno,3616,15368,-36,-259,-1170,-2147,33318
2026-05-19 20:05:11,lombar,16580,-60,2920,-602,-300,416,690751
2026-05-19 20:05:11,esterno,4040,15464,-156,-114,-261,-1967,33340
2026-05-19 20:05:11,lombar,16624,-172,2916,-364,-91,421,690773
2026-05-19 20:05:11,esterno,3296,15876,84,-140,438,-1349,33362
2026-05-19 20:05:11,lombar,16764,36,2908,-22,167,520,690795
2026-05-19 20:05:11,esterno,2340,16076,480,-291,1169,-847,33384
2026-05-19 20:05:11,lombar,16740,228,2592,122,288,460,690817
2026-05-19 20:05:11,esterno,1804,16396,1632,61,629,-378,33406
2026-05-19 20:05:11,lombar,16588,760,2796,198,241,635,690839
2026-05-19 20:05:11,esterno,1924,16152,692,-91,-641,-245,33428
2026-05-19 20:05:11,lombar,16420,788,2704,-4,-105,545,690861
2026-05-19 20:05:11,esterno,2432,15824,252,-411,-606,-439,33450
2026-05-19 20:05:11,lombar,16552,924,2900,-228,-219,584,690883
2026-05-19 20:05:11,esterno,2920,15736,216,-367,-790,-179,33472
2026-05-19 20:05:11,lombar,16700,832,3008,-441,-164,508,690905
2026-05-19 20:05:11,esterno,2960,16152,284,-234,-910,131,33494
2026-05-19 20:05:11,lombar,16716,464,2784,-594,-337,384,690927
2026-05-19 20:05:11,esterno,2352,15856,280,33,-657,-36,33516
2026-05-19 20:05:12,lombar,16848,112,2756,-372,-416,300,690949
2026-05-19 20:05:12,esterno,2580,15704,252,138,-418,-619,33538
2026-05-19 20:05:12,lombar,16552,-136,2824,-153,-211,415,690971
2026-05-19 20:05:12,esterno,3136,15680,64,-127,234,-712,33560
2026-05-19 20:05:12,lombar,16572,-348,3008,304,-130,449,690993
2026-05-19 20:05:12,esterno,3040,15748,292,-215,938,-531,33582
2026-05-19 20:05:12,lombar,16532,-88,3060,597,-54,513,691015
2026-05-19 20:05:12,esterno,2576,15864,432,-270,1407,-255,33604
2026-05-19 20:05:12,lombar,16684,380,2860,668,55,533,691037
2026-05-19 20:05:12,esterno,2040,15968,444,-46,1264,111,33626
2026-05-19 20:05:12,lombar,16580,532,3144,618,110,543,691059
2026-05-19 20:05:12,esterno,1584,15652,320,-42,1070,177,33648
2026-05-19 20:05:12,lombar,16540,568,2984,521,7,594,691081
2026-05-19 20:05:12,esterno,1664,15992,584,-51,584,165,33670
2026-05-19 20:05:12,lombar,16568,620,3076,322,-98,563,691103
2026-05-19 20:05:12,esterno,1748,16076,576,-190,90,284,33692
2026-05-19 20:05:12,lombar,16600,608,3176,116,-144,501,691125
2026-05-19 20:05:12,esterno,1772,15952,580,-239,-469,379,33714
2026-05-19 20:05:12,lombar,16500,544,3040,-139,-125,439,691147
2026-05-19 20:05:12,esterno,1704,15876,164,-24,-768,303,33736
2026-05-19 20:05:12,lombar,16484,68,3132,-324,-339,397,691169
2026-05-19 20:05:12,esterno,1696,15604,532,3,-907,-53,33758
2026-05-19 20:05:12,lombar,16652,-8,3232,-347,-332,306,691191
2026-05-19 20:05:12,esterno,2476,15692,396,-94,-1112,-175,33780
2026-05-19 20:05:12,lombar,16600,-200,3104,-321,-306,313,691213
2026-05-19 20:05:12,esterno,2340,15556,80,-215,-1118,-220,33802
2026-05-19 20:05:12,lombar,16660,-220,2880,-167,-152,251,691235
2026-05-19 20:05:12,esterno,2264,15624,200,-196,-717,-310,33824
2026-05-19 20:05:12,lombar,16644,64,3040,-5,127,288,691257
2026-05-19 20:05:12,esterno,2296,15944,700,-254,-462,-203,33846
2026-05-19 20:05:12,lombar,16668,112,2960,123,7,356,691279
2026-05-19 20:05:12,esterno,2276,16040,552,-111,-337,-148,33868
2026-05-19 20:05:12,lombar,16636,352,2788,146,40,308,691301
2026-05-19 20:05:12,lombar,16608,348,2832,61,144,322,691323
2026-05-19 20:05:12,esterno,2448,16112,500,-107,-144,-139,33890
2026-05-19 20:05:12,esterno,2472,16072,624,-147,-120,0,33912
2026-05-19 20:05:12,lombar,16508,340,2996,16,-101,310,691345
2026-05-19 20:05:12,esterno,2432,16036,512,-234,-135,144,33934
2026-05-19 20:05:12,lombar,16804,300,2852,129,26,193,691367
2026-05-19 20:05:12,esterno,2324,15832,440,-227,-48,112,33956
2026-05-19 20:05:12,lombar,16624,284,3032,136,-77,272,691389
2026-05-19 20:05:12,esterno,2444,15848,484,-348,68,48,33978
2026-05-19 20:05:12,lombar,16548,316,3064,59,-296,245,691411
2026-05-19 20:05:12,esterno,2696,15652,292,-290,167,25,34000
2026-05-19 20:05:12,lombar,16712,120,3144,106,-160,313,691433
2026-05-19 20:05:12,esterno,2756,15856,76,-325,545,87,34022
2026-05-19 20:05:12,lombar,16536,200,3148,206,46,259,691455
2026-05-19 20:05:12,esterno,2780,16036,300,-427,719,323,34044
2026-05-19 20:05:12,lombar,16524,260,3380,297,50,252,691477
2026-05-19 20:05:12,esterno,2276,15876,16,-589,726,262,34066
2026-05-19 20:05:12,lombar,16716,240,3168,380,-11,285,691499
2026-05-19 20:05:12,esterno,2196,15752,316,-339,638,-52,34088
2026-05-19 20:05:12,lombar,16748,360,3388,411,-66,394,691521
2026-05-19 20:05:12,esterno,2124,15612,656,-199,733,-310,34110
2026-05-19 20:05:12,lombar,16584,384,3216,276,-4,452,691543
2026-05-19 20:05:12,esterno,2236,15696,696,-303,377,-386,34132
2026-05-19 20:05:12,lombar,16388,424,3124,105,9,393,691565
2026-05-19 20:05:12,esterno,2312,15804,564,-365,187,-112,34154
2026-05-19 20:05:12,lombar,16416,460,3476,-48,-60,435,691587
2026-05-19 20:05:12,esterno,2288,15764,428,-527,-8,230,34176
2026-05-19 20:05:12,lombar,16420,496,3264,-160,-349,345,691609
2026-05-19 20:05:12,lombar,16576,424,3180,-194,-569,384,691631
2026-05-19 20:05:12,esterno,2144,15796,276,-453,-180,321,34198
2026-05-19 20:05:12,esterno,2260,16004,668,-100,-200,197,34220
2026-05-19 20:05:12,lombar,16708,108,3076,-219,-535,429,691653
2026-05-19 20:05:12,esterno,2308,16000,684,47,-320,270,34242
2026-05-19 20:05:12,lombar,16840,4,3148,24,-452,218,691675
2026-05-19 20:05:12,esterno,2280,15848,628,220,-295,394,34264
2026-05-19 20:05:12,lombar,16692,-28,2924,161,-232,218,691697
2026-05-19 20:05:12,esterno,2360,15776,620,109,-177,399,34286
2026-05-19 20:05:12,lombar,16516,216,3160,148,-244,213,691719
2026-05-19 20:05:12,esterno,2620,15896,556,-46,-59,321,34308
2026-05-19 20:05:12,lombar,16652,200,3204,155,-386,239,691741
2026-05-19 20:05:12,esterno,2432,15824,728,-155,-15,356,34330
2026-05-19 20:05:12,lombar,16716,192,2788,184,-374,223,691763
2026-05-19 20:05:12,esterno,2368,15920,652,-234,-92,412,34352
2026-05-19 20:05:12,lombar,16664,76,3012,218,-286,206,691785
2026-05-19 20:05:12,esterno,2600,15852,544,-63,-123,462,34374
2026-05-19 20:05:12,lombar,16556,232,3076,249,-318,192,691807
2026-05-19 20:05:12,esterno,2496,15892,532,25,224,371,34396
2026-05-19 20:05:12,lombar,16700,332,3164,234,-327,225,691829
2026-05-19 20:05:12,esterno,2776,16008,684,21,-196,388,34418
2026-05-19 20:05:12,lombar,16668,388,2988,233,-222,141,691851
2026-05-19 20:05:12,esterno,2492,15920,476,-89,-285,511,34440
2026-05-19 20:05:12,lombar,16496,312,3220,251,-231,99,691873
2026-05-19 20:05:12,esterno,2452,15428,116,-38,65,377,34462
2026-05-19 20:05:12,lombar,16696,320,2976,231,-113,192,691895
2026-05-19 20:05:12,esterno,2660,15708,412,50,463,286,34484
2026-05-19 20:05:12,lombar,16600,388,3356,247,-147,180,691917
2026-05-19 20:05:12,lombar,16576,380,3148,210,-156,227,691939
2026-05-19 20:05:12,esterno,2848,15880,528,146,416,240,34506
2026-05-19 20:05:13,esterno,2428,15872,232,103,498,142,34528
2026-05-19 20:05:13,lombar,16568,372,2964,223,-93,189,691961
2026-05-19 20:05:13,esterno,2528,15732,568,64,392,138,34550
2026-05-19 20:05:13,lombar,16596,328,3112,253,-218,163,691983
2026-05-19 20:05:13,esterno,2576,15936,556,19,339,143,34572
2026-05-19 20:05:13,lombar,16696,260,3412,242,-167,165,692005
2026-05-19 20:05:13,esterno,2692,15720,364,30,344,45,34594
2026-05-19 20:05:13,lombar,16644,460,3120,267,-121,165,692027
2026-05-19 20:05:13,esterno,2684,15700,376,0,406,-55,34616
2026-05-19 20:05:13,lombar,16700,684,3176,201,-193,300,692049
2026-05-19 20:05:13,esterno,2764,15824,400,-22,324,47,34638
2026-05-19 20:05:13,lombar,16676,580,3252,154,-311,303,692071
2026-05-19 20:05:13,esterno,2768,15808,20,-163,360,104,34660
2026-05-19 20:05:13,lombar,16680,368,3132,123,-229,278,692093
2026-05-19 20:05:13,esterno,2552,15836,540,-144,275,107,34682
2026-05-19 20:05:13,lombar,16524,360,3260,132,-248,254,692115
2026-05-19 20:05:13,lombar,16656,520,3092,96,-255,222,692137
2026-05-19 20:05:13,esterno,2588,15696,272,-123,324,-34,34704
2026-05-19 20:05:13,esterno,2932,15812,484,55,126,-81,34726
2026-05-19 20:05:13,lombar,16620,524,3248,125,-247,201,692159
2026-05-19 20:05:13,esterno,2748,15964,560,-4,304,7,34748
2026-05-19 20:05:13,lombar,16552,388,3008,85,-330,306,692181
2026-05-19 20:05:13,esterno,2608,15796,540,-118,40,11,34770
2026-05-19 20:05:13,lombar,16592,436,3068,68,-393,284,692203
2026-05-19 20:05:13,esterno,2544,15868,372,-98,-44,-28,34792
2026-05-19 20:05:13,lombar,16596,348,3120,92,-296,265,692225
2026-05-19 20:05:13,esterno,2636,15784,428,-219,29,-53,34814
2026-05-19 20:05:13,lombar,16672,500,3192,80,-353,277,692247
2026-05-19 20:05:13,esterno,2668,15848,484,-198,12,-40,34836
2026-05-19 20:05:13,lombar,16468,504,3204,72,-373,398,692269
2026-05-19 20:05:13,esterno,2724,15860,416,-140,162,-37,34858
2026-05-19 20:05:13,lombar,16536,516,3264,27,-438,354,692291
2026-05-19 20:05:13,esterno,2668,15880,476,-36,158,-49,34880
2026-05-19 20:05:13,lombar,16620,368,3156,44,-441,423,692313
2026-05-19 20:05:13,esterno,2660,15984,328,-34,224,-104,34902
2026-05-19 20:05:13,lombar,16636,432,3220,60,-445,418,692335
2026-05-19 20:05:13,esterno,2516,15816,168,-100,208,-162,34924
2026-05-19 20:05:13,lombar,16540,476,3256,67,-369,437,692357
2026-05-19 20:05:13,esterno,2544,15796,336,-112,265,-142,34946
2026-05-19 20:05:13,lombar,16532,424,3248,60,-406,410,692379
2026-05-19 20:05:13,esterno,2620,15952,312,-210,157,-108,34968
2026-05-19 20:05:13,lombar,16600,248,3072,64,-418,421,692401
2026-05-19 20:05:13,esterno,2628,15800,240,-181,57,-74,34990
2026-05-19 20:05:13,lombar,16512,364,3132,58,-500,425,692423
2026-05-19 20:05:13,esterno,2508,15760,156,38,306,-142,35012
2026-05-19 20:05:13,lombar,16672,268,3136,137,-453,378,692445
2026-05-19 20:05:13,lombar,16524,348,3068,123,-441,357,692467
2026-05-19 20:05:13,esterno,2768,15820,628,-73,107,-210,35034
2026-05-19 20:05:13,lombar,16568,352,2940,105,-430,331,692489
2026-05-19 20:05:13,esterno,2580,16024,444,-167,-102,7,35056
2026-05-19 20:05:13,esterno,2512,15660,-68,-118,20,-5,35078
2026-05-19 20:05:13,lombar,16616,380,3072,111,-345,377,692511
2026-05-19 20:05:13,esterno,2608,15712,180,-102,427,-157,35100
2026-05-19 20:05:13,lombar,16636,264,2944,67,-432,453,692533
2026-05-19 20:05:13,esterno,2708,15636,328,54,465,-283,35122
2026-05-19 20:05:13,lombar,16624,336,3044,105,-492,391,692555
2026-05-19 20:05:13,esterno,2488,15976,308,95,397,-204,35144
2026-05-19 20:05:13,lombar,16608,476,2984,102,-424,390,692577
2026-05-19 20:05:13,esterno,2384,15816,380,-101,553,-113,35166
2026-05-19 20:05:13,lombar,16608,428,2952,56,-423,438,692599
2026-05-19 20:05:13,esterno,2552,15908,644,-135,424,-93,35188
2026-05-19 20:05:13,lombar,16644,268,2988,26,-481,443,692621
2026-05-19 20:05:13,esterno,2644,15796,484,-124,384,-116,35210
2026-05-19 20:05:13,lombar,16608,352,3088,90,-416,384,692643
2026-05-19 20:05:13,esterno,2396,15684,352,-182,365,-173,35232
2026-05-19 20:05:13,lombar,16652,296,2964,101,-471,395,692665
2026-05-19 20:05:13,esterno,2344,15680,416,-3,371,-133,35254
2026-05-19 20:05:13,lombar,16568,248,2916,155,-457,392,692687
2026-05-19 20:05:13,esterno,2388,15744,132,-166,335,-39,35276
2026-05-19 20:05:13,lombar,16704,376,3036,112,-431,397,692709
2026-05-19 20:05:13,esterno,2460,15748,688,-133,250,-81,35298
2026-05-19 20:05:13,lombar,16596,312,2968,171,-371,449,692731
2026-05-19 20:05:13,esterno,2324,15740,248,-228,449,-212,35320
2026-05-19 20:05:13,lombar,16580,220,2904,162,-336,288,692753
2026-05-19 20:05:13,esterno,2736,15936,448,-211,239,-176,35342
2026-05-19 20:05:13,lombar,16636,192,3092,175,-342,325,692775
2026-05-19 20:05:13,esterno,2572,15932,508,-56,389,-4,35364
2026-05-19 20:05:13,lombar,16684,376,3008,217,-339,397,692797
2026-05-19 20:05:13,esterno,2292,15828,376,-148,157,-11,35386
2026-05-19 20:05:13,lombar,16708,388,2692,191,-300,386,692819
2026-05-19 20:05:13,esterno,2396,15904,624,-156,109,-23,35408
2026-05-19 20:05:13,lombar,16516,400,3096,159,-359,274,692841
2026-05-19 20:05:13,esterno,2676,15956,360,-208,152,86,35430
2026-05-19 20:05:13,lombar,16716,416,2912,143,-395,390,692863
2026-05-19 20:05:13,esterno,2524,15764,484,-221,131,58,35452
2026-05-19 20:05:13,lombar,16616,328,3076,127,-364,417,692885
2026-05-19 20:05:13,esterno,2444,15816,476,-76,154,120,35474
2026-05-19 20:05:13,lombar,16720,412,2904,131,-359,334,692907
2026-05-19 20:05:13,esterno,2396,15860,496,-111,217,121,35496
2026-05-19 20:05:13,lombar,16664,336,2824,120,-252,377,692929
2026-05-19 20:05:13,esterno,2460,15932,448,-30,190,28,35518
2026-05-19 20:05:13,lombar,16652,436,2928,86,-277,349,692951
2026-05-19 20:05:14,esterno,2476,15784,396,-172,222,61,35540
2026-05-19 20:05:14,lombar,16692,288,2916,56,-326,313,692973
2026-05-19 20:05:14,esterno,2352,15808,464,-113,154,67,35562
2026-05-19 20:05:14,lombar,16640,380,2964,132,-196,406,692995
2026-05-19 20:05:14,esterno,2448,15892,560,-74,71,111,35584
2026-05-19 20:05:14,lombar,16644,384,2976,148,-196,403,693017
2026-05-19 20:05:14,esterno,2576,15748,512,138,-103,50,35606
2026-05-19 20:05:14,lombar,16632,356,2780,97,-288,326,693039
2026-05-19 20:05:14,esterno,2396,15604,72,168,230,-68,35628
2026-05-19 20:05:14,lombar,16624,304,2964,105,-208,374,693061
2026-05-19 20:05:14,esterno,2440,15632,936,76,-255,-79,35650
2026-05-19 20:05:14,lombar,16624,216,2992,83,-295,351,693083
2026-05-19 20:05:14,esterno,2428,15764,404,72,-512,211,35672
2026-05-19 20:05:14,lombar,16580,304,3096,-2,-383,294,693105
2026-05-19 20:05:14,esterno,2176,15320,292,385,-60,55,35694
2026-05-19 20:05:14,lombar,16756,356,2772,-21,-186,291,693127
2026-05-19 20:05:14,esterno,2080,15700,384,427,-3,-128,35716
2026-05-19 20:05:14,lombar,16644,368,2976,-43,-150,238,693149
2026-05-19 20:05:14,esterno,2216,16264,740,360,-355,29,35738
2026-05-19 20:05:14,lombar,16740,288,2912,-114,-147,230,693171
2026-05-19 20:05:14,esterno,2196,16352,96,253,-529,290,35760
2026-05-19 20:05:14,lombar,16756,400,2512,-116,-18,276,693193
2026-05-19 20:05:14,esterno,2012,15692,-136,29,-519,204,35782
2026-05-19 20:05:14,lombar,16564,36,2884,-148,-165,202,693215
2026-05-19 20:05:14,esterno,2428,15816,-112,-320,-371,237,35804
2026-05-19 20:05:14,lombar,16736,-36,2956,-115,-350,99,693237
2026-05-19 20:05:14,esterno,2780,15804,-28,-177,-204,570,35826
2026-05-19 20:05:14,lombar,16536,120,2968,24,-265,-2,693259
2026-05-19 20:05:14,esterno,2744,15712,-32,59,193,728,35848
2026-05-19 20:05:14,lombar,16556,316,3088,73,-292,-3,693281
2026-05-19 20:05:14,esterno,2516,15856,152,95,503,734,35870
2026-05-19 20:05:14,lombar,16720,376,3088,133,-249,4,693303
2026-05-19 20:05:14,esterno,2612,15764,504,123,784,704,35892
2026-05-19 20:05:14,lombar,16652,396,3104,181,-487,51,693325
2026-05-19 20:05:14,esterno,2656,15392,292,359,1076,558,35914
2026-05-19 20:05:14,lombar,16736,768,3160,40,-878,111,693347
2026-05-19 20:05:14,esterno,3132,15764,-32,479,1324,690,35936
2026-05-19 20:05:14,lombar,17040,768,2656,66,-166,164,693369
2026-05-19 20:05:14,esterno,3352,16044,552,836,1285,963,35958
2026-05-19 20:05:14,lombar,16792,548,2444,175,-31,297,693391
2026-05-19 20:05:14,esterno,3160,16276,560,913,1256,1084,35980
2026-05-19 20:05:14,lombar,16516,368,2664,333,449,299,693413
2026-05-19 20:05:14,esterno,2784,15812,204,423,859,940,36002
2026-05-19 20:05:14,lombar,16488,60,2740,330,348,11,693435
2026-05-19 20:05:14,esterno,3264,16256,64,-116,1082,750,36024
2026-05-19 20:05:14,lombar,16544,280,3312,431,83,-160,693457
2026-05-19 20:05:14,esterno,3364,16232,-200,-21,1074,948,36046
2026-05-19 20:05:14,lombar,16552,692,3200,299,84,22,693479
2026-05-19 20:05:14,esterno,3120,16168,-164,-260,1146,845,36068
2026-05-19 20:05:14,lombar,16416,468,3208,346,-75,74,693501
2026-05-19 20:05:14,esterno,2892,15612,-372,-425,1183,310,36090
2026-05-19 20:05:14,lombar,16544,236,3308,379,-58,88,693523
2026-05-19 20:05:14,esterno,2920,15544,-232,-377,1321,-266,36112
2026-05-19 20:05:14,lombar,16612,404,3292,429,-243,184,693545
2026-05-19 20:05:14,esterno,3148,15760,132,-130,1360,-281,36134
2026-05-19 20:05:14,lombar,16492,612,3592,462,-94,301,693567
2026-05-19 20:05:14,esterno,2836,15856,68,-91,1193,-255,36156
2026-05-19 20:05:14,lombar,16524,764,3372,371,-16,297,693589
2026-05-19 20:05:14,esterno,2640,15756,16,-195,917,-257,36178
2026-05-19 20:05:14,lombar,16536,768,2968,301,100,191,693611
2026-05-19 20:05:14,esterno,2656,15636,-108,-158,818,-316,36200
2026-05-19 20:05:14,lombar,16664,988,3116,85,-58,202,693633
2026-05-19 20:05:14,esterno,2816,15396,44,-393,820,-363,36222
2026-05-19 20:05:14,lombar,16668,888,2968,5,-84,295,693655
2026-05-19 20:05:14,esterno,3008,16032,704,-388,338,-161,36244
2026-05-19 20:05:14,lombar,16556,668,2900,6,-48,370,693677
2026-05-19 20:05:14,esterno,2936,16324,308,-222,55,119,36266
2026-05-19 20:05:14,lombar,16564,616,3140,-62,-124,372,693699
2026-05-19 20:05:14,esterno,2684,15880,4,-431,334,-136,36288
2026-05-19 20:05:14,lombar,16700,700,3140,-68,-48,343,693721
2026-05-19 20:05:14,esterno,3104,15756,152,-450,553,-163,36310
2026-05-19 20:05:14,lombar,16596,648,3188,-160,-47,423,693743
2026-05-19 20:05:14,esterno,3304,16168,264,-359,571,-52,36332
2026-05-19 20:05:14,lombar,16672,424,3176,29,-229,399,693765
2026-05-19 20:05:14,esterno,3028,15828,20,-686,892,61,36354
2026-05-19 20:05:14,lombar,16580,468,3204,154,-100,506,693787
2026-05-19 20:05:14,esterno,2680,15484,128,-607,773,-50,36376
2026-05-19 20:05:14,lombar,16476,520,3220,200,-181,496,693809
2026-05-19 20:05:14,lombar,16392,560,3424,175,-192,378,693831
2026-05-19 20:05:14,esterno,2680,15736,228,-472,674,12,36398
2026-05-19 20:05:14,esterno,2908,15716,332,-488,694,-6,36420
2026-05-19 20:05:14,lombar,16596,520,3292,83,-218,327,693853
2026-05-19 20:05:14,esterno,2768,15504,356,-441,737,-127,36442
2026-05-19 20:05:14,lombar,16740,576,3408,86,-288,468,693875
2026-05-19 20:05:14,esterno,2628,15844,368,-299,574,-70,36464
2026-05-19 20:05:14,lombar,16508,568,3124,82,-220,329,693897
2026-05-19 20:05:14,esterno,2628,15896,560,-317,586,-41,36486
2026-05-19 20:05:14,lombar,16628,432,3256,32,-253,379,693919
2026-05-19 20:05:14,esterno,2660,15800,460,-253,576,-190,36508
2026-05-19 20:05:14,lombar,16588,380,3132,-9,-260,292,693941
2026-05-19 20:05:15,esterno,2804,15824,420,-303,298,-266,36530
2026-05-19 20:05:15,lombar,16484,368,3240,91,-257,326,693963
2026-05-19 20:05:15,esterno,2816,15956,724,-189,410,-113,36552
2026-05-19 20:05:15,lombar,16668,484,3124,84,-329,322,693985
2026-05-19 20:05:15,esterno,2696,15856,732,-262,338,-94,36574
2026-05-19 20:05:15,lombar,16680,544,2960,17,-266,259,694007
2026-05-19 20:05:15,esterno,2812,15788,380,-264,143,-252,36596
2026-05-19 20:05:15,lombar,16632,448,3124,1,-104,243,694029
2026-05-19 20:05:15,esterno,2924,16064,460,-412,275,-88,36618
2026-05-19 20:05:15,lombar,16728,344,2936,22,-102,195,694051
2026-05-19 20:05:15,esterno,2820,15692,292,-486,354,-102,36640
2026-05-19 20:05:15,lombar,16680,532,3300,65,-106,194,694073
2026-05-19 20:05:15,esterno,2692,15656,272,-269,482,-73,36662
2026-05-19 20:05:15,lombar,16604,520,3212,84,-146,231,694095
2026-05-19 20:05:15,esterno,2692,15460,580,-152,612,-164,36684
2026-05-19 20:05:15,lombar,16536,700,3264,53,-202,347,694117
2026-05-19 20:05:15,lombar,16560,724,3296,89,-178,322,694139
2026-05-19 20:05:15,esterno,3076,15984,480,-76,637,-164,36706
2026-05-19 20:05:15,esterno,2752,15876,292,-177,476,-70,36728
2026-05-19 20:05:15,lombar,16692,496,3336,166,-109,269,694161
2026-05-19 20:05:15,esterno,2392,15452,336,-199,453,-143,36750
2026-05-19 20:05:15,lombar,16456,608,3424,163,-192,349,694183
2026-05-19 20:05:15,esterno,2656,15928,680,-214,226,53,36772
2026-05-19 20:05:15,lombar,16572,360,3480,77,-296,328,694205
2026-05-19 20:05:15,esterno,2692,15792,388,-55,262,95,36794
2026-05-19 20:05:15,lombar,16580,600,3288,70,-244,262,694227
2026-05-19 20:05:15,esterno,2592,15672,504,23,316,-103,36816
2026-05-19 20:05:15,lombar,16632,588,3200,99,-282,252,694249
2026-05-19 20:05:15,esterno,2868,15924,748,12,-99,-1,36838
2026-05-19 20:05:15,lombar,16592,524,3224,106,-239,275,694271
2026-05-19 20:05:15,esterno,2880,15820,492,-122,-163,149,36860
2026-05-19 20:05:15,lombar,16620,604,3196,95,-384,328,694293
2026-05-19 20:05:15,esterno,2676,15508,324,-175,205,-13,36882
2026-05-19 20:05:15,lombar,16560,604,3136,90,-248,387,694315
2026-05-19 20:05:15,esterno,2760,15844,432,-144,284,-49,36904
2026-05-19 20:05:15,lombar,16656,624,3048,30,-247,353,694337
2026-05-19 20:05:15,esterno,2776,15836,340,-38,334,-102,36926
2026-05-19 20:05:15,lombar,16684,532,3276,19,-303,435,694359
2026-05-19 20:05:15,lombar,16648,588,3160,113,-174,414,694381
2026-05-19 20:05:15,esterno,2672,15796,416,-177,403,-74,36948
2026-05-19 20:05:15,esterno,2696,15932,348,-163,414,27,36970
2026-05-19 20:05:15,lombar,16464,440,3368,45,-292,393,694403
2026-05-19 20:05:15,esterno,2820,15800,560,-41,410,100,36992
2026-05-19 20:05:15,lombar,16612,544,3276,69,-289,410,694425
2026-05-19 20:05:15,esterno,2704,15744,356,-138,337,-45,37014
2026-05-19 20:05:15,lombar,16620,508,3180,108,-215,362,694447
2026-05-19 20:05:15,esterno,2728,15640,180,-280,321,-100,37036
2026-05-19 20:05:15,lombar,16560,476,3308,92,-166,362,694469
2026-05-19 20:05:15,esterno,2672,15804,312,-298,271,10,37058
2026-05-19 20:05:15,lombar,16512,420,3292,91,-240,378,694491
2026-05-19 20:05:15,esterno,2628,15836,472,-411,449,79,37080
2026-05-19 20:05:15,lombar,16580,504,3360,144,-289,409,694513
2026-05-19 20:05:15,esterno,2500,15836,532,-356,496,-48,37102
2026-05-19 20:05:15,lombar,16552,532,3300,206,-194,382,694535
2026-05-19 20:05:15,esterno,2576,15676,556,-340,275,-245,37124
2026-05-19 20:05:15,lombar,16508,424,3384,116,-169,299,694557
2026-05-19 20:05:15,esterno,2788,15836,568,-200,435,-210,37146
2026-05-19 20:05:15,lombar,16676,492,3180,127,-123,308,694579
2026-05-19 20:05:15,esterno,2756,15892,740,-343,385,-91,37168
2026-05-19 20:05:15,lombar,16664,548,3120,186,-66,300,694601
2026-05-19 20:05:15,esterno,2740,15916,796,-138,155,-115,37190
2026-05-19 20:05:15,lombar,16620,528,3340,111,-88,273,694623
2026-05-19 20:05:15,esterno,2656,16020,620,-24,145,-147,37212
2026-05-19 20:05:15,lombar,16544,624,3268,80,-249,338,694645
2026-05-19 20:05:15,esterno,2844,15732,580,-172,101,-137,37234
2026-05-19 20:05:15,lombar,16692,636,3156,17,-241,276,694667
2026-05-19 20:05:15,esterno,2712,15740,532,-118,106,-89,37256
2026-05-19 20:05:15,lombar,16496,560,3348,18,-201,338,694689
2026-05-19 20:05:15,esterno,2700,15812,580,-113,74,11,37278
2026-05-19 20:05:15,lombar,16608,628,3388,86,-297,380,694711
2026-05-19 20:05:15,esterno,2708,15832,544,-128,66,-39,37300
2026-05-19 20:05:15,lombar,16644,516,3356,-14,-436,368,694733
2026-05-19 20:05:15,esterno,2748,15804,380,-124,64,-112,37322
2026-05-19 20:05:15,lombar,16644,488,3428,51,-273,314,694755
2026-05-19 20:05:15,esterno,2776,15836,524,-5,6,-150,37344
2026-05-19 20:05:15,lombar,16604,588,3420,24,-292,354,694777
2026-05-19 20:05:15,esterno,2700,15656,500,68,-83,-64,37366
2026-05-19 20:05:15,lombar,16508,392,3428,39,-298,321,694799
2026-05-19 20:05:15,esterno,2604,15864,636,88,-297,-1,37388
2026-05-19 20:05:15,lombar,16544,476,3356,65,-188,319,694821
2026-05-19 20:05:15,esterno,2584,15880,496,165,-229,11,37410
2026-05-19 20:05:15,lombar,16504,372,3360,30,-219,294,694843
2026-05-19 20:05:15,esterno,2500,15724,756,216,-215,-145,37432
2026-05-19 20:05:15,lombar,16544,604,3400,7,-136,364,694865
2026-05-19 20:05:15,esterno,2688,15976,684,169,-626,-23,37454
2026-05-19 20:05:15,lombar,16576,400,3276,-57,-331,300,694887
2026-05-19 20:05:15,esterno,2552,15780,152,-42,-642,167,37476
2026-05-19 20:05:15,lombar,16656,408,3424,-4,-324,260,694909
2026-05-19 20:05:15,esterno,2656,15560,-12,-15,-168,-24,37498
2026-05-19 20:05:15,lombar,16520,680,3216,-27,-231,325,694931
2026-05-19 20:05:15,esterno,2764,15772,288,43,8,-126,37520
2026-05-19 20:05:15,lombar,16544,544,3320,-59,-454,304,694953
2026-05-19 20:05:16,esterno,2680,16008,304,102,175,-71,37542
2026-05-19 20:05:16,lombar,16632,516,3172,-26,-327,347,694975
2026-05-19 20:05:16,esterno,2484,15860,192,44,218,-65,37564
2026-05-19 20:05:16,lombar,16556,568,3080,9,-404,387,694997
2026-05-19 20:05:16,esterno,2656,15808,552,75,169,-64,37586
2026-05-19 20:05:16,lombar,16604,484,3140,82,-303,316,695019
2026-05-19 20:05:16,esterno,2904,15996,392,62,129,21,37608
2026-05-19 20:05:16,lombar,16480,540,3372,153,-282,283,695041
2026-05-19 20:05:16,esterno,2884,15616,172,-37,185,-10,37630
2026-05-19 20:05:16,lombar,16472,504,3280,169,-311,340,695063
2026-05-19 20:05:16,esterno,2984,15520,108,-127,417,-12,37652
2026-05-19 20:05:16,lombar,16616,540,3340,225,-372,333,695085
2026-05-19 20:05:16,esterno,3084,15888,232,-24,589,187,37674
2026-05-19 20:05:16,lombar,16660,604,3264,311,-148,448,695107
2026-05-19 20:05:16,esterno,2892,16116,624,-190,898,501,37696
2026-05-19 20:05:16,lombar,16628,740,3468,377,-221,508,695129
2026-05-19 20:05:16,esterno,2580,15960,404,-352,977,354,37718
2026-05-19 20:05:16,lombar,16444,564,3280,373,-315,546,695151
2026-05-19 20:05:16,esterno,2580,16084,444,-477,457,338,37740
2026-05-19 20:05:16,lombar,16620,420,3284,462,-328,504,695173
2026-05-19 20:05:16,esterno,2660,16084,340,-600,488,551,37762
2026-05-19 20:05:16,lombar,16444,648,3320,351,-404,443,695195
2026-05-19 20:05:16,esterno,2484,15712,440,-792,257,349,37784
2026-05-19 20:05:16,lombar,16408,536,3352,113,-688,499,695217
2026-05-19 20:05:16,esterno,2240,15480,568,-783,-289,-9,37806
2026-05-19 20:05:16,lombar,16576,560,3400,19,-701,482,695239
2026-05-19 20:05:16,esterno,2408,15568,608,-731,-487,-54,37828
2026-05-19 20:05:16,lombar,16476,468,3268,-137,-617,447,695261
2026-05-19 20:05:16,esterno,2916,15684,492,-625,-500,-123,37850
2026-05-19 20:05:16,lombar,16600,440,3312,-117,-573,446,695283
2026-05-19 20:05:16,esterno,2996,15736,236,-367,-473,-164,37872
2026-05-19 20:05:16,lombar,16660,404,3220,-137,-420,419,695305
2026-05-19 20:05:16,esterno,2972,15756,644,-317,-381,-250,37894
2026-05-19 20:05:16,lombar,16728,544,2908,-215,-382,468,695327
2026-05-19 20:05:16,esterno,3044,15884,688,-425,-225,-320,37916
2026-05-19 20:05:16,lombar,16744,264,3064,-46,-545,419,695349
2026-05-19 20:05:16,lombar,16716,356,2704,89,-309,425,695371
2026-05-19 20:05:16,esterno,3216,15948,468,-414,-22,-404,37938
2026-05-19 20:05:16,esterno,3108,16240,632,-495,164,-362,37960
2026-05-19 20:05:16,lombar,16752,444,2388,49,-419,414,695393
2026-05-19 20:05:16,lombar,16756,504,2932,187,-551,593,695415
2026-05-19 20:05:16,esterno,2980,16512,1184,-751,124,-256,37982
2026-05-19 20:05:16,esterno,2908,15888,1340,-1099,-60,-490,38004
2026-05-19 20:05:16,lombar,16832,472,3116,305,-538,764,695437
2026-05-19 20:05:16,esterno,2512,15544,936,-1469,-203,-719,38026
2026-05-19 20:05:16,lombar,16428,536,3292,201,-347,832,695459
2026-05-19 20:05:16,esterno,2304,15492,644,-1081,-295,-772,38048
2026-05-19 20:05:16,lombar,16400,652,3564,-34,-413,861,695481
2026-05-19 20:05:16,esterno,2516,15812,840,-1149,-913,-474,38070
2026-05-19 20:05:16,lombar,16448,612,3564,-261,-489,757,695503
2026-05-19 20:05:16,esterno,2316,15712,440,-1305,-1240,-159,38092
2026-05-19 20:05:16,lombar,16460,484,3732,-251,-503,609,695525
2026-05-19 20:05:16,esterno,2332,15228,128,-825,-828,-281,38114
2026-05-19 20:05:16,lombar,16428,412,3460,-104,-445,670,695547
2026-05-19 20:05:16,esterno,2408,15564,232,-467,-587,-436,38136
2026-05-19 20:05:16,lombar,16440,352,3508,-110,-400,661,695569
2026-05-19 20:05:16,esterno,2640,15868,532,-272,-525,-353,38158
2026-05-19 20:05:16,lombar,16404,176,3672,-143,-429,577,695591
2026-05-19 20:05:16,esterno,2648,15856,776,-329,-285,-164,38180
2026-05-19 20:05:16,lombar,16584,72,3408,-117,-383,574,695613
2026-05-19 20:05:16,esterno,2372,15772,780,-515,-249,-6,38202
2026-05-19 20:05:16,lombar,16464,96,3172,41,-285,581,695635
2026-05-19 20:05:16,esterno,2264,15692,752,-451,-167,74,38224
2026-05-19 20:05:16,lombar,16720,104,3140,98,-295,532,695657
2026-05-19 20:05:16,esterno,2356,15740,824,-438,-123,100,38246
2026-05-19 20:05:16,lombar,16612,200,2868,171,-240,484,695679
2026-05-19 20:05:16,esterno,2440,15796,852,-462,61,202,38268
2026-05-19 20:05:16,lombar,16628,128,2980,121,-463,386,695701
2026-05-19 20:05:16,lombar,16764,260,2956,193,-583,411,695723
2026-05-19 20:05:16,esterno,2452,15848,1048,-470,162,278,38290
2026-05-19 20:05:16,esterno,2332,15836,1276,-481,232,281,38312
2026-05-19 20:05:16,lombar,16656,236,2800,325,-420,357,695745
2026-05-19 20:05:16,esterno,2284,15916,1248,-493,309,212,38334
2026-05-19 20:05:16,lombar,16604,212,2928,279,-505,318,695767
2026-05-19 20:05:16,esterno,2392,15740,1288,-442,-13,155,38356
2026-05-19 20:05:16,lombar,16804,64,2932,258,-505,275,695789
2026-05-19 20:05:16,esterno,2656,15780,1248,-316,182,262,38378
2026-05-19 20:05:16,lombar,16572,204,2868,284,-434,295,695811
2026-05-19 20:05:16,esterno,2376,15696,1172,-376,97,244,38400
2026-05-19 20:05:16,lombar,16616,264,3008,227,-416,332,695833
2026-05-19 20:05:16,esterno,2372,15776,1248,-301,-165,187,38422
2026-05-19 20:05:16,lombar,16668,240,2948,255,-460,197,695855
2026-05-19 20:05:16,esterno,2320,15700,1192,-168,-39,203,38444
2026-05-19 20:05:16,lombar,16784,320,3056,293,-288,174,695877
2026-05-19 20:05:16,esterno,2660,15704,1028,-130,33,307,38466
2026-05-19 20:05:16,lombar,16564,212,2964,299,-441,213,695899
2026-05-19 20:05:16,esterno,2728,15776,1072,-77,106,389,38488
2026-05-19 20:05:16,lombar,16628,220,2964,314,-483,160,695921
2026-05-19 20:05:16,esterno,2788,15684,1060,-17,133,356,38510
2026-05-19 20:05:16,lombar,16612,208,2936,288,-584,187,695943
2026-05-19 20:05:17,esterno,2944,15444,1120,-33,203,381,38532
2026-05-19 20:05:17,lombar,16620,284,3108,240,-658,134,695965
2026-05-19 20:05:17,esterno,3264,15368,880,-209,325,487,38554
2026-05-19 20:05:17,lombar,16636,328,2620,325,-454,83,695987
2026-05-19 20:05:17,esterno,3040,15656,1152,-205,336,826,38576
2026-05-19 20:05:17,lombar,16852,228,2720,391,-354,160,696009
2026-05-19 20:05:17,lombar,16700,372,2864,432,-43,82,696031
2026-05-19 20:05:17,esterno,2192,15920,1340,172,-17,941,38598
2026-05-19 20:05:17,esterno,1708,15840,1348,160,-559,481,38620
2026-05-19 20:05:17,lombar,16528,492,3160,267,-261,168,696053
2026-05-19 20:05:17,esterno,1920,15540,1044,215,-870,-134,38642
2026-05-19 20:05:17,lombar,16444,500,3188,-14,-329,120,696075
2026-05-19 20:05:17,esterno,2432,15436,820,515,-1036,-527,38664
2026-05-19 20:05:17,lombar,16496,620,3204,-207,-206,111,696097
2026-05-19 20:05:17,esterno,2876,15800,1176,318,-1451,-366,38686
2026-05-19 20:05:17,lombar,16680,516,3072,-450,-306,21,696119
2026-05-19 20:05:17,esterno,2668,15712,784,-105,-1540,-2,38708
2026-05-19 20:05:17,lombar,16596,540,2952,-429,-188,62,696141
2026-05-19 20:05:17,esterno,2848,15732,728,-70,-1046,-226,38730
2026-05-19 20:05:17,lombar,16720,504,2908,-301,-146,206,696163
2026-05-19 20:05:17,esterno,3424,15936,840,245,-323,-410,38752
2026-05-19 20:05:17,lombar,16816,352,2624,-47,-123,302,696185
2026-05-19 20:05:17,esterno,3988,15964,876,179,45,-259,38774
2026-05-19 20:05:17,lombar,16648,268,2912,136,-128,385,696207
2026-05-19 20:05:17,esterno,3936,15832,912,-87,551,-38,38796
2026-05-19 20:05:17,lombar,16840,384,2492,136,-333,430,696229
2026-05-19 20:05:17,esterno,3592,15876,872,-263,942,-19,38818
2026-05-19 20:05:17,lombar,16536,376,2544,404,-109,474,696251
2026-05-19 20:05:17,esterno,3024,15804,1080,-287,1068,128,38840
2026-05-19 20:05:17,lombar,16680,488,2724,401,-351,516,696273
2026-05-19 20:05:17,esterno,2380,15964,1076,-339,744,394,38862
2026-05-19 20:05:17,lombar,16712,520,2860,377,-726,519,696295
2026-05-19 20:05:17,esterno,2040,15592,1124,5,680,345,38884
2026-05-19 20:05:17,lombar,16696,472,2920,225,-992,490,696317
2026-05-19 20:05:17,esterno,2088,15780,612,294,764,92,38906
2026-05-19 20:05:17,lombar,16780,688,2860,239,-1019,602,696339
2026-05-19 20:05:17,esterno,2488,15688,1080,231,687,30,38928
2026-05-19 20:05:17,lombar,16616,372,2852,85,-902,484,696361
2026-05-19 20:05:17,esterno,2824,15344,712,154,682,-237,38950
2026-05-19 20:05:17,lombar,16604,156,2980,3,-540,399,696383
2026-05-19 20:05:17,esterno,3108,15280,480,60,621,-373,38972
2026-05-19 20:05:17,lombar,16508,172,2732,123,-192,304,696405
2026-05-19 20:05:17,esterno,3492,15580,592,60,1279,-219,38994
2026-05-19 20:05:17,lombar,16632,236,2892,233,-63,220,696427
2026-05-19 20:05:17,esterno,3536,15872,816,-60,1439,112,39016
2026-05-19 20:05:17,lombar,16588,332,2924,387,-33,221,696449
2026-05-19 20:05:17,esterno,3436,16060,1012,516,1151,421,39038
2026-05-19 20:05:17,lombar,16600,276,2788,470,28,234,696471
2026-05-19 20:05:17,esterno,2600,15920,1052,964,1038,798,39060
2026-05-19 20:05:17,lombar,16628,328,2860,484,7,271,696493
2026-05-19 20:05:17,esterno,1872,15824,1176,505,719,687,39082
2026-05-19 20:05:17,lombar,16652,420,2756,348,-56,319,696515
2026-05-19 20:05:17,esterno,1672,15768,1060,122,260,235,39104
2026-05-19 20:05:17,lombar,16652,472,3016,199,-30,245,696537
2026-05-19 20:05:17,esterno,2140,15744,956,275,-362,-108,39126
2026-05-19 20:05:17,lombar,16580,592,2872,-22,-162,309,696559
2026-05-19 20:05:17,esterno,2460,15664,1068,414,-943,-369,39148
2026-05-19 20:05:17,lombar,16464,684,2964,-220,-255,431,696581
2026-05-19 20:05:17,esterno,2452,15948,876,254,-1132,-256,39170
2026-05-19 20:05:17,lombar,16728,620,2960,-522,-561,409,696603
2026-05-19 20:05:17,esterno,2512,15876,944,94,-1377,-207,39192
2026-05-19 20:05:17,lombar,16636,476,3044,-620,-305,457,696625
2026-05-19 20:05:17,esterno,2792,15852,988,-30,-1735,-394,39214
2026-05-19 20:05:17,lombar,16516,192,2908,-643,-175,319,696647
2026-05-19 20:05:17,esterno,3084,15576,312,-108,-1443,-540,39236
2026-05-19 20:05:17,lombar,16624,92,2852,-505,-191,385,696669
2026-05-19 20:05:17,esterno,3156,15648,152,-110,-1039,-571,39258
2026-05-19 20:05:17,lombar,16760,208,2768,-328,-112,374,696691
2026-05-19 20:05:17,esterno,3360,15652,320,-3,-860,-414,39280
2026-05-19 20:05:17,lombar,16712,204,2644,-113,104,336,696713
2026-05-19 20:05:17,esterno,3540,15960,20,-303,-345,-34,39302
2026-05-19 20:05:17,lombar,16560,76,2928,126,40,346,696735
2026-05-19 20:05:17,esterno,3532,15716,196,-325,550,-45,39324
2026-05-19 20:05:17,lombar,16732,92,2952,360,-26,371,696757
2026-05-19 20:05:17,esterno,2968,15760,592,-5,911,17,39346
2026-05-19 20:05:17,lombar,16528,412,3156,555,114,332,696779
2026-05-19 20:05:17,lombar,16632,460,2864,439,-16,286,696801
2026-05-19 20:05:17,esterno,2576,15684,908,396,595,254,39368
2026-05-19 20:05:17,esterno,1808,15724,1168,540,280,330,39390
2026-05-19 20:05:17,lombar,16608,548,2932,332,38,318,696823
2026-05-19 20:05:17,esterno,2076,15724,912,122,95,131,39412
2026-05-19 20:05:17,lombar,16720,560,2892,228,174,261,696845
2026-05-19 20:05:17,esterno,2776,15872,672,221,40,20,39434
2026-05-19 20:05:17,lombar,16720,456,3104,133,217,242,696867
2026-05-19 20:05:17,esterno,3216,15948,348,83,82,-31,39456
2026-05-19 20:05:17,lombar,16700,420,2992,75,145,358,696889
2026-05-19 20:05:17,esterno,3180,15736,404,-78,223,11,39478
2026-05-19 20:05:17,lombar,16584,292,3152,103,108,371,696911
2026-05-19 20:05:17,esterno,2904,15644,288,-29,268,3,39500
2026-05-19 20:05:17,lombar,16480,292,3280,162,85,423,696933
2026-05-19 20:05:17,esterno,2744,15700,584,-176,288,-86,39522
2026-05-19 20:05:17,lombar,16588,312,3308,180,63,445,696955
2026-05-19 20:05:18,esterno,2724,15740,304,-259,445,-135,39544
2026-05-19 20:05:18,lombar,16592,288,3204,221,63,411,696977
2026-05-19 20:05:18,esterno,2868,15712,432,-182,53,-121,39566
2026-05-19 20:05:18,lombar,16588,424,3420,134,81,364,696999
