timestamp,node,ax,ay,az,gx,gy,gz,t_ms
2026-05-19 20:05:28,esterno,2512,15692,1920,-313,433,-161,50148
2026-05-19 20:05:28,lombar,16764,248,1296,64,-280,458,707581
2026-05-19 20:05:28,lombar,16800,100,1488,-15,-366,346,707603
2026-05-19 20:05:28,esterno,2648,15716,1996,-233,469,-95,50170
2026-05-19 20:05:28,esterno,2528,15564,1996,-219,244,-103,50192
2026-05-19 20:05:28,lombar,16768,92,1456,-36,-157,346,707625
2026-05-19 20:05:28,esterno,2784,15652,1952,-210,325,-74,50214
2026-05-19 20:05:28,lombar,16716,-16,1440,1,-144,308,707647
2026-05-19 20:05:28,esterno,2696,15588,1796,-298,310,-79,50236
2026-05-19 20:05:28,lombar,16736,120,1516,-30,-141,385,707669
2026-05-19 20:05:28,esterno,2532,15572,2024,-251,35,-92,50258
2026-05-19 20:05:28,lombar,16568,168,1388,-2,-49,344,707691
2026-05-19 20:05:28,esterno,2656,15628,2016,-241,75,56,50280
2026-05-19 20:05:28,lombar,16720,-100,1308,-3,-231,269,707713
2026-05-19 20:05:28,esterno,2692,15644,1988,-293,106,46,50302
2026-05-19 20:05:28,lombar,16856,48,1448,91,-82,297,707735
2026-05-19 20:05:28,esterno,2756,15676,1792,-279,120,-37,50324
2026-05-19 20:05:28,lombar,16764,180,1356,108,-61,340,707757
2026-05-19 20:05:28,esterno,2692,15652,2128,-244,185,-13,50346
2026-05-19 20:05:28,lombar,16812,200,1496,69,-169,361,707779
2026-05-19 20:05:28,esterno,2556,15580,1776,-222,195,9,50368
2026-05-19 20:05:28,lombar,16772,128,1580,-14,-193,384,707801
2026-05-19 20:05:28,esterno,2576,15520,1884,-243,177,63,50390
2026-05-19 20:05:28,lombar,16680,92,1528,70,-158,300,707823
2026-05-19 20:05:28,lombar,16720,152,1644,145,-108,333,707845
2026-05-19 20:05:28,esterno,2692,15584,2068,-246,143,21,50412
2026-05-19 20:05:28,esterno,2644,15600,1896,-297,45,52,50434
2026-05-19 20:05:28,lombar,16780,212,1536,106,-115,287,707867
2026-05-19 20:05:28,esterno,2484,15556,1888,-187,10,78,50456
2026-05-19 20:05:28,lombar,16676,108,1584,72,-138,325,707889
2026-05-19 20:05:28,lombar,16816,108,1572,80,-279,356,707911
2026-05-19 20:05:28,esterno,2608,15504,1528,-44,169,37,50478
2026-05-19 20:05:28,esterno,2760,15656,2176,-63,-134,-9,50500
2026-05-19 20:05:28,lombar,16696,216,1364,77,-172,326,707933
2026-05-19 20:05:28,esterno,2676,15744,1960,-235,-309,143,50522
2026-05-19 20:05:28,lombar,16712,204,1584,65,-220,318,707955
2026-05-19 20:05:29,esterno,2572,15384,1612,-218,-197,93,50544
2026-05-19 20:05:29,lombar,16892,48,1544,105,-278,284,707977
2026-05-19 20:05:29,esterno,2620,15448,1656,-87,185,-6,50566
2026-05-19 20:05:29,lombar,16772,192,1540,137,-162,315,707999
2026-05-19 20:05:29,esterno,2832,15600,1948,-83,260,6,50588
2026-05-19 20:05:29,lombar,16632,108,1556,90,-221,335,708021
2026-05-19 20:05:29,esterno,2800,15624,1884,-61,295,2,50610
2026-05-19 20:05:29,lombar,16784,116,1388,47,-318,377,708043
2026-05-19 20:05:29,esterno,2592,15708,1908,-73,307,-96,50632
2026-05-19 20:05:29,lombar,16828,48,1428,93,-186,365,708065
2026-05-19 20:05:29,esterno,2532,15772,2220,-176,235,-12,50654
2026-05-19 20:05:29,lombar,16616,88,1536,74,-206,388,708087
2026-05-19 20:05:29,esterno,2788,15568,1788,-190,241,34,50676
2026-05-19 20:05:29,lombar,16836,108,1564,96,-265,326,708109
2026-05-19 20:05:29,esterno,2732,15520,1808,-135,299,36,50698
2026-05-19 20:05:29,lombar,16720,128,1564,107,-278,354,708131
2026-05-19 20:05:29,esterno,2592,15580,2028,-172,304,2,50720
2026-05-19 20:05:29,lombar,16808,152,1516,88,-294,310,708153
2026-05-19 20:05:29,lombar,16820,152,1480,116,-277,352,708175
2026-05-19 20:05:29,esterno,2600,15660,1712,-165,457,-76,50742
2026-05-19 20:05:29,esterno,2640,15608,1952,-143,396,-20,50764
2026-05-19 20:05:29,lombar,16736,96,1620,186,-174,350,708197
2026-05-19 20:05:29,lombar,16688,60,1692,140,-208,352,708219
2026-05-19 20:05:29,esterno,2444,15540,1884,-223,348,-72,50786
2026-05-19 20:05:29,esterno,2808,15636,1956,-124,234,-20,50808
2026-05-19 20:05:29,lombar,16612,136,1516,185,-302,288,708241
2026-05-19 20:05:29,esterno,2684,15612,2180,-151,326,-2,50830
2026-05-19 20:05:29,lombar,16780,268,1600,114,-246,379,708263
2026-05-19 20:05:29,esterno,2560,15680,2264,-257,76,6,50852
2026-05-19 20:05:29,lombar,16716,200,1472,77,-226,270,708285
2026-05-19 20:05:29,esterno,2600,15636,1944,-110,60,24,50874
2026-05-19 20:05:29,lombar,16780,80,1624,115,-262,257,708307
2026-05-19 20:05:29,esterno,2692,15624,1912,-156,150,61,50896
2026-05-19 20:05:29,lombar,16752,216,1556,129,-229,316,708329
2026-05-19 20:05:29,esterno,2648,15684,1820,-205,131,89,50918
2026-05-19 20:05:29,lombar,16760,212,1596,98,-273,320,708351
2026-05-19 20:05:29,esterno,2680,15620,2044,-54,167,12,50940
2026-05-19 20:05:29,lombar,16712,120,1432,63,-259,303,708373
2026-05-19 20:05:29,esterno,2692,15644,1800,-128,229,24,50962
2026-05-19 20:05:29,lombar,16656,100,1520,88,-296,334,708395
2026-05-19 20:05:29,esterno,2440,15592,1872,-142,158,85,50984
2026-05-19 20:05:29,lombar,16860,188,1568,96,-219,275,708417
2026-05-19 20:05:29,esterno,2544,15744,1960,-17,44,162,51006
2026-05-19 20:05:29,lombar,16728,80,1404,-11,-290,410,708439
2026-05-19 20:05:29,esterno,2440,15584,2212,-31,-33,56,51028
2026-05-19 20:05:29,lombar,16728,160,1616,-6,-291,347,708461
2026-05-19 20:05:29,esterno,2576,15524,1992,-53,-234,46,51050
2026-05-19 20:05:29,lombar,16672,108,1548,79,-265,312,708483
2026-05-19 20:05:29,esterno,2492,15684,1960,196,-337,120,51072
2026-05-19 20:05:29,lombar,16720,152,1604,-18,-298,305,708505
2026-05-19 20:05:29,lombar,16808,112,1520,3,-158,251,708527
2026-05-19 20:05:29,esterno,2364,15840,2396,170,-541,267,51094
2026-05-19 20:05:29,esterno,2600,15760,2112,140,-828,416,51116
2026-05-19 20:05:29,lombar,16756,-32,1636,-95,-322,163,708549
2026-05-19 20:05:29,esterno,3032,15580,1452,-67,-561,479,51138
2026-05-19 20:05:29,lombar,16740,16,1428,-1,-218,147,708571
2026-05-19 20:05:29,esterno,3204,15520,1504,-86,169,408,51160
2026-05-19 20:05:29,lombar,16880,328,1584,139,-153,194,708593
2026-05-19 20:05:29,esterno,3248,15552,1560,-22,459,412,51182
2026-05-19 20:05:29,lombar,16796,64,1696,152,-238,288,708615
2026-05-19 20:05:29,esterno,3104,15628,1772,30,599,330,51204
2026-05-19 20:05:29,lombar,16748,48,1596,219,-344,215,708637
2026-05-19 20:05:29,esterno,2736,15540,1796,69,774,239,51226
2026-05-19 20:05:29,lombar,16744,164,1476,307,-190,217,708659
2026-05-19 20:05:29,esterno,2736,15632,1840,-85,756,110,51248
2026-05-19 20:05:29,lombar,16868,336,1548,302,-154,234,708681
2026-05-19 20:05:29,esterno,2868,15532,1864,1,654,98,51270
2026-05-19 20:05:29,lombar,16692,180,1540,275,-200,229,708703
2026-05-19 20:05:29,esterno,2708,15480,1748,98,558,-37,51292
2026-05-19 20:05:29,lombar,16712,152,1448,157,-181,340,708725
2026-05-19 20:05:29,esterno,2604,15628,1960,-15,467,-100,51314
2026-05-19 20:05:29,lombar,16764,100,1556,132,-337,314,708747
2026-05-19 20:05:29,esterno,2696,15756,1508,-127,432,-162,51336
2026-05-19 20:05:29,lombar,16780,152,1460,96,-259,347,708769
2026-05-19 20:05:29,esterno,2844,15560,1968,-162,304,-198,51358
2026-05-19 20:05:29,lombar,16748,308,1548,59,-319,374,708791
2026-05-19 20:05:29,esterno,2588,15476,1776,-183,319,-337,51380
2026-05-19 20:05:29,lombar,16744,160,1456,12,-266,337,708813
2026-05-19 20:05:29,lombar,16776,136,1660,34,-292,338,708835
2026-05-19 20:05:29,esterno,2948,15696,2000,-278,136,-264,51402
2026-05-19 20:05:29,esterno,3004,15716,1992,-218,367,-211,51424
2026-05-19 20:05:29,lombar,16740,252,1556,-51,-343,442,708857
2026-05-19 20:05:29,esterno,2824,15656,1856,-300,176,-285,51446
2026-05-19 20:05:29,lombar,16764,88,1632,-79,-376,423,708879
2026-05-19 20:05:29,esterno,2800,15676,1976,-331,51,-210,51468
2026-05-19 20:05:29,lombar,16768,100,1576,-65,-261,350,708901
2026-05-19 20:05:29,esterno,2868,15696,1776,-391,41,-85,51490
2026-05-19 20:05:29,lombar,16676,116,1648,24,-375,393,708923
2026-05-19 20:05:29,esterno,2836,15624,1844,-265,36,-122,51512
2026-05-19 20:05:29,lombar,16760,316,1568,108,-285,453,708945
2026-05-19 20:05:30,esterno,2772,15628,1632,-105,49,-164,51534
2026-05-19 20:05:30,lombar,16736,240,1532,70,-328,440,708967
2026-05-19 20:05:30,esterno,2644,15524,1768,-136,78,-121,51556
2026-05-19 20:05:30,lombar,16768,40,1460,117,-213,456,708989
2026-05-19 20:05:30,esterno,2724,15568,1820,-206,91,-18,51578
2026-05-19 20:05:30,lombar,16824,124,1560,149,-134,419,709011
2026-05-19 20:05:30,esterno,2676,15604,1968,-175,140,-10,51600
2026-05-19 20:05:30,lombar,16756,168,1488,174,-130,392,709033
2026-05-19 20:05:30,esterno,2664,15808,1932,-197,148,-34,51622
2026-05-19 20:05:30,lombar,16744,180,1868,145,-183,427,709055
2026-05-19 20:05:30,esterno,2680,15796,2232,-269,20,-63,51644
2026-05-19 20:05:30,lombar,16816,156,1552,190,-170,411,709077
2026-05-19 20:05:30,esterno,2580,15580,1836,-174,-27,-12,51666
2026-05-19 20:05:30,lombar,16564,-16,1624,91,-169,318,709099
2026-05-19 20:05:30,esterno,2568,15676,1836,-17,197,-66,51688
2026-05-19 20:05:30,lombar,16700,100,1516,47,-279,348,709121
2026-05-19 20:05:30,lombar,16736,104,1676,97,-287,388,709143
2026-05-19 20:05:30,esterno,2756,15760,1936,-66,-213,-91,51710
2026-05-19 20:05:30,esterno,2660,15756,2008,-138,-392,54,51732
2026-05-19 20:05:30,lombar,16644,88,1620,17,-226,341,709165
2026-05-19 20:05:30,esterno,2588,15380,1656,-131,-173,-41,51754
2026-05-19 20:05:30,lombar,16784,108,1616,44,-217,347,709187
2026-05-19 20:05:30,esterno,2700,15636,1700,-160,195,-2,51776
2026-05-19 20:05:30,lombar,16844,124,1400,98,-176,379,709209
2026-05-19 20:05:30,esterno,2716,15604,1908,-121,190,-6,51798
2026-05-19 20:05:30,lombar,16828,52,1600,138,-91,316,709231
2026-05-19 20:05:30,esterno,2704,15676,1896,-55,147,-16,51820
2026-05-19 20:05:30,lombar,16796,16,1592,225,-131,255,709253
2026-05-19 20:05:30,esterno,2588,15616,1880,-79,175,9,51842
2026-05-19 20:05:30,lombar,16612,104,1628,140,-33,246,709275
2026-05-19 20:05:30,esterno,2728,15660,1944,-133,191,22,51864
2026-05-19 20:05:30,lombar,16664,176,1660,136,-106,188,709297
2026-05-19 20:05:30,esterno,2724,15580,1684,-48,204,23,51886
2026-05-19 20:05:30,lombar,16724,212,1728,183,-119,247,709319
2026-05-19 20:05:30,lombar,16736,224,1396,127,-141,290,709341
2026-05-19 20:05:30,esterno,2700,15660,1856,-50,284,-1,51908
2026-05-19 20:05:30,esterno,2756,15632,1744,-136,267,-8,51930
2026-05-19 20:05:30,lombar,16820,204,1584,153,-175,311,709363
2026-05-19 20:05:30,esterno,2808,15664,1988,-180,333,31,51952
2026-05-19 20:05:30,lombar,16756,176,1664,216,-120,308,709385
2026-05-19 20:05:30,esterno,2848,15580,1852,-217,455,122,51974
2026-05-19 20:05:30,lombar,16760,112,1532,302,-74,299,709407
2026-05-19 20:05:30,lombar,16808,88,1604,258,-1,280,709429
2026-05-19 20:05:30,lombar,16968,88,1648,412,38,238,709451
2026-05-19 20:05:30,esterno,2704,15424,1808,-295,345,82,51996
2026-05-19 20:05:30,esterno,2992,15812,2008,-153,444,286,52018
2026-05-19 20:05:30,esterno,2756,15716,2052,-203,393,316,52040
2026-05-19 20:05:30,lombar,16816,356,1636,347,134,270,709473
2026-05-19 20:05:30,esterno,2568,15708,1772,-368,281,136,52062
2026-05-19 20:05:30,lombar,16644,248,1644,185,53,312,709495
2026-05-19 20:05:30,esterno,2560,15772,2116,-503,142,55,52084
2026-05-19 20:05:30,lombar,16720,136,1624,137,-52,292,709517
2026-05-19 20:05:30,esterno,2492,15592,1936,-423,-17,-97,52106
2026-05-19 20:05:30,lombar,16604,120,1760,59,-30,278,709539
2026-05-19 20:05:30,esterno,2652,15608,1800,-247,-57,-170,52128
2026-05-19 20:05:30,lombar,16680,104,1824,11,-261,307,709561
2026-05-19 20:05:30,esterno,2924,15712,1880,-129,90,-140,52150
2026-05-19 20:05:30,lombar,16752,212,1976,71,-83,353,709583
2026-05-19 20:05:30,esterno,2744,15532,1800,-238,16,-50,52172
2026-05-19 20:05:30,lombar,16700,84,2020,45,-93,391,709605
2026-05-19 20:05:30,esterno,2476,15560,1656,-281,-130,-11,52194
2026-05-19 20:05:30,lombar,16756,248,1752,36,-88,325,709627
2026-05-19 20:05:30,esterno,2248,15584,2064,-173,-353,-135,52216
2026-05-19 20:05:30,lombar,16728,260,1872,-78,-115,309,709649
2026-05-19 20:05:30,esterno,2720,15636,2244,78,-552,-286,52238
2026-05-19 20:05:30,lombar,16784,252,1688,-72,-68,342,709671
2026-05-19 20:05:30,esterno,3088,15584,1992,59,-690,-248,52260
2026-05-19 20:05:30,lombar,16676,236,1884,-96,-170,283,709693
2026-05-19 20:05:30,esterno,3188,15500,1624,69,-407,-176,52282
2026-05-19 20:05:30,lombar,16640,192,1724,-192,-239,335,709715
2026-05-19 20:05:30,esterno,3244,15632,2116,-125,-341,-34,52304
2026-05-19 20:05:30,lombar,16892,40,1844,-45,-134,333,709737
2026-05-19 20:05:30,esterno,3176,15976,1836,-247,-375,184,52326
2026-05-19 20:05:30,lombar,16884,120,1768,26,-211,273,709759
2026-05-19 20:05:30,esterno,2852,15620,1576,-235,-14,36,52348
2026-05-19 20:05:30,lombar,16840,140,1660,196,-286,331,709781
2026-05-19 20:05:30,esterno,2904,15560,1776,-232,408,-124,52370
2026-05-19 20:05:30,lombar,16776,336,1680,234,-343,405,709803
2026-05-19 20:05:30,esterno,2960,15624,1932,-269,536,-29,52392
2026-05-19 20:05:30,lombar,16660,108,1816,206,-463,413,709825
2026-05-19 20:05:30,esterno,2812,15692,1972,-245,577,144,52414
2026-05-19 20:05:30,lombar,16784,56,1900,228,-372,397,709847
2026-05-19 20:05:30,esterno,2644,15556,2048,-240,604,115,52436
2026-05-19 20:05:30,lombar,16656,108,1704,225,-296,484,709869
2026-05-19 20:05:30,esterno,2396,15532,1892,-291,555,-27,52458
2026-05-19 20:05:30,lombar,16728,212,1852,230,-262,383,709891
2026-05-19 20:05:30,esterno,2684,15548,2104,-318,483,-6,52480
2026-05-19 20:05:30,lombar,16900,276,1760,142,-302,373,709913
2026-05-19 20:05:30,esterno,2484,15540,1980,-163,424,-28,52502
2026-05-19 20:05:30,lombar,16684,188,1792,102,-118,381,709935
2026-05-19 20:05:30,lombar,16660,92,1900,48,-258,365,709957
2026-05-19 20:05:31,esterno,2476,15552,1968,-49,306,-97,52524
2026-05-19 20:05:31,esterno,2492,15648,1764,-110,386,-158,52546
2026-05-19 20:05:31,lombar,16716,44,1720,62,-143,391,709979
2026-05-19 20:05:31,lombar,16676,96,1612,7,-220,314,710001
2026-05-19 20:05:31,esterno,2624,15620,2184,-62,236,-103,52568
2026-05-19 20:05:31,esterno,2660,15740,2188,-120,285,-61,52590
2026-05-19 20:05:31,lombar,16684,88,1996,-29,-205,252,710023
2026-05-19 20:05:31,esterno,2892,15804,2220,-84,118,-12,52612
2026-05-19 20:05:31,lombar,16896,16,1824,90,-167,283,710045
2026-05-19 20:05:31,lombar,16764,168,1736,123,-141,305,710067
2026-05-19 20:05:31,esterno,2796,15628,1992,-255,253,52,52634
2026-05-19 20:05:31,esterno,2792,15608,1912,-406,176,67,52656
2026-05-19 20:05:31,lombar,16788,116,1620,44,-74,314,710089
2026-05-19 20:05:31,esterno,2776,15644,1980,-344,154,170,52678
2026-05-19 20:05:31,lombar,16764,32,1836,111,-103,257,710111
2026-05-19 20:05:31,esterno,2716,15584,2204,-315,211,193,52700
2026-05-19 20:05:31,lombar,16776,188,1740,213,-59,321,710133
2026-05-19 20:05:31,esterno,2792,15720,2168,-195,175,188,52722
2026-05-19 20:05:31,lombar,16708,304,2168,183,-190,316,710155
2026-05-19 20:05:31,esterno,2724,15564,2172,-38,210,106,52744
2026-05-19 20:05:31,lombar,16708,252,1868,88,-91,346,710177
2026-05-19 20:05:31,esterno,2652,15560,2148,29,188,36,52766
2026-05-19 20:05:31,lombar,16808,120,1828,70,-172,312,710199
2026-05-19 20:05:31,esterno,2640,15512,2112,-10,154,143,52788
2026-05-19 20:05:31,lombar,16820,256,1836,52,-104,251,710221
2026-05-19 20:05:31,esterno,2672,15624,1892,69,129,80,52810
2026-05-19 20:05:31,lombar,16760,72,1852,47,-150,388,710243
2026-05-19 20:05:31,lombar,16684,128,1916,11,-32,278,710265
2026-05-19 20:05:31,esterno,2684,15472,1960,-1,70,-59,52832
2026-05-19 20:05:31,esterno,2764,15620,1984,106,-21,3,52854
2026-05-19 20:05:31,lombar,16624,96,1824,-15,-99,231,710287
2026-05-19 20:05:31,esterno,2744,15700,1780,251,87,6,52876
2026-05-19 20:05:31,lombar,16644,104,1844,-44,-123,251,710309
2026-05-19 20:05:31,esterno,2668,15612,2292,417,-140,-74,52898
2026-05-19 20:05:31,lombar,16664,100,1908,-75,-140,289,710331
2026-05-19 20:05:31,esterno,2816,15696,2020,288,-379,6,52920
2026-05-19 20:05:31,lombar,16760,84,1856,-78,-93,266,710353
2026-05-19 20:05:31,esterno,2732,15544,1776,90,-279,45,52942
2026-05-19 20:05:31,lombar,16732,156,1904,22,28,287,710375
2026-05-19 20:05:31,esterno,2828,15460,1652,146,107,-60,52964
2026-05-19 20:05:31,lombar,16648,284,1796,30,-165,318,710397
2026-05-19 20:05:31,esterno,2828,15640,1856,230,245,-91,52986
2026-05-19 20:05:31,lombar,16772,316,2072,50,-149,332,710419
2026-05-19 20:05:31,esterno,2976,15884,1944,354,206,-46,53008
2026-05-19 20:05:31,lombar,16732,92,1876,48,-155,264,710441
2026-05-19 20:05:31,esterno,2668,15688,1804,297,326,-58,53030
2026-05-19 20:05:31,lombar,16708,184,1812,145,-39,332,710463
2026-05-19 20:05:31,esterno,2720,15712,1884,110,342,-90,53052
2026-05-19 20:05:31,lombar,16680,232,1720,121,-36,297,710485
2026-05-19 20:05:31,esterno,2644,15648,1816,81,285,-36,53074
2026-05-19 20:05:31,lombar,16716,208,2016,74,-169,314,710507
2026-05-19 20:05:31,esterno,2820,15564,1808,64,336,-9,53096
2026-05-19 20:05:31,lombar,16788,76,1872,103,-115,339,710529
2026-05-19 20:05:31,esterno,2668,15732,1812,-23,389,-57,53118
2026-05-19 20:05:31,lombar,16684,200,2148,157,-118,364,710551
2026-05-19 20:05:31,lombar,16852,168,2052,165,-175,435,710573
2026-05-19 20:05:31,esterno,2808,15720,1488,-51,533,-87,53140
2026-05-19 20:05:31,esterno,2552,15644,1924,53,452,-144,53162
2026-05-19 20:05:31,lombar,16716,352,2060,125,-92,449,710595
2026-05-19 20:05:31,esterno,2448,15464,2040,178,405,-164,53184
2026-05-19 20:05:31,lombar,16604,168,1916,3,-23,355,710617
2026-05-19 20:05:31,esterno,2844,15656,1956,400,114,-106,53206
2026-05-19 20:05:31,lombar,16740,116,2144,-21,-101,300,710639
2026-05-19 20:05:31,esterno,2564,15632,1924,417,211,-82,53228
2026-05-19 20:05:31,lombar,16860,144,2152,-11,-107,365,710661
2026-05-19 20:05:31,esterno,2452,15644,1688,278,-59,-155,53250
2026-05-19 20:05:31,lombar,16692,168,1932,-110,19,342,710683
2026-05-19 20:05:31,esterno,2576,15604,1852,502,-196,-142,53272
2026-05-19 20:05:31,lombar,16776,112,1848,-77,11,368,710705
2026-05-19 20:05:31,lombar,16700,92,1972,41,-76,421,710727
2026-05-19 20:05:31,esterno,2564,15716,1816,479,-126,-117,53294
2026-05-19 20:05:31,esterno,2752,15608,1676,372,-69,-203,53316
2026-05-19 20:05:31,lombar,16796,300,1952,-8,-149,387,710749
2026-05-19 20:05:31,esterno,2732,15512,1476,518,22,-295,53338
2026-05-19 20:05:31,lombar,16696,300,2012,-17,-105,430,710771
2026-05-19 20:05:31,esterno,2884,15616,1620,582,109,-319,53360
2026-05-19 20:05:31,lombar,16732,220,2244,-87,-116,365,710793
2026-05-19 20:05:31,esterno,3040,15616,1524,437,471,-235,53382
2026-05-19 20:05:31,lombar,16724,112,1972,-14,-38,270,710815
2026-05-19 20:05:31,esterno,3088,15792,1380,569,621,-333,53404
2026-05-19 20:05:31,lombar,16752,236,1968,165,142,375,710837
2026-05-19 20:05:31,esterno,2760,15528,1668,547,511,-448,53426
2026-05-19 20:05:31,lombar,16772,152,2384,231,70,483,710859
2026-05-19 20:05:31,lombar,16816,124,2028,232,167,513,710881
2026-05-19 20:05:31,esterno,2392,15468,1492,622,348,-548,53448
2026-05-19 20:05:31,esterno,2292,15564,1356,743,269,-478,53470
2026-05-19 20:05:31,lombar,16648,168,2224,151,194,513,710903
2026-05-19 20:05:31,esterno,2220,15884,1868,824,-212,-476,53492
2026-05-19 20:05:31,lombar,16780,396,2080,-37,102,540,710925
2026-05-19 20:05:31,esterno,2160,16136,1804,571,-801,-339,53514
2026-05-19 20:05:31,lombar,16728,88,2212,-115,173,378,710947
2026-05-19 20:05:32,esterno,2144,15664,1064,598,-1060,-374,53536
2026-05-19 20:05:32,lombar,16660,208,2380,-49,215,483,710969
2026-05-19 20:05:32,esterno,2004,15804,1184,634,-898,-353,53558
2026-05-19 20:05:32,lombar,16768,224,2288,-97,276,501,710991
2026-05-19 20:05:32,esterno,2236,15652,912,723,-955,-267,53580
2026-05-19 20:05:32,lombar,16780,-104,2076,-176,172,281,711013
2026-05-19 20:05:32,esterno,2544,15936,1092,817,-919,-142,53602
2026-05-19 20:05:32,lombar,16680,-256,2456,-145,77,282,711035
2026-05-19 20:05:32,esterno,2444,15960,764,479,-825,-16,53624
2026-05-19 20:05:32,lombar,16692,-72,2168,-63,108,362,711057
2026-05-19 20:05:32,esterno,2212,16028,1096,414,-635,-55,53646
2026-05-19 20:05:32,lombar,16488,-36,2252,30,-11,476,711079
2026-05-19 20:05:32,esterno,2360,15956,892,528,-658,-20,53668
2026-05-19 20:05:32,lombar,16636,-240,2484,-10,-200,355,711101
2026-05-19 20:05:32,esterno,2404,15856,808,492,-421,28,53690
2026-05-19 20:05:32,lombar,16676,-212,2476,184,-101,294,711123
2026-05-19 20:05:32,esterno,2472,15820,736,543,-255,-18,53712
2026-05-19 20:05:32,lombar,16568,56,2616,223,-17,263,711145
2026-05-19 20:05:32,esterno,2360,15880,748,415,-35,-132,53734
2026-05-19 20:05:32,lombar,16568,28,2564,255,-69,324,711167
2026-05-19 20:05:32,lombar,16732,88,2500,365,63,260,711189
2026-05-19 20:05:32,esterno,2284,15820,764,363,-241,-191,53756
2026-05-19 20:05:32,lombar,16668,160,2568,404,-19,342,711211
2026-05-19 20:05:32,esterno,2416,15816,796,321,-208,-205,53778
2026-05-19 20:05:32,esterno,2884,15916,808,390,-128,-180,53800
2026-05-19 20:05:32,lombar,16728,304,2452,248,-74,308,711233
2026-05-19 20:05:32,esterno,2568,15804,736,383,-207,-164,53822
2026-05-19 20:05:32,lombar,16556,268,2608,123,-180,303,711255
2026-05-19 20:05:32,esterno,2328,15868,776,358,-489,-77,53844
2026-05-19 20:05:32,lombar,16524,344,2416,101,-64,186,711277
2026-05-19 20:05:32,esterno,2440,15856,804,127,-373,36,53866
2026-05-19 20:05:32,lombar,16520,316,2536,76,-92,299,711299
2026-05-19 20:05:32,esterno,2624,15800,812,26,-435,75,53888
2026-05-19 20:05:32,lombar,16684,280,2460,36,-254,325,711321
2026-05-19 20:05:32,esterno,2548,15812,676,78,-415,14,53910
2026-05-19 20:05:32,lombar,16740,168,2496,88,-280,408,711343
2026-05-19 20:05:32,esterno,2488,15748,404,145,-269,-41,53932
2026-05-19 20:05:32,lombar,16572,152,2444,81,-381,400,711365
2026-05-19 20:05:32,esterno,2536,15500,404,103,-232,-35,53954
2026-05-19 20:05:32,lombar,16716,124,2468,74,-380,428,711387
2026-05-19 20:05:32,esterno,2524,15804,308,156,-139,38,53976
2026-05-19 20:05:32,lombar,16724,36,2292,52,-299,408,711409
2026-05-19 20:05:32,esterno,2420,15872,728,15,-93,67,53998
2026-05-19 20:05:32,lombar,16732,40,2384,15,-379,410,711431
2026-05-19 20:05:32,esterno,2448,15676,736,162,-77,-4,54020
2026-05-19 20:05:32,lombar,16720,-96,2556,103,-222,345,711453
2026-05-19 20:05:32,esterno,2608,15716,16,291,275,-102,54042
2026-05-19 20:05:32,lombar,16616,156,2404,140,-220,420,711475
2026-05-19 20:05:32,lombar,16688,108,2348,142,-203,370,711497
2026-05-19 20:05:32,esterno,2320,15740,948,249,-33,-83,54064
2026-05-19 20:05:32,esterno,2564,16012,644,94,-467,240,54086
2026-05-19 20:05:32,lombar,16704,192,2604,153,-177,389,711519
2026-05-19 20:05:32,esterno,2540,15840,0,171,196,178,54108
2026-05-19 20:05:32,lombar,16780,200,2320,106,-285,399,711541
2026-05-19 20:05:32,esterno,2192,15732,460,181,307,-105,54130
2026-05-19 20:05:32,lombar,16728,40,2464,41,-314,366,711563
2026-05-19 20:05:32,esterno,2480,16100,720,213,349,-52,54152
2026-05-19 20:05:32,lombar,16680,20,2204,30,-443,293,711585
2026-05-19 20:05:32,esterno,2632,16092,532,175,426,82,54174
2026-05-19 20:05:32,lombar,16644,56,2396,73,-437,405,711607
2026-05-19 20:05:32,esterno,2416,15704,412,-117,398,73,54196
2026-05-19 20:05:32,lombar,16748,48,2400,187,-335,410,711629
2026-05-19 20:05:32,esterno,2356,15704,580,-271,435,17,54218
2026-05-19 20:05:32,lombar,16668,188,2380,232,-342,344,711651
2026-05-19 20:05:32,esterno,2552,15800,360,-258,494,65,54240
2026-05-19 20:05:32,lombar,16680,8,2628,180,-285,307,711673
2026-05-19 20:05:32,esterno,2564,15828,464,-219,431,59,54262
2026-05-19 20:05:32,lombar,16648,64,2680,161,-383,337,711695
2026-05-19 20:05:32,esterno,2468,15824,304,-86,524,69,54284
2026-05-19 20:05:32,lombar,16652,40,2464,175,-320,294,711717
2026-05-19 20:05:32,esterno,2280,15784,672,-164,343,50,54306
2026-05-19 20:05:32,lombar,16648,140,2556,232,-282,247,711739
2026-05-19 20:05:32,esterno,2496,15796,712,-233,110,78,54328
2026-05-19 20:05:32,lombar,16624,120,2508,129,-375,283,711761
2026-05-19 20:05:32,esterno,2440,15876,180,-301,50,55,54350
2026-05-19 20:05:32,lombar,16784,76,2436,179,-388,238,711783
2026-05-19 20:05:32,lombar,16712,164,2436,135,-507,357,711805
2026-05-19 20:05:32,esterno,2524,15764,344,-295,19,2,54372
2026-05-19 20:05:32,esterno,2360,15868,620,-224,47,17,54394
2026-05-19 20:05:32,lombar,16612,172,2216,146,-397,379,711827
2026-05-19 20:05:32,esterno,2468,16104,656,-507,-180,62,54416
2026-05-19 20:05:32,lombar,16732,120,2516,73,-657,326,711849
2026-05-19 20:05:32,esterno,2448,16036,608,-585,-18,68,54438
2026-05-19 20:05:32,lombar,16620,84,2296,146,-756,368,711871
2026-05-19 20:05:32,esterno,2624,15852,504,-503,-62,46,54460
2026-05-19 20:05:32,lombar,16508,132,2308,59,-730,384,711893
2026-05-19 20:05:32,esterno,2528,15832,476,-524,-14,179,54482
2026-05-19 20:05:32,lombar,16700,104,2584,70,-808,296,711915
2026-05-19 20:05:32,esterno,2492,15996,284,-721,78,183,54504
2026-05-19 20:05:32,lombar,16708,36,2160,38,-775,286,711937
2026-05-19 20:05:32,esterno,2584,15916,500,-593,162,114,54526
2026-05-19 20:05:33,lombar,16736,116,2352,101,-870,342,711959
2026-05-19 20:05:33,esterno,2492,15916,552,-610,149,118,54548
2026-05-19 20:05:33,lombar,16576,212,2312,163,-1105,402,711981
2026-05-19 20:05:33,esterno,2532,15848,476,-739,231,237,54570
2026-05-19 20:05:33,lombar,16464,24,2280,160,-993,371,712003
2026-05-19 20:05:33,esterno,2496,15816,556,-685,306,193,54592
2026-05-19 20:05:33,lombar,16512,12,2304,135,-1022,404,712025
2026-05-19 20:05:33,esterno,2424,15908,672,-657,497,145,54614
2026-05-19 20:05:33,lombar,16672,56,2348,175,-1056,380,712047
2026-05-19 20:05:33,esterno,2588,15920,1144,-901,-138,250,54636
2026-05-19 20:05:33,lombar,16740,0,2304,175,-1010,344,712069
2026-05-19 20:05:33,esterno,2532,15736,348,-888,-18,406,54658
2026-05-19 20:05:33,lombar,16672,156,2124,141,-946,378,712091
2026-05-19 20:05:33,esterno,2408,15556,568,-594,261,269,54680
2026-05-19 20:05:33,lombar,16576,64,2048,223,-1045,368,712113
2026-05-19 20:05:33,esterno,2408,15868,776,-567,345,196,54702
2026-05-19 20:05:33,lombar,16668,56,2152,183,-1028,377,712135
2026-05-19 20:05:33,esterno,2700,16008,624,-496,306,182,54724
2026-05-19 20:05:33,lombar,16648,64,2044,129,-1141,362,712157
2026-05-19 20:05:33,esterno,2564,15696,788,-234,271,184,54746
2026-05-19 20:05:33,lombar,16804,76,2092,206,-989,391,712179
2026-05-19 20:05:33,esterno,2404,15700,760,-646,236,130,54768
2026-05-19 20:05:33,lombar,16712,144,1664,299,-994,381,712201
2026-05-19 20:05:33,esterno,2660,15592,776,-1025,378,228,54790
2026-05-19 20:05:33,lombar,16556,28,1832,205,-1264,375,712223
2026-05-19 20:05:33,esterno,2668,15636,1052,-869,464,276,54812
2026-05-19 20:05:33,lombar,16568,-80,1736,247,-1200,335,712245
2026-05-19 20:05:33,esterno,2744,15784,1132,-733,506,251,54834
2026-05-19 20:05:33,lombar,16624,116,1804,264,-1007,344,712267
2026-05-19 20:05:33,esterno,2664,15792,1312,-597,421,217,54856
2026-05-19 20:05:33,lombar,16936,64,1372,62,-1023,343,712289
2026-05-19 20:05:33,lombar,17012,160,1404,101,-942,394,712311
2026-05-19 20:05:33,esterno,2660,16100,1700,-803,184,375,54878
2026-05-19 20:05:33,esterno,2568,15704,1444,-789,234,365,54900
2026-05-19 20:05:33,lombar,17032,128,1116,93,-812,497,712333
2026-05-19 20:05:33,esterno,3040,15556,1944,-703,256,221,54922
2026-05-19 20:05:33,lombar,17156,160,724,179,-453,468,712355
2026-05-19 20:05:33,lombar,17240,-176,1396,83,-400,321,712377
2026-05-19 20:05:33,esterno,3176,15556,2684,-335,233,292,54944
2026-05-19 20:05:33,esterno,2672,15300,2648,-807,-46,194,54966
2026-05-19 20:05:33,lombar,16940,-84,1132,328,-484,478,712399
2026-05-19 20:05:33,esterno,2768,15072,2296,-1178,-167,269,54988
2026-05-19 20:05:33,lombar,16204,-348,684,602,-197,454,712421
2026-05-19 20:05:33,esterno,3104,15040,1804,-931,82,350,55010
2026-05-19 20:05:33,lombar,16448,-200,500,632,-790,381,712443
2026-05-19 20:05:33,esterno,3020,15560,1920,-830,-111,411,55032
2026-05-19 20:05:33,lombar,16752,-84,964,304,-1520,455,712465
2026-05-19 20:05:33,esterno,2732,15752,1732,-704,-43,363,55054
2026-05-19 20:05:33,lombar,17468,-88,264,463,-1634,448,712487
2026-05-19 20:05:33,esterno,2924,16120,2400,-642,68,274,55076
2026-05-19 20:05:33,lombar,17784,36,-212,447,-796,387,712509
2026-05-19 20:05:33,esterno,3240,16456,2920,-621,235,278,55098
2026-05-19 20:05:33,lombar,17944,0,620,-154,-747,669,712531
2026-05-19 20:05:33,esterno,3096,16284,2916,-656,135,10,55120
2026-05-19 20:05:33,lombar,18488,-104,1960,-74,-612,550,712553
2026-05-19 20:05:33,esterno,2756,15232,1896,-383,173,-283,55142
2026-05-19 20:05:33,lombar,17716,256,2196,476,1033,30,712575
2026-05-19 20:05:33,esterno,2548,14432,728,418,307,-548,55164
2026-05-19 20:05:33,lombar,16228,976,2724,466,1833,-162,712597
2026-05-19 20:05:33,lombar,15932,1124,2776,-178,1897,35,712619
2026-05-19 20:05:33,esterno,2608,13856,796,913,127,-728,55186
2026-05-19 20:05:33,esterno,2640,13876,608,1575,-136,-502,55208
2026-05-19 20:05:33,lombar,15380,196,2224,-477,2140,-57,712641
2026-05-19 20:05:33,esterno,2552,13988,16,2219,-220,-266,55230
2026-05-19 20:05:33,lombar,15072,-4,2076,-897,1717,-168,712663
2026-05-19 20:05:33,esterno,2536,14932,616,1873,82,-337,55252
2026-05-19 20:05:33,lombar,15664,-436,1752,-730,547,-338,712685
2026-05-19 20:05:33,esterno,2692,16012,672,604,236,-394,55274
2026-05-19 20:05:33,lombar,16612,-108,876,-118,542,103,712707
2026-05-19 20:05:33,esterno,3012,16560,892,805,367,-154,55296
2026-05-19 20:05:33,lombar,16704,-296,1072,192,-216,585,712729
2026-05-19 20:05:33,esterno,3188,16984,1396,665,598,-224,55318
2026-05-19 20:05:33,lombar,17156,-556,1688,311,-426,830,712751
2026-05-19 20:05:33,esterno,3032,16860,1276,61,755,-193,55340
2026-05-19 20:05:33,lombar,17416,-620,1864,598,-277,588,712773
2026-05-19 20:05:33,esterno,2608,16468,556,-280,881,-250,55362
2026-05-19 20:05:33,lombar,17380,-224,2048,882,-30,475,712795
2026-05-19 20:05:33,esterno,2388,16016,532,-87,975,-252,55384
2026-05-19 20:05:33,lombar,17276,264,2268,926,261,389,712817
2026-05-19 20:05:33,esterno,2268,15968,828,605,882,-228,55406
2026-05-19 20:05:33,lombar,16880,636,2544,653,457,441,712839
2026-05-19 20:05:33,esterno,2456,15796,660,1017,628,-179,55428
2026-05-19 20:05:33,lombar,16508,420,2540,166,471,303,712861
2026-05-19 20:05:33,esterno,2380,15752,380,763,586,-40,55450
2026-05-19 20:05:33,lombar,16372,436,2468,-100,577,77,712883
2026-05-19 20:05:33,esterno,1884,15520,580,501,466,-83,55472
2026-05-19 20:05:33,lombar,16428,380,2448,-262,589,-54,712905
2026-05-19 20:05:33,esterno,2344,15712,312,402,359,-154,55494
2026-05-19 20:05:33,lombar,16600,136,2532,-154,647,-5,712927
2026-05-19 20:05:33,esterno,2524,15784,252,303,406,-59,55516
2026-05-19 20:05:33,lombar,16516,308,2408,-42,603,76,712949
2026-05-19 20:05:34,esterno,2532,15584,348,394,217,-94,55538
2026-05-19 20:05:34,lombar,16492,160,2508,-154,491,164,712971
2026-05-19 20:05:34,esterno,2384,16000,636,582,140,66,55560
2026-05-19 20:05:34,lombar,16748,140,2580,-181,353,186,712993
2026-05-19 20:05:34,esterno,2236,16304,768,298,-42,341,55582
2026-05-19 20:05:34,lombar,16812,36,2168,-113,426,249,713015
2026-05-19 20:05:34,esterno,2108,16420,832,374,-260,451,55604
2026-05-19 20:05:34,lombar,16584,72,2420,-155,207,345,713037
2026-05-19 20:05:34,esterno,1988,16104,244,440,-427,462,55626
2026-05-19 20:05:34,lombar,16600,152,2208,-186,114,331,713059
2026-05-19 20:05:34,esterno,2136,16172,516,293,-528,665,55648
2026-05-19 20:05:34,lombar,16684,308,2332,-269,29,201,713081
2026-05-19 20:05:34,esterno,2480,15956,256,107,-476,821,55670
2026-05-19 20:05:34,lombar,16612,-92,2448,-213,-104,13,713103
2026-05-19 20:05:34,esterno,2928,15688,436,-64,-184,1004,55692
2026-05-19 20:05:34,lombar,16608,-140,2568,-160,-155,-106,713125
2026-05-19 20:05:34,esterno,3228,15292,-84,-160,187,1196,55714
2026-05-19 20:05:34,lombar,16488,-204,2432,77,-119,-286,713147
2026-05-19 20:05:34,esterno,3352,15252,-160,163,1125,1263,55736
2026-05-19 20:05:34,lombar,16528,-88,2688,280,-227,-156,713169
2026-05-19 20:05:34,esterno,3608,15424,832,440,1025,1328,55758
2026-05-19 20:05:34,lombar,16676,-92,2500,599,-38,-273,713191
2026-05-19 20:05:34,esterno,3504,15588,480,270,1201,1484,55780
2026-05-19 20:05:34,lombar,16832,28,2500,939,170,-334,713213
2026-05-19 20:05:34,esterno,3336,15440,8,357,1867,1337,55802
2026-05-19 20:05:34,lombar,16944,200,2452,1084,236,-249,713235
2026-05-19 20:05:34,esterno,3604,15604,416,682,2674,979,55824
2026-05-19 20:05:34,lombar,16900,388,2228,1072,280,-208,713257
2026-05-19 20:05:34,esterno,3996,16016,540,873,2959,741,55846
2026-05-19 20:05:34,lombar,16780,748,2136,1106,268,-69,713279
2026-05-19 20:05:34,esterno,3584,16156,620,885,3280,624,55868
2026-05-19 20:05:34,lombar,16864,676,2196,935,278,81,713301
2026-05-19 20:05:34,esterno,3164,16180,1068,724,2874,458,55890
2026-05-19 20:05:34,lombar,16792,836,2104,849,135,153,713323
2026-05-19 20:05:34,esterno,2876,16156,1072,318,2358,374,55912
2026-05-19 20:05:34,lombar,16612,776,2304,562,37,261,713345
2026-05-19 20:05:34,esterno,2652,15916,964,11,1944,221,55934
2026-05-19 20:05:34,lombar,16664,624,2532,533,-83,265,713367
2026-05-19 20:05:34,esterno,2936,15588,528,-358,1467,-47,55956
2026-05-19 20:05:34,lombar,16512,700,2524,435,-46,373,713389
2026-05-19 20:05:34,esterno,2932,15608,816,-493,806,-136,55978
2026-05-19 20:05:34,lombar,16508,668,2592,110,-136,376,713411
2026-05-19 20:05:34,esterno,2632,15648,544,-777,312,-186,56000
2026-05-19 20:05:34,lombar,16572,648,2772,-89,-82,392,713433
2026-05-19 20:05:34,esterno,2492,15336,208,-883,57,-343,56022
2026-05-19 20:05:34,lombar,16572,536,2880,-269,39,451,713455
2026-05-19 20:05:34,esterno,2792,15556,628,-758,-688,-513,56044
2026-05-19 20:05:34,lombar,16552,632,2864,-373,-94,364,713477
2026-05-19 20:05:34,esterno,3532,15676,352,-563,-832,-451,56066
2026-05-19 20:05:34,lombar,16640,524,2964,-286,-25,398,713499
2026-05-19 20:05:34,esterno,3348,15704,392,-458,-852,-460,56088
2026-05-19 20:05:34,lombar,16476,500,2892,-362,-334,544,713521
2026-05-19 20:05:34,esterno,3276,15808,684,-323,-1063,-583,56110
2026-05-19 20:05:34,lombar,16740,588,2600,-463,-316,543,713543
2026-05-19 20:05:34,esterno,3368,15896,776,-303,-1000,-592,56132
2026-05-19 20:05:34,lombar,16560,468,2724,-357,-424,622,713565
2026-05-19 20:05:34,esterno,3560,15972,588,-423,-906,-515,56154
2026-05-19 20:05:34,lombar,16664,552,2448,-465,-513,747,713587
2026-05-19 20:05:34,esterno,3548,15744,528,-419,-715,-417,56176
2026-05-19 20:05:34,lombar,16596,464,2736,-365,-550,761,713609
2026-05-19 20:05:34,esterno,3228,15884,440,-295,-435,-392,56198
2026-05-19 20:05:34,lombar,16528,436,2496,-532,-973,707,713631
2026-05-19 20:05:34,esterno,3160,15992,460,-433,-258,-317,56220
2026-05-19 20:05:34,lombar,16604,420,2468,-548,-961,744,713653
2026-05-19 20:05:34,esterno,3032,15908,624,-387,-140,-233,56242
2026-05-19 20:05:34,lombar,16872,436,2396,-499,-1000,681,713675
2026-05-19 20:05:34,lombar,16824,192,2432,-304,-736,718,713697
2026-05-19 20:05:34,esterno,2864,15892,940,-372,-230,-141,56264
2026-05-19 20:05:34,esterno,2812,15816,916,-506,-207,-38,56286
2026-05-19 20:05:34,lombar,16728,28,2500,-190,-603,657,713719
2026-05-19 20:05:34,esterno,2904,15840,712,-330,-1,-62,56308
2026-05-19 20:05:34,lombar,16696,-36,2400,5,-416,682,713741
2026-05-19 20:05:34,esterno,3008,15940,680,-318,-431,27,56330
2026-05-19 20:05:34,lombar,16564,-172,2652,72,-330,614,713763
2026-05-19 20:05:34,esterno,2816,15676,312,-430,-544,190,56352
2026-05-19 20:05:34,lombar,16632,-180,2448,163,-163,526,713785
2026-05-19 20:05:34,esterno,2556,15284,244,-357,-19,11,56374
2026-05-19 20:05:34,lombar,16632,-36,2544,307,2,566,713807
2026-05-19 20:05:34,esterno,2600,15600,504,-147,375,-105,56396
2026-05-19 20:05:34,lombar,16788,136,2384,324,64,496,713829
2026-05-19 20:05:34,esterno,2896,15696,852,63,433,-212,56418
2026-05-19 20:05:34,lombar,16788,164,2428,286,88,429,713851
2026-05-19 20:05:34,esterno,2940,15748,780,58,610,-309,56440
2026-05-19 20:05:34,lombar,16608,-88,2560,78,-48,350,713873
2026-05-19 20:05:34,esterno,2660,15752,868,-4,441,-374,56462
2026-05-19 20:05:34,lombar,16660,-4,2184,157,71,398,713895
2026-05-19 20:05:34,esterno,2564,15828,992,-111,266,-269,56484
2026-05-19 20:05:34,lombar,16684,140,2564,80,35,313,713917
2026-05-19 20:05:34,esterno,2548,15832,860,-99,204,-278,56506
2026-05-19 20:05:34,lombar,16764,188,2360,16,-52,304,713939
2026-05-19 20:05:35,esterno,2620,15772,1028,-180,161,-295,56528
2026-05-19 20:05:35,lombar,16572,132,2408,-53,-176,311,713961
2026-05-19 20:05:35,esterno,2804,15848,1016,-338,39,-174,56550
2026-05-19 20:05:35,lombar,16748,92,2288,-72,-133,276,713983
2026-05-19 20:05:35,esterno,2880,15824,952,-445,243,-98,56572
2026-05-19 20:05:35,lombar,16724,172,2424,9,-226,303,714005
2026-05-19 20:05:35,esterno,2640,15616,700,-414,490,-99,56594
2026-05-19 20:05:35,lombar,16824,236,2664,78,-233,388,714027
2026-05-19 20:05:35,esterno,2716,15856,912,-438,9,-251,56616
2026-05-19 20:05:35,lombar,16868,108,2408,17,-224,287,714049
2026-05-19 20:05:35,esterno,2900,15756,692,-244,260,-197,56638
2026-05-19 20:05:35,lombar,16836,160,2404,74,-236,253,714071
2026-05-19 20:05:35,esterno,2792,15732,708,-229,194,-112,56660
2026-05-19 20:05:35,lombar,16620,188,2584,34,-428,278,714093
2026-05-19 20:05:35,esterno,2900,15812,836,-201,-64,-23,56682
2026-05-19 20:05:35,lombar,16660,256,2636,11,-307,272,714115
2026-05-19 20:05:35,esterno,3032,15768,856,-153,-8,56,56704
2026-05-19 20:05:35,lombar,16620,252,2388,100,-331,281,714137
2026-05-19 20:05:35,esterno,2944,15696,784,-197,21,36,56726
2026-05-19 20:05:35,lombar,16672,208,2576,113,-303,268,714159
2026-05-19 20:05:35,esterno,3064,15820,736,-191,138,91,56748
2026-05-19 20:05:35,lombar,16616,288,2492,96,-420,276,714181
2026-05-19 20:05:35,esterno,2928,15736,624,-78,181,143,56770
2026-05-19 20:05:35,lombar,16672,316,2616,152,-423,306,714203
2026-05-19 20:05:35,esterno,2872,15644,860,-27,180,152,56792
2026-05-19 20:05:35,lombar,16532,216,2468,150,-470,279,714225
2026-05-19 20:05:35,esterno,2816,15780,844,-82,77,135,56814
2026-05-19 20:05:35,lombar,16672,216,2628,106,-473,360,714247
2026-05-19 20:05:35,esterno,2772,15768,784,-18,94,54,56836
2026-05-19 20:05:35,lombar,16684,308,2520,94,-334,341,714269
2026-05-19 20:05:35,esterno,2812,15704,636,-96,80,15,56858
2026-05-19 20:05:35,lombar,16720,196,2724,31,-352,397,714291
2026-05-19 20:05:35,esterno,2868,15808,708,-189,1,26,56880
2026-05-19 20:05:35,lombar,16764,40,2484,12,-293,345,714313
2026-05-19 20:05:35,esterno,2852,16056,904,-284,-147,30,56902
2026-05-19 20:05:35,lombar,16644,112,2464,74,-333,315,714335
2026-05-19 20:05:35,esterno,2720,15676,636,-157,-175,2,56924
2026-05-19 20:05:35,lombar,16656,144,2584,108,-355,313,714357
2026-05-19 20:05:35,esterno,2624,15688,624,-13,125,-166,56946
2026-05-19 20:05:35,lombar,16624,308,2400,81,-331,400,714379
2026-05-19 20:05:35,esterno,3112,15956,796,-80,-493,21,56968
2026-05-19 20:05:35,lombar,16680,192,2436,-6,-386,338,714401
2026-05-19 20:05:35,esterno,2812,15796,608,-336,-604,244,56990
2026-05-19 20:05:35,lombar,16624,196,2432,4,-310,253,714423
2026-05-19 20:05:35,esterno,2780,15428,280,-287,-129,-29,57012
2026-05-19 20:05:35,lombar,16644,276,2484,86,-331,298,714445
2026-05-19 20:05:35,esterno,2788,15748,764,-130,118,-191,57034
2026-05-19 20:05:35,lombar,16828,328,2404,96,-338,309,714467
2026-05-19 20:05:35,esterno,3096,15836,636,-100,260,-81,57056
2026-05-19 20:05:35,lombar,16696,432,2312,110,-421,329,714489
2026-05-19 20:05:35,esterno,2700,15800,768,-92,364,-37,57078
2026-05-19 20:05:35,lombar,16544,180,2464,21,-453,378,714511
2026-05-19 20:05:35,esterno,2792,15820,892,-80,210,-7,57100
2026-05-19 20:05:35,lombar,16644,44,2556,-23,-468,308,714533
2026-05-19 20:05:35,esterno,2824,15828,812,-110,207,-33,57122
2026-05-19 20:05:35,lombar,16772,240,2468,62,-435,332,714555
2026-05-19 20:05:35,esterno,2756,15632,608,-176,266,-77,57144
2026-05-19 20:05:35,lombar,16652,228,2392,58,-321,296,714577
2026-05-19 20:05:35,esterno,2748,15676,716,-195,215,7,57166
2026-05-19 20:05:35,lombar,16676,208,2512,109,-389,374,714599
2026-05-19 20:05:35,esterno,2892,15752,536,-323,229,27,57188
2026-05-19 20:05:35,lombar,16676,28,2484,115,-381,287,714621
2026-05-19 20:05:35,esterno,2716,15732,932,-262,464,-56,57210
2026-05-19 20:05:35,lombar,16776,200,2488,88,-420,298,714643
2026-05-19 20:05:35,esterno,2664,15724,744,-290,594,-203,57232
2026-05-19 20:05:35,lombar,16768,208,2440,123,-333,294,714665
2026-05-19 20:05:35,esterno,2996,15796,840,-285,277,-160,57254
2026-05-19 20:05:35,lombar,16680,164,2368,154,-306,304,714687
2026-05-19 20:05:35,esterno,2896,15828,1028,-260,448,33,57276
2026-05-19 20:05:35,lombar,16764,292,2412,187,-319,301,714709
2026-05-19 20:05:35,esterno,2860,15916,944,-315,212,-1,57298
2026-05-19 20:05:35,lombar,16656,224,2396,89,-371,317,714731
2026-05-19 20:05:35,esterno,2732,15724,1020,-258,62,-33,57320
2026-05-19 20:05:35,lombar,16844,112,2348,97,-302,242,714753
2026-05-19 20:05:35,lombar,16680,304,2256,141,-290,222,714775
2026-05-19 20:05:35,esterno,2904,15792,864,-327,80,2,57342
2026-05-19 20:05:35,esterno,2944,15664,1072,-336,56,88,57364
2026-05-19 20:05:35,lombar,16668,356,2500,145,-297,308,714797
2026-05-19 20:05:35,esterno,2848,15568,780,-276,114,38,57386
2026-05-19 20:05:35,lombar,16748,220,2432,178,-410,360,714819
2026-05-19 20:05:35,esterno,2996,15892,872,-235,346,50,57408
2026-05-19 20:05:35,lombar,16700,268,2308,175,-330,333,714841
2026-05-19 20:05:35,esterno,3068,16088,832,-225,459,93,57430
2026-05-19 20:05:35,lombar,16668,312,2392,223,-339,402,714863
2026-05-19 20:05:35,esterno,3032,15872,760,-216,449,13,57452
2026-05-19 20:05:35,lombar,16652,292,2484,188,-431,378,714885
2026-05-19 20:05:35,esterno,2540,15548,700,-399,431,-70,57474
2026-05-19 20:05:35,lombar,16580,168,2424,203,-527,314,714907
2026-05-19 20:05:35,esterno,2516,15564,672,-569,343,-148,57496
2026-05-19 20:05:35,lombar,16532,152,2556,185,-542,370,714929
2026-05-19 20:05:35,esterno,2572,15540,756,-477,222,-324,57518
2026-05-19 20:05:35,lombar,16664,264,2568,101,-598,391,714951
2026-05-19 20:05:36,esterno,2620,15492,856,-321,110,-472,57540
2026-05-19 20:05:36,lombar,16624,248,2548,53,-546,457,714973
2026-05-19 20:05:36,esterno,2812,15588,912,-384,86,-512,57562
2026-05-19 20:05:36,lombar,16688,296,2484,-16,-508,450,714995
2026-05-19 20:05:36,esterno,2768,15604,664,-385,23,-543,57584
2026-05-19 20:05:36,lombar,16696,232,2420,-19,-413,460,715017
2026-05-19 20:05:36,esterno,2660,15704,740,-277,-51,-648,57606
2026-05-19 20:05:36,lombar,16788,336,2332,-39,-408,475,715039
2026-05-19 20:05:36,esterno,2612,15916,1096,-215,-317,-622,57628
2026-05-19 20:05:36,lombar,16688,248,2272,-50,-402,466,715061
2026-05-19 20:05:36,esterno,2720,15964,1180,-152,-561,-369,57650
2026-05-19 20:05:36,lombar,16696,64,2336,-85,-450,403,715083
2026-05-19 20:05:36,esterno,2808,15948,1180,-159,-555,-198,57672
2026-05-19 20:05:36,lombar,16632,212,2260,-45,-482,440,715105
2026-05-19 20:05:36,esterno,2844,15772,572,-90,-139,-182,57694
2026-05-19 20:05:36,lombar,16752,320,2232,-71,-466,476,715127
2026-05-19 20:05:36,esterno,2860,16080,1404,-101,-742,-85,57716
2026-05-19 20:05:36,lombar,16764,136,2096,-60,-395,470,715149
2026-05-19 20:05:36,esterno,2584,15984,1116,-322,-570,223,57738
2026-05-19 20:05:36,lombar,16840,-68,2068,16,-335,392,715171
2026-05-19 20:05:36,esterno,2420,15552,432,-371,-445,216,57760
2026-05-19 20:05:36,lombar,16724,52,2152,169,-441,432,715193
2026-05-19 20:05:36,esterno,2572,15632,640,-111,119,113,57782
2026-05-19 20:05:36,lombar,16804,72,2316,162,-474,425,715215
2026-05-19 20:05:36,esterno,2884,15876,696,83,319,236,57804
2026-05-19 20:05:36,lombar,16760,84,2404,174,-614,411,715237
2026-05-19 20:05:36,esterno,2496,15884,976,-38,504,242,57826
2026-05-19 20:05:36,lombar,16648,220,2000,187,-637,464,715259
2026-05-19 20:05:36,esterno,2436,15700,1428,-91,370,229,57848
2026-05-19 20:05:36,lombar,16580,44,2400,63,-543,379,715281
2026-05-19 20:05:36,lombar,16680,48,2500,121,-541,349,715303
2026-05-19 20:05:36,esterno,2528,15788,1012,-48,360,311,57870
2026-05-19 20:05:36,esterno,2520,15732,964,-60,370,210,57892
2026-05-19 20:05:36,lombar,16760,4,2196,209,-388,420,715325
2026-05-19 20:05:36,esterno,2596,15764,1072,-105,363,192,57914
2026-05-19 20:05:36,lombar,16644,12,2248,177,-308,244,715347
2026-05-19 20:05:36,esterno,2540,15768,1112,2,249,125,57936
2026-05-19 20:05:36,lombar,16700,-12,2312,114,-293,279,715369
2026-05-19 20:05:36,esterno,2560,15644,1036,-67,451,75,57958
2026-05-19 20:05:36,lombar,16796,152,2248,221,-196,286,715391
2026-05-19 20:05:36,esterno,2604,15652,836,-69,568,71,57980
2026-05-19 20:05:36,lombar,16752,168,2136,207,-169,240,715413
2026-05-19 20:05:36,esterno,2736,15636,988,-19,392,-7,58002
2026-05-19 20:05:36,lombar,16648,16,2136,148,-181,257,715435
2026-05-19 20:05:36,esterno,3124,15700,976,208,517,-69,58024
2026-05-19 20:05:36,lombar,16736,140,2064,260,-118,293,715457
2026-05-19 20:05:36,esterno,2808,15908,1164,-62,349,51,58046
2026-05-19 20:05:36,lombar,16612,124,2040,270,-212,292,715479
2026-05-19 20:05:36,esterno,2852,15924,1060,-164,158,166,58068
2026-05-19 20:05:36,lombar,16792,284,2136,180,-360,221,715501
2026-05-19 20:05:36,esterno,2812,15932,948,-167,168,187,58090
2026-05-19 20:05:36,lombar,16724,292,2084,150,-430,298,715523
2026-05-19 20:05:36,esterno,2876,15792,916,-272,207,144,58112
2026-05-19 20:05:36,lombar,16676,248,2100,64,-431,368,715545
2026-05-19 20:05:36,esterno,2832,15772,1052,-243,141,61,58134
2026-05-19 20:05:36,lombar,16780,124,2272,102,-424,342,715567
2026-05-19 20:05:36,esterno,2700,15792,904,-35,191,70,58156
2026-05-19 20:05:36,lombar,16600,152,2268,103,-454,329,715589
2026-05-19 20:05:36,esterno,2748,15780,888,-17,186,102,58178
2026-05-19 20:05:36,lombar,16760,204,2340,132,-447,321,715611
2026-05-19 20:05:36,esterno,2660,15620,804,-96,144,130,58200
2026-05-19 20:05:36,lombar,16684,312,2200,121,-386,335,715633
2026-05-19 20:05:36,esterno,2692,15676,1072,-8,138,-3,58222
2026-05-19 20:05:36,lombar,16684,188,2316,93,-384,361,715655
2026-05-19 20:05:36,esterno,2808,15572,880,102,53,-16,58244
2026-05-19 20:05:36,lombar,16704,192,2228,50,-382,425,715677
2026-05-19 20:05:36,esterno,2860,15736,836,30,9,17,58266
2026-05-19 20:05:36,lombar,16656,108,2224,107,-350,364,715699
2026-05-19 20:05:36,esterno,2868,15760,856,-61,-33,83,58288
2026-05-19 20:05:36,lombar,16720,48,1996,88,-244,341,715721
2026-05-19 20:05:36,esterno,2904,15788,856,-6,73,-17,58310
2026-05-19 20:05:36,lombar,16832,200,2000,122,-254,343,715743
2026-05-19 20:05:36,esterno,2860,15908,892,72,113,-95,58332
2026-05-19 20:05:36,lombar,16796,292,2076,156,-243,398,715765
2026-05-19 20:05:36,esterno,2772,15636,908,-114,224,-53,58354
2026-05-19 20:05:36,lombar,16712,192,2092,143,-323,391,715787
2026-05-19 20:05:36,esterno,2752,15636,876,-55,271,5,58376
2026-05-19 20:05:36,lombar,16676,316,2024,122,-272,459,715809
2026-05-19 20:05:36,lombar,16576,88,2132,107,-309,441,715831
2026-05-19 20:05:36,esterno,2868,15724,932,4,145,-21,58398
2026-05-19 20:05:36,esterno,2832,15764,488,15,378,-92,58420
2026-05-19 20:05:36,lombar,16696,176,1924,76,-265,438,715853
2026-05-19 20:05:36,esterno,2544,15588,1376,11,-208,-203,58442
2026-05-19 20:05:36,lombar,16728,140,2180,13,-280,362,715875
2026-05-19 20:05:36,lombar,16752,128,1960,60,-245,350,715897
2026-05-19 20:05:36,esterno,2840,15896,1048,-370,-702,171,58464
2026-05-19 20:05:36,lombar,16808,196,1964,121,-241,455,715919
2026-05-19 20:05:36,esterno,2668,15472,304,-249,118,32,58486
2026-05-19 20:05:36,esterno,2600,15480,704,-125,261,-285,58508
2026-05-19 20:05:36,lombar,16684,224,2212,32,-201,408,715941
2026-05-19 20:05:37,esterno,2876,15876,832,-111,117,-210,58530
2026-05-19 20:05:37,lombar,16648,24,2264,-7,-216,455,715963
2026-05-19 20:05:37,esterno,2864,15840,832,-138,171,-145,58552
2026-05-19 20:05:37,lombar,16728,36,1984,70,-239,401,715985
2026-05-19 20:05:37,esterno,2488,15764,896,-182,208,-154,58574
2026-05-19 20:05:37,lombar,16720,116,2140,86,-118,405,716007
2026-05-19 20:05:37,esterno,2548,15808,980,-249,276,-162,58596
2026-05-19 20:05:37,lombar,16732,228,2264,18,-187,464,716029
2026-05-19 20:05:37,esterno,2904,15688,788,-262,337,-227,58618
2026-05-19 20:05:37,lombar,16740,108,2068,124,-126,392,716051
2026-05-19 20:05:37,esterno,2736,15760,848,-212,395,-220,58640
2026-05-19 20:05:37,lombar,16672,12,2212,58,-178,440,716073
2026-05-19 20:05:37,esterno,2544,15652,732,-159,367,-153,58662
2026-05-19 20:05:37,lombar,16776,36,2204,61,-243,362,716095
2026-05-19 20:05:37,esterno,2680,15776,808,-288,546,-170,58684
2026-05-19 20:05:37,lombar,16768,112,2224,98,-190,351,716117
2026-05-19 20:05:37,esterno,2724,15716,876,-510,553,-178,58706
2026-05-19 20:05:37,lombar,16700,148,2292,123,-206,399,716139
2026-05-19 20:05:37,esterno,2508,15628,704,-591,540,-337,58728
2026-05-19 20:05:37,lombar,16696,152,2068,177,-210,390,716161
2026-05-19 20:05:37,esterno,2764,15804,1068,-643,572,-325,58750
2026-05-19 20:05:37,lombar,16644,128,2168,209,-188,338,716183
2026-05-19 20:05:37,esterno,2660,15892,1084,-590,662,-189,58772
2026-05-19 20:05:37,lombar,16740,264,2204,218,-222,372,716205
2026-05-19 20:05:37,esterno,2396,15776,1244,-692,351,-208,58794
2026-05-19 20:05:37,lombar,16596,40,2248,50,-161,414,716227
2026-05-19 20:05:37,esterno,2520,15880,1104,-802,222,-157,58816
2026-05-19 20:05:37,lombar,16668,-40,2100,26,-200,347,716249
2026-05-19 20:05:37,esterno,2716,15776,984,-646,232,-105,58838
2026-05-19 20:05:37,lombar,16784,60,2304,64,-148,324,716271
2026-05-19 20:05:37,esterno,2476,15824,1108,-613,232,-69,58860
2026-05-19 20:05:37,lombar,16716,80,2056,24,-193,331,716293
2026-05-19 20:05:37,esterno,2380,15776,980,-485,158,-53,58882
2026-05-19 20:05:37,lombar,16724,-40,2244,71,-171,365,716315
2026-05-19 20:05:37,esterno,2460,15788,1188,-344,76,-50,58904
2026-05-19 20:05:37,lombar,16720,52,2236,115,-128,327,716337
2026-05-19 20:05:37,esterno,2532,15940,1160,-332,48,4,58926
2026-05-19 20:05:37,lombar,16840,24,2136,52,-134,302,716359
2026-05-19 20:05:37,esterno,2480,15844,1212,-170,103,-13,58948
2026-05-19 20:05:37,lombar,16732,28,2344,67,-219,348,716381
2026-05-19 20:05:37,esterno,2552,15748,1164,-165,85,47,58970
2026-05-19 20:05:37,lombar,16764,192,2236,95,-202,317,716403
2026-05-19 20:05:37,esterno,2588,15824,1164,-197,43,79,58992
2026-05-19 20:05:37,lombar,16708,152,2316,42,-213,332,716425
2026-05-19 20:05:37,esterno,2648,15824,1192,-101,47,40,59014
2026-05-19 20:05:37,lombar,16668,148,2180,58,-156,300,716447
2026-05-19 20:05:37,esterno,2532,15764,960,-111,53,11,59036
2026-05-19 20:05:37,lombar,16684,176,2188,84,-159,286,716469
2026-05-19 20:05:37,esterno,2588,15728,1072,-168,43,17,59058
2026-05-19 20:05:37,lombar,16664,32,2364,88,-207,323,716491
2026-05-19 20:05:37,lombar,16696,60,2136,116,-180,319,716513
2026-05-19 20:05:37,esterno,2668,15724,1200,-210,-19,99,59080
2026-05-19 20:05:37,esterno,2644,15732,1208,-158,-93,38,59102
2026-05-19 20:05:37,lombar,16688,124,2468,118,-202,352,716535
2026-05-19 20:05:37,esterno,2668,15672,588,4,57,-55,59124
2026-05-19 20:05:37,lombar,16704,148,2384,97,-192,339,716557
2026-05-19 20:05:37,esterno,2592,15772,1620,21,-334,-60,59146
2026-05-19 20:05:37,lombar,16780,220,2272,77,-220,312,716579
2026-05-19 20:05:37,esterno,2792,15984,1152,-108,-308,153,59168
2026-05-19 20:05:37,lombar,16752,0,2128,26,-119,246,716601
2026-05-19 20:05:37,esterno,2616,15580,744,-254,-381,65,59190
2026-05-19 20:05:37,lombar,16728,280,2220,149,-99,310,716623
2026-05-19 20:05:37,esterno,2572,15528,796,-227,44,-108,59212
2026-05-19 20:05:37,lombar,16788,228,2244,112,-156,379,716645
2026-05-19 20:05:37,esterno,2888,15804,1120,-20,155,-179,59234
2026-05-19 20:05:37,lombar,16636,124,2244,80,-188,322,716667
2026-05-19 20:05:37,esterno,2764,15696,1120,48,359,-174,59256
2026-05-19 20:05:37,lombar,16804,288,2396,81,-266,374,716689
2026-05-19 20:05:37,esterno,2568,15808,1212,-1,324,-64,59278
2026-05-19 20:05:37,lombar,16648,60,2276,-1,-277,421,716711
2026-05-19 20:05:37,esterno,2404,15968,1360,-11,208,-46,59300
2026-05-19 20:05:37,lombar,16688,84,2320,7,-217,333,716733
2026-05-19 20:05:37,esterno,2448,15856,984,-68,179,-95,59322
2026-05-19 20:05:37,lombar,16748,96,2204,56,-234,304,716755
2026-05-19 20:05:37,esterno,2520,15620,1120,-135,243,-185,59344
2026-05-19 20:05:37,lombar,16664,136,2364,40,-232,429,716777
2026-05-19 20:05:37,esterno,2620,15692,1064,-163,233,-93,59366
2026-05-19 20:05:37,lombar,16712,88,2288,71,-215,398,716799
2026-05-19 20:05:37,esterno,2608,15836,952,-143,235,-35,59388
2026-05-19 20:05:37,lombar,16704,120,2296,108,-265,384,716821
2026-05-19 20:05:37,esterno,2496,15636,1140,-177,329,-64,59410
2026-05-19 20:05:37,lombar,16728,116,2424,111,-233,354,716843
2026-05-19 20:05:37,esterno,2328,15764,1000,-171,532,-164,59432
2026-05-19 20:05:37,lombar,16664,0,2244,87,-277,383,716865
2026-05-19 20:05:37,esterno,2640,15884,1180,-180,291,-201,59454
2026-05-19 20:05:37,lombar,16776,-40,2284,153,-249,350,716887
2026-05-19 20:05:37,esterno,2712,15912,1272,-157,446,-59,59476
2026-05-19 20:05:37,lombar,16808,252,2228,173,-340,378,716909
2026-05-19 20:05:37,esterno,2572,15776,1200,-207,284,-65,59498
2026-05-19 20:05:37,lombar,16620,104,2240,83,-351,371,716931
2026-05-19 20:05:37,esterno,2376,15880,1272,-251,37,-69,59520
2026-05-19 20:05:37,lombar,16748,28,2372,79,-360,302,716953
2026-05-19 20:05:38,esterno,2468,15880,1236,-326,9,0,59542
2026-05-19 20:05:38,lombar,16800,-20,2288,137,-397,328,716975
2026-05-19 20:05:38,esterno,2516,15708,1164,-266,19,46,59564
2026-05-19 20:05:38,lombar,16752,152,2204,34,-431,316,716997
2026-05-19 20:05:38,esterno,2484,15720,1092,-207,105,20,59586
2026-05-19 20:05:38,lombar,16748,156,2292,84,-362,299,717019
2026-05-19 20:05:38,esterno,2544,15756,1192,-211,175,-22,59608
2026-05-19 20:05:38,lombar,16648,180,2344,101,-386,333,717041
2026-05-19 20:05:38,esterno,2480,15732,1088,-167,165,-3,59630
2026-05-19 20:05:38,lombar,16640,204,2328,111,-420,387,717063
2026-05-19 20:05:38,esterno,2512,15760,1168,-165,134,10,59652
2026-05-19 20:05:38,lombar,16676,188,2260,97,-392,355,717085
2026-05-19 20:05:38,esterno,2572,15760,1140,-154,93,82,59674
2026-05-19 20:05:38,lombar,16592,88,2340,63,-400,338,717107
2026-05-19 20:05:38,esterno,2508,15792,1076,-137,89,93,59696
2026-05-19 20:05:38,lombar,16792,76,2272,27,-370,424,717129
2026-05-19 20:05:38,esterno,2368,15876,1180,-148,112,54,59718
2026-05-19 20:05:38,lombar,16664,-8,2332,33,-311,297,717151
2026-05-19 20:05:38,esterno,2396,15696,1064,-198,79,31,59740
2026-05-19 20:05:38,lombar,16732,56,2272,40,-376,334,717173
2026-05-19 20:05:38,esterno,2528,15724,1216,-255,19,89,59762
2026-05-19 20:05:38,lombar,16776,4,2316,68,-306,352,717195
2026-05-19 20:05:38,esterno,2576,15864,1512,-226,-101,159,59784
2026-05-19 20:05:38,lombar,16708,-80,2180,114,-358,321,717217
2026-05-19 20:05:38,esterno,2576,15756,1096,-103,-72,120,59806
2026-05-19 20:05:38,lombar,16624,-16,2288,95,-352,309,717239
2026-05-19 20:05:38,esterno,2452,15604,1580,-82,79,-23,59828
2026-05-19 20:05:38,lombar,16804,308,2156,109,-326,330,717261
2026-05-19 20:05:38,esterno,2776,16012,1564,-87,-329,171,59850
2026-05-19 20:05:38,lombar,16656,-16,2160,51,-315,306,717283
2026-05-19 20:05:38,esterno,2448,15608,1088,-271,-390,302,59872
2026-05-19 20:05:38,lombar,16864,-8,2076,102,-248,266,717305
2026-05-19 20:05:38,esterno,2568,15572,996,-150,11,93,59894
2026-05-19 20:05:38,lombar,16772,104,2180,172,-226,304,717327
2026-05-19 20:05:38,esterno,2664,15752,1188,-136,190,-12,59916
2026-05-19 20:05:38,lombar,16796,144,2136,91,-250,327,717349
2026-05-19 20:05:38,esterno,2684,15796,1008,-9,296,-45,59938
2026-05-19 20:05:38,lombar,16732,192,2188,126,-283,379,717371
2026-05-19 20:05:38,esterno,2440,15780,1280,51,338,3,59960
2026-05-19 20:05:38,lombar,16752,136,2132,69,-242,360,717393
2026-05-19 20:05:38,esterno,2516,15884,1420,-57,192,60,59982
2026-05-19 20:05:38,lombar,16664,44,2124,20,-287,332,717415
2026-05-19 20:05:38,lombar,16700,64,2160,71,-269,322,717437
2026-05-19 20:05:38,esterno,2660,15804,1368,-79,128,61,60004
2026-05-19 20:05:38,esterno,2576,15636,1144,-32,188,-24,60026
2026-05-19 20:05:38,lombar,16796,84,2196,76,-237,291,717459
2026-05-19 20:05:38,esterno,2560,15760,1136,-146,251,-5,60048
2026-05-19 20:05:38,lombar,16688,48,2164,47,-233,301,717481
2026-05-19 20:05:38,esterno,2676,15740,1080,-85,168,77,60070
2026-05-19 20:05:38,lombar,16856,56,2260,89,-308,293,717503
2026-05-19 20:05:38,esterno,2512,15692,1112,-136,369,24,60092
2026-05-19 20:05:38,lombar,16956,104,2396,130,-251,316,717525
2026-05-19 20:05:38,esterno,2436,15764,912,-145,527,-13,60114
2026-05-19 20:05:38,lombar,16668,124,2220,118,-267,339,717547
2026-05-19 20:05:38,esterno,2456,15660,1176,-170,358,-92,60136
2026-05-19 20:05:38,lombar,16752,48,2208,121,-280,197,717569
2026-05-19 20:05:38,esterno,2760,15844,1260,-110,396,-19,60158
2026-05-19 20:05:38,lombar,16752,112,2416,186,-313,267,717591
2026-05-19 20:05:38,esterno,2480,15804,1160,-185,389,111,60180
2026-05-19 20:05:38,lombar,16796,168,2180,72,-276,313,717613
2026-05-19 20:05:38,esterno,2460,15828,1100,-119,99,51,60202
2026-05-19 20:05:38,lombar,16748,-52,2200,58,-333,235,717635
2026-05-19 20:05:38,esterno,2668,15852,1224,-167,89,20,60224
2026-05-19 20:05:38,lombar,16716,164,2200,199,-312,196,717657
2026-05-19 20:05:38,lombar,16672,180,2156,163,-273,291,717679
2026-05-19 20:05:38,esterno,2804,15628,1276,-194,76,110,60246
2026-05-19 20:05:38,esterno,2532,15680,1108,-156,97,156,60268
2026-05-19 20:05:38,lombar,16772,304,2308,119,-331,281,717701
2026-05-19 20:05:38,esterno,2544,15788,992,-165,145,123,60290
2026-05-19 20:05:38,lombar,16668,140,2228,81,-316,334,717723
2026-05-19 20:05:38,esterno,2484,15696,1304,-62,149,40,60312
2026-05-19 20:05:38,lombar,16712,252,2128,102,-358,361,717745
2026-05-19 20:05:38,lombar,16660,204,2292,79,-429,337,717767
2026-05-19 20:05:38,esterno,2752,15804,1252,-110,100,57,60334
2026-05-19 20:05:38,esterno,2680,15736,1224,-102,50,158,60356
2026-05-19 20:05:38,lombar,16672,212,2272,86,-396,334,717789
2026-05-19 20:05:38,esterno,2540,15804,1080,-89,-17,210,60378
2026-05-19 20:05:38,lombar,16612,100,2300,14,-616,289,717811
2026-05-19 20:05:38,esterno,2656,15768,1124,-102,-20,217,60400
2026-05-19 20:05:38,lombar,16720,172,2344,-78,-1168,259,717833
2026-05-19 20:05:38,esterno,2560,15884,1116,-95,-70,250,60422
2026-05-19 20:05:38,lombar,16768,176,2080,-183,-1392,286,717855
2026-05-19 20:05:38,esterno,2424,15832,1100,-48,-176,341,60444
2026-05-19 20:05:38,lombar,16636,148,1808,-100,-920,144,717877
2026-05-19 20:05:38,esterno,2448,15692,1312,-29,-262,422,60466
2026-05-19 20:05:38,lombar,16636,8,2032,-34,-748,146,717899
2026-05-19 20:05:38,esterno,2492,15500,736,113,-143,458,60488
2026-05-19 20:05:38,lombar,16716,8,2108,67,-578,58,717921
2026-05-19 20:05:38,lombar,16756,136,2036,139,-343,168,717943
2026-05-19 20:05:39,esterno,2508,15632,1452,185,-147,418,60510
2026-05-19 20:05:39,esterno,2828,16060,1316,164,-446,726,60532
2026-05-19 20:05:39,lombar,16708,28,2116,140,-462,140,717965
2026-05-19 20:05:39,esterno,2436,15680,876,6,-514,979,60554
2026-05-19 20:05:39,lombar,16768,-4,2032,165,-295,66,717987
2026-05-19 20:05:39,esterno,2352,15600,828,74,-146,905,60576
2026-05-19 20:05:39,lombar,16840,188,1824,54,-256,30,718009
2026-05-19 20:05:39,esterno,2860,15888,1096,170,-23,831,60598
2026-05-19 20:05:39,lombar,16636,24,1784,-28,-394,-104,718031
2026-05-19 20:05:39,esterno,3008,15940,1192,254,61,857,60620
2026-05-19 20:05:39,lombar,16848,200,2024,195,-382,-100,718053
2026-05-19 20:05:39,esterno,2684,15752,1200,173,152,889,60642
2026-05-19 20:05:39,lombar,16784,352,1924,126,-385,-13,718075
2026-05-19 20:05:39,lombar,16552,264,1820,-91,-547,-75,718097
2026-05-19 20:05:39,esterno,2604,15868,1268,48,39,1023,60664
2026-05-19 20:05:39,esterno,2776,15816,1156,-1,-52,1079,60686
2026-05-19 20:05:39,lombar,16776,24,1848,26,-551,-197,718119
2026-05-19 20:05:39,esterno,2876,15700,1048,-114,7,1050,60708
2026-05-19 20:05:39,lombar,16792,124,1908,196,-343,-229,718141
2026-05-19 20:05:39,esterno,3000,15672,956,-131,-16,1058,60730
2026-05-19 20:05:39,lombar,16732,240,2084,309,-337,-230,718163
2026-05-19 20:05:39,esterno,3064,15772,932,-20,-67,1134,60752
2026-05-19 20:05:39,lombar,16788,420,2116,343,-210,-240,718185
2026-05-19 20:05:39,esterno,2984,15612,1184,-32,108,1115,60774
2026-05-19 20:05:39,lombar,16656,392,2108,245,-202,-294,718207
2026-05-19 20:05:39,esterno,3060,15484,792,42,210,1084,60796
2026-05-19 20:05:39,lombar,16616,308,2052,145,-297,-250,718229
2026-05-19 20:05:39,esterno,3232,15568,1140,-32,-12,924,60818
2026-05-19 20:05:39,lombar,16816,244,2088,373,-334,-357,718251
2026-05-19 20:05:39,esterno,3588,15620,984,54,49,1022,60840
2026-05-19 20:05:39,lombar,16672,564,2260,476,-102,-387,718273
2026-05-19 20:05:39,esterno,3500,15564,1096,93,-48,1124,60862
2026-05-19 20:05:39,lombar,16632,624,2076,187,-128,-381,718295
2026-05-19 20:05:39,esterno,3384,15656,956,93,-252,1112,60884
2026-05-19 20:05:39,lombar,16700,388,2132,110,-364,-422,718317
2026-05-19 20:05:39,esterno,3540,15744,856,25,-299,1061,60906
2026-05-19 20:05:39,lombar,16848,348,1868,292,-290,-593,718339
2026-05-19 20:05:39,esterno,3724,15676,932,-28,-320,948,60928
2026-05-19 20:05:39,lombar,16636,528,2008,267,-231,-546,718361
2026-05-19 20:05:39,esterno,3788,15660,872,24,-267,868,60950
2026-05-19 20:05:39,lombar,16684,868,1956,354,-145,-391,718383
2026-05-19 20:05:39,esterno,3788,15480,828,94,-162,835,60972
2026-05-19 20:05:39,lombar,16760,992,2072,324,-146,-427,718405
2026-05-19 20:05:39,esterno,3908,15460,716,137,-82,706,60994
2026-05-19 20:05:39,lombar,16696,896,1688,171,-200,-420,718427
2026-05-19 20:05:39,esterno,4036,15572,1000,160,-56,564,61016
2026-05-19 20:05:39,lombar,16752,856,1868,117,-279,-322,718449
2026-05-19 20:05:39,esterno,4136,15600,1000,102,-42,483,61038
2026-05-19 20:05:39,lombar,16892,984,1852,240,-191,-257,718471
2026-05-19 20:05:39,esterno,4084,15612,812,19,-58,491,61060
2026-05-19 20:05:39,lombar,16712,1136,1996,228,-231,-206,718493
2026-05-19 20:05:39,esterno,3948,15420,612,-20,-56,422,61082
2026-05-19 20:05:39,lombar,16684,1140,1888,191,-168,-186,718515
2026-05-19 20:05:39,esterno,4128,15552,604,-3,-55,290,61104
2026-05-19 20:05:39,lombar,16756,1064,1924,100,-284,-176,718537
2026-05-19 20:05:39,esterno,4200,15720,956,-71,-103,185,61126
2026-05-19 20:05:39,lombar,16648,1092,1624,166,-327,-108,718559
2026-05-19 20:05:39,esterno,4428,15528,892,-80,-105,266,61148
2026-05-19 20:05:39,lombar,16744,1168,1880,262,-301,-38,718581
2026-05-19 20:05:39,esterno,4300,15360,536,32,47,205,61170
2026-05-19 20:05:39,lombar,16668,1088,1760,266,-270,126,718603
2026-05-19 20:05:39,esterno,4216,15496,1068,-36,-151,73,61192
2026-05-19 20:05:39,lombar,16700,1188,1912,191,-262,182,718625
2026-05-19 20:05:39,esterno,4280,15616,780,-88,-289,166,61214
2026-05-19 20:05:39,lombar,16712,1116,1844,85,-259,202,718647
2026-05-19 20:05:39,esterno,4172,15376,456,-197,-232,74,61236
2026-05-19 20:05:39,lombar,16608,1064,1820,106,-322,270,718669
2026-05-19 20:05:39,esterno,4388,15432,456,-143,228,-146,61258
2026-05-19 20:05:39,lombar,16796,1340,1832,213,-220,391,718691
2026-05-19 20:05:39,esterno,4368,15576,684,-162,358,-250,61280
2026-05-19 20:05:39,lombar,16696,1300,2072,203,-226,504,718713
2026-05-19 20:05:39,esterno,4172,15516,596,-67,424,-357,61302
2026-05-19 20:05:39,lombar,16836,1236,1908,137,-159,546,718735
2026-05-19 20:05:39,esterno,3976,15388,700,-115,394,-434,61324
2026-05-19 20:05:39,lombar,16684,1136,1968,102,-118,543,718757
2026-05-19 20:05:39,esterno,3900,15536,952,-213,287,-495,61346
2026-05-19 20:05:39,lombar,16612,988,1900,75,-125,590,718779
2026-05-19 20:05:39,esterno,4092,15604,604,-291,221,-540,61368
2026-05-19 20:05:39,lombar,16652,1076,2068,61,-156,645,718801
2026-05-19 20:05:39,esterno,4020,15468,596,-298,312,-669,61390
2026-05-19 20:05:39,lombar,16652,1008,2120,55,-81,706,718823
2026-05-19 20:05:39,esterno,3744,15408,480,-304,405,-768,61412
2026-05-19 20:05:39,lombar,16696,920,2072,46,-205,762,718845
2026-05-19 20:05:39,esterno,3864,15516,628,-200,418,-856,61434
2026-05-19 20:05:39,lombar,16728,868,1980,54,-144,726,718867
2026-05-19 20:05:39,esterno,3776,15512,1064,-205,532,-960,61456
2026-05-19 20:05:39,lombar,16736,856,1920,-23,-28,754,718889
2026-05-19 20:05:39,esterno,3608,15512,672,-356,727,-1076,61478
2026-05-19 20:05:39,lombar,16688,836,2116,-1,-86,715,718911
2026-05-19 20:05:39,esterno,3824,15540,896,-434,557,-1266,61500
2026-05-19 20:05:39,lombar,16724,712,1876,183,116,780,718933
2026-05-19 20:05:39,esterno,3860,15540,996,-91,692,-1308,61522
2026-05-19 20:05:39,lombar,16824,748,1820,170,286,915,718955
2026-05-19 20:05:40,esterno,3580,15592,1052,-213,634,-1439,61544
2026-05-19 20:05:40,lombar,16528,844,1728,307,398,1002,718977
2026-05-19 20:05:40,esterno,3492,15732,1168,-305,486,-1347,61566
2026-05-19 20:05:40,lombar,16804,1140,2236,271,-39,1059,718999
2026-05-19 20:05:40,lombar,16800,924,2032,189,4,1044,719021
2026-05-19 20:05:40,esterno,3556,15764,1160,-252,449,-1309,61588
2026-05-19 20:05:40,esterno,3432,15840,776,-334,466,-1385,61610
2026-05-19 20:05:40,lombar,16640,920,2064,174,-82,1086,719043
2026-05-19 20:05:40,esterno,3348,15636,1024,-443,527,-1437,61632
2026-05-19 20:05:40,lombar,16680,956,2328,95,-223,1147,719065
2026-05-19 20:05:40,esterno,3376,15772,936,-349,562,-1409,61654
2026-05-19 20:05:40,lombar,16724,816,1880,81,-190,1070,719087
2026-05-19 20:05:40,esterno,3156,15636,960,-127,481,-1228,61676
2026-05-19 20:05:40,lombar,16576,976,2456,-91,-703,1187,719109
2026-05-19 20:05:40,esterno,3088,15764,1052,-306,439,-1214,61698
2026-05-19 20:05:40,lombar,16868,740,2064,-302,-641,1248,719131
2026-05-19 20:05:40,esterno,3036,15764,1056,-360,402,-1185,61720
2026-05-19 20:05:40,lombar,16688,476,2024,-259,-189,1233,719153
2026-05-19 20:05:40,lombar,16644,296,2352,-252,-169,1161,719175
2026-05-19 20:05:40,esterno,2840,15692,792,-293,385,-1237,61742
2026-05-19 20:05:40,esterno,2760,15748,876,-304,362,-1138,61764
2026-05-19 20:05:40,lombar,16660,368,2260,-131,-350,1081,719197
2026-05-19 20:05:40,lombar,16792,256,2280,-260,-436,1122,719219
2026-05-19 20:05:40,esterno,2632,15808,884,-257,291,-1109,61786
2026-05-19 20:05:40,lombar,16688,284,2188,-249,-266,1202,719241
2026-05-19 20:05:40,esterno,2508,15772,1096,-242,199,-1109,61808
2026-05-19 20:05:40,esterno,2508,15668,916,-84,205,-1196,61830
2026-05-19 20:05:40,lombar,16724,80,2260,-249,-275,1096,719263
2026-05-19 20:05:40,esterno,2360,15700,1192,-110,311,-1292,61852
2026-05-19 20:05:40,lombar,16672,116,2288,-73,-2,1090,719285
2026-05-19 20:05:40,esterno,2644,15824,1056,-162,-68,-1074,61874
2026-05-19 20:05:40,lombar,16680,80,1972,-85,15,1010,719307
2026-05-19 20:05:40,esterno,2200,15664,916,-247,-264,-918,61896
2026-05-19 20:05:40,lombar,16672,96,2280,-122,35,920,719329
2026-05-19 20:05:40,lombar,16668,176,2076,-167,-22,1013,719351
2026-05-19 20:05:40,esterno,2224,15584,588,-251,168,-1191,61918
2026-05-19 20:05:40,esterno,2076,15776,928,-153,421,-1353,61940
2026-05-19 20:05:40,lombar,16792,164,2104,-135,-155,1031,719373
2026-05-19 20:05:40,esterno,2392,15952,1064,-109,427,-1361,61962
2026-05-19 20:05:40,lombar,16656,64,2076,-117,-275,1001,719395
2026-05-19 20:05:40,esterno,2260,15940,892,-157,483,-1243,61984
2026-05-19 20:05:40,lombar,16708,-48,2436,-90,-456,1040,719417
2026-05-19 20:05:40,esterno,1908,15816,1132,-176,308,-1156,62006
2026-05-19 20:05:40,lombar,16692,40,2040,-95,-523,997,719439
2026-05-19 20:05:40,esterno,1940,15872,1204,-250,225,-1148,62028
2026-05-19 20:05:40,lombar,16744,-116,2220,-202,-427,913,719461
2026-05-19 20:05:40,lombar,16672,-260,2104,-119,-160,860,719483
2026-05-19 20:05:40,esterno,1884,15700,900,-294,263,-1146,62050
2026-05-19 20:05:40,esterno,2156,15768,920,-426,385,-1133,62072
2026-05-19 20:05:40,lombar,16680,-312,2020,-18,-115,829,719505
2026-05-19 20:05:40,esterno,1964,15824,976,-297,402,-1046,62094
2026-05-19 20:05:40,lombar,16832,-184,2100,81,-230,847,719527
2026-05-19 20:05:40,esterno,1728,15808,1096,-303,417,-1051,62116
2026-05-19 20:05:40,lombar,16644,-68,2248,91,-310,917,719549
2026-05-19 20:05:40,esterno,1716,15876,936,-329,456,-1040,62138
2026-05-19 20:05:40,lombar,16712,-200,2252,48,-160,879,719571
2026-05-19 20:05:40,esterno,1660,15620,944,-320,258,-1082,62160
2026-05-19 20:05:40,lombar,16636,-384,2028,-91,485,888,719593
2026-05-19 20:05:40,esterno,1832,15832,1156,-363,409,-991,62182
2026-05-19 20:05:40,lombar,16588,-200,2180,221,-215,834,719615
2026-05-19 20:05:40,lombar,16728,-116,2164,148,-368,878,719637
2026-05-19 20:05:40,esterno,1820,15876,1168,-325,340,-968,62204
2026-05-19 20:05:40,esterno,1628,15836,1112,-303,61,-923,62226
2026-05-19 20:05:40,lombar,16764,-160,2228,52,-284,850,719659
2026-05-19 20:05:40,esterno,1524,15884,1264,-202,117,-770,62248
2026-05-19 20:05:40,lombar,16828,-224,2224,21,-404,823,719681
2026-05-19 20:05:40,esterno,1676,15736,1032,-285,143,-733,62270
2026-05-19 20:05:40,lombar,16696,-312,1892,-83,-302,828,719703
2026-05-19 20:05:40,esterno,1624,15752,1180,-269,196,-739,62292
2026-05-19 20:05:40,lombar,16716,-308,2292,-52,-329,865,719725
2026-05-19 20:05:40,esterno,1564,15784,1176,-223,250,-747,62314
2026-05-19 20:05:40,lombar,16680,-504,2176,48,-388,821,719747
2026-05-19 20:05:40,esterno,1520,15948,1268,-209,214,-638,62336
2026-05-19 20:05:40,lombar,16600,-320,2168,74,-335,809,719769
2026-05-19 20:05:40,lombar,16984,-308,2188,58,-437,866,719791
2026-05-19 20:05:40,esterno,1444,15848,1148,-238,123,-537,62358
2026-05-19 20:05:40,esterno,1268,15776,1204,-88,130,-517,62380
2026-05-19 20:05:40,lombar,16708,-460,2136,-37,-332,852,719813
2026-05-19 20:05:40,esterno,1264,15904,1016,-100,143,-566,62402
2026-05-19 20:05:40,lombar,16712,-508,1992,-12,-386,826,719835
2026-05-19 20:05:40,esterno,1320,15796,1152,-139,159,-558,62424
2026-05-19 20:05:40,lombar,16644,-668,2024,20,-368,798,719857
2026-05-19 20:05:40,esterno,1468,15844,1224,-175,94,-433,62446
2026-05-19 20:05:40,lombar,16700,-528,2124,56,-478,762,719879
2026-05-19 20:05:40,esterno,1312,15952,1096,-121,59,-260,62468
2026-05-19 20:05:40,lombar,16704,-528,2204,-3,-510,745,719901
2026-05-19 20:05:40,esterno,1268,15780,924,67,194,-279,62490
2026-05-19 20:05:40,lombar,16728,-596,2204,6,-455,700,719923
2026-05-19 20:05:40,esterno,1328,15784,1332,-46,66,-400,62512
2026-05-19 20:05:40,lombar,16736,-768,2324,-24,-418,674,719945
2026-05-19 20:05:41,esterno,1376,16048,1256,-77,-149,-171,62534
2026-05-19 20:05:41,lombar,16788,-848,1916,-10,-291,597,719967
2026-05-19 20:05:41,esterno,1184,15680,812,-145,17,-61,62556
2026-05-19 20:05:41,lombar,16720,-740,2252,85,-398,500,719989
2026-05-19 20:05:41,esterno,1116,15784,984,4,544,-223,62578
2026-05-19 20:05:41,lombar,16732,-684,1820,134,-320,513,720011
2026-05-19 20:05:41,esterno,1492,15948,944,53,819,-280,62600
2026-05-19 20:05:41,lombar,16624,-708,2204,110,-334,512,720033
2026-05-19 20:05:41,esterno,1544,15856,780,-27,981,-261,62622
2026-05-19 20:05:41,lombar,16812,-768,1900,171,-400,536,720055
2026-05-19 20:05:41,esterno,1144,15836,1148,25,1219,-169,62644
2026-05-19 20:05:41,lombar,16712,-688,1860,300,-249,498,720077
2026-05-19 20:05:41,lombar,16664,-688,2192,235,-361,486,720099
2026-05-19 20:05:41,esterno,700,15868,1448,15,1130,-174,62666
2026-05-19 20:05:41,esterno,800,15768,1332,46,875,-147,62688
2026-05-19 20:05:41,lombar,16672,-740,2092,232,-414,468,720121
2026-05-19 20:05:41,esterno,1364,15900,1272,10,999,-91,62710
2026-05-19 20:05:41,lombar,16668,-680,2016,202,-159,351,720143
2026-05-19 20:05:41,esterno,1292,16036,944,-17,1052,205,62732
2026-05-19 20:05:41,lombar,16836,-824,1992,119,-140,358,720165
2026-05-19 20:05:41,esterno,1196,15736,1032,152,1163,205,62754
2026-05-19 20:05:41,lombar,16784,-624,1848,274,-189,405,720187
2026-05-19 20:05:41,esterno,1264,15680,1500,308,1195,37,62776
2026-05-19 20:05:41,lombar,16928,-576,2072,319,-213,366,720209
2026-05-19 20:05:41,esterno,1340,15840,1392,258,1741,145,62798
2026-05-19 20:05:41,lombar,16904,-776,1960,274,27,400,720231
2026-05-19 20:05:41,esterno,1272,15940,1440,291,1435,447,62820
2026-05-19 20:05:41,lombar,16852,-952,1980,339,412,200,720253
2026-05-19 20:05:41,esterno,500,15876,1260,642,1215,575,62842
2026-05-19 20:05:41,lombar,16924,-992,2100,529,461,-21,720275
2026-05-19 20:05:41,esterno,-44,15732,1436,720,705,482,62864
2026-05-19 20:05:41,lombar,16672,-668,1960,556,563,-36,720297
2026-05-19 20:05:41,esterno,416,16060,1208,553,181,413,62886
2026-05-19 20:05:41,lombar,16680,-620,2256,370,527,-43,720319
2026-05-19 20:05:41,esterno,1064,16116,936,290,-112,506,62908
2026-05-19 20:05:41,lombar,16496,-488,2504,137,224,5,720341
2026-05-19 20:05:41,esterno,1160,15956,792,131,-345,458,62930
2026-05-19 20:05:41,lombar,16632,-464,2592,103,136,-35,720363
2026-05-19 20:05:41,esterno,936,15748,692,133,-509,344,62952
2026-05-19 20:05:41,lombar,16584,-492,2476,-58,318,26,720385
2026-05-19 20:05:41,lombar,16556,-556,2452,-241,217,-140,720407
2026-05-19 20:05:41,esterno,996,15796,704,92,-580,339,62974
2026-05-19 20:05:41,esterno,1308,16252,684,-99,-724,484,62996
2026-05-19 20:05:41,lombar,16536,-348,2476,-307,124,-3,720429
2026-05-19 20:05:41,esterno,1380,15912,424,-131,-883,388,63018
2026-05-19 20:05:41,lombar,16536,-384,2720,-343,-334,14,720451
2026-05-19 20:05:41,esterno,1528,15832,312,-214,-811,303,63040
2026-05-19 20:05:41,lombar,16668,-416,2520,-294,-41,16,720473
2026-05-19 20:05:41,esterno,1992,15956,396,-152,-662,438,63062
2026-05-19 20:05:41,lombar,16508,-432,2492,-308,-303,67,720495
2026-05-19 20:05:41,esterno,1844,15696,580,-192,-585,514,63084
2026-05-19 20:05:41,lombar,16500,-660,2496,-277,-390,-14,720517
2026-05-19 20:05:41,esterno,1548,15772,696,-269,-427,539,63106
2026-05-19 20:05:41,lombar,16492,-736,2456,-271,-460,46,720539
2026-05-19 20:05:41,esterno,1916,15672,484,50,-86,558,63128
2026-05-19 20:05:41,lombar,16984,-664,2336,169,-272,5,720561
2026-05-19 20:05:41,esterno,1964,15684,788,-7,-186,673,63150
2026-05-19 20:05:41,lombar,16816,-408,2212,376,0,-36,720583
2026-05-19 20:05:41,lombar,16784,-316,1852,396,-9,-101,720605
2026-05-19 20:05:41,esterno,1620,16068,928,35,-312,875,63172
2026-05-19 20:05:41,esterno,1488,16080,816,115,-117,827,63194
2026-05-19 20:05:41,lombar,16900,-356,2476,518,-145,-84,720627
2026-05-19 20:05:41,esterno,1100,16116,896,368,294,457,63216
2026-05-19 20:05:41,lombar,17068,-240,2020,766,-89,-80,720649
2026-05-19 20:05:41,esterno,1464,16412,1320,283,258,425,63238
2026-05-19 20:05:41,lombar,16584,-164,2016,374,-287,-112,720671
2026-05-19 20:05:41,esterno,1560,16480,1104,-139,88,392,63260
2026-05-19 20:05:41,lombar,16904,-192,2312,254,-467,-87,720693
2026-05-19 20:05:41,esterno,1444,16232,1256,-496,-92,131,63282
2026-05-19 20:05:41,lombar,16760,100,2308,281,-499,14,720715
2026-05-19 20:05:41,esterno,1552,16032,1392,-810,-246,5,63304
2026-05-19 20:05:41,lombar,16404,12,2184,25,-735,134,720737
2026-05-19 20:05:41,esterno,1576,15740,1448,-710,-576,127,63326
2026-05-19 20:05:41,lombar,16688,-100,2384,-102,-635,141,720759
2026-05-19 20:05:41,esterno,1800,15736,1200,-707,-674,24,63348
2026-05-19 20:05:41,lombar,16800,-320,2364,54,-557,70,720781
2026-05-19 20:05:41,esterno,1984,15544,720,-737,-402,12,63370
2026-05-19 20:05:41,lombar,16488,-656,2448,-19,-486,84,720803
2026-05-19 20:05:41,esterno,2152,15256,460,-405,-216,74,63392
2026-05-19 20:05:41,lombar,16684,-568,2624,51,-346,64,720825
2026-05-19 20:05:41,esterno,1900,15392,488,-311,-584,293,63414
2026-05-19 20:05:41,lombar,16748,-536,2588,278,-135,27,720847
2026-05-19 20:05:41,esterno,1604,15944,28,-558,-111,180,63436
2026-05-19 20:05:41,lombar,16832,-356,2208,383,76,8,720869
2026-05-19 20:05:41,esterno,2496,15736,444,-514,55,-115,63458
2026-05-19 20:05:41,lombar,16764,-300,2312,387,112,85,720891
2026-05-19 20:05:41,lombar,16708,-68,2260,368,-127,12,720913
2026-05-19 20:05:41,esterno,2580,15976,924,-232,294,36,63480
2026-05-19 20:05:41,esterno,1644,15904,1164,-301,-18,473,63502
2026-05-19 20:05:41,lombar,16676,96,2316,302,-19,77,720935
2026-05-19 20:05:42,esterno,1212,16076,1176,-591,-244,680,63524
2026-05-19 20:05:42,lombar,16524,204,2296,128,-212,7,720957
2026-05-19 20:05:42,esterno,1400,15904,1100,-1289,-324,601,63546
2026-05-19 20:05:42,lombar,16524,208,2544,35,-165,40,720979
2026-05-19 20:05:42,esterno,1912,15832,860,-1624,-360,487,63568
2026-05-19 20:05:42,lombar,16592,196,2164,-33,-161,161,721001
2026-05-19 20:05:42,esterno,2300,15784,864,-1515,-286,630,63590
2026-05-19 20:05:42,lombar,16568,96,2448,-152,-288,260,721023
2026-05-19 20:05:42,esterno,2256,15876,892,-1277,-198,755,63612
2026-05-19 20:05:42,lombar,16804,-104,2552,-142,-513,193,721045
2026-05-19 20:05:42,esterno,1876,15476,952,-1080,-123,573,63634
2026-05-19 20:05:42,lombar,16656,-156,2436,-17,-605,270,721067
2026-05-19 20:05:42,esterno,1720,14776,1164,-521,-66,324,63656
2026-05-19 20:05:42,lombar,16448,-228,2476,5,-496,269,721089
2026-05-19 20:05:42,esterno,2052,14516,1332,53,-359,254,63678
2026-05-19 20:05:42,lombar,16596,-184,2620,57,-142,327,721111
2026-05-19 20:05:42,esterno,2372,15228,1284,-12,-559,533,63700
2026-05-19 20:05:42,lombar,16840,-344,2344,49,208,338,721133
2026-05-19 20:05:42,esterno,2468,16308,736,-371,-737,678,63722
2026-05-19 20:05:42,lombar,17244,-24,2256,-63,535,155,721155
2026-05-19 20:05:42,esterno,2084,17076,1064,-375,-558,662,63744
2026-05-19 20:05:42,lombar,16932,8,2224,27,453,153,721177
2026-05-19 20:05:42,esterno,2012,16460,1052,-182,-840,574,63766
2026-05-19 20:05:42,lombar,16592,-92,2220,90,-22,220,721199
2026-05-19 20:05:42,esterno,1952,15256,1132,271,-244,150,63788
2026-05-19 20:05:42,lombar,16476,-104,2432,212,-205,189,721221
2026-05-19 20:05:42,esterno,1988,15208,1040,292,152,88,63810
2026-05-19 20:05:42,lombar,16344,-68,2460,244,-57,175,721243
2026-05-19 20:05:42,esterno,2060,15596,1240,28,162,241,63832
2026-05-19 20:05:42,lombar,16632,24,2504,92,-78,186,721265
2026-05-19 20:05:42,esterno,2392,16156,1080,-337,99,306,63854
2026-05-19 20:05:42,lombar,16708,-140,2468,87,-215,123,721287
2026-05-19 20:05:42,esterno,2032,16088,1292,-610,-4,208,63876
2026-05-19 20:05:42,lombar,16720,-84,2576,25,-307,234,721309
2026-05-19 20:05:42,esterno,1636,16012,1716,-599,-220,-62,63898
2026-05-19 20:05:42,lombar,16752,-192,2304,52,-319,201,721331
2026-05-19 20:05:42,esterno,2600,15656,1516,-724,-240,-144,63920
2026-05-19 20:05:42,lombar,16644,-52,2484,128,-355,249,721353
2026-05-19 20:05:42,esterno,3348,15300,916,-498,77,-38,63942
2026-05-19 20:05:42,lombar,16764,40,2408,235,-191,131,721375
2026-05-19 20:05:42,esterno,3076,15696,1116,-368,397,547,63964
2026-05-19 20:05:42,lombar,16804,120,2564,88,-9,159,721397
2026-05-19 20:05:42,esterno,2016,16312,1196,-411,532,1082,63986
2026-05-19 20:05:42,lombar,16824,232,2592,60,-141,174,721419
2026-05-19 20:05:42,esterno,960,15836,1664,-183,182,944,64008
2026-05-19 20:05:42,lombar,16820,-36,2200,264,-243,239,721441
2026-05-19 20:05:42,esterno,708,15076,1872,947,-57,69,64030
2026-05-19 20:05:42,lombar,16644,-244,2456,415,-195,153,721463
2026-05-19 20:05:42,esterno,1904,15336,1704,846,-342,-472,64052
2026-05-19 20:05:42,lombar,16628,-252,2636,364,-108,88,721485
2026-05-19 20:05:42,esterno,2844,16352,1364,-637,-237,-258,64074
2026-05-19 20:05:42,lombar,16780,180,2580,212,-162,256,721507
2026-05-19 20:05:42,esterno,3336,16548,964,-1352,-277,-208,64096
2026-05-19 20:05:42,lombar,16616,224,2616,-39,-354,339,721529
2026-05-19 20:05:42,esterno,2940,16004,1204,-890,-356,-350,64118
2026-05-19 20:05:42,lombar,16584,28,2584,-111,-560,403,721551
2026-05-19 20:05:42,esterno,2244,15936,1388,-842,-352,-217,64140
2026-05-19 20:05:42,lombar,16632,84,2340,-56,-543,376,721573
2026-05-19 20:05:42,esterno,1752,15880,1932,-1054,-350,-78,64162
2026-05-19 20:05:42,lombar,16540,172,2684,-23,-543,359,721595
2026-05-19 20:05:42,esterno,2656,15764,1256,-954,-256,-75,64184
2026-05-19 20:05:42,lombar,16548,140,2696,112,-569,417,721617
2026-05-19 20:05:42,esterno,3388,15480,1092,-916,119,-20,64206
2026-05-19 20:05:42,lombar,16548,212,2644,27,-597,476,721639
2026-05-19 20:05:42,esterno,3432,15624,1220,-886,332,432,64228
2026-05-19 20:05:42,lombar,16564,120,2668,-134,-570,487,721661
2026-05-19 20:05:42,lombar,16836,-116,2632,-56,-689,376,721683
2026-05-19 20:05:42,esterno,2340,16308,1180,-1041,212,1319,64250
2026-05-19 20:05:42,esterno,1328,15960,1256,-910,520,1252,64272
2026-05-19 20:05:42,lombar,16932,-112,2204,121,-591,508,721705
2026-05-19 20:05:42,esterno,1508,14992,1940,62,518,319,64294
2026-05-19 20:05:42,lombar,16604,-396,2048,409,-439,343,721727
2026-05-19 20:05:42,esterno,1364,14448,2524,1200,369,-201,64316
2026-05-19 20:05:42,lombar,16448,-228,2484,476,-388,321,721749
2026-05-19 20:05:42,esterno,1692,15468,2312,602,-527,-51,64338
2026-05-19 20:05:42,lombar,16712,-100,2588,348,-181,209,721771
2026-05-19 20:05:42,esterno,2572,16828,1304,-1091,-354,64,64360
2026-05-19 20:05:42,lombar,16964,108,2548,173,49,98,721793
2026-05-19 20:05:42,esterno,3564,16684,672,-1847,15,-383,64382
2026-05-19 20:05:42,lombar,17000,320,2112,62,-25,152,721815
2026-05-19 20:05:42,lombar,16760,152,2340,-36,-518,385,721837
2026-05-19 20:05:42,esterno,3188,16056,1292,-1299,396,-484,64404
2026-05-19 20:05:42,esterno,2588,15392,2020,-684,77,-96,64426
2026-05-19 20:05:42,lombar,16460,8,2456,-18,-777,369,721859
2026-05-19 20:05:42,esterno,2020,15400,1648,-958,342,72,64448
2026-05-19 20:05:42,lombar,16460,36,2400,83,-779,359,721881
2026-05-19 20:05:42,lombar,16440,108,2404,23,-610,411,721903
2026-05-19 20:05:42,esterno,2504,15184,1948,-959,331,89,64470
2026-05-19 20:05:42,esterno,3320,15436,1864,-711,443,213,64492
2026-05-19 20:05:42,lombar,16820,152,2340,-106,-475,416,721925
2026-05-19 20:05:42,esterno,2932,16192,1544,-986,462,842,64514
2026-05-19 20:05:42,lombar,16884,-72,2292,-216,-388,370,721947
2026-05-19 20:05:43,esterno,1552,15988,1680,-1081,620,1139,64536
2026-05-19 20:05:43,lombar,17072,-328,2308,-55,-402,269,721969
2026-05-19 20:05:43,lombar,16960,-172,2068,200,-256,435,721991
2026-05-19 20:05:43,esterno,1604,15220,2012,-50,781,274,64558
2026-05-19 20:05:43,esterno,2216,15100,2632,486,649,-51,64580
2026-05-19 20:05:43,lombar,16620,-96,2072,296,-91,357,722013
2026-05-19 20:05:43,esterno,1496,15032,2608,658,466,437,64602
2026-05-19 20:05:43,lombar,16400,-212,2528,241,-25,295,722035
2026-05-19 20:05:43,esterno,424,14800,2604,836,-293,341,64624
2026-05-19 20:05:43,lombar,16580,-176,2504,66,-28,133,722057
2026-05-19 20:05:43,esterno,1516,15596,1760,239,-516,-459,64646
2026-05-19 20:05:43,lombar,16852,-92,2488,-85,173,-50,722079
2026-05-19 20:05:43,esterno,2576,16516,2472,-775,-404,-901,64668
2026-05-19 20:05:43,lombar,17072,172,2396,-94,36,0,722101
2026-05-19 20:05:43,esterno,4828,16784,1300,-1132,-73,-619,64690
2026-05-19 20:05:43,lombar,16788,296,2000,-57,-172,162,722123
2026-05-19 20:05:43,esterno,3416,16108,1380,-833,-105,23,64712
2026-05-19 20:05:43,lombar,16376,64,2416,34,-506,363,722145
2026-05-19 20:05:43,esterno,2172,15408,2116,-567,-256,70,64734
2026-05-19 20:05:43,lombar,16512,116,2352,127,-593,354,722167
2026-05-19 20:05:43,esterno,2744,15168,1960,-673,-36,-106,64756
2026-05-19 20:05:43,lombar,16372,204,2540,134,-572,280,722189
2026-05-19 20:05:43,esterno,3432,15064,1648,-778,-28,-29,64778
2026-05-19 20:05:43,lombar,16552,240,2540,-21,-477,347,722211
2026-05-19 20:05:43,esterno,3628,15400,1768,-1011,608,399,64800
2026-05-19 20:05:43,lombar,17048,104,2452,-21,-410,362,722233
2026-05-19 20:05:43,esterno,2976,15800,1980,-511,753,1026,64822
2026-05-19 20:05:43,lombar,17100,124,2312,83,-228,417,722255
2026-05-19 20:05:43,esterno,1208,16276,2164,-96,506,1410,64844
2026-05-19 20:05:43,lombar,17264,-148,1936,136,-233,285,722277
2026-05-19 20:05:43,esterno,580,15884,2672,547,163,554,64866
2026-05-19 20:05:43,lombar,16824,-108,2008,241,-280,382,722299
2026-05-19 20:05:43,esterno,1428,15128,2532,1017,150,-169,64888
2026-05-19 20:05:43,lombar,16396,-172,2276,423,-373,260,722321
2026-05-19 20:05:43,esterno,1512,14816,2708,600,122,-230,64910
2026-05-19 20:05:43,lombar,16328,-100,2728,341,-343,312,722343
2026-05-19 20:05:43,esterno,2120,15260,2088,-198,-806,-211,64932
2026-05-19 20:05:43,lombar,16480,124,2644,142,-140,178,722365
2026-05-19 20:05:43,esterno,2728,16344,2144,-451,-898,-323,64954
2026-05-19 20:05:43,lombar,16736,28,2276,-65,-209,140,722387
2026-05-19 20:05:43,esterno,3504,16732,1740,-691,-601,-224,64976
2026-05-19 20:05:43,lombar,17132,112,2112,1,-189,274,722409
2026-05-19 20:05:43,esterno,2872,16360,2036,-910,-170,-354,64998
2026-05-19 20:05:43,lombar,16792,200,2244,142,-623,453,722431
2026-05-19 20:05:43,esterno,3036,15520,1844,-739,-189,-370,65020
2026-05-19 20:05:43,lombar,16428,184,2272,102,-778,440,722453
2026-05-19 20:05:43,esterno,3168,14840,1680,-584,203,-303,65042
2026-05-19 20:05:43,lombar,16408,332,2412,56,-633,362,722475
2026-05-19 20:05:43,esterno,3936,14968,2088,-452,339,9,65064
2026-05-19 20:05:43,lombar,16340,260,2380,-6,-362,393,722497
2026-05-19 20:05:43,esterno,3256,15756,2008,-748,265,784,65086
2026-05-19 20:05:43,lombar,16736,188,2432,-176,-343,413,722519
2026-05-19 20:05:43,esterno,1760,16312,1924,-1144,306,1524,65108
2026-05-19 20:05:43,lombar,17500,-104,2108,-150,-167,320,722541
2026-05-19 20:05:43,esterno,920,15804,2476,-344,374,679,65130
2026-05-19 20:05:43,lombar,17292,-304,1880,120,-112,361,722563
2026-05-19 20:05:43,esterno,2144,15240,2708,338,323,-406,65152
2026-05-19 20:05:43,lombar,16568,-76,1940,332,-400,318,722585
2026-05-19 20:05:43,esterno,3084,15224,2832,-91,511,-106,65174
2026-05-19 20:05:43,lombar,16608,136,2368,298,-318,426,722607
2026-05-19 20:05:43,esterno,2460,15108,1808,-667,539,715,65196
2026-05-19 20:05:43,lombar,16552,64,2520,174,-198,461,722629
2026-05-19 20:05:43,esterno,700,15468,2396,-321,-259,565,65218
2026-05-19 20:05:43,lombar,16480,48,2772,100,-249,401,722651
2026-05-19 20:05:43,esterno,1704,15252,1728,66,-287,-260,65240
2026-05-19 20:05:43,lombar,16716,-60,2508,-57,-198,241,722673
2026-05-19 20:05:43,esterno,2948,15704,2052,-656,154,-764,65262
2026-05-19 20:05:43,lombar,16812,-24,2592,-11,-343,276,722695
2026-05-19 20:05:43,esterno,3548,15960,1880,-1240,72,-309,65284
2026-05-19 20:05:43,lombar,16596,12,2432,-12,-384,324,722717
2026-05-19 20:05:43,esterno,3048,15784,1852,-365,-67,-53,65306
2026-05-19 20:05:43,lombar,16492,-128,2496,73,-345,253,722739
2026-05-19 20:05:43,esterno,2536,15348,2236,8,-309,-157,65328
2026-05-19 20:05:43,lombar,16400,28,2348,75,-268,245,722761
2026-05-19 20:05:43,esterno,2600,15164,2320,-259,-319,-250,65350
2026-05-19 20:05:43,lombar,16608,232,2456,-171,-192,294,722783
2026-05-19 20:05:43,esterno,3768,15340,2144,-326,-19,-269,65372
2026-05-19 20:05:43,lombar,16712,-16,2156,-183,14,194,722805
2026-05-19 20:05:43,esterno,4124,15728,2492,-516,437,74,65394
2026-05-19 20:05:43,lombar,16828,-32,2208,-2,49,158,722827
2026-05-19 20:05:43,esterno,2960,16280,2184,-741,432,969,65416
2026-05-19 20:05:43,lombar,17112,108,1836,212,23,276,722849
2026-05-19 20:05:43,esterno,1560,16252,2244,-559,460,953,65438
2026-05-19 20:05:43,lombar,16940,132,1920,252,-163,371,722871
2026-05-19 20:05:43,esterno,1588,15532,2604,190,446,93,65460
2026-05-19 20:05:43,lombar,16792,252,2084,293,-556,418,722893
2026-05-19 20:05:43,esterno,1960,15004,2540,666,306,-254,65482
2026-05-19 20:05:43,lombar,16356,-56,2304,219,-767,329,722915
2026-05-19 20:05:43,esterno,1844,14736,3016,283,60,-135,65504
2026-05-19 20:05:43,lombar,16572,48,2400,167,-586,315,722937
2026-05-19 20:05:44,esterno,1912,15684,2692,-120,-1044,-69,65526
2026-05-19 20:05:44,lombar,16600,180,2424,-120,-298,261,722959
2026-05-19 20:05:44,esterno,2336,15724,2068,-313,-1076,-348,65548
2026-05-19 20:05:44,lombar,17012,-32,2380,-253,-22,92,722981
2026-05-19 20:05:44,esterno,3544,16032,1572,-484,-446,-366,65570
2026-05-19 20:05:44,lombar,16800,60,2372,-123,-264,220,723003
2026-05-19 20:05:44,esterno,3628,15812,1692,-449,184,-41,65592
2026-05-19 20:05:44,lombar,16736,-32,2300,-18,-352,333,723025
2026-05-19 20:05:44,esterno,3292,15564,2060,-206,415,-92,65614
2026-05-19 20:05:44,lombar,16444,-140,2304,68,-387,278,723047
2026-05-19 20:05:44,esterno,3216,15376,2100,13,807,200,65636
2026-05-19 20:05:44,lombar,16660,108,2140,171,-120,366,723069
2026-05-19 20:05:44,esterno,2896,15188,2520,-150,880,383,65658
2026-05-19 20:05:44,lombar,16464,44,2140,131,82,261,723091
2026-05-19 20:05:44,esterno,3156,15472,2500,-381,852,841,65680
2026-05-19 20:05:44,lombar,16772,48,2492,291,74,196,723113
2026-05-19 20:05:44,esterno,1884,15652,2536,-242,437,1457,65702
2026-05-19 20:05:44,lombar,16820,436,2160,232,-59,357,723135
2026-05-19 20:05:44,esterno,1504,15780,2216,-53,409,1361,65724
2026-05-19 20:05:44,lombar,17232,124,1872,114,26,148,723157
2026-05-19 20:05:44,esterno,1984,15688,2560,417,451,386,65746
2026-05-19 20:05:44,lombar,16976,-20,1840,88,125,126,723179
2026-05-19 20:05:44,esterno,2752,15392,3144,741,261,61,65768
2026-05-19 20:05:44,lombar,16748,72,1920,114,26,177,723201
2026-05-19 20:05:44,lombar,16516,-20,2380,185,-80,186,723223
2026-05-19 20:05:44,esterno,1904,14840,2864,734,178,248,65790
2026-05-19 20:05:44,esterno,1632,14720,2200,510,-507,-54,65812
2026-05-19 20:05:44,lombar,16380,-80,2392,74,155,173,723245
2026-05-19 20:05:44,esterno,2876,15504,1604,118,20,-694,65834
2026-05-19 20:05:44,lombar,16764,92,2568,-7,188,178,723267
2026-05-19 20:05:44,esterno,4132,15920,1456,-120,56,-710,65856
2026-05-19 20:05:44,lombar,16964,164,2424,-77,56,302,723289
2026-05-19 20:05:44,esterno,3580,15904,2104,256,-81,-438,65878
2026-05-19 20:05:44,lombar,16636,8,2380,-133,-120,345,723311
2026-05-19 20:05:44,esterno,3260,15888,1876,407,-102,-356,65900
2026-05-19 20:05:44,lombar,16712,224,2436,69,69,218,723333
2026-05-19 20:05:44,esterno,2780,15828,2180,377,-66,-487,65922
2026-05-19 20:05:44,lombar,16488,440,2596,-86,92,259,723355
2026-05-19 20:05:44,esterno,3288,15872,2192,236,73,-570,65944
2026-05-19 20:05:44,lombar,16460,320,2668,-124,101,182,723377
2026-05-19 20:05:44,esterno,4128,15468,1972,-145,330,-506,65966
2026-05-19 20:05:44,lombar,16576,248,2388,-148,186,252,723399
2026-05-19 20:05:44,esterno,4840,15408,1624,-576,862,-73,65988
2026-05-19 20:05:44,lombar,16668,332,2516,-47,158,375,723421
2026-05-19 20:05:44,esterno,3440,15816,1336,-365,771,939,66010
2026-05-19 20:05:44,lombar,16740,344,2644,101,104,481,723443
2026-05-19 20:05:44,esterno,1888,16272,1688,-198,867,1106,66032
2026-05-19 20:05:44,lombar,17156,-48,2440,192,60,373,723465
2026-05-19 20:05:44,esterno,1652,16184,2340,158,861,128,66054
2026-05-19 20:05:44,lombar,16808,80,2416,345,-339,318,723487
2026-05-19 20:05:44,lombar,16348,272,2548,368,-508,420,723509
2026-05-19 20:05:44,esterno,2388,15524,2216,453,907,-512,66076
2026-05-19 20:05:44,esterno,2188,14864,2432,721,749,-153,66098
2026-05-19 20:05:44,lombar,16268,248,2772,384,-603,491,723531
2026-05-19 20:05:44,esterno,1952,15220,2096,209,-51,-84,66120
2026-05-19 20:05:44,lombar,16348,260,2916,198,-392,450,723553
2026-05-19 20:05:44,lombar,16724,84,2668,-20,-298,301,723575
2026-05-19 20:05:44,esterno,2148,15668,1512,-342,-122,-302,66142
2026-05-19 20:05:44,esterno,2760,15756,1716,-169,-22,-487,66164
2026-05-19 20:05:44,lombar,17084,216,2520,20,-450,403,723597
2026-05-19 20:05:44,esterno,3124,15696,1216,40,780,-600,66186
2026-05-19 20:05:44,lombar,16824,152,2576,-33,-652,442,723619
2026-05-19 20:05:44,esterno,876,15588,3712,-93,295,-713,66208
2026-05-19 20:05:44,lombar,16620,92,2380,28,-719,394,723641
2026-05-19 20:05:44,esterno,2336,15660,2568,124,408,-846,66230
2026-05-19 20:05:44,lombar,16516,224,2560,11,-611,492,723663
2026-05-19 20:05:44,esterno,3804,15508,1788,-157,778,-681,66252
2026-05-19 20:05:44,lombar,16492,200,2456,-39,-527,437,723685
2026-05-19 20:05:44,esterno,4180,15416,2224,-499,1158,-91,66274
2026-05-19 20:05:44,lombar,16664,240,2372,-50,-421,456,723707
2026-05-19 20:05:44,esterno,2708,15576,1600,-471,974,712,66296
2026-05-19 20:05:44,lombar,16896,272,2232,-89,-215,478,723729
2026-05-19 20:05:44,esterno,1028,16056,2052,206,472,859,66318
2026-05-19 20:05:44,lombar,17072,-136,2268,54,-213,448,723751
2026-05-19 20:05:44,esterno,892,15956,2416,753,322,-344,66340
2026-05-19 20:05:44,lombar,17092,100,2016,153,-251,495,723773
2026-05-19 20:05:44,esterno,2584,15396,2816,189,495,-899,66362
2026-05-19 20:05:44,lombar,16588,124,2308,270,-316,487,723795
2026-05-19 20:05:44,esterno,2864,14820,2336,267,316,-359,66384
2026-05-19 20:05:44,lombar,16372,148,2808,162,-361,480,723817
2026-05-19 20:05:44,esterno,2100,15068,1952,-197,-99,42,66406
2026-05-19 20:05:44,lombar,16492,128,2628,-37,-42,334,723839
2026-05-19 20:05:44,esterno,1672,15992,1768,-298,-87,-107,66428
2026-05-19 20:05:44,lombar,16860,252,2812,-56,-155,284,723861
2026-05-19 20:05:44,lombar,16852,96,2384,-77,-163,341,723883
2026-05-19 20:05:44,esterno,1808,16264,2132,37,-715,-302,66450
2026-05-19 20:05:44,esterno,2300,16040,2424,536,-1104,-165,66472
2026-05-19 20:05:44,lombar,16676,0,2384,-92,-205,362,723905
2026-05-19 20:05:44,esterno,2332,15560,2100,469,-1207,-48,66494
2026-05-19 20:05:44,lombar,16416,-32,2520,-55,-317,281,723927
2026-05-19 20:05:44,esterno,2428,15488,1660,315,-1051,-129,66516
2026-05-19 20:05:44,lombar,16524,88,2692,-73,-200,221,723949
2026-05-19 20:05:45,esterno,2704,15632,1588,309,-804,-72,66538
2026-05-19 20:05:45,lombar,16376,52,2656,-183,-125,351,723971
2026-05-19 20:05:45,esterno,2860,15600,1616,441,-624,81,66560
2026-05-19 20:05:45,lombar,16592,20,2468,-182,-171,263,723993
2026-05-19 20:05:45,esterno,2764,15952,1288,18,-313,341,66582
2026-05-19 20:05:45,lombar,16908,-24,2592,-128,-304,237,724015
2026-05-19 20:05:45,esterno,2512,16048,1444,328,61,239,66604
2026-05-19 20:05:45,lombar,16952,-16,2420,-89,-285,255,724037
2026-05-19 20:05:45,esterno,2832,15980,1772,711,351,98,66626
2026-05-19 20:05:45,lombar,16744,-20,2296,54,-124,251,724059
2026-05-19 20:05:45,esterno,2672,15408,2000,635,415,80,66648
2026-05-19 20:05:45,lombar,16652,88,2572,208,-145,222,724081
2026-05-19 20:05:45,esterno,2640,15204,1716,729,421,81,66670
2026-05-19 20:05:45,lombar,16576,80,2624,260,-227,212,724103
2026-05-19 20:05:45,esterno,2440,15400,1392,906,357,12,66692
2026-05-19 20:05:45,lombar,16572,112,2652,205,-264,197,724125
2026-05-19 20:05:45,esterno,2476,15652,1844,948,-148,62,66714
2026-05-19 20:05:45,lombar,16740,156,2548,249,-301,142,724147
2026-05-19 20:05:45,esterno,2352,16016,1684,953,-556,272,66736
2026-05-19 20:05:45,lombar,16840,320,2320,168,-387,280,724169
2026-05-19 20:05:45,esterno,2164,15904,1292,767,-738,308,66758
2026-05-19 20:05:45,lombar,16828,76,2192,292,-343,155,724191
2026-05-19 20:05:45,esterno,2200,15432,1240,1210,-284,59,66780
2026-05-19 20:05:45,lombar,16800,232,2600,306,-421,171,724213
2026-05-19 20:05:45,esterno,2416,15336,1664,1436,-382,-250,66802
2026-05-19 20:05:45,lombar,16720,164,2512,217,-493,220,724235
2026-05-19 20:05:45,esterno,2740,16068,1456,1096,-579,-319,66824
2026-05-19 20:05:45,lombar,16552,280,2556,81,-345,195,724257
2026-05-19 20:05:45,esterno,2620,16364,1292,674,-521,-266,66846
2026-05-19 20:05:45,lombar,16804,48,2420,-9,-377,253,724279
2026-05-19 20:05:45,esterno,2608,15892,1244,461,-370,-312,66868
2026-05-19 20:05:45,lombar,16756,204,2528,8,-479,207,724301
2026-05-19 20:05:45,esterno,2448,15516,1148,270,-270,-467,66890
2026-05-19 20:05:45,lombar,16680,220,2348,11,-651,269,724323
2026-05-19 20:05:45,esterno,2768,15588,964,103,-228,-544,66912
2026-05-19 20:05:45,lombar,16612,240,2352,27,-835,231,724345
2026-05-19 20:05:45,esterno,2936,15944,1000,-19,-49,-558,66934
2026-05-19 20:05:45,lombar,16540,244,2420,-43,-823,287,724367
2026-05-19 20:05:45,esterno,2684,16020,692,-282,115,-393,66956
2026-05-19 20:05:45,lombar,16636,212,2364,10,-833,439,724389
2026-05-19 20:05:45,esterno,2444,15904,1096,-209,-13,-305,66978
2026-05-19 20:05:45,lombar,16756,200,2456,2,-1009,442,724411
2026-05-19 20:05:45,esterno,2188,15804,1036,-311,-174,-400,67000
2026-05-19 20:05:45,lombar,16640,156,2576,23,-1078,369,724433
2026-05-19 20:05:45,lombar,16608,160,2440,22,-1109,397,724455
2026-05-19 20:05:45,esterno,2436,15888,940,-270,-301,-402,67022
2026-05-19 20:05:45,esterno,2496,15808,1000,-321,-175,-289,67044
2026-05-19 20:05:45,lombar,16712,216,2640,10,-1346,277,724477
2026-05-19 20:05:45,esterno,2444,15812,952,-77,-539,-184,67066
2026-05-19 20:05:45,lombar,16692,148,2308,-61,-1321,338,724499
2026-05-19 20:05:45,esterno,2356,15780,1204,93,-467,-243,67088
2026-05-19 20:05:45,lombar,16540,188,2176,-98,-1308,318,724521
2026-05-19 20:05:45,esterno,2360,15764,916,-188,-317,-358,67110
2026-05-19 20:05:45,lombar,16668,116,2080,-6,-1230,279,724543
2026-05-19 20:05:45,esterno,2376,15756,692,-348,-99,-432,67132
2026-05-19 20:05:45,lombar,16624,204,2044,42,-1217,338,724565
2026-05-19 20:05:45,esterno,2524,16144,1076,-225,-19,-490,67154
2026-05-19 20:05:45,lombar,16680,124,1908,114,-1354,415,724587
2026-05-19 20:05:45,esterno,2548,16072,1292,-246,-154,-398,67176
2026-05-19 20:05:45,lombar,16804,312,1824,142,-1264,497,724609
2026-05-19 20:05:45,esterno,1960,15412,1312,-293,-308,-323,67198
2026-05-19 20:05:45,lombar,16816,120,2052,78,-1405,486,724631
2026-05-19 20:05:45,esterno,1936,15876,1420,-23,-434,-505,67220
2026-05-19 20:05:45,lombar,16780,44,1536,10,-1180,398,724653
2026-05-19 20:05:45,esterno,2200,15876,1540,156,-616,-505,67242
2026-05-19 20:05:45,lombar,16788,196,1772,11,-1001,418,724675
2026-05-19 20:05:45,esterno,1876,15628,1456,98,-896,-331,67264
2026-05-19 20:05:45,lombar,16804,248,1524,68,-973,388,724697
2026-05-19 20:05:45,esterno,1672,15264,1044,417,-540,-671,67286
2026-05-19 20:05:45,lombar,16840,-28,1656,-128,-919,385,724719
2026-05-19 20:05:45,lombar,17020,204,1556,-38,-735,349,724741
2026-05-19 20:05:45,esterno,2216,15640,1960,469,-910,-932,67308
2026-05-19 20:05:45,esterno,2512,16048,1688,512,-1526,-756,67330
2026-05-19 20:05:45,lombar,16756,48,1796,0,-444,348,724763
2026-05-19 20:05:45,lombar,16632,252,1428,31,-641,443,724785
2026-05-19 20:05:45,esterno,2348,15604,524,328,-1133,-560,67352
2026-05-19 20:05:45,esterno,2092,15372,728,323,-547,-638,67374
2026-05-19 20:05:45,lombar,16856,228,1392,51,-508,417,724807
2026-05-19 20:05:45,esterno,2036,15836,1068,730,-723,-680,67396
2026-05-19 20:05:45,lombar,16924,156,1552,127,-486,378,724829
2026-05-19 20:05:45,esterno,2336,16040,1036,893,-634,-618,67418
2026-05-19 20:05:45,lombar,16772,-40,1768,-28,-703,333,724851
2026-05-19 20:05:45,esterno,2140,15960,1044,318,-357,-369,67440
2026-05-19 20:05:45,lombar,16796,96,1224,13,-438,323,724873
2026-05-19 20:05:45,esterno,1932,15840,1140,321,-637,-148,67462
2026-05-19 20:05:45,lombar,16756,112,1584,102,-487,334,724895
2026-05-19 20:05:45,esterno,1928,15756,520,592,-611,-120,67484
2026-05-19 20:05:45,lombar,16628,28,1624,28,-572,337,724917
2026-05-19 20:05:45,esterno,1864,15712,624,257,-465,-181,67506
2026-05-19 20:05:45,lombar,16816,72,1632,-27,-423,308,724939
2026-05-19 20:05:46,esterno,1932,15684,860,280,-591,-155,67528
2026-05-19 20:05:46,lombar,16664,68,1664,44,-310,335,724961
2026-05-19 20:05:46,esterno,1812,16044,844,351,-929,-66,67550
2026-05-19 20:05:46,lombar,16680,32,1512,62,-340,341,724983
2026-05-19 20:05:46,esterno,1856,15348,424,-87,-595,84,67572
2026-05-19 20:05:46,lombar,16632,-128,1716,114,-501,276,725005
2026-05-19 20:05:46,esterno,2004,15480,568,-216,-655,-260,67594
2026-05-19 20:05:46,lombar,17088,68,996,53,-365,217,725027
2026-05-19 20:05:46,esterno,1796,15996,848,984,-1104,-89,67616
2026-05-19 20:05:46,lombar,16492,148,1680,110,-218,254,725049
2026-05-19 20:05:46,esterno,1696,15836,572,157,-797,-184,67638
2026-05-19 20:05:46,lombar,16852,88,1652,8,-475,282,725071
2026-05-19 20:05:46,lombar,16824,284,1464,-105,-250,242,725093
2026-05-19 20:05:46,esterno,1868,15460,388,-107,-760,-354,67660
2026-05-19 20:05:46,esterno,2560,15848,400,-19,-518,-308,67682
2026-05-19 20:05:46,lombar,16824,236,1692,-135,-413,308,725115
2026-05-19 20:05:46,esterno,2476,15840,32,-368,-416,-79,67704
2026-05-19 20:05:46,lombar,16788,196,1236,-38,-370,297,725137
2026-05-19 20:05:46,esterno,1944,14796,-4,-633,10,76,67726
2026-05-19 20:05:46,lombar,16620,16,1628,-191,-481,305,725159
2026-05-19 20:05:46,esterno,1984,14684,256,-1031,100,-6,67748
2026-05-19 20:05:46,lombar,16808,264,1412,-101,-214,304,725181
2026-05-19 20:05:46,esterno,3356,16172,292,-1362,770,-17,67770
2026-05-19 20:05:46,lombar,16932,180,1216,17,91,251,725203
2026-05-19 20:05:46,esterno,3756,16636,-44,-1530,1666,608,67792
2026-05-19 20:05:46,lombar,16768,132,1520,312,-66,377,725225
2026-05-19 20:05:46,esterno,2960,16300,328,-1072,2530,862,67814
2026-05-19 20:05:46,lombar,16592,292,1736,562,-540,457,725247
2026-05-19 20:05:46,esterno,2336,15600,1092,-615,2463,668,67836
2026-05-19 20:05:46,lombar,16668,404,1688,592,-487,585,725269
2026-05-19 20:05:46,esterno,1920,15632,1284,-564,2208,431,67858
2026-05-19 20:05:46,lombar,16632,140,1620,452,-194,445,725291
2026-05-19 20:05:46,esterno,1996,16208,864,-401,1915,437,67880
2026-05-19 20:05:46,lombar,16616,-40,1876,512,-114,358,725313
2026-05-19 20:05:46,esterno,1928,16424,1132,-478,838,579,67902
2026-05-19 20:05:46,lombar,16812,200,1676,757,-309,373,725335
2026-05-19 20:05:46,esterno,1504,16456,992,-299,80,882,67924
2026-05-19 20:05:46,lombar,16760,388,1616,640,-396,440,725357
2026-05-19 20:05:46,esterno,1456,15940,1488,-282,62,585,67946
2026-05-19 20:05:46,lombar,16828,360,1332,301,-317,545,725379
2026-05-19 20:05:46,esterno,1656,15988,1804,-391,265,471,67968
2026-05-19 20:05:46,lombar,16840,348,1104,-34,-360,437,725401
2026-05-19 20:05:46,esterno,1680,16028,1484,-420,-117,670,67990
2026-05-19 20:05:46,lombar,16720,-208,1404,-167,-532,379,725423
2026-05-19 20:05:46,esterno,1500,15628,1116,-184,-121,568,68012
2026-05-19 20:05:46,lombar,16716,-92,1296,-205,-762,402,725445
2026-05-19 20:05:46,esterno,1364,15400,1080,-267,-288,312,68034
2026-05-19 20:05:46,lombar,16780,-20,1468,-208,-506,406,725467
2026-05-19 20:05:46,esterno,2200,15856,1388,-570,-614,262,68056
2026-05-19 20:05:46,lombar,16832,36,1520,-324,-379,394,725489
2026-05-19 20:05:46,esterno,2524,16100,916,-759,-749,280,68078
2026-05-19 20:05:46,lombar,16852,8,1292,-376,-289,345,725511
2026-05-19 20:05:46,esterno,2432,15832,896,-641,-541,113,68100
2026-05-19 20:05:46,lombar,16776,-108,1532,-422,-394,309,725533
2026-05-19 20:05:46,esterno,1920,15352,1224,-315,-745,72,68122
2026-05-19 20:05:46,lombar,16780,236,1528,-316,-425,272,725555
2026-05-19 20:05:46,esterno,1864,15308,1552,-279,-1073,6,68144
2026-05-19 20:05:46,lombar,16768,296,1388,-346,-179,341,725577
2026-05-19 20:05:46,esterno,2308,15736,1104,-339,-798,146,68166
2026-05-19 20:05:46,lombar,16740,192,1304,-398,49,305,725599
2026-05-19 20:05:46,esterno,3100,15856,1016,-536,-837,174,68188
2026-05-19 20:05:46,lombar,16676,84,1524,-342,137,293,725621
2026-05-19 20:05:46,esterno,3392,15788,636,-304,-261,224,68210
2026-05-19 20:05:46,lombar,16796,-36,1504,-184,-3,267,725643
2026-05-19 20:05:46,esterno,2984,15584,864,-438,236,374,68232
2026-05-19 20:05:46,lombar,16868,-36,1480,44,23,360,725665
2026-05-19 20:05:46,lombar,16844,-208,1576,266,191,255,725687
2026-05-19 20:05:46,esterno,2628,15508,932,-293,344,500,68254
2026-05-19 20:05:46,esterno,2708,15660,936,-57,592,590,68276
2026-05-19 20:05:46,lombar,16732,60,1560,498,290,281,725709
2026-05-19 20:05:46,esterno,2848,15764,784,-87,832,689,68298
2026-05-19 20:05:46,lombar,16708,104,1520,588,476,330,725731
2026-05-19 20:05:46,esterno,2760,15712,884,102,1036,745,68320
2026-05-19 20:05:46,lombar,16752,-112,1728,579,362,234,725753
2026-05-19 20:05:46,esterno,2444,15624,1012,165,1193,724,68342
2026-05-19 20:05:46,lombar,17004,-40,1616,675,460,182,725775
2026-05-19 20:05:46,esterno,2580,15684,1008,78,1273,570,68364
2026-05-19 20:05:46,lombar,16728,164,1836,836,585,313,725797
2026-05-19 20:05:46,esterno,2628,15876,968,133,1344,605,68386
2026-05-19 20:05:46,lombar,16668,208,1812,781,686,403,725819
2026-05-19 20:05:46,esterno,2496,15816,1180,159,1336,575,68408
2026-05-19 20:05:46,lombar,16828,108,1792,636,652,258,725841
2026-05-19 20:05:46,esterno,2368,15788,1212,85,1123,418,68430
2026-05-19 20:05:46,lombar,16708,-40,1728,611,617,223,725863
2026-05-19 20:05:46,esterno,2456,15816,1440,3,828,370,68452
2026-05-19 20:05:46,lombar,16632,176,2064,482,384,165,725885
2026-05-19 20:05:46,esterno,2496,15792,788,-174,1088,152,68474
2026-05-19 20:05:46,lombar,16900,272,1696,386,334,135,725907
2026-05-19 20:05:46,esterno,2856,15888,1444,-512,604,102,68496
2026-05-19 20:05:46,lombar,16784,376,1724,224,298,227,725929
2026-05-19 20:05:46,esterno,2684,15764,1312,-532,230,276,68518
2026-05-19 20:05:46,lombar,16608,68,1860,25,59,132,725951
2026-05-19 20:05:47,esterno,2488,15564,924,-559,325,193,68540
2026-05-19 20:05:47,lombar,16732,296,1720,57,-91,258,725973
2026-05-19 20:05:47,esterno,2592,15760,1040,-637,518,142,68562
2026-05-19 20:05:47,lombar,16684,392,1744,134,241,462,725995
