timestamp,node,ax,ay,az,gx,gy,gz,t_ms
2026-05-19 20:05:54,esterno,2672,15564,1476,-143,703,-230,76064
2026-05-19 20:05:54,lombar,16780,64,1520,166,-739,395,733497
2026-05-19 20:05:54,esterno,2668,15764,1532,-293,714,-147,76086
2026-05-19 20:05:54,lombar,16608,4,1512,212,-675,442,733519
2026-05-19 20:05:54,esterno,2320,15736,1600,-201,615,-162,76108
2026-05-19 20:05:54,lombar,16764,8,1444,185,-599,490,733541
2026-05-19 20:05:54,esterno,2320,15416,1408,-38,543,-128,76130
2026-05-19 20:05:54,lombar,16752,56,1516,153,-708,416,733563
2026-05-19 20:05:54,esterno,2252,15692,1788,-202,190,-61,76152
2026-05-19 20:05:54,lombar,16836,48,1464,116,-558,458,733585
2026-05-19 20:05:54,lombar,16836,-44,1648,131,-592,431,733607
2026-05-19 20:05:54,esterno,2152,15508,1452,-265,279,-89,76174
2026-05-19 20:05:54,esterno,2420,15532,1448,-116,167,-210,76196
2026-05-19 20:05:54,lombar,16752,-76,1388,141,-358,379,733629
2026-05-19 20:05:54,esterno,2488,15600,1500,89,229,-214,76218
2026-05-19 20:05:54,lombar,16672,20,1832,75,-447,424,733651
2026-05-19 20:05:54,esterno,2268,15524,1620,130,116,-328,76240
2026-05-19 20:05:54,lombar,16832,136,1236,128,-333,327,733673
2026-05-19 20:05:54,esterno,2416,15748,1600,114,38,-223,76262
2026-05-19 20:05:54,lombar,16752,176,1376,56,-363,377,733695
2026-05-19 20:05:54,lombar,16824,72,1392,-24,-433,465,733717
2026-05-19 20:05:54,esterno,2460,15604,1632,55,-22,-187,76284
2026-05-19 20:05:54,esterno,2496,15736,1672,154,-50,-178,76306
2026-05-19 20:05:54,lombar,17004,176,1164,108,-447,370,733739
2026-05-19 20:05:54,esterno,2304,15700,1612,178,-62,-119,76328
2026-05-19 20:05:54,lombar,16680,96,1492,103,-342,435,733761
2026-05-19 20:05:54,esterno,2472,15596,1552,26,-124,-83,76350
2026-05-19 20:05:54,lombar,16756,76,1284,85,-393,384,733783
2026-05-19 20:05:54,esterno,2256,15304,1412,-84,20,-150,76372
2026-05-19 20:05:54,lombar,16796,68,1144,66,-411,370,733805
2026-05-19 20:05:54,esterno,2216,15200,1252,-301,132,-67,76394
2026-05-19 20:05:54,lombar,16732,40,1144,-30,-373,369,733827
2026-05-19 20:05:54,esterno,2136,15488,1232,-299,58,36,76416
2026-05-19 20:05:54,lombar,16720,-48,1332,-11,-252,355,733849
2026-05-19 20:05:54,esterno,2312,15908,1388,122,-63,197,76438
2026-05-19 20:05:54,lombar,16628,-276,1396,-129,-329,354,733871
2026-05-19 20:05:54,esterno,2524,15712,1160,408,244,125,76460
2026-05-19 20:05:54,lombar,16896,-296,1424,-98,-200,213,733893
2026-05-19 20:05:54,esterno,2392,15828,1732,348,-247,-63,76482
2026-05-19 20:05:54,lombar,16948,68,1360,10,21,253,733915
2026-05-19 20:05:54,esterno,2376,15928,1160,-64,-453,38,76504
2026-05-19 20:05:54,lombar,16684,-12,1124,95,124,273,733937
2026-05-19 20:05:54,esterno,2184,15436,836,-45,-6,-175,76526
2026-05-19 20:05:55,lombar,16508,-4,1460,145,11,417,733959
2026-05-19 20:05:55,esterno,2208,15420,848,126,428,-333,76548
2026-05-19 20:05:55,lombar,16708,88,1276,161,-18,364,733981
2026-05-19 20:05:55,esterno,2564,15708,1308,176,513,-246,76570
2026-05-19 20:05:55,lombar,16868,16,1376,38,-38,287,734003
2026-05-19 20:05:55,lombar,16844,36,1328,34,-64,268,734025
2026-05-19 20:05:55,esterno,2680,15912,1488,103,484,-120,76592
2026-05-19 20:05:55,esterno,2292,15976,1640,41,370,8,76614
2026-05-19 20:05:55,lombar,16752,4,1292,58,19,342,734047
2026-05-19 20:05:55,esterno,2108,15928,1536,-81,311,8,76636
2026-05-19 20:05:55,lombar,16840,124,1488,37,-19,398,734069
2026-05-19 20:05:55,esterno,2204,15804,1400,-168,320,-17,76658
2026-05-19 20:05:55,lombar,16828,-64,1352,78,78,276,734091
2026-05-19 20:05:55,esterno,2288,15828,1216,-40,282,-29,76680
2026-05-19 20:05:55,lombar,16716,-172,1508,-12,66,324,734113
2026-05-19 20:05:55,esterno,2112,15948,1520,139,251,-51,76702
2026-05-19 20:05:55,lombar,16852,-24,1396,5,-3,300,734135
2026-05-19 20:05:55,esterno,2068,15916,1380,21,152,-16,76724
2026-05-19 20:05:55,lombar,16820,48,1524,27,22,227,734157
2026-05-19 20:05:55,esterno,2076,15780,1204,-100,74,-19,76746
2026-05-19 20:05:55,lombar,16664,4,1524,46,37,248,734179
2026-05-19 20:05:55,esterno,2092,15628,1076,-182,-54,-102,76768
2026-05-19 20:05:55,lombar,16508,52,1596,-6,53,265,734201
2026-05-19 20:05:55,esterno,2428,15636,1452,-160,-100,-121,76790
2026-05-19 20:05:55,lombar,16732,96,1880,-53,-133,259,734223
2026-05-19 20:05:55,esterno,2384,15644,1392,-126,-116,31,76812
2026-05-19 20:05:55,lombar,16820,48,1872,-1,-170,343,734245
2026-05-19 20:05:55,esterno,2184,15632,996,-276,-329,51,76834
2026-05-19 20:05:55,lombar,16612,-36,1900,-51,-72,363,734267
2026-05-19 20:05:55,esterno,2260,15572,1236,-62,-294,56,76856
2026-05-19 20:05:55,lombar,16736,-100,1556,-75,-3,267,734289
2026-05-19 20:05:55,esterno,2452,15764,1152,120,-129,56,76878
2026-05-19 20:05:55,lombar,16924,-16,1352,156,369,216,734311
2026-05-19 20:05:55,lombar,16824,200,1716,83,119,173,734333
2026-05-19 20:05:55,esterno,2332,15836,1300,44,-147,101,76900
2026-05-19 20:05:55,esterno,2276,16048,1552,38,-91,168,76922
2026-05-19 20:05:55,lombar,16952,52,1552,-183,-43,212,734355
2026-05-19 20:05:55,esterno,2268,15868,1244,59,-133,89,76944
2026-05-19 20:05:55,lombar,16724,80,1600,53,-76,226,734377
2026-05-19 20:05:55,esterno,2468,15796,1296,-79,-96,50,76966
2026-05-19 20:05:55,lombar,16552,108,1680,76,70,284,734399
2026-05-19 20:05:55,esterno,2520,15720,1120,-69,-126,82,76988
2026-05-19 20:05:55,lombar,16708,144,1432,11,30,284,734421
2026-05-19 20:05:55,esterno,2424,15868,1292,-105,-84,116,77010
2026-05-19 20:05:55,lombar,16836,88,1880,50,-53,341,734443
2026-05-19 20:05:55,esterno,2356,15700,1356,-123,-187,195,77032
2026-05-19 20:05:55,lombar,16920,-64,1636,50,-168,305,734465
2026-05-19 20:05:55,esterno,2328,15768,648,80,256,97,77054
2026-05-19 20:05:55,lombar,16820,-64,1636,125,-8,315,734487
2026-05-19 20:05:55,esterno,2492,15792,1888,-85,-300,66,77076
2026-05-19 20:05:55,lombar,16764,116,1820,117,14,289,734509
2026-05-19 20:05:55,lombar,16784,220,1712,74,8,306,734531
2026-05-19 20:05:55,esterno,2512,15992,1208,-243,-335,328,77098
2026-05-19 20:05:55,esterno,2272,15560,728,-253,-126,240,77120
2026-05-19 20:05:55,lombar,16724,208,1972,85,78,311,734553
2026-05-19 20:05:55,esterno,2352,15580,900,-95,210,91,77142
2026-05-19 20:05:55,lombar,16856,152,1960,134,76,281,734575
2026-05-19 20:05:55,esterno,2496,15784,1064,90,166,129,77164
2026-05-19 20:05:55,lombar,16696,132,1712,109,-16,223,734597
2026-05-19 20:05:55,esterno,2252,15848,1044,88,321,115,77186
2026-05-19 20:05:55,lombar,16668,164,1900,57,-199,235,734619
2026-05-19 20:05:55,lombar,16672,100,1832,30,-273,323,734641
2026-05-19 20:05:55,esterno,2092,15844,1228,-122,183,87,77208
2026-05-19 20:05:55,esterno,2124,15836,1188,-369,22,134,77230
2026-05-19 20:05:55,lombar,16620,-8,1720,-3,-253,310,734663
2026-05-19 20:05:55,esterno,2444,15820,816,-464,128,147,77252
2026-05-19 20:05:55,lombar,16776,-32,1756,74,-240,273,734685
2026-05-19 20:05:55,esterno,2496,15840,1036,-474,67,99,77274
2026-05-19 20:05:55,lombar,16564,-132,1660,140,-287,349,734707
2026-05-19 20:05:55,esterno,2312,15852,1276,-446,-74,149,77296
2026-05-19 20:05:55,lombar,16820,124,1984,153,-440,362,734729
2026-05-19 20:05:55,esterno,2236,15972,832,-627,-34,129,77318
2026-05-19 20:05:55,lombar,16836,60,1876,153,-349,354,734751
2026-05-19 20:05:55,esterno,2364,15800,904,-804,270,153,77340
2026-05-19 20:05:55,lombar,16704,156,1952,111,-422,334,734773
2026-05-19 20:05:55,esterno,2376,15800,1160,-724,14,15,77362
2026-05-19 20:05:55,lombar,16652,0,1788,6,-378,307,734795
2026-05-19 20:05:55,esterno,2632,15788,1144,-585,121,7,77384
2026-05-19 20:05:55,lombar,16620,-56,1820,-11,-421,297,734817
2026-05-19 20:05:55,lombar,16696,164,2144,147,-423,320,734839
2026-05-19 20:05:55,esterno,2428,15792,1200,-643,229,145,77406
2026-05-19 20:05:55,esterno,2444,15684,1448,-637,86,195,77428
2026-05-19 20:05:55,lombar,16648,132,1900,109,-434,303,734861
2026-05-19 20:05:55,esterno,2528,15780,1292,-515,139,267,77450
2026-05-19 20:05:55,lombar,16668,56,1688,27,-371,343,734883
2026-05-19 20:05:55,esterno,2516,15672,1408,-499,177,263,77472
2026-05-19 20:05:55,lombar,16640,48,1752,141,-396,287,734905
2026-05-19 20:05:55,esterno,2552,15684,1372,-477,274,238,77494
2026-05-19 20:05:55,lombar,16732,16,1744,86,-393,312,734927
2026-05-19 20:05:55,esterno,2484,15724,1400,-231,345,301,77516
2026-05-19 20:05:55,lombar,16688,144,1704,176,-349,282,734949
2026-05-19 20:05:56,esterno,2564,15856,1604,-234,325,351,77538
2026-05-19 20:05:56,lombar,16924,88,1732,198,-346,252,734971
2026-05-19 20:05:56,esterno,2604,15924,1396,-275,339,398,77560
2026-05-19 20:05:56,lombar,16744,208,1640,195,-379,242,734993
2026-05-19 20:05:56,esterno,2404,15656,1484,-249,377,362,77582
2026-05-19 20:05:56,lombar,16716,80,1772,109,-350,254,735015
2026-05-19 20:05:56,esterno,2340,15700,1528,-258,312,369,77604
2026-05-19 20:05:56,lombar,16836,96,1784,99,-368,280,735037
2026-05-19 20:05:56,esterno,2440,15768,1532,-74,214,461,77626
2026-05-19 20:05:56,lombar,16876,8,1528,139,-452,176,735059
2026-05-19 20:05:56,esterno,2540,15768,1840,-214,-1,456,77648
2026-05-19 20:05:56,lombar,16784,-36,1876,187,-428,267,735081
2026-05-19 20:05:56,esterno,2520,15400,864,9,122,232,77670
2026-05-19 20:05:56,lombar,16640,-152,1700,156,-418,125,735103
2026-05-19 20:05:56,esterno,2744,15632,1924,-130,62,-72,77692
2026-05-19 20:05:56,lombar,16660,-32,1824,189,-395,126,735125
2026-05-19 20:05:56,lombar,16792,172,1824,177,-437,91,735147
2026-05-19 20:05:56,esterno,3520,16072,1484,-129,-36,169,77714
2026-05-19 20:05:56,esterno,3140,15740,1016,-335,27,275,77736
2026-05-19 20:05:56,lombar,16612,188,1676,199,-290,107,735169
2026-05-19 20:05:56,esterno,2684,15376,856,-316,494,180,77758
2026-05-19 20:05:56,lombar,16652,484,1644,174,-329,229,735191
2026-05-19 20:05:56,esterno,2640,15648,1264,-147,540,69,77780
2026-05-19 20:05:56,lombar,16788,512,1644,177,-486,257,735213
2026-05-19 20:05:56,esterno,2764,15840,1408,3,568,280,77802
2026-05-19 20:05:56,lombar,16820,636,1608,125,-445,462,735235
2026-05-19 20:05:56,esterno,2760,15856,1512,-343,501,344,77824
2026-05-19 20:05:56,lombar,16824,344,1524,74,-384,449,735257
2026-05-19 20:05:56,esterno,2684,16028,1636,-494,207,346,77846
2026-05-19 20:05:56,lombar,16756,220,1700,-91,-519,476,735279
2026-05-19 20:05:56,esterno,2532,15804,1616,-415,223,252,77868
2026-05-19 20:05:56,lombar,16820,128,1588,66,-374,415,735301
2026-05-19 20:05:56,esterno,2508,15624,1648,-559,249,60,77890
2026-05-19 20:05:56,lombar,16716,-36,1728,92,-288,484,735323
2026-05-19 20:05:56,esterno,2652,15596,1968,-607,166,31,77912
2026-05-19 20:05:56,lombar,16800,-16,1616,118,-329,454,735345
2026-05-19 20:05:56,esterno,2700,15660,1512,-591,242,45,77934
2026-05-19 20:05:56,lombar,16768,-16,1360,229,-265,455,735367
2026-05-19 20:05:56,esterno,2656,15536,1656,-640,510,-29,77956
2026-05-19 20:05:56,lombar,16716,64,1516,198,-327,532,735389
2026-05-19 20:05:56,esterno,2348,15472,1716,-612,660,-146,77978
2026-05-19 20:05:56,lombar,16612,-12,1472,136,-419,493,735411
2026-05-19 20:05:56,esterno,2644,15688,1808,-489,282,-121,78000
2026-05-19 20:05:56,lombar,16832,-24,1788,102,-423,328,735433
2026-05-19 20:05:56,lombar,16784,28,1732,117,-502,373,735455
2026-05-19 20:05:56,esterno,2952,15720,1688,-510,770,-155,78022
2026-05-19 20:05:56,esterno,2956,15684,2000,-496,688,-68,78044
2026-05-19 20:05:56,lombar,16784,256,1632,-3,-473,355,735477
2026-05-19 20:05:56,lombar,16712,124,1632,-51,-272,346,735499
2026-05-19 20:05:56,esterno,2848,15900,2044,-474,366,96,78066
2026-05-19 20:05:56,esterno,2408,15928,1896,-560,7,359,78088
2026-05-19 20:05:56,lombar,16972,144,1500,0,-253,380,735521
2026-05-19 20:05:56,esterno,2372,15696,2052,-491,-336,487,78110
2026-05-19 20:05:56,lombar,16860,352,1368,-63,-330,426,735543
2026-05-19 20:05:56,lombar,16620,432,1572,-167,-515,484,735565
2026-05-19 20:05:56,esterno,2276,15416,2128,-479,-599,364,78132
2026-05-19 20:05:56,esterno,1980,15400,1764,-412,-912,295,78154
2026-05-19 20:05:56,lombar,16712,176,1624,-235,-568,483,735587
2026-05-19 20:05:56,esterno,1956,15264,1588,-376,-1259,31,78176
2026-05-19 20:05:56,lombar,16764,312,1640,-208,-470,401,735609
2026-05-19 20:05:56,esterno,2408,15480,1560,-242,-1312,-162,78198
2026-05-19 20:05:56,lombar,16672,-32,1772,-381,-227,424,735631
2026-05-19 20:05:56,esterno,2756,15568,1452,-454,-1229,-486,78220
2026-05-19 20:05:56,lombar,16688,-124,1780,-246,-471,397,735653
2026-05-19 20:05:56,esterno,2900,15660,1084,-820,-965,-593,78242
2026-05-19 20:05:56,lombar,16836,-256,1644,-189,-343,399,735675
2026-05-19 20:05:56,esterno,2776,15512,1100,-599,-663,-688,78264
2026-05-19 20:05:56,lombar,16748,-112,1828,-119,-310,372,735697
2026-05-19 20:05:56,esterno,2980,15556,1412,-296,-394,-728,78286
2026-05-19 20:05:56,lombar,16896,-416,1676,34,-275,267,735719
2026-05-19 20:05:56,esterno,3108,15556,1708,-202,-109,-574,78308
2026-05-19 20:05:56,lombar,16568,-160,1540,152,-192,273,735741
2026-05-19 20:05:56,lombar,16560,-184,1468,323,-121,109,735763
2026-05-19 20:05:56,esterno,2980,15440,1148,-28,533,-428,78330
2026-05-19 20:05:56,esterno,3140,15708,2340,-18,308,-352,78352
2026-05-19 20:05:56,lombar,16736,112,1660,381,33,238,735785
2026-05-19 20:05:56,esterno,2820,15884,1988,-250,456,-55,78374
2026-05-19 20:05:56,lombar,16816,128,1456,299,-40,186,735807
2026-05-19 20:05:56,esterno,2264,15388,1816,-209,312,-89,78396
2026-05-19 20:05:56,lombar,16948,264,1552,300,34,114,735829
2026-05-19 20:05:56,esterno,2484,15540,1924,62,742,-115,78418
2026-05-19 20:05:56,lombar,16968,356,1504,378,-84,83,735851
2026-05-19 20:05:56,esterno,2960,15860,2216,136,735,39,78440
2026-05-19 20:05:56,lombar,16756,300,1172,264,-120,227,735873
2026-05-19 20:05:56,esterno,3024,15860,2052,78,878,126,78462
2026-05-19 20:05:56,lombar,16772,392,1240,185,-255,292,735895
2026-05-19 20:05:56,esterno,2644,15860,2420,-156,768,209,78484
2026-05-19 20:05:56,lombar,16720,236,1424,149,-263,324,735917
2026-05-19 20:05:56,esterno,2464,15956,2180,-343,518,390,78506
2026-05-19 20:05:56,lombar,16828,108,1500,245,-149,255,735939
2026-05-19 20:05:57,esterno,2552,15888,1872,-463,364,478,78528
2026-05-19 20:05:57,lombar,16796,188,1772,225,-152,204,735961
2026-05-19 20:05:57,esterno,2352,15664,1704,-708,320,340,78550
2026-05-19 20:05:57,lombar,16704,164,1608,203,-283,258,735983
2026-05-19 20:05:57,esterno,2500,15672,1900,-715,134,254,78572
2026-05-19 20:05:57,lombar,16780,168,1756,140,-418,367,736005
2026-05-19 20:05:57,esterno,2616,15572,1356,-651,224,265,78594
2026-05-19 20:05:57,lombar,16716,100,1884,51,-378,383,736027
2026-05-19 20:05:57,lombar,16792,180,1892,144,-330,378,736049
2026-05-19 20:05:57,esterno,2768,15584,1628,-749,297,246,78616
2026-05-19 20:05:57,lombar,16656,168,1868,129,-384,365,736071
2026-05-19 20:05:57,esterno,2672,15448,1756,-675,389,128,78638
2026-05-19 20:05:57,esterno,2792,15572,1772,-494,233,69,78660
2026-05-19 20:05:57,lombar,16712,36,1908,68,-427,362,736093
2026-05-19 20:05:57,esterno,2812,15600,1884,-601,447,108,78682
2026-05-19 20:05:57,lombar,16528,148,1728,185,-362,298,736115
2026-05-19 20:05:57,esterno,2692,15552,2100,-622,184,63,78704
2026-05-19 20:05:57,lombar,16564,124,1800,74,-441,375,736137
2026-05-19 20:05:57,esterno,2696,15652,2116,-556,101,164,78726
2026-05-19 20:05:57,lombar,16712,140,1660,107,-485,280,736159
2026-05-19 20:05:57,lombar,16760,144,1844,76,-424,359,736181
2026-05-19 20:05:57,esterno,2648,15508,2004,-625,110,185,78748
2026-05-19 20:05:57,esterno,2772,15488,1948,-572,153,55,78770
2026-05-19 20:05:57,lombar,16820,200,1652,121,-476,363,736203
2026-05-19 20:05:57,esterno,2704,15508,2120,-486,159,-7,78792
2026-05-19 20:05:57,lombar,16676,228,1816,122,-444,421,736225
2026-05-19 20:05:57,esterno,2628,15400,2212,-342,192,85,78814
2026-05-19 20:05:57,lombar,16760,132,1776,26,-509,338,736247
2026-05-19 20:05:57,esterno,2648,15372,2272,-209,108,181,78836
2026-05-19 20:05:57,lombar,16708,88,1832,43,-385,302,736269
2026-05-19 20:05:57,esterno,2584,15468,2376,-93,-9,131,78858
2026-05-19 20:05:57,lombar,16616,308,1688,20,-376,412,736291
2026-05-19 20:05:57,lombar,16676,288,1564,57,-304,315,736313
2026-05-19 20:05:57,esterno,2708,15292,2160,0,-83,80,78880
2026-05-19 20:05:57,esterno,2876,15308,1908,61,-99,88,78902
2026-05-19 20:05:57,lombar,16808,292,1508,45,-230,355,736335
2026-05-19 20:05:57,esterno,2824,15452,1916,165,-28,128,78924
2026-05-19 20:05:57,lombar,16908,56,1072,-49,-257,284,736357
2026-05-19 20:05:57,lombar,16868,112,1160,-117,-268,226,736379
2026-05-19 20:05:57,esterno,2836,15544,2324,331,-18,61,78946
2026-05-19 20:05:57,esterno,2704,15620,2524,454,-118,-31,78968
2026-05-19 20:05:57,lombar,16952,-128,1212,42,-176,182,736401
2026-05-19 20:05:57,esterno,2564,15764,2352,490,-272,49,78990
2026-05-19 20:05:57,lombar,16760,88,1220,186,19,109,736423
2026-05-19 20:05:57,esterno,2412,15608,2248,414,-44,21,79012
2026-05-19 20:05:57,lombar,16632,212,1492,162,42,115,736445
2026-05-19 20:05:57,esterno,3128,15932,2360,123,-734,58,79034
2026-05-19 20:05:57,lombar,16860,120,1472,25,-94,114,736467
2026-05-19 20:05:57,esterno,2840,15700,1856,-115,-582,129,79056
2026-05-19 20:05:57,lombar,16772,244,1540,-36,-218,197,736489
2026-05-19 20:05:57,esterno,2812,15504,1636,-17,-322,-126,79078
2026-05-19 20:05:57,lombar,16796,296,1484,33,-232,306,736511
2026-05-19 20:05:57,esterno,3104,15496,1820,141,25,-249,79100
2026-05-19 20:05:57,lombar,16744,272,1428,93,-241,364,736533
2026-05-19 20:05:57,esterno,3420,15580,1792,55,147,-134,79122
2026-05-19 20:05:57,lombar,16776,308,1616,-3,-325,331,736555
2026-05-19 20:05:57,esterno,3500,15496,1532,17,628,15,79144
2026-05-19 20:05:57,lombar,16704,160,1632,81,-254,366,736577
2026-05-19 20:05:57,lombar,16996,12,1416,103,-163,354,736599
2026-05-19 20:05:57,esterno,3204,15772,2128,281,1001,24,79166
2026-05-19 20:05:57,esterno,2808,15720,2180,448,1026,-105,79188
2026-05-19 20:05:57,lombar,17032,56,1228,165,-14,266,736621
2026-05-19 20:05:57,esterno,2524,15632,2088,270,1030,-245,79210
2026-05-19 20:05:57,lombar,16644,104,1572,232,-22,297,736643
2026-05-19 20:05:57,esterno,2268,15572,1976,131,922,-119,79232
2026-05-19 20:05:57,lombar,16500,88,1628,162,-191,376,736665
2026-05-19 20:05:57,esterno,1912,15616,2004,53,282,91,79254
2026-05-19 20:05:57,lombar,16656,340,1744,228,-189,360,736687
2026-05-19 20:05:57,esterno,1888,15644,2180,71,-92,-18,79276
2026-05-19 20:05:57,lombar,16816,488,1908,80,-186,405,736709
2026-05-19 20:05:57,esterno,2380,15672,1580,-30,-192,-233,79298
2026-05-19 20:05:57,lombar,16720,536,1688,-108,-285,536,736731
2026-05-19 20:05:57,esterno,2976,15712,1780,-135,-571,-334,79320
2026-05-19 20:05:57,lombar,16616,312,1860,-279,-471,534,736753
2026-05-19 20:05:57,esterno,3588,15488,1716,-96,-264,-253,79342
2026-05-19 20:05:57,lombar,16600,284,1920,-234,-437,604,736775
2026-05-19 20:05:57,esterno,3948,15360,1180,-470,158,-229,79364
2026-05-19 20:05:57,lombar,16796,200,1876,-195,-351,635,736797
2026-05-19 20:05:57,esterno,3664,15128,1052,-234,704,-319,79386
2026-05-19 20:05:57,lombar,16876,-304,1312,-150,-55,600,736819
2026-05-19 20:05:57,esterno,3340,15620,1484,415,1468,-341,79408
2026-05-19 20:05:57,lombar,16984,-460,1392,106,176,414,736841
2026-05-19 20:05:57,esterno,2936,15976,1988,825,1663,-253,79430
2026-05-19 20:05:57,lombar,16800,-224,1380,603,110,471,736863
2026-05-19 20:05:57,esterno,2244,15820,2168,474,1695,-473,79452
2026-05-19 20:05:57,lombar,16612,-60,1584,755,0,542,736885
2026-05-19 20:05:57,esterno,1728,16160,2176,97,1303,-288,79474
2026-05-19 20:05:57,lombar,16524,260,1712,702,-63,544,736907
2026-05-19 20:05:57,esterno,1312,16068,2280,103,514,-70,79496
2026-05-19 20:05:57,lombar,16588,352,1992,475,-255,532,736929
2026-05-19 20:05:57,esterno,1340,16024,2152,-235,-143,-96,79518
2026-05-19 20:05:58,lombar,16680,584,1664,104,-444,411,736951
2026-05-19 20:05:58,esterno,1796,15896,2084,-472,-616,-33,79540
2026-05-19 20:05:58,lombar,16580,484,1588,-219,-509,389,736973
2026-05-19 20:05:58,lombar,16816,332,1996,-426,-650,415,736995
2026-05-19 20:05:58,esterno,2116,15580,1704,-452,-997,-107,79562
2026-05-19 20:05:58,esterno,2728,15488,1780,-248,-1109,-185,79584
2026-05-19 20:05:58,lombar,16908,204,1756,-444,-589,374,737017
2026-05-19 20:05:58,esterno,3236,15424,1560,-163,-850,-129,79606
2026-05-19 20:05:58,lombar,16720,144,1608,-456,-390,412,737039
2026-05-19 20:05:58,esterno,3640,15488,1408,-228,-313,38,79628
2026-05-19 20:05:58,lombar,16780,-112,1736,-284,-515,390,737061
2026-05-19 20:05:58,esterno,3552,15480,1464,-81,397,118,79650
2026-05-19 20:05:58,lombar,16892,-432,1444,-162,-399,351,737083
2026-05-19 20:05:58,esterno,2800,15736,1420,254,944,-21,79672
2026-05-19 20:05:58,lombar,16612,-520,1412,112,-234,320,737105
2026-05-19 20:05:58,esterno,2236,15524,2324,374,894,-155,79694
2026-05-19 20:05:58,lombar,16596,-280,1684,496,-224,233,737127
2026-05-19 20:05:58,esterno,1896,16012,1872,164,248,288,79716
2026-05-19 20:05:58,lombar,16524,36,1788,558,-202,296,737149
2026-05-19 20:05:58,esterno,1412,15528,1628,-196,-110,382,79738
2026-05-19 20:05:58,lombar,16556,252,1824,358,-78,214,737171
2026-05-19 20:05:58,lombar,16740,408,1756,170,-275,243,737193
2026-05-19 20:05:58,esterno,1700,15752,1632,-167,-144,23,79760
2026-05-19 20:05:58,esterno,2544,15764,1692,-135,-235,-141,79782
2026-05-19 20:05:58,lombar,16892,432,1596,14,-422,295,737215
2026-05-19 20:05:58,esterno,2736,15656,1572,114,-285,-182,79804
2026-05-19 20:05:58,lombar,16760,332,1592,-176,-573,434,737237
2026-05-19 20:05:58,esterno,2652,15612,2104,349,-331,-113,79826
2026-05-19 20:05:58,lombar,16784,136,1228,-202,-551,388,737259
2026-05-19 20:05:58,esterno,2812,15796,1956,400,-487,7,79848
2026-05-19 20:05:58,lombar,16812,124,1460,-194,-291,384,737281
2026-05-19 20:05:58,lombar,16816,-32,1064,-69,-245,347,737303
2026-05-19 20:05:58,esterno,3464,15828,1472,-251,-93,127,79870
2026-05-19 20:05:58,esterno,3504,15340,1096,-207,690,56,79892
2026-05-19 20:05:58,lombar,16924,-248,1424,-57,-172,237,737325
2026-05-19 20:05:58,esterno,3120,15632,1608,-69,1308,-73,79914
2026-05-19 20:05:58,lombar,16916,-292,1196,106,-215,359,737347
2026-05-19 20:05:58,esterno,2752,15628,1796,-138,1628,-100,79936
2026-05-19 20:05:58,lombar,16836,-172,1472,335,-143,294,737369
2026-05-19 20:05:58,esterno,2308,15564,1772,-88,1820,-81,79958
2026-05-19 20:05:58,lombar,16692,-88,1664,510,-164,273,737391
2026-05-19 20:05:58,lombar,16548,120,1684,559,-142,347,737413
2026-05-19 20:05:58,esterno,1700,15600,1556,25,1948,73,79980
2026-05-19 20:05:58,esterno,1744,15564,1856,543,1026,103,80002
2026-05-19 20:05:58,lombar,16736,176,2108,425,-204,298,737435
2026-05-19 20:05:58,esterno,1728,15864,2104,317,661,-21,80024
2026-05-19 20:05:58,lombar,16748,344,1924,358,-334,310,737457
2026-05-19 20:05:58,esterno,1980,15948,1940,-218,8,-110,80046
2026-05-19 20:05:58,lombar,16692,384,1684,108,-479,385,737479
2026-05-19 20:05:58,esterno,2176,15748,1840,197,-501,-193,80068
2026-05-19 20:05:58,lombar,16712,304,1620,-167,-431,411,737501
2026-05-19 20:05:58,esterno,2412,15628,1948,475,-859,24,80090
2026-05-19 20:05:58,lombar,16932,280,1700,-200,-415,353,737523
2026-05-19 20:05:58,esterno,2660,15844,2016,325,-885,79,80112
2026-05-19 20:05:58,lombar,16804,216,1408,-255,-222,373,737545
2026-05-19 20:05:58,esterno,2964,15816,1592,298,-705,169,80134
2026-05-19 20:05:58,lombar,16616,180,1436,-234,-225,473,737567
2026-05-19 20:05:58,esterno,3424,15812,1300,-241,-325,140,80156
2026-05-19 20:05:58,lombar,16680,-132,1544,-115,-363,453,737589
2026-05-19 20:05:58,lombar,16688,-292,1540,-21,-445,402,737611
2026-05-19 20:05:58,esterno,3468,15516,1036,-400,187,125,80178
2026-05-19 20:05:58,esterno,3004,15620,1188,96,823,84,80200
2026-05-19 20:05:58,lombar,16756,-420,1536,161,-453,334,737633
2026-05-19 20:05:58,esterno,2448,15648,1188,112,1151,84,80222
2026-05-19 20:05:58,lombar,16668,-256,1768,353,-463,326,737655
2026-05-19 20:05:58,esterno,2308,15432,1248,160,1237,24,80244
2026-05-19 20:05:58,lombar,16640,-160,1532,616,-333,365,737677
2026-05-19 20:05:58,esterno,2260,15620,1656,347,1090,68,80266
2026-05-19 20:05:58,lombar,16424,96,1616,576,-272,293,737699
2026-05-19 20:05:58,esterno,2208,16084,1616,288,714,312,80288
2026-05-19 20:05:58,lombar,16692,144,2100,412,-536,360,737721
2026-05-19 20:05:58,esterno,1984,15920,1556,81,276,386,80310
2026-05-19 20:05:58,lombar,16940,252,1948,461,-501,253,737743
2026-05-19 20:05:58,esterno,2076,15716,1000,57,282,25,80332
2026-05-19 20:05:58,lombar,16668,392,1628,214,-667,316,737765
2026-05-19 20:05:58,esterno,2500,15660,1740,317,-503,-155,80354
2026-05-19 20:05:58,lombar,16580,272,1648,-40,-769,402,737787
2026-05-19 20:05:58,lombar,16780,-52,1736,-128,-829,257,737809
2026-05-19 20:05:58,esterno,2764,15880,1324,109,-580,63,80376
2026-05-19 20:05:58,esterno,2656,15736,724,-265,-657,88,80398
2026-05-19 20:05:58,lombar,16756,32,1288,-154,-842,180,737831
2026-05-19 20:05:58,esterno,2756,15852,664,-321,-89,39,80420
2026-05-19 20:05:58,lombar,16464,-172,1252,-22,-883,223,737853
2026-05-19 20:05:58,esterno,2916,16212,1152,-475,106,-19,80442
2026-05-19 20:05:58,lombar,16580,-40,1396,78,-1028,236,737875
2026-05-19 20:05:58,esterno,2900,16448,1336,-681,424,-135,80464
2026-05-19 20:05:58,lombar,16772,152,1372,185,-1439,465,737897
2026-05-19 20:05:58,esterno,2700,16024,1284,-1135,740,-302,80486
2026-05-19 20:05:58,lombar,16800,56,1608,227,-1560,493,737919
2026-05-19 20:05:58,esterno,2488,15804,1296,-1371,783,-316,80508
2026-05-19 20:05:58,lombar,16516,-40,1572,299,-1402,494,737941
2026-05-19 20:05:59,esterno,2496,15544,1296,-1339,795,-205,80530
2026-05-19 20:05:59,lombar,16508,96,1392,170,-1290,558,737963
2026-05-19 20:05:59,esterno,2520,15560,1528,-1171,756,-142,80552
2026-05-19 20:05:59,lombar,16636,32,1188,102,-1208,500,737985
2026-05-19 20:05:59,esterno,2360,15708,1728,-1148,726,-150,80574
2026-05-19 20:05:59,lombar,16776,92,1516,153,-1211,387,738007
2026-05-19 20:05:59,esterno,2288,15736,1396,-1192,812,-191,80596
2026-05-19 20:05:59,lombar,16904,104,1392,145,-1331,460,738029
2026-05-19 20:05:59,esterno,2392,15528,1864,-1205,657,-252,80618
2026-05-19 20:05:59,lombar,16792,160,1196,158,-1219,470,738051
2026-05-19 20:05:59,esterno,2460,15372,1968,-1237,723,-331,80640
2026-05-19 20:05:59,lombar,16680,136,692,81,-1156,493,738073
2026-05-19 20:05:59,esterno,2820,15612,2148,-1039,474,-259,80662
2026-05-19 20:05:59,lombar,16676,-156,528,108,-1048,421,738095
2026-05-19 20:05:59,lombar,17024,-136,584,185,-885,422,738117
2026-05-19 20:05:59,esterno,2508,15728,2336,-1139,601,-129,80684
2026-05-19 20:05:59,esterno,2484,15548,2540,-1234,301,-250,80706
2026-05-19 20:05:59,lombar,17104,-64,704,245,-809,282,738139
2026-05-19 20:05:59,esterno,2452,15628,2592,-1229,451,-308,80728
2026-05-19 20:05:59,lombar,16720,108,640,73,-653,261,738161
2026-05-19 20:05:59,esterno,2516,15380,2444,-1174,506,-234,80750
2026-05-19 20:05:59,lombar,16848,-176,684,94,-653,209,738183
2026-05-19 20:05:59,esterno,2372,15176,2396,-1084,583,-390,80772
2026-05-19 20:05:59,lombar,16804,0,448,272,-568,276,738205
2026-05-19 20:05:59,esterno,2428,15368,2456,-902,554,-342,80794
2026-05-19 20:05:59,lombar,16720,188,564,276,-322,309,738227
2026-05-19 20:05:59,esterno,2508,15460,2416,-814,532,-212,80816
2026-05-19 20:05:59,lombar,16712,76,776,177,-578,297,738249
2026-05-19 20:05:59,esterno,2276,15384,2556,-688,469,-207,80838
2026-05-19 20:05:59,lombar,17016,64,860,42,-511,309,738271
2026-05-19 20:05:59,esterno,2308,15540,2768,-498,283,-321,80860
2026-05-19 20:05:59,lombar,16800,208,672,8,-476,342,738293
2026-05-19 20:05:59,esterno,2596,15344,2604,-645,234,-353,80882
2026-05-19 20:05:59,lombar,16776,244,444,95,-370,443,738315
2026-05-19 20:05:59,esterno,3032,15392,2404,-984,381,-333,80904
2026-05-19 20:05:59,lombar,16792,64,664,12,-450,473,738337
2026-05-19 20:05:59,esterno,3192,15216,2072,-625,1040,-228,80926
2026-05-19 20:05:59,lombar,16968,-188,240,32,-362,403,738359
2026-05-19 20:05:59,esterno,2816,15460,2064,-116,1661,-254,80948
2026-05-19 20:05:59,lombar,16932,-216,408,212,-89,213,738381
2026-05-19 20:05:59,esterno,2236,15660,3152,-67,1456,-241,80970
2026-05-19 20:05:59,lombar,16836,-268,548,403,-47,305,738403
2026-05-19 20:05:59,lombar,16784,-232,520,562,-87,349,738425
2026-05-19 20:05:59,esterno,1972,15912,2800,-91,756,56,80992
2026-05-19 20:05:59,esterno,936,15560,2288,-358,868,153,81014
2026-05-19 20:05:59,lombar,16568,-12,508,608,34,290,738447
2026-05-19 20:05:59,esterno,880,15312,2592,-138,759,-200,81036
2026-05-19 20:05:59,lombar,16896,192,780,557,-58,286,738469
2026-05-19 20:05:59,esterno,1416,15572,2832,156,198,-473,81058
2026-05-19 20:05:59,lombar,16956,280,676,323,-16,302,738491
2026-05-19 20:05:59,esterno,2128,15624,2764,-148,-53,-508,81080
2026-05-19 20:05:59,lombar,16752,224,880,72,-158,382,738513
2026-05-19 20:05:59,esterno,2552,15504,2464,-235,-158,-476,81102
2026-05-19 20:05:59,lombar,16740,228,780,-74,-254,392,738535
2026-05-19 20:05:59,esterno,2900,15504,2404,-594,8,-617,81124
2026-05-19 20:05:59,lombar,16756,64,652,-208,16,410,738557
2026-05-19 20:05:59,lombar,16824,-144,500,-103,108,335,738579
2026-05-19 20:05:59,esterno,2708,15300,2292,-452,551,-701,81146
2026-05-19 20:05:59,esterno,2628,15420,2392,-94,1094,-693,81168
2026-05-19 20:05:59,lombar,16984,-336,748,6,174,325,738601
2026-05-19 20:05:59,esterno,2364,15348,2492,402,1341,-559,81190
2026-05-19 20:05:59,lombar,16928,-348,660,168,265,252,738623
2026-05-19 20:05:59,esterno,1632,15792,2528,658,1246,-365,81212
2026-05-19 20:05:59,lombar,16840,-308,876,315,417,69,738645
2026-05-19 20:05:59,esterno,584,15864,3120,25,435,-141,81234
2026-05-19 20:05:59,lombar,16516,-20,824,285,304,41,738667
2026-05-19 20:05:59,esterno,192,15564,2520,-165,-69,-517,81256
2026-05-19 20:05:59,lombar,16604,148,688,220,436,30,738689
2026-05-19 20:05:59,esterno,1328,15360,2784,134,-835,-1021,81278
2026-05-19 20:05:59,lombar,16796,424,1144,298,414,160,738711
2026-05-19 20:05:59,lombar,16860,408,1192,73,-118,370,738733
2026-05-19 20:05:59,esterno,2132,15904,2916,-65,-820,-897,81300
2026-05-19 20:05:59,esterno,2280,15744,2692,-375,-1122,-748,81322
2026-05-19 20:05:59,lombar,16808,480,1108,-300,-460,459,738755
2026-05-19 20:05:59,esterno,2660,15712,2000,-350,-925,-823,81344
2026-05-19 20:05:59,lombar,16576,220,864,-603,-300,329,738777
2026-05-19 20:05:59,esterno,3000,15484,2072,-561,-318,-610,81366
2026-05-19 20:05:59,lombar,16880,100,908,-568,-129,250,738799
2026-05-19 20:05:59,esterno,2624,15392,2116,-221,355,-559,81388
2026-05-19 20:05:59,lombar,17180,-348,696,-384,-219,357,738821
2026-05-19 20:05:59,esterno,2752,15684,2452,206,905,-429,81410
2026-05-19 20:05:59,lombar,16884,-496,640,-151,-43,327,738843
2026-05-19 20:05:59,esterno,2388,15796,2624,230,1211,40,81432
2026-05-19 20:05:59,lombar,16712,-308,668,343,154,243,738865
2026-05-19 20:05:59,lombar,16572,-48,876,596,191,386,738887
2026-05-19 20:05:59,esterno,1308,15720,2800,191,1030,511,81454
2026-05-19 20:05:59,lombar,16784,216,1132,575,71,206,738909
2026-05-19 20:05:59,esterno,152,15776,2876,184,422,728,81476
2026-05-19 20:05:59,esterno,172,15476,2904,560,-304,331,81498
2026-05-19 20:05:59,lombar,16852,676,1028,333,86,246,738931
2026-05-19 20:05:59,esterno,844,15416,2420,565,-576,-49,81520
2026-05-19 20:05:59,lombar,16612,488,936,-73,107,301,738953
2026-05-19 20:06:00,esterno,1784,15712,2436,121,-734,-66,81542
2026-05-19 20:06:00,lombar,16572,64,1372,-451,-113,275,738975
2026-05-19 20:06:00,esterno,2112,15600,1740,132,-461,-332,81564
2026-05-19 20:06:00,lombar,16856,128,1392,-578,-97,206,738997
2026-05-19 20:06:00,esterno,2120,15548,2888,383,-1149,-351,81586
2026-05-19 20:06:00,lombar,16636,0,1592,-473,-79,338,739019
2026-05-19 20:06:00,lombar,16676,28,992,-429,149,370,739041
2026-05-19 20:06:00,esterno,1596,15368,2408,629,-1656,-152,81608
2026-05-19 20:06:00,esterno,1756,15428,1732,317,-1544,-73,81630
2026-05-19 20:06:00,lombar,16744,-200,1076,-437,204,328,739063
2026-05-19 20:06:00,esterno,2176,15672,1748,439,-576,-34,81652
2026-05-19 20:06:00,lombar,16968,-180,1024,-329,224,335,739085
2026-05-19 20:06:00,esterno,2944,15500,2092,790,153,-144,81674
2026-05-19 20:06:00,lombar,16800,-252,1020,-172,253,321,739107
2026-05-19 20:06:00,esterno,2496,15768,1964,1200,855,38,81696
2026-05-19 20:06:00,lombar,16960,-228,1208,13,140,195,739129
2026-05-19 20:06:00,esterno,1188,16092,2436,939,955,520,81718
2026-05-19 20:06:00,lombar,16728,-160,652,196,219,47,739151
2026-05-19 20:06:00,esterno,236,15928,3128,756,120,585,81740
2026-05-19 20:06:00,lombar,16696,24,1044,272,316,90,739173
2026-05-19 20:06:00,lombar,17012,460,1216,301,240,155,739195
2026-05-19 20:06:00,esterno,484,15988,2644,619,-654,205,81762
2026-05-19 20:06:00,esterno,1592,15940,1920,390,-818,-250,81784
2026-05-19 20:06:00,lombar,16724,796,1488,-8,161,214,739217
2026-05-19 20:06:00,esterno,2468,16256,1748,-66,-669,-229,81806
2026-05-19 20:06:00,lombar,16536,408,1412,-542,-159,302,739239
2026-05-19 20:06:00,lombar,16668,96,1416,-597,-270,187,739261
2026-05-19 20:06:00,esterno,2360,15952,1452,-378,-397,-139,81828
2026-05-19 20:06:00,esterno,1980,15360,1556,-472,-200,-360,81850
2026-05-19 20:06:00,lombar,16724,-124,1644,-347,-336,220,739283
2026-05-19 20:06:00,esterno,2236,15308,1580,-585,-69,-378,81872
2026-05-19 20:06:00,lombar,16592,-80,1240,-130,-57,224,739305
2026-05-19 20:06:00,esterno,2972,15496,1788,-310,246,98,81894
2026-05-19 20:06:00,lombar,16600,-104,1484,-75,134,284,739327
2026-05-19 20:06:00,lombar,16984,20,1576,105,252,154,739349
2026-05-19 20:06:00,esterno,2260,15964,2068,-62,477,1085,81916
2026-05-19 20:06:00,esterno,452,15936,1716,-167,65,1779,81938
2026-05-19 20:06:00,lombar,16812,-36,1424,303,448,-25,739371
2026-05-19 20:06:00,esterno,88,15128,1852,574,-198,763,81960
2026-05-19 20:06:00,lombar,16744,-200,1456,262,260,-20,739393
2026-05-19 20:06:00,esterno,2328,15464,1908,567,126,-513,81982
2026-05-19 20:06:00,lombar,16656,220,1508,423,254,-35,739415
2026-05-19 20:06:00,esterno,3952,16260,1692,-338,709,-189,82004
2026-05-19 20:06:00,lombar,16700,464,1308,237,293,57,739437
2026-05-19 20:06:00,esterno,2712,15908,1696,-513,722,750,82026
2026-05-19 20:06:00,lombar,16636,472,1624,114,-6,278,739459
2026-05-19 20:06:00,esterno,788,15556,1872,259,211,693,82048
2026-05-19 20:06:00,lombar,16604,524,1668,134,-82,245,739481
2026-05-19 20:06:00,esterno,836,15320,2008,627,-143,155,82070
2026-05-19 20:06:00,lombar,16528,280,1624,-69,-124,223,739503
2026-05-19 20:06:00,esterno,2312,15500,1616,80,-96,3,82092
2026-05-19 20:06:00,lombar,16640,84,1736,-32,86,190,739525
2026-05-19 20:06:00,esterno,2940,16044,1620,-392,11,172,82114
2026-05-19 20:06:00,lombar,16724,236,1616,27,133,232,739547
2026-05-19 20:06:00,esterno,2852,15796,1600,-42,77,86,82136
2026-05-19 20:06:00,lombar,16616,240,1684,-16,-95,366,739569
2026-05-19 20:06:00,esterno,2508,15280,2240,161,168,-16,82158
2026-05-19 20:06:00,lombar,16668,236,1664,-4,-170,297,739591
2026-05-19 20:06:00,esterno,2068,15864,1788,129,185,520,82180
2026-05-19 20:06:00,lombar,16708,84,1672,-28,-128,162,739613
2026-05-19 20:06:00,esterno,1284,16188,2076,-271,-368,1319,82202
2026-05-19 20:06:00,lombar,16864,104,1536,3,65,126,739635
2026-05-19 20:06:00,esterno,1028,15580,1820,347,-456,983,82224
2026-05-19 20:06:00,lombar,16964,212,1248,116,235,87,739657
2026-05-19 20:06:00,esterno,1816,14676,2064,1002,-255,-3,82246
2026-05-19 20:06:00,lombar,16560,232,1472,129,90,125,739679
2026-05-19 20:06:00,esterno,2144,14860,2240,1153,26,-211,82268
2026-05-19 20:06:00,lombar,16836,344,1504,148,202,206,739701
2026-05-19 20:06:00,esterno,2176,15976,2224,408,-40,192,82290
2026-05-19 20:06:00,lombar,16828,460,1692,16,341,281,739723
2026-05-19 20:06:00,esterno,2100,16500,1692,-271,-416,208,82312
2026-05-19 20:06:00,lombar,17060,504,1372,-119,509,264,739745
2026-05-19 20:06:00,esterno,2412,16352,1832,-8,-457,-380,82334
2026-05-19 20:06:00,lombar,16824,492,1336,-136,486,384,739767
2026-05-19 20:06:00,esterno,2896,16272,1892,-117,-418,-339,82356
2026-05-19 20:06:00,lombar,16764,116,1600,-335,-51,449,739789
2026-05-19 20:06:00,esterno,2768,15736,1468,-410,-307,-22,82378
2026-05-19 20:06:00,lombar,16712,248,2008,-28,-150,398,739811
2026-05-19 20:06:00,esterno,2320,15444,1376,-574,-298,25,82400
2026-05-19 20:06:00,lombar,16448,228,1992,64,-46,370,739833
2026-05-19 20:06:00,esterno,2348,15132,1488,-566,55,-76,82422
2026-05-19 20:06:00,lombar,16468,80,2136,-25,126,327,739855
2026-05-19 20:06:00,esterno,2980,15120,852,-226,769,143,82444
2026-05-19 20:06:00,lombar,16672,140,1712,-56,300,275,739877
2026-05-19 20:06:00,esterno,2416,15676,1768,100,1047,722,82466
2026-05-19 20:06:00,lombar,16888,72,1976,190,394,221,739899
2026-05-19 20:06:00,esterno,1040,16356,1900,63,1214,1363,82488
2026-05-19 20:06:00,lombar,16996,-104,1864,384,503,179,739921
2026-05-19 20:06:00,esterno,880,15788,2176,433,538,1062,82510
2026-05-19 20:06:00,lombar,16964,20,1828,546,521,123,739943
2026-05-19 20:06:01,esterno,1444,15100,2724,879,314,-50,82532
2026-05-19 20:06:01,lombar,16724,232,2008,634,366,229,739965
2026-05-19 20:06:01,esterno,1620,14888,2444,1374,-377,-401,82554
2026-05-19 20:06:01,lombar,16672,440,1936,462,640,153,739987
2026-05-19 20:06:01,esterno,1708,15292,1644,924,-853,-273,82576
2026-05-19 20:06:01,lombar,16680,656,2044,9,970,84,740009
2026-05-19 20:06:01,esterno,3044,16640,1020,-328,-406,-319,82598
2026-05-19 20:06:01,lombar,16916,520,2284,-204,979,-45,740031
2026-05-19 20:06:01,esterno,3872,16652,1224,-943,-64,-608,82620
2026-05-19 20:06:01,lombar,16848,580,2020,-208,752,112,740053
2026-05-19 20:06:01,esterno,3436,15776,1032,53,122,-824,82642
2026-05-19 20:06:01,lombar,16612,468,2228,12,234,337,740075
2026-05-19 20:06:01,esterno,2244,15312,1552,558,100,-333,82664
2026-05-19 20:06:01,lombar,16648,280,2252,234,83,406,740097
2026-05-19 20:06:01,esterno,2092,15256,1184,260,283,5,82686
2026-05-19 20:06:01,lombar,16420,548,2452,280,175,371,740119
2026-05-19 20:06:01,esterno,2636,15556,1140,43,380,234,82708
2026-05-19 20:06:01,lombar,16408,364,2524,89,226,309,740141
2026-05-19 20:06:01,esterno,2552,16008,1332,80,477,467,82730
2026-05-19 20:06:01,lombar,16584,312,2672,16,185,157,740163
2026-05-19 20:06:01,esterno,1824,16420,1680,23,268,578,82752
2026-05-19 20:06:01,lombar,16848,320,2384,34,17,358,740185
2026-05-19 20:06:01,esterno,1084,16204,1700,-253,-119,694,82774
2026-05-19 20:06:01,lombar,16800,292,2476,86,-128,374,740207
2026-05-19 20:06:01,esterno,1012,15608,1436,263,-197,115,82796
2026-05-19 20:06:01,lombar,16584,392,2544,116,-138,289,740229
2026-05-19 20:06:01,esterno,1780,15124,1840,770,-886,-387,82818
2026-05-19 20:06:01,lombar,16612,364,2276,110,-49,258,740251
2026-05-19 20:06:01,esterno,2396,15428,1480,668,-983,-507,82840
2026-05-19 20:06:01,lombar,16400,308,2568,-112,123,303,740273
2026-05-19 20:06:01,esterno,2880,15700,576,121,-667,-353,82862
2026-05-19 20:06:01,lombar,16720,440,2392,-190,134,318,740295
2026-05-19 20:06:01,esterno,2796,16076,668,-159,1,-117,82884
2026-05-19 20:06:01,lombar,16832,456,2480,-191,61,367,740317
2026-05-19 20:06:01,esterno,2796,16072,1052,80,166,-66,82906
2026-05-19 20:06:01,lombar,16908,380,2476,-110,-11,444,740339
2026-05-19 20:06:01,esterno,2576,15832,980,435,407,-146,82928
2026-05-19 20:06:01,lombar,16652,336,2272,26,-174,402,740361
2026-05-19 20:06:01,esterno,2484,15736,828,440,868,-50,82950
2026-05-19 20:06:01,lombar,16500,200,2380,72,-250,418,740383
2026-05-19 20:06:01,esterno,2684,16008,1000,616,1178,294,82972
2026-05-19 20:06:01,lombar,16496,20,2572,97,-166,376,740405
2026-05-19 20:06:01,esterno,2968,15928,736,847,1277,706,82994
2026-05-19 20:06:01,lombar,16780,32,2460,276,67,226,740427
2026-05-19 20:06:01,esterno,2308,15232,860,382,1811,626,83016
2026-05-19 20:06:01,lombar,16608,128,2892,463,-120,298,740449
2026-05-19 20:06:01,esterno,1928,15548,1480,254,1611,517,83038
2026-05-19 20:06:01,lombar,16764,160,2660,705,-205,387,740471
2026-05-19 20:06:01,esterno,1680,15968,1116,398,1643,565,83060
2026-05-19 20:06:01,lombar,16588,376,2548,748,-192,419,740493
2026-05-19 20:06:01,esterno,1732,15564,1336,399,1285,230,83082
2026-05-19 20:06:01,lombar,16524,472,2568,743,-41,328,740515
2026-05-19 20:06:01,esterno,1892,15776,1640,224,698,-45,83104
2026-05-19 20:06:01,lombar,16764,644,2584,551,-26,227,740537
2026-05-19 20:06:01,esterno,2132,16224,1592,242,131,64,83126
2026-05-19 20:06:01,lombar,16616,508,2596,374,-161,210,740559
2026-05-19 20:06:01,esterno,2324,16312,1564,153,-69,5,83148
2026-05-19 20:06:01,lombar,16688,696,2400,86,-484,351,740581
2026-05-19 20:06:01,esterno,2184,15908,1748,29,-581,-125,83170
2026-05-19 20:06:01,lombar,16556,496,2372,-126,-454,376,740603
2026-05-19 20:06:01,esterno,2088,15652,1724,73,-801,-316,83192
2026-05-19 20:06:01,lombar,16700,168,2448,-187,-392,315,740625
2026-05-19 20:06:01,esterno,1872,15608,1708,-99,-880,-331,83214
2026-05-19 20:06:01,lombar,16936,124,2416,-82,-149,344,740647
2026-05-19 20:06:01,esterno,1848,15512,1292,-45,-1085,-450,83236
2026-05-19 20:06:01,lombar,16912,188,2352,-92,188,316,740669
2026-05-19 20:06:01,esterno,1952,15720,1380,276,-1246,-462,83258
2026-05-19 20:06:01,lombar,16876,152,2344,-92,313,239,740691
2026-05-19 20:06:01,esterno,2076,15832,1200,48,-1214,-616,83280
2026-05-19 20:06:01,lombar,16804,224,2360,-160,261,178,740713
2026-05-19 20:06:01,esterno,2276,15940,1024,-261,-1074,-700,83302
2026-05-19 20:06:01,lombar,16672,208,2572,-259,115,145,740735
2026-05-19 20:06:01,esterno,2436,15624,788,-160,-759,-689,83324
2026-05-19 20:06:01,lombar,16620,404,2764,-174,22,207,740757
2026-05-19 20:06:01,esterno,2472,15620,920,-113,-599,-589,83346
2026-05-19 20:06:01,lombar,16548,544,2556,-174,13,345,740779
2026-05-19 20:06:01,esterno,2568,15788,496,-215,-426,-343,83368
2026-05-19 20:06:01,lombar,16676,368,2728,-149,67,265,740801
2026-05-19 20:06:01,esterno,2664,15708,368,-93,-195,-204,83390
2026-05-19 20:06:01,lombar,16528,380,2732,-63,96,273,740823
2026-05-19 20:06:01,esterno,2796,15844,248,183,210,-152,83412
2026-05-19 20:06:01,lombar,16580,424,2832,-69,-117,323,740845
2026-05-19 20:06:01,esterno,3004,15792,808,-5,154,-86,83434
2026-05-19 20:06:01,lombar,16776,640,2992,67,-217,476,740867
2026-05-19 20:06:01,esterno,2812,15960,716,-148,174,174,83456
2026-05-19 20:06:01,lombar,16716,532,2776,123,-37,416,740889
2026-05-19 20:06:01,esterno,2660,15684,396,-18,482,240,83478
2026-05-19 20:06:01,lombar,16592,528,2756,175,-35,497,740911
2026-05-19 20:06:01,esterno,2344,15712,540,215,948,205,83500
2026-05-19 20:06:01,lombar,16572,492,2708,254,-148,534,740933
2026-05-19 20:06:01,esterno,2364,15912,1004,215,877,251,83522
2026-05-19 20:06:01,lombar,16748,524,2708,243,-287,471,740955
2026-05-19 20:06:02,esterno,2108,16040,972,39,834,310,83544
2026-05-19 20:06:02,lombar,16720,400,2828,255,-564,543,740977
2026-05-19 20:06:02,esterno,1832,15716,996,-18,735,213,83566
2026-05-19 20:06:02,lombar,16656,292,2552,260,-562,610,740999
2026-05-19 20:06:02,esterno,1964,15720,948,34,683,143,83588
2026-05-19 20:06:02,lombar,16600,240,2692,119,-600,630,741021
2026-05-19 20:06:02,esterno,2292,15748,744,84,1018,111,83610
2026-05-19 20:06:02,lombar,16748,16,2648,231,-569,549,741043
2026-05-19 20:06:02,esterno,2492,15872,672,-37,1323,148,83632
2026-05-19 20:06:02,lombar,16600,-48,2508,401,-538,513,741065
2026-05-19 20:06:02,esterno,2144,15932,820,126,1430,188,83654
2026-05-19 20:06:02,lombar,16628,72,2456,541,-628,540,741087
2026-05-19 20:06:02,esterno,1752,16036,940,37,1426,91,83676
2026-05-19 20:06:02,lombar,16644,172,2516,715,-496,511,741109
2026-05-19 20:06:02,esterno,1660,15660,940,-240,1163,-64,83698
2026-05-19 20:06:02,lombar,16544,232,2800,591,-608,520,741131
2026-05-19 20:06:02,esterno,2164,15368,812,-494,920,-4,83720
2026-05-19 20:06:02,lombar,16616,176,2832,474,-750,432,741153
2026-05-19 20:06:02,esterno,2700,15328,820,7,995,289,83742
2026-05-19 20:06:02,lombar,16668,344,2556,333,-686,405,741175
2026-05-19 20:06:02,esterno,2232,15760,1072,507,1084,644,83764
2026-05-19 20:06:02,lombar,16876,340,2324,272,-299,365,741197
2026-05-19 20:06:02,esterno,1136,16048,1164,567,674,705,83786
2026-05-19 20:06:02,lombar,16688,176,2340,306,37,278,741219
2026-05-19 20:06:02,esterno,812,16332,1488,451,254,485,83808
2026-05-19 20:06:02,lombar,16976,220,2536,257,-22,234,741241
2026-05-19 20:06:02,esterno,1524,16152,1364,293,-114,-27,83830
2026-05-19 20:06:02,lombar,16680,476,2468,220,-145,262,741263
2026-05-19 20:06:02,esterno,2792,15856,932,271,-288,-228,83852
2026-05-19 20:06:02,lombar,16448,476,2536,-10,-270,329,741285
2026-05-19 20:06:02,esterno,2804,16056,624,-164,-360,-176,83874
2026-05-19 20:06:02,lombar,16564,368,2776,-135,-267,315,741307
2026-05-19 20:06:02,esterno,2364,16136,644,-535,-446,-50,83896
2026-05-19 20:06:02,lombar,16600,204,2688,-180,-405,359,741329
2026-05-19 20:06:02,esterno,1972,15848,576,-512,-670,15,83918
2026-05-19 20:06:02,lombar,16620,236,2664,-69,-434,392,741351
2026-05-19 20:06:02,esterno,1840,15532,760,-333,-1123,-106,83940
2026-05-19 20:06:02,lombar,16500,152,2732,-89,-686,388,741373
2026-05-19 20:06:02,esterno,2384,15252,912,-387,-1131,-168,83962
2026-05-19 20:06:02,lombar,16548,180,2656,-23,-538,405,741395
2026-05-19 20:06:02,esterno,3144,15200,696,-503,-621,59,83984
2026-05-19 20:06:02,lombar,16752,208,2616,-63,-253,270,741417
2026-05-19 20:06:02,esterno,3568,15712,656,-203,276,588,84006
2026-05-19 20:06:02,lombar,16864,152,2400,-165,145,228,741439
2026-05-19 20:06:02,esterno,1980,16252,1380,-155,188,1397,84028
2026-05-19 20:06:02,lombar,17024,-84,2372,101,400,32,741461
2026-05-19 20:06:02,esterno,300,15992,676,507,-236,1388,84050
2026-05-19 20:06:02,lombar,16888,-128,2352,308,301,-36,741483
2026-05-19 20:06:02,esterno,380,15740,812,878,-137,108,84072
2026-05-19 20:06:02,lombar,16700,216,2572,446,273,8,741505
2026-05-19 20:06:02,esterno,2236,15540,836,435,-19,-570,84094
2026-05-19 20:06:02,lombar,16612,484,2620,420,200,93,741527
2026-05-19 20:06:02,lombar,16496,656,3044,68,-101,198,741549
2026-05-19 20:06:02,esterno,3320,15868,872,154,-297,-515,84116
2026-05-19 20:06:02,esterno,3132,16248,692,-222,-428,-248,84138
2026-05-19 20:06:02,lombar,16480,780,2876,-215,-417,211,741571
2026-05-19 20:06:02,esterno,2592,16256,700,-655,-450,-159,84160
2026-05-19 20:06:02,lombar,16464,512,2744,-309,-417,293,741593
2026-05-19 20:06:02,esterno,2304,15788,704,-715,-768,-354,84182
2026-05-19 20:06:02,lombar,16484,344,2852,-348,-587,391,741615
2026-05-19 20:06:02,esterno,2568,15196,496,-600,-1181,-302,84204
2026-05-19 20:06:02,lombar,16516,360,2708,-127,-560,401,741637
2026-05-19 20:06:02,esterno,2836,14800,260,-216,-1066,-58,84226
2026-05-19 20:06:02,lombar,16540,240,2748,-225,-540,381,741659
2026-05-19 20:06:02,esterno,3204,15624,428,62,-155,244,84248
2026-05-19 20:06:02,lombar,16852,152,2388,-275,-92,264,741681
2026-05-19 20:06:02,esterno,2400,16832,844,-81,274,1465,84270
2026-05-19 20:06:02,lombar,17172,52,2404,68,260,159,741703
2026-05-19 20:06:02,esterno,980,16772,1156,424,63,1855,84292
2026-05-19 20:06:02,lombar,16956,-116,2520,363,186,49,741725
2026-05-19 20:06:02,esterno,864,15896,1028,686,365,-101,84314
2026-05-19 20:06:02,lombar,16564,68,2332,449,-220,99,741747
2026-05-19 20:06:02,esterno,2188,15016,1036,897,263,-1073,84336
2026-05-19 20:06:02,lombar,16348,436,2584,374,-449,152,741769
2026-05-19 20:06:02,esterno,2636,15480,1212,-294,188,-524,84358
2026-05-19 20:06:02,lombar,16388,500,2788,351,-338,223,741791
2026-05-19 20:06:02,esterno,2420,15920,692,-1257,-52,273,84380
2026-05-19 20:06:02,lombar,16752,484,2744,33,-300,197,741813
2026-05-19 20:06:02,esterno,2316,15912,520,-615,-361,-82,84402
2026-05-19 20:06:02,lombar,16740,548,2912,-224,-542,168,741835
2026-05-19 20:06:02,lombar,16828,696,2828,-205,-525,244,741857
2026-05-19 20:06:02,esterno,3188,16432,544,-525,-410,-669,84424
2026-05-19 20:06:02,esterno,3840,16168,652,-1145,-443,-609,84446
2026-05-19 20:06:02,lombar,16600,592,2612,-111,-556,360,741879
2026-05-19 20:06:02,esterno,3956,15420,160,-872,-308,-164,84468
2026-05-19 20:06:02,lombar,16464,380,2828,-3,-685,510,741901
2026-05-19 20:06:02,esterno,3672,14976,264,-329,90,362,84490
2026-05-19 20:06:02,lombar,16424,532,2872,70,-535,426,741923
2026-05-19 20:06:02,esterno,3444,15052,500,-205,842,803,84512
2026-05-19 20:06:02,lombar,16616,544,2592,111,-143,387,741945
2026-05-19 20:06:03,esterno,3080,15996,880,-44,1347,1491,84534
2026-05-19 20:06:03,lombar,16868,348,2740,268,143,366,741967
2026-05-19 20:06:03,esterno,1432,16636,1380,423,952,2311,84556
2026-05-19 20:06:03,lombar,16992,24,2188,503,146,285,741989
2026-05-19 20:06:03,esterno,324,16172,1436,693,531,1362,84578
2026-05-19 20:06:03,lombar,16732,-112,2224,617,-121,212,742011
2026-05-19 20:06:03,esterno,1012,15392,984,836,725,-381,84600
2026-05-19 20:06:03,lombar,16460,284,2716,574,-354,254,742033
2026-05-19 20:06:03,esterno,2264,15624,1296,415,391,-911,84622
2026-05-19 20:06:03,lombar,16448,660,2672,423,-278,257,742055
2026-05-19 20:06:03,esterno,3092,16072,1212,-418,-143,-205,84644
2026-05-19 20:06:03,lombar,16576,572,2684,89,-256,327,742077
2026-05-19 20:06:03,esterno,2152,15668,724,-316,-439,1,84666
2026-05-19 20:06:03,lombar,16584,460,2728,-107,-358,197,742099
2026-05-19 20:06:03,esterno,1952,15532,480,-231,-422,-654,84688
2026-05-19 20:06:03,lombar,16652,420,2624,-194,-370,245,742121
2026-05-19 20:06:03,esterno,3168,16060,572,-786,-376,-839,84710
2026-05-19 20:06:03,lombar,16768,548,2644,-96,-407,362,742143
2026-05-19 20:06:03,esterno,4220,15908,24,-896,-257,-517,84732
2026-05-19 20:06:03,lombar,16680,552,2652,-29,-507,502,742165
2026-05-19 20:06:03,esterno,4084,15464,504,-460,116,-154,84754
2026-05-19 20:06:03,lombar,16576,588,2392,-1,-425,550,742187
2026-05-19 20:06:03,esterno,3144,15480,1192,-284,369,410,84776
2026-05-19 20:06:03,lombar,16632,424,2624,-86,-226,469,742209
2026-05-19 20:06:03,esterno,1936,15980,748,-21,413,1293,84798
2026-05-19 20:06:03,lombar,16808,284,2404,-19,-22,268,742231
2026-05-19 20:06:03,esterno,516,16568,1152,531,185,1453,84820
2026-05-19 20:06:03,lombar,16996,148,2348,142,106,106,742253
2026-05-19 20:06:03,esterno,1080,16124,1208,380,-66,207,84842
2026-05-19 20:06:03,lombar,16536,188,2612,209,-245,139,742275
2026-05-19 20:06:03,esterno,2984,15464,460,314,339,-917,84864
2026-05-19 20:06:03,lombar,16392,484,2448,129,-516,225,742297
2026-05-19 20:06:03,esterno,3568,15376,408,-241,547,-717,84886
2026-05-19 20:06:03,lombar,16384,560,2708,51,-490,322,742319
2026-05-19 20:06:03,esterno,2536,15424,628,-857,728,-138,84908
2026-05-19 20:06:03,lombar,16568,264,2776,56,-408,334,742341
2026-05-19 20:06:03,esterno,1936,15440,980,-134,118,10,84930
2026-05-19 20:06:03,lombar,16728,364,2712,87,-384,387,742363
2026-05-19 20:06:03,esterno,2144,16152,1060,275,-159,-391,84952
2026-05-19 20:06:03,lombar,16780,500,2600,60,-348,355,742385
2026-05-19 20:06:03,esterno,3212,16376,940,-532,-392,-503,84974
2026-05-19 20:06:03,lombar,16780,564,2652,29,-262,360,742407
2026-05-19 20:06:03,esterno,4024,16112,536,-955,-463,-507,84996
2026-05-19 20:06:03,lombar,16700,724,2884,-13,-513,519,742429
2026-05-19 20:06:03,esterno,4220,15264,292,-711,-297,-137,85018
2026-05-19 20:06:03,lombar,16424,660,2656,-76,-640,618,742451
2026-05-19 20:06:03,esterno,3680,14936,744,-564,261,288,85040
2026-05-19 20:06:03,lombar,16516,448,2304,-154,-285,493,742473
2026-05-19 20:06:03,esterno,3044,15656,864,-649,958,1063,85062
2026-05-19 20:06:03,lombar,16760,56,2392,-31,81,375,742495
2026-05-19 20:06:03,esterno,1724,16424,1036,205,1084,1913,85084
2026-05-19 20:06:03,lombar,17092,-280,2160,346,198,311,742517
2026-05-19 20:06:03,esterno,812,16452,1320,919,935,1239,85106
2026-05-19 20:06:03,lombar,16864,-60,2536,637,44,207,742539
2026-05-19 20:06:03,esterno,1384,15844,1448,535,941,-186,85128
2026-05-19 20:06:03,lombar,16600,272,2520,715,-230,287,742561
2026-05-19 20:06:03,esterno,1996,15368,1168,556,720,-640,85150
2026-05-19 20:06:03,lombar,16356,476,2720,448,-291,395,742583
2026-05-19 20:06:03,esterno,2036,15224,928,-201,610,-619,85172
2026-05-19 20:06:03,lombar,16428,536,2920,169,-219,303,742605
2026-05-19 20:06:03,esterno,2112,15364,804,-713,487,-519,85194
2026-05-19 20:06:03,lombar,16432,260,2808,-124,-284,173,742627
2026-05-19 20:06:03,esterno,2536,15760,92,-308,445,-536,85216
2026-05-19 20:06:03,lombar,16724,268,2724,-180,-177,103,742649
2026-05-19 20:06:03,esterno,3188,16320,872,-385,-243,-763,85238
2026-05-19 20:06:03,lombar,17016,392,2780,-63,-369,179,742671
2026-05-19 20:06:03,esterno,3636,16608,668,-604,-551,-602,85260
2026-05-19 20:06:03,lombar,16752,536,2560,103,-386,324,742693
2026-05-19 20:06:03,lombar,16576,804,2656,112,-442,433,742715
2026-05-19 20:06:03,esterno,3720,15412,132,-765,-428,-509,85282
2026-05-19 20:06:03,esterno,3488,15152,428,-502,-15,-200,85304
2026-05-19 20:06:03,lombar,16416,744,2504,38,-281,465,742737
2026-05-19 20:06:03,esterno,3052,15324,900,-451,66,526,85326
2026-05-19 20:06:03,lombar,16604,564,2632,38,-228,339,742759
2026-05-19 20:06:03,esterno,2264,15896,628,-77,264,1346,85348
2026-05-19 20:06:03,lombar,16868,540,2436,51,-193,326,742781
2026-05-19 20:06:03,esterno,1224,16756,1676,504,171,1678,85370
2026-05-19 20:06:03,lombar,16912,184,2436,181,-199,309,742803
2026-05-19 20:06:03,esterno,856,16724,1464,521,-76,720,85392
2026-05-19 20:06:03,lombar,16716,260,2568,250,-313,260,742825
2026-05-19 20:06:03,esterno,1956,15468,1056,485,-87,-539,85414
2026-05-19 20:06:03,lombar,16400,528,2756,141,-529,286,742847
2026-05-19 20:06:03,esterno,2576,15200,1048,234,-35,-968,85436
2026-05-19 20:06:03,lombar,16368,336,2584,-42,-672,392,742869
2026-05-19 20:06:03,esterno,2488,15116,760,-625,-9,-618,85458
2026-05-19 20:06:03,lombar,16456,200,2876,-83,-677,352,742891
2026-05-19 20:06:03,esterno,2272,15476,240,-456,-21,-274,85480
2026-05-19 20:06:03,lombar,16828,304,2628,-89,-325,387,742913
2026-05-19 20:06:03,esterno,2784,15960,420,-231,-151,-275,85502
2026-05-19 20:06:03,lombar,16864,504,2468,-100,-268,371,742935
2026-05-19 20:06:03,esterno,3552,16512,812,-826,-96,-615,85524
2026-05-19 20:06:04,lombar,16960,340,2508,-70,-313,362,742957
2026-05-19 20:06:04,esterno,4108,16216,524,-800,-250,-699,85546
2026-05-19 20:06:04,lombar,16668,380,2644,44,-530,536,742979
2026-05-19 20:06:04,esterno,3468,15504,996,-748,-324,-317,85568
2026-05-19 20:06:04,lombar,16408,436,2628,64,-751,559,743001
2026-05-19 20:06:04,esterno,2544,15224,748,-738,-407,431,85590
2026-05-19 20:06:04,lombar,16492,280,2564,-24,-375,390,743023
2026-05-19 20:06:04,esterno,2692,15124,956,-627,351,767,85612
2026-05-19 20:06:04,lombar,16576,204,2364,73,-102,244,743045
2026-05-19 20:06:04,esterno,3176,15992,984,-121,833,1222,85634
2026-05-19 20:06:04,lombar,16944,60,2276,353,11,284,743067
2026-05-19 20:06:04,esterno,2104,16696,1320,370,928,1557,85656
2026-05-19 20:06:04,lombar,16968,236,2256,594,102,436,743089
2026-05-19 20:06:04,esterno,856,16528,1672,574,737,958,85678
2026-05-19 20:06:04,lombar,16812,272,2352,639,-123,247,743111
2026-05-19 20:06:04,esterno,1144,15640,1588,642,372,-193,85700
2026-05-19 20:06:04,lombar,16492,420,2664,434,-409,267,743133
2026-05-19 20:06:04,esterno,1948,14864,1232,792,76,-891,85722
2026-05-19 20:06:04,lombar,16232,612,2620,162,-555,283,743155
2026-05-19 20:06:04,esterno,2400,14980,636,-370,275,-963,85744
2026-05-19 20:06:04,lombar,16292,412,2684,-79,-359,221,743177
2026-05-19 20:06:04,esterno,2960,15872,376,-1150,325,-471,85766
2026-05-19 20:06:04,lombar,16936,468,2696,-191,-146,176,743199
2026-05-19 20:06:04,esterno,3644,16312,544,-928,-120,-397,85788
2026-05-19 20:06:04,lombar,16828,504,2660,-210,-233,331,743221
2026-05-19 20:06:04,esterno,4012,16252,412,-465,-102,-682,85810
2026-05-19 20:06:04,lombar,16700,300,2664,-107,-561,465,743243
2026-05-19 20:06:04,esterno,3076,15484,1108,-311,-784,-728,85832
2026-05-19 20:06:04,lombar,16400,436,2772,74,-687,559,743265
2026-05-19 20:06:04,esterno,2456,14932,68,773,-1143,-1276,85854
2026-05-19 20:06:04,lombar,16372,620,2808,83,-518,509,743287
2026-05-19 20:06:04,esterno,3268,15432,824,1637,-23,-1351,85876
2026-05-19 20:06:04,lombar,16756,624,2488,-1,-86,372,743309
2026-05-19 20:06:04,esterno,3588,15400,672,-115,821,1280,85898
2026-05-19 20:06:04,lombar,17092,444,2104,90,390,290,743331
2026-05-19 20:06:04,esterno,1920,16832,1404,-116,1335,2497,85920
2026-05-19 20:06:04,lombar,17092,20,2264,288,102,251,743353
2026-05-19 20:06:04,esterno,724,17300,1416,1754,1105,1437,85942
2026-05-19 20:06:04,lombar,16704,-188,2328,417,-351,211,743375
2026-05-19 20:06:04,esterno,880,15592,1572,613,983,-548,85964
2026-05-19 20:06:04,lombar,16380,400,2368,486,-684,499,743397
2026-05-19 20:06:04,esterno,2092,14784,1484,43,365,-931,85986
2026-05-19 20:06:04,lombar,16160,700,2576,324,-579,405,743419
2026-05-19 20:06:04,esterno,2656,15408,724,-635,-79,-357,86008
2026-05-19 20:06:04,lombar,16644,588,2692,-122,-423,349,743441
2026-05-19 20:06:04,esterno,2960,16060,388,-1213,-259,368,86030
2026-05-19 20:06:04,lombar,16980,408,2504,-295,-390,319,743463
2026-05-19 20:06:04,esterno,3292,16484,548,-1483,-189,258,86052
2026-05-19 20:06:04,lombar,16924,444,2332,-117,-490,516,743485
2026-05-19 20:06:04,esterno,3712,16040,312,-1232,67,-206,86074
2026-05-19 20:06:04,lombar,16688,420,2648,46,-778,605,743507
2026-05-19 20:06:04,esterno,2928,15344,764,-791,-202,-157,86096
2026-05-19 20:06:04,lombar,16520,280,2720,99,-699,541,743529
2026-05-19 20:06:04,esterno,1972,14972,504,-561,-70,199,86118
2026-05-19 20:06:04,lombar,16628,60,2288,77,-330,243,743551
2026-05-19 20:06:04,esterno,2420,15244,904,-762,-145,297,86140
2026-05-19 20:06:04,lombar,16576,152,2620,156,18,195,743573
2026-05-19 20:06:04,esterno,3444,15656,852,-552,710,199,86162
2026-05-19 20:06:04,lombar,16768,236,2588,363,-56,276,743595
2026-05-19 20:06:04,esterno,3436,16036,1320,-114,1052,439,86184
2026-05-19 20:06:04,lombar,16848,160,2176,436,2,368,743617
2026-05-19 20:06:04,esterno,2312,16244,1276,278,1088,854,86206
2026-05-19 20:06:04,lombar,16824,100,2256,421,-55,281,743639
2026-05-19 20:06:04,esterno,1124,16328,1332,89,1130,487,86228
2026-05-19 20:06:04,lombar,16728,368,2280,536,-178,197,743661
2026-05-19 20:06:04,esterno,1796,15748,1264,61,1102,-809,86250
2026-05-19 20:06:04,lombar,16432,732,2568,402,-427,347,743683
2026-05-19 20:06:04,esterno,2632,15468,1136,118,583,-1389,86272
2026-05-19 20:06:04,lombar,16380,780,2456,177,-653,497,743705
2026-05-19 20:06:04,esterno,3008,15320,1008,-500,515,-1088,86294
2026-05-19 20:06:04,lombar,16440,848,2632,22,-567,530,743727
2026-05-19 20:06:04,esterno,3184,16136,552,-881,468,-533,86316
2026-05-19 20:06:04,lombar,16832,800,2512,-288,-518,558,743749
2026-05-19 20:06:04,esterno,3416,16156,644,-1191,167,-758,86338
2026-05-19 20:06:04,lombar,16644,492,2736,-246,-703,623,743771
2026-05-19 20:06:04,esterno,3376,15816,756,-1316,-370,-1163,86360
2026-05-19 20:06:04,lombar,16680,376,2604,-132,-956,809,743793
2026-05-19 20:06:04,esterno,2492,15392,1556,-993,-800,-940,86382
2026-05-19 20:06:04,lombar,16648,52,2416,-76,-901,797,743815
2026-05-19 20:06:04,esterno,2308,14944,1092,-882,-593,-468,86404
2026-05-19 20:06:04,lombar,16568,0,2488,42,-573,620,743837
2026-05-19 20:06:04,esterno,2924,15256,860,-525,313,-103,86426
2026-05-19 20:06:04,lombar,16864,200,2280,211,-244,594,743859
2026-05-19 20:06:04,esterno,2868,16252,1688,16,313,677,86448
2026-05-19 20:06:04,lombar,16948,128,2016,253,123,651,743881
2026-05-19 20:06:04,esterno,1492,16828,1620,778,561,1335,86470
2026-05-19 20:06:04,lombar,16992,-196,2152,280,92,538,743903
2026-05-19 20:06:04,esterno,-168,16068,1720,669,459,466,86492
2026-05-19 20:06:04,lombar,16964,-248,2152,362,-189,340,743925
2026-05-19 20:06:04,esterno,448,15364,1796,256,427,-832,86514
2026-05-19 20:06:04,lombar,16588,140,2344,399,-418,426,743947
2026-05-19 20:06:05,esterno,2008,15264,2028,571,-107,-1267,86536
2026-05-19 20:06:05,lombar,16408,492,2184,154,-339,400,743969
2026-05-19 20:06:05,esterno,3004,15928,1128,42,-225,-801,86558
2026-05-19 20:06:05,lombar,16576,384,2496,-210,-215,437,743991
2026-05-19 20:06:05,esterno,2780,16172,1000,-798,-44,-200,86580
2026-05-19 20:06:05,lombar,16804,216,2544,-389,-124,347,744013
2026-05-19 20:06:05,esterno,3108,16280,800,-850,-206,-356,86602
2026-05-19 20:06:05,lombar,16760,280,2400,-345,-189,380,744035
2026-05-19 20:06:05,esterno,3136,16040,812,-588,-405,-590,86624
2026-05-19 20:06:05,lombar,16600,124,2476,-151,-342,503,744057
2026-05-19 20:06:05,esterno,2076,15568,636,-614,-727,-225,86646
2026-05-19 20:06:05,lombar,16448,-28,2452,28,-381,540,744079
2026-05-19 20:06:05,esterno,1672,15328,1088,-496,-752,132,86668
2026-05-19 20:06:05,lombar,16632,44,2444,190,-104,485,744101
2026-05-19 20:06:05,esterno,2244,15068,1156,-353,-8,230,86690
2026-05-19 20:06:05,lombar,16708,328,2720,272,253,355,744123
2026-05-19 20:06:05,esterno,3324,15564,1160,-104,739,575,86712
2026-05-19 20:06:05,lombar,16792,216,2460,351,373,307,744145
2026-05-19 20:06:05,esterno,2436,16516,1440,188,723,1527,86734
2026-05-19 20:06:05,lombar,17000,4,2200,386,493,221,744167
2026-05-19 20:06:05,esterno,528,16908,1752,825,541,1917,86756
2026-05-19 20:06:05,lombar,17092,-252,2300,479,286,7,744189
2026-05-19 20:06:05,lombar,16772,20,2196,527,-131,37,744211
2026-05-19 20:06:05,esterno,-236,15800,2104,543,343,277,86778
2026-05-19 20:06:05,esterno,1656,15180,1624,666,-56,-1106,86800
2026-05-19 20:06:05,lombar,16300,256,2316,355,-283,37,744233
2026-05-19 20:06:05,esterno,3204,15468,1300,-225,-55,-935,86822
2026-05-19 20:06:05,lombar,16252,416,2704,161,-353,162,744255
2026-05-19 20:06:05,esterno,3408,15828,844,-909,-109,141,86844
2026-05-19 20:06:05,lombar,16660,536,2720,-108,-337,235,744277
2026-05-19 20:06:05,esterno,2876,15868,844,-557,-183,242,86866
2026-05-19 20:06:05,lombar,16896,472,2648,-316,-302,255,744299
2026-05-19 20:06:05,esterno,2960,16244,1056,-309,-168,-396,86888
2026-05-19 20:06:05,lombar,16800,132,2392,-281,-465,227,744321
2026-05-19 20:06:05,esterno,3040,16204,1224,-605,-532,-460,86910
2026-05-19 20:06:05,lombar,16592,-92,2588,16,-573,396,744343
2026-05-19 20:06:05,esterno,2828,15372,680,-646,-736,-94,86932
2026-05-19 20:06:05,lombar,16580,56,2584,288,-502,352,744365
2026-05-19 20:06:05,esterno,2664,14800,812,-331,-676,136,86954
2026-05-19 20:06:05,lombar,16396,308,2464,243,-195,236,744387
2026-05-19 20:06:05,esterno,3508,15112,828,-319,231,356,86976
2026-05-19 20:06:05,lombar,16740,328,2524,160,90,155,744409
2026-05-19 20:06:05,esterno,3232,16436,1340,-114,738,1471,86998
2026-05-19 20:06:05,lombar,16976,244,2396,301,121,34,744431
2026-05-19 20:06:05,esterno,1040,17080,1388,732,590,2424,87020
2026-05-19 20:06:05,lombar,16956,108,2212,467,38,67,744453
2026-05-19 20:06:05,esterno,-736,15984,2140,1177,598,763,87042
2026-05-19 20:06:05,lombar,16916,168,2284,628,-261,130,744475
2026-05-19 20:06:05,esterno,1044,15344,1656,621,137,-1194,87064
2026-05-19 20:06:05,lombar,16644,420,2512,350,-553,217,744497
2026-05-19 20:06:05,esterno,3168,15248,1276,262,-169,-1443,87086
2026-05-19 20:06:05,lombar,16196,644,2400,164,-403,81,744519
2026-05-19 20:06:05,esterno,3936,15732,572,-962,30,-624,87108
2026-05-19 20:06:05,lombar,16468,724,2656,-97,-409,237,744541
2026-05-19 20:06:05,esterno,3544,15840,680,-895,108,204,87130
2026-05-19 20:06:05,lombar,16872,624,2632,-389,-469,474,744563
2026-05-19 20:06:05,esterno,2980,16096,844,-432,-159,-49,87152
2026-05-19 20:06:05,lombar,16744,428,2532,-382,-544,505,744585
2026-05-19 20:06:05,esterno,2712,16160,896,-592,-230,-357,87174
2026-05-19 20:06:05,lombar,16616,184,2476,-170,-620,527,744607
2026-05-19 20:06:05,esterno,2756,15468,1008,-550,-548,-185,87196
2026-05-19 20:06:05,lombar,16440,48,2552,117,-660,541,744629
2026-05-19 20:06:05,esterno,2952,15020,560,-433,-431,114,87218
2026-05-19 20:06:05,lombar,16604,428,2924,309,-464,435,744651
2026-05-19 20:06:05,lombar,16700,412,2444,293,-197,358,744673
2026-05-19 20:06:05,esterno,3420,15236,884,-281,398,468,87240
2026-05-19 20:06:05,esterno,3024,16088,1420,-208,855,1273,87262
2026-05-19 20:06:05,lombar,16924,244,2420,192,-44,375,744695
2026-05-19 20:06:05,esterno,1372,16784,1344,426,632,2109,87284
2026-05-19 20:06:05,lombar,16996,44,2368,224,-183,287,744717
2026-05-19 20:06:05,esterno,-224,16104,2056,816,316,1114,87306
2026-05-19 20:06:05,lombar,17024,0,2168,372,-305,274,744739
2026-05-19 20:06:05,esterno,456,15232,1508,511,239,-666,87328
2026-05-19 20:06:05,lombar,16468,280,2472,283,-502,272,744761
2026-05-19 20:06:05,esterno,3004,15300,1208,51,-114,-1274,87350
2026-05-19 20:06:05,lombar,16328,300,2456,83,-466,227,744783
2026-05-19 20:06:05,esterno,4404,15860,1152,-951,314,-604,87372
2026-05-19 20:06:05,lombar,16576,276,2628,-75,-420,261,744805
2026-05-19 20:06:05,esterno,4016,15852,792,-895,168,299,87394
2026-05-19 20:06:05,lombar,16812,204,2508,-250,-544,337,744827
2026-05-19 20:06:05,esterno,3008,16020,980,-459,119,90,87416
2026-05-19 20:06:05,lombar,16792,76,2460,-162,-636,373,744849
2026-05-19 20:06:05,lombar,16720,88,2404,119,-708,444,744871
2026-05-19 20:06:05,esterno,2500,16060,1220,-660,39,-253,87438
2026-05-19 20:06:05,esterno,2512,15368,1084,-320,-200,-274,87460
2026-05-19 20:06:05,lombar,16564,104,2604,460,-556,426,744893
2026-05-19 20:06:05,esterno,3120,15068,1112,-261,-125,53,87482
2026-05-19 20:06:05,lombar,16548,632,2784,569,-405,368,744915
2026-05-19 20:06:05,esterno,3408,15308,1152,-484,374,584,87504
2026-05-19 20:06:05,lombar,16732,728,2240,274,-201,328,744937
2026-05-19 20:06:06,esterno,2828,15840,1360,-413,705,1198,87526
2026-05-19 20:06:06,lombar,17028,480,2196,119,11,345,744959
2026-05-19 20:06:06,esterno,1444,16648,1680,481,316,1702,87548
2026-05-19 20:06:06,lombar,17056,204,1940,90,43,287,744981
2026-05-19 20:06:06,esterno,444,16636,2132,419,23,1037,87570
2026-05-19 20:06:06,lombar,16868,52,2056,3,-218,184,745003
2026-05-19 20:06:06,esterno,1628,15696,1580,185,-19,-324,87592
2026-05-19 20:06:06,lombar,16636,128,2196,-6,-455,293,745025
2026-05-19 20:06:06,esterno,3480,15368,1316,321,-260,-982,87614
2026-05-19 20:06:06,lombar,16272,352,2312,56,-686,310,745047
2026-05-19 20:06:06,esterno,3800,14976,920,-363,290,-777,87636
2026-05-19 20:06:06,lombar,16280,428,2476,-125,-697,484,745069
2026-05-19 20:06:06,esterno,3120,14992,1104,-589,-316,-80,87658
2026-05-19 20:06:06,lombar,16720,140,2408,-166,-582,328,745091
2026-05-19 20:06:06,esterno,2108,15328,848,-297,-458,81,87680
2026-05-19 20:06:06,lombar,16884,220,2252,-130,-344,326,745113
2026-05-19 20:06:06,esterno,2544,15840,924,-273,190,-502,87702
2026-05-19 20:06:06,lombar,17072,308,1888,13,-194,349,745135
2026-05-19 20:06:06,esterno,3772,16292,916,-144,208,-825,87724
2026-05-19 20:06:06,lombar,16984,364,2116,44,-204,432,745157
2026-05-19 20:06:06,esterno,3948,16080,1244,-57,46,-552,87746
2026-05-19 20:06:06,lombar,16832,276,2488,124,-401,462,745179
2026-05-19 20:06:06,esterno,2828,15488,1204,-167,174,148,87768
2026-05-19 20:06:06,lombar,16508,316,2204,234,-158,420,745201
2026-05-19 20:06:06,esterno,1716,15460,1444,-231,229,746,87790
2026-05-19 20:06:06,lombar,16644,296,2144,190,-63,259,745223
2026-05-19 20:06:06,esterno,2112,15988,1400,-546,205,705,87812
2026-05-19 20:06:06,lombar,16764,236,2164,189,-165,165,745245
2026-05-19 20:06:06,esterno,3168,15716,1140,-545,545,-104,87834
2026-05-19 20:06:06,lombar,16816,216,2084,246,-351,381,745267
2026-05-19 20:06:06,esterno,3264,15644,1316,325,657,-446,87856
2026-05-19 20:06:06,lombar,16672,284,2236,279,-397,461,745289
2026-05-19 20:06:06,lombar,16712,328,2352,216,-288,444,745311
2026-05-19 20:06:06,esterno,2216,15972,1100,299,757,367,87878
2026-05-19 20:06:06,esterno,1344,15968,1356,-209,543,765,87900
2026-05-19 20:06:06,lombar,16648,360,2484,174,-213,301,745333
2026-05-19 20:06:06,esterno,1668,15564,836,-155,710,96,87922
2026-05-19 20:06:06,lombar,16456,88,2500,147,-374,361,745355
2026-05-19 20:06:06,esterno,2740,15260,1272,434,206,-534,87944
2026-05-19 20:06:06,lombar,16548,80,2368,127,-434,367,745377
2026-05-19 20:06:06,esterno,2872,15392,1296,213,279,-322,87966
2026-05-19 20:06:06,lombar,16700,204,2508,89,-237,333,745399
2026-05-19 20:06:06,esterno,2780,15992,1144,-693,-67,-11,87988
2026-05-19 20:06:06,lombar,16692,280,2408,-94,-157,306,745421
2026-05-19 20:06:06,esterno,2840,16264,976,-856,-288,-119,88010
2026-05-19 20:06:06,lombar,16700,216,2148,-162,-322,355,745443
2026-05-19 20:06:06,esterno,3196,15796,1184,-597,-254,-434,88032
2026-05-19 20:06:06,lombar,16772,112,2376,-75,-502,412,745465
2026-05-19 20:06:06,esterno,3096,15424,1424,-626,-185,-64,88054
2026-05-19 20:06:06,lombar,16648,196,2312,119,-343,439,745487
2026-05-19 20:06:06,esterno,2792,15584,1520,-494,56,566,88076
2026-05-19 20:06:06,lombar,16740,256,2288,229,-150,294,745509
2026-05-19 20:06:06,esterno,2268,16100,1248,-99,258,858,88098
2026-05-19 20:06:06,lombar,16932,408,2096,292,-64,255,745531
2026-05-19 20:06:06,esterno,1880,16472,1444,202,148,814,88120
2026-05-19 20:06:06,lombar,16608,232,2328,175,-334,255,745553
2026-05-19 20:06:06,esterno,1748,15976,1340,8,177,328,88142
2026-05-19 20:06:06,lombar,16648,168,2256,113,-455,280,745575
2026-05-19 20:06:06,esterno,2048,15048,1336,287,145,-414,88164
2026-05-19 20:06:06,lombar,16516,368,2372,42,-612,247,745597
2026-05-19 20:06:06,esterno,2648,15168,1852,139,-107,-659,88186
2026-05-19 20:06:06,lombar,16564,292,2404,-12,-490,207,745619
2026-05-19 20:06:06,esterno,2776,15556,1088,-149,-233,-274,88208
2026-05-19 20:06:06,lombar,16660,212,2356,-96,-386,285,745641
2026-05-19 20:06:06,esterno,2660,15732,1456,-89,-304,-151,88230
2026-05-19 20:06:06,lombar,16888,424,2272,-39,-298,362,745663
2026-05-19 20:06:06,esterno,3304,16328,1424,-278,-698,-370,88252
2026-05-19 20:06:06,lombar,16856,420,2204,-90,-322,333,745685
2026-05-19 20:06:06,esterno,3616,16020,740,-660,-483,-580,88274
2026-05-19 20:06:06,lombar,16776,236,2164,-51,-353,374,745707
2026-05-19 20:06:06,esterno,3488,15332,776,-570,49,-733,88296
2026-05-19 20:06:06,lombar,16644,328,2092,116,-290,471,745729
2026-05-19 20:06:06,esterno,3120,15176,1216,-209,323,-296,88318
2026-05-19 20:06:06,lombar,16608,404,2200,188,-268,456,745751
2026-05-19 20:06:06,esterno,2592,15680,1296,-221,426,429,88340
2026-05-19 20:06:06,lombar,16572,272,2084,260,-182,366,745773
2026-05-19 20:06:06,esterno,2160,16000,1312,-20,694,741,88362
2026-05-19 20:06:06,lombar,16876,340,2080,221,-166,375,745795
2026-05-19 20:06:06,esterno,1796,16196,1692,264,460,540,88384
2026-05-19 20:06:06,lombar,16764,168,2248,237,-185,353,745817
2026-05-19 20:06:06,esterno,1728,16200,1676,122,332,135,88406
2026-05-19 20:06:06,lombar,16876,92,2196,232,-343,257,745839
2026-05-19 20:06:06,esterno,2228,15572,1412,120,384,-335,88428
2026-05-19 20:06:06,lombar,16588,288,2456,152,-323,312,745861
2026-05-19 20:06:06,esterno,2584,15276,1252,86,290,-687,88450
2026-05-19 20:06:06,lombar,16408,188,2456,12,-434,296,745883
2026-05-19 20:06:06,esterno,2528,15328,1012,-172,250,-584,88472
2026-05-19 20:06:06,lombar,16628,380,2408,-87,-511,372,745905
2026-05-19 20:06:06,esterno,2548,15540,1232,-214,239,-331,88494
2026-05-19 20:06:06,lombar,16780,280,2408,-142,-262,440,745927
2026-05-19 20:06:06,esterno,2588,15712,976,-275,409,-357,88516
2026-05-19 20:06:06,lombar,16800,228,2304,-172,-223,480,745949
2026-05-19 20:06:07,esterno,3516,16260,1048,-454,231,-661,88538
2026-05-19 20:06:07,lombar,16792,188,2268,-95,-209,506,745971
2026-05-19 20:06:07,esterno,3488,15936,1448,-332,307,-611,88560
2026-05-19 20:06:07,lombar,16680,308,2268,-15,-345,583,745993
2026-05-19 20:06:07,esterno,2960,15296,1300,-347,-29,-457,88582
2026-05-19 20:06:07,lombar,16580,176,2252,6,-420,660,746015
2026-05-19 20:06:07,esterno,2128,15468,1348,-394,-144,180,88604
2026-05-19 20:06:07,lombar,16588,8,2348,-4,-189,367,746037
2026-05-19 20:06:07,esterno,1844,15608,1340,-240,-24,703,88626
2026-05-19 20:06:07,lombar,16856,-124,2112,70,-53,239,746059
2026-05-19 20:06:07,esterno,2432,15848,1564,-36,234,438,88648
2026-05-19 20:06:07,lombar,16892,4,2012,225,49,270,746081
2026-05-19 20:06:07,esterno,2632,16172,1744,85,397,317,88670
2026-05-19 20:06:07,lombar,16824,196,1964,387,-86,378,746103
2026-05-19 20:06:07,esterno,1984,16332,1480,159,439,401,88692
2026-05-19 20:06:07,lombar,16828,148,2096,309,-235,408,746125
2026-05-19 20:06:07,esterno,1568,15848,1352,40,343,94,88714
2026-05-19 20:06:07,lombar,16568,140,2472,170,-303,290,746147
2026-05-19 20:06:07,esterno,2212,15232,1028,241,286,-520,88736
2026-05-19 20:06:07,lombar,16580,204,2268,54,-404,267,746169
2026-05-19 20:06:07,esterno,2724,15340,1288,217,291,-658,88758
2026-05-19 20:06:07,lombar,16432,228,2384,-9,-415,335,746191
2026-05-19 20:06:07,esterno,2752,15720,1196,-64,235,-158,88780
2026-05-19 20:06:07,lombar,16676,220,2420,-49,-266,302,746213
2026-05-19 20:06:07,esterno,2364,15900,996,-115,230,19,88802
2026-05-19 20:06:07,lombar,16768,48,2248,-64,-286,371,746235
2026-05-19 20:06:07,esterno,2732,15988,1348,-147,279,-467,88824
2026-05-19 20:06:07,lombar,16860,340,2168,-8,-307,432,746257
2026-05-19 20:06:07,esterno,3396,16156,1552,-107,-341,-631,88846
2026-05-19 20:06:07,lombar,16892,212,2412,62,-319,513,746279
2026-05-19 20:06:07,esterno,2704,15728,1108,-474,-524,-251,88868
2026-05-19 20:06:07,lombar,16544,240,2192,141,-314,449,746301
2026-05-19 20:06:07,esterno,2012,15096,1052,-543,-400,110,88890
2026-05-19 20:06:07,lombar,16576,388,2416,55,-273,425,746323
2026-05-19 20:06:07,esterno,1912,15508,1168,-266,30,327,88912
2026-05-19 20:06:07,lombar,16856,196,2132,-15,-65,324,746345
2026-05-19 20:06:07,esterno,2668,16096,1356,145,150,382,88934
2026-05-19 20:06:07,lombar,16940,76,2180,27,-73,396,746367
2026-05-19 20:06:07,lombar,16940,124,1940,183,-121,390,746389
2026-05-19 20:06:07,esterno,2344,16444,1736,351,299,301,88956
2026-05-19 20:06:07,esterno,1560,16324,1572,288,172,157,88978
2026-05-19 20:06:07,lombar,16632,-40,2184,170,-186,291,746411
2026-05-19 20:06:07,esterno,1812,15948,1176,185,47,-101,89000
2026-05-19 20:06:07,lombar,16596,108,2340,89,-354,284,746433
2026-05-19 20:06:07,esterno,2456,15368,984,73,89,-460,89022
2026-05-19 20:06:07,lombar,16512,220,2476,89,-390,280,746455
2026-05-19 20:06:07,esterno,2936,15384,896,-65,258,-494,89044
2026-05-19 20:06:07,lombar,16376,104,2504,3,-459,326,746477
2026-05-19 20:06:07,esterno,2400,15340,944,58,156,-29,89066
2026-05-19 20:06:07,lombar,16620,152,2392,-2,-403,292,746499
2026-05-19 20:06:07,esterno,1900,15720,1376,-119,137,42,89088
2026-05-19 20:06:07,lombar,16900,180,2536,-53,-266,317,746521
2026-05-19 20:06:07,esterno,2268,15888,936,-318,332,-454,89110
2026-05-19 20:06:07,lombar,16808,200,2340,-83,-224,339,746543
2026-05-19 20:06:07,esterno,3588,16208,960,-486,272,-769,89132
2026-05-19 20:06:07,lombar,16940,72,2284,76,-178,384,746565
2026-05-19 20:06:07,esterno,3948,16060,1000,-542,721,-539,89154
2026-05-19 20:06:07,lombar,16732,244,2356,179,-449,537,746587
2026-05-19 20:06:07,esterno,2944,15768,1064,-714,691,96,89176
2026-05-19 20:06:07,lombar,16520,284,2188,147,-302,487,746609
2026-05-19 20:06:07,esterno,1936,15520,1412,-448,505,697,89198
2026-05-19 20:06:07,lombar,16644,-4,2344,212,-264,408,746631
2026-05-19 20:06:07,esterno,1656,15692,1236,-30,506,654,89220
2026-05-19 20:06:07,lombar,16756,96,2408,329,-269,328,746653
2026-05-19 20:06:07,esterno,1692,15944,1520,43,411,404,89242
2026-05-19 20:06:07,lombar,16764,264,2392,347,-340,352,746675
2026-05-19 20:06:07,esterno,1652,16076,1472,69,194,228,89264
2026-05-19 20:06:07,lombar,16596,324,2532,273,-469,361,746697
2026-05-19 20:06:07,esterno,1896,15616,1280,86,101,16,89286
2026-05-19 20:06:07,lombar,16680,268,2296,142,-550,420,746719
2026-05-19 20:06:07,esterno,2328,15480,1108,31,-41,-197,89308
2026-05-19 20:06:07,lombar,16612,196,2328,-18,-532,356,746741
2026-05-19 20:06:07,esterno,2768,15856,956,-181,203,-320,89330
2026-05-19 20:06:07,lombar,16660,148,2444,-89,-450,331,746763
2026-05-19 20:06:07,esterno,3040,15996,972,-403,281,-138,89352
2026-05-19 20:06:07,lombar,16676,60,2088,32,-415,417,746785
2026-05-19 20:06:07,esterno,2540,16080,1284,-662,-98,245,89374
2026-05-19 20:06:07,lombar,16620,36,2496,172,-568,486,746807
2026-05-19 20:06:07,esterno,1856,15780,908,-525,-101,288,89396
2026-05-19 20:06:07,lombar,16620,-100,2360,91,-683,340,746829
2026-05-19 20:06:07,esterno,2048,15524,1452,-134,57,-125,89418
2026-05-19 20:06:07,lombar,16568,0,2328,89,-658,355,746851
2026-05-19 20:06:07,lombar,16636,148,2124,-3,-486,353,746873
2026-05-19 20:06:07,esterno,2856,15524,1744,-60,-285,-337,89440
2026-05-19 20:06:07,esterno,2976,15524,1316,-283,-92,-51,89462
2026-05-19 20:06:07,lombar,16756,216,2128,17,-249,325,746895
2026-05-19 20:06:07,esterno,2496,15684,1236,-278,377,88,89484
2026-05-19 20:06:07,lombar,16952,416,1836,-41,-130,403,746917
2026-05-19 20:06:07,esterno,2044,16152,1332,-187,465,207,89506
2026-05-19 20:06:07,lombar,17096,148,1644,106,-10,394,746939
2026-05-19 20:06:08,esterno,2408,16088,1608,-157,216,27,89528
2026-05-19 20:06:08,lombar,16908,52,2012,54,-256,420,746961
2026-05-19 20:06:08,esterno,2480,15836,1396,-75,343,-182,89550
2026-05-19 20:06:08,lombar,16836,160,1904,144,-417,402,746983
2026-05-19 20:06:08,esterno,2748,15692,1420,-207,551,-212,89572
2026-05-19 20:06:08,lombar,16500,200,2136,92,-285,462,747005
2026-05-19 20:06:08,lombar,16660,72,2352,38,-292,310,747027
2026-05-19 20:06:08,esterno,2828,15868,1320,-508,617,194,89594
2026-05-19 20:06:08,esterno,2228,15652,1072,-547,687,395,89616
2026-05-19 20:06:08,lombar,16552,-32,2352,152,-370,342,747049
2026-05-19 20:06:08,esterno,1520,15960,1268,-104,394,597,89638
2026-05-19 20:06:08,lombar,16604,12,2160,145,-564,403,747071
2026-05-19 20:06:08,esterno,1524,16000,1208,-311,111,498,89660
2026-05-19 20:06:08,lombar,16692,-108,2164,128,-714,261,747093
2026-05-19 20:06:08,esterno,2024,15524,1168,-650,140,55,89682
2026-05-19 20:06:08,lombar,16696,24,2344,84,-793,286,747115
2026-05-19 20:06:08,esterno,2472,15696,1052,-369,435,-435,89704
2026-05-19 20:06:08,lombar,16716,128,2076,197,-687,306,747137
2026-05-19 20:06:08,esterno,2832,15784,1072,-453,272,-202,89726
2026-05-19 20:06:08,lombar,16628,72,2268,169,-539,290,747159
2026-05-19 20:06:08,lombar,16748,104,2336,175,-680,347,747181
2026-05-19 20:06:08,esterno,2756,16008,1272,-776,449,87,89748
2026-05-19 20:06:08,esterno,2248,15828,1160,-907,439,78,89770
2026-05-19 20:06:08,lombar,16652,124,2300,121,-720,303,747203
2026-05-19 20:06:08,esterno,2452,15924,1328,-864,325,61,89792
2026-05-19 20:06:08,lombar,16640,168,2288,22,-746,308,747225
2026-05-19 20:06:08,esterno,2572,15852,1300,-961,423,144,89814
2026-05-19 20:06:08,lombar,16644,136,1900,144,-862,284,747247
2026-05-19 20:06:08,esterno,2588,15708,1384,-989,473,154,89836
2026-05-19 20:06:08,lombar,16580,356,1772,144,-839,334,747269
2026-05-19 20:06:08,esterno,2320,15816,1424,-921,532,214,89858
2026-05-19 20:06:08,lombar,16704,220,2432,97,-994,366,747291
2026-05-19 20:06:08,esterno,2416,15740,1420,-932,587,254,89880
2026-05-19 20:06:08,lombar,16716,304,2108,203,-1055,376,747313
2026-05-19 20:06:08,lombar,16552,248,2128,129,-1024,444,747335
2026-05-19 20:06:08,esterno,2444,15712,1408,-994,538,268,89902
2026-05-19 20:06:08,esterno,2424,15676,1552,-907,464,351,89924
2026-05-19 20:06:08,lombar,16676,288,2068,-10,-1075,422,747357
2026-05-19 20:06:08,esterno,2388,15636,1712,-882,346,354,89946
2026-05-19 20:06:08,lombar,16720,172,1848,91,-1135,478,747379
2026-05-19 20:06:08,esterno,2468,15692,1908,-952,90,378,89968
2026-05-19 20:06:08,lombar,16644,164,1816,64,-1145,442,747401
2026-05-19 20:06:08,esterno,2340,15592,1872,-881,2,473,89990
2026-05-19 20:06:08,lombar,16628,20,1984,-28,-1260,501,747423
2026-05-19 20:06:08,esterno,2360,15532,1940,-793,94,333,90012
2026-05-19 20:06:08,lombar,16780,48,1872,43,-1267,386,747445
2026-05-19 20:06:08,esterno,2740,15632,2200,-796,-300,288,90034
2026-05-19 20:06:08,lombar,16708,52,1744,32,-1004,292,747467
2026-05-19 20:06:08,esterno,2588,15584,2060,-818,-316,363,90056
2026-05-19 20:06:08,lombar,16856,92,1544,-27,-872,379,747489
2026-05-19 20:06:08,esterno,2336,15288,1976,-708,-52,187,90078
2026-05-19 20:06:08,lombar,16988,8,1596,88,-798,402,747511
2026-05-19 20:06:08,esterno,2616,15356,1968,-558,235,112,90100
2026-05-19 20:06:08,lombar,16792,156,1380,183,-665,310,747533
2026-05-19 20:06:08,esterno,2688,15480,2236,-464,129,12,90122
2026-05-19 20:06:08,lombar,16776,20,1480,-1,-543,235,747555
2026-05-19 20:06:08,esterno,2600,15632,2160,-419,315,-34,90144
2026-05-19 20:06:08,lombar,16920,108,1164,100,-529,262,747577
2026-05-19 20:06:08,esterno,2576,15616,2512,-463,301,-49,90166
2026-05-19 20:06:08,lombar,16656,76,1052,63,-569,377,747599
2026-05-19 20:06:08,esterno,2712,15824,2456,-553,278,-23,90188
2026-05-19 20:06:08,lombar,16880,44,1340,52,-656,355,747621
2026-05-19 20:06:08,lombar,16868,132,844,148,-665,401,747643
2026-05-19 20:06:08,esterno,2732,15552,2180,-642,281,-61,90210
2026-05-19 20:06:08,esterno,2792,15576,2344,-735,380,-132,90232
2026-05-19 20:06:08,lombar,16752,136,996,88,-696,393,747665
2026-05-19 20:06:08,esterno,2736,15680,2292,-756,441,-75,90254
2026-05-19 20:06:08,lombar,16916,132,1068,28,-860,426,747687
2026-05-19 20:06:08,esterno,2572,15620,2712,-861,502,-14,90276
2026-05-19 20:06:08,lombar,16912,320,896,110,-843,438,747709
2026-05-19 20:06:08,esterno,2388,15648,2260,-823,617,-37,90298
2026-05-19 20:06:08,lombar,16652,92,1244,57,-836,512,747731
2026-05-19 20:06:08,esterno,2640,15384,2576,-829,373,-183,90320
2026-05-19 20:06:08,lombar,16908,32,992,129,-582,449,747753
2026-05-19 20:06:08,esterno,2940,15644,2548,-731,470,-7,90342
2026-05-19 20:06:08,lombar,16872,132,1304,204,-623,476,747775
2026-05-19 20:06:08,esterno,2612,15604,2432,-584,286,96,90364
2026-05-19 20:06:08,lombar,16792,188,1408,180,-626,515,747797
2026-05-19 20:06:08,esterno,2412,15496,2548,-408,145,38,90386
2026-05-19 20:06:08,lombar,16720,-112,1284,127,-553,382,747819
2026-05-19 20:06:08,esterno,2616,15448,2520,-469,180,77,90408
2026-05-19 20:06:08,lombar,16768,-80,1208,160,-458,303,747841
2026-05-19 20:06:08,esterno,2720,15344,2280,-410,188,51,90430
2026-05-19 20:06:08,lombar,16752,96,1432,173,-425,383,747863
2026-05-19 20:06:08,esterno,2488,15408,2280,-232,250,-2,90452
2026-05-19 20:06:08,lombar,16816,24,1452,103,-407,378,747885
2026-05-19 20:06:08,esterno,2632,15416,2532,-97,280,19,90474
2026-05-19 20:06:08,lombar,16820,56,1328,133,-386,380,747907
2026-05-19 20:06:08,esterno,2496,15464,2416,-37,251,90,90496
2026-05-19 20:06:08,lombar,16736,32,1128,38,-232,354,747929
2026-05-19 20:06:08,lombar,16740,12,1228,-30,-308,327,747951
2026-05-19 20:06:08,esterno,2304,15376,2448,86,251,13,90518
2026-05-19 20:06:09,esterno,2304,15388,2752,159,185,-68,90540
2026-05-19 20:06:09,lombar,16864,-56,1252,-45,-446,262,747973
2026-05-19 20:06:09,esterno,2300,15464,2656,209,-23,-64,90562
2026-05-19 20:06:09,lombar,16824,28,1192,-110,-353,270,747995
2026-05-19 20:06:09,esterno,2292,15300,2684,405,-185,-33,90584
2026-05-19 20:06:09,lombar,16728,-96,1176,-163,-299,158,748017
2026-05-19 20:06:09,lombar,16840,-20,1060,-165,-242,148,748039
2026-05-19 20:06:09,esterno,2340,15336,2516,506,-47,-30,90606
2026-05-19 20:06:09,lombar,16864,-68,1160,-257,-166,184,748061
2026-05-19 20:06:09,esterno,2472,15580,2880,515,-480,74,90628
2026-05-19 20:06:09,esterno,2380,15380,2200,511,-626,144,90650
2026-05-19 20:06:09,lombar,16784,-80,1116,-119,-64,129,748083
2026-05-19 20:06:09,esterno,2264,15088,2056,740,-83,100,90672
2026-05-19 20:06:09,lombar,16728,48,1412,27,88,139,748105
2026-05-19 20:06:09,esterno,2320,15276,1988,995,146,102,90694
2026-05-19 20:06:09,lombar,16972,88,1084,-43,236,39,748127
2026-05-19 20:06:09,esterno,2724,15712,2312,1275,55,217,90716
2026-05-19 20:06:09,lombar,16916,-20,1084,-148,238,-156,748149
2026-05-19 20:06:09,lombar,17060,-224,968,-100,352,-316,748171
2026-05-19 20:06:09,esterno,2592,15896,2356,1335,188,409,90738
2026-05-19 20:06:09,esterno,2312,15788,2396,1362,205,427,90760
2026-05-19 20:06:09,lombar,16972,-196,1360,87,496,-433,748193
2026-05-19 20:06:09,esterno,2104,15644,2172,1443,136,541,90782
2026-05-19 20:06:09,lombar,16872,92,1320,26,374,-582,748215
2026-05-19 20:06:09,esterno,2408,15472,2128,1451,163,515,90804
2026-05-19 20:06:09,lombar,16808,24,1212,120,798,-705,748237
2026-05-19 20:06:09,lombar,17004,-284,1384,329,1197,-993,748259
2026-05-19 20:06:09,esterno,2544,15440,1840,1527,374,608,90826
2026-05-19 20:06:09,esterno,2580,15776,1760,1828,382,746,90848
2026-05-19 20:06:09,lombar,17004,-212,1080,424,1293,-1309,748281
2026-05-19 20:06:09,esterno,2460,15896,2180,1662,468,869,90870
2026-05-19 20:06:09,lombar,17008,-244,1332,557,1456,-1383,748303
2026-05-19 20:06:09,esterno,2352,15892,1660,1540,687,825,90892
2026-05-19 20:06:09,lombar,16932,-44,1672,766,1423,-1412,748325
2026-05-19 20:06:09,esterno,2668,15812,1620,1395,374,725,90914
2026-05-19 20:06:09,lombar,17036,-228,1856,915,1203,-1630,748347
2026-05-19 20:06:09,esterno,2744,15840,1272,1388,824,824,90936
2026-05-19 20:06:09,lombar,17052,-196,1516,1469,1272,-1927,748369
2026-05-19 20:06:09,esterno,2668,15840,1360,1342,792,905,90958
2026-05-19 20:06:09,lombar,16896,-88,1636,1718,1498,-1963,748391
2026-05-19 20:06:09,esterno,3008,15988,1116,1530,970,903,90980
2026-05-19 20:06:09,lombar,16868,52,1560,2050,1107,-1963,748413
2026-05-19 20:06:09,esterno,3148,15976,856,1502,1385,851,91002
2026-05-19 20:06:09,lombar,17132,336,2012,2623,1149,-1756,748435
2026-05-19 20:06:09,lombar,17004,552,2184,2924,1091,-1735,748457
2026-05-19 20:06:09,esterno,3048,16172,764,1346,1688,787,91024
2026-05-19 20:06:09,esterno,3324,16184,644,1288,2156,624,91046
2026-05-19 20:06:09,lombar,17000,528,1620,3483,1382,-1756,748479
2026-05-19 20:06:09,esterno,3272,16520,624,1272,2533,522,91068
2026-05-19 20:06:09,lombar,17152,796,1736,3982,1578,-1839,748501
2026-05-19 20:06:09,esterno,3448,16444,664,1235,2599,715,91090
2026-05-19 20:06:09,lombar,17132,1124,2356,4516,1820,-1599,748523
2026-05-19 20:06:09,esterno,3196,16104,560,1378,2452,764,91112
2026-05-19 20:06:09,lombar,17108,1880,2516,4518,1809,-1490,748545
2026-05-19 20:06:09,esterno,2896,15964,888,1404,2244,598,91134
2026-05-19 20:06:09,lombar,16852,1860,2680,4050,1669,-1315,748567
2026-05-19 20:06:09,esterno,3280,16044,396,1097,1912,528,91156
2026-05-19 20:06:09,lombar,16964,1060,3156,4387,1256,-1404,748589
2026-05-19 20:06:09,esterno,3772,15628,-56,1173,1930,303,91178
2026-05-19 20:06:09,lombar,16668,952,2268,5698,1449,-1705,748611
2026-05-19 20:06:09,esterno,3860,14712,4,1479,2124,-36,91200
2026-05-19 20:06:09,lombar,15560,2240,2424,6879,1556,-1015,748633
2026-05-19 20:06:09,esterno,3612,14496,-400,1664,2207,-135,91222
2026-05-19 20:06:09,lombar,15648,1084,3532,7220,2197,-348,748655
2026-05-19 20:06:09,esterno,3152,14292,-992,1887,2504,-190,91244
2026-05-19 20:06:09,lombar,15036,2876,2880,7361,2322,-187,748677
2026-05-19 20:06:09,esterno,3504,13956,-1032,2094,3033,-376,91266
2026-05-19 20:06:09,lombar,14628,3936,3148,7088,2089,303,748699
2026-05-19 20:06:09,esterno,3568,14120,-1104,2146,3131,-325,91288
2026-05-19 20:06:09,lombar,14540,4660,3196,5818,1923,890,748721
2026-05-19 20:06:09,esterno,3368,14540,-848,1874,3121,-106,91310
2026-05-19 20:06:09,lombar,14248,5080,3328,4497,1673,1283,748743
2026-05-19 20:06:09,lombar,14692,5092,2896,3346,1283,1583,748765
2026-05-19 20:06:09,esterno,3332,15072,-408,1357,2906,-9,91332
2026-05-19 20:06:09,esterno,3620,15872,-308,728,2476,31,91354
2026-05-19 20:06:09,lombar,15376,4740,2836,2355,976,1571,748787
2026-05-19 20:06:09,esterno,3808,16772,-48,228,1806,128,91376
2026-05-19 20:06:09,lombar,15972,5488,2704,981,396,1542,748809
2026-05-19 20:06:09,esterno,3624,16884,320,-286,999,32,91398
2026-05-19 20:06:09,lombar,16072,5876,1820,-406,-731,1645,748831
2026-05-19 20:06:09,esterno,3728,17052,892,-455,174,-192,91420
2026-05-19 20:06:09,lombar,16660,5040,1288,-2552,-1498,1474,748853
2026-05-19 20:06:09,esterno,3976,16764,1416,-871,-619,-535,91442
2026-05-19 20:06:09,lombar,16676,4868,1916,-3663,-2491,1767,748875
2026-05-19 20:06:09,esterno,3740,16272,2128,-1751,-1756,-735,91464
2026-05-19 20:06:09,lombar,16492,4400,2044,-4715,-2693,2091,748897
2026-05-19 20:06:09,esterno,2964,15496,1696,-2339,-2882,-699,91486
2026-05-19 20:06:09,lombar,16388,3568,1640,-5167,-2227,2146,748919
2026-05-19 20:06:09,esterno,3132,15264,1204,-2104,-3940,-621,91508
2026-05-19 20:06:09,lombar,16200,3084,1872,-5657,-1817,2447,748941
2026-05-19 20:06:10,esterno,3024,15188,972,-1882,-4472,-338,91530
2026-05-19 20:06:10,lombar,16568,2660,2016,-5802,-2659,2750,748963
2026-05-19 20:06:10,esterno,2812,15808,1072,-1760,-5216,-210,91552
2026-05-19 20:06:10,lombar,17548,2340,2680,-6730,-3580,3210,748985
2026-05-19 20:06:10,esterno,2644,16332,1100,-1960,-5525,-157,91574
2026-05-19 20:06:10,lombar,17820,1172,1980,-7111,-3207,3364,749007
2026-05-19 20:06:10,esterno,2712,16524,1068,-2099,-5846,-380,91596
2026-05-19 20:06:10,lombar,18152,252,2064,-7519,-1905,3110,749029
2026-05-19 20:06:10,esterno,2840,16572,516,-1829,-6058,-663,91618
2026-05-19 20:06:10,lombar,18148,176,4100,-8706,-1652,3004,749051
2026-05-19 20:06:10,lombar,18384,-388,2052,-8388,-1020,2884,749073
2026-05-19 20:06:10,esterno,2552,16544,516,-1293,-5982,-927,91640
2026-05-19 20:06:10,esterno,2192,16184,476,-791,-5911,-1281,91662
2026-05-19 20:06:10,lombar,18056,-712,2860,-7730,-836,3139,749095
2026-05-19 20:06:10,lombar,17648,-944,2516,-7109,-639,3252,749117
2026-05-19 20:06:10,esterno,2016,16076,352,-46,-5666,-1493,91684
2026-05-19 20:06:10,esterno,2252,16060,792,519,-5339,-1555,91706
2026-05-19 20:06:10,lombar,17688,-1020,1896,-6186,-50,3248,749139
2026-05-19 20:06:10,esterno,2328,15788,884,705,-4946,-1637,91728
2026-05-19 20:06:10,lombar,16992,-1028,2728,-6084,401,3129,749161
2026-05-19 20:06:10,esterno,1876,15208,936,844,-4660,-1884,91750
2026-05-19 20:06:10,lombar,16112,-1184,2588,-5494,453,2184,749183
2026-05-19 20:06:10,esterno,1636,14484,152,867,-3783,-2094,91772
2026-05-19 20:06:10,lombar,15072,-972,2444,-5336,542,1214,749205
2026-05-19 20:06:10,esterno,1808,14352,260,822,-3753,-1828,91794
2026-05-19 20:06:10,lombar,14416,-984,2188,-5671,651,841,749227
2026-05-19 20:06:10,esterno,1896,14364,-484,778,-3226,-1200,91816
2026-05-19 20:06:10,lombar,14224,-1832,2020,-5082,829,420,749249
2026-05-19 20:06:10,esterno,1868,14064,-1116,644,-2059,-879,91838
2026-05-19 20:06:10,lombar,14436,-2936,2584,-4482,523,-192,749271
2026-05-19 20:06:10,esterno,2144,14972,-924,461,-1126,-458,91860
2026-05-19 20:06:10,lombar,15352,-3664,2128,-2527,487,-826,749293
2026-05-19 20:06:10,esterno,2644,16028,-1068,377,-326,91,91882
2026-05-19 20:06:10,lombar,16092,-3908,1868,9,-203,-1011,749315
2026-05-19 20:06:10,esterno,2916,16688,-856,295,975,413,91904
2026-05-19 20:06:10,lombar,17164,-3476,1816,2371,-425,-342,749337
2026-05-19 20:06:10,esterno,2832,17260,-468,-40,2046,236,91926
2026-05-19 20:06:10,lombar,17800,-2464,1856,3807,-823,232,749359
2026-05-19 20:06:10,esterno,2956,17184,-140,-67,2983,117,91948
2026-05-19 20:06:10,lombar,17332,-2064,2172,4074,-671,292,749381
2026-05-19 20:06:10,esterno,2764,16588,-4,-474,3903,-136,91970
2026-05-19 20:06:10,lombar,16916,-2020,1920,4451,-376,151,749403
2026-05-19 20:06:10,esterno,2276,16260,360,-967,4594,-226,91992
2026-05-19 20:06:10,lombar,16680,-1372,2200,5376,-17,-24,749425
2026-05-19 20:06:10,esterno,1420,16164,272,-784,4806,-51,92014
2026-05-19 20:06:10,lombar,17124,-152,2348,5835,148,-150,749447
2026-05-19 20:06:10,esterno,1236,16116,924,-760,4744,44,92036
2026-05-19 20:06:10,lombar,16972,1180,3040,5518,92,14,749469
2026-05-19 20:06:10,lombar,16896,1840,3064,4601,-132,-141,749491
2026-05-19 20:06:10,esterno,1204,16080,712,-578,4236,172,92058
2026-05-19 20:06:10,esterno,1184,16280,824,-686,3302,243,92080
2026-05-19 20:06:10,lombar,16784,1868,3184,3024,-326,-490,749513
2026-05-19 20:06:10,esterno,1396,16440,800,-822,2785,333,92102
2026-05-19 20:06:10,lombar,16996,1884,3280,1679,-363,-1014,749535
2026-05-19 20:06:10,esterno,1688,16216,768,-882,2059,139,92124
2026-05-19 20:06:10,lombar,17128,1828,3084,592,-529,-1288,749557
2026-05-19 20:06:10,esterno,2084,16236,824,-938,1223,59,92146
2026-05-19 20:06:10,lombar,17108,1472,3148,-328,-546,-1298,749579
2026-05-19 20:06:10,esterno,2300,16064,904,-1059,675,182,92168
2026-05-19 20:06:10,lombar,16852,1332,2884,-1279,-428,-1079,749601
2026-05-19 20:06:10,esterno,2716,16260,352,-1319,441,120,92190
2026-05-19 20:06:10,lombar,16908,1532,2652,-2386,-1008,-750,749623
2026-05-19 20:06:10,esterno,2876,15940,-24,-1339,387,-77,92212
2026-05-19 20:06:10,lombar,16300,900,2544,-2915,-783,-467,749645
2026-05-19 20:06:10,esterno,2844,15908,-28,-1417,365,-418,92234
2026-05-19 20:06:10,lombar,16544,312,3228,-2957,-1055,-326,749667
2026-05-19 20:06:10,lombar,16484,168,2872,-2682,-1416,-123,749689
2026-05-19 20:06:10,esterno,2520,15684,-40,-1532,236,-549,92256
2026-05-19 20:06:10,esterno,2352,15392,92,-1676,104,-557,92278
2026-05-19 20:06:10,lombar,16032,32,2408,-2109,-1529,40,749711
2026-05-19 20:06:10,esterno,2548,15468,400,-1622,-254,-479,92300
2026-05-19 20:06:10,lombar,16120,208,2240,-1554,-1339,39,749733
2026-05-19 20:06:10,esterno,2740,15468,464,-1166,-552,-407,92322
2026-05-19 20:06:10,lombar,16508,700,2568,-1049,-1392,184,749755
2026-05-19 20:06:10,esterno,2872,15452,648,-896,-201,-319,92344
2026-05-19 20:06:10,lombar,16604,616,2304,-663,-1308,191,749777
2026-05-19 20:06:10,esterno,3240,15712,1272,-1136,-563,-16,92366
2026-05-19 20:06:10,lombar,16728,944,2524,66,-772,62,749799
2026-05-19 20:06:10,esterno,2956,15512,788,-1182,-586,244,92388
2026-05-19 20:06:10,lombar,16848,1016,2536,656,-141,-56,749821
2026-05-19 20:06:10,esterno,3060,15148,624,-865,-217,370,92410
2026-05-19 20:06:10,lombar,16648,1460,2580,1134,220,63,749843
2026-05-19 20:06:10,esterno,3380,15256,716,-90,-136,700,92432
2026-05-19 20:06:10,lombar,16444,1628,2300,1555,654,292,749865
2026-05-19 20:06:10,esterno,3868,15432,264,502,117,1115,92454
2026-05-19 20:06:10,lombar,16996,1336,2464,1954,716,366,749887
2026-05-19 20:06:10,esterno,3772,15664,640,503,527,1346,92476
2026-05-19 20:06:10,lombar,16976,1544,2200,2267,1038,728,749909
2026-05-19 20:06:10,esterno,3508,15704,1096,493,596,1440,92498
2026-05-19 20:06:10,lombar,16600,1192,2272,2253,1035,915,749931
2026-05-19 20:06:10,esterno,3256,15764,1040,428,636,1404,92520
2026-05-19 20:06:10,lombar,16536,1100,2016,2207,1192,1003,749953
2026-05-19 20:06:11,esterno,3184,15856,948,181,905,1440,92542
2026-05-19 20:06:11,lombar,16892,1192,1996,2166,1008,1164,749975
2026-05-19 20:06:11,lombar,17004,648,1904,2260,907,1344,749997
2026-05-19 20:06:11,esterno,3236,15824,1148,117,1140,1531,92564
2026-05-19 20:06:11,esterno,3160,16016,1328,141,1097,1645,92586
2026-05-19 20:06:11,lombar,16752,268,2012,2620,797,1565,750019
2026-05-19 20:06:11,esterno,2256,16124,1672,-239,713,1666,92608
2026-05-19 20:06:11,lombar,16540,320,2168,2481,574,1570,750041
2026-05-19 20:06:11,esterno,1556,15872,1332,-304,218,1294,92630
2026-05-19 20:06:11,lombar,16908,436,2512,2080,254,1541,750063
2026-05-19 20:06:11,esterno,1876,15748,1564,-305,-214,891,92652
2026-05-19 20:06:11,lombar,17132,320,3312,1379,-263,1258,750085
2026-05-19 20:06:11,esterno,2444,15868,1500,-68,-236,774,92674
2026-05-19 20:06:11,lombar,16708,12,2432,1135,-243,942,750107
2026-05-19 20:06:11,esterno,2292,15904,1672,-94,-554,434,92696
2026-05-19 20:06:11,lombar,16580,-128,2628,724,-349,914,750129
2026-05-19 20:06:11,esterno,2076,15916,2056,-413,-859,130,92718
2026-05-19 20:06:11,lombar,16836,-76,2340,286,-256,843,750151
2026-05-19 20:06:11,esterno,2280,15848,2072,-800,-1036,-110,92740
2026-05-19 20:06:11,lombar,16908,-8,2628,133,222,909,750173
2026-05-19 20:06:11,esterno,2436,15704,1604,-1252,-1113,-244,92762
2026-05-19 20:06:11,lombar,16600,-116,3140,-28,39,872,750195
2026-05-19 20:06:11,esterno,2800,15616,1124,-1475,-966,-304,92784
2026-05-19 20:06:11,lombar,16648,-432,2928,-206,172,512,750217
2026-05-19 20:06:11,esterno,2772,15568,1148,-1123,-879,-365,92806
2026-05-19 20:06:11,lombar,16792,-440,2980,-410,558,495,750239
2026-05-19 20:06:11,esterno,2748,15656,1124,-849,-670,-407,92828
2026-05-19 20:06:11,lombar,16908,-216,2676,-452,1045,414,750261
2026-05-19 20:06:11,esterno,2912,15868,1316,-925,-490,-505,92850
2026-05-19 20:06:11,lombar,16700,60,3024,-168,1561,493,750283
2026-05-19 20:06:11,esterno,2816,15792,1364,-1356,-268,-499,92872
2026-05-19 20:06:11,lombar,16368,24,3076,-174,1423,499,750305
2026-05-19 20:06:11,esterno,2712,15696,556,-1286,-273,-383,92894
2026-05-19 20:06:11,lombar,16380,-8,2924,-441,692,488,750327
2026-05-19 20:06:11,esterno,2824,15572,992,-705,-32,-419,92916
2026-05-19 20:06:11,lombar,16876,-236,3200,-549,453,271,750349
2026-05-19 20:06:11,esterno,3396,16044,1544,-656,-214,-343,92938
2026-05-19 20:06:11,lombar,16776,-116,3076,-358,542,182,750371
2026-05-19 20:06:11,esterno,3112,15816,1432,-1030,-84,-136,92960
2026-05-19 20:06:11,esterno,2684,15356,800,-966,352,-153,92982
2026-05-19 20:06:11,lombar,16196,112,3420,-178,489,126,750393
2026-05-19 20:06:11,lombar,16408,456,3256,-67,439,328,750415
2026-05-19 20:06:11,esterno,2636,15408,936,-651,555,-238,93004
2026-05-19 20:06:11,lombar,16460,420,3616,2,90,235,750437
2026-05-19 20:06:11,lombar,16372,84,3172,7,-231,159,750459
2026-05-19 20:06:11,esterno,2996,15680,960,-428,729,-180,93026
2026-05-19 20:06:11,lombar,16524,88,3324,65,-345,300,750481
2026-05-19 20:06:11,esterno,2960,15716,1076,-386,894,-84,93048
2026-05-19 20:06:11,esterno,2976,15752,1376,-285,872,-80,93070
2026-05-19 20:06:11,lombar,16552,144,3812,329,-392,342,750503
2026-05-19 20:06:11,esterno,2920,15664,1348,-226,784,-15,93092
2026-05-19 20:06:11,lombar,16376,292,3636,495,-161,229,750525
2026-05-19 20:06:11,esterno,2848,15596,1228,-227,773,12,93114
2026-05-19 20:06:11,lombar,16436,484,3348,418,-61,204,750547
2026-05-19 20:06:11,esterno,2644,15648,1324,-330,781,116,93136
2026-05-19 20:06:11,lombar,16536,440,3276,321,-193,160,750569
2026-05-19 20:06:11,esterno,2788,15756,1692,-273,569,180,93158
2026-05-19 20:06:11,lombar,16688,200,3508,420,-317,287,750591
2026-05-19 20:06:11,esterno,2732,15684,1656,-475,694,163,93180
2026-05-19 20:06:11,lombar,16740,324,3360,506,-266,342,750613
2026-05-19 20:06:11,esterno,2644,15464,1524,-461,887,146,93202
2026-05-19 20:06:11,lombar,16552,376,3052,442,-111,390,750635
2026-05-19 20:06:11,esterno,2632,15528,1816,-454,521,39,93224
2026-05-19 20:06:11,lombar,16388,196,3452,247,-108,313,750657
2026-05-19 20:06:11,esterno,2900,15788,1684,-336,501,129,93246
2026-05-19 20:06:11,lombar,16668,136,3376,244,-353,384,750679
2026-05-19 20:06:11,esterno,2792,15588,1580,-477,435,131,93268
2026-05-19 20:06:11,lombar,16624,96,3484,285,-405,218,750701
2026-05-19 20:06:11,esterno,2864,15588,1560,-431,102,172,93290
2026-05-19 20:06:11,lombar,16348,240,3316,142,-414,231,750723
2026-05-19 20:06:11,esterno,2828,15588,1496,-383,95,185,93312
2026-05-19 20:06:11,lombar,16456,104,3480,-49,-541,240,750745
2026-05-19 20:06:11,esterno,2768,15676,1456,-426,98,67,93334
2026-05-19 20:06:11,lombar,16572,296,3292,29,-619,239,750767
2026-05-19 20:06:11,esterno,2608,15472,1328,-311,114,-77,93356
2026-05-19 20:06:11,lombar,16468,272,3468,13,-754,326,750789
2026-05-19 20:06:11,esterno,2712,15500,1712,-193,172,-132,93378
2026-05-19 20:06:11,lombar,16540,244,3212,35,-764,329,750811
2026-05-19 20:06:11,esterno,2908,15548,1668,-217,254,-128,93400
2026-05-19 20:06:11,lombar,16428,176,3388,-55,-809,406,750833
2026-05-19 20:06:11,esterno,2748,15600,1464,-191,224,-187,93422
2026-05-19 20:06:11,lombar,16560,216,3336,43,-872,347,750855
2026-05-19 20:06:11,esterno,2704,15488,1412,-116,231,-335,93444
2026-05-19 20:06:11,lombar,16556,148,3108,24,-920,295,750877
2026-05-19 20:06:11,esterno,2864,15556,1608,56,65,-315,93466
2026-05-19 20:06:11,lombar,16740,212,2996,157,-828,313,750899
2026-05-19 20:06:11,esterno,2744,15700,1892,231,8,-169,93488
2026-05-19 20:06:11,lombar,16440,136,3164,115,-704,255,750921
2026-05-19 20:06:11,esterno,2740,15776,1988,267,218,-276,93510
2026-05-19 20:06:11,lombar,16560,188,2956,110,-665,322,750943
2026-05-19 20:06:12,esterno,3176,15904,1664,319,-260,-280,93532
2026-05-19 20:06:12,lombar,16828,88,3068,115,-626,264,750965
2026-05-19 20:06:12,esterno,2596,15672,1684,173,-265,-161,93554
2026-05-19 20:06:12,lombar,16708,324,2828,379,-562,115,750987
2026-05-19 20:06:12,esterno,2768,15468,1332,241,93,-154,93576
2026-05-19 20:06:12,lombar,16444,504,2876,303,-812,321,751009
2026-05-19 20:06:12,esterno,2872,15752,1536,348,351,-178,93598
2026-05-19 20:06:12,lombar,16676,380,2992,148,-970,376,751031
2026-05-19 20:06:12,esterno,3184,15744,1124,429,676,-213,93620
2026-05-19 20:06:12,lombar,16932,280,2832,175,-953,354,751053
2026-05-19 20:06:12,esterno,2784,15664,1624,239,666,-253,93642
2026-05-19 20:06:12,lombar,16672,308,2904,304,-1032,424,751075
2026-05-19 20:06:12,esterno,2912,15824,1484,75,576,-139,93664
2026-05-19 20:06:12,lombar,16396,240,2704,242,-985,484,751097
2026-05-19 20:06:12,esterno,2832,15764,1388,-21,560,-35,93686
2026-05-19 20:06:12,lombar,16528,360,2880,137,-1181,459,751119
2026-05-19 20:06:12,esterno,2888,15708,1204,-9,692,-146,93708
2026-05-19 20:06:12,lombar,16748,308,2864,109,-1195,469,751141
2026-05-19 20:06:12,esterno,2784,15732,1056,75,688,-192,93730
2026-05-19 20:06:12,lombar,16604,388,2784,193,-1190,511,751163
2026-05-19 20:06:12,lombar,16572,252,2556,21,-1048,430,751185
2026-05-19 20:06:12,esterno,3060,15784,1068,71,639,-18,93752
2026-05-19 20:06:12,esterno,2980,15820,1476,10,899,92,93774
2026-05-19 20:06:12,lombar,16636,248,2768,26,-850,427,751207
2026-05-19 20:06:12,esterno,2704,15716,1608,-78,1189,211,93796
2026-05-19 20:06:12,lombar,16448,48,2844,10,-871,332,751229
2026-05-19 20:06:12,esterno,2604,15832,1632,-241,1010,169,93818
2026-05-19 20:06:12,lombar,16840,88,2648,87,-727,341,751251
2026-05-19 20:06:12,esterno,2776,15808,1416,-20,1301,223,93840
2026-05-19 20:06:12,lombar,16940,128,2728,160,-691,353,751273
2026-05-19 20:06:12,esterno,2708,15632,1524,-113,1234,251,93862
2026-05-19 20:06:12,lombar,16660,116,2484,215,-618,324,751295
2026-05-19 20:06:12,lombar,16732,-32,2508,172,-613,302,751317
2026-05-19 20:06:12,esterno,2764,15656,1520,-118,1099,327,93884
2026-05-19 20:06:12,esterno,2904,15564,1560,-37,1274,333,93906
2026-05-19 20:06:12,lombar,16692,64,2636,328,-642,329,751339
2026-05-19 20:06:12,esterno,3052,15480,1512,-59,1455,324,93928
2026-05-19 20:06:12,lombar,16604,192,2492,576,-583,371,751361
2026-05-19 20:06:12,esterno,2828,15608,1592,80,1561,307,93950
2026-05-19 20:06:12,lombar,16380,344,2360,670,-524,401,751383
2026-05-19 20:06:12,esterno,2552,15680,1452,125,1468,285,93972
2026-05-19 20:06:12,lombar,16720,264,2460,622,-712,438,751405
2026-05-19 20:06:12,lombar,16940,344,2328,523,-623,433,751427
2026-05-19 20:06:12,esterno,2444,15724,1792,76,1358,216,93994
2026-05-19 20:06:12,esterno,2428,15972,1860,191,1108,115,94016
2026-05-19 20:06:12,lombar,16924,388,2320,296,-630,353,751449
2026-05-19 20:06:12,esterno,2456,15892,2268,174,835,-45,94038
2026-05-19 20:06:12,lombar,16772,416,2328,151,-608,276,751471
2026-05-19 20:06:12,esterno,2504,15776,2304,18,394,-64,94060
2026-05-19 20:06:12,lombar,16696,376,2352,9,-512,344,751493
2026-05-19 20:06:12,esterno,2416,15556,1708,241,183,-41,94082
2026-05-19 20:06:12,lombar,16624,244,2616,-50,-472,315,751515
2026-05-19 20:06:12,lombar,16764,220,2404,-43,-426,241,751537
2026-05-19 20:06:12,esterno,2288,15540,1964,405,204,-256,94104
2026-05-19 20:06:12,esterno,2680,15756,1716,235,-252,-151,94126
2026-05-19 20:06:12,lombar,16700,16,1968,-92,-515,177,751559
2026-05-19 20:06:12,esterno,2596,15608,1004,58,-460,-68,94148
2026-05-19 20:06:12,lombar,16552,-112,2500,-64,-367,297,751581
2026-05-19 20:06:12,esterno,2552,15336,1044,284,86,-322,94170
2026-05-19 20:06:12,lombar,16952,40,2544,156,-508,341,751603
2026-05-19 20:06:12,esterno,2736,15324,1180,606,177,-419,94192
2026-05-19 20:06:12,lombar,16656,296,2576,335,-245,374,751625
2026-05-19 20:06:12,esterno,2860,15884,1248,580,302,-315,94214
2026-05-19 20:06:12,lombar,16568,416,2360,122,-406,334,751647
2026-05-19 20:06:12,esterno,2632,15744,1508,235,343,-245,94236
2026-05-19 20:06:12,lombar,16684,460,2116,-131,-241,398,751669
2026-05-19 20:06:12,esterno,2548,15788,1572,132,219,-207,94258
2026-05-19 20:06:12,lombar,16804,252,2568,-158,-150,352,751691
2026-05-19 20:06:12,esterno,2608,15788,1396,8,137,-143,94280
2026-05-19 20:06:12,lombar,16812,124,2476,-108,-260,286,751713
2026-05-19 20:06:12,lombar,16920,196,2596,-62,-129,380,751735
2026-05-19 20:06:12,esterno,2800,15604,1296,32,182,-160,94302
2026-05-19 20:06:12,lombar,16524,304,2664,81,-37,298,751757
2026-05-19 20:06:12,esterno,2640,15576,1132,222,54,-184,94324
2026-05-19 20:06:12,esterno,2644,15596,968,488,6,-160,94346
2026-05-19 20:06:12,lombar,16496,332,2108,154,50,295,751779
2026-05-19 20:06:12,esterno,2620,15880,1232,246,64,48,94368
2026-05-19 20:06:12,lombar,16524,148,2160,57,-297,311,751801
2026-05-19 20:06:12,esterno,2724,15916,868,127,320,38,94390
2026-05-19 20:06:12,lombar,16808,-88,1828,194,-698,419,751823
2026-05-19 20:06:12,esterno,2896,16180,1204,131,197,-57,94412
2026-05-19 20:06:12,lombar,16984,120,2072,395,-592,429,751845
2026-05-19 20:06:12,esterno,2780,16292,1336,185,380,49,94434
2026-05-19 20:06:12,lombar,17216,412,2868,146,-815,452,751867
2026-05-19 20:06:12,esterno,2376,16556,1444,-214,328,28,94456
2026-05-19 20:06:12,lombar,17228,-120,2376,-508,-1062,149,751889
2026-05-19 20:06:12,esterno,2220,16372,1804,-348,190,-64,94478
2026-05-19 20:06:12,lombar,17212,380,1816,-994,-385,-145,751911
2026-05-19 20:06:12,esterno,1976,15664,2216,-342,247,-355,94500
2026-05-19 20:06:12,lombar,16752,392,1624,-2003,-118,-289,751933
2026-05-19 20:06:12,esterno,1804,15452,2308,-588,213,-634,94522
2026-05-19 20:06:12,lombar,16832,244,2484,-3077,-100,-434,751955
2026-05-19 20:06:13,esterno,1604,15280,1920,-747,-6,-689,94544
2026-05-19 20:06:13,lombar,16920,-164,2612,-3200,652,-845,751977
2026-05-19 20:06:13,esterno,1380,14732,1328,-356,-248,-856,94566
2026-05-19 20:06:13,lombar,16088,-500,2620,-2617,721,-1137,751999
2026-05-19 20:06:13,esterno,1492,14776,1184,9,-426,-955,94588
2026-05-19 20:06:13,lombar,16060,0,1900,-2181,680,-934,752021
2026-05-19 20:06:13,lombar,16512,400,2516,-1848,861,-558,752043
2026-05-19 20:06:13,esterno,1744,15044,1408,75,-667,-1035,94610
2026-05-19 20:06:13,esterno,2128,15392,1340,217,-963,-884,94632
2026-05-19 20:06:13,lombar,16936,404,2784,-1172,199,-366,752065
2026-05-19 20:06:13,esterno,2316,15528,1376,256,-1306,-657,94654
2026-05-19 20:06:13,lombar,16188,668,2316,-910,-6,-422,752087
2026-05-19 20:06:13,esterno,2572,15484,992,374,-1420,-300,94676
2026-05-19 20:06:13,lombar,16056,1052,1768,-600,127,-120,752109
2026-05-19 20:06:13,esterno,2828,16020,844,562,-963,6,94698
2026-05-19 20:06:13,lombar,16672,168,1716,-255,-232,225,752131
2026-05-19 20:06:13,esterno,3788,16672,1140,237,-1484,575,94720
2026-05-19 20:06:13,lombar,17044,-256,2012,889,-779,147,752153
2026-05-19 20:06:13,esterno,3724,16484,592,136,-1209,1064,94742
2026-05-19 20:06:13,lombar,15996,-1584,2092,1943,-2528,-333,752175
2026-05-19 20:06:13,esterno,3648,16292,12,207,-235,1482,94764
2026-05-19 20:06:13,lombar,17328,1140,1488,4787,-710,382,752197
2026-05-19 20:06:13,esterno,3776,16040,240,514,278,1894,94786
2026-05-19 20:06:13,lombar,17680,3100,4768,3158,-2466,3020,752219
2026-05-19 20:06:13,esterno,3600,15632,8,711,844,2033,94808
2026-05-19 20:06:13,lombar,16764,1972,1932,1553,-1571,1532,752241
2026-05-19 20:06:13,esterno,2844,15968,352,477,861,2102,94830
2026-05-19 20:06:13,lombar,15880,1396,2552,970,-559,-235,752263
2026-05-19 20:06:13,esterno,2424,15912,1160,848,402,2385,94852
2026-05-19 20:06:13,lombar,16868,548,2536,1279,-1,68,752285
2026-05-19 20:06:13,esterno,2452,15552,1056,979,78,2248,94874
2026-05-19 20:06:13,lombar,17264,100,2464,3280,447,487,752307
2026-05-19 20:06:13,esterno,2720,15004,856,892,97,1797,94896
2026-05-19 20:06:13,lombar,16900,1272,2764,4794,1282,1126,752329
2026-05-19 20:06:13,lombar,16524,1260,3640,4244,1069,2003,752351
2026-05-19 20:06:13,esterno,3336,14640,860,889,162,1562,94918
2026-05-19 20:06:13,esterno,4124,14916,476,401,590,1342,94940
2026-05-19 20:06:13,lombar,16328,224,3844,3194,989,1847,752373
2026-05-19 20:06:13,esterno,4524,14768,344,458,903,1218,94962
2026-05-19 20:06:13,lombar,15880,-228,2904,2299,1642,785,752395
2026-05-19 20:06:13,esterno,3968,14988,-120,568,988,1062,94984
2026-05-19 20:06:13,lombar,15904,-700,3036,1281,1504,347,752417
2026-05-19 20:06:13,esterno,3060,15392,112,356,643,843,95006
2026-05-19 20:06:13,lombar,16444,-1240,2880,1005,964,205,752439
2026-05-19 20:06:13,esterno,2344,15540,-160,596,878,310,95028
2026-05-19 20:06:13,lombar,16588,-644,2024,1698,940,-284,752461
2026-05-19 20:06:13,esterno,2760,16016,36,1245,964,-305,95050
2026-05-19 20:06:13,lombar,16440,936,1272,1810,1725,33,752483
2026-05-19 20:06:13,esterno,2832,16732,1216,1219,1070,-660,95072
2026-05-19 20:06:13,lombar,16900,1032,1992,235,422,267,752505
2026-05-19 20:06:13,esterno,2960,16836,1840,1090,1032,-672,95094
2026-05-19 20:06:13,lombar,17248,1160,2608,-368,-498,-13,752527
2026-05-19 20:06:13,esterno,2792,16436,1792,538,640,-928,95116
2026-05-19 20:06:13,lombar,16644,860,2380,-202,-608,-314,752549
2026-05-19 20:06:13,esterno,2620,16176,1940,-710,73,-1336,95138
2026-05-19 20:06:13,lombar,15712,2972,1680,-2264,-721,495,752571
2026-05-19 20:06:13,esterno,2212,16584,1528,-1720,-265,-1112,95160
2026-05-19 20:06:13,lombar,16272,-340,2504,-4506,-2605,-465,752593
2026-05-19 20:06:13,esterno,2268,15840,1028,-1417,-645,-1206,95182
2026-05-19 20:06:13,lombar,19008,-1184,3156,-1726,-3040,-1106,752615
2026-05-19 20:06:13,lombar,16932,-620,2444,452,1036,63,752637
2026-05-19 20:06:13,esterno,2892,15316,660,-591,-888,-1148,95204
2026-05-19 20:06:13,esterno,2964,15056,104,-862,-587,-1434,95226
2026-05-19 20:06:13,lombar,15420,156,2460,-25,237,1010,752659
2026-05-19 20:06:13,esterno,3004,15192,-252,-693,-379,-1438,95248
2026-05-19 20:06:13,lombar,16616,396,3712,-797,-278,799,752681
2026-05-19 20:06:13,esterno,3292,15560,180,-281,-463,-1214,95270
2026-05-19 20:06:13,lombar,17660,496,3108,-94,363,159,752703
2026-05-19 20:06:13,esterno,2924,15816,488,-245,-602,-1264,95292
2026-05-19 20:06:13,lombar,16428,436,3260,-419,532,155,752725
2026-05-19 20:06:13,esterno,2780,15964,-36,-383,-574,-1211,95314
2026-05-19 20:06:13,lombar,16360,500,3032,-525,-221,32,752747
2026-05-19 20:06:13,esterno,2456,15956,872,-270,-476,-1015,95336
2026-05-19 20:06:13,lombar,16736,1120,3116,93,31,-42,752769
2026-05-19 20:06:13,esterno,3088,16228,428,226,-576,-642,95358
2026-05-19 20:06:13,lombar,16424,936,2656,191,594,142,752791
2026-05-19 20:06:13,esterno,3092,15884,120,211,-487,-481,95380
2026-05-19 20:06:13,lombar,16380,1028,2776,-64,149,169,752813
2026-05-19 20:06:13,esterno,2916,15908,352,196,-19,-475,95402
2026-05-19 20:06:13,lombar,16672,868,2332,121,-48,253,752835
2026-05-19 20:06:13,esterno,2976,16156,628,36,30,-432,95424
2026-05-19 20:06:13,lombar,16632,784,2816,200,-61,285,752857
2026-05-19 20:06:13,esterno,2840,16188,396,-234,250,-307,95446
2026-05-19 20:06:13,lombar,16888,804,2488,-8,-470,521,752879
2026-05-19 20:06:13,esterno,2656,15952,1164,-347,239,-248,95468
2026-05-19 20:06:13,lombar,16692,624,2724,10,-626,561,752901
2026-05-19 20:06:13,esterno,2704,15620,1292,-109,86,-161,95490
2026-05-19 20:06:13,lombar,16852,424,2628,88,-392,538,752923
2026-05-19 20:06:13,esterno,2528,15792,1136,35,5,-82,95512
2026-05-19 20:06:14,lombar,16832,508,2500,203,-145,598,752945
2026-05-19 20:06:14,esterno,2584,15920,996,-200,185,-4,95534
2026-05-19 20:06:14,lombar,16796,428,2520,208,-75,493,752967
2026-05-19 20:06:14,esterno,2640,15992,1004,-264,154,114,95556
2026-05-19 20:06:14,lombar,16884,392,2776,97,-195,501,752989
2026-05-19 20:06:14,esterno,2632,15980,612,-151,275,133,95578
2026-05-19 20:06:14,lombar,16880,236,2640,258,-204,461,753011
2026-05-19 20:06:14,esterno,2412,15552,876,-189,566,-22,95600
2026-05-19 20:06:14,lombar,16548,520,2804,273,-181,539,753033
2026-05-19 20:06:14,esterno,2292,15332,808,-16,667,-130,95622
2026-05-19 20:06:14,lombar,16452,328,2760,155,-198,464,753055
2026-05-19 20:06:14,esterno,2376,15520,868,171,287,-176,95644
2026-05-19 20:06:14,lombar,16600,388,2960,245,63,455,753077
2026-05-19 20:06:14,esterno,2684,16100,420,-386,675,52,95666
2026-05-19 20:06:14,lombar,16684,520,2996,118,111,411,753099
2026-05-19 20:06:14,esterno,2640,16028,120,-881,669,136,95688
2026-05-19 20:06:14,lombar,16704,488,3252,-111,6,485,753121
2026-05-19 20:06:14,esterno,2536,15864,232,-326,663,-205,95710
2026-05-19 20:06:14,lombar,16560,316,3028,123,59,363,753143
2026-05-19 20:06:14,esterno,2324,15724,528,-99,668,-300,95732
2026-05-19 20:06:14,lombar,16380,224,3288,131,-109,409,753165
2026-05-19 20:06:14,esterno,2372,15396,444,-196,741,-228,95754
2026-05-19 20:06:14,lombar,16344,192,3228,191,-164,450,753187
2026-05-19 20:06:14,esterno,2408,15452,256,-100,818,-97,95776
2026-05-19 20:06:14,lombar,16408,376,3296,329,-98,347,753209
2026-05-19 20:06:14,esterno,2316,15688,364,120,843,-45,95798
2026-05-19 20:06:14,lombar,16484,528,3308,292,16,285,753231
2026-05-19 20:06:14,esterno,2276,16040,860,76,688,-9,95820
2026-05-19 20:06:14,lombar,16700,532,3200,108,-203,266,753253
2026-05-19 20:06:14,lombar,16760,532,2884,115,-120,321,753275
2026-05-19 20:06:14,esterno,2144,16144,720,-83,382,-36,95842
2026-05-19 20:06:14,esterno,2316,16128,672,-99,56,-81,95864
2026-05-19 20:06:14,lombar,16544,620,2836,-76,-185,409,753297
2026-05-19 20:06:14,esterno,2096,15824,696,-133,-183,-152,95886
2026-05-19 20:06:14,lombar,16692,444,2888,-163,-270,356,753319
2026-05-19 20:06:14,esterno,2388,15840,792,-73,-319,-231,95908
2026-05-19 20:06:14,lombar,16720,488,2792,-229,-207,373,753341
2026-05-19 20:06:14,esterno,2696,15856,772,-156,-312,-265,95930
2026-05-19 20:06:14,lombar,16552,564,2824,-294,-254,355,753363
2026-05-19 20:06:14,lombar,16636,356,2836,-106,-304,378,753385
2026-05-19 20:06:14,esterno,2804,15856,896,-301,-368,-115,95952
2026-05-19 20:06:14,esterno,2708,15776,404,-205,-227,3,95974
2026-05-19 20:06:14,lombar,16408,364,3028,-49,-241,375,753407
2026-05-19 20:06:14,lombar,16640,492,2976,-58,-353,526,753429
2026-05-19 20:06:14,esterno,2372,15740,1028,-432,-127,-137,95996
2026-05-19 20:06:14,esterno,2648,15960,656,-403,-391,29,96018
2026-05-19 20:06:14,lombar,16680,356,3128,-37,-365,355,753451
2026-05-19 20:06:14,esterno,2424,15532,492,-557,-436,35,96040
2026-05-19 20:06:14,lombar,16636,460,3052,89,-284,343,753473
2026-05-19 20:06:14,esterno,2444,15636,324,-371,-31,-53,96062
2026-05-19 20:06:14,lombar,16620,516,2844,40,-209,419,753495
2026-05-19 20:06:14,esterno,2540,15804,596,-149,129,-86,96084
2026-05-19 20:06:14,lombar,16684,512,2892,98,-262,431,753517
2026-05-19 20:06:14,esterno,2528,15848,580,8,360,-179,96106
2026-05-19 20:06:14,lombar,16768,600,2912,73,-351,436,753539
2026-05-19 20:06:14,esterno,2360,15920,984,7,346,-193,96128
2026-05-19 20:06:14,lombar,16520,412,3056,-49,-385,418,753561
2026-05-19 20:06:14,lombar,16732,212,2932,6,-252,366,753583
2026-05-19 20:06:14,esterno,2292,15840,1264,-46,148,-94,96150
2026-05-19 20:06:14,esterno,2408,15712,696,-70,240,-119,96172
2026-05-19 20:06:14,lombar,16628,248,2732,111,-230,298,753605
2026-05-19 20:06:14,esterno,2484,15756,736,-258,405,-48,96194
2026-05-19 20:06:14,lombar,16728,224,2684,128,-92,285,753627
2026-05-19 20:06:14,esterno,2308,15736,660,-368,381,-27,96216
2026-05-19 20:06:14,lombar,16676,408,2984,155,-273,266,753649
2026-05-19 20:06:14,esterno,2136,15900,452,-349,405,-38,96238
2026-05-19 20:06:14,lombar,16748,52,2888,134,-412,335,753671
2026-05-19 20:06:14,esterno,2256,15804,764,-414,601,-98,96260
2026-05-19 20:06:14,lombar,16892,148,2916,202,-334,119,753693
2026-05-19 20:06:14,esterno,2468,15992,740,-549,953,-154,96282
2026-05-19 20:06:14,lombar,16512,184,2856,271,-402,109,753715
2026-05-19 20:06:14,lombar,16680,324,3028,311,-430,228,753737
2026-05-19 20:06:14,esterno,2776,16120,932,-569,676,-263,96304
2026-05-19 20:06:14,esterno,2404,15884,1052,-657,771,-328,96326
2026-05-19 20:06:14,lombar,16728,724,3128,414,-424,419,753759
2026-05-19 20:06:14,esterno,1924,15516,640,-683,477,-483,96348
2026-05-19 20:06:14,lombar,16320,676,3300,208,-562,549,753781
2026-05-19 20:06:14,esterno,1996,15596,848,-596,118,-393,96370
2026-05-19 20:06:14,lombar,16492,500,3184,-20,-601,421,753803
2026-05-19 20:06:14,esterno,2288,15636,792,-573,-19,-206,96392
2026-05-19 20:06:14,lombar,16656,544,2944,-22,-444,254,753825
2026-05-19 20:06:14,esterno,2376,15764,764,-552,-139,-285,96414
2026-05-19 20:06:14,lombar,16508,688,3088,-146,-502,299,753847
2026-05-19 20:06:14,esterno,2388,15816,684,-489,-181,-259,96436
2026-05-19 20:06:14,lombar,16584,624,2872,-153,-550,341,753869
2026-05-19 20:06:14,lombar,16608,552,3192,-170,-621,390,753891
2026-05-19 20:06:14,esterno,2280,15832,792,-375,-173,-152,96458
2026-05-19 20:06:14,esterno,2292,15844,1016,-229,-240,-40,96480
2026-05-19 20:06:14,lombar,16576,436,3016,-249,-704,415,753913
2026-05-19 20:06:14,esterno,2104,15556,988,-167,-212,-86,96502
2026-05-19 20:06:14,lombar,16628,500,3028,-134,-594,358,753935
2026-05-19 20:06:14,esterno,2224,15500,1056,-126,-294,-67,96524
2026-05-19 20:06:15,lombar,16640,460,3012,-222,-654,321,753957
2026-05-19 20:06:15,esterno,2352,15624,1180,-37,-453,23,96546
2026-05-19 20:06:15,lombar,16668,368,2776,-285,-491,333,753979
2026-05-19 20:06:15,esterno,2432,15672,992,-46,-355,25,96568
2026-05-19 20:06:15,lombar,16668,248,2844,-167,-497,360,754001
2026-05-19 20:06:15,esterno,2352,15820,976,-146,-253,23,96590
2026-05-19 20:06:15,lombar,16816,340,2640,-76,-474,403,754023
2026-05-19 20:06:15,esterno,2448,15948,1120,-43,-329,28,96612
2026-05-19 20:06:15,lombar,16804,268,2756,94,-319,410,754045
2026-05-19 20:06:15,esterno,2200,15804,1008,140,-177,146,96634
2026-05-19 20:06:15,lombar,16736,72,2700,153,-272,348,754067
2026-05-19 20:06:15,esterno,1960,15784,1516,156,-397,155,96656
2026-05-19 20:06:15,lombar,16644,452,2708,212,-306,399,754089
2026-05-19 20:06:15,esterno,2232,15864,1132,236,-624,425,96678
2026-05-19 20:06:15,lombar,16696,316,2456,21,-180,322,754111
2026-05-19 20:06:15,esterno,2176,15708,768,15,-570,377,96700
2026-05-19 20:06:15,lombar,16540,392,2872,43,-64,260,754133
2026-05-19 20:06:15,esterno,2496,15784,448,-118,96,301,96722
2026-05-19 20:06:15,lombar,16712,324,2824,133,-140,334,754155
2026-05-19 20:06:15,esterno,2584,15908,780,-9,329,301,96744
2026-05-19 20:06:15,lombar,16652,252,3036,158,-156,269,754177
2026-05-19 20:06:15,lombar,16564,284,2964,227,-104,278,754199
2026-05-19 20:06:15,esterno,2472,15752,396,233,641,303,96766
2026-05-19 20:06:15,esterno,2280,15824,840,-48,691,334,96788
2026-05-19 20:06:15,lombar,16596,260,2852,279,-16,284,754221
2026-05-19 20:06:15,esterno,2264,15848,784,9,580,355,96810
2026-05-19 20:06:15,lombar,16672,400,3048,172,25,210,754243
2026-05-19 20:06:15,esterno,2216,15816,796,213,426,379,96832
2026-05-19 20:06:15,lombar,16616,352,2944,252,-14,213,754265
2026-05-19 20:06:15,esterno,2108,15568,624,74,449,314,96854
