timestamp,node,ax,ay,az,gx,gy,gz,t_ms
2026-05-19 20:06:29,esterno,2280,16020,780,-326,402,-21,111154
2026-05-19 20:06:29,lombar,16700,256,2592,66,-518,421,768587
2026-05-19 20:06:29,lombar,16556,296,2544,95,-439,404,768609
2026-05-19 20:06:29,esterno,2212,15872,588,-433,404,8,111176
2026-05-19 20:06:29,lombar,16740,376,2464,55,-722,377,768631
2026-05-19 20:06:29,esterno,2160,15948,708,-570,395,35,111198
2026-05-19 20:06:29,esterno,2152,15812,780,-590,171,104,111220
2026-05-19 20:06:29,lombar,16720,404,2624,75,-726,440,768653
2026-05-19 20:06:29,esterno,2192,15780,444,-673,191,73,111242
2026-05-19 20:06:29,lombar,16712,312,2592,109,-771,483,768675
2026-05-19 20:06:29,esterno,2144,15624,760,-716,404,0,111264
2026-05-19 20:06:29,lombar,16668,420,2692,81,-721,520,768697
2026-05-19 20:06:29,esterno,2144,15784,912,-611,381,7,111286
2026-05-19 20:06:29,lombar,16704,304,2520,62,-629,392,768719
2026-05-19 20:06:29,esterno,2396,15956,944,-564,231,258,111308
2026-05-19 20:06:29,lombar,16680,252,2508,5,-653,383,768741
2026-05-19 20:06:29,esterno,2256,15892,952,-648,373,351,111330
2026-05-19 20:06:29,lombar,16664,172,2460,-19,-701,390,768763
2026-05-19 20:06:29,esterno,2336,15844,864,-784,227,228,111352
2026-05-19 20:06:29,lombar,16648,188,2356,113,-840,366,768785
2026-05-19 20:06:29,esterno,2636,15772,936,-705,340,123,111374
2026-05-19 20:06:29,lombar,16752,108,2256,158,-664,402,768807
2026-05-19 20:06:29,lombar,16608,204,2344,213,-734,391,768829
2026-05-19 20:06:29,esterno,2628,15724,1072,-772,504,275,111396
2026-05-19 20:06:29,esterno,2364,15828,1164,-811,504,394,111418
2026-05-19 20:06:29,lombar,16680,444,2292,183,-740,356,768851
2026-05-19 20:06:29,esterno,2100,15672,1092,-770,468,394,111440
2026-05-19 20:06:29,lombar,16668,212,2448,220,-843,360,768873
2026-05-19 20:06:29,esterno,2204,15700,1160,-698,499,265,111462
2026-05-19 20:06:29,lombar,16704,168,2404,272,-922,387,768895
2026-05-19 20:06:29,esterno,2220,15584,1356,-543,467,237,111484
2026-05-19 20:06:29,lombar,16588,160,2296,299,-924,356,768917
2026-05-19 20:06:29,esterno,2236,15600,1204,-436,433,233,111506
2026-05-19 20:06:29,lombar,16748,112,2092,343,-767,313,768939
2026-05-19 20:06:30,esterno,2112,15688,1296,-348,301,200,111528
2026-05-19 20:06:30,lombar,16780,460,2168,186,-531,228,768961
2026-05-19 20:06:30,esterno,2428,15820,1348,-413,263,170,111550
2026-05-19 20:06:30,lombar,16796,300,2100,-26,-616,282,768983
2026-05-19 20:06:30,esterno,2652,16000,1204,-651,117,145,111572
2026-05-19 20:06:30,lombar,16664,292,2128,-69,-618,212,769005
2026-05-19 20:06:30,esterno,2708,16028,912,-946,179,145,111594
2026-05-19 20:06:30,lombar,16592,500,2356,-133,-734,286,769027
2026-05-19 20:06:30,esterno,2480,15920,676,-1032,195,358,111616
2026-05-19 20:06:30,lombar,16464,428,2472,-73,-733,324,769049
2026-05-19 20:06:30,esterno,2496,15844,612,-1071,251,358,111638
2026-05-19 20:06:30,lombar,16420,268,2492,19,-917,328,769071
2026-05-19 20:06:30,esterno,2724,15572,524,-1023,374,347,111660
2026-05-19 20:06:30,lombar,16472,144,2392,112,-1080,319,769093
2026-05-19 20:06:30,esterno,2852,15592,732,-945,604,455,111682
2026-05-19 20:06:30,lombar,16488,272,2468,269,-1190,329,769115
2026-05-19 20:06:30,esterno,2776,15636,932,-914,866,511,111704
2026-05-19 20:06:30,lombar,16540,124,1972,402,-1204,381,769137
2026-05-19 20:06:30,esterno,2784,15768,1192,-829,927,557,111726
2026-05-19 20:06:30,lombar,16756,272,1944,458,-1173,464,769159
2026-05-19 20:06:30,esterno,2660,15812,1528,-708,753,692,111748
2026-05-19 20:06:30,lombar,16648,84,2040,579,-1274,539,769181
2026-05-19 20:06:30,esterno,2184,15704,1000,-499,1253,676,111770
2026-05-19 20:06:30,lombar,16716,168,1832,786,-1061,379,769203
2026-05-19 20:06:30,esterno,2200,16012,1920,-513,312,590,111792
2026-05-19 20:06:30,lombar,16628,360,1592,498,-983,385,769225
2026-05-19 20:06:30,esterno,1880,16092,2184,-643,266,705,111814
2026-05-19 20:06:30,lombar,16968,200,1600,392,-963,295,769247
2026-05-19 20:06:30,esterno,1904,15652,1980,-879,32,560,111836
2026-05-19 20:06:30,lombar,17060,200,1756,394,-934,316,769269
2026-05-19 20:06:30,esterno,2284,15652,2076,-894,150,204,111858
2026-05-19 20:06:30,lombar,16820,476,1616,323,-925,380,769291
2026-05-19 20:06:30,esterno,2852,15536,1844,-939,184,112,111880
2026-05-19 20:06:30,lombar,16464,488,1544,185,-838,319,769313
2026-05-19 20:06:30,esterno,2896,15680,1796,-1075,330,236,111902
2026-05-19 20:06:30,lombar,16756,572,1800,-52,-994,459,769335
2026-05-19 20:06:30,lombar,16848,364,1480,-193,-990,328,769357
2026-05-19 20:06:30,esterno,2848,15948,1852,-1126,40,660,111924
2026-05-19 20:06:30,esterno,2628,15824,1788,-1019,-52,435,111946
2026-05-19 20:06:30,lombar,16772,196,1668,-168,-1099,326,769379
2026-05-19 20:06:30,lombar,16692,188,1412,-18,-1266,369,769401
2026-05-19 20:06:30,esterno,2504,15408,1988,-1107,7,-47,111968
2026-05-19 20:06:30,esterno,2736,15396,2188,-1218,-167,-81,111990
2026-05-19 20:06:30,lombar,16648,336,1432,52,-1253,394,769423
2026-05-19 20:06:30,esterno,2940,15356,2172,-1019,-487,223,112012
2026-05-19 20:06:30,lombar,16580,280,1432,-134,-1229,396,769445
2026-05-19 20:06:30,esterno,2756,15412,2048,-961,-273,303,112034
2026-05-19 20:06:30,lombar,16784,300,1104,-386,-1061,191,769467
2026-05-19 20:06:30,esterno,2852,15512,2464,-972,-124,155,112056
2026-05-19 20:06:30,lombar,16988,316,896,-583,-788,76,769489
2026-05-19 20:06:30,esterno,2652,15724,2688,-936,-204,109,112078
2026-05-19 20:06:30,lombar,17280,444,392,-660,-397,-80,769511
2026-05-19 20:06:30,esterno,2856,15836,3096,-708,-239,91,112100
2026-05-19 20:06:30,lombar,17296,392,1036,-1004,-604,-14,769533
2026-05-19 20:06:30,lombar,17096,292,1480,-644,-1061,15,769555
2026-05-19 20:06:30,esterno,2596,15404,3028,-782,-162,-89,112122
2026-05-19 20:06:30,esterno,2692,14916,2696,-690,-258,-112,112144
2026-05-19 20:06:30,lombar,16308,-340,792,-80,-590,-64,769577
2026-05-19 20:06:30,esterno,3148,15040,2612,-455,-204,271,112166
2026-05-19 20:06:30,lombar,16180,-228,680,554,-476,138,769599
2026-05-19 20:06:30,esterno,3324,15248,2220,-114,-46,645,112188
2026-05-19 20:06:30,lombar,17348,348,1108,812,-986,483,769621
2026-05-19 20:06:30,esterno,3152,15416,2328,231,80,620,112210
2026-05-19 20:06:30,lombar,17420,628,1168,934,-776,565,769643
2026-05-19 20:06:30,esterno,3060,15536,2260,169,305,458,112232
2026-05-19 20:06:30,lombar,16880,644,768,523,1,453,769665
2026-05-19 20:06:30,esterno,3164,15520,2452,173,308,518,112254
2026-05-19 20:06:30,lombar,16764,364,1292,103,185,136,769687
2026-05-19 20:06:30,lombar,17140,196,1056,-65,428,59,769709
2026-05-19 20:06:30,esterno,2960,15392,2188,445,179,593,112276
2026-05-19 20:06:30,esterno,2708,15340,2356,546,120,611,112298
2026-05-19 20:06:30,lombar,16920,260,1524,263,509,223,769731
2026-05-19 20:06:30,esterno,2752,14908,1944,763,70,502,112320
2026-05-19 20:06:30,lombar,16160,-64,1720,-89,731,145,769753
2026-05-19 20:06:30,esterno,2684,15068,1592,789,-18,306,112342
2026-05-19 20:06:30,lombar,16052,-424,1088,284,138,-382,769775
2026-05-19 20:06:30,esterno,3016,15432,1728,663,133,282,112364
2026-05-19 20:06:30,lombar,16548,316,1224,529,278,16,769797
2026-05-19 20:06:30,esterno,3112,15616,1672,551,147,470,112386
2026-05-19 20:06:30,lombar,16772,508,1076,265,-481,238,769819
2026-05-19 20:06:30,esterno,3040,16068,1932,456,39,479,112408
2026-05-19 20:06:30,lombar,16776,528,892,22,-391,330,769841
2026-05-19 20:06:30,esterno,3140,16124,2284,37,49,400,112430
2026-05-19 20:06:30,lombar,16784,92,1076,-88,-649,197,769863
2026-05-19 20:06:30,esterno,2880,15820,2312,-124,-19,218,112452
2026-05-19 20:06:30,lombar,17264,268,928,-21,-214,117,769885
2026-05-19 20:06:30,esterno,3152,15660,2156,-165,19,32,112474
2026-05-19 20:06:30,lombar,17312,740,256,282,699,252,769907
2026-05-19 20:06:30,esterno,3284,15648,2908,143,83,91,112496
2026-05-19 20:06:30,lombar,17228,1052,1564,180,501,531,769929
2026-05-19 20:06:30,esterno,3312,15264,2144,737,209,55,112518
2026-05-19 20:06:30,lombar,17348,-252,2424,362,-93,440,769951
2026-05-19 20:06:31,esterno,2924,14548,1664,1134,26,-418,112540
2026-05-19 20:06:31,lombar,16072,120,856,907,1095,-75,769973
2026-05-19 20:06:31,esterno,3024,14704,1656,1267,-117,-617,112562
2026-05-19 20:06:31,lombar,15928,1288,852,230,1032,-272,769995
2026-05-19 20:06:31,lombar,17144,1432,1344,-933,141,-110,770017
2026-05-19 20:06:31,esterno,2996,15424,1728,1610,245,-294,112584
2026-05-19 20:06:31,esterno,3488,15684,2092,1717,-358,-391,112606
2026-05-19 20:06:31,lombar,17720,504,1444,-1105,-314,-64,770039
2026-05-19 20:06:31,esterno,3296,15372,2024,1410,-423,-561,112628
2026-05-19 20:06:31,lombar,17136,-348,1788,-371,243,-133,770061
2026-05-19 20:06:31,esterno,3400,14988,768,749,-251,-751,112650
2026-05-19 20:06:31,lombar,16792,-472,2144,380,1198,-204,770083
2026-05-19 20:06:31,esterno,3368,15064,448,976,-63,-684,112672
2026-05-19 20:06:31,lombar,16788,568,2100,1258,2101,-213,770105
2026-05-19 20:06:31,esterno,3140,15504,340,1579,-324,-579,112694
2026-05-19 20:06:31,lombar,16020,1976,1928,656,2079,47,770127
2026-05-19 20:06:31,esterno,2824,16016,780,2015,32,-251,112716
2026-05-19 20:06:31,lombar,15912,1696,956,-159,1169,-44,770149
2026-05-19 20:06:31,lombar,16764,848,1992,-85,-138,-87,770171
2026-05-19 20:06:31,esterno,2688,16488,1356,1596,60,-166,112738
2026-05-19 20:06:31,esterno,2872,16472,1084,792,170,-146,112760
2026-05-19 20:06:31,lombar,16668,612,2204,265,159,233,770193
2026-05-19 20:06:31,esterno,3060,16176,544,459,255,-72,112782
2026-05-19 20:06:31,lombar,16136,384,2508,517,374,346,770215
2026-05-19 20:06:31,esterno,3232,15940,476,607,298,131,112804
2026-05-19 20:06:31,lombar,16348,556,2188,509,261,365,770237
2026-05-19 20:06:31,esterno,3284,16068,576,808,100,434,112826
2026-05-19 20:06:31,lombar,16736,528,2180,440,-139,360,770259
2026-05-19 20:06:31,esterno,2880,16364,528,693,362,569,112848
2026-05-19 20:06:31,lombar,16868,636,2256,368,-400,373,770281
2026-05-19 20:06:31,esterno,2640,16288,828,474,384,392,112870
2026-05-19 20:06:31,lombar,16824,676,1816,337,-424,513,770303
2026-05-19 20:06:31,esterno,2420,16004,1460,506,178,-93,112892
2026-05-19 20:06:31,lombar,16596,432,2160,402,-469,551,770325
2026-05-19 20:06:31,esterno,3304,16044,1216,249,152,-154,112914
2026-05-19 20:06:31,lombar,16860,676,2028,328,-456,619,770347
2026-05-19 20:06:31,esterno,3428,15904,584,41,312,2,112936
2026-05-19 20:06:31,lombar,16828,716,2008,170,-466,696,770369
2026-05-19 20:06:31,esterno,2844,15900,1108,-33,-65,16,112958
2026-05-19 20:06:31,lombar,16796,712,1716,144,-410,599,770391
2026-05-19 20:06:31,esterno,2588,15672,1172,-144,-40,63,112980
2026-05-19 20:06:31,lombar,16484,492,2116,-52,-274,672,770413
2026-05-19 20:06:31,esterno,3108,15124,1248,-140,49,-236,113002
2026-05-19 20:06:31,lombar,16812,668,1524,-113,-44,505,770435
2026-05-19 20:06:31,esterno,3412,15164,1384,227,259,-235,113024
2026-05-19 20:06:31,lombar,17148,560,1800,-171,321,458,770457
2026-05-19 20:06:31,lombar,17208,544,1444,-185,680,451,770479
2026-05-19 20:06:31,esterno,2884,15684,1616,468,572,246,113046
2026-05-19 20:06:31,esterno,2012,15576,1348,887,324,198,113068
2026-05-19 20:06:31,lombar,16908,480,2088,-183,767,499,770501
2026-05-19 20:06:31,esterno,1816,15560,1372,1193,-128,-416,113090
2026-05-19 20:06:31,lombar,16792,404,1784,-200,526,501,770523
2026-05-19 20:06:31,esterno,2096,15696,588,979,-727,-801,113112
2026-05-19 20:06:31,lombar,16420,432,2592,-338,606,434,770545
2026-05-19 20:06:31,esterno,2340,15696,-128,597,-883,-922,113134
2026-05-19 20:06:31,lombar,16280,200,2796,-266,432,218,770567
2026-05-19 20:06:31,esterno,2696,15592,-592,219,-711,-1229,113156
2026-05-19 20:06:31,lombar,16240,532,3124,-353,348,187,770589
2026-05-19 20:06:31,esterno,3376,15936,-776,-120,-510,-1187,113178
2026-05-19 20:06:31,lombar,16324,572,2960,-393,220,156,770611
2026-05-19 20:06:31,lombar,16432,680,2952,-356,187,248,770633
2026-05-19 20:06:31,esterno,3704,16284,-836,-419,-259,-718,113200
2026-05-19 20:06:31,esterno,3492,15764,-728,-376,103,-464,113222
2026-05-19 20:06:31,lombar,16496,716,3000,-267,-27,436,770655
2026-05-19 20:06:31,esterno,3380,15500,-552,-186,398,-410,113244
2026-05-19 20:06:31,lombar,16516,732,2880,71,116,415,770677
2026-05-19 20:06:31,esterno,3440,15620,-184,-170,1036,-212,113266
2026-05-19 20:06:31,lombar,16616,724,2756,200,161,353,770699
2026-05-19 20:06:31,esterno,3200,15484,88,107,1288,-156,113288
2026-05-19 20:06:31,lombar,16700,560,2712,307,143,439,770721
2026-05-19 20:06:31,esterno,3084,15664,112,1070,1322,-248,113310
2026-05-19 20:06:31,lombar,16712,516,2580,574,76,395,770743
2026-05-19 20:06:31,esterno,2588,15996,792,1316,1417,-272,113332
2026-05-19 20:06:31,lombar,16656,700,2224,571,54,511,770765
2026-05-19 20:06:31,lombar,16484,424,2400,570,22,565,770787
2026-05-19 20:06:31,esterno,2268,16472,1464,489,228,150,113354
2026-05-19 20:06:31,esterno,2112,16480,144,-267,-43,383,113376
2026-05-19 20:06:31,lombar,16936,324,2232,576,7,528,770809
2026-05-19 20:06:31,esterno,2024,15900,-132,-67,229,-26,113398
2026-05-19 20:06:31,lombar,16760,672,2396,453,-171,603,770831
2026-05-19 20:06:31,esterno,2340,15988,88,273,169,-330,113420
2026-05-19 20:06:31,lombar,16564,644,2376,244,-664,653,770853
2026-05-19 20:06:31,esterno,2908,16416,568,107,367,-199,113442
2026-05-19 20:06:31,lombar,16676,456,2116,206,-724,544,770875
2026-05-19 20:06:31,esterno,2828,16188,164,-202,505,-6,113464
2026-05-19 20:06:31,lombar,16820,496,2028,322,-645,563,770897
2026-05-19 20:06:31,esterno,2440,15864,496,-96,509,-100,113486
2026-05-19 20:06:31,lombar,16720,360,2424,298,-860,627,770919
2026-05-19 20:06:31,esterno,2544,15600,376,-241,644,-123,113508
2026-05-19 20:06:31,lombar,16592,380,2468,243,-1178,621,770941
2026-05-19 20:06:32,esterno,2496,15460,476,-747,845,-42,113530
2026-05-19 20:06:32,lombar,16576,296,2260,300,-1016,417,770963
2026-05-19 20:06:32,lombar,16692,376,2080,155,-919,452,770985
2026-05-19 20:06:32,esterno,2820,15828,740,-592,891,83,113552
2026-05-19 20:06:32,esterno,2608,16220,692,-474,902,100,113574
2026-05-19 20:06:32,lombar,16936,340,1984,148,-866,381,771007
2026-05-19 20:06:32,esterno,2332,16092,492,-710,718,11,113596
2026-05-19 20:06:32,lombar,17052,304,2368,241,-904,543,771029
2026-05-19 20:06:32,esterno,2192,15540,352,-813,340,-115,113618
2026-05-19 20:06:32,lombar,16968,164,2356,490,-605,556,771051
2026-05-19 20:06:32,esterno,1980,15280,220,-920,316,-524,113640
2026-05-19 20:06:32,lombar,16704,48,2364,564,-373,475,771073
2026-05-19 20:06:32,lombar,16384,316,2672,467,-193,347,771095
2026-05-19 20:06:32,esterno,2524,15300,560,-926,491,-711,113662
2026-05-19 20:06:32,esterno,2564,15492,480,-475,367,-358,113684
2026-05-19 20:06:32,lombar,16516,500,2664,245,-266,377,771117
2026-05-19 20:06:32,esterno,2328,15644,312,-533,191,-237,113706
2026-05-19 20:06:32,lombar,16620,508,2624,236,-316,298,771139
2026-05-19 20:06:32,esterno,2572,15664,220,-662,396,-236,113728
2026-05-19 20:06:32,lombar,16684,492,2408,286,-383,378,771161
2026-05-19 20:06:32,esterno,2660,15592,100,5,395,-124,113750
2026-05-19 20:06:32,lombar,16656,440,2188,362,-419,380,771183
2026-05-19 20:06:32,esterno,2608,15772,404,95,494,-26,113772
2026-05-19 20:06:32,lombar,16684,748,2132,261,-446,347,771205
2026-05-19 20:06:32,esterno,2808,16012,768,-51,516,104,113794
2026-05-19 20:06:32,lombar,16852,848,1864,8,-636,221,771227
2026-05-19 20:06:32,lombar,16796,788,1816,-209,-749,161,771249
2026-05-19 20:06:32,esterno,2660,16048,1044,-86,335,177,113816
2026-05-19 20:06:32,esterno,2648,15764,1168,-32,172,139,113838
2026-05-19 20:06:32,lombar,16752,608,1580,-111,-737,363,771271
2026-05-19 20:06:32,lombar,16672,372,2164,186,-694,446,771293
2026-05-19 20:06:32,esterno,2564,15492,1312,-339,111,41,113860
2026-05-19 20:06:32,esterno,2624,15424,1128,-1061,65,-120,113882
2026-05-19 20:06:32,lombar,16652,104,2156,390,-458,556,771315
2026-05-19 20:06:32,esterno,2608,15392,532,-875,-177,119,113904
2026-05-19 20:06:32,lombar,16524,204,2460,464,-310,489,771337
2026-05-19 20:06:32,lombar,16724,524,2260,387,-325,460,771359
2026-05-19 20:06:32,esterno,2348,15388,488,-301,-262,94,113926
2026-05-19 20:06:32,esterno,2160,15480,632,-299,-178,-110,113948
2026-05-19 20:06:32,lombar,16768,612,2056,295,-219,451,771381
2026-05-19 20:06:32,lombar,16948,584,1972,61,-263,534,771403
2026-05-19 20:06:32,esterno,2332,15728,256,-9,-196,-267,113970
2026-05-19 20:06:32,esterno,2540,15916,344,615,255,-216,113992
2026-05-19 20:06:32,lombar,16808,320,2232,-98,-490,436,771425
2026-05-19 20:06:32,esterno,2712,16220,1208,416,-930,3,114014
2026-05-19 20:06:32,lombar,16868,344,1780,-140,-611,358,771447
2026-05-19 20:06:32,esterno,2424,16172,588,-144,-852,199,114036
2026-05-19 20:06:32,lombar,16616,452,1724,-367,-568,242,771469
2026-05-19 20:06:32,esterno,2012,15892,660,-265,-432,3,114058
2026-05-19 20:06:32,lombar,16832,580,1516,-550,-621,192,771491
2026-05-19 20:06:32,esterno,2164,15700,988,-132,-293,-179,114080
2026-05-19 20:06:32,lombar,16904,348,1768,-448,-687,352,771513
2026-05-19 20:06:32,esterno,2464,15828,1032,-193,-308,-209,114102
2026-05-19 20:06:32,lombar,16772,40,1804,-267,-587,469,771535
2026-05-19 20:06:32,esterno,2716,15912,1056,-1000,-158,-218,114124
2026-05-19 20:06:32,lombar,16508,-220,1768,-102,-453,542,771557
2026-05-19 20:06:32,esterno,2616,15792,460,-938,-175,-118,114146
2026-05-19 20:06:32,lombar,16624,140,2040,-6,-195,399,771579
2026-05-19 20:06:32,lombar,16972,344,2240,-113,-191,379,771601
2026-05-19 20:06:32,esterno,2300,15720,640,-512,-184,-119,114168
2026-05-19 20:06:32,esterno,2332,15744,476,-412,16,-201,114190
2026-05-19 20:06:32,lombar,16888,248,2176,-130,-159,379,771623
2026-05-19 20:06:32,esterno,2472,15604,500,-293,215,-230,114212
2026-05-19 20:06:32,lombar,16752,224,1912,8,-43,451,771645
2026-05-19 20:06:32,esterno,2492,15620,496,-44,356,-229,114234
2026-05-19 20:06:32,lombar,16616,364,2060,166,-106,349,771667
2026-05-19 20:06:32,esterno,2464,16064,956,-69,385,-274,114256
2026-05-19 20:06:32,esterno,2532,16124,956,-464,261,-73,114278
2026-05-19 20:06:32,lombar,16744,556,2072,60,-172,284,771689
2026-05-19 20:06:32,lombar,16736,468,1964,-102,-303,265,771711
2026-05-19 20:06:32,esterno,2372,15944,764,-666,289,-61,114300
2026-05-19 20:06:32,lombar,16664,388,1788,-165,-287,284,771733
2026-05-19 20:06:32,esterno,2628,15900,1136,-722,46,59,114322
2026-05-19 20:06:32,lombar,16804,268,1588,-79,-282,257,771755
2026-05-19 20:06:32,esterno,2704,16136,1548,-490,170,192,114344
2026-05-19 20:06:32,lombar,17000,368,1700,55,12,242,771777
2026-05-19 20:06:32,esterno,2372,16464,1692,-703,-105,290,114366
2026-05-19 20:06:32,lombar,16948,72,1636,29,75,199,771799
2026-05-19 20:06:32,esterno,2372,16376,1524,-842,-367,467,114388
2026-05-19 20:06:32,lombar,16904,180,1828,111,219,152,771821
2026-05-19 20:06:32,esterno,2288,16132,1256,-760,-136,340,114410
2026-05-19 20:06:32,lombar,16860,308,1980,161,404,209,771843
2026-05-19 20:06:32,esterno,2296,15936,920,-1201,-108,199,114432
2026-05-19 20:06:32,lombar,16760,356,1684,244,550,225,771865
2026-05-19 20:06:32,esterno,2500,15756,888,-1197,-126,187,114454
2026-05-19 20:06:32,lombar,16640,560,2060,87,342,229,771887
2026-05-19 20:06:32,lombar,16612,436,2196,12,267,281,771909
2026-05-19 20:06:32,esterno,2740,15856,932,-978,-76,219,114476
2026-05-19 20:06:32,esterno,2652,15612,948,-1086,-33,195,114498
2026-05-19 20:06:32,lombar,16560,436,2468,-22,141,241,771931
2026-05-19 20:06:32,esterno,2620,15480,268,-1456,188,118,114520
2026-05-19 20:06:33,lombar,16584,520,2420,-77,-77,335,771953
2026-05-19 20:06:33,lombar,16440,508,2444,-47,-88,364,771975
2026-05-19 20:06:33,esterno,2500,15592,572,-1383,142,70,114542
2026-05-19 20:06:33,esterno,2572,15556,1060,-1063,152,86,114564
2026-05-19 20:06:33,lombar,16468,452,2612,-120,-237,405,771997
2026-05-19 20:06:33,esterno,2636,15696,1024,-1024,6,149,114586
2026-05-19 20:06:33,lombar,16640,304,2692,-89,-261,406,772019
2026-05-19 20:06:33,esterno,2700,15664,880,-1098,149,173,114608
2026-05-19 20:06:33,lombar,16584,292,2496,-130,-168,376,772041
2026-05-19 20:06:33,esterno,2576,15600,1480,-817,343,69,114630
2026-05-19 20:06:33,lombar,16664,340,2408,-93,-136,341,772063
2026-05-19 20:06:33,esterno,2776,15896,1332,-1002,-102,184,114652
2026-05-19 20:06:33,lombar,16824,276,2316,-70,-106,327,772085
2026-05-19 20:06:33,esterno,2468,15600,960,-1224,-209,221,114674
2026-05-19 20:06:33,lombar,16544,420,2304,75,-11,331,772107
2026-05-19 20:06:33,esterno,2452,15204,900,-822,182,100,114696
2026-05-19 20:06:33,lombar,16564,476,2144,103,-61,473,772129
2026-05-19 20:06:33,esterno,2848,15592,1296,-627,334,91,114718
2026-05-19 20:06:33,lombar,16804,688,2128,14,-42,490,772151
2026-05-19 20:06:33,esterno,3056,15920,1620,-555,368,306,114740
2026-05-19 20:06:33,lombar,16920,360,2324,21,-300,425,772173
2026-05-19 20:06:33,esterno,2740,15956,1808,-642,611,244,114762
2026-05-19 20:06:33,lombar,16860,368,2144,55,-138,469,772195
2026-05-19 20:06:33,lombar,16576,216,2304,-9,-301,492,772217
2026-05-19 20:06:33,esterno,2452,15704,1884,-643,491,97,114784
2026-05-19 20:06:33,esterno,2436,15660,1876,-663,464,72,114806
2026-05-19 20:06:33,lombar,16676,320,2184,65,-266,430,772239
2026-05-19 20:06:33,esterno,2596,15508,1912,-845,445,82,114828
2026-05-19 20:06:33,lombar,16460,352,2376,43,-362,502,772261
2026-05-19 20:06:33,esterno,2592,15532,1452,-850,408,55,114850
2026-05-19 20:06:33,lombar,16516,232,2452,72,-498,558,772283
2026-05-19 20:06:33,esterno,2540,15380,1512,-806,341,-34,114872
2026-05-19 20:06:33,lombar,16636,312,2628,99,-541,563,772305
2026-05-19 20:06:33,esterno,2440,15436,1484,-920,562,-87,114894
2026-05-19 20:06:33,lombar,16720,244,2388,55,-657,474,772327
2026-05-19 20:06:33,esterno,2380,15420,1556,-731,677,-90,114916
2026-05-19 20:06:33,lombar,16824,252,2556,173,-547,503,772349
2026-05-19 20:06:33,lombar,16476,180,2696,128,-629,519,772371
2026-05-19 20:06:33,esterno,2276,15488,1632,-481,407,-272,114938
2026-05-19 20:06:33,esterno,2392,15484,1640,-427,355,-311,114960
2026-05-19 20:06:33,lombar,16632,228,2604,152,-630,360,772393
2026-05-19 20:06:33,esterno,2392,15620,1952,-477,316,-274,114982
2026-05-19 20:06:33,lombar,16700,284,2568,247,-582,470,772415
2026-05-19 20:06:33,esterno,2560,15328,1712,-361,203,-231,115004
2026-05-19 20:06:33,lombar,16528,356,2292,296,-635,410,772437
2026-05-19 20:06:33,esterno,2532,15484,1940,-230,70,-295,115026
2026-05-19 20:06:33,lombar,16592,308,2296,393,-904,528,772459
2026-05-19 20:06:33,esterno,2520,15524,1980,-297,23,-392,115048
2026-05-19 20:06:33,lombar,16908,624,1916,363,-916,733,772481
2026-05-19 20:06:33,esterno,2872,15920,2036,-241,101,-269,115070
2026-05-19 20:06:33,lombar,16700,504,1716,155,-834,834,772503
2026-05-19 20:06:33,esterno,3008,16096,2072,-120,209,-7,115092
2026-05-19 20:06:33,lombar,16500,-104,1892,-157,-852,768,772525
2026-05-19 20:06:33,esterno,2796,15976,2196,-194,169,80,115114
2026-05-19 20:06:33,lombar,16840,-188,1840,-128,-732,632,772547
2026-05-19 20:06:33,esterno,2468,15952,2288,-337,83,47,115136
2026-05-19 20:06:33,lombar,16748,204,1968,-67,-590,487,772569
2026-05-19 20:06:33,esterno,2108,15932,2160,-731,64,-36,115158
2026-05-19 20:06:33,lombar,16780,524,2060,-194,-719,470,772591
2026-05-19 20:06:33,esterno,2112,15864,1912,-710,-130,72,115180
2026-05-19 20:06:33,lombar,16972,708,1984,-252,-635,494,772613
2026-05-19 20:06:33,esterno,2376,15804,2016,-454,-337,142,115202
2026-05-19 20:06:33,lombar,16672,308,1916,-392,-662,488,772635
2026-05-19 20:06:33,esterno,2492,15752,1892,-493,-308,147,115224
2026-05-19 20:06:33,lombar,16596,-352,2244,-500,-819,452,772657
2026-05-19 20:06:33,esterno,2468,15600,2044,-435,-48,-79,115246
2026-05-19 20:06:33,lombar,16708,-360,2108,-289,-867,269,772679
2026-05-19 20:06:33,esterno,2708,15708,2048,-539,-732,47,115268
2026-05-19 20:06:33,lombar,16656,88,1988,-42,-667,250,772701
2026-05-19 20:06:33,esterno,2352,15580,1856,-506,-742,208,115290
2026-05-19 20:06:33,lombar,16644,180,2096,44,-596,215,772723
2026-05-19 20:06:33,esterno,2356,15244,1492,-608,-367,23,115312
2026-05-19 20:06:33,lombar,16692,296,2208,21,-533,319,772745
2026-05-19 20:06:33,esterno,2520,15400,1760,-534,101,-103,115334
2026-05-19 20:06:33,lombar,16624,276,2004,-59,-629,356,772767
2026-05-19 20:06:33,esterno,2896,15472,1792,-266,332,-81,115356
2026-05-19 20:06:33,lombar,16696,60,1960,-87,-685,412,772789
2026-05-19 20:06:33,esterno,2480,15480,1844,-304,502,-129,115378
2026-05-19 20:06:33,lombar,16668,36,1784,41,-513,368,772811
2026-05-19 20:06:33,lombar,16700,-60,1860,121,-447,322,772833
2026-05-19 20:06:33,esterno,2212,15500,2216,-340,354,-75,115400
2026-05-19 20:06:33,esterno,2252,15568,2200,-307,295,-96,115422
2026-05-19 20:06:33,lombar,16696,24,1944,177,-513,351,772855
2026-05-19 20:06:33,esterno,2452,15576,2176,-275,356,-149,115444
2026-05-19 20:06:33,lombar,16960,16,1700,268,-579,238,772877
2026-05-19 20:06:33,esterno,2460,15620,2208,-267,349,-111,115466
2026-05-19 20:06:33,lombar,16772,132,1720,164,-664,196,772899
2026-05-19 20:06:33,esterno,2412,15684,2424,-328,287,-45,115488
2026-05-19 20:06:33,lombar,16592,172,1292,65,-806,208,772921
2026-05-19 20:06:33,esterno,2268,15616,2156,-511,369,-91,115510
2026-05-19 20:06:33,lombar,16836,80,1600,22,-780,188,772943
2026-05-19 20:06:34,esterno,2280,15660,2312,-597,196,-10,115532
2026-05-19 20:06:34,lombar,16824,140,1668,100,-702,262,772965
2026-05-19 20:06:34,esterno,2056,15588,2484,-538,-81,-86,115554
2026-05-19 20:06:34,lombar,16816,76,1612,58,-681,285,772987
2026-05-19 20:06:34,esterno,2372,15888,2476,-506,-441,125,115576
2026-05-19 20:06:34,lombar,16852,224,1632,32,-682,218,773009
2026-05-19 20:06:34,esterno,2560,15784,2224,-683,-296,308,115598
2026-05-19 20:06:34,lombar,16792,92,1624,-65,-795,135,773031
2026-05-19 20:06:34,esterno,2608,15504,2336,-777,-403,315,115620
2026-05-19 20:06:34,lombar,16560,68,1780,-104,-816,139,773053
2026-05-19 20:06:34,esterno,2676,15284,2000,-853,-285,296,115642
2026-05-19 20:06:34,lombar,16656,96,1664,-14,-886,69,773075
2026-05-19 20:06:34,esterno,2676,15316,2268,-398,-157,538,115664
2026-05-19 20:06:34,lombar,16972,176,1284,60,-506,121,773097
2026-05-19 20:06:34,esterno,2620,15676,2356,-153,-63,576,115686
2026-05-19 20:06:34,lombar,16816,196,1508,134,-531,79,773119
2026-05-19 20:06:34,esterno,2580,15672,2504,-274,-36,555,115708
2026-05-19 20:06:34,lombar,16832,216,1452,168,-646,170,773141
2026-05-19 20:06:34,esterno,2580,15552,2328,-196,42,325,115730
2026-05-19 20:06:34,lombar,16780,216,1432,144,-640,171,773163
2026-05-19 20:06:34,esterno,2700,15444,2392,-376,55,151,115752
2026-05-19 20:06:34,lombar,16756,168,1516,106,-618,174,773185
2026-05-19 20:06:34,esterno,2796,15428,2388,-351,103,216,115774
2026-05-19 20:06:34,lombar,16776,236,1320,60,-475,145,773207
2026-05-19 20:06:34,esterno,2768,15360,2416,-149,149,169,115796
2026-05-19 20:06:34,lombar,16820,236,1308,88,-365,116,773229
2026-05-19 20:06:34,esterno,2688,15568,2740,-126,-42,144,115818
2026-05-19 20:06:34,lombar,16852,272,1360,113,-367,173,773251
2026-05-19 20:06:34,esterno,2828,15428,2492,-20,23,-28,115840
2026-05-19 20:06:34,lombar,16740,172,1412,32,-382,190,773273
2026-05-19 20:06:34,esterno,2912,15376,2440,9,228,-89,115862
2026-05-19 20:06:34,lombar,16796,352,1296,99,-421,186,773295
2026-05-19 20:06:34,esterno,3140,15320,2708,179,-267,-52,115884
2026-05-19 20:06:34,lombar,16772,336,1568,69,-222,188,773317
2026-05-19 20:06:34,esterno,3040,15460,2472,416,-25,160,115906
2026-05-19 20:06:34,lombar,17020,332,1348,68,-141,179,773339
2026-05-19 20:06:34,esterno,3136,15564,1948,267,383,35,115928
2026-05-19 20:06:34,lombar,16848,420,1136,92,72,316,773361
2026-05-19 20:06:34,esterno,3244,15712,2220,260,662,-123,115950
2026-05-19 20:06:34,lombar,16732,456,1036,78,47,435,773383
2026-05-19 20:06:34,esterno,3176,15756,2024,529,873,-283,115972
2026-05-19 20:06:34,lombar,16720,308,1300,135,-84,404,773405
2026-05-19 20:06:34,esterno,2800,15604,2196,390,1114,-340,115994
2026-05-19 20:06:34,lombar,16860,428,1620,179,-19,560,773427
2026-05-19 20:06:34,lombar,16584,492,1472,107,-76,575,773449
2026-05-19 20:06:34,esterno,2600,15848,2300,215,905,-217,116016
2026-05-19 20:06:34,esterno,2376,15832,2212,99,811,-122,116038
2026-05-19 20:06:34,lombar,16604,340,1668,-23,-80,544,773471
2026-05-19 20:06:34,esterno,2448,15420,1852,170,642,-245,116060
2026-05-19 20:06:34,lombar,16724,264,1868,4,-179,580,773493
2026-05-19 20:06:34,esterno,2320,15348,1992,221,630,-301,116082
2026-05-19 20:06:34,lombar,16680,180,1668,11,-231,513,773515
2026-05-19 20:06:34,esterno,2460,15392,2024,404,629,-358,116104
2026-05-19 20:06:34,lombar,16712,208,1656,-10,-358,520,773537
2026-05-19 20:06:34,esterno,2520,15712,1908,375,698,-384,116126
2026-05-19 20:06:34,lombar,16900,312,1560,-68,-161,536,773559
2026-05-19 20:06:34,esterno,2296,15564,1864,238,707,-402,116148
2026-05-19 20:06:34,lombar,16784,156,1712,89,-226,437,773581
2026-05-19 20:06:34,esterno,2356,15504,2044,266,497,-490,116170
2026-05-19 20:06:34,lombar,16628,-8,1772,-20,-463,520,773603
2026-05-19 20:06:34,esterno,2760,15940,2300,197,344,-250,116192
2026-05-19 20:06:34,lombar,16756,-76,1352,-101,-740,485,773625
2026-05-19 20:06:34,esterno,2572,15984,2164,-80,362,-14,116214
2026-05-19 20:06:34,lombar,16772,28,1608,-44,-710,415,773647
2026-05-19 20:06:34,esterno,2452,15768,2000,-32,-1,-45,116236
2026-05-19 20:06:34,lombar,16652,100,1592,95,-691,411,773669
2026-05-19 20:06:34,esterno,2424,15964,2140,-190,85,-36,116258
2026-05-19 20:06:34,lombar,16516,32,1420,58,-588,442,773691
2026-05-19 20:06:34,esterno,2604,15824,2056,-376,174,16,116280
2026-05-19 20:06:34,lombar,16752,52,1476,103,-775,449,773713
2026-05-19 20:06:34,esterno,2536,15696,1968,-404,132,65,116302
2026-05-19 20:06:34,lombar,16768,200,1564,158,-707,451,773735
2026-05-19 20:06:34,lombar,16772,252,1556,151,-787,416,773757
2026-05-19 20:06:34,esterno,2304,15800,1932,-361,135,100,116324
2026-05-19 20:06:34,esterno,2244,15956,2040,-450,107,35,116346
2026-05-19 20:06:34,lombar,16688,344,1516,100,-764,492,773779
2026-05-19 20:06:34,esterno,2360,15756,1992,-544,39,59,116368
2026-05-19 20:06:34,lombar,16696,104,1416,13,-843,393,773801
2026-05-19 20:06:34,esterno,2532,15672,1788,-583,83,77,116390
2026-05-19 20:06:34,lombar,16632,100,1424,36,-874,354,773823
2026-05-19 20:06:34,esterno,2584,15632,2032,-556,315,88,116412
2026-05-19 20:06:34,lombar,16728,36,1540,102,-950,388,773845
2026-05-19 20:06:34,esterno,2500,15196,2284,-626,466,-211,116434
2026-05-19 20:06:34,lombar,16800,12,1488,209,-1055,366,773867
2026-05-19 20:06:34,esterno,2636,15132,2404,-313,473,-444,116456
2026-05-19 20:06:34,lombar,16860,164,1244,240,-1001,433,773889
2026-05-19 20:06:34,lombar,16820,204,1112,302,-803,437,773911
2026-05-19 20:06:34,esterno,2572,15476,2488,-330,725,-353,116478
2026-05-19 20:06:34,esterno,2480,15604,2660,-433,-74,-169,116500
2026-05-19 20:06:34,lombar,16784,-12,936,200,-718,440,773933
2026-05-19 20:06:34,lombar,16808,-104,1020,110,-583,367,773955
2026-05-19 20:06:35,esterno,2580,15424,2244,-602,-367,-122,116522
2026-05-19 20:06:35,esterno,2460,15156,1668,-583,221,-351,116544
2026-05-19 20:06:35,lombar,16852,192,1192,170,-587,432,773977
2026-05-19 20:06:35,esterno,2088,15104,2056,-294,320,-516,116566
2026-05-19 20:06:35,lombar,16952,332,1080,251,-491,446,773999
2026-05-19 20:06:35,esterno,2096,15764,2708,174,-70,-302,116588
2026-05-19 20:06:35,lombar,16876,364,824,144,-505,476,774021
2026-05-19 20:06:35,esterno,2152,15924,2504,100,-238,-35,116610
2026-05-19 20:06:35,lombar,16784,236,668,60,-385,498,774043
2026-05-19 20:06:35,esterno,2400,15548,2592,-121,-449,-16,116632
2026-05-19 20:06:35,lombar,16780,100,836,-56,-395,407,774065
2026-05-19 20:06:35,esterno,2272,15500,2512,-231,-479,126,116654
2026-05-19 20:06:35,lombar,16736,-20,1008,-142,-372,334,774087
2026-05-19 20:06:35,esterno,2428,15564,2560,-367,-437,290,116676
2026-05-19 20:06:35,lombar,16908,28,992,-146,-346,381,774109
2026-05-19 20:06:35,esterno,2376,15616,2380,-409,-282,362,116698
2026-05-19 20:06:35,lombar,16788,-28,1076,-120,-346,377,774131
2026-05-19 20:06:35,esterno,2460,15612,2184,-332,-239,337,116720
2026-05-19 20:06:35,lombar,16680,-80,1120,-30,-347,316,774153
2026-05-19 20:06:35,esterno,2480,15724,2512,-606,-229,337,116742
2026-05-19 20:06:35,lombar,16772,-168,1036,84,-437,295,774175
2026-05-19 20:06:35,esterno,2316,15204,1776,-735,60,304,116764
2026-05-19 20:06:35,lombar,16584,-228,1048,167,-396,352,774197
2026-05-19 20:06:35,esterno,2044,15424,2016,-754,-14,136,116786
2026-05-19 20:06:35,lombar,16740,-88,1008,171,-319,273,774219
2026-05-19 20:06:35,esterno,2304,15804,2572,-703,-158,378,116808
2026-05-19 20:06:35,lombar,16904,88,1116,110,-292,284,774241
2026-05-19 20:06:35,esterno,2260,15444,2224,-381,-83,256,116830
2026-05-19 20:06:35,lombar,16932,84,1280,201,-296,331,774263
2026-05-19 20:06:35,lombar,16788,76,1156,246,-315,270,774285
2026-05-19 20:06:35,esterno,2448,15808,2504,-346,-539,222,116852
2026-05-19 20:06:35,esterno,2556,15916,2632,-146,-238,370,116874
2026-05-19 20:06:35,lombar,16672,168,1104,174,-287,137,774307
2026-05-19 20:06:35,esterno,2744,15700,2292,-46,-176,324,116896
2026-05-19 20:06:35,lombar,16744,152,1044,104,-324,117,774329
2026-05-19 20:06:35,esterno,2792,15164,1984,-301,-141,196,116918
2026-05-19 20:06:35,lombar,16836,56,896,120,-226,181,774351
2026-05-19 20:06:35,esterno,2612,15696,2528,-195,-58,358,116940
2026-05-19 20:06:35,lombar,16828,76,1132,88,-302,227,774373
2026-05-19 20:06:35,esterno,2536,15784,2540,-372,31,243,116962
2026-05-19 20:06:35,lombar,16816,84,1028,104,-336,202,774395
2026-05-19 20:06:35,esterno,2936,15208,1980,-665,126,221,116984
2026-05-19 20:06:35,lombar,16648,188,1068,151,-294,221,774417
2026-05-19 20:06:35,esterno,2900,15692,2576,-489,110,348,117006
2026-05-19 20:06:35,lombar,16812,212,956,97,-275,267,774439
2026-05-19 20:06:35,esterno,2588,15536,2632,-427,88,281,117028
2026-05-19 20:06:35,lombar,16824,348,1076,93,-308,289,774461
2026-05-19 20:06:35,esterno,2732,15568,2584,-445,-3,147,117050
2026-05-19 20:06:35,lombar,16756,148,1164,90,-347,295,774483
2026-05-19 20:06:35,esterno,2708,15404,2584,-108,272,-1,117072
2026-05-19 20:06:35,lombar,16584,156,1248,81,-357,319,774505
2026-05-19 20:06:35,esterno,3060,15812,2924,-280,-237,10,117094
2026-05-19 20:06:35,lombar,16788,164,1088,51,-337,350,774527
2026-05-19 20:06:35,esterno,2912,15468,2352,-667,-212,195,117116
2026-05-19 20:06:35,lombar,16896,136,940,78,-183,187,774549
2026-05-19 20:06:35,esterno,2628,15068,2332,-352,81,19,117138
2026-05-19 20:06:35,lombar,16780,212,1056,77,-225,227,774571
2026-05-19 20:06:35,esterno,2436,15148,2280,-8,122,-150,117160
2026-05-19 20:06:35,lombar,16856,308,1152,75,-172,295,774593
2026-05-19 20:06:35,esterno,2700,15384,2696,81,-486,-24,117182
2026-05-19 20:06:35,lombar,16848,312,1164,-91,-283,377,774615
2026-05-19 20:06:35,esterno,3544,15016,2108,30,-597,-2,117204
2026-05-19 20:06:35,lombar,16644,72,1020,-234,-381,60,774637
2026-05-19 20:06:35,esterno,3836,15576,2872,46,126,206,117226
2026-05-19 20:06:35,lombar,16980,-288,972,-133,-110,-171,774659
2026-05-19 20:06:35,esterno,2660,15276,2432,483,160,454,117248
2026-05-19 20:06:35,lombar,16992,-20,888,220,95,-163,774681
2026-05-19 20:06:35,esterno,2144,15252,2408,749,260,431,117270
2026-05-19 20:06:35,esterno,2064,15288,2640,422,114,467,117292
2026-05-19 20:06:35,lombar,17004,140,928,409,216,-54,774703
2026-05-19 20:06:35,lombar,16848,556,776,430,530,-23,774725
2026-05-19 20:06:35,esterno,2108,15892,2992,646,-194,465,117314
2026-05-19 20:06:35,lombar,16704,540,1196,237,410,91,774747
2026-05-19 20:06:35,esterno,2184,15692,2940,423,-413,-40,117336
2026-05-19 20:06:35,lombar,16728,484,1204,104,299,165,774769
2026-05-19 20:06:35,esterno,2448,15608,2404,43,-396,-351,117358
2026-05-19 20:06:35,lombar,16520,460,1068,-61,274,179,774791
2026-05-19 20:06:35,esterno,2596,15356,2248,-98,-586,-478,117380
2026-05-19 20:06:35,lombar,16772,584,1300,-115,483,344,774813
2026-05-19 20:06:35,esterno,3112,15628,2432,-7,-640,-554,117402
2026-05-19 20:06:35,lombar,16796,420,1236,-206,392,483,774835
2026-05-19 20:06:35,esterno,2900,15752,2456,-186,-530,-740,117424
2026-05-19 20:06:35,lombar,16880,236,1196,-246,359,623,774857
2026-05-19 20:06:35,lombar,16820,112,1144,-257,285,523,774879
2026-05-19 20:06:35,esterno,2548,15776,2648,-89,-868,-954,117446
2026-05-19 20:06:35,esterno,2324,15772,2444,241,-856,-1184,117468
2026-05-19 20:06:35,lombar,16852,-16,1368,-186,369,593,774901
2026-05-19 20:06:35,esterno,2336,15812,2392,22,-1064,-1289,117490
2026-05-19 20:06:35,lombar,16784,48,1396,-126,289,584,774923
2026-05-19 20:06:35,lombar,16652,88,1484,-202,357,496,774945
2026-05-19 20:06:35,esterno,2420,15668,1904,-405,-1239,-1132,117512
2026-05-19 20:06:36,esterno,2688,15624,1992,-133,-931,-1107,117534
2026-05-19 20:06:36,lombar,16604,224,1420,-222,216,392,774967
2026-05-19 20:06:36,esterno,2844,15676,2048,-47,-716,-1228,117556
2026-05-19 20:06:36,lombar,16672,-16,1472,-212,120,332,774989
2026-05-19 20:06:36,esterno,2992,15968,2108,-276,-517,-888,117578
2026-05-19 20:06:36,lombar,16760,-180,1296,-121,206,217,775011
2026-05-19 20:06:36,esterno,3088,15996,2088,-490,1,-468,117600
2026-05-19 20:06:36,lombar,16888,-168,1356,292,295,177,775033
2026-05-19 20:06:36,esterno,3244,15608,1600,-696,723,-371,117622
2026-05-19 20:06:36,lombar,16796,176,1672,495,421,154,775055
2026-05-19 20:06:36,esterno,3660,15296,1512,-330,1706,-255,117644
2026-05-19 20:06:36,lombar,16664,40,1536,702,252,140,775077
2026-05-19 20:06:36,esterno,3268,15484,2284,17,2539,140,117666
2026-05-19 20:06:36,lombar,16908,364,1752,1190,522,34,775099
2026-05-19 20:06:36,esterno,2724,15524,2516,-71,2547,532,117688
2026-05-19 20:06:36,lombar,16832,-112,1556,1311,326,208,775121
2026-05-19 20:06:36,esterno,1568,15384,2392,-40,2102,822,117710
2026-05-19 20:06:36,lombar,16696,228,1640,1323,492,279,775143
2026-05-19 20:06:36,esterno,1200,15256,2264,234,1965,578,117732
2026-05-19 20:06:36,lombar,16660,972,1888,1131,532,391,775165
2026-05-19 20:06:36,esterno,1168,15188,2572,303,1278,173,117754
2026-05-19 20:06:36,lombar,16652,1104,2076,695,303,235,775187
2026-05-19 20:06:36,esterno,1436,15368,2616,573,212,-36,117776
2026-05-19 20:06:36,lombar,16540,872,2032,110,147,322,775209
2026-05-19 20:06:36,esterno,1388,15628,2540,399,-471,46,117798
2026-05-19 20:06:36,lombar,16820,748,1760,-223,105,352,775231
2026-05-19 20:06:36,esterno,1720,15764,2588,340,-1249,-137,117820
2026-05-19 20:06:36,lombar,16516,660,2084,-603,100,446,775253
2026-05-19 20:06:36,esterno,2028,15840,2276,302,-1713,-422,117842
2026-05-19 20:06:36,lombar,16712,364,1752,-862,-132,325,775275
2026-05-19 20:06:36,esterno,2172,15676,2024,159,-1988,-664,117864
2026-05-19 20:06:36,lombar,16684,272,2000,-993,-35,304,775297
2026-05-19 20:06:36,esterno,2476,15800,1948,4,-1929,-707,117886
2026-05-19 20:06:36,lombar,16572,184,2048,-1001,-201,427,775319
2026-05-19 20:06:36,esterno,2596,15632,1916,-267,-1871,-629,117908
2026-05-19 20:06:36,lombar,16652,72,1684,-918,-163,495,775341
2026-05-19 20:06:36,lombar,16696,-16,1988,-736,-78,494,775363
2026-05-19 20:06:36,esterno,2836,15612,1988,-391,-1784,-505,117930
2026-05-19 20:06:36,esterno,2776,15668,1972,-418,-1498,-467,117952
2026-05-19 20:06:36,esterno,2900,15704,1928,-497,-1324,-396,117974
2026-05-19 20:06:36,lombar,16672,-28,1664,-649,-75,517,775385
2026-05-19 20:06:36,lombar,16676,-140,1880,-678,-114,412,775407
2026-05-19 20:06:36,esterno,2852,15864,1956,-507,-644,-127,117996
2026-05-19 20:06:36,lombar,16812,-64,1448,-425,-45,266,775429
2026-05-19 20:06:36,esterno,2632,15816,1932,-382,-254,50,118018
2026-05-19 20:06:36,lombar,16832,0,1880,-204,3,271,775451
2026-05-19 20:06:36,esterno,2452,15892,2104,-448,13,96,118040
2026-05-19 20:06:36,lombar,16776,56,1804,28,23,381,775473
2026-05-19 20:06:36,lombar,16800,-44,2052,296,-202,367,775495
2026-05-19 20:06:36,esterno,2268,15708,1980,-413,251,168,118062
2026-05-19 20:06:36,esterno,2240,15600,2056,-258,432,321,118084
2026-05-19 20:06:36,lombar,16492,336,1872,284,-159,353,775517
2026-05-19 20:06:36,esterno,2260,15500,2104,-223,569,399,118106
2026-05-19 20:06:36,lombar,16492,300,2052,342,-265,259,775539
2026-05-19 20:06:36,esterno,2388,15652,1908,-81,703,537,118128
2026-05-19 20:06:36,lombar,16624,120,2280,349,-252,243,775561
2026-05-19 20:06:36,esterno,2332,15812,1908,-125,812,576,118150
2026-05-19 20:06:36,lombar,16804,152,2024,472,-304,191,775583
2026-05-19 20:06:36,esterno,2220,15600,1964,-105,803,448,118172
2026-05-19 20:06:36,lombar,16776,212,1980,546,-261,217,775605
2026-05-19 20:06:36,esterno,2304,15588,2220,18,788,298,118194
2026-05-19 20:06:36,lombar,16768,364,2184,603,-268,232,775627
2026-05-19 20:06:36,lombar,16748,356,2048,545,-243,268,775649
2026-05-19 20:06:36,esterno,2460,15648,2452,25,669,332,118216
2026-05-19 20:06:36,esterno,2320,15544,2008,119,647,271,118238
2026-05-19 20:06:36,lombar,16696,404,2048,404,-173,253,775671
2026-05-19 20:06:36,esterno,2212,15368,2312,223,801,114,118260
2026-05-19 20:06:36,lombar,16648,328,1984,294,-241,203,775693
2026-05-19 20:06:36,esterno,2608,15644,2492,56,278,120,118282
2026-05-19 20:06:36,lombar,16824,260,2112,276,-191,231,775715
2026-05-19 20:06:36,esterno,2248,15592,2132,-180,40,242,118304
2026-05-19 20:06:36,lombar,16800,236,1828,279,-213,206,775737
2026-05-19 20:06:36,esterno,2196,15416,2244,20,227,5,118326
2026-05-19 20:06:36,lombar,16748,276,1696,184,-209,213,775759
2026-05-19 20:06:36,lombar,16888,508,1820,89,-248,315,775781
2026-05-19 20:06:36,esterno,2216,15476,2256,25,522,-154,118348
2026-05-19 20:06:36,lombar,16864,352,1848,-5,-208,324,775803
2026-05-19 20:06:36,esterno,2512,15632,2336,67,422,-166,118370
2026-05-19 20:06:36,esterno,2360,15624,2120,37,380,-40,118392
2026-05-19 20:06:36,lombar,16732,380,1800,-5,-108,363,775825
2026-05-19 20:06:36,esterno,2228,15468,2140,-47,192,-60,118414
2026-05-19 20:06:36,lombar,16616,260,1772,-52,-44,283,775847
2026-05-19 20:06:36,esterno,2168,15560,2316,-95,63,-40,118436
2026-05-19 20:06:36,lombar,16732,260,1964,-64,-97,256,775869
2026-05-19 20:06:36,esterno,2540,15768,2164,41,42,124,118458
2026-05-19 20:06:36,lombar,16812,288,1968,-131,-45,178,775891
2026-05-19 20:06:36,esterno,2500,15660,2100,125,91,270,118480
2026-05-19 20:06:36,lombar,16796,224,1752,-19,-43,135,775913
2026-05-19 20:06:36,esterno,2580,15728,2152,106,66,211,118502
2026-05-19 20:06:36,lombar,16684,276,1964,49,-47,227,775935
2026-05-19 20:06:36,esterno,2560,15740,2252,-142,76,183,118524
2026-05-19 20:06:37,lombar,16744,444,1924,67,-133,304,775957
2026-05-19 20:06:37,esterno,2500,15628,1980,-257,324,138,118546
2026-05-19 20:06:37,lombar,16720,264,2120,140,-142,321,775979
2026-05-19 20:06:37,esterno,2544,15452,1908,-348,142,105,118568
2026-05-19 20:06:37,lombar,16612,216,2208,171,-154,282,776001
2026-05-19 20:06:37,esterno,2900,15560,1820,-74,416,168,118590
2026-05-19 20:06:37,lombar,16728,280,2204,270,-167,312,776023
2026-05-19 20:06:37,esterno,2544,15604,2016,-105,482,208,118612
2026-05-19 20:06:37,lombar,16644,428,2096,273,-91,293,776045
2026-05-19 20:06:37,lombar,16592,340,2244,208,-184,362,776067
2026-05-19 20:06:37,esterno,2496,15560,2176,42,326,119,118634
2026-05-19 20:06:37,esterno,2472,15724,2208,96,398,154,118656
2026-05-19 20:06:37,lombar,16684,348,2096,254,-67,292,776089
2026-05-19 20:06:37,esterno,2320,15736,2160,-69,386,230,118678
2026-05-19 20:06:37,lombar,16668,236,1996,259,-94,258,776111
2026-05-19 20:06:37,esterno,2548,15496,2016,-39,401,156,118700
2026-05-19 20:06:37,lombar,16728,420,2068,215,-118,274,776133
2026-05-19 20:06:37,esterno,2640,15600,2196,29,424,85,118722
2026-05-19 20:06:37,lombar,16808,400,1944,179,-169,265,776155
2026-05-19 20:06:37,esterno,2468,15560,2104,-22,413,12,118744
2026-05-19 20:06:37,lombar,16616,300,2064,147,-142,262,776177
2026-05-19 20:06:37,esterno,2352,15640,2048,-59,313,4,118766
2026-05-19 20:06:37,lombar,16716,444,2060,115,-180,354,776199
2026-05-19 20:06:37,esterno,2344,15664,2144,-18,215,7,118788
2026-05-19 20:06:37,lombar,16720,284,2040,134,-178,297,776221
2026-05-19 20:06:37,esterno,2308,15696,2248,-78,89,-82,118810
2026-05-19 20:06:37,lombar,16672,260,2136,135,-156,313,776243
2026-05-19 20:06:37,esterno,2292,15504,1980,-33,92,-163,118832
2026-05-19 20:06:37,lombar,16752,300,1996,119,-209,340,776265
2026-05-19 20:06:37,esterno,2428,15520,2068,163,184,-272,118854
2026-05-19 20:06:37,lombar,16700,300,1992,89,-193,305,776287
2026-05-19 20:06:37,lombar,16712,472,2176,34,-95,279,776309
2026-05-19 20:06:37,esterno,2452,15704,2292,119,-186,-187,118876
2026-05-19 20:06:37,esterno,2464,15716,2164,-32,-345,-13,118898
2026-05-19 20:06:37,lombar,16680,264,1996,37,-183,271,776331
2026-05-19 20:06:37,esterno,2476,15440,1752,9,-246,-140,118920
2026-05-19 20:06:37,lombar,16616,288,2172,53,-56,328,776353
2026-05-19 20:06:37,esterno,2588,15648,1792,-1,118,-192,118942
2026-05-19 20:06:37,lombar,16652,524,2040,9,-79,349,776375
2026-05-19 20:06:37,esterno,2664,15632,1980,49,48,-205,118964
2026-05-19 20:06:37,lombar,16736,336,1980,42,-203,319,776397
2026-05-19 20:06:37,lombar,16716,340,2124,108,-146,347,776419
2026-05-19 20:06:37,esterno,2524,15800,1956,84,154,-69,118986
2026-05-19 20:06:37,esterno,2568,15736,2052,-40,202,-23,119008
2026-05-19 20:06:37,lombar,16628,196,2080,110,-192,412,776441
2026-05-19 20:06:37,esterno,2488,15768,1912,-102,283,5,119030
2026-05-19 20:06:37,lombar,16668,352,2244,125,-210,367,776463
2026-05-19 20:06:37,esterno,2464,15720,2060,-99,284,25,119052
2026-05-19 20:06:37,lombar,16684,376,2168,130,-188,323,776485
2026-05-19 20:06:37,esterno,2516,15600,1920,-87,329,25,119074
2026-05-19 20:06:37,lombar,16724,376,2140,126,-218,273,776507
2026-05-19 20:06:37,esterno,2460,15704,2084,-135,381,130,119096
2026-05-19 20:06:37,lombar,16736,328,2236,106,-182,337,776529
2026-05-19 20:06:37,esterno,2360,15736,2208,-267,365,124,119118
2026-05-19 20:06:37,lombar,16612,432,2160,118,-184,345,776551
2026-05-19 20:06:37,esterno,2260,15556,1932,-166,422,74,119140
2026-05-19 20:06:37,lombar,16712,280,2296,117,-235,347,776573
2026-05-19 20:06:37,esterno,2408,15552,2088,-179,184,40,119162
2026-05-19 20:06:37,lombar,16672,360,2064,138,-189,352,776595
2026-05-19 20:06:37,lombar,16704,328,2240,176,-202,295,776617
2026-05-19 20:06:37,esterno,2596,15652,2072,-135,313,123,119184
2026-05-19 20:06:37,esterno,2384,15596,1936,-181,208,194,119206
2026-05-19 20:06:37,lombar,16736,388,2232,124,-229,363,776639
2026-05-19 20:06:37,esterno,2392,15672,2040,-58,41,40,119228
2026-05-19 20:06:37,lombar,16716,272,2060,69,-177,346,776661
2026-05-19 20:06:37,esterno,2408,15684,1992,-88,104,43,119250
2026-05-19 20:06:37,lombar,16704,284,2144,118,-232,272,776683
2026-05-19 20:06:37,lombar,16700,388,2264,143,-228,296,776705
2026-05-19 20:06:37,esterno,2468,15532,2036,-121,102,31,119272
2026-05-19 20:06:37,lombar,16680,480,2204,149,-219,323,776727
2026-05-19 20:06:37,esterno,2480,15652,1980,-135,131,75,119294
2026-05-19 20:06:37,lombar,16712,464,2116,110,-212,288,776749
2026-05-19 20:06:37,lombar,16712,412,2212,92,-213,307,776771
2026-05-19 20:06:37,esterno,2484,15608,2028,-84,170,36,119316
2026-05-19 20:06:37,esterno,2544,15708,1768,-101,103,-13,119338
2026-05-19 20:06:37,esterno,2608,15524,1884,-120,60,-89,119360
2026-05-19 20:06:37,lombar,16760,320,2244,79,-252,285,776793
2026-05-19 20:06:37,esterno,2500,15588,2104,-116,42,-127,119382
2026-05-19 20:06:37,lombar,16648,320,2272,96,-239,315,776815
2026-05-19 20:06:37,esterno,2664,15532,2072,-91,95,-124,119404
2026-05-19 20:06:37,lombar,16604,444,2340,87,-219,395,776837
2026-05-19 20:06:37,esterno,2508,15668,1684,-32,208,-59,119426
2026-05-19 20:06:37,lombar,16640,372,2316,47,-231,285,776859
2026-05-19 20:06:37,esterno,2384,15648,1824,92,360,-88,119448
2026-05-19 20:06:37,lombar,16728,316,2168,122,-133,264,776881
2026-05-19 20:06:37,esterno,2540,15792,2236,103,4,1,119470
2026-05-19 20:06:37,lombar,16776,360,2356,75,-214,287,776903
2026-05-19 20:06:37,lombar,16664,320,2148,100,-173,298,776925
2026-05-19 20:06:37,lombar,16604,456,2148,111,-187,294,776947
2026-05-19 20:06:37,esterno,2380,15852,2140,-43,-245,115,119492
2026-05-19 20:06:37,esterno,2500,15548,1668,-68,-70,38,119514
2026-05-19 20:06:38,esterno,2536,15628,1824,-19,225,-93,119536
2026-05-19 20:06:38,lombar,16704,464,2164,64,-144,360,776969
2026-05-19 20:06:38,esterno,2600,15652,1932,49,99,-167,119558
2026-05-19 20:06:38,lombar,16756,516,2256,-7,-267,308,776991
2026-05-19 20:06:38,lombar,16736,264,2304,75,-221,361,777013
2026-05-19 20:06:38,esterno,2640,15748,1756,22,189,-93,119580
2026-05-19 20:06:38,lombar,16684,232,2276,137,-169,399,777035
2026-05-19 20:06:38,esterno,2468,15724,1868,-82,210,-91,119602
2026-05-19 20:06:38,esterno,2508,15700,1980,-104,305,-128,119624
2026-05-19 20:06:38,lombar,16728,244,2332,171,-187,365,777057
2026-05-19 20:06:38,esterno,2476,15540,1976,-83,335,-106,119646
2026-05-19 20:06:38,lombar,16780,456,2348,147,-221,324,777079
2026-05-19 20:06:38,esterno,2460,15584,1868,-71,381,-63,119668
2026-05-19 20:06:38,lombar,16712,392,2268,109,-187,375,777101
2026-05-19 20:06:38,lombar,16632,308,2128,139,-246,263,777123
2026-05-19 20:06:38,esterno,2320,15788,2008,-33,300,110,119690
2026-05-19 20:06:38,esterno,2332,15636,2232,-181,237,35,119712
2026-05-19 20:06:38,lombar,16780,396,2308,131,-168,366,777145
2026-05-19 20:06:38,esterno,2208,15616,1868,-156,326,0,119734
2026-05-19 20:06:38,lombar,16684,336,2140,113,-194,362,777167
2026-05-19 20:06:38,lombar,16672,328,2320,104,-219,333,777189
2026-05-19 20:06:38,esterno,2444,15520,1856,-156,60,-72,119756
2026-05-19 20:06:38,esterno,2604,15764,2080,-127,258,79,119778
2026-05-19 20:06:38,lombar,16760,352,2296,146,-164,278,777211
2026-05-19 20:06:38,esterno,2312,15596,1972,-164,102,167,119800
2026-05-19 20:06:38,lombar,16772,360,2496,33,-259,342,777233
2026-05-19 20:06:38,lombar,16748,312,2268,99,-177,335,777255
2026-05-19 20:06:38,esterno,2256,15660,1932,-14,-9,59,119822
2026-05-19 20:06:38,lombar,16596,396,2300,74,-184,329,777277
2026-05-19 20:06:38,lombar,16608,400,2432,88,-255,342,777299
2026-05-19 20:06:38,esterno,2568,15728,2032,-54,56,14,119844
2026-05-19 20:06:38,esterno,2592,15672,1920,-142,35,84,119866
2026-05-19 20:06:38,esterno,2440,15540,1912,-86,50,137,119888
2026-05-19 20:06:38,lombar,16724,380,2212,98,-193,347,777321
2026-05-19 20:06:38,esterno,2500,15688,1820,-66,96,114,119910
2026-05-19 20:06:38,lombar,16664,336,2312,73,-238,322,777343
2026-05-19 20:06:38,esterno,2300,15620,1860,-15,86,56,119932
2026-05-19 20:06:38,lombar,16680,376,2348,93,-200,279,777365
2026-05-19 20:06:38,esterno,2460,15540,1896,-13,89,34,119954
2026-05-19 20:06:38,lombar,16700,324,2264,11,-205,293,777387
2026-05-19 20:06:38,esterno,2496,15684,1872,-84,59,97,119976
2026-05-19 20:06:38,lombar,16596,340,2384,88,-199,315,777409
2026-05-19 20:06:38,esterno,2588,15764,1880,-61,71,164,119998
2026-05-19 20:06:38,lombar,16760,368,2332,39,-206,247,777431
2026-05-19 20:06:38,esterno,2440,15704,1732,19,128,115,120020
2026-05-19 20:06:38,lombar,16676,288,2316,87,-206,319,777453
2026-05-19 20:06:38,esterno,2468,15664,1688,126,221,-8,120042
2026-05-19 20:06:38,lombar,16660,328,2348,142,-212,322,777475
2026-05-19 20:06:38,esterno,2552,15724,1948,18,-79,3,120064
2026-05-19 20:06:38,lombar,16832,376,2228,112,-219,353,777497
2026-05-19 20:06:38,esterno,2412,15700,1676,-136,-248,158,120086
2026-05-19 20:06:38,lombar,16672,460,2528,88,-263,247,777519
2026-05-19 20:06:38,esterno,2572,15540,1712,-43,-6,34,120108
2026-05-19 20:06:38,lombar,16736,376,2464,97,-212,301,777541
2026-05-19 20:06:38,esterno,2636,15624,1692,-41,361,-66,120130
2026-05-19 20:06:38,lombar,16684,468,2300,79,-205,313,777563
2026-05-19 20:06:38,esterno,2572,15760,1828,6,263,-52,120152
2026-05-19 20:06:38,lombar,16768,400,2244,91,-242,277,777585
2026-05-19 20:06:38,esterno,2380,15732,1800,56,312,107,120174
2026-05-19 20:06:38,lombar,16608,452,2316,137,-260,300,777607
2026-05-19 20:06:38,esterno,2440,15648,1992,-80,243,81,120196
2026-05-19 20:06:38,lombar,16648,360,2296,113,-202,342,777629
2026-05-19 20:06:38,esterno,2456,15900,1756,-79,214,67,120218
2026-05-19 20:06:38,lombar,16704,512,2436,103,-205,351,777651
2026-05-19 20:06:38,esterno,2532,15628,1812,-142,147,19,120240
2026-05-19 20:06:38,lombar,16720,416,2296,79,-301,307,777673
2026-05-19 20:06:38,esterno,2452,15660,1732,-131,125,25,120262
2026-05-19 20:06:38,lombar,16724,360,2304,50,-304,396,777695
2026-05-19 20:06:38,lombar,16616,316,2400,62,-246,329,777717
2026-05-19 20:06:38,esterno,2536,15784,1824,-143,81,80,120284
2026-05-19 20:06:38,esterno,2472,15716,2180,-259,76,82,120306
2026-05-19 20:06:38,lombar,16760,380,2464,101,-206,298,777739
2026-05-19 20:06:38,esterno,2400,15552,1548,-184,249,7,120328
2026-05-19 20:06:38,lombar,16660,448,2364,98,-312,333,777761
2026-05-19 20:06:38,esterno,2560,15524,1924,-221,58,-125,120350
2026-05-19 20:06:38,lombar,16760,296,2328,154,-258,302,777783
2026-05-19 20:06:38,esterno,2644,15828,1856,-132,263,63,120372
2026-05-19 20:06:38,lombar,16704,400,2328,115,-322,356,777805
2026-05-19 20:06:38,lombar,16732,404,2272,46,-271,381,777827
2026-05-19 20:06:38,esterno,2432,15748,1872,-272,126,155,120394
2026-05-19 20:06:38,esterno,2308,15780,1908,-146,-77,-2,120416
2026-05-19 20:06:38,lombar,16564,312,2312,119,-275,350,777849
2026-05-19 20:06:38,esterno,2464,15876,1808,-170,-52,0,120438
2026-05-19 20:06:38,lombar,16648,492,2508,101,-330,281,777871
2026-05-19 20:06:38,esterno,2564,15592,1816,-225,-28,50,120460
2026-05-19 20:06:38,lombar,16816,464,2440,69,-304,334,777893
2026-05-19 20:06:38,esterno,2696,15572,1840,-186,55,31,120482
2026-05-19 20:06:38,lombar,16608,468,2220,42,-326,333,777915
2026-05-19 20:06:38,esterno,2648,15688,1868,-159,175,34,120504
2026-05-19 20:06:38,lombar,16736,260,2280,39,-325,335,777937
2026-05-19 20:06:39,esterno,2560,15672,1852,-170,245,23,120526
2026-05-19 20:06:39,lombar,16800,360,2484,128,-270,329,777959
2026-05-19 20:06:39,esterno,2408,15612,1888,-148,191,25,120548
2026-05-19 20:06:39,lombar,16640,440,2376,122,-225,374,777981
2026-05-19 20:06:39,esterno,2428,15684,2112,-160,90,84,120570
2026-05-19 20:06:39,lombar,16712,456,2328,109,-179,329,778003
2026-05-19 20:06:39,esterno,2468,15712,1932,-140,-27,86,120592
2026-05-19 20:06:39,lombar,16724,428,2296,120,-191,254,778025
2026-05-19 20:06:39,esterno,2448,15660,1828,-30,-6,88,120614
2026-05-19 20:06:39,lombar,16560,316,2296,60,-232,296,778047
2026-05-19 20:06:39,esterno,2432,15536,1672,110,135,-70,120636
2026-05-19 20:06:39,lombar,16720,344,2520,74,-246,279,778069
2026-05-19 20:06:39,esterno,2664,15676,2004,116,-118,-51,120658
2026-05-19 20:06:39,lombar,16652,356,2180,48,-216,279,778091
2026-05-19 20:06:39,esterno,2496,15688,1844,-90,-217,100,120680
2026-05-19 20:06:39,lombar,16692,316,2368,83,-259,288,778113
2026-05-19 20:06:39,lombar,16644,424,2356,95,-237,387,778135
2026-05-19 20:06:39,esterno,2600,15564,1636,-59,94,54,120702
2026-05-19 20:06:39,lombar,16736,544,2304,154,-213,335,778157
2026-05-19 20:06:39,esterno,2568,15588,1572,-85,360,-39,120724
2026-05-19 20:06:39,esterno,2604,15684,1732,30,226,-81,120746
2026-05-19 20:06:39,lombar,16744,428,2456,129,-246,341,778179
2026-05-19 20:06:39,esterno,2440,15724,1548,-3,273,19,120768
2026-05-19 20:06:39,lombar,16676,448,2196,146,-105,246,778201
2026-05-19 20:06:39,esterno,2464,15688,1876,-18,229,15,120790
2026-05-19 20:06:39,lombar,16664,476,2400,45,-207,335,778223
2026-05-19 20:06:39,esterno,2488,15776,1660,-17,207,42,120812
2026-05-19 20:06:39,lombar,16728,452,2388,57,-189,233,778245
2026-05-19 20:06:39,esterno,2400,15572,1612,-59,202,32,120834
2026-05-19 20:06:39,lombar,16632,368,2280,9,-198,235,778267
2026-05-19 20:06:39,esterno,2464,15668,1664,-46,193,-8,120856
2026-05-19 20:06:39,lombar,16612,452,2484,31,-269,287,778289
2026-05-19 20:06:39,esterno,2536,15728,1696,-59,76,36,120878
2026-05-19 20:06:39,lombar,16680,408,2448,106,-244,310,778311
2026-05-19 20:06:39,esterno,2552,15760,1940,-175,26,-15,120900
2026-05-19 20:06:39,lombar,16636,412,2356,78,-280,353,778333
2026-05-19 20:06:39,lombar,16600,380,2472,50,-286,282,778355
2026-05-19 20:06:39,esterno,2428,15600,1568,-157,232,-96,120922
2026-05-19 20:06:39,esterno,2660,15660,1700,-209,44,-132,120944
2026-05-19 20:06:39,lombar,16708,352,2264,97,-241,289,778377
2026-05-19 20:06:39,esterno,2736,15792,1784,-136,297,16,120966
2026-05-19 20:06:39,lombar,16756,480,2596,117,-282,283,778399
2026-05-19 20:06:39,esterno,2564,15692,1868,-203,134,48,120988
2026-05-19 20:06:39,lombar,16732,432,2520,61,-274,306,778421
2026-05-19 20:06:39,lombar,16704,540,2208,16,-286,286,778443
2026-05-19 20:06:39,esterno,2552,15708,1840,-70,-10,-25,121010
2026-05-19 20:06:39,lombar,16680,580,2288,98,-286,275,778465
2026-05-19 20:06:39,esterno,2536,15768,1596,-180,32,35,121032
2026-05-19 20:06:39,esterno,2544,15708,1792,-205,10,74,121054
2026-05-19 20:06:39,lombar,16580,520,2380,50,-311,295,778487
2026-05-19 20:06:39,esterno,2520,15648,1556,-200,25,134,121076
2026-05-19 20:06:39,lombar,16632,560,2356,31,-328,255,778509
2026-05-19 20:06:39,esterno,2612,15752,1744,-154,23,89,121098
2026-05-19 20:06:39,lombar,16664,536,2416,3,-363,363,778531
2026-05-19 20:06:39,lombar,16848,488,2328,-24,-365,368,778553
2026-05-19 20:06:39,esterno,2504,15644,1568,-165,-92,79,121120
2026-05-19 20:06:39,lombar,16556,500,2224,-6,-340,314,778575
2026-05-19 20:06:39,esterno,2508,15596,1648,-133,-133,22,121142
2026-05-19 20:06:39,esterno,2616,15736,1788,-203,-119,28,121164
2026-05-19 20:06:39,lombar,16644,476,2532,-33,-271,355,778597
2026-05-19 20:06:39,esterno,2696,15748,1884,-213,-148,106,121186
2026-05-19 20:06:39,lombar,16644,568,2368,-5,-329,328,778619
2026-05-19 20:06:39,esterno,2628,15620,1912,-55,-17,110,121208
2026-05-19 20:06:39,lombar,16612,284,2344,65,-332,314,778641
2026-05-19 20:06:39,esterno,2588,15552,1640,82,218,-32,121230
2026-05-19 20:06:39,lombar,16712,332,2376,101,-333,400,778663
2026-05-19 20:06:39,esterno,2624,15776,1936,13,-5,22,121252
2026-05-19 20:06:39,lombar,16676,464,2184,76,-226,298,778685
2026-05-19 20:06:39,esterno,2396,15688,1692,-137,-144,185,121274
2026-05-19 20:06:39,lombar,16600,296,2328,45,-298,189,778707
2026-05-19 20:06:39,esterno,2480,15552,1656,-127,119,126,121296
2026-05-19 20:06:39,lombar,16688,372,2332,124,-277,325,778729
2026-05-19 20:06:39,lombar,16692,444,2472,123,-363,396,778751
2026-05-19 20:06:39,esterno,2512,15600,1644,-58,425,24,121318
2026-05-19 20:06:39,lombar,16744,372,2288,102,-407,378,778773
2026-05-19 20:06:39,esterno,2556,15740,1996,67,294,-9,121340
2026-05-19 20:06:39,esterno,2580,15676,1784,6,441,125,121362
2026-05-19 20:06:39,lombar,16720,452,2204,131,-316,290,778795
2026-05-19 20:06:39,esterno,2608,15724,1732,-12,353,148,121384
2026-05-19 20:06:39,lombar,16636,316,2216,179,-300,288,778817
2026-05-19 20:06:39,lombar,16672,276,2332,317,-198,315,778839
2026-05-19 20:06:39,esterno,2712,15756,1492,0,446,154,121406
2026-05-19 20:06:39,esterno,2600,15636,1560,-76,504,97,121428
2026-05-19 20:06:39,lombar,16688,328,2360,231,-324,230,778861
2026-05-19 20:06:39,lombar,16704,392,2236,309,-243,265,778883
2026-05-19 20:06:39,esterno,2568,15640,1692,-66,543,69,121450
2026-05-19 20:06:40,esterno,2656,15680,1792,-100,540,51,121472
2026-05-19 20:06:40,lombar,16680,552,2260,298,-299,288,778905
2026-05-19 20:06:40,esterno,2644,15600,2080,-219,461,85,121494
2026-05-19 20:06:40,lombar,16724,456,2264,289,-266,318,778927
2026-05-19 20:06:40,esterno,2444,15480,1568,-115,726,-32,121516
2026-05-19 20:06:40,lombar,16672,384,2364,279,-258,228,778949
2026-05-19 20:06:40,esterno,2536,15560,1848,-10,295,-148,121538
2026-05-19 20:06:40,lombar,16712,644,2388,213,-213,207,778971
2026-05-19 20:06:40,esterno,2520,15812,1816,-39,359,-10,121560
2026-05-19 20:06:40,lombar,16644,656,2416,135,-166,273,778993
2026-05-19 20:06:40,esterno,2328,15624,1948,-158,-54,61,121582
2026-05-19 20:06:40,lombar,16828,628,2288,-25,-226,393,779015
2026-05-19 20:06:40,esterno,2568,15752,1796,-27,-303,-29,121604
2026-05-19 20:06:40,lombar,16620,628,2352,-69,-228,271,779037
2026-05-19 20:06:40,esterno,2768,15576,1748,-121,-318,-160,121626
2026-05-19 20:06:40,lombar,16620,540,2308,-137,-236,303,779059
2026-05-19 20:06:40,lombar,16524,472,2280,-103,-277,388,779081
2026-05-19 20:06:40,esterno,2808,15648,1612,-125,-312,-109,121648
2026-05-19 20:06:40,esterno,2760,15656,1704,-98,-237,29,121670
2026-05-19 20:06:40,lombar,16736,372,2368,-14,-323,390,779103
2026-05-19 20:06:40,esterno,2588,15728,1692,-111,-109,36,121692
2026-05-19 20:06:40,lombar,16800,460,2344,-28,-221,417,779125
2026-05-19 20:06:40,esterno,2672,15780,1672,-82,21,-55,121714
2026-05-19 20:06:40,lombar,16796,412,2464,28,-336,396,779147
2026-05-19 20:06:40,esterno,2664,15744,1892,-114,104,-43,121736
2026-05-19 20:06:40,lombar,16788,316,2496,85,-193,369,779169
2026-05-19 20:06:40,esterno,2652,15712,1824,-187,194,74,121758
2026-05-19 20:06:40,lombar,16624,376,2236,135,-185,365,779191
2026-05-19 20:06:40,esterno,2580,15708,1512,-145,289,141,121780
2026-05-19 20:06:40,lombar,16636,508,2312,185,-231,414,779213
2026-05-19 20:06:40,esterno,2516,15576,1376,64,329,117,121802
2026-05-19 20:06:40,lombar,16696,380,2312,211,-212,362,779235
2026-05-19 20:06:40,esterno,2380,15676,1812,-10,322,-20,121824
2026-05-19 20:06:40,lombar,16800,628,2220,201,-265,380,779257
2026-05-19 20:06:40,esterno,2332,15800,1872,-170,-256,5,121846
2026-05-19 20:06:40,lombar,16704,520,2392,94,-324,313,779279
2026-05-19 20:06:40,esterno,2496,15604,1404,-91,-170,64,121868
2026-05-19 20:06:40,lombar,16652,476,2296,94,-257,378,779301
2026-05-19 20:06:40,esterno,2492,15516,1436,-30,135,-27,121890
2026-05-19 20:06:40,lombar,16700,596,2496,-15,-230,361,779323
2026-05-19 20:06:40,esterno,2672,15672,1772,-12,69,-118,121912
2026-05-19 20:06:40,lombar,16664,436,2420,-24,-271,261,779345
2026-05-19 20:06:40,esterno,2632,15828,1856,29,177,-148,121934
2026-05-19 20:06:40,lombar,16768,320,2264,58,-155,334,779367
2026-05-19 20:06:40,lombar,16692,448,2344,38,-149,367,779389
2026-05-19 20:06:40,esterno,2524,15668,1780,-63,190,-209,121956
2026-05-19 20:06:40,esterno,2536,15708,1760,-105,96,-175,121978
2026-05-19 20:06:40,lombar,16716,432,2348,94,-172,363,779411
2026-05-19 20:06:40,esterno,2712,15560,1492,-209,145,-77,122000
2026-05-19 20:06:40,lombar,16664,452,2428,80,-244,392,779433
2026-05-19 20:06:40,esterno,2576,15524,1676,-210,148,-145,122022
2026-05-19 20:06:40,lombar,16580,420,2588,44,-353,323,779455
2026-05-19 20:06:40,esterno,2528,15732,1636,-243,259,-135,122044
2026-05-19 20:06:40,lombar,16592,304,2392,121,-338,259,779477
2026-05-19 20:06:40,esterno,2492,15736,1468,-323,296,-5,122066
2026-05-19 20:06:40,lombar,16692,468,2448,103,-305,368,779499
2026-05-19 20:06:40,esterno,2656,15780,1760,-371,177,90,122088
2026-05-19 20:06:40,lombar,16612,256,2416,123,-267,334,779521
2026-05-19 20:06:40,esterno,2256,15552,1456,-419,249,-5,122110
2026-05-19 20:06:40,lombar,16680,196,2324,194,-262,194,779543
2026-05-19 20:06:40,esterno,2716,15676,1712,-262,123,-94,122132
2026-05-19 20:06:40,lombar,16724,376,2432,281,-239,353,779565
2026-05-19 20:06:40,esterno,2664,15744,1760,-407,359,99,122154
2026-05-19 20:06:40,lombar,16680,624,2492,205,-241,404,779587
2026-05-19 20:06:40,esterno,2524,15724,1672,-356,106,115,122176
2026-05-19 20:06:40,lombar,16688,544,2288,114,-271,358,779609
2026-05-19 20:06:40,esterno,2640,15804,1840,-232,130,109,122198
2026-05-19 20:06:40,lombar,16684,468,2516,116,-239,263,779631
2026-05-19 20:06:40,lombar,16676,480,2392,103,-346,358,779653
2026-05-19 20:06:40,esterno,2680,15684,1752,-299,164,118,122220
2026-05-19 20:06:40,esterno,2584,15608,1784,-280,169,191,122242
2026-05-19 20:06:40,lombar,16628,568,2280,109,-274,291,779675
2026-05-19 20:06:40,esterno,2648,15612,1852,-261,162,220,122264
2026-05-19 20:06:40,lombar,16712,520,2472,57,-277,355,779697
2026-05-19 20:06:40,esterno,2676,15580,1560,-246,163,204,122286
2026-05-19 20:06:40,lombar,16692,468,2316,41,-236,314,779719
2026-05-19 20:06:40,esterno,2496,15640,1720,-213,63,128,122308
2026-05-19 20:06:40,lombar,16688,436,2452,34,-293,346,779741
2026-05-19 20:06:40,esterno,2560,15660,1984,-268,-36,65,122330
2026-05-19 20:06:40,lombar,16712,360,2540,76,-236,352,779763
2026-05-19 20:06:40,esterno,2416,15656,1920,-256,-153,98,122352
2026-05-19 20:06:40,lombar,16556,496,2476,34,-195,399,779785
2026-05-19 20:06:40,esterno,2508,15620,1424,-33,-50,56,122374
2026-05-19 20:06:40,lombar,16648,480,2436,-2,-237,338,779807
2026-05-19 20:06:40,lombar,16696,376,2432,11,-211,324,779829
2026-05-19 20:06:40,esterno,2540,15632,2128,-23,-159,-71,122396
2026-05-19 20:06:40,lombar,16616,420,2572,39,-226,286,779851
2026-05-19 20:06:40,lombar,16708,396,2188,36,-164,255,779873
2026-05-19 20:06:40,esterno,2572,15832,2028,-146,-457,25,122418
2026-05-19 20:06:40,esterno,2476,15468,1348,-101,-339,-46,122440
2026-05-19 20:06:40,lombar,16600,476,2436,89,-153,324,779895
2026-05-19 20:06:40,esterno,2624,15584,1656,-26,23,-165,122462
2026-05-19 20:06:40,esterno,2736,15684,1764,-47,75,-144,122484
2026-05-19 20:06:40,lombar,16788,436,2448,46,-240,313,779917
2026-05-19 20:06:40,esterno,2692,15672,1612,18,152,-176,122506
2026-05-19 20:06:40,lombar,16632,480,2340,86,-270,332,779939
2026-05-19 20:06:41,esterno,2368,15764,1800,-66,200,-172,122528
2026-05-19 20:06:41,lombar,16700,416,2444,69,-219,321,779961
2026-05-19 20:06:41,esterno,2572,15732,1968,-67,222,-165,122550
2026-05-19 20:06:41,lombar,16740,396,2472,110,-255,263,779983
2026-05-19 20:06:41,lombar,16628,380,2412,125,-212,291,780005
2026-05-19 20:06:41,esterno,2824,15692,1444,-98,294,-82,122572
2026-05-19 20:06:41,esterno,2840,15680,1748,-60,445,-86,122594
2026-05-19 20:06:41,lombar,16720,504,2440,127,-318,327,780027
2026-05-19 20:06:41,esterno,2620,15664,1844,-138,458,-47,122616
2026-05-19 20:06:41,lombar,16796,356,2468,163,-282,306,780049
2026-05-19 20:06:41,esterno,2868,15716,1320,-238,590,-4,122638
2026-05-19 20:06:41,lombar,16740,312,2300,255,-180,312,780071
2026-05-19 20:06:41,esterno,2796,15724,1704,-189,652,91,122660
2026-05-19 20:06:41,lombar,16620,440,2380,284,-195,414,780093
2026-05-19 20:06:41,esterno,2532,15580,1576,-233,751,75,122682
2026-05-19 20:06:41,lombar,16724,392,2436,317,-271,271,780115
2026-05-19 20:06:41,esterno,2768,15732,1964,-73,609,0,122704
2026-05-19 20:06:41,esterno,2476,15680,1960,-161,699,49,122726
2026-05-19 20:06:41,lombar,16728,588,2300,332,-188,251,780137
2026-05-19 20:06:41,lombar,16708,612,2404,334,-120,385,780159
2026-05-19 20:06:41,esterno,2408,15592,2008,-126,267,-31,122748
2026-05-19 20:06:41,lombar,16708,504,2404,188,-229,390,780181
2026-05-19 20:06:41,esterno,2288,15724,1976,-22,70,40,122770
2026-05-19 20:06:41,lombar,16660,620,2348,135,-144,230,780203
2026-05-19 20:06:41,esterno,2300,15716,1732,-136,-69,54,122792
2026-05-19 20:06:41,lombar,16720,492,2420,12,-211,314,780225
2026-05-19 20:06:41,esterno,2504,15636,1712,-96,-193,-28,122814
2026-05-19 20:06:41,lombar,16684,604,2492,-62,-183,382,780247
2026-05-19 20:06:41,esterno,2580,15640,1720,1,-289,-161,122836
2026-05-19 20:06:41,lombar,16652,544,2416,-110,-149,337,780269
2026-05-19 20:06:41,esterno,2668,15576,1620,-27,-347,-166,122858
2026-05-19 20:06:41,lombar,16688,520,2524,-137,-190,358,780291
2026-05-19 20:06:41,esterno,2424,15684,1620,-29,-385,-124,122880
2026-05-19 20:06:41,esterno,2452,15632,1796,-83,-436,-158,122902
2026-05-19 20:06:41,lombar,16776,512,2512,-151,-223,415,780313
2026-05-19 20:06:41,lombar,16648,352,2440,-138,-167,365,780335
2026-05-19 20:06:41,esterno,2592,15864,1948,-212,-555,-178,122924
2026-05-19 20:06:41,lombar,16716,540,2560,-122,-193,397,780357
2026-05-19 20:06:41,esterno,2580,15660,1532,-141,-536,-221,122946
2026-05-19 20:06:41,lombar,16636,332,2564,-74,-218,392,780379
2026-05-19 20:06:41,esterno,2636,15560,1540,76,-129,-286,122968
2026-05-19 20:06:41,lombar,16616,348,2452,11,-224,308,780401
2026-05-19 20:06:41,esterno,2936,15748,1904,21,-460,-174,122990
2026-05-19 20:06:41,lombar,16720,436,2408,49,-226,340,780423
2026-05-19 20:06:41,esterno,2540,15960,1588,-277,-389,79,123012
2026-05-19 20:06:41,lombar,16856,288,2580,139,-151,268,780445
2026-05-19 20:06:41,esterno,2516,15520,1400,-181,-109,-18,123034
2026-05-19 20:06:41,lombar,16600,436,2424,183,-153,269,780467
2026-05-19 20:06:41,esterno,2816,15512,1516,-9,424,-43,123056
2026-05-19 20:06:41,esterno,2904,15704,1596,21,576,21,123078
2026-05-19 20:06:41,esterno,2424,15808,1688,-31,752,225,123100
2026-05-19 20:06:41,esterno,2280,15800,1964,-66,544,131,123122
2026-05-19 20:06:41,esterno,2440,15728,1808,-74,390,51,123144
2026-05-19 20:06:41,esterno,2636,15596,1420,-69,319,100,123166
2026-05-19 20:06:41,esterno,2556,15604,1648,-164,275,178,123188
2026-05-19 20:06:41,esterno,2328,15704,1632,-131,127,141,123210
2026-05-19 20:06:41,esterno,2472,15652,1864,-131,214,-50,123232
2026-05-19 20:06:41,esterno,2472,15556,1492,-75,367,-57,123254
2026-05-19 20:06:41,esterno,2624,15616,1736,-197,172,-7,123276
2026-05-19 20:06:41,esterno,2776,15820,1732,-111,428,4,123298
2026-05-19 20:06:41,esterno,2500,15648,1644,-243,349,-41,123320
2026-05-19 20:06:41,esterno,2652,15696,1700,-115,199,-59,123342
2026-05-19 20:06:41,lombar,16664,376,2488,252,-263,313,780511
2026-05-19 20:06:41,lombar,16660,476,2252,223,-211,296,780533
2026-05-19 20:06:41,lombar,16688,388,2412,231,-263,325,780555
2026-05-19 20:06:41,lombar,16700,464,2548,210,-206,341,780577
2026-05-19 20:06:41,lombar,16560,560,2468,71,-301,362,780599
2026-05-19 20:06:41,lombar,16640,572,2620,33,-317,294,780621
2026-05-19 20:06:41,lombar,16688,400,2416,37,-295,315,780643
2026-05-19 20:06:41,lombar,16768,388,2440,74,-267,287,780665
2026-05-19 20:06:41,lombar,16568,320,2544,129,-169,329,780687
2026-05-19 20:06:41,lombar,16688,272,2548,186,-208,311,780709
2026-05-19 20:06:41,lombar,16768,400,2404,289,-250,335,780731
2026-05-19 20:06:41,lombar,16544,476,2400,204,-230,332,780753
2026-05-19 20:06:41,lombar,16768,348,2484,190,-292,259,780775
2026-05-19 20:06:41,esterno,2608,15720,1696,-205,237,141,123364
2026-05-19 20:06:41,lombar,16756,464,2676,191,-230,260,780797
2026-05-19 20:06:41,lombar,16680,588,2508,135,-305,272,780819
2026-05-19 20:06:41,esterno,2524,15664,1600,-161,301,154,123386
2026-05-19 20:06:41,esterno,2692,15696,1668,-159,304,152,123408
2026-05-19 20:06:41,lombar,16700,576,2432,152,-267,248,780841
2026-05-19 20:06:41,lombar,16624,488,2464,164,-294,363,780863
2026-05-19 20:06:41,esterno,2552,15668,1636,-171,259,103,123430
2026-05-19 20:06:41,esterno,2580,15596,1588,-100,256,82,123452
2026-05-19 20:06:41,lombar,16688,428,2488,135,-252,404,780885
2026-05-19 20:06:41,esterno,2576,15616,1568,-71,278,116,123474
2026-05-19 20:06:41,lombar,16700,488,2596,60,-271,334,780907
2026-05-19 20:06:41,esterno,2556,15616,1808,-158,241,115,123496
2026-05-19 20:06:41,lombar,16732,552,2432,35,-203,345,780929
2026-05-19 20:06:41,esterno,2516,15764,1776,-151,81,48,123518
2026-05-19 20:06:42,lombar,16768,592,2308,125,-90,322,780951
2026-05-19 20:06:42,esterno,2584,15736,1780,-143,-97,21,123540
2026-05-19 20:06:42,lombar,16752,516,2520,56,-295,406,780973
2026-05-19 20:06:42,esterno,2568,15600,1508,31,-132,1,123562
2026-05-19 20:06:42,lombar,16640,436,2516,40,-276,410,780995
2026-05-19 20:06:42,lombar,16684,408,2584,35,-292,365,781017
2026-05-19 20:06:42,esterno,2492,15620,1784,-14,-68,-103,123584
2026-05-19 20:06:42,esterno,2696,15868,1728,-111,-337,-4,123606
2026-05-19 20:06:42,lombar,16812,380,2720,-37,-266,312,781039
2026-05-19 20:06:42,esterno,2420,15492,1468,-182,-443,9,123628
2026-05-19 20:06:42,lombar,16696,296,2552,0,-301,304,781061
2026-05-19 20:06:42,esterno,2716,15464,1568,-89,54,-159,123650
2026-05-19 20:06:42,lombar,16684,444,2580,35,-197,334,781083
2026-05-19 20:06:42,esterno,2764,15568,1596,-84,218,-108,123672
2026-05-19 20:06:42,lombar,16660,444,2620,75,-318,339,781105
2026-05-19 20:06:42,lombar,16644,368,2644,116,-240,372,781127
2026-05-19 20:06:42,esterno,2760,15868,1612,-47,340,-81,123694
2026-05-19 20:06:42,esterno,2344,15776,1692,-96,343,-69,123716
2026-05-19 20:06:42,lombar,16724,496,2520,105,-233,376,781149
2026-05-19 20:06:42,esterno,2532,15852,1624,-109,270,-51,123738
2026-05-19 20:06:42,lombar,16732,352,2544,133,-283,341,781171
2026-05-19 20:06:42,esterno,2692,15692,1440,-161,310,59,123760
2026-05-19 20:06:42,lombar,16740,464,2608,128,-268,300,781193
2026-05-19 20:06:42,esterno,2768,15640,1520,-109,383,105,123782
2026-05-19 20:06:42,lombar,16616,444,2448,134,-340,312,781215
2026-05-19 20:06:42,esterno,2664,15740,1660,-118,350,92,123804
2026-05-19 20:06:42,lombar,16584,548,2472,149,-309,388,781237
2026-05-19 20:06:42,esterno,2656,15744,1376,-188,345,78,123826
2026-05-19 20:06:42,lombar,16752,428,2548,170,-342,231,781259
2026-05-19 20:06:42,lombar,16620,532,2644,180,-240,311,781281
2026-05-19 20:06:42,esterno,2532,15544,1864,-183,303,34,123848
2026-05-19 20:06:42,esterno,2276,15536,1540,-205,409,36,123870
2026-05-19 20:06:42,lombar,16648,484,2476,141,-345,297,781303
2026-05-19 20:06:42,esterno,2764,15596,1712,-79,163,-20,123892
2026-05-19 20:06:42,lombar,16756,376,2492,166,-220,231,781325
2026-05-19 20:06:42,lombar,16596,516,2368,100,-247,335,781347
2026-05-19 20:06:42,esterno,2604,15732,1728,-149,305,-18,123914
2026-05-19 20:06:42,esterno,2592,15540,1692,-160,56,-98,123936
2026-05-19 20:06:42,lombar,16668,500,2708,69,-282,436,781369
2026-05-19 20:06:42,esterno,2716,15760,1860,-56,72,-74,123958
2026-05-19 20:06:42,lombar,16684,424,2404,126,-223,288,781391
2026-05-19 20:06:42,lombar,16756,544,2388,37,-289,363,781413
2026-05-19 20:06:42,lombar,16712,536,2464,55,-266,351,781435
2026-05-19 20:06:42,esterno,2612,15736,1684,-186,157,-7,123980
2026-05-19 20:06:42,esterno,2464,15524,1588,-193,121,-21,124002
2026-05-19 20:06:42,esterno,2472,15600,1636,-236,27,-7,124024
2026-05-19 20:06:42,lombar,16680,560,2316,26,-245,376,781457
2026-05-19 20:06:42,esterno,2536,15660,1636,-142,-89,29,124046
2026-05-19 20:06:42,lombar,16728,504,2608,70,-252,394,781479
2026-05-19 20:06:42,esterno,2512,15600,1628,-87,-149,89,124068
2026-05-19 20:06:42,lombar,16688,544,2508,28,-287,373,781501
2026-05-19 20:06:42,lombar,16660,452,2464,16,-306,360,781523
2026-05-19 20:06:42,esterno,2720,15656,1592,-80,-119,53,124090
2026-05-19 20:06:42,esterno,2612,15600,1660,-86,42,-73,124112
2026-05-19 20:06:42,lombar,16604,456,2648,17,-241,300,781545
2026-05-19 20:06:42,esterno,2724,15732,1648,-96,139,-117,124134
2026-05-19 20:06:42,lombar,16628,432,2568,108,-301,334,781567
2026-05-19 20:06:42,esterno,2592,15624,1648,-153,198,5,124156
2026-05-19 20:06:42,lombar,16668,408,2504,127,-253,385,781589
2026-05-19 20:06:42,esterno,2620,15784,1804,-203,86,91,124178
2026-05-19 20:06:42,lombar,16644,416,2368,149,-264,428,781611
2026-05-19 20:06:42,esterno,2448,15740,1692,-70,81,79,124200
2026-05-19 20:06:42,lombar,16596,360,2552,140,-275,326,781633
2026-05-19 20:06:42,esterno,2300,15660,1776,-53,332,-106,124222
2026-05-19 20:06:42,lombar,16696,364,2520,138,-357,309,781655
2026-05-19 20:06:42,esterno,2724,15892,1700,-61,-141,12,124244
2026-05-19 20:06:42,lombar,16704,416,2508,52,-352,257,781677
2026-05-19 20:06:42,esterno,2496,15728,1448,-244,-252,141,124266
2026-05-19 20:06:42,lombar,16660,472,2476,69,-364,259,781699
2026-05-19 20:06:42,esterno,2460,15448,1644,-152,197,3,124288
2026-05-19 20:06:42,lombar,16628,452,2584,85,-329,365,781721
2026-05-19 20:06:42,esterno,2544,15552,1768,-85,312,-109,124310
2026-05-19 20:06:42,esterno,2592,15712,1720,47,269,-148,124332
2026-05-19 20:06:42,lombar,16768,472,2612,103,-285,416,781743
2026-05-19 20:06:42,lombar,16616,452,2456,83,-308,333,781765
2026-05-19 20:06:42,esterno,2408,15816,1888,-38,175,-16,124354
2026-05-19 20:06:42,lombar,16776,504,2564,33,-334,369,781787
2026-05-19 20:06:42,esterno,2492,15676,1768,-75,32,-11,124376
2026-05-19 20:06:42,lombar,16784,452,2436,78,-273,297,781809
2026-05-19 20:06:42,esterno,2588,15684,1708,-96,3,-25,124398
2026-05-19 20:06:42,lombar,16572,536,2332,52,-226,281,781831
2026-05-19 20:06:42,esterno,2524,15660,1560,-152,23,-70,124420
2026-05-19 20:06:42,lombar,16652,576,2516,-10,-326,317,781853
2026-05-19 20:06:42,lombar,16720,496,2588,-34,-345,287,781875
2026-05-19 20:06:42,esterno,2472,15616,1556,-149,-65,-50,124442
2026-05-19 20:06:42,esterno,2528,15736,1708,-149,-166,-34,124464
2026-05-19 20:06:42,lombar,16692,472,2608,-32,-347,341,781897
2026-05-19 20:06:42,esterno,2508,15752,1716,-240,-138,-4,124486
2026-05-19 20:06:42,lombar,16732,452,2760,-10,-290,326,781919
2026-05-19 20:06:42,lombar,16592,332,2588,-5,-360,267,781941
2026-05-19 20:06:42,esterno,2408,15708,1408,-262,6,-28,124508
2026-05-19 20:06:43,lombar,16636,456,2472,52,-284,361,781963
2026-05-19 20:06:43,esterno,2940,15728,1712,-192,-246,-74,124530
2026-05-19 20:06:43,lombar,16668,420,2500,62,-294,283,781985
2026-05-19 20:06:43,esterno,2852,15796,1560,-237,54,74,124552
2026-05-19 20:06:43,esterno,2560,15736,1616,-309,-130,155,124574
2026-05-19 20:06:43,lombar,16568,524,2548,28,-368,328,782007
2026-05-19 20:06:43,lombar,16812,312,2348,113,-283,314,782029
2026-05-19 20:06:43,esterno,2656,15744,1804,-188,-47,161,124596
2026-05-19 20:06:43,esterno,2792,15644,1616,-186,88,123,124618
2026-05-19 20:06:43,lombar,16632,444,2548,112,-357,348,782051
2026-05-19 20:06:43,esterno,2692,15656,1756,-204,138,159,124640
2026-05-19 20:06:43,lombar,16644,576,2420,118,-338,285,782073
2026-05-19 20:06:43,esterno,2428,15796,1652,-205,178,265,124662
2026-05-19 20:06:43,lombar,16792,512,2592,79,-361,305,782095
2026-05-19 20:06:43,esterno,2420,15620,1628,-94,122,171,124684
2026-05-19 20:06:43,lombar,16648,468,2376,117,-312,321,782117
2026-05-19 20:06:43,esterno,2476,15572,1576,-70,82,111,124706
2026-05-19 20:06:43,lombar,16704,448,2608,133,-382,304,782139
2026-05-19 20:06:43,esterno,2660,15640,1480,-148,99,127,124728
2026-05-19 20:06:43,lombar,16624,444,2520,114,-354,289,782161
2026-05-19 20:06:43,lombar,16680,476,2692,47,-352,283,782183
2026-05-19 20:06:43,esterno,2596,15620,1588,-127,76,89,124750
2026-05-19 20:06:43,esterno,2664,15584,1916,-85,98,46,124772
2026-05-19 20:06:43,lombar,16744,516,2528,83,-377,314,782205
2026-05-19 20:06:43,esterno,2792,15644,1800,-124,137,29,124794
2026-05-19 20:06:43,lombar,16624,500,2492,93,-372,318,782227
2026-05-19 20:06:43,lombar,16752,552,2500,73,-331,292,782249
2026-05-19 20:06:43,esterno,2560,15752,1624,-109,191,-14,124816
2026-05-19 20:06:43,esterno,2692,15604,1636,-149,163,34,124838
2026-05-19 20:06:43,lombar,16560,504,2404,67,-302,309,782271
2026-05-19 20:06:43,esterno,2684,15748,1808,-161,147,113,124860
2026-05-19 20:06:43,lombar,16696,484,2392,69,-323,358,782293
2026-05-19 20:06:43,esterno,2712,15616,1720,-141,186,156,124882
2026-05-19 20:06:43,lombar,16644,508,2412,73,-310,264,782315
2026-05-19 20:06:43,esterno,2684,15532,1144,-7,535,37,124904
2026-05-19 20:06:43,lombar,16696,584,2236,122,-342,263,782337
2026-05-19 20:06:43,esterno,2760,15680,2100,-13,-6,-6,124926
2026-05-19 20:06:43,lombar,16660,636,2488,89,-347,339,782359
2026-05-19 20:06:43,esterno,2700,15736,1808,-215,-44,188,124948
2026-05-19 20:06:43,lombar,16652,420,2312,92,-380,299,782381
2026-05-19 20:06:43,esterno,2640,15504,1204,-134,39,146,124970
2026-05-19 20:06:43,lombar,16672,608,2332,147,-256,366,782403
2026-05-19 20:06:43,esterno,2520,15548,1608,10,479,38,124992
2026-05-19 20:06:43,lombar,16728,560,2352,83,-355,366,782425
2026-05-19 20:06:43,lombar,16720,424,2464,64,-320,344,782447
2026-05-19 20:06:43,esterno,2688,15676,1608,91,413,-85,125014
2026-05-19 20:06:43,esterno,2492,15772,1692,42,429,-61,125036
2026-05-19 20:06:43,lombar,16780,544,2560,64,-291,343,782469
2026-05-19 20:06:43,esterno,2464,15748,1720,-8,269,-94,125058
2026-05-19 20:06:43,lombar,16696,544,2340,124,-214,327,782491
2026-05-19 20:06:43,esterno,2584,15600,1588,-132,278,-53,125080
2026-05-19 20:06:43,lombar,16620,432,2496,98,-246,332,782513
2026-05-19 20:06:43,esterno,2720,15572,1544,-169,271,-25,125102
2026-05-19 20:06:43,lombar,16724,448,2400,45,-340,331,782535
2026-05-19 20:06:43,lombar,16740,592,2592,74,-341,348,782557
2026-05-19 20:06:43,esterno,2632,15656,1672,-139,356,-20,125124
2026-05-19 20:06:43,esterno,2696,15632,1728,-110,294,-41,125146
2026-05-19 20:06:43,lombar,16604,516,2292,73,-316,326,782579
2026-05-19 20:06:43,esterno,2836,15776,1704,-189,398,-14,125168
2026-05-19 20:06:43,lombar,16784,328,2308,147,-285,362,782601
2026-05-19 20:06:43,esterno,2584,15740,1480,-178,345,53,125190
2026-05-19 20:06:43,lombar,16668,540,2584,141,-323,342,782623
2026-05-19 20:06:43,esterno,2308,15568,1768,-239,178,-14,125212
2026-05-19 20:06:43,lombar,16736,476,2496,124,-329,283,782645
2026-05-19 20:06:43,lombar,16840,572,2412,180,-236,330,782667
2026-05-19 20:06:43,esterno,2628,15656,1588,-111,153,-31,125234
2026-05-19 20:06:43,esterno,2576,15648,1616,-129,42,43,125256
2026-05-19 20:06:43,lombar,16600,528,2472,91,-288,319,782689
2026-05-19 20:06:43,esterno,2512,15912,1672,-134,-186,2,125278
2026-05-19 20:06:43,lombar,16692,520,2428,45,-301,308,782711
2026-05-19 20:06:43,esterno,2692,15584,1432,-206,-101,52,125300
2026-05-19 20:06:43,lombar,16644,468,2320,67,-308,263,782733
2026-05-19 20:06:43,esterno,2616,15556,1488,-246,-33,50,125322
2026-05-19 20:06:43,lombar,16612,516,2356,37,-298,303,782755
2026-05-19 20:06:43,esterno,2792,15688,1472,-173,58,77,125344
2026-05-19 20:06:43,lombar,16616,520,2344,91,-253,294,782777
2026-05-19 20:06:43,lombar,16668,540,2380,100,-283,286,782799
2026-05-19 20:06:43,esterno,2764,15692,1576,-181,98,128,125366
2026-05-19 20:06:43,esterno,2804,15744,1496,-171,165,151,125388
2026-05-19 20:06:43,lombar,16652,500,2284,146,-261,303,782821
2026-05-19 20:06:43,esterno,2780,15640,1684,-192,174,146,125410
2026-05-19 20:06:43,lombar,16672,620,2376,79,-272,266,782843
2026-05-19 20:06:43,lombar,16716,604,2420,53,-250,320,782865
2026-05-19 20:06:43,esterno,2704,15632,1756,-207,101,124,125432
2026-05-19 20:06:43,esterno,2636,15652,1728,-159,76,195,125454
2026-05-19 20:06:43,lombar,16640,456,2272,93,-268,281,782887
2026-05-19 20:06:43,esterno,2672,15636,1688,-142,72,188,125476
2026-05-19 20:06:43,lombar,16720,548,2428,136,-205,266,782909
2026-05-19 20:06:43,esterno,2732,15752,1628,-143,41,176,125498
2026-05-19 20:06:44,lombar,16704,552,2496,94,-247,318,782931
2026-05-19 20:06:44,esterno,2608,15656,1532,-144,1,95,125520
2026-05-19 20:06:44,lombar,16712,476,2456,65,-256,338,782953
2026-05-19 20:06:44,esterno,2644,15612,1508,-147,21,23,125542
2026-05-19 20:06:44,lombar,16680,376,2328,76,-226,249,782975
2026-05-19 20:06:44,esterno,2724,15632,1568,-195,3,18,125564
2026-05-19 20:06:44,lombar,16688,368,2256,100,-248,320,782997
2026-05-19 20:06:44,esterno,2788,15712,1732,-228,52,93,125586
2026-05-19 20:06:44,lombar,16564,500,2560,122,-222,297,783019
2026-05-19 20:06:44,esterno,2704,15640,1860,-112,47,45,125608
2026-05-19 20:06:44,lombar,16652,420,2408,129,-254,308,783041
2026-05-19 20:06:44,esterno,2604,15504,1404,17,508,-132,125630
2026-05-19 20:06:44,lombar,16676,560,2440,107,-216,340,783063
2026-05-19 20:06:44,esterno,2864,15704,1944,-8,-185,-31,125652
2026-05-19 20:06:44,lombar,16684,540,2384,65,-247,313,783085
2026-05-19 20:06:44,esterno,2528,15728,1512,-239,-364,157,125674
2026-05-19 20:06:44,lombar,16608,556,2472,68,-206,229,783107
2026-05-19 20:06:44,esterno,2656,15504,1564,-91,8,-63,125696
2026-05-19 20:06:44,lombar,16740,600,2416,72,-166,361,783129
2026-05-19 20:06:44,esterno,2728,15612,1716,-37,141,-114,125718
2026-05-19 20:06:44,lombar,16668,616,2624,31,-175,372,783151
2026-05-19 20:06:44,lombar,16580,452,2344,32,-254,228,783173
2026-05-19 20:06:44,esterno,2796,15832,1552,-6,91,-66,125740
2026-05-19 20:06:44,lombar,16624,500,2360,54,-194,241,783195
2026-05-19 20:06:44,esterno,2632,15652,1564,44,201,-56,125762
2026-05-19 20:06:44,esterno,2788,15624,1704,52,196,-80,125784
2026-05-19 20:06:44,lombar,16668,432,2368,66,-239,233,783217
2026-05-19 20:06:44,lombar,16672,520,2432,112,-198,262,783239
2026-05-19 20:06:44,esterno,2884,15716,1504,-44,271,-9,125806
2026-05-19 20:06:44,esterno,2836,15608,1604,-127,370,-24,125828
2026-05-19 20:06:44,lombar,16620,584,2344,76,-234,321,783261
2026-05-19 20:06:44,lombar,16628,608,2524,127,-225,329,783283
2026-05-19 20:06:44,esterno,2824,15768,1560,-168,376,62,125850
2026-05-19 20:06:44,esterno,2848,15744,1420,-121,264,191,125872
2026-05-19 20:06:44,lombar,16728,412,2440,110,-235,274,783305
2026-05-19 20:06:44,esterno,2732,15796,1636,-177,264,171,125894
2026-05-19 20:06:44,lombar,16688,644,2368,142,-235,300,783327
2026-05-19 20:06:44,esterno,2368,15532,1444,-164,360,113,125916
2026-05-19 20:06:44,lombar,16632,568,2480,70,-271,306,783349
2026-05-19 20:06:44,esterno,2552,15448,1564,-225,171,56,125938
2026-05-19 20:06:44,lombar,16700,456,2376,85,-298,264,783371
2026-05-19 20:06:44,esterno,2884,15768,1808,-119,298,101,125960
2026-05-19 20:06:44,lombar,16584,596,2476,102,-205,310,783393
2026-05-19 20:06:44,lombar,16704,504,2488,-19,-336,382,783415
2026-05-19 20:06:44,esterno,2612,15704,1688,-241,253,136,125982
2026-05-19 20:06:44,lombar,16700,400,2348,73,-305,316,783437
2026-05-19 20:06:44,esterno,2652,15696,1784,-142,-13,15,126004
2026-05-19 20:06:44,esterno,2832,15592,1552,-156,-23,30,126026
2026-05-19 20:06:44,lombar,16636,524,2392,56,-258,290,783459
2026-05-19 20:06:44,lombar,16684,688,2456,65,-231,320,783481
2026-05-19 20:06:44,esterno,2816,15696,1636,-235,4,139,126048
2026-05-19 20:06:44,lombar,16644,712,2492,38,-303,341,783503
2026-05-19 20:06:44,esterno,2824,15636,1548,-153,41,195,126070
2026-05-19 20:06:44,esterno,2876,15676,1656,-135,107,91,126092
2026-05-19 20:06:44,lombar,16588,640,2504,41,-296,270,783525
2026-05-19 20:06:44,esterno,2868,15556,1616,-141,191,67,126114
2026-05-19 20:06:44,lombar,16604,588,2608,52,-290,272,783547
2026-05-19 20:06:44,esterno,2840,15632,1504,-104,211,83,126136
2026-05-19 20:06:44,lombar,16648,536,2384,121,-233,288,783569
2026-05-19 20:06:44,esterno,2872,15668,1592,-84,243,161,126158
2026-05-19 20:06:44,lombar,16652,568,2356,110,-226,313,783591
2026-05-19 20:06:44,esterno,2736,15720,1760,-121,246,169,126180
2026-05-19 20:06:44,lombar,16656,516,2488,123,-222,301,783613
2026-05-19 20:06:44,esterno,2732,15636,1760,-93,246,85,126202
2026-05-19 20:06:44,lombar,16652,492,2424,118,-262,296,783635
2026-05-19 20:06:44,esterno,2616,15672,1548,-128,175,41,126224
2026-05-19 20:06:44,lombar,16668,532,2440,163,-251,344,783657
2026-05-19 20:06:44,esterno,2756,15708,1600,-103,104,19,126246
2026-05-19 20:06:44,esterno,2728,15568,1472,-66,97,22,126268
2026-05-19 20:06:44,lombar,16648,540,2532,141,-277,357,783679
2026-05-19 20:06:44,lombar,16620,620,2620,108,-283,341,783701
2026-05-19 20:06:44,esterno,2860,15640,1652,-74,34,-47,126290
2026-05-19 20:06:44,lombar,16788,516,2356,106,-242,332,783723
2026-05-19 20:06:44,esterno,2824,15672,1628,-63,9,-111,126312
2026-05-19 20:06:44,lombar,16628,544,2452,74,-217,318,783745
2026-05-19 20:06:44,esterno,2756,15640,1564,-96,-9,-130,126334
2026-05-19 20:06:44,lombar,16788,548,2460,68,-245,333,783767
2026-05-19 20:06:44,esterno,2756,15676,1692,-109,-18,-85,126356
2026-05-19 20:06:44,lombar,16656,576,2456,46,-232,331,783789
2026-05-19 20:06:44,esterno,2940,15752,1532,-191,61,-34,126378
2026-05-19 20:06:44,lombar,16688,552,2572,71,-288,298,783811
2026-05-19 20:06:44,esterno,3028,15660,1592,-176,103,-21,126400
2026-05-19 20:06:44,lombar,16668,532,2520,125,-264,368,783833
2026-05-19 20:06:44,esterno,2992,15608,1480,-68,238,-66,126422
2026-05-19 20:06:44,lombar,16616,488,2596,112,-353,309,783855
2026-05-19 20:06:44,esterno,2504,15604,1960,-90,508,-108,126444
2026-05-19 20:06:44,lombar,16692,692,2372,114,-289,365,783877
2026-05-19 20:06:44,esterno,2976,15836,1652,-32,60,67,126466
2026-05-19 20:06:44,lombar,16772,576,2572,90,-260,340,783899
2026-05-19 20:06:44,esterno,2692,15596,1576,-310,-144,191,126488
2026-05-19 20:06:44,lombar,16544,552,2320,186,-185,313,783921
2026-05-19 20:06:44,esterno,2816,15460,1300,-132,134,52,126510
2026-05-19 20:06:44,lombar,16644,700,2392,119,-246,366,783943
2026-05-19 20:06:45,esterno,2804,15728,1620,-49,237,34,126532
2026-05-19 20:06:45,lombar,16788,584,2352,101,-227,330,783965
2026-05-19 20:06:45,esterno,2840,15756,1400,92,462,-24,126554
2026-05-19 20:06:45,lombar,16728,740,2460,139,-204,436,783987
2026-05-19 20:06:45,esterno,2612,15600,1804,35,286,-84,126576
2026-05-19 20:06:45,lombar,16608,484,2536,104,-237,413,784009
2026-05-19 20:06:45,esterno,2736,15672,1544,23,166,-99,126598
2026-05-19 20:06:45,lombar,16660,504,2488,135,-223,328,784031
2026-05-19 20:06:45,esterno,2684,15568,1492,-106,143,-55,126620
2026-05-19 20:06:45,lombar,16668,548,2376,116,-216,322,784053
2026-05-19 20:06:45,esterno,2636,15728,1484,-119,210,-96,126642
2026-05-19 20:06:45,lombar,16652,632,2540,112,-187,371,784075
2026-05-19 20:06:45,esterno,2760,15588,1500,-87,143,-109,126664
2026-05-19 20:06:45,lombar,16660,380,2432,62,-216,375,784097
2026-05-19 20:06:45,esterno,2924,15724,1616,-154,114,-140,126686
2026-05-19 20:06:45,lombar,16544,472,2444,148,-199,310,784119
2026-05-19 20:06:45,esterno,2764,15704,1644,-322,379,-147,126708
2026-05-19 20:06:45,lombar,16784,528,2448,200,-286,371,784141
2026-05-19 20:06:45,esterno,2752,15540,1204,-236,505,-150,126730
2026-05-19 20:06:45,lombar,16576,728,2612,154,-208,379,784163
2026-05-19 20:06:45,esterno,2812,15580,1568,-318,391,-108,126752
2026-05-19 20:06:45,lombar,16628,500,2460,129,-299,283,784185
2026-05-19 20:06:45,esterno,2964,15684,1632,-156,608,-83,126774
2026-05-19 20:06:45,lombar,16732,656,2496,193,-233,304,784207
2026-05-19 20:06:45,esterno,2616,15604,1728,-215,488,-91,126796
2026-05-19 20:06:45,lombar,16616,592,2556,96,-336,360,784229
2026-05-19 20:06:45,esterno,2440,15700,1872,-97,177,-129,126818
2026-05-19 20:06:45,lombar,16668,516,2400,88,-248,287,784251
2026-05-19 20:06:45,esterno,2468,15748,1524,-236,-26,72,126840
2026-05-19 20:06:45,lombar,16620,540,2456,8,-275,340,784273
2026-05-19 20:06:45,esterno,2612,15596,1652,-244,-167,128,126862
2026-05-19 20:06:45,lombar,16700,772,2288,-23,-298,262,784295
2026-05-19 20:06:45,esterno,2800,15708,1672,-156,-276,40,126884
2026-05-19 20:06:45,lombar,16736,708,2624,6,-242,366,784317
2026-05-19 20:06:45,esterno,2860,15588,1428,-181,-285,-68,126906
2026-05-19 20:06:45,lombar,16692,588,2452,8,-287,355,784339
2026-05-19 20:06:45,esterno,2952,15616,1356,-132,-141,-129,126928
2026-05-19 20:06:45,lombar,16660,472,2584,-1,-285,374,784361
2026-05-19 20:06:45,esterno,2884,15696,1592,-121,-12,-67,126950
2026-05-19 20:06:45,lombar,16632,584,2580,-7,-291,318,784383
2026-05-19 20:06:45,esterno,2888,15608,1748,-130,151,-9,126972
2026-05-19 20:06:45,lombar,16680,536,2488,11,-270,388,784405
2026-05-19 20:06:45,esterno,2888,15692,1508,-172,195,0,126994
2026-05-19 20:06:45,lombar,16776,460,2496,85,-286,416,784427
2026-05-19 20:06:45,esterno,2596,15696,1716,-151,110,-25,127016
2026-05-19 20:06:45,lombar,16652,308,2372,150,-200,363,784449
2026-05-19 20:06:45,esterno,2588,15664,1652,-154,40,76,127038
2026-05-19 20:06:45,lombar,16648,548,2484,105,-261,369,784471
2026-05-19 20:06:45,esterno,2724,15572,1420,-104,110,128,127060
2026-05-19 20:06:45,lombar,16664,588,2572,82,-296,294,784493
2026-05-19 20:06:45,esterno,2780,15688,1436,-76,155,54,127082
2026-05-19 20:06:45,lombar,16696,520,2592,99,-295,253,784515
2026-05-19 20:06:45,esterno,2788,15676,1700,-52,195,41,127104
2026-05-19 20:06:45,lombar,16588,560,2528,153,-274,292,784537
2026-05-19 20:06:45,esterno,2772,15720,1664,-160,274,114,127126
2026-05-19 20:06:45,lombar,16712,624,2568,161,-262,248,784559
2026-05-19 20:06:45,esterno,2776,15624,1572,-166,246,148,127148
2026-05-19 20:06:45,lombar,16768,612,2492,118,-310,276,784581
2026-05-19 20:06:45,esterno,2760,15760,1404,-100,256,95,127170
2026-05-19 20:06:45,lombar,16564,632,2368,134,-276,323,784603
2026-05-19 20:06:45,esterno,2668,15516,1660,-167,248,56,127192
2026-05-19 20:06:45,lombar,16672,624,2480,82,-285,351,784625
2026-05-19 20:06:45,esterno,2684,15700,1736,-202,153,92,127214
2026-05-19 20:06:45,lombar,16712,556,2684,68,-282,248,784647
2026-05-19 20:06:45,esterno,2604,15840,1920,-181,11,107,127236
2026-05-19 20:06:45,lombar,16756,576,2404,64,-240,253,784669
2026-05-19 20:06:45,esterno,2780,15676,1532,-53,3,86,127258
2026-05-19 20:06:45,lombar,16664,556,2600,31,-311,330,784691
2026-05-19 20:06:45,lombar,16588,544,2416,114,-288,369,784713
2026-05-19 20:06:45,esterno,2764,15588,1076,35,512,0,127280
2026-05-19 20:06:45,esterno,3124,15788,1872,6,-75,-68,127302
2026-05-19 20:06:45,lombar,16592,480,2584,90,-272,308,784735
2026-05-19 20:06:45,esterno,2848,15764,1628,-244,53,109,127324
2026-05-19 20:06:45,lombar,16652,360,2364,116,-265,276,784757
2026-05-19 20:06:45,esterno,2864,15500,1224,-219,111,103,127346
2026-05-19 20:06:45,lombar,16644,648,2392,158,-229,305,784779
2026-05-19 20:06:45,esterno,2808,15588,1392,-169,417,122,127368
2026-05-19 20:06:45,lombar,16800,660,2340,152,-282,359,784801
2026-05-19 20:06:45,esterno,2840,15844,1592,50,409,6,127390
2026-05-19 20:06:45,lombar,16632,660,2652,168,-248,351,784823
2026-05-19 20:06:45,esterno,2708,15620,1436,3,506,-71,127412
2026-05-19 20:06:45,lombar,16708,732,2552,115,-210,319,784845
2026-05-19 20:06:45,esterno,2760,15728,1872,20,314,-98,127434
2026-05-19 20:06:45,lombar,16612,540,2396,157,-247,368,784867
2026-05-19 20:06:45,esterno,2808,15716,1496,-45,261,42,127456
2026-05-19 20:06:45,lombar,16648,592,2428,158,-257,368,784889
2026-05-19 20:06:45,esterno,2816,15656,1244,-126,312,47,127478
2026-05-19 20:06:45,lombar,16708,560,2492,104,-216,341,784911
2026-05-19 20:06:45,esterno,2812,15752,1676,-169,400,-63,127500
2026-05-19 20:06:45,lombar,16560,560,2388,94,-295,330,784933
2026-05-19 20:06:46,lombar,16740,448,2496,125,-292,336,784955
2026-05-19 20:06:46,esterno,2812,15764,1728,-177,211,-115,127522
2026-05-19 20:06:46,esterno,2716,15756,1504,-195,187,-87,127544
2026-05-19 20:06:46,lombar,16764,516,2472,125,-253,413,784977
2026-05-19 20:06:46,esterno,2700,15608,1668,-243,206,-80,127566
2026-05-19 20:06:46,lombar,16712,688,2604,136,-202,413,784999
2026-05-19 20:06:46,lombar,16568,612,2572,103,-349,340,785021
2026-05-19 20:06:46,esterno,2588,15552,1352,-255,339,-174,127588
2026-05-19 20:06:46,esterno,2860,15708,1588,-210,178,-252,127610
2026-05-19 20:06:46,esterno,2864,15656,1684,-207,459,-233,127632
2026-05-19 20:06:46,lombar,16708,536,2316,146,-275,357,785043
2026-05-19 20:06:46,lombar,16608,624,2496,54,-302,371,785065
2026-05-19 20:06:46,lombar,16680,544,2512,78,-270,388,785087
2026-05-19 20:06:46,esterno,2708,15600,1792,-243,232,-190,127654
2026-05-19 20:06:46,esterno,2684,15896,1796,-183,46,-101,127676
2026-05-19 20:06:46,lombar,16740,456,2496,103,-266,306,785109
2026-05-19 20:06:46,esterno,2548,15772,1512,-315,-8,-47,127698
2026-05-19 20:06:46,lombar,16724,612,2496,44,-289,355,785131
2026-05-19 20:06:46,esterno,2764,15624,1568,-262,-39,-111,127720
2026-05-19 20:06:46,lombar,16712,656,2472,9,-261,431,785153
2026-05-19 20:06:46,esterno,2880,15736,1596,-233,1,-72,127742
2026-05-19 20:06:46,lombar,16624,576,2432,26,-341,348,785175
2026-05-19 20:06:46,esterno,2708,15644,1560,-165,68,-59,127764
2026-05-19 20:06:46,lombar,16728,480,2492,49,-257,370,785197
2026-05-19 20:06:46,esterno,2660,15676,1596,-111,149,-48,127786
2026-05-19 20:06:46,lombar,16616,632,2592,67,-253,412,785219
2026-05-19 20:06:46,esterno,2836,15600,1760,-191,206,-83,127808
2026-05-19 20:06:46,lombar,16720,484,2568,46,-277,398,785241
2026-05-19 20:06:46,esterno,2772,15592,1636,-192,292,-61,127830
2026-05-19 20:06:46,lombar,16784,516,2412,119,-264,423,785263
2026-05-19 20:06:46,esterno,2672,15652,1616,-114,297,7,127852
2026-05-19 20:06:46,lombar,16700,472,2488,140,-252,346,785285
2026-05-19 20:06:46,esterno,2572,15724,1756,-100,264,35,127874
2026-05-19 20:06:46,lombar,16668,424,2356,175,-273,402,785307
2026-05-19 20:06:46,lombar,16624,476,2520,211,-252,315,785329
2026-05-19 20:06:46,esterno,2460,15712,1656,-114,229,10,127896
2026-05-19 20:06:46,esterno,2608,15608,1744,-94,206,-63,127918
2026-05-19 20:06:46,lombar,16784,640,2624,185,-233,364,785351
2026-05-19 20:06:46,esterno,2728,15796,1588,-124,135,-4,127940
2026-05-19 20:06:46,lombar,16648,516,2468,85,-282,252,785373
2026-05-19 20:06:46,esterno,2624,15708,1360,-106,156,65,127962
2026-05-19 20:06:46,lombar,16696,604,2488,74,-214,295,785395
2026-05-19 20:06:46,esterno,2580,15780,1624,-114,105,-4,127984
2026-05-19 20:06:46,lombar,16732,500,2524,27,-275,326,785417
2026-05-19 20:06:46,esterno,2668,15728,1676,-157,54,-93,128006
2026-05-19 20:06:46,lombar,16776,412,2568,88,-291,344,785439
2026-05-19 20:06:46,esterno,2808,15652,1804,-158,26,-72,128028
2026-05-19 20:06:46,lombar,16556,472,2320,90,-264,358,785461
2026-05-19 20:06:46,esterno,2700,15544,1616,-43,80,-15,128050
2026-05-19 20:06:46,lombar,16568,432,2468,84,-300,315,785483
2026-05-19 20:06:46,esterno,2436,15460,1696,3,440,-138,128072
2026-05-19 20:06:46,lombar,16584,560,2556,135,-184,282,785505
2026-05-19 20:06:46,lombar,16704,580,2472,91,-275,256,785527
2026-05-19 20:06:46,esterno,2932,15884,1852,17,-95,-6,128094
2026-05-19 20:06:46,esterno,2676,15720,1544,-170,-135,112,128116
2026-05-19 20:06:46,lombar,16632,556,2484,128,-221,259,785549
2026-05-19 20:06:46,esterno,2516,15576,1592,-82,3,36,128138
2026-05-19 20:06:46,lombar,16596,776,2368,44,-211,363,785571
2026-05-19 20:06:46,esterno,2752,15684,1568,-8,174,126,128160
2026-05-19 20:06:46,lombar,16728,628,2500,12,-242,368,785593
2026-05-19 20:06:46,esterno,2608,15792,1616,125,83,49,128182
2026-05-19 20:06:46,lombar,16668,384,2312,46,-249,289,785615
2026-05-19 20:06:46,esterno,2608,15632,1548,52,180,-56,128204
2026-05-19 20:06:46,lombar,16748,536,2352,48,-222,344,785637
2026-05-19 20:06:46,esterno,2660,15732,1660,-24,137,-57,128226
2026-05-19 20:06:46,lombar,16740,480,2344,144,-279,325,785659
2026-05-19 20:06:46,esterno,2792,15652,1436,-46,167,62,128248
2026-05-19 20:06:46,lombar,16632,448,2452,150,-203,340,785681
2026-05-19 20:06:46,esterno,2792,15640,1352,-107,298,90,128270
2026-05-19 20:06:46,lombar,16584,620,2608,122,-257,309,785703
2026-05-19 20:06:46,esterno,2768,15732,1580,-126,303,22,128292
2026-05-19 20:06:46,lombar,16648,652,2376,98,-234,320,785725
2026-05-19 20:06:46,esterno,2680,15836,1656,-95,183,-10,128314
2026-05-19 20:06:46,lombar,16692,484,2680,83,-285,371,785747
2026-05-19 20:06:46,esterno,2620,15740,1184,-151,211,97,128336
2026-05-19 20:06:46,lombar,16592,392,2536,46,-248,283,785769
2026-05-19 20:06:46,esterno,2692,15672,1836,-130,143,134,128358
2026-05-19 20:06:46,lombar,16648,528,2436,59,-341,254,785791
2026-05-19 20:06:46,esterno,2492,15500,1544,-204,293,19,128380
2026-05-19 20:06:46,lombar,16524,484,2436,43,-311,290,785813
2026-05-19 20:06:46,lombar,16640,348,2592,130,-349,260,785835
2026-05-19 20:06:46,esterno,3000,15704,1500,-105,64,-54,128402
2026-05-19 20:06:46,lombar,16596,616,2476,110,-242,373,785857
2026-05-19 20:06:46,esterno,2796,15788,1504,-197,337,12,128424
2026-05-19 20:06:46,esterno,2592,15732,1616,-164,96,54,128446
2026-05-19 20:06:46,lombar,16708,492,2452,112,-385,272,785879
2026-05-19 20:06:46,esterno,2792,15828,1648,-124,28,77,128468
2026-05-19 20:06:46,lombar,16564,552,2500,159,-271,289,785901
2026-05-19 20:06:46,esterno,2860,15616,1652,-240,22,57,128490
2026-05-19 20:06:46,lombar,16648,696,2596,110,-308,367,785923
2026-05-19 20:06:46,esterno,2856,15740,1572,-199,18,104,128512
2026-05-19 20:06:46,lombar,16704,664,2540,93,-312,345,785945
2026-05-19 20:06:47,esterno,2704,15496,1588,-174,83,98,128534
2026-05-19 20:06:47,lombar,16744,740,2532,63,-334,340,785967
2026-05-19 20:06:47,esterno,2744,15560,1488,-166,122,103,128556
2026-05-19 20:06:47,lombar,16788,700,2600,54,-333,309,785989
2026-05-19 20:06:47,esterno,2612,15644,1704,-110,101,76,128578
2026-05-19 20:06:47,lombar,16552,524,2552,42,-322,353,786011
2026-05-19 20:06:47,esterno,2716,15600,1624,-110,99,20,128600
2026-05-19 20:06:47,lombar,16648,560,2488,23,-336,349,786033
2026-05-19 20:06:47,esterno,2748,15620,1468,-113,49,-3,128622
2026-05-19 20:06:47,lombar,16652,648,2516,58,-221,331,786055
2026-05-19 20:06:47,esterno,2724,15696,1540,-144,-25,102,128644
2026-05-19 20:06:47,lombar,16660,656,2536,4,-322,323,786077
2026-05-19 20:06:47,esterno,2544,15732,1524,-122,-38,142,128666
2026-05-19 20:06:47,lombar,16596,528,2356,59,-262,301,786099
2026-05-19 20:06:47,esterno,2608,15708,1652,-93,-121,48,128688
2026-05-19 20:06:47,lombar,16576,476,2384,30,-349,375,786121
2026-05-19 20:06:47,lombar,16628,564,2548,42,-259,367,786143
2026-05-19 20:06:47,esterno,2708,15724,1552,-101,-165,-14,128710
2026-05-19 20:06:47,esterno,2740,15624,1380,-135,-185,9,128732
2026-05-19 20:06:47,lombar,16672,504,2536,34,-330,335,786165
2026-05-19 20:06:47,esterno,2792,15588,1456,-154,-83,40,128754
2026-05-19 20:06:47,lombar,16624,504,2504,49,-319,388,786187
2026-05-19 20:06:47,lombar,16768,524,2456,77,-303,308,786209
2026-05-19 20:06:47,esterno,2888,15712,1480,-210,58,21,128776
2026-05-19 20:06:47,esterno,3004,15780,1712,-229,170,-12,128798
2026-05-19 20:06:47,esterno,2864,15640,1588,-208,218,-1,128820
2026-05-19 20:06:47,lombar,16704,412,2428,131,-345,358,786231
2026-05-19 20:06:47,lombar,16668,432,2336,188,-315,334,786253
2026-05-19 20:06:47,esterno,2840,15656,1440,-29,325,-17,128842
2026-05-19 20:06:47,lombar,16680,532,2380,170,-315,387,786275
2026-05-19 20:06:47,lombar,16680,584,2364,124,-284,392,786297
2026-05-19 20:06:47,esterno,2628,15488,1840,-46,411,-62,128864
2026-05-19 20:06:47,esterno,2768,15848,1868,-122,142,63,128886
2026-05-19 20:06:47,lombar,16720,648,2460,117,-356,265,786319
2026-05-19 20:06:47,esterno,2616,15588,1412,-202,-38,118,128908
2026-05-19 20:06:47,lombar,16736,596,2156,179,-214,277,786341
2026-05-19 20:06:47,esterno,2564,15388,1420,-59,376,-42,128930
2026-05-19 20:06:47,lombar,16788,776,2424,99,-267,342,786363
2026-05-19 20:06:47,esterno,2684,15652,1644,6,364,-22,128952
2026-05-19 20:06:47,lombar,16772,580,2320,82,-282,325,786385
2026-05-19 20:06:47,esterno,2696,15800,1440,85,332,-36,128974
2026-05-19 20:06:47,lombar,16656,628,2376,102,-237,349,786407
2026-05-19 20:06:47,esterno,2528,15624,1548,-7,272,-129,128996
2026-05-19 20:06:47,lombar,16604,592,2392,72,-241,341,786429
2026-05-19 20:06:47,lombar,16560,484,2648,51,-260,324,786451
2026-05-19 20:06:47,esterno,2788,15648,1524,20,208,-170,129018
2026-05-19 20:06:47,esterno,2912,15664,1472,-114,189,-21,129040
2026-05-19 20:06:47,lombar,16676,564,2484,55,-287,338,786473
2026-05-19 20:06:47,esterno,2880,15640,1448,-148,276,-31,129062
2026-05-19 20:06:47,lombar,16764,628,2324,75,-213,323,786495
2026-05-19 20:06:47,esterno,2644,15744,1624,-110,280,-61,129084
2026-05-19 20:06:47,lombar,16628,568,2616,61,-265,371,786517
2026-05-19 20:06:47,esterno,2656,15624,1556,-109,178,-128,129106
2026-05-19 20:06:47,lombar,16648,468,2436,104,-240,411,786539
2026-05-19 20:06:47,lombar,16704,580,2256,124,-214,357,786561
2026-05-19 20:06:47,esterno,2712,15692,1684,-251,247,-66,129128
2026-05-19 20:06:47,esterno,2620,15668,1504,-225,273,43,129150
2026-05-19 20:06:47,lombar,16612,460,2600,121,-283,359,786583
2026-05-19 20:06:47,esterno,2492,15524,1304,-334,245,-18,129172
2026-05-19 20:06:47,lombar,16608,520,2428,119,-223,329,786605
2026-05-19 20:06:47,esterno,2964,15700,1620,-229,210,-79,129194
2026-05-19 20:06:47,lombar,16768,512,2516,164,-261,319,786627
2026-05-19 20:06:47,esterno,2508,15632,1484,-382,315,63,129216
2026-05-19 20:06:47,lombar,16552,624,2652,67,-289,380,786649
2026-05-19 20:06:47,esterno,2436,15704,1580,-322,62,44,129238
2026-05-19 20:06:47,lombar,16700,472,2380,90,-342,350,786671
2026-05-19 20:06:47,esterno,2660,15824,1684,-249,28,127,129260
2026-05-19 20:06:47,lombar,16600,420,2316,117,-221,298,786693
2026-05-19 20:06:47,esterno,2816,15584,1568,-276,15,84,129282
2026-05-19 20:06:47,lombar,16664,684,2536,71,-288,341,786715
2026-05-19 20:06:47,esterno,2764,15740,1496,-232,2,11,129304
2026-05-19 20:06:47,lombar,16628,664,2536,50,-242,344,786737
2026-05-19 20:06:47,lombar,16552,552,2360,47,-247,387,786759
2026-05-19 20:06:47,esterno,2796,15604,1548,-210,41,24,129326
2026-05-19 20:06:47,esterno,2784,15540,1560,-150,85,54,129348
2026-05-19 20:06:47,lombar,16668,628,2496,79,-296,376,786781
2026-05-19 20:06:47,esterno,2684,15704,1656,-113,102,17,129370
2026-05-19 20:06:47,lombar,16768,536,2528,68,-294,357,786803
2026-05-19 20:06:47,esterno,2756,15620,1548,-154,141,39,129392
2026-05-19 20:06:47,lombar,16648,440,2332,70,-279,322,786825
2026-05-19 20:06:47,esterno,2756,15732,1648,-180,214,-1,129414
2026-05-19 20:06:47,lombar,16672,412,2552,103,-260,334,786847
2026-05-19 20:06:47,esterno,2788,15676,1580,-150,234,79,129436
2026-05-19 20:06:47,lombar,16644,432,2536,134,-264,344,786869
2026-05-19 20:06:47,esterno,2796,15724,1588,-125,220,128,129458
2026-05-19 20:06:47,lombar,16684,632,2392,155,-234,327,786891
2026-05-19 20:06:47,esterno,2692,15700,1640,-129,199,136,129480
2026-05-19 20:06:47,lombar,16648,468,2312,200,-250,334,786913
2026-05-19 20:06:47,esterno,2708,15672,1524,-56,213,73,129502
2026-05-19 20:06:47,lombar,16724,532,2384,216,-195,294,786935
2026-05-19 20:06:48,esterno,2768,15728,1600,-157,256,84,129524
2026-05-19 20:06:48,lombar,16664,576,2532,173,-283,285,786957
2026-05-19 20:06:48,esterno,2736,15640,1480,-211,261,106,129546
2026-05-19 20:06:48,lombar,16684,520,2548,151,-245,247,786979
2026-05-19 20:06:48,esterno,2752,15560,1688,-194,257,62,129568
2026-05-19 20:06:48,lombar,16636,488,2452,148,-261,310,787001
2026-05-19 20:06:48,esterno,2800,15604,1536,-134,263,-79,129590
2026-05-19 20:06:48,esterno,2856,15536,1164,38,533,-179,129612
2026-05-19 20:06:48,lombar,16708,568,2672,167,-259,379,787023
2026-05-19 20:06:48,lombar,16548,636,2476,161,-278,322,787045
2026-05-19 20:06:48,lombar,16708,700,2496,127,-198,318,787067
2026-05-19 20:06:48,esterno,2764,15456,1968,4,388,-216,129634
2026-05-19 20:06:48,esterno,2756,15756,1860,-64,199,-18,129656
2026-05-19 20:06:48,lombar,16780,472,2464,99,-269,296,787089
2026-05-19 20:06:48,esterno,2452,15532,1408,-172,-69,-27,129678
2026-05-19 20:06:48,lombar,16636,624,2304,143,-210,347,787111
2026-05-19 20:06:48,esterno,2308,15664,1300,-119,168,-127,129700
2026-05-19 20:06:48,lombar,16672,756,2368,61,-217,382,787133
2026-05-19 20:06:48,esterno,2628,15548,1636,-58,124,-158,129722
2026-05-19 20:06:48,esterno,2824,15776,1556,110,129,-223,129744
2026-05-19 20:06:48,lombar,16680,740,2368,-5,-211,417,787155
2026-05-19 20:06:48,lombar,16624,696,2388,18,-224,375,787177
2026-05-19 20:06:48,esterno,2740,15644,1580,33,73,-236,129766
2026-05-19 20:06:48,lombar,16660,600,2560,-48,-271,403,787199
2026-05-19 20:06:48,esterno,2824,15840,1612,9,89,-229,129788
2026-05-19 20:06:48,lombar,16708,436,2428,77,-199,352,787221
2026-05-19 20:06:48,esterno,2888,15720,1436,-124,191,-206,129810
2026-05-19 20:06:48,lombar,16652,444,2628,82,-212,394,787243
2026-05-19 20:06:48,esterno,2924,15580,1480,-173,332,-149,129832
2026-05-19 20:06:48,lombar,16640,528,2552,146,-224,466,787265
2026-05-19 20:06:48,esterno,2708,15744,1576,-151,411,-45,129854
2026-05-19 20:06:48,lombar,16720,364,2628,138,-184,456,787287
2026-05-19 20:06:48,esterno,2752,15752,1616,-97,461,-23,129876
2026-05-19 20:06:48,lombar,16756,440,2428,198,-195,367,787309
2026-05-19 20:06:48,esterno,2556,15796,1724,-142,546,-103,129898
2026-05-19 20:06:48,esterno,2272,15372,1560,-8,582,-95,129920
2026-05-19 20:06:48,lombar,16656,564,2560,223,-166,342,787331
2026-05-19 20:06:48,lombar,16600,516,2552,176,-157,315,787353
2026-05-19 20:06:48,lombar,16636,472,2452,189,-170,379,787375
2026-05-19 20:06:48,esterno,1936,15328,1808,-190,316,-90,129942
2026-05-19 20:06:48,esterno,2344,15776,1756,-136,195,41,129964
2026-05-19 20:06:48,lombar,16720,624,2600,187,-248,283,787397
2026-05-19 20:06:48,esterno,2592,15940,1608,-81,73,189,129986
2026-05-19 20:06:48,lombar,16652,584,2556,99,-279,337,787419
2026-05-19 20:06:48,esterno,2376,15324,1540,302,-166,-32,130008
2026-05-19 20:06:48,lombar,16492,364,2548,149,-394,297,787441
2026-05-19 20:06:48,esterno,2428,15392,1608,351,-177,7,130030
2026-05-19 20:06:48,lombar,16688,316,2404,196,-172,155,787463
2026-05-19 20:06:48,esterno,3240,15764,1272,75,150,172,130052
2026-05-19 20:06:48,lombar,16992,648,2628,136,-168,230,787485
2026-05-19 20:06:48,esterno,3640,15924,1220,309,594,155,130074
2026-05-19 20:06:48,esterno,3280,15712,1208,733,890,-28,130096
2026-05-19 20:06:48,esterno,2244,15712,1868,751,898,15,130118
2026-05-19 20:06:48,lombar,16712,644,2424,275,-74,244,787507
2026-05-19 20:06:48,lombar,16512,484,2228,407,-172,285,787529
2026-05-19 20:06:48,lombar,16672,516,2600,449,-305,339,787551
2026-05-19 20:06:48,esterno,2188,15800,1872,542,829,168,130140
2026-05-19 20:06:48,lombar,16580,648,2288,454,-223,350,787573
2026-05-19 20:06:48,esterno,2648,15960,1424,163,559,38,130162
2026-05-19 20:06:48,lombar,16712,728,2556,328,-336,459,787595
2026-05-19 20:06:48,esterno,2612,15932,1376,88,476,-142,130184
2026-05-19 20:06:48,lombar,16740,704,2492,260,-256,441,787617
2026-05-19 20:06:48,esterno,2520,15652,1312,-66,550,-358,130206
2026-05-19 20:06:48,lombar,16624,472,2592,151,-323,368,787639
2026-05-19 20:06:48,esterno,2648,15680,1328,-221,512,-222,130228
2026-05-19 20:06:48,lombar,16564,424,2524,150,-330,362,787661
2026-05-19 20:06:48,lombar,16772,684,2740,175,-386,330,787683
2026-05-19 20:06:48,esterno,2728,15788,1224,-61,549,-93,130250
2026-05-19 20:06:48,esterno,2764,15936,1088,-36,704,-12,130272
2026-05-19 20:06:48,lombar,16660,528,2616,199,-452,359,787705
2026-05-19 20:06:48,esterno,2728,15644,1376,-91,952,-16,130294
2026-05-19 20:06:48,lombar,16568,536,2640,258,-301,386,787727
2026-05-19 20:06:48,esterno,2880,15804,1256,-120,843,104,130316
2026-05-19 20:06:48,lombar,16436,560,2656,257,-342,326,787749
2026-05-19 20:06:48,esterno,2584,15636,1448,-8,699,315,130338
2026-05-19 20:06:48,lombar,16628,576,2616,213,-291,307,787771
2026-05-19 20:06:48,esterno,2232,15660,1184,203,762,492,130360
2026-05-19 20:06:48,lombar,16664,768,2416,140,-223,258,787793
2026-05-19 20:06:48,esterno,1972,15760,2112,118,101,361,130382
2026-05-19 20:06:48,lombar,16680,744,2428,-14,-143,336,787815
2026-05-19 20:06:48,esterno,2160,16116,1740,-22,-308,344,130404
2026-05-19 20:06:48,lombar,16744,660,2340,-61,-163,254,787837
2026-05-19 20:06:48,esterno,2324,15452,1232,-56,-665,150,130426
2026-05-19 20:06:48,lombar,16628,664,2300,-189,-253,382,787859
2026-05-19 20:06:48,esterno,2644,15408,1032,40,-309,-154,130448
2026-05-19 20:06:48,lombar,16696,684,2440,-237,-252,379,787881
2026-05-19 20:06:48,esterno,3028,15736,1020,138,-208,-137,130470
2026-05-19 20:06:48,lombar,16664,536,2676,-252,-276,305,787903
2026-05-19 20:06:48,esterno,3048,15864,1168,285,-41,-76,130492
2026-05-19 20:06:48,lombar,16644,600,2520,-255,-246,340,787925
2026-05-19 20:06:48,esterno,2648,15736,1424,162,-65,-38,130514
2026-05-19 20:06:48,lombar,16632,520,2620,-162,-211,418,787947
2026-05-19 20:06:49,esterno,2376,15868,1156,121,-78,58,130536
2026-05-19 20:06:49,lombar,16596,276,2488,-48,-222,390,787969
2026-05-19 20:06:49,lombar,16612,388,2692,62,-244,345,787991
2026-05-19 20:06:49,esterno,2648,15804,1088,120,-48,150,130558
2026-05-19 20:06:49,esterno,2864,15596,960,84,130,93,130580
2026-05-19 20:06:49,lombar,16552,480,2736,25,-334,310,788013
2026-05-19 20:06:49,esterno,2956,15800,936,2,478,70,130602
2026-05-19 20:06:49,lombar,16628,468,2696,40,-353,191,788035
2026-05-19 20:06:49,esterno,2828,15916,1072,-99,712,227,130624
2026-05-19 20:06:49,lombar,16776,484,2584,116,-378,154,788057
2026-05-19 20:06:49,esterno,2884,15820,992,-291,1014,258,130646
2026-05-19 20:06:49,lombar,16628,296,2524,292,-329,237,788079
2026-05-19 20:06:49,esterno,3068,15736,892,-156,1351,191,130668
2026-05-19 20:06:49,lombar,16660,524,2564,400,-422,248,788101
