timestamp,node,ax,ay,az,gx,gy,gz,t_ms
2026-05-19 20:13:38,lombar,16536,-340,-1864,-3,-330,342,1197697
2026-05-19 20:13:38,esterno,2548,15460,1872,149,280,-120,540264
2026-05-19 20:13:38,lombar,16584,-220,-1572,-37,-356,298,1197719
2026-05-19 20:13:38,esterno,2904,15908,2360,-154,-343,39,540286
2026-05-19 20:13:38,lombar,16444,-416,-1840,46,-469,314,1197741
2026-05-19 20:13:38,esterno,2752,15612,1064,-112,-325,206,540308
2026-05-19 20:13:38,lombar,16428,-272,-2132,163,-424,298,1197763
2026-05-19 20:13:38,esterno,2796,15340,1436,176,195,-44,540330
2026-05-19 20:13:38,lombar,16500,-244,-1900,129,-360,398,1197785
2026-05-19 20:13:38,esterno,2940,15716,1432,29,482,-216,540352
2026-05-19 20:13:38,lombar,16740,-148,-1848,58,-358,448,1197807
2026-05-19 20:13:38,esterno,2692,15708,1580,114,428,-176,540374
2026-05-19 20:13:38,lombar,16544,-320,-1836,-58,-343,466,1197829
2026-05-19 20:13:38,esterno,2812,15788,1852,-28,157,-52,540396
2026-05-19 20:13:38,lombar,16632,-360,-1756,18,-437,342,1197851
2026-05-19 20:13:38,esterno,2700,15824,1500,-51,71,60,540418
2026-05-19 20:13:38,lombar,16564,-324,-1828,102,-508,326,1197873
2026-05-19 20:13:38,esterno,2720,15428,1460,-120,164,12,540440
2026-05-19 20:13:38,lombar,16620,-156,-1796,91,-490,342,1197895
2026-05-19 20:13:38,esterno,2788,15824,1704,-234,231,-98,540462
2026-05-19 20:13:38,lombar,16616,-176,-2012,-67,-462,425,1197917
2026-05-19 20:13:38,esterno,2868,15816,1580,-202,-115,-6,540484
2026-05-19 20:13:38,lombar,16660,-288,-1676,-200,-410,342,1197939
2026-05-19 20:13:38,esterno,2576,15808,1576,-324,-23,20,540506
2026-05-19 20:13:38,lombar,16660,-204,-1784,-137,-421,384,1197961
2026-05-19 20:13:39,esterno,2544,15728,1400,-196,335,-122,540528
2026-05-19 20:13:39,lombar,16472,-192,-1936,-32,-344,447,1197983
2026-05-19 20:13:39,esterno,2916,15536,1516,-209,163,-304,540550
2026-05-19 20:13:39,lombar,16524,-324,-1820,86,-250,425,1198005
2026-05-19 20:13:39,esterno,2824,15748,1736,-308,206,-109,540572
2026-05-19 20:13:39,lombar,16512,-296,-1948,-34,-177,418,1198027
2026-05-19 20:13:39,esterno,2560,15692,1912,-354,-36,-7,540594
2026-05-19 20:13:39,lombar,16440,-332,-1868,-197,-316,376,1198049
2026-05-19 20:13:39,esterno,2656,15868,1860,-376,-399,117,540616
2026-05-19 20:13:39,lombar,16640,-308,-1964,-116,-432,302,1198071
2026-05-19 20:13:39,esterno,2756,15640,1576,-556,-416,246,540638
2026-05-19 20:13:39,lombar,16612,-228,-2100,-88,-431,390,1198093
2026-05-19 20:13:39,esterno,2800,15740,1736,-775,-442,97,540660
2026-05-19 20:13:39,lombar,16472,-288,-1812,-41,-411,353,1198115
2026-05-19 20:13:39,esterno,2736,15692,1644,-806,-501,122,540682
2026-05-19 20:13:39,lombar,16552,-248,-1928,-74,-520,334,1198137
2026-05-19 20:13:39,esterno,2828,15556,1644,-836,-535,172,540704
2026-05-19 20:13:39,lombar,16472,-344,-1988,-58,-547,295,1198159
2026-05-19 20:13:39,esterno,2944,15520,1800,-1017,-591,260,540726
2026-05-19 20:13:39,lombar,16556,-304,-1880,7,-585,284,1198181
2026-05-19 20:13:39,esterno,3096,15508,1720,-1283,-516,354,540748
2026-05-19 20:13:39,lombar,16464,-332,-2088,201,-459,240,1198203
2026-05-19 20:13:39,esterno,3072,15648,1780,-1485,-463,447,540770
2026-05-19 20:13:39,lombar,16600,-320,-2112,377,-337,244,1198225
2026-05-19 20:13:39,esterno,2736,15788,2140,-1366,-697,500,540792
2026-05-19 20:13:39,lombar,16672,-200,-2188,497,-353,291,1198247
2026-05-19 20:13:39,esterno,2296,15792,2312,-1350,-1071,372,540814
2026-05-19 20:13:39,lombar,16524,-244,-1980,526,-275,277,1198269
2026-05-19 20:13:39,esterno,2500,15668,2312,-1593,-1195,146,540836
2026-05-19 20:13:39,lombar,16536,-440,-2156,571,-319,233,1198291
2026-05-19 20:13:39,esterno,2872,15408,1760,-1797,-968,-98,540858
2026-05-19 20:13:39,lombar,16668,-276,-2248,640,-192,211,1198313
2026-05-19 20:13:39,esterno,2800,15480,2228,-1544,-1139,-165,540880
2026-05-19 20:13:39,lombar,16684,-324,-2120,721,-221,198,1198335
2026-05-19 20:13:39,esterno,2648,15696,2492,-1509,-1179,-243,540902
2026-05-19 20:13:39,lombar,16592,-276,-1824,765,-189,186,1198357
2026-05-19 20:13:39,esterno,2528,15472,2640,-1445,-1184,-455,540924
2026-05-19 20:13:39,lombar,16488,-240,-1740,632,-282,156,1198379
2026-05-19 20:13:39,esterno,2496,15312,2252,-1494,-662,-716,540946
2026-05-19 20:13:39,lombar,16560,-232,-1696,436,-267,206,1198401
2026-05-19 20:13:39,esterno,3112,15716,2920,-1720,-1703,-719,540968
2026-05-19 20:13:39,esterno,2888,15828,2352,-1806,-1782,-408,540990
2026-05-19 20:13:39,lombar,16512,-136,-1820,237,-211,185,1198423
2026-05-19 20:13:39,lombar,16456,-92,-1808,288,-103,357,1198445
2026-05-19 20:13:39,esterno,2676,15352,2560,-1560,-1355,-718,541012
2026-05-19 20:13:39,lombar,16688,-172,-2056,248,116,360,1198467
2026-05-19 20:13:39,esterno,3052,15440,2784,-1474,-1036,-1007,541034
2026-05-19 20:13:39,lombar,16728,-416,-1868,334,26,502,1198489
2026-05-19 20:13:39,esterno,2824,15716,2920,-1784,-1028,-1056,541056
2026-05-19 20:13:39,lombar,16616,-324,-1936,229,125,492,1198511
2026-05-19 20:13:39,esterno,2212,15492,2976,-2029,-1265,-968,541078
2026-05-19 20:13:39,lombar,16576,-404,-1612,83,224,383,1198533
2026-05-19 20:13:39,esterno,2644,15652,3444,-1772,-1219,-1078,541100
2026-05-19 20:13:39,lombar,16640,-496,-1744,292,410,272,1198555
2026-05-19 20:13:39,esterno,2904,15672,2896,-1994,-1205,-1037,541122
2026-05-19 20:13:39,lombar,16616,-636,-1820,767,323,270,1198577
2026-05-19 20:13:39,esterno,2180,15116,2616,-1928,-1620,-948,541144
2026-05-19 20:13:39,lombar,16616,-436,-1832,957,227,439,1198599
2026-05-19 20:13:39,esterno,2028,15080,2396,-1514,-1924,-955,541166
2026-05-19 20:13:39,lombar,16584,32,-1584,747,162,605,1198621
2026-05-19 20:13:39,esterno,2288,15004,2488,-1396,-1735,-1156,541188
2026-05-19 20:13:39,lombar,16616,120,-1244,352,-121,456,1198643
2026-05-19 20:13:39,esterno,2808,15100,1708,-920,-1488,-1254,541210
2026-05-19 20:13:39,lombar,16380,56,-1352,-136,-547,414,1198665
2026-05-19 20:13:39,esterno,1968,15032,3384,-559,-1777,-857,541232
2026-05-19 20:13:39,lombar,16280,-408,-1468,-217,-678,465,1198687
2026-05-19 20:13:39,esterno,3024,15368,2184,-437,-1359,-1098,541254
2026-05-19 20:13:39,lombar,16560,-284,-1524,-93,-636,585,1198709
2026-05-19 20:13:39,esterno,2968,15604,2720,-188,-1041,-1039,541276
2026-05-19 20:13:39,lombar,16604,-232,-1388,-242,-591,662,1198731
2026-05-19 20:13:39,esterno,3224,15764,2716,-517,-1020,-1090,541298
2026-05-19 20:13:39,lombar,16632,-224,-1616,-467,-441,649,1198753
2026-05-19 20:13:39,esterno,3040,16044,3572,-363,-817,-924,541320
2026-05-19 20:13:39,lombar,16752,-332,-1844,-546,-119,595,1198775
2026-05-19 20:13:39,esterno,2820,15920,3800,-517,-758,-749,541342
2026-05-19 20:13:39,lombar,16920,-472,-1860,-522,158,598,1198797
2026-05-19 20:13:39,esterno,2128,16004,4356,-504,-859,-649,541364
2026-05-19 20:13:39,lombar,16912,-696,-1752,-441,463,524,1198819
2026-05-19 20:13:39,esterno,1776,15660,4060,-699,-941,-686,541386
2026-05-19 20:13:39,lombar,16740,-560,-2068,-234,540,536,1198841
2026-05-19 20:13:39,esterno,2336,15356,3324,-1077,-671,-704,541408
2026-05-19 20:13:39,lombar,16704,-496,-1908,8,688,490,1198863
2026-05-19 20:13:39,esterno,2672,15244,3348,-1106,-681,-513,541430
2026-05-19 20:13:39,lombar,16632,-456,-1868,94,607,591,1198885
2026-05-19 20:13:39,esterno,2696,15196,2684,-903,-590,-230,541452
2026-05-19 20:13:39,lombar,16508,-232,-1452,187,297,538,1198907
2026-05-19 20:13:39,esterno,2044,15104,3068,-678,-760,-99,541474
2026-05-19 20:13:39,lombar,16400,-324,-1556,6,119,500,1198929
2026-05-19 20:13:39,esterno,2084,15176,2920,-584,-804,-103,541496
2026-05-19 20:13:39,lombar,16344,-392,-1416,-89,82,494,1198951
2026-05-19 20:13:39,esterno,2252,15224,3016,-290,-961,162,541518
2026-05-19 20:13:40,lombar,16400,-224,-1276,-87,-8,422,1198973
2026-05-19 20:13:40,esterno,2208,15220,3028,-242,-705,294,541540
2026-05-19 20:13:40,lombar,16604,-392,-1608,-130,-146,438,1198995
2026-05-19 20:13:40,esterno,2336,15268,3076,-312,-566,247,541562
2026-05-19 20:13:40,lombar,16580,-284,-1292,-91,-203,406,1199017
2026-05-19 20:13:40,esterno,2280,15380,3036,-149,-567,132,541584
2026-05-19 20:13:40,lombar,16532,-460,-1728,52,-306,367,1199039
2026-05-19 20:13:40,esterno,2208,15212,3080,105,-307,145,541606
2026-05-19 20:13:40,lombar,16556,-524,-1508,-12,-327,335,1199061
2026-05-19 20:13:40,esterno,2312,15280,2444,365,516,85,541628
2026-05-19 20:13:40,lombar,16620,-456,-1340,-99,-260,213,1199083
2026-05-19 20:13:40,esterno,2896,15340,3776,442,-218,90,541650
2026-05-19 20:13:40,lombar,16568,-332,-1272,-245,-309,185,1199105
2026-05-19 20:13:40,esterno,2292,15584,3588,190,-369,491,541672
2026-05-19 20:13:40,lombar,16712,-404,-1600,-317,-245,210,1199127
2026-05-19 20:13:40,esterno,2292,15320,2836,339,-126,367,541694
2026-05-19 20:13:40,lombar,16732,-628,-1352,-187,-154,115,1199149
2026-05-19 20:13:40,esterno,2804,15364,3280,550,191,301,541716
2026-05-19 20:13:40,lombar,16804,-496,-1680,-91,-189,53,1199171
2026-05-19 20:13:40,esterno,2608,15684,3440,482,308,479,541738
2026-05-19 20:13:40,lombar,16744,-488,-1436,-231,-275,-26,1199193
2026-05-19 20:13:40,esterno,2460,15784,3808,581,-26,597,541760
2026-05-19 20:13:40,lombar,16500,-448,-1760,-458,-444,9,1199215
2026-05-19 20:13:40,esterno,2208,15688,3400,311,-178,636,541782
2026-05-19 20:13:40,lombar,16632,-728,-1732,-62,-287,48,1199237
2026-05-19 20:13:40,esterno,2308,15352,3164,150,-54,420,541804
2026-05-19 20:13:40,lombar,16712,-648,-1512,388,-336,16,1199259
2026-05-19 20:13:40,esterno,2528,15248,3048,75,85,340,541826
2026-05-19 20:13:40,lombar,16564,-336,-1340,420,-343,-1,1199281
2026-05-19 20:13:40,esterno,2824,15500,3276,31,-45,471,541848
2026-05-19 20:13:40,lombar,16540,-220,-1632,244,-312,24,1199303
2026-05-19 20:13:40,esterno,2596,15504,2628,-103,-100,523,541870
2026-05-19 20:13:40,lombar,16556,-248,-1380,195,-353,74,1199325
2026-05-19 20:13:40,esterno,2556,15112,2932,68,-30,456,541892
2026-05-19 20:13:40,lombar,16624,-344,-1744,248,-349,83,1199347
2026-05-19 20:13:40,esterno,2580,15264,3032,14,-261,398,541914
2026-05-19 20:13:40,lombar,16536,-488,-1492,372,-310,170,1199369
2026-05-19 20:13:40,esterno,2844,15512,3128,-179,-148,265,541936
2026-05-19 20:13:40,lombar,16520,-252,-1316,323,-422,211,1199391
2026-05-19 20:13:40,esterno,2844,15288,2960,-179,-176,339,541958
2026-05-19 20:13:40,lombar,16484,-56,-1608,245,-304,287,1199413
2026-05-19 20:13:40,esterno,2912,15464,3348,-96,-304,223,541980
2026-05-19 20:13:40,lombar,16328,-212,-1416,196,-287,349,1199435
2026-05-19 20:13:40,esterno,2648,15548,3160,-317,-312,203,542002
2026-05-19 20:13:40,lombar,16572,-312,-1496,284,-383,375,1199457
2026-05-19 20:13:40,esterno,2616,15496,3168,-458,-364,96,542024
2026-05-19 20:13:40,lombar,16704,-364,-1660,403,-289,382,1199479
2026-05-19 20:13:40,esterno,2712,15440,3084,-552,-251,-55,542046
2026-05-19 20:13:40,lombar,16488,-180,-1844,439,-358,425,1199501
2026-05-19 20:13:40,esterno,2724,15256,3172,-596,-211,-86,542068
2026-05-19 20:13:40,lombar,16512,-80,-1832,288,-288,479,1199523
2026-05-19 20:13:40,esterno,2936,15468,2944,-356,-225,-118,542090
2026-05-19 20:13:40,lombar,16620,-20,-1608,171,-256,553,1199545
2026-05-19 20:13:40,esterno,2752,15392,3416,-372,-246,-70,542112
2026-05-19 20:13:40,lombar,16496,-160,-1572,141,-378,483,1199567
2026-05-19 20:13:40,esterno,2744,15388,3376,-573,-359,-95,542134
2026-05-19 20:13:40,lombar,16476,-224,-1488,31,-453,532,1199589
2026-05-19 20:13:40,esterno,2704,15372,3236,-665,-386,-65,542156
2026-05-19 20:13:40,lombar,16536,-112,-1612,-20,-515,558,1199611
2026-05-19 20:13:40,esterno,2848,15392,3000,-609,-441,15,542178
2026-05-19 20:13:40,lombar,16428,-208,-1540,-222,-582,596,1199633
2026-05-19 20:13:40,esterno,2864,15340,3080,-474,-421,41,542200
2026-05-19 20:13:40,lombar,16584,-324,-1632,-137,-655,546,1199655
2026-05-19 20:13:40,esterno,2996,15256,3220,-429,-384,48,542222
2026-05-19 20:13:40,lombar,16616,-216,-1744,-288,-803,511,1199677
2026-05-19 20:13:40,esterno,3016,15244,3500,-492,-338,29,542244
2026-05-19 20:13:40,lombar,16612,-320,-1780,-423,-757,484,1199699
2026-05-19 20:13:40,esterno,2952,15280,3420,-337,-263,112,542266
2026-05-19 20:13:40,lombar,16460,-436,-1884,-343,-807,426,1199721
2026-05-19 20:13:40,esterno,3000,15244,3412,-325,-261,30,542288
2026-05-19 20:13:40,lombar,16648,-404,-1996,-357,-657,387,1199743
2026-05-19 20:13:40,esterno,3004,15312,3204,-424,-276,92,542310
2026-05-19 20:13:40,lombar,16748,-464,-1832,-454,-501,238,1199765
2026-05-19 20:13:40,esterno,2912,15416,3084,-190,-136,351,542332
2026-05-19 20:13:40,lombar,16724,-332,-1808,-361,-528,198,1199787
2026-05-19 20:13:40,esterno,2672,15148,3388,142,-132,196,542354
2026-05-19 20:13:40,lombar,16536,-216,-1640,-352,-499,295,1199809
2026-05-19 20:13:40,esterno,2112,15052,3196,19,285,-109,542376
2026-05-19 20:13:40,lombar,16484,-416,-1644,-314,-566,401,1199831
2026-05-19 20:13:40,esterno,2648,15456,3212,-64,-596,-258,542398
2026-05-19 20:13:40,lombar,16536,-396,-1724,-182,-721,344,1199853
2026-05-19 20:13:40,esterno,3448,15584,2268,-180,-564,-308,542420
2026-05-19 20:13:40,lombar,16720,-244,-1876,-176,-680,372,1199875
2026-05-19 20:13:40,esterno,3120,15568,3036,320,-186,-603,542442
2026-05-19 20:13:40,lombar,16784,-244,-1872,-285,-649,353,1199897
2026-05-19 20:13:40,esterno,2100,15248,3304,541,-379,-431,542464
2026-05-19 20:13:40,lombar,16668,-284,-1600,-213,-615,422,1199919
2026-05-19 20:13:40,esterno,2428,15296,3228,189,-496,-609,542486
2026-05-19 20:13:40,lombar,16428,100,-1712,-379,-451,499,1199941
2026-05-19 20:13:40,esterno,2856,15584,3636,-581,-873,-653,542508
2026-05-19 20:13:40,lombar,16424,-104,-1748,-588,-752,630,1199963
2026-05-19 20:13:41,esterno,3208,15676,3376,-1071,-613,-277,542530
2026-05-19 20:13:41,lombar,16576,-284,-1680,-734,-708,554,1199985
2026-05-19 20:13:41,esterno,3352,15008,2720,-542,-364,-295,542552
2026-05-19 20:13:41,lombar,16772,-324,-2088,-775,-775,545,1200007
2026-05-19 20:13:41,esterno,3204,14928,3140,-218,37,-705,542574
2026-05-19 20:13:41,lombar,16664,-276,-1764,-672,-827,615,1200029
2026-05-19 20:13:41,esterno,3252,15456,3368,-466,275,-473,542596
2026-05-19 20:13:41,lombar,16428,-456,-2200,-540,-686,688,1200051
2026-05-19 20:13:41,esterno,2816,15532,2860,-129,408,119,542618
2026-05-19 20:13:41,lombar,16412,-544,-2024,-487,-541,614,1200073
2026-05-19 20:13:41,esterno,2820,15352,3224,327,110,365,542640
2026-05-19 20:13:41,lombar,16540,-616,-2320,-337,-395,637,1200095
2026-05-19 20:13:41,esterno,2556,15524,3332,-136,367,90,542662
2026-05-19 20:13:41,lombar,16764,-864,-2404,-167,-362,671,1200117
2026-05-19 20:13:41,esterno,2924,15360,3484,300,340,-38,542684
2026-05-19 20:13:41,lombar,16584,-980,-2144,132,-299,622,1200139
2026-05-19 20:13:41,esterno,2752,15176,3508,682,227,-36,542706
2026-05-19 20:13:41,lombar,16388,-816,-2112,278,-381,566,1200161
2026-05-19 20:13:41,esterno,2932,15224,3420,1200,153,346,542728
2026-05-19 20:13:41,lombar,16356,-604,-2272,385,-225,393,1200183
2026-05-19 20:13:41,esterno,3440,15184,3248,1328,461,537,542750
2026-05-19 20:13:41,lombar,16728,-412,-2008,632,1,430,1200205
2026-05-19 20:13:41,esterno,2620,15560,3364,534,877,405,542772
2026-05-19 20:13:41,lombar,17052,-152,-1644,752,386,495,1200227
2026-05-19 20:13:41,esterno,3092,15632,2444,-246,1200,265,542794
2026-05-19 20:13:41,lombar,16604,52,-1276,692,343,196,1200249
2026-05-19 20:13:41,esterno,2028,15876,2980,-745,1053,105,542816
2026-05-19 20:13:41,lombar,16372,-172,-1908,323,60,-5,1200271
2026-05-19 20:13:41,esterno,2204,15308,2492,-766,1167,-281,542838
2026-05-19 20:13:41,lombar,16404,-808,-2132,400,-179,390,1200293
2026-05-19 20:13:41,esterno,2544,15048,2936,-567,726,-446,542860
2026-05-19 20:13:41,lombar,16600,-928,-1692,388,-262,363,1200315
2026-05-19 20:13:41,esterno,2588,15320,3396,-670,576,-353,542882
2026-05-19 20:13:41,lombar,16452,-312,-1792,136,-464,158,1200337
2026-05-19 20:13:41,esterno,2672,14968,2892,-457,644,-331,542904
2026-05-19 20:13:41,lombar,16300,84,-2052,-113,-421,260,1200359
2026-05-19 20:13:41,esterno,2608,15388,3216,-150,431,-275,542926
2026-05-19 20:13:41,lombar,16564,-260,-2040,-175,-148,547,1200381
2026-05-19 20:13:41,esterno,2532,15348,3400,-48,222,-161,542948
2026-05-19 20:13:41,lombar,16620,-576,-1404,-241,-162,523,1200403
2026-05-19 20:13:41,esterno,2448,15360,3324,205,-110,-166,542970
2026-05-19 20:13:41,lombar,16496,-604,-1656,-402,-650,494,1200425
2026-05-19 20:13:41,esterno,2484,15200,3112,372,-312,-122,542992
2026-05-19 20:13:41,lombar,16432,-452,-2248,-455,-699,315,1200447
2026-05-19 20:13:41,esterno,2460,15216,2972,327,-356,-135,543014
2026-05-19 20:13:41,lombar,16444,-288,-2256,-466,-378,482,1200469
2026-05-19 20:13:41,esterno,2408,15492,3076,110,-226,-121,543036
2026-05-19 20:13:41,lombar,16800,-244,-2120,-283,-173,524,1200491
2026-05-19 20:13:41,esterno,2388,15316,3336,-25,-125,-226,543058
2026-05-19 20:13:41,lombar,16744,-580,-2052,-335,-158,550,1200513
2026-05-19 20:13:41,esterno,2776,15640,2684,-267,-24,-241,543080
2026-05-19 20:13:41,lombar,16568,-664,-1868,-246,-179,332,1200535
2026-05-19 20:13:41,esterno,2536,15388,3360,-258,191,-348,543102
2026-05-19 20:13:41,lombar,16456,-644,-1888,-251,-192,367,1200557
2026-05-19 20:13:41,esterno,3144,15372,2956,-490,-513,-129,543124
2026-05-19 20:13:41,lombar,16508,-552,-2028,-90,-385,387,1200579
2026-05-19 20:13:41,esterno,2512,15248,3108,-223,-285,-7,543146
2026-05-19 20:13:41,lombar,16688,-488,-2212,-132,-186,410,1200601
2026-05-19 20:13:41,esterno,2288,15272,3288,99,-123,-218,543168
2026-05-19 20:13:41,lombar,16760,-436,-2088,-219,-161,351,1200623
2026-05-19 20:13:41,esterno,2548,15476,3260,117,5,-408,543190
2026-05-19 20:13:41,lombar,16528,-344,-1812,-223,-51,503,1200645
2026-05-19 20:13:41,esterno,2472,15356,2992,98,-107,-348,543212
2026-05-19 20:13:41,lombar,16340,-360,-1980,-334,78,617,1200667
2026-05-19 20:13:41,esterno,2808,15356,3060,-46,-174,-280,543234
2026-05-19 20:13:41,lombar,16488,-600,-1956,-345,143,552,1200689
2026-05-19 20:13:41,esterno,2836,15512,3028,-295,-142,-157,543256
2026-05-19 20:13:41,lombar,16672,-688,-1812,-283,62,449,1200711
2026-05-19 20:13:41,esterno,2632,15636,2920,-262,-138,-171,543278
2026-05-19 20:13:41,lombar,16536,-580,-2036,-220,101,401,1200733
2026-05-19 20:13:41,esterno,2508,15576,3100,-269,-42,-209,543300
2026-05-19 20:13:41,lombar,16448,-440,-2016,-320,-33,469,1200755
2026-05-19 20:13:41,esterno,2520,15620,3208,-251,-44,-222,543322
2026-05-19 20:13:41,lombar,16516,-476,-2052,-208,-16,482,1200777
2026-05-19 20:13:41,esterno,2544,15556,3680,-338,-251,-128,543344
2026-05-19 20:13:41,lombar,16588,-648,-1804,-183,38,440,1200799
2026-05-19 20:13:41,esterno,2328,15476,2932,-324,-26,-41,543366
2026-05-19 20:13:41,lombar,16496,-636,-1836,-222,6,483,1200821
2026-05-19 20:13:41,esterno,2584,15372,2876,-316,55,-218,543388
2026-05-19 20:13:41,lombar,16620,-664,-1828,-181,-83,480,1200843
2026-05-19 20:13:41,esterno,2644,15400,3176,-299,-72,-202,543410
2026-05-19 20:13:41,lombar,16444,-676,-1764,-45,-160,466,1200865
2026-05-19 20:13:41,esterno,2348,15420,3308,-506,-76,-77,543432
2026-05-19 20:13:41,lombar,16684,-624,-1852,58,-106,466,1200887
2026-05-19 20:13:41,esterno,2544,15544,3236,-386,-21,-56,543454
2026-05-19 20:13:41,lombar,16776,-368,-1768,141,-59,518,1200909
2026-05-19 20:13:41,esterno,2700,15556,3132,-235,116,9,543476
2026-05-19 20:13:41,lombar,16580,-488,-1696,93,-161,589,1200931
2026-05-19 20:13:41,esterno,2592,15384,3016,-271,90,-72,543498
2026-05-19 20:13:42,esterno,2300,15412,3264,-334,159,-62,543520
2026-05-19 20:13:42,lombar,16392,-720,-1756,104,-155,521,1200953
2026-05-19 20:13:42,lombar,16444,-684,-1820,192,-117,492,1200975
2026-05-19 20:13:42,esterno,2384,15392,3200,-324,166,14,543542
2026-05-19 20:13:42,lombar,16552,-608,-1748,263,-65,508,1200997
2026-05-19 20:13:42,esterno,2572,15228,3180,-309,202,-15,543564
2026-05-19 20:13:42,lombar,16616,-532,-1616,210,6,578,1201019
2026-05-19 20:13:42,esterno,2440,15276,3256,-317,169,-44,543586
2026-05-19 20:13:42,lombar,16588,-716,-1696,203,-64,495,1201041
2026-05-19 20:13:42,esterno,2368,15300,3032,-331,181,-109,543608
2026-05-19 20:13:42,lombar,16568,-664,-1712,249,-21,454,1201063
2026-05-19 20:13:42,esterno,2412,15304,3268,-246,120,-53,543630
2026-05-19 20:13:42,lombar,16636,-532,-1796,155,21,389,1201085
2026-05-19 20:13:42,esterno,2328,15328,3128,-261,98,-11,543652
2026-05-19 20:13:42,lombar,16404,-496,-1620,137,124,353,1201107
2026-05-19 20:13:42,esterno,2376,15256,3108,-268,119,-74,543674
2026-05-19 20:13:42,lombar,16500,-592,-1620,10,-80,428,1201129
2026-05-19 20:13:42,esterno,2448,15316,3092,-285,86,-112,543696
2026-05-19 20:13:42,lombar,16468,-580,-1588,-120,-161,333,1201151
2026-05-19 20:13:42,esterno,2468,15412,3208,-344,52,-110,543718
2026-05-19 20:13:42,lombar,16664,-704,-1664,-121,-270,333,1201173
2026-05-19 20:13:42,esterno,2576,15476,3152,-358,46,-76,543740
2026-05-19 20:13:42,lombar,16728,-488,-1808,-46,-366,330,1201195
2026-05-19 20:13:42,esterno,2532,15552,3292,-399,-26,-8,543762
2026-05-19 20:13:42,lombar,16532,-428,-1824,-48,-363,393,1201217
2026-05-19 20:13:42,esterno,2492,15456,3148,-388,-12,16,543784
2026-05-19 20:13:42,lombar,16564,-548,-1732,-30,-342,358,1201239
2026-05-19 20:13:42,esterno,2444,15304,3496,-259,89,-93,543806
2026-05-19 20:13:42,lombar,16564,-604,-1704,44,-274,359,1201261
2026-05-19 20:13:42,esterno,2600,15388,2488,-157,346,-127,543828
2026-05-19 20:13:42,lombar,16632,-560,-1680,106,-340,452,1201283
2026-05-19 20:13:42,esterno,2604,15380,3804,-231,77,-121,543850
2026-05-19 20:13:42,lombar,16564,-596,-1772,67,-359,454,1201305
2026-05-19 20:13:42,esterno,2512,15520,3660,-488,-309,161,543872
2026-05-19 20:13:42,lombar,16564,-560,-1596,151,-350,418,1201327
2026-05-19 20:13:42,esterno,2376,15176,2760,-202,-129,69,543894
2026-05-19 20:13:42,lombar,16552,-632,-1904,182,-237,412,1201349
2026-05-19 20:13:42,esterno,2716,15392,3272,-148,209,-214,543916
2026-05-19 20:13:42,lombar,16688,-532,-1636,117,-208,417,1201371
2026-05-19 20:13:42,esterno,2400,15512,3164,-230,229,-57,543938
2026-05-19 20:13:42,lombar,16708,-496,-1592,55,-324,412,1201393
2026-05-19 20:13:42,esterno,2528,15372,3276,-103,-7,-14,543960
2026-05-19 20:13:42,lombar,16512,-512,-2012,-54,-259,461,1201415
2026-05-19 20:13:42,esterno,2420,15660,3456,-173,84,91,543982
2026-05-19 20:13:42,lombar,16484,-652,-1720,-87,-230,449,1201437
2026-05-19 20:13:42,esterno,2736,15400,3092,-147,53,44,544004
2026-05-19 20:13:42,lombar,16672,-860,-1568,-42,-319,401,1201459
2026-05-19 20:13:42,esterno,2500,15288,3296,-199,45,64,544026
2026-05-19 20:13:42,lombar,16572,-576,-1592,33,-339,315,1201481
2026-05-19 20:13:42,esterno,2420,15220,3292,-248,51,130,544048
2026-05-19 20:13:42,lombar,16564,-416,-1384,-28,-402,351,1201503
2026-05-19 20:13:42,esterno,2604,15340,3428,-299,-227,246,544070
2026-05-19 20:13:42,lombar,16668,-604,-1956,-163,-251,396,1201525
2026-05-19 20:13:42,esterno,2428,15560,3420,-477,-485,446,544092
2026-05-19 20:13:42,lombar,16648,-680,-1580,-229,-330,317,1201547
2026-05-19 20:13:42,esterno,2124,15496,3048,-187,-279,437,544114
2026-05-19 20:13:42,lombar,16464,-596,-1648,-244,-256,365,1201569
2026-05-19 20:13:42,esterno,2616,15264,3188,-129,-399,285,544136
2026-05-19 20:13:42,lombar,16616,-764,-1780,-237,-333,360,1201591
2026-05-19 20:13:42,esterno,2548,15532,3248,-551,-294,540,544158
2026-05-19 20:13:42,lombar,16576,-740,-1368,-231,-506,335,1201613
2026-05-19 20:13:42,esterno,2572,15488,3208,-463,-405,485,544180
2026-05-19 20:13:42,lombar,16460,-612,-1680,-351,-460,204,1201635
2026-05-19 20:13:42,esterno,2648,15448,3232,-587,-252,528,544202
2026-05-19 20:13:42,lombar,16592,-616,-1748,-351,-513,156,1201657
2026-05-19 20:13:42,esterno,2708,15308,3288,-609,-144,440,544224
2026-05-19 20:13:42,lombar,16676,-736,-1676,-224,-489,164,1201679
2026-05-19 20:13:42,esterno,3012,15356,3380,-544,122,308,544246
2026-05-19 20:13:42,lombar,16512,-696,-1560,-64,-483,170,1201701
2026-05-19 20:13:42,esterno,2980,15212,3264,-525,184,260,544268
2026-05-19 20:13:42,lombar,16480,-776,-1960,17,-436,153,1201723
2026-05-19 20:13:42,esterno,3104,15184,3260,-379,463,132,544290
2026-05-19 20:13:42,lombar,16560,-780,-1736,69,-293,115,1201745
2026-05-19 20:13:42,esterno,3060,15204,3220,-358,591,-101,544312
2026-05-19 20:13:42,lombar,16652,-808,-1652,316,-358,248,1201767
2026-05-19 20:13:42,esterno,2796,15424,3348,-399,725,-110,544334
2026-05-19 20:13:42,lombar,16688,-680,-1664,310,-376,312,1201789
2026-05-19 20:13:42,esterno,2724,15324,3408,-310,700,-115,544356
2026-05-19 20:13:42,lombar,16652,-684,-1724,273,-365,318,1201811
2026-05-19 20:13:42,esterno,2756,15368,3576,-382,778,-130,544378
2026-05-19 20:13:42,lombar,16600,-728,-1568,303,-374,319,1201833
2026-05-19 20:13:42,esterno,2760,15372,3548,-434,774,-209,544400
2026-05-19 20:13:42,lombar,16572,-556,-1664,442,-311,302,1201855
2026-05-19 20:13:42,esterno,2712,15452,3720,-450,680,-233,544422
2026-05-19 20:13:42,lombar,16512,-732,-1880,513,-223,360,1201877
2026-05-19 20:13:42,esterno,2464,15280,3540,-250,707,-92,544444
2026-05-19 20:13:42,lombar,16560,-584,-1692,546,-179,396,1201899
2026-05-19 20:13:42,esterno,2464,15280,3468,-211,622,-89,544466
2026-05-19 20:13:42,lombar,16604,-752,-1720,478,-191,399,1201921
2026-05-19 20:13:42,esterno,2504,15220,3580,-201,598,-104,544488
2026-05-19 20:13:42,lombar,16648,-588,-1548,474,-178,378,1201943
2026-05-19 20:13:42,esterno,2504,15256,3640,-203,506,-137,544510
2026-05-19 20:13:43,lombar,16524,-552,-1728,434,-181,361,1201965
2026-05-19 20:13:43,esterno,2564,15388,3616,-248,574,-154,544532
2026-05-19 20:13:43,lombar,16580,-588,-1868,375,-151,373,1201987
2026-05-19 20:13:43,esterno,2416,15248,3672,-171,505,-137,544554
2026-05-19 20:13:43,lombar,16644,-744,-1656,313,-106,310,1202009
2026-05-19 20:13:43,esterno,2172,15236,3112,-25,983,-286,544576
2026-05-19 20:13:43,lombar,16628,-500,-1652,305,-153,327,1202031
2026-05-19 20:13:43,esterno,2904,15440,4052,-168,416,-407,544598
2026-05-19 20:13:43,lombar,16572,-588,-1620,187,-198,281,1202053
2026-05-19 20:13:43,esterno,2392,15332,3432,-336,142,-121,544620
2026-05-19 20:13:43,lombar,16616,-676,-1744,157,-155,319,1202075
2026-05-19 20:13:43,esterno,2144,15084,3148,53,411,-297,544642
2026-05-19 20:13:43,lombar,16644,-520,-1820,114,-103,280,1202097
2026-05-19 20:13:43,esterno,2572,15280,3540,-7,597,-411,544664
2026-05-19 20:13:43,lombar,16748,-632,-1588,123,-109,335,1202119
2026-05-19 20:13:43,esterno,2312,15380,3424,-77,521,-390,544686
2026-05-19 20:13:43,lombar,16576,-592,-1724,105,-138,395,1202141
2026-05-19 20:13:43,esterno,2504,15448,3724,-5,263,-525,544708
2026-05-19 20:13:43,lombar,16480,-620,-1696,-8,-29,348,1202163
2026-05-19 20:13:43,esterno,2588,15460,3592,-150,309,-205,544730
2026-05-19 20:13:43,lombar,16556,-736,-1644,106,-84,343,1202185
2026-05-19 20:13:43,esterno,2500,15204,3508,33,290,-216,544752
2026-05-19 20:13:43,lombar,16480,-692,-1612,181,-50,299,1202207
2026-05-19 20:13:43,esterno,2304,15232,3460,-50,339,-185,544774
2026-05-19 20:13:43,lombar,16616,-528,-1616,214,-11,346,1202229
2026-05-19 20:13:43,esterno,2384,15500,3616,-161,331,-122,544796
2026-05-19 20:13:43,lombar,16568,-396,-1588,98,-63,324,1202251
2026-05-19 20:13:43,esterno,2472,15496,3448,-187,166,-88,544818
2026-05-19 20:13:43,lombar,16716,-684,-1500,47,-71,307,1202273
2026-05-19 20:13:43,esterno,2364,15448,3464,-137,225,-1,544840
2026-05-19 20:13:43,lombar,16736,-700,-1628,100,-88,274,1202295
2026-05-19 20:13:43,esterno,2176,15332,3456,-40,325,-49,544862
2026-05-19 20:13:43,lombar,16664,-628,-1744,132,13,341,1202317
2026-05-19 20:13:43,esterno,2520,15304,3428,-174,403,-8,544884
2026-05-19 20:13:43,lombar,16632,-536,-1596,161,-33,305,1202339
2026-05-19 20:13:43,esterno,2308,15212,3552,36,383,37,544906
2026-05-19 20:13:43,lombar,16552,-652,-1496,76,-38,291,1202361
2026-05-19 20:13:43,esterno,2112,15348,3748,-58,302,-36,544928
2026-05-19 20:13:43,lombar,16668,-700,-1560,45,-67,231,1202383
2026-05-19 20:13:43,esterno,2260,15324,3576,-65,305,92,544950
2026-05-19 20:13:43,lombar,16664,-564,-1512,87,-156,241,1202405
2026-05-19 20:13:43,esterno,2436,15300,3532,0,357,84,544972
2026-05-19 20:13:43,lombar,16584,-504,-1604,20,-159,272,1202427
2026-05-19 20:13:43,esterno,2492,15340,3432,77,426,100,544994
2026-05-19 20:13:43,lombar,16476,-584,-1640,-50,-176,198,1202449
2026-05-19 20:13:43,esterno,2344,15460,3712,-111,521,-49,545016
2026-05-19 20:13:43,lombar,16608,-560,-1732,29,-174,233,1202471
2026-05-19 20:13:43,esterno,2232,15408,3500,-127,518,115,545038
2026-05-19 20:13:43,lombar,16644,-552,-1624,101,-91,224,1202493
2026-05-19 20:13:43,esterno,2536,15328,3516,-83,500,142,545060
2026-05-19 20:13:43,lombar,16552,-504,-1640,117,-110,213,1202515
2026-05-19 20:13:43,esterno,2296,15336,3352,-130,454,117,545082
2026-05-19 20:13:43,lombar,16700,-620,-1532,145,-154,187,1202537
2026-05-19 20:13:43,esterno,2248,15292,3628,-71,411,124,545104
2026-05-19 20:13:43,lombar,16512,-672,-1592,113,-127,228,1202559
2026-05-19 20:13:43,esterno,2108,15456,3520,-71,363,67,545126
2026-05-19 20:13:43,lombar,16556,-564,-1688,77,-104,214,1202581
2026-05-19 20:13:43,esterno,2180,15284,3264,-30,303,-14,545148
2026-05-19 20:13:43,lombar,16580,-568,-1548,134,-114,210,1202603
2026-05-19 20:13:43,esterno,2608,15264,3056,64,318,-67,545170
2026-05-19 20:13:43,lombar,16664,-648,-1188,62,-111,234,1202625
2026-05-19 20:13:43,esterno,2668,15272,3480,-29,388,-109,545192
2026-05-19 20:13:43,lombar,16748,-628,-1360,109,-175,246,1202647
2026-05-19 20:13:43,esterno,2444,15436,3632,-83,345,-16,545214
2026-05-19 20:13:43,lombar,16544,-512,-1392,177,-131,150,1202669
2026-05-19 20:13:43,esterno,2388,15408,3612,-33,497,-3,545236
2026-05-19 20:13:43,lombar,16588,-468,-1664,261,-55,260,1202691
2026-05-19 20:13:43,esterno,2348,15236,3368,51,388,-48,545258
2026-05-19 20:13:43,lombar,16632,-520,-1572,300,-32,292,1202713
2026-05-19 20:13:43,esterno,2304,15476,3508,68,782,-100,545280
2026-05-19 20:13:43,lombar,16700,-600,-1484,333,-30,294,1202735
2026-05-19 20:13:43,esterno,2752,15664,3596,-69,321,-29,545302
2026-05-19 20:13:43,lombar,16580,-580,-1352,323,-71,302,1202757
2026-05-19 20:13:43,esterno,2324,15420,3488,-135,16,76,545324
2026-05-19 20:13:43,lombar,16568,-628,-1556,330,-76,341,1202779
2026-05-19 20:13:43,esterno,2172,15296,3092,94,374,9,545346
2026-05-19 20:13:43,lombar,16728,-612,-1568,289,43,286,1202801
2026-05-19 20:13:43,esterno,2432,15348,3440,128,522,-57,545368
2026-05-19 20:13:43,lombar,16824,-668,-1364,406,-47,300,1202823
2026-05-19 20:13:43,esterno,2268,15488,3408,60,505,-13,545390
2026-05-19 20:13:43,lombar,16656,-544,-1356,358,-49,328,1202845
2026-05-19 20:13:43,esterno,2260,15608,3572,81,258,-53,545412
2026-05-19 20:13:43,lombar,16496,-544,-1300,262,-17,242,1202867
2026-05-19 20:13:43,esterno,2380,15404,3376,26,368,32,545434
2026-05-19 20:13:43,lombar,16620,-496,-1328,301,-153,229,1202889
2026-05-19 20:13:43,esterno,2288,15368,3328,57,309,66,545456
2026-05-19 20:13:43,lombar,16772,-536,-1360,362,-100,281,1202911
2026-05-19 20:13:43,esterno,2124,15272,3372,58,420,72,545478
2026-05-19 20:13:43,lombar,16616,-464,-1180,335,-125,234,1202933
2026-05-19 20:13:43,esterno,2436,15376,3548,-41,421,63,545500
2026-05-19 20:13:43,lombar,16648,-492,-1136,288,-112,222,1202955
2026-05-19 20:13:44,esterno,2492,15464,3448,-118,327,55,545522
2026-05-19 20:13:44,lombar,16616,-536,-1256,292,-106,242,1202977
2026-05-19 20:13:44,esterno,2336,15352,3152,-22,398,160,545544
2026-05-19 20:13:44,lombar,16516,-576,-1140,317,-78,205,1202999
2026-05-19 20:13:44,esterno,2428,15212,3252,61,365,147,545566
2026-05-19 20:13:44,lombar,16600,-568,-1244,332,-38,261,1203021
2026-05-19 20:13:44,esterno,2484,15636,3488,-146,472,205,545588
2026-05-19 20:13:44,lombar,16696,-528,-1376,313,-130,315,1203043
2026-05-19 20:13:44,esterno,2276,15528,3312,40,370,150,545610
2026-05-19 20:13:44,lombar,16560,-636,-1044,241,-150,307,1203065
2026-05-19 20:13:44,esterno,2248,15348,3404,37,316,18,545632
2026-05-19 20:13:44,lombar,16552,-520,-1388,311,-175,239,1203087
2026-05-19 20:13:44,esterno,2392,15364,3344,-121,345,157,545654
2026-05-19 20:13:44,lombar,16616,-512,-1188,248,-220,309,1203109
2026-05-19 20:13:44,esterno,2280,15292,3388,-96,304,193,545676
2026-05-19 20:13:44,lombar,16576,-532,-1272,149,-191,362,1203131
2026-05-19 20:13:44,esterno,2240,15332,3256,-87,261,150,545698
2026-05-19 20:13:44,lombar,16588,-612,-1352,101,-217,299,1203153
2026-05-19 20:13:44,esterno,2176,15428,3340,-34,209,84,545720
2026-05-19 20:13:44,lombar,16584,-660,-1360,227,-202,348,1203175
2026-05-19 20:13:44,esterno,2260,15320,3272,8,173,52,545742
2026-05-19 20:13:44,lombar,16664,-568,-1376,281,-204,280,1203197
2026-05-19 20:13:44,esterno,2280,15416,3492,34,172,110,545764
2026-05-19 20:13:44,lombar,16672,-568,-1288,320,-183,362,1203219
2026-05-19 20:13:44,esterno,2308,15464,3468,28,170,121,545786
2026-05-19 20:13:44,lombar,16752,-668,-1164,382,-215,256,1203241
2026-05-19 20:13:44,esterno,2308,15464,3300,-22,170,35,545808
2026-05-19 20:13:44,lombar,16736,-548,-1256,339,-327,221,1203263
2026-05-19 20:13:44,esterno,2296,15388,3316,-49,170,64,545830
2026-05-19 20:13:44,lombar,16616,-268,-1228,174,-363,120,1203285
2026-05-19 20:13:44,esterno,2432,15400,3364,-47,228,72,545852
2026-05-19 20:13:44,lombar,16596,-468,-1196,148,-363,203,1203307
2026-05-19 20:13:44,esterno,2588,15408,3304,-62,335,107,545874
2026-05-19 20:13:44,lombar,16704,-532,-1276,185,-337,224,1203329
2026-05-19 20:13:44,esterno,2324,15356,3208,-85,503,160,545896
2026-05-19 20:13:44,lombar,16636,-628,-1232,271,-439,285,1203351
2026-05-19 20:13:44,esterno,2396,15360,3344,-91,514,17,545918
2026-05-19 20:13:44,lombar,16560,-528,-1308,304,-445,167,1203373
2026-05-19 20:13:44,esterno,2356,15352,3180,-79,787,-27,545940
2026-05-19 20:13:44,lombar,16496,-476,-1260,144,-443,219,1203395
2026-05-19 20:13:44,esterno,2600,15304,3616,-349,416,-12,545962
2026-05-19 20:13:44,lombar,16560,-520,-1284,-33,-408,218,1203417
2026-05-19 20:13:44,esterno,2052,15332,3528,-480,208,184,545984
2026-05-19 20:13:44,lombar,16704,-600,-1268,83,-412,160,1203439
2026-05-19 20:13:44,esterno,2096,15296,3160,-428,295,134,546006
2026-05-19 20:13:44,lombar,16720,-548,-1608,242,-343,196,1203461
2026-05-19 20:13:44,esterno,2008,15360,3392,-353,471,-120,546028
2026-05-19 20:13:44,lombar,16900,-544,-1256,260,-252,279,1203483
2026-05-19 20:13:44,esterno,2448,15480,3316,-319,611,-234,546050
2026-05-19 20:13:44,lombar,16820,-728,-1284,267,-262,202,1203505
2026-05-19 20:13:44,esterno,2308,15520,3312,-404,484,-114,546072
2026-05-19 20:13:44,lombar,16636,-716,-1320,360,-173,246,1203527
2026-05-19 20:13:44,esterno,2340,15504,3560,-473,395,-76,546094
2026-05-19 20:13:44,lombar,16484,-664,-1168,394,-140,151,1203549
2026-05-19 20:13:44,esterno,2400,15224,3060,-388,442,-13,546116
2026-05-19 20:13:44,lombar,16400,-468,-1184,528,-148,191,1203571
2026-05-19 20:13:44,esterno,2224,15060,3240,-238,571,-121,546138
2026-05-19 20:13:44,lombar,16536,-400,-1000,449,-26,238,1203593
2026-05-19 20:13:44,esterno,2276,15144,3324,-216,600,-87,546160
2026-05-19 20:13:44,lombar,16340,-292,-1024,478,-131,221,1203615
2026-05-19 20:13:44,esterno,2320,15336,3356,-265,633,34,546182
2026-05-19 20:13:44,lombar,16684,-392,-1152,292,-81,258,1203637
2026-05-19 20:13:44,esterno,2264,15360,3196,-215,649,156,546204
2026-05-19 20:13:44,lombar,16916,-644,-1224,522,-153,232,1203659
2026-05-19 20:13:44,esterno,2792,15532,3368,114,640,-82,546226
2026-05-19 20:13:44,lombar,16876,-740,-1252,630,-166,247,1203681
2026-05-19 20:13:44,esterno,2452,15500,3580,-84,808,0,546248
2026-05-19 20:13:44,lombar,16768,-712,-1372,711,-34,149,1203703
2026-05-19 20:13:44,esterno,2288,15376,3252,-142,752,82,546270
2026-05-19 20:13:44,lombar,16568,-480,-1324,805,27,30,1203725
2026-05-19 20:13:44,esterno,2132,15276,3408,-320,671,136,546292
2026-05-19 20:13:44,lombar,16620,-248,-1336,571,102,71,1203747
2026-05-19 20:13:44,esterno,2288,15400,3684,-293,681,153,546314
2026-05-19 20:13:44,lombar,16696,-220,-1020,593,-7,83,1203769
2026-05-19 20:13:44,esterno,2428,15436,3412,-149,774,84,546336
2026-05-19 20:13:44,lombar,16596,-220,-1132,578,-137,120,1203791
2026-05-19 20:13:44,esterno,2308,15320,3452,-37,779,133,546358
2026-05-19 20:13:44,lombar,16488,-96,-960,378,-375,180,1203813
2026-05-19 20:13:44,esterno,2340,15352,3496,-168,813,253,546380
2026-05-19 20:13:44,lombar,16560,-128,-1208,242,-369,214,1203835
2026-05-19 20:13:44,esterno,2284,15444,3260,-196,764,256,546402
2026-05-19 20:13:44,lombar,16672,-296,-1196,195,-441,270,1203857
2026-05-19 20:13:44,esterno,2256,15504,3448,-157,767,174,546424
2026-05-19 20:13:44,lombar,16560,-396,-1392,245,-443,279,1203879
2026-05-19 20:13:44,esterno,2332,15560,3548,-197,736,119,546446
2026-05-19 20:13:44,lombar,16576,-356,-1256,263,-335,254,1203901
2026-05-19 20:13:44,esterno,2204,15456,3204,-153,717,174,546468
2026-05-19 20:13:44,lombar,16496,-348,-1396,316,-316,344,1203923
2026-05-19 20:13:44,esterno,2292,15432,3608,-112,665,161,546490
2026-05-19 20:13:44,lombar,16512,-408,-1088,367,-335,251,1203945
2026-05-19 20:13:44,esterno,2392,15420,3560,-261,629,159,546512
2026-05-19 20:13:45,lombar,16536,-244,-1380,430,-347,292,1203967
2026-05-19 20:13:45,esterno,2364,15296,3108,-225,667,167,546534
2026-05-19 20:13:45,lombar,16652,-228,-1252,306,-330,323,1203989
2026-05-19 20:13:45,esterno,2092,15400,3716,-265,551,131,546556
2026-05-19 20:13:45,lombar,16576,-176,-1288,337,-450,345,1204011
2026-05-19 20:13:45,esterno,2272,15360,3496,-94,660,188,546578
2026-05-19 20:13:45,lombar,16604,-360,-1120,300,-516,305,1204033
2026-05-19 20:13:45,esterno,1104,15528,4856,-94,290,278,546600
2026-05-19 20:13:45,lombar,16672,-348,-948,239,-507,239,1204055
2026-05-19 20:13:45,esterno,2072,15396,3604,-384,150,302,546622
2026-05-19 20:13:45,lombar,16692,-108,-1040,203,-594,182,1204077
2026-05-19 20:13:45,esterno,2332,15324,3408,-353,57,221,546644
2026-05-19 20:13:45,lombar,16588,-188,-1580,295,-643,329,1204099
2026-05-19 20:13:45,esterno,2108,15148,3080,-352,167,223,546666
2026-05-19 20:13:45,lombar,16728,-348,-1644,277,-397,376,1204121
2026-05-19 20:13:45,esterno,2060,14968,3732,-339,324,100,546688
2026-05-19 20:13:45,lombar,16780,-396,-1092,175,-368,338,1204143
2026-05-19 20:13:45,esterno,2316,15220,3708,-411,473,44,546710
2026-05-19 20:13:45,lombar,16680,-392,-992,65,-377,226,1204165
2026-05-19 20:13:45,esterno,2500,15320,3908,-312,338,-127,546732
2026-05-19 20:13:45,lombar,16664,-268,-1260,-46,-401,228,1204187
2026-05-19 20:13:45,esterno,2436,15412,3668,-314,390,11,546754
2026-05-19 20:13:45,lombar,16600,-344,-1412,-80,-323,249,1204209
2026-05-19 20:13:45,esterno,2500,15216,3436,-326,303,200,546776
2026-05-19 20:13:45,lombar,16748,-220,-1276,-86,-162,367,1204231
2026-05-19 20:13:45,esterno,2340,15172,3300,-134,359,255,546798
2026-05-19 20:13:45,lombar,16700,-260,-1252,-28,-237,440,1204253
2026-05-19 20:13:45,esterno,2224,15344,3788,33,238,233,546820
2026-05-19 20:13:45,lombar,16700,-364,-1360,-95,-384,342,1204275
2026-05-19 20:13:45,esterno,2276,15552,3584,-389,430,125,546842
2026-05-19 20:13:45,lombar,16624,-404,-1288,-93,-327,225,1204297
2026-05-19 20:13:45,esterno,2324,14992,3660,-134,97,228,546864
2026-05-19 20:13:45,lombar,16524,-536,-1624,30,-111,308,1204319
2026-05-19 20:13:45,esterno,2328,15356,3920,258,186,242,546886
2026-05-19 20:13:45,lombar,16660,-572,-1296,222,37,271,1204341
2026-05-19 20:13:45,esterno,2196,15436,3880,-142,49,316,546908
2026-05-19 20:13:45,lombar,16836,-296,-1300,71,96,245,1204363
2026-05-19 20:13:45,esterno,2256,15688,3696,-569,-3,14,546930
2026-05-19 20:13:45,lombar,16796,-332,-1168,-92,62,312,1204385
2026-05-19 20:13:45,esterno,2760,15684,2972,-586,171,-4,546952
2026-05-19 20:13:45,lombar,16688,-404,-1180,-75,-129,288,1204407
2026-05-19 20:13:45,esterno,2920,15492,3196,-536,255,73,546974
2026-05-19 20:13:45,lombar,16612,-420,-1324,169,-331,376,1204429
2026-05-19 20:13:45,esterno,2788,15276,3332,-539,465,270,546996
2026-05-19 20:13:45,lombar,16436,-264,-1256,179,-365,431,1204451
2026-05-19 20:13:45,esterno,2512,15168,3212,-130,485,273,547018
2026-05-19 20:13:45,lombar,16500,-276,-1160,265,-392,520,1204473
2026-05-19 20:13:45,esterno,2260,15076,3356,-566,548,220,547040
2026-05-19 20:13:45,lombar,16544,-480,-1060,361,-388,497,1204495
2026-05-19 20:13:45,esterno,2272,15500,3512,-519,545,245,547062
2026-05-19 20:13:45,lombar,16708,-496,-1016,460,-460,482,1204517
2026-05-19 20:13:45,esterno,2312,15208,3748,-424,400,386,547084
2026-05-19 20:13:45,lombar,16608,-176,-1100,463,-474,459,1204539
2026-05-19 20:13:45,esterno,1972,15196,3792,-341,190,326,547106
2026-05-19 20:13:45,lombar,16616,-460,-980,370,-540,371,1204561
2026-05-19 20:13:45,esterno,1872,15232,3680,-116,59,175,547128
2026-05-19 20:13:45,lombar,16632,-344,-1288,206,-529,366,1204583
2026-05-19 20:13:45,esterno,1952,15184,3540,-99,137,-12,547150
2026-05-19 20:13:45,lombar,16652,-248,-1288,101,-524,239,1204605
2026-05-19 20:13:45,esterno,2348,15284,4056,-133,90,-92,547172
2026-05-19 20:13:45,lombar,16580,-232,-1148,15,-495,296,1204627
2026-05-19 20:13:45,esterno,2572,15452,3568,-102,154,-156,547194
2026-05-19 20:13:45,lombar,16636,-172,-1116,-111,-493,298,1204649
2026-05-19 20:13:45,esterno,2476,15564,3544,-456,91,-179,547216
2026-05-19 20:13:45,lombar,16652,-308,-1444,-270,-436,318,1204671
2026-05-19 20:13:45,esterno,2416,15216,3580,-681,-284,-204,547238
2026-05-19 20:13:45,lombar,16652,-268,-1456,-296,-364,304,1204693
2026-05-19 20:13:45,esterno,2764,15532,3616,-445,-199,17,547260
2026-05-19 20:13:45,lombar,16608,-340,-1272,-127,-370,384,1204715
2026-05-19 20:13:45,esterno,2776,15256,3476,-436,124,18,547282
2026-05-19 20:13:45,lombar,16624,-316,-1188,-109,-292,360,1204737
2026-05-19 20:13:45,esterno,2560,14728,3416,-85,340,-204,547304
2026-05-19 20:13:45,lombar,16588,-484,-1148,-89,-268,283,1204759
2026-05-19 20:13:45,esterno,2564,15236,3700,-215,519,-248,547326
2026-05-19 20:13:45,lombar,16684,-548,-1544,78,-172,327,1204781
2026-05-19 20:13:45,esterno,2432,15356,3696,-502,413,-237,547348
2026-05-19 20:13:45,lombar,16768,-348,-1204,99,-99,298,1204803
2026-05-19 20:13:45,esterno,2252,15560,3768,-399,356,-323,547370
2026-05-19 20:13:45,lombar,16700,-248,-1212,59,-74,289,1204825
2026-05-19 20:13:45,esterno,2212,15136,3804,-356,500,-471,547392
2026-05-19 20:13:45,lombar,16704,-348,-1168,118,-267,335,1204847
2026-05-19 20:13:45,esterno,2268,15008,3780,-411,444,-586,547414
2026-05-19 20:13:45,lombar,16716,-476,-1208,174,-330,397,1204869
2026-05-19 20:13:45,esterno,2356,15272,4036,-584,225,-621,547436
2026-05-19 20:13:45,lombar,16580,-412,-1276,75,-306,294,1204891
2026-05-19 20:13:45,esterno,2116,15400,3868,-581,138,-546,547458
2026-05-19 20:13:45,lombar,16504,-264,-1376,-2,-322,344,1204913
2026-05-19 20:13:45,esterno,2052,15008,4052,-276,-171,-532,547480
2026-05-19 20:13:45,lombar,16636,-288,-1388,-59,-238,392,1204935
2026-05-19 20:13:45,esterno,2784,15192,3480,-274,-303,-415,547502
2026-05-19 20:13:45,lombar,16776,-288,-1424,-62,-154,511,1204957
2026-05-19 20:13:46,esterno,2232,15056,3936,-220,-517,-325,547524
2026-05-19 20:13:46,lombar,16736,-204,-1252,-142,-43,501,1204979
2026-05-19 20:13:46,esterno,2248,15292,4036,-176,-545,-302,547546
2026-05-19 20:13:46,lombar,16500,-364,-1464,-149,-58,540,1205001
2026-05-19 20:13:46,esterno,2228,15264,4084,-161,-601,-227,547568
2026-05-19 20:13:46,lombar,16612,-460,-1404,-142,-73,507,1205023
2026-05-19 20:13:46,esterno,2324,15268,3948,-122,-545,-170,547590
2026-05-19 20:13:46,lombar,16640,-452,-1220,-143,-69,463,1205045
2026-05-19 20:13:46,esterno,2120,15272,3776,-64,-508,-199,547612
2026-05-19 20:13:46,lombar,16672,-348,-1492,-127,-133,456,1205067
2026-05-19 20:13:46,esterno,2120,15208,3928,-32,-500,-233,547634
2026-05-19 20:13:46,lombar,16624,-336,-1372,-69,-186,361,1205089
2026-05-19 20:13:46,esterno,2112,15288,3776,-121,-425,-257,547656
2026-05-19 20:13:46,lombar,16636,-220,-1312,-69,-256,405,1205111
2026-05-19 20:13:46,esterno,2264,15288,3824,-123,-305,-311,547678
2026-05-19 20:13:46,lombar,16444,-312,-1320,-59,-259,378,1205133
2026-05-19 20:13:46,esterno,2288,15216,3720,-166,-237,-338,547700
2026-05-19 20:13:46,lombar,16672,-328,-1348,-70,-285,399,1205155
2026-05-19 20:13:46,esterno,2212,15228,3744,-150,-252,-319,547722
2026-05-19 20:13:46,lombar,16556,-344,-1276,-53,-310,441,1205177
2026-05-19 20:13:46,esterno,2240,15524,3860,-187,-226,-371,547744
2026-05-19 20:13:46,lombar,16620,-512,-1516,-10,-403,441,1205199
2026-05-19 20:13:46,esterno,2136,15444,3788,-229,-187,-385,547766
2026-05-19 20:13:46,lombar,16668,-448,-1288,0,-524,493,1205221
2026-05-19 20:13:46,esterno,2268,15260,3940,-30,-277,-585,547788
2026-05-19 20:13:46,lombar,16696,-316,-1420,12,-584,405,1205243
2026-05-19 20:13:46,esterno,1948,15304,3956,-252,-236,-509,547810
2026-05-19 20:13:46,lombar,16612,-404,-1412,-106,-545,413,1205265
2026-05-19 20:13:46,esterno,2140,15344,3792,-560,-656,-396,547832
2026-05-19 20:13:46,lombar,16520,-372,-1404,-189,-470,428,1205287
2026-05-19 20:13:46,esterno,2092,15388,4140,-450,-871,-371,547854
2026-05-19 20:13:46,lombar,16692,-456,-1352,-158,-565,409,1205309
2026-05-19 20:13:46,esterno,2124,15288,3984,-292,-680,-322,547876
2026-05-19 20:13:46,lombar,16644,-508,-1352,-178,-546,482,1205331
2026-05-19 20:13:46,esterno,2200,15288,3700,-155,-633,-419,547898
2026-05-19 20:13:46,lombar,16648,-436,-1332,-299,-455,447,1205353
2026-05-19 20:13:46,esterno,2048,15184,3800,-276,-533,-388,547920
2026-05-19 20:13:46,lombar,16796,-508,-1320,-396,-368,366,1205375
2026-05-19 20:13:46,esterno,1996,15188,4068,-362,-669,-232,547942
2026-05-19 20:13:46,lombar,16724,-544,-1376,-356,-291,393,1205397
2026-05-19 20:13:46,esterno,2036,15416,4328,-266,-732,-144,547964
2026-05-19 20:13:46,lombar,16716,-568,-1192,-253,-262,377,1205419
2026-05-19 20:13:46,esterno,2104,15268,3824,-193,-611,-150,547986
2026-05-19 20:13:46,lombar,16668,-528,-1216,-204,-204,299,1205441
2026-05-19 20:13:46,esterno,1920,15284,3632,-93,-554,-202,548008
2026-05-19 20:13:46,lombar,16700,-520,-1376,-78,-214,347,1205463
2026-05-19 20:13:46,esterno,1924,15232,3636,16,-635,-235,548030
2026-05-19 20:13:46,lombar,16648,-548,-1556,45,-146,432,1205485
2026-05-19 20:13:46,esterno,2352,15380,3836,-149,-572,-112,548052
2026-05-19 20:13:46,lombar,16712,-616,-1356,19,-112,351,1205507
2026-05-19 20:13:46,esterno,2344,15280,3728,2,-502,-147,548074
2026-05-19 20:13:46,lombar,16736,-540,-1584,-15,-34,266,1205529
2026-05-19 20:13:46,esterno,2332,15364,4004,56,-431,-133,548096
2026-05-19 20:13:46,lombar,16716,-436,-1392,22,-5,297,1205551
2026-05-19 20:13:46,esterno,2100,15156,3652,-4,-368,-28,548118
2026-05-19 20:13:46,lombar,16728,-388,-1452,40,99,388,1205573
2026-05-19 20:13:46,esterno,2236,15164,3868,-7,-419,-79,548140
2026-05-19 20:13:46,lombar,16740,-460,-1240,55,9,347,1205595
2026-05-19 20:13:46,esterno,2128,15264,3944,-74,-293,-49,548162
2026-05-19 20:13:46,lombar,16648,-432,-1256,63,-8,342,1205617
2026-05-19 20:13:46,esterno,2192,15428,3876,159,-260,-107,548184
2026-05-19 20:13:46,lombar,16728,-380,-1472,-63,61,304,1205639
2026-05-19 20:13:46,esterno,1828,15156,3872,97,-162,-107,548206
2026-05-19 20:13:46,lombar,16684,-492,-1496,-134,214,343,1205661
2026-05-19 20:13:46,esterno,2000,15188,3676,139,-115,-79,548228
2026-05-19 20:13:46,lombar,16696,-580,-1712,-37,409,272,1205683
2026-05-19 20:13:46,esterno,2164,15412,3776,76,-79,10,548250
2026-05-19 20:13:46,lombar,16580,-476,-1392,81,702,231,1205705
2026-05-19 20:13:46,esterno,1904,15288,3604,26,-81,45,548272
2026-05-19 20:13:46,lombar,16644,-284,-1012,-75,534,313,1205727
2026-05-19 20:13:46,esterno,2116,15328,3924,63,-142,71,548294
2026-05-19 20:13:46,lombar,16684,-332,-1068,-180,256,449,1205749
2026-05-19 20:13:46,esterno,2272,15244,3472,-168,-1,59,548316
2026-05-19 20:13:46,lombar,16544,-468,-956,-179,47,424,1205771
2026-05-19 20:13:46,esterno,2168,15120,3524,-300,144,57,548338
2026-05-19 20:13:46,lombar,16524,-600,-1112,-346,-24,403,1205793
2026-05-19 20:13:46,esterno,1968,15024,3668,-228,67,19,548360
2026-05-19 20:13:46,lombar,16452,-316,-992,-357,-88,385,1205815
2026-05-19 20:13:46,esterno,2152,15392,3832,11,223,32,548382
2026-05-19 20:13:46,lombar,16680,-240,-736,-413,-219,405,1205837
2026-05-19 20:13:46,esterno,2116,15504,4124,-235,0,182,548404
2026-05-19 20:13:46,lombar,16628,-376,-1100,-480,-357,403,1205859
2026-05-19 20:13:46,esterno,2200,15500,3796,-306,-132,-6,548426
2026-05-19 20:13:46,lombar,16712,-528,-1440,-471,-328,465,1205881
2026-05-19 20:13:46,esterno,2240,15348,3664,-195,-27,-113,548448
2026-05-19 20:13:46,lombar,16704,-372,-1288,-425,-390,397,1205903
2026-05-19 20:13:46,esterno,2168,15220,3464,-134,269,-75,548470
2026-05-19 20:13:46,lombar,16560,-420,-1244,-445,-432,365,1205925
2026-05-19 20:13:46,esterno,2132,15196,3840,-42,311,-31,548492
2026-05-19 20:13:46,lombar,16684,-460,-1152,-434,-396,351,1205947
2026-05-19 20:13:46,esterno,2284,15276,4132,-190,152,107,548514
2026-05-19 20:13:47,lombar,16764,-532,-1044,-327,-302,400,1205969
2026-05-19 20:13:47,esterno,2372,15468,3860,-248,-71,238,548536
2026-05-19 20:13:47,lombar,16648,-516,-976,-110,-486,322,1205991
2026-05-19 20:13:47,esterno,2340,15276,3708,-192,-108,254,548558
2026-05-19 20:13:47,lombar,16692,-508,-1088,334,-574,344,1206013
2026-05-19 20:13:47,esterno,1944,15232,3476,-141,-251,286,548580
2026-05-19 20:13:47,lombar,16664,-192,-1220,413,-414,451,1206035
2026-05-19 20:13:47,esterno,2112,15340,3472,-463,-101,379,548602
2026-05-19 20:13:47,lombar,16528,76,-960,173,-343,572,1206057
2026-05-19 20:13:47,esterno,2400,15284,3708,-690,-169,479,548624
2026-05-19 20:13:47,lombar,16652,-328,-936,-50,-360,592,1206079
2026-05-19 20:13:47,esterno,2036,15500,3808,-500,-258,548,548646
2026-05-19 20:13:47,lombar,16872,-616,-1216,90,-460,523,1206101
2026-05-19 20:13:47,esterno,1884,15732,4224,-474,-639,616,548668
2026-05-19 20:13:47,lombar,16664,-676,-1264,394,-561,406,1206123
2026-05-19 20:13:47,esterno,1960,15460,3928,-666,-778,633,548690
2026-05-19 20:13:47,esterno,2416,15112,3824,-742,-721,584,548712
2026-05-19 20:13:47,lombar,16624,-528,-1380,284,-395,319,1206145
2026-05-19 20:13:47,lombar,16724,-376,-1208,94,-318,298,1206167
2026-05-19 20:13:47,esterno,2824,15156,3760,-775,-436,522,548734
2026-05-19 20:13:47,lombar,16776,-340,-1136,10,-406,293,1206189
2026-05-19 20:13:47,esterno,2752,15352,3732,-890,-100,594,548756
2026-05-19 20:13:47,lombar,16556,-664,-1152,60,-510,284,1206211
2026-05-19 20:13:47,esterno,2972,14684,2824,-485,215,516,548778
2026-05-19 20:13:47,lombar,16668,-788,-1044,281,-641,208,1206233
2026-05-19 20:13:47,esterno,2228,14640,3456,90,615,265,548800
2026-05-19 20:13:47,lombar,16824,-920,-1168,564,-649,107,1206255
2026-05-19 20:13:47,esterno,1280,14936,4648,1145,709,-331,548822
2026-05-19 20:13:47,lombar,16700,-928,-1280,747,-610,39,1206277
2026-05-19 20:13:47,esterno,1924,15744,4768,1338,201,-889,548844
2026-05-19 20:13:47,lombar,16584,-880,-948,641,-565,22,1206299
2026-05-19 20:13:47,esterno,2440,15488,4080,-112,-241,-251,548866
2026-05-19 20:13:47,lombar,16820,-444,-1148,277,-566,-131,1206321
2026-05-19 20:13:47,esterno,2792,15280,4096,-281,24,121,548888
2026-05-19 20:13:47,lombar,16796,-384,-1288,-57,-602,-230,1206343
2026-05-19 20:13:47,esterno,3172,15472,3972,-277,357,170,548910
2026-05-19 20:13:47,lombar,16816,-680,-1872,47,-583,-207,1206365
2026-05-19 20:13:47,esterno,3480,15060,2976,-388,434,125,548932
2026-05-19 20:13:47,lombar,16764,-552,-1908,423,-390,-28,1206387
2026-05-19 20:13:47,esterno,3024,14972,3088,-318,611,155,548954
2026-05-19 20:13:47,lombar,16488,-396,-1748,692,-326,150,1206409
2026-05-19 20:13:47,esterno,2152,15332,4216,-667,259,40,548976
2026-05-19 20:13:47,lombar,16448,-236,-1596,281,-243,224,1206431
2026-05-19 20:13:47,esterno,2624,15392,3924,-959,-340,354,548998
2026-05-19 20:13:47,lombar,16604,-344,-1240,-106,-295,244,1206453
2026-05-19 20:13:47,esterno,2664,14864,3548,-1013,-410,449,549020
2026-05-19 20:13:47,lombar,16752,-284,-1520,-178,-529,261,1206475
2026-05-19 20:13:47,esterno,2332,14980,3780,-804,100,388,549042
2026-05-19 20:13:47,lombar,16628,-364,-1524,-173,-512,316,1206497
2026-05-19 20:13:47,esterno,2276,14296,3888,-273,376,-252,549064
2026-05-19 20:13:47,lombar,16456,-404,-1228,-221,-392,506,1206519
2026-05-19 20:13:47,esterno,3076,14848,3572,-662,278,-440,549086
2026-05-19 20:13:47,lombar,16256,-800,-872,-302,-231,375,1206541
2026-05-19 20:13:47,esterno,2596,14736,4040,-844,233,27,549108
2026-05-19 20:13:47,lombar,16560,-820,-1332,10,-198,138,1206563
2026-05-19 20:13:47,esterno,3104,15468,3216,-286,97,147,549130
2026-05-19 20:13:47,lombar,17212,144,-1440,459,-320,297,1206585
2026-05-19 20:13:47,esterno,2556,16200,4048,-128,672,265,549152
2026-05-19 20:13:47,lombar,16968,-28,-1380,671,-347,607,1206607
2026-05-19 20:13:47,esterno,3152,15208,3740,-198,1348,152,549174
2026-05-19 20:13:47,lombar,16456,-776,-1292,1001,-400,604,1206629
2026-05-19 20:13:47,esterno,3116,14924,4076,309,1628,157,549196
2026-05-19 20:13:47,lombar,16420,-732,-1216,1161,-321,398,1206651
2026-05-19 20:13:47,esterno,2744,15208,3924,405,2015,415,549218
2026-05-19 20:13:47,lombar,16744,-364,-1096,1200,-371,378,1206673
2026-05-19 20:13:47,esterno,2744,15212,3944,820,1884,678,549240
2026-05-19 20:13:47,lombar,16736,-296,-1052,1257,-551,470,1206695
2026-05-19 20:13:47,esterno,2660,15312,4104,1064,1472,710,549262
2026-05-19 20:13:47,lombar,16708,-372,-1420,1194,-578,405,1206717
2026-05-19 20:13:47,esterno,2444,15288,4176,1102,1305,771,549284
2026-05-19 20:13:47,lombar,16752,-260,-1460,1057,-397,298,1206739
2026-05-19 20:13:47,esterno,1988,15184,4328,784,1398,534,549306
2026-05-19 20:13:47,lombar,16756,-308,-1488,1018,-259,337,1206761
2026-05-19 20:13:47,esterno,2464,15204,4136,295,1797,329,549328
2026-05-19 20:13:47,lombar,16712,-572,-1628,1071,-208,267,1206783
2026-05-19 20:13:47,esterno,2864,15248,4016,97,2048,300,549350
2026-05-19 20:13:47,lombar,16720,-572,-1360,1068,-135,224,1206805
2026-05-19 20:13:47,esterno,2660,15316,3908,-145,2121,125,549372
2026-05-19 20:13:47,lombar,16584,-508,-1584,1081,-145,89,1206827
2026-05-19 20:13:47,esterno,1900,15304,3700,-16,2071,-258,549394
2026-05-19 20:13:47,lombar,16396,-576,-1620,1290,-175,81,1206849
2026-05-19 20:13:47,esterno,1528,15176,3736,-60,1742,-388,549416
2026-05-19 20:13:47,lombar,16656,-280,-1272,1166,-216,104,1206871
2026-05-19 20:13:47,esterno,1800,15236,3992,-374,1487,-305,549438
2026-05-19 20:13:47,lombar,16620,-8,-988,860,-320,99,1206893
2026-05-19 20:13:47,esterno,2236,15340,3868,-485,1273,-236,549460
2026-05-19 20:13:47,lombar,16504,-152,-748,524,-527,10,1206915
2026-05-19 20:13:47,esterno,2404,15228,3328,-244,1160,-7,549482
2026-05-19 20:13:47,lombar,16564,-124,-956,428,-556,54,1206937
2026-05-19 20:13:47,esterno,2232,15300,3860,212,913,215,549504
2026-05-19 20:13:47,lombar,16640,-172,-1112,489,-466,217,1206959
2026-05-19 20:13:48,esterno,1980,15220,3936,180,1032,307,549526
2026-05-19 20:13:48,lombar,16704,-292,-984,359,-447,209,1206981
2026-05-19 20:13:48,esterno,2364,15392,4292,-34,284,185,549548
2026-05-19 20:13:48,lombar,16696,-340,-1112,166,-584,160,1207003
2026-05-19 20:13:48,esterno,3320,15224,3360,-147,518,298,549570
2026-05-19 20:13:48,lombar,16660,-260,-1068,25,-686,-81,1207025
2026-05-19 20:13:48,esterno,3364,15256,3304,196,1097,663,549592
2026-05-19 20:13:48,lombar,16720,-228,-1608,184,-619,-10,1207047
2026-05-19 20:13:48,esterno,3032,15112,3416,399,1715,877,549614
2026-05-19 20:13:48,lombar,16876,-236,-1812,574,-327,86,1207069
2026-05-19 20:13:48,esterno,2436,15424,4024,238,2338,1040,549636
2026-05-19 20:13:48,lombar,16804,-540,-1600,919,-39,123,1207091
2026-05-19 20:13:48,esterno,2276,15484,4120,-46,2314,823,549658
2026-05-19 20:13:48,lombar,16704,-556,-1640,1052,32,80,1207113
2026-05-19 20:13:48,esterno,2120,15424,4272,6,2267,531,549680
2026-05-19 20:13:48,lombar,16508,-636,-1804,1237,-103,34,1207135
2026-05-19 20:13:48,esterno,2048,15312,4264,-191,1797,388,549702
2026-05-19 20:13:48,lombar,16536,-376,-1632,1327,-240,1,1207157
2026-05-19 20:13:48,esterno,2320,15084,3976,-263,1400,335,549724
2026-05-19 20:13:48,lombar,16512,-164,-1508,1193,-165,-4,1207179
2026-05-19 20:13:48,esterno,2064,15024,3792,-126,1061,255,549746
2026-05-19 20:13:48,lombar,16680,-152,-1320,1057,-142,-76,1207201
2026-05-19 20:13:48,esterno,1624,15180,3932,100,558,10,549768
2026-05-19 20:13:48,lombar,16692,-156,-1428,1023,-188,-53,1207223
2026-05-19 20:13:48,esterno,1476,14964,4236,233,130,-191,549790
2026-05-19 20:13:48,lombar,16588,-120,-1364,926,-163,0,1207245
2026-05-19 20:13:48,esterno,1616,15012,4196,185,-287,-275,549812
2026-05-19 20:13:48,lombar,16492,-156,-1280,589,-157,40,1207267
2026-05-19 20:13:48,esterno,1828,15168,4068,-130,-497,-70,549834
2026-05-19 20:13:48,lombar,16624,-124,-984,202,-115,-64,1207289
2026-05-19 20:13:48,esterno,2036,15240,3900,-119,-655,-68,549856
2026-05-19 20:13:48,lombar,16708,156,-1140,-181,-93,-29,1207311
2026-05-19 20:13:48,esterno,2208,15268,3868,104,-587,-345,549878
2026-05-19 20:13:48,lombar,16584,-20,-1200,-375,-137,55,1207333
2026-05-19 20:13:48,esterno,2476,14976,3900,94,-389,-485,549900
2026-05-19 20:13:48,esterno,2792,14768,3524,-30,-162,-296,549922
2026-05-19 20:13:48,lombar,16436,-28,-1268,-453,-23,73,1207355
2026-05-19 20:13:48,lombar,16604,140,-1020,-609,61,306,1207377
2026-05-19 20:13:48,esterno,2860,14584,3276,-122,225,-109,549944
2026-05-19 20:13:48,lombar,16756,-140,-1296,-670,153,319,1207399
2026-05-19 20:13:48,esterno,2576,14808,3944,-8,155,-39,549966
2026-05-19 20:13:48,lombar,16892,-80,-1412,-873,298,423,1207421
2026-05-19 20:13:48,esterno,2792,15868,3812,1108,-18,419,549988
2026-05-19 20:13:48,lombar,16920,-172,-1544,-1042,525,441,1207443
2026-05-19 20:13:48,esterno,2276,15796,4052,1619,-330,700,550010
2026-05-19 20:13:48,lombar,16888,-636,-1428,-1031,597,436,1207465
2026-05-19 20:13:48,esterno,2480,15604,3912,1143,-224,877,550032
2026-05-19 20:13:48,lombar,16616,-896,-1116,-607,252,202,1207487
2026-05-19 20:13:48,esterno,2568,15320,3476,1079,-183,309,550054
2026-05-19 20:13:48,lombar,16440,-456,-1272,-202,-2,169,1207509
2026-05-19 20:13:48,esterno,2608,15344,3308,617,443,-47,550076
2026-05-19 20:13:48,lombar,16416,-44,-1600,-99,20,331,1207531
2026-05-19 20:13:48,esterno,2204,15432,3636,147,-106,80,550098
2026-05-19 20:13:48,lombar,16596,180,-1128,106,138,475,1207553
2026-05-19 20:13:48,esterno,2148,15168,2608,247,-22,173,550120
2026-05-19 20:13:48,lombar,16612,-72,-1232,240,324,390,1207575
2026-05-19 20:13:48,esterno,2800,15428,3160,699,233,-4,550142
2026-05-19 20:13:48,lombar,16636,-20,-688,455,127,317,1207597
2026-05-19 20:13:48,esterno,2592,15124,3248,-266,283,-66,550164
2026-05-19 20:13:48,lombar,16348,528,-644,751,-25,487,1207619
2026-05-19 20:13:48,esterno,2044,14904,3224,7,26,-52,550186
2026-05-19 20:13:48,lombar,16224,776,-804,415,88,690,1207641
2026-05-19 20:13:48,esterno,2592,14956,2856,469,39,-47,550208
2026-05-19 20:13:48,lombar,16524,-92,-824,-316,184,745,1207663
2026-05-19 20:13:48,esterno,3244,15956,3424,366,-129,76,550230
2026-05-19 20:13:48,lombar,16780,-804,-772,-147,-60,535,1207685
2026-05-19 20:13:48,esterno,3128,15944,3528,313,-185,-107,550252
2026-05-19 20:13:48,lombar,17352,-164,-1684,369,-326,371,1207707
2026-05-19 20:13:48,esterno,2508,14912,3280,789,-216,-648,550274
2026-05-19 20:13:48,lombar,17248,164,-1288,384,-255,360,1207729
2026-05-19 20:13:48,esterno,2348,15032,3732,1174,-393,-832,550296
2026-05-19 20:13:48,lombar,16972,272,-1372,-18,201,227,1207751
2026-05-19 20:13:48,esterno,2300,15784,3744,1220,-286,-486,550318
2026-05-19 20:13:48,lombar,16468,72,-1344,-470,163,155,1207773
2026-05-19 20:13:48,esterno,2460,15780,3564,839,162,-340,550340
2026-05-19 20:13:48,lombar,16552,-468,-1696,-426,279,61,1207795
2026-05-19 20:13:48,esterno,2984,16060,3488,180,477,-313,550362
2026-05-19 20:13:48,lombar,16932,-792,-1148,72,166,-12,1207817
2026-05-19 20:13:48,esterno,3040,15812,3060,-239,1065,-344,550384
2026-05-19 20:13:48,lombar,16880,-676,-1308,795,112,139,1207839
2026-05-19 20:13:48,esterno,2812,15808,2816,-243,1384,-167,550406
2026-05-19 20:13:48,lombar,16436,-332,-968,940,140,214,1207861
2026-05-19 20:13:48,esterno,2368,15688,3020,-384,1478,86,550428
2026-05-19 20:13:48,lombar,16372,-240,-916,666,67,180,1207883
2026-05-19 20:13:48,esterno,2132,15744,2780,-588,1479,214,550450
2026-05-19 20:13:48,lombar,16348,-64,-552,579,-176,211,1207905
2026-05-19 20:13:48,esterno,2032,15664,2536,-792,1406,232,550472
2026-05-19 20:13:48,lombar,16416,12,-468,490,-545,211,1207927
2026-05-19 20:13:48,esterno,2156,15184,2852,-946,1381,16,550494
2026-05-19 20:13:48,lombar,16568,60,-544,630,-861,386,1207949
2026-05-19 20:13:48,esterno,2380,14984,2828,-879,1282,-209,550516
2026-05-19 20:13:49,lombar,16412,-20,-564,549,-776,541,1207971
2026-05-19 20:13:49,esterno,2420,15060,3036,-701,1257,-234,550538
2026-05-19 20:13:49,lombar,16412,8,-768,412,-728,661,1207993
2026-05-19 20:13:49,esterno,2432,15208,3060,-689,1327,-323,550560
2026-05-19 20:13:49,lombar,16572,-352,-1148,541,-766,735,1208015
2026-05-19 20:13:49,esterno,2360,15136,3152,-622,1481,-534,550582
2026-05-19 20:13:49,lombar,16532,-192,-1000,626,-808,752,1208037
2026-05-19 20:13:49,esterno,2428,15356,2888,-362,1622,-647,550604
2026-05-19 20:13:49,lombar,16552,-184,-1064,425,-952,797,1208059
2026-05-19 20:13:49,esterno,1752,15636,4048,-629,1521,-561,550626
2026-05-19 20:13:49,lombar,16752,148,-1408,196,-1072,847,1208081
2026-05-19 20:13:49,esterno,1884,15892,4120,-867,1030,-340,550648
2026-05-19 20:13:49,lombar,16796,-128,-1656,-77,-1138,877,1208103
2026-05-19 20:13:49,esterno,1664,15604,3564,-955,1530,-359,550670
2026-05-19 20:13:49,lombar,16588,-576,-1548,-183,-1132,859,1208125
2026-05-19 20:13:49,esterno,1672,15356,3864,-790,1637,-601,550692
2026-05-19 20:13:49,lombar,16628,-684,-1244,-60,-1210,717,1208147
2026-05-19 20:13:49,esterno,2104,15484,3740,-949,1616,-485,550714
2026-05-19 20:13:49,lombar,16544,-504,-1304,10,-1389,639,1208169
2026-05-19 20:13:49,esterno,1532,15360,3808,-1331,1330,-223,550736
2026-05-19 20:13:49,lombar,16560,-240,-1272,-8,-1353,528,1208191
2026-05-19 20:13:49,esterno,1336,15264,3872,-1405,1018,-217,550758
2026-05-19 20:13:49,lombar,16392,176,-1108,14,-1292,592,1208213
2026-05-19 20:13:49,esterno,1464,14992,3860,-1270,706,-254,550780
2026-05-19 20:13:49,lombar,16200,268,-748,-26,-1235,759,1208235
2026-05-19 20:13:49,esterno,1724,14864,3608,-1366,327,58,550802
2026-05-19 20:13:49,lombar,16328,-268,-956,-533,-1374,988,1208257
2026-05-19 20:13:49,esterno,1668,15016,3704,-1121,-148,321,550824
2026-05-19 20:13:49,lombar,16548,-708,-1104,-912,-1385,867,1208279
2026-05-19 20:13:49,esterno,1556,15384,4052,-1041,-498,344,550846
2026-05-19 20:13:49,lombar,16884,-640,-1016,-1242,-1482,537,1208301
2026-05-19 20:13:49,esterno,1536,15328,4016,-1081,-489,-22,550868
2026-05-19 20:13:49,lombar,17036,-264,-1912,-1242,-1340,644,1208323
2026-05-19 20:13:49,esterno,1900,15268,4460,-884,-662,-400,550890
2026-05-19 20:13:49,lombar,16836,-420,-1844,-793,-849,845,1208345
2026-05-19 20:13:49,esterno,1860,15524,4404,-914,-558,-490,550912
2026-05-19 20:13:49,lombar,16664,-788,-1672,-595,-640,994,1208367
2026-05-19 20:13:49,esterno,1560,15440,4376,-1016,-850,-272,550934
2026-05-19 20:13:49,lombar,16836,-692,-1648,-620,-651,893,1208389
2026-05-19 20:13:49,esterno,1984,15144,4196,-803,-974,-251,550956
2026-05-19 20:13:49,lombar,16752,-632,-1648,-813,-712,734,1208411
2026-05-19 20:13:49,esterno,2104,15148,4324,-964,-956,-329,550978
2026-05-19 20:13:49,lombar,16588,-620,-1920,-800,-623,669,1208433
2026-05-19 20:13:49,lombar,16672,-740,-1588,-635,-436,740,1208455
2026-05-19 20:13:49,esterno,2260,15092,3980,-863,-977,-240,551000
2026-05-19 20:13:49,esterno,1884,15224,3972,-726,-850,-155,551022
2026-05-19 20:13:49,lombar,16640,-1000,-1736,-415,-401,539,1208477
2026-05-19 20:13:49,esterno,1648,15188,4268,-636,-700,-167,551044
2026-05-19 20:13:49,lombar,16832,-792,-1544,-122,-533,425,1208499
2026-05-19 20:13:49,esterno,1832,15300,4140,-589,-599,-200,551066
2026-05-19 20:13:49,lombar,16764,-484,-1728,50,-527,353,1208521
2026-05-19 20:13:49,esterno,2132,15276,4040,-561,-370,-219,551088
2026-05-19 20:13:49,lombar,16572,-604,-1824,33,-309,393,1208543
2026-05-19 20:13:49,esterno,2056,15224,3960,-468,-114,-153,551110
2026-05-19 20:13:49,lombar,16588,-624,-1724,-108,-163,325,1208565
2026-05-19 20:13:49,esterno,2160,15008,4068,-209,-167,-201,551132
2026-05-19 20:13:49,lombar,16492,-792,-1688,-158,-95,310,1208587
2026-05-19 20:13:49,esterno,1736,14992,3700,-297,422,-195,551154
2026-05-19 20:13:49,lombar,16492,-592,-1512,-111,10,300,1208609
2026-05-19 20:13:49,esterno,1948,15268,4560,-295,-394,-88,551176
2026-05-19 20:13:49,lombar,16508,-644,-1488,-137,17,274,1208631
2026-05-19 20:13:49,esterno,1836,15096,3788,-272,-104,-23,551198
2026-05-19 20:13:49,lombar,16476,-612,-1528,-68,-38,295,1208653
2026-05-19 20:13:49,esterno,1620,14976,3920,68,262,-114,551220
2026-05-19 20:13:49,lombar,16656,-652,-1644,-19,-18,225,1208675
2026-05-19 20:13:49,esterno,1980,15260,4336,-19,377,-84,551242
2026-05-19 20:13:49,lombar,16428,-512,-1492,81,-131,165,1208697
2026-05-19 20:13:49,esterno,1924,15348,4112,-168,446,67,551264
2026-05-19 20:13:49,lombar,16520,-600,-1656,60,-191,280,1208719
2026-05-19 20:13:49,esterno,1652,15060,4276,-125,393,35,551286
2026-05-19 20:13:49,lombar,16572,-812,-1796,51,-195,295,1208741
2026-05-19 20:13:49,esterno,1924,15096,4192,-148,413,102,551308
2026-05-19 20:13:49,lombar,16556,-876,-1800,217,-259,243,1208763
2026-05-19 20:13:49,esterno,2300,15192,3732,-223,441,214,551330
2026-05-19 20:13:49,lombar,16472,-940,-1784,338,-219,160,1208785
2026-05-19 20:13:49,esterno,1916,15420,4348,-117,410,293,551352
2026-05-19 20:13:49,lombar,16656,-924,-1592,623,-118,192,1208807
2026-05-19 20:13:49,esterno,2044,15424,4152,-178,577,368,551374
2026-05-19 20:13:49,lombar,16700,-812,-1592,782,-62,228,1208829
2026-05-19 20:13:49,esterno,1896,15004,3836,-337,721,185,551396
2026-05-19 20:13:49,lombar,16604,-532,-1500,785,-13,242,1208851
2026-05-19 20:13:49,esterno,1868,14928,4152,-250,635,171,551418
2026-05-19 20:13:49,lombar,16448,-512,-1508,759,51,306,1208873
2026-05-19 20:13:49,esterno,1956,15140,4244,-139,766,317,551440
2026-05-19 20:13:49,lombar,16484,-660,-1492,680,89,326,1208895
2026-05-19 20:13:49,esterno,1976,15244,4244,-166,711,390,551462
2026-05-19 20:13:49,lombar,16616,-896,-1488,760,125,289,1208917
2026-05-19 20:13:49,esterno,1828,15248,4248,-154,656,327,551484
2026-05-19 20:13:49,lombar,16612,-916,-1472,960,-14,204,1208939
2026-05-19 20:13:49,esterno,1936,15204,4304,-340,686,370,551506
2026-05-19 20:13:49,lombar,16632,-736,-1552,1143,-204,123,1208961
2026-05-19 20:13:50,esterno,1992,15200,4144,-322,721,435,551528
2026-05-19 20:13:50,lombar,16620,-468,-1660,1240,-235,123,1208983
2026-05-19 20:13:50,esterno,1784,15052,4252,-268,858,432,551550
2026-05-19 20:13:50,lombar,16568,-344,-1540,1117,-108,186,1209005
2026-05-19 20:13:50,esterno,1952,15156,4164,-248,965,394,551572
2026-05-19 20:13:50,lombar,16508,-300,-1576,985,-101,145,1209027
2026-05-19 20:13:50,esterno,1952,15068,4344,-175,965,384,551594
2026-05-19 20:13:50,lombar,16488,-536,-1684,929,-79,63,1209049
2026-05-19 20:13:50,esterno,1920,15132,4384,-181,940,439,551616
2026-05-19 20:13:50,lombar,16512,-504,-1540,913,-56,38,1209071
2026-05-19 20:13:50,esterno,1792,15228,4432,-98,944,522,551638
2026-05-19 20:13:50,lombar,16528,-416,-1340,912,-129,-32,1209093
2026-05-19 20:13:50,esterno,2224,15520,3728,83,912,609,551660
2026-05-19 20:13:50,lombar,16920,176,-1468,905,-215,182,1209115
2026-05-19 20:13:50,esterno,2048,15236,4428,-121,1052,636,551682
2026-05-19 20:13:50,lombar,16760,-140,-1644,708,-249,353,1209137
2026-05-19 20:13:50,esterno,1384,15064,5508,-79,558,629,551704
2026-05-19 20:13:50,lombar,16304,-764,-1456,564,-266,241,1209159
2026-05-19 20:13:50,esterno,2060,14856,3988,-63,1029,506,551726
2026-05-19 20:13:50,lombar,16484,-552,-1480,613,-270,88,1209181
2026-05-19 20:13:50,esterno,1972,15064,4420,7,1156,523,551748
2026-05-19 20:13:50,lombar,16852,-156,-1508,681,-183,247,1209203
2026-05-19 20:13:50,esterno,2260,15252,4332,-157,1057,429,551770
2026-05-19 20:13:50,lombar,16636,-304,-1296,558,-123,330,1209225
2026-05-19 20:13:50,esterno,1996,15268,4308,-211,932,364,551792
2026-05-19 20:13:50,lombar,16372,-456,-1280,339,-110,279,1209247
2026-05-19 20:13:50,esterno,2112,15116,4436,-259,826,289,551814
2026-05-19 20:13:50,lombar,16500,-608,-1624,300,-33,286,1209269
2026-05-19 20:13:50,esterno,2292,15192,4236,-281,812,248,551836
2026-05-19 20:13:50,lombar,16716,-720,-1512,643,10,240,1209291
2026-05-19 20:13:50,esterno,2308,15164,4188,-303,837,415,551858
2026-05-19 20:13:50,lombar,16588,-440,-1312,830,-90,263,1209313
2026-05-19 20:13:50,esterno,2280,15084,4160,-253,848,535,551880
2026-05-19 20:13:50,lombar,16444,-512,-1764,1018,-187,203,1209335
2026-05-19 20:13:50,esterno,1988,15008,4352,-281,863,521,551902
2026-05-19 20:13:50,lombar,16560,-492,-1564,1233,-222,234,1209357
2026-05-19 20:13:50,esterno,1952,14992,4208,-216,947,592,551924
2026-05-19 20:13:50,lombar,16624,-428,-1632,1333,-130,223,1209379
2026-05-19 20:13:50,esterno,2216,15024,4412,-49,772,540,551946
2026-05-19 20:13:50,lombar,16544,-240,-1524,1260,-138,304,1209401
2026-05-19 20:13:50,esterno,2560,15252,4376,-120,888,688,551968
2026-05-19 20:13:50,lombar,16660,-368,-1688,1222,-246,331,1209423
2026-05-19 20:13:50,esterno,2428,15228,4476,-209,935,666,551990
2026-05-19 20:13:50,lombar,16784,-428,-1764,1154,-367,375,1209445
2026-05-19 20:13:50,esterno,2384,15268,4568,-83,831,470,552012
2026-05-19 20:13:50,lombar,16724,-552,-1796,926,-408,273,1209467
2026-05-19 20:13:50,esterno,2212,15216,4700,-196,866,494,552034
2026-05-19 20:13:50,lombar,16588,-772,-1756,867,-452,117,1209489
2026-05-19 20:13:50,esterno,1948,14932,4624,-263,818,480,552056
2026-05-19 20:13:50,lombar,16492,-528,-1504,968,-432,101,1209511
2026-05-19 20:13:50,esterno,2416,14972,4312,-192,1007,460,552078
2026-05-19 20:13:50,lombar,16612,-320,-1532,858,-370,200,1209533
2026-05-19 20:13:50,esterno,2236,14992,4428,-107,1046,366,552100
2026-05-19 20:13:50,lombar,16624,-448,-1628,871,-250,199,1209555
2026-05-19 20:13:50,esterno,2192,15024,4532,-29,1098,341,552122
2026-05-19 20:13:50,lombar,16512,-724,-1548,860,-173,208,1209577
2026-05-19 20:13:50,esterno,2276,15016,4588,-13,983,406,552144
2026-05-19 20:13:50,lombar,16564,-560,-1256,820,-109,168,1209599
2026-05-19 20:13:50,esterno,2064,14900,4656,181,973,414,552166
2026-05-19 20:13:50,lombar,16488,-604,-1528,777,-24,171,1209621
2026-05-19 20:13:50,esterno,2016,14876,4576,322,1177,270,552188
2026-05-19 20:13:50,lombar,16484,-428,-1416,947,-62,140,1209643
2026-05-19 20:13:50,esterno,2376,15268,5100,-39,564,354,552210
2026-05-19 20:13:50,lombar,16616,-272,-1488,873,-89,182,1209665
2026-05-19 20:13:50,esterno,1948,15180,4244,43,530,461,552232
2026-05-19 20:13:50,lombar,16764,-204,-1424,656,-145,260,1209687
2026-05-19 20:13:50,esterno,2048,15052,4316,222,679,367,552254
2026-05-19 20:13:50,lombar,16520,-432,-1684,492,-258,280,1209709
2026-05-19 20:13:50,esterno,2220,15168,4548,259,682,313,552276
2026-05-19 20:13:50,lombar,16668,-520,-1416,319,-246,252,1209731
2026-05-19 20:13:50,esterno,2064,15248,4404,-42,634,306,552298
2026-05-19 20:13:50,lombar,16768,-504,-1424,133,-315,195,1209753
2026-05-19 20:13:50,esterno,2024,15172,4628,-83,434,226,552320
2026-05-19 20:13:50,lombar,16584,-404,-1604,39,-358,271,1209775
2026-05-19 20:13:50,esterno,2236,15216,4632,-121,397,274,552342
2026-05-19 20:13:50,lombar,16632,-524,-1580,91,-395,270,1209797
2026-05-19 20:13:50,esterno,2200,15152,4312,-196,277,231,552364
2026-05-19 20:13:50,lombar,16728,-560,-1496,48,-356,298,1209819
2026-05-19 20:13:50,esterno,2252,15044,4476,-266,110,268,552386
2026-05-19 20:13:50,lombar,16624,-432,-1476,-44,-377,257,1209841
2026-05-19 20:13:50,esterno,2312,15196,4440,-302,-59,172,552408
2026-05-19 20:13:50,lombar,16712,-464,-1480,-125,-381,347,1209863
2026-05-19 20:13:50,esterno,2436,15136,4616,-348,-80,184,552430
2026-05-19 20:13:50,lombar,16744,-604,-1660,-98,-334,331,1209885
2026-05-19 20:13:50,esterno,2104,14916,4456,-240,-96,180,552452
2026-05-19 20:13:50,lombar,16540,-668,-1544,-33,-250,340,1209907
2026-05-19 20:13:50,lombar,16532,-484,-1400,56,-245,392,1209929
2026-05-19 20:13:50,esterno,2484,15064,4380,-140,-325,132,552474
2026-05-19 20:13:50,esterno,2376,15144,4560,-206,-226,183,552496
2026-05-19 20:13:50,lombar,16704,-440,-1628,-93,-203,412,1209951
2026-05-19 20:13:50,esterno,2488,15108,4412,-162,-376,106,552518
2026-05-19 20:13:51,lombar,16656,-484,-1424,-246,-211,374,1209973
2026-05-19 20:13:51,esterno,2328,15096,4340,-136,-382,92,552540
2026-05-19 20:13:51,lombar,16544,-588,-1572,-216,-219,403,1209995
2026-05-19 20:13:51,esterno,2452,15144,4372,-213,-396,126,552562
2026-05-19 20:13:51,lombar,16528,-548,-1552,-145,-189,334,1210017
2026-05-19 20:13:51,esterno,2612,15012,4116,-175,-405,95,552584
2026-05-19 20:13:51,lombar,16544,-400,-1424,-153,-154,345,1210039
2026-05-19 20:13:51,esterno,2436,14928,4068,-99,-408,-33,552606
2026-05-19 20:13:51,lombar,16680,-352,-1336,-219,-166,356,1210061
2026-05-19 20:13:51,esterno,2464,14988,4316,-94,-378,-6,552628
2026-05-19 20:13:51,lombar,16684,-496,-1348,-278,-202,383,1210083
2026-05-19 20:13:51,esterno,2484,15096,4440,-102,-374,-14,552650
2026-05-19 20:13:51,lombar,16584,-520,-1368,-284,-194,248,1210105
2026-05-19 20:13:51,esterno,2592,15144,4240,-92,-424,46,552672
2026-05-19 20:13:51,lombar,16520,-464,-1452,-239,-234,230,1210127
2026-05-19 20:13:51,esterno,2588,14952,4328,116,-417,-34,552694
2026-05-19 20:13:51,lombar,16636,-428,-1412,-181,-178,244,1210149
2026-05-19 20:13:51,esterno,2368,15000,4728,42,-261,-158,552716
2026-05-19 20:13:51,lombar,16640,-392,-1480,-223,-149,289,1210171
2026-05-19 20:13:51,esterno,2712,15288,4552,-219,-664,26,552738
2026-05-19 20:13:51,lombar,16596,-484,-1460,-298,-59,318,1210193
2026-05-19 20:13:51,esterno,2344,14984,3956,21,-365,83,552760
2026-05-19 20:13:51,lombar,16780,-488,-1564,-219,-98,313,1210215
2026-05-19 20:13:51,esterno,2532,15060,4156,214,-142,16,552782
2026-05-19 20:13:51,lombar,16784,-652,-1476,-11,-60,303,1210237
2026-05-19 20:13:51,esterno,2748,15204,4292,61,-1,-81,552804
2026-05-19 20:13:51,lombar,16604,-464,-1300,74,-13,284,1210259
2026-05-19 20:13:51,esterno,2532,15220,4452,-19,-20,-65,552826
2026-05-19 20:13:51,lombar,16616,-372,-1492,-92,-13,354,1210281
2026-05-19 20:13:51,esterno,2564,15168,4256,135,-61,-11,552848
2026-05-19 20:13:51,lombar,16664,-336,-1340,-145,-2,326,1210303
2026-05-19 20:13:51,esterno,2652,15052,4064,104,-3,-18,552870
2026-05-19 20:13:51,lombar,16672,-460,-1300,-83,-25,282,1210325
2026-05-19 20:13:51,esterno,2568,15092,4224,27,25,-38,552892
2026-05-19 20:13:51,lombar,16688,-484,-1180,-60,2,315,1210347
2026-05-19 20:13:51,esterno,2500,15104,4276,-12,-42,-43,552914
2026-05-19 20:13:51,lombar,16512,-516,-1112,-106,24,309,1210369
2026-05-19 20:13:51,esterno,2500,15228,3936,-85,77,-114,552936
2026-05-19 20:13:51,lombar,16768,-552,-1288,-180,6,363,1210391
2026-05-19 20:13:51,esterno,2472,15192,4104,-43,153,-125,552958
2026-05-19 20:13:51,lombar,16700,-452,-1100,-113,-1,420,1210413
2026-05-19 20:13:51,esterno,2444,14964,4140,-19,-13,-213,552980
2026-05-19 20:13:51,lombar,16688,-672,-1164,-49,60,416,1210435
2026-05-19 20:13:51,esterno,2552,15216,4088,-14,97,-234,553002
2026-05-19 20:13:51,lombar,16624,-436,-1128,53,196,367,1210457
2026-05-19 20:13:51,esterno,2448,15064,4132,-16,95,-286,553024
2026-05-19 20:13:51,lombar,16456,-184,-952,-90,200,507,1210479
2026-05-19 20:13:51,esterno,2384,15148,4036,58,-5,-286,553046
2026-05-19 20:13:51,lombar,16620,-312,-1172,-353,210,555,1210501
2026-05-19 20:13:51,esterno,2420,15088,4044,-15,-34,-257,553068
2026-05-19 20:13:51,lombar,16648,-496,-1192,-393,42,403,1210523
2026-05-19 20:13:51,esterno,2388,15124,4296,-40,-73,-299,553090
2026-05-19 20:13:51,lombar,16548,-400,-1256,-404,-47,458,1210545
2026-05-19 20:13:51,esterno,2424,15200,4200,-69,-96,-303,553112
2026-05-19 20:13:51,lombar,16592,-496,-1148,-438,-121,507,1210567
2026-05-19 20:13:51,esterno,2376,15280,4080,-45,-120,-271,553134
2026-05-19 20:13:51,lombar,16660,-452,-1308,-461,-224,455,1210589
2026-05-19 20:13:51,esterno,2264,15252,4132,-109,-171,-280,553156
2026-05-19 20:13:51,lombar,16680,-588,-1204,-427,-263,437,1210611
2026-05-19 20:13:51,esterno,2392,15232,4244,-122,-190,-275,553178
2026-05-19 20:13:51,lombar,16648,-668,-1136,-306,-289,412,1210633
2026-05-19 20:13:51,esterno,2512,15176,4216,-180,-347,-254,553200
2026-05-19 20:13:51,lombar,16648,-528,-1128,-180,-273,439,1210655
2026-05-19 20:13:51,esterno,2368,15192,4144,10,-293,-324,553222
2026-05-19 20:13:51,lombar,16544,-376,-952,-117,-183,339,1210677
2026-05-19 20:13:51,esterno,2356,15052,4320,18,-128,-354,553244
2026-05-19 20:13:51,lombar,16616,-356,-868,-137,-147,425,1210699
2026-05-19 20:13:51,esterno,2720,15340,3968,-285,-603,-112,553266
2026-05-19 20:13:51,lombar,16572,-312,-1084,-176,-115,501,1210721
2026-05-19 20:13:51,esterno,2104,14952,3652,17,-404,-65,553288
2026-05-19 20:13:51,lombar,16500,-364,-912,-175,-160,485,1210743
2026-05-19 20:13:51,esterno,2288,15108,3980,294,-242,-214,553310
2026-05-19 20:13:51,lombar,16632,-160,-1148,-407,-352,571,1210765
2026-05-19 20:13:51,esterno,2452,15388,4068,183,-297,-218,553332
2026-05-19 20:13:51,lombar,16704,-208,-1216,-603,-419,547,1210787
2026-05-19 20:13:51,esterno,2112,15408,4208,96,-449,-176,553354
2026-05-19 20:13:51,lombar,16680,-208,-1204,-909,-593,586,1210809
2026-05-19 20:13:51,esterno,2296,15300,4104,55,-670,-178,553376
2026-05-19 20:13:51,lombar,16664,-508,-1052,-996,-605,510,1210831
2026-05-19 20:13:51,esterno,2520,15380,4220,-92,-788,-159,553398
2026-05-19 20:13:51,lombar,16892,-496,-1084,-886,-615,463,1210853
2026-05-19 20:13:51,esterno,2584,15312,4036,-272,-850,-102,553420
2026-05-19 20:13:51,lombar,16796,-648,-1128,-705,-505,472,1210875
2026-05-19 20:13:51,esterno,2564,15344,3924,-420,-819,30,553442
2026-05-19 20:13:51,lombar,16632,-480,-1276,-504,-445,453,1210897
2026-05-19 20:13:51,esterno,2580,15304,3632,-295,-896,140,553464
2026-05-19 20:13:51,lombar,16732,-624,-1276,-469,-294,390,1210919
2026-05-19 20:13:51,esterno,2704,15072,3808,-64,-554,119,553486
2026-05-19 20:13:51,lombar,16760,-796,-1148,-295,-248,360,1210941
2026-05-19 20:13:51,esterno,2812,15156,3684,-83,-463,85,553508
2026-05-19 20:13:51,lombar,16780,-540,-1204,-108,-193,339,1210963
2026-05-19 20:13:52,esterno,2772,15416,3956,-37,-54,94,553530
2026-05-19 20:13:52,lombar,16716,-636,-1340,256,-181,414,1210985
2026-05-19 20:13:52,esterno,2560,15284,4292,-245,-34,275,553552
2026-05-19 20:13:52,lombar,16768,-804,-1196,191,-129,402,1211007
2026-05-19 20:13:52,esterno,2356,15148,4528,-180,28,68,553574
2026-05-19 20:13:52,lombar,16612,-640,-1088,44,-46,270,1211029
2026-05-19 20:13:52,esterno,2428,15180,4204,-234,149,-185,553596
2026-05-19 20:13:52,lombar,16588,-504,-984,188,-97,275,1211051
2026-05-19 20:13:52,esterno,2440,15088,3968,-266,7,-316,553618
2026-05-19 20:13:52,lombar,16500,-576,-960,283,-138,338,1211073
2026-05-19 20:13:52,esterno,2412,15112,3744,-383,75,-168,553640
2026-05-19 20:13:52,lombar,16564,-456,-992,262,-295,402,1211095
2026-05-19 20:13:52,esterno,2356,15144,3988,-388,-10,-118,553662
2026-05-19 20:13:52,lombar,16724,-460,-1036,129,-510,233,1211117
2026-05-19 20:13:52,esterno,2744,15128,3896,-303,-28,-110,553684
2026-05-19 20:13:52,lombar,16724,-352,-1368,118,-493,235,1211139
2026-05-19 20:13:52,esterno,2636,15448,4404,-274,51,-131,553706
2026-05-19 20:13:52,lombar,16728,-304,-1368,92,-384,291,1211161
2026-05-19 20:13:52,esterno,2252,15444,4416,-244,82,-109,553728
2026-05-19 20:13:52,lombar,16744,-448,-1324,44,-411,353,1211183
2026-05-19 20:13:52,esterno,2684,15372,3816,-377,61,69,553750
2026-05-19 20:13:52,lombar,16612,-528,-1304,-11,-413,466,1211205
2026-05-19 20:13:52,esterno,2540,15332,4000,-674,-26,230,553772
2026-05-19 20:13:52,lombar,16532,-460,-1256,-138,-441,470,1211227
2026-05-19 20:13:52,esterno,2780,14944,3424,-681,341,193,553794
2026-05-19 20:13:52,lombar,16536,-416,-992,-269,-592,449,1211249
2026-05-19 20:13:52,esterno,2984,14948,3148,-251,515,-60,553816
2026-05-19 20:13:52,lombar,16552,-440,-1336,-405,-771,393,1211271
2026-05-19 20:13:52,esterno,1096,14820,5588,-314,141,-104,553838
2026-05-19 20:13:52,lombar,16596,-680,-1292,-379,-896,273,1211293
2026-05-19 20:13:52,esterno,2760,15000,3648,-490,-367,-100,553860
2026-05-19 20:13:52,lombar,16676,-388,-1392,-245,-682,301,1211315
2026-05-19 20:13:52,esterno,2260,14700,3732,-450,-193,-306,553882
2026-05-19 20:13:52,lombar,16664,-432,-1368,-229,-530,482,1211337
2026-05-19 20:13:52,esterno,2244,15196,4472,-161,119,-563,553904
2026-05-19 20:13:52,lombar,16760,-520,-1028,-365,-551,490,1211359
2026-05-19 20:13:52,esterno,2436,15172,4600,-264,161,-555,553926
2026-05-19 20:13:52,lombar,16764,-436,-1716,-380,-422,422,1211381
2026-05-19 20:13:52,esterno,2532,14720,4444,15,-372,-534,553948
2026-05-19 20:13:52,lombar,16624,-484,-1556,-364,-57,533,1211403
2026-05-19 20:13:52,esterno,2516,14668,4016,462,-377,-391,553970
2026-05-19 20:13:52,lombar,16636,-972,-1164,-248,36,536,1211425
2026-05-19 20:13:52,esterno,2108,15084,4344,68,-458,-369,553992
2026-05-19 20:13:52,lombar,16476,-992,-1292,-89,-317,380,1211447
2026-05-19 20:13:52,esterno,2424,15040,4188,-37,-623,-776,554014
2026-05-19 20:13:52,lombar,16440,-788,-1708,60,-348,384,1211469
2026-05-19 20:13:52,esterno,2376,15184,4072,-75,-898,-866,554036
2026-05-19 20:13:52,lombar,16672,-480,-1696,-50,-126,469,1211491
2026-05-19 20:13:52,esterno,2348,15376,4288,-254,-972,-642,554058
2026-05-19 20:13:52,lombar,16848,-372,-1108,-309,-186,438,1211513
2026-05-19 20:13:52,esterno,2128,15484,4352,-505,-748,-429,554080
2026-05-19 20:13:52,lombar,16672,-452,-1236,-535,-317,461,1211535
2026-05-19 20:13:52,esterno,2960,15392,3860,-330,-1089,-460,554102
2026-05-19 20:13:52,lombar,16676,-572,-1200,-594,-469,547,1211557
2026-05-19 20:13:52,esterno,2304,15424,4432,-501,-1014,-336,554124
2026-05-19 20:13:52,lombar,16476,-856,-1324,-420,-519,450,1211579
2026-05-19 20:13:52,esterno,2016,15372,4412,-357,-1330,-218,554146
2026-05-19 20:13:52,lombar,16664,-768,-1428,-348,-675,464,1211601
2026-05-19 20:13:52,esterno,2084,15212,4140,-454,-1220,-76,554168
2026-05-19 20:13:52,lombar,16676,-616,-1144,-335,-689,400,1211623
2026-05-19 20:13:52,esterno,2264,15108,4196,-514,-1216,-42,554190
2026-05-19 20:13:52,lombar,16592,-700,-1376,-120,-1005,355,1211645
2026-05-19 20:13:52,esterno,2252,15216,4108,-582,-1100,-123,554212
2026-05-19 20:13:52,lombar,16460,-420,-1456,-72,-882,442,1211667
2026-05-19 20:13:52,esterno,2388,15212,4072,-607,-858,-218,554234
2026-05-19 20:13:52,lombar,16592,-296,-1608,-47,-717,614,1211689
2026-05-19 20:13:52,esterno,2400,15208,4208,-513,-716,-179,554256
2026-05-19 20:13:52,lombar,16520,-444,-1388,-283,-600,576,1211711
2026-05-19 20:13:52,esterno,2488,15184,4128,-447,-580,-183,554278
2026-05-19 20:13:52,lombar,16560,-592,-1272,-343,-730,506,1211733
2026-05-19 20:13:52,esterno,2444,15108,4160,-560,-579,-136,554300
2026-05-19 20:13:52,lombar,16524,-684,-1436,-327,-721,535,1211755
2026-05-19 20:13:52,esterno,2408,15032,4044,-604,-483,-175,554322
2026-05-19 20:13:52,lombar,16452,-756,-1512,-133,-661,491,1211777
2026-05-19 20:13:52,esterno,2180,15040,4088,-610,-414,-177,554344
2026-05-19 20:13:52,lombar,16756,-656,-1480,-90,-609,519,1211799
2026-05-19 20:13:52,esterno,2296,15100,4108,-573,-280,-127,554366
2026-05-19 20:13:52,lombar,16684,-648,-1380,-128,-611,514,1211821
2026-05-19 20:13:52,esterno,2600,15212,3968,-689,-144,5,554388
2026-05-19 20:13:52,lombar,16684,-688,-1504,-206,-704,328,1211843
2026-05-19 20:13:52,esterno,2400,15220,4544,-420,-120,-63,554410
2026-05-19 20:13:52,lombar,16616,-708,-1476,-202,-687,387,1211865
2026-05-19 20:13:52,esterno,2176,15024,4324,-265,298,-245,554432
2026-05-19 20:13:52,lombar,16632,-632,-1712,-147,-658,271,1211887
2026-05-19 20:13:52,esterno,2464,15304,4876,-664,-632,-82,554454
2026-05-19 20:13:52,lombar,16480,-552,-1744,-65,-556,303,1211909
2026-05-19 20:13:52,esterno,2360,15116,3960,-456,-730,161,554476
2026-05-19 20:13:52,lombar,16540,-536,-1564,-1,-467,384,1211931
2026-05-19 20:13:52,esterno,2116,14960,4004,-51,-135,93,554498
2026-05-19 20:13:52,lombar,16548,-568,-1496,-162,-557,412,1211953
2026-05-19 20:13:52,esterno,2600,15104,4392,-120,100,-42,554520
2026-05-19 20:13:53,lombar,16632,-656,-1604,-324,-487,430,1211975
2026-05-19 20:13:53,esterno,2608,15268,4280,-410,-137,75,554542
2026-05-19 20:13:53,lombar,16660,-732,-1648,-251,-567,404,1211997
2026-05-19 20:13:53,esterno,2436,15076,4500,-431,-182,44,554564
2026-05-19 20:13:53,lombar,16540,-608,-1576,-45,-543,382,1212019
2026-05-19 20:13:53,esterno,2140,14912,4244,-504,-242,85,554586
2026-05-19 20:13:53,lombar,16468,-632,-1680,-26,-529,472,1212041
2026-05-19 20:13:53,esterno,2096,14932,4428,-514,-310,69,554608
2026-05-19 20:13:53,lombar,16648,-760,-1688,-312,-434,511,1212063
2026-05-19 20:13:53,esterno,2344,15128,4504,-387,-288,77,554630
2026-05-19 20:13:53,lombar,16788,-884,-1528,-357,-452,412,1212085
2026-05-19 20:13:53,esterno,2648,15168,4116,-492,-329,54,554652
2026-05-19 20:13:53,lombar,16640,-676,-1544,-230,-613,421,1212107
2026-05-19 20:13:53,esterno,2432,15032,4360,-540,-515,19,554674
2026-05-19 20:13:53,lombar,16568,-548,-1872,-182,-650,467,1212129
2026-05-19 20:13:53,esterno,2120,14756,4432,-611,-250,-52,554696
2026-05-19 20:13:53,lombar,16560,-708,-1880,-300,-425,559,1212151
2026-05-19 20:13:53,esterno,2640,15048,4452,-392,-304,-54,554718
2026-05-19 20:13:53,lombar,16652,-780,-1604,-266,-403,462,1212173
2026-05-19 20:13:53,esterno,2880,15064,4288,-546,-184,23,554740
2026-05-19 20:13:53,lombar,16696,-988,-1628,-333,-420,404,1212195
2026-05-19 20:13:53,esterno,2808,14984,4432,-413,-211,30,554762
2026-05-19 20:13:53,lombar,16744,-788,-1860,-244,-274,329,1212217
2026-05-19 20:13:53,esterno,2864,15012,4344,-291,42,134,554784
2026-05-19 20:13:53,lombar,16492,-784,-1936,156,-231,408,1212239
2026-05-19 20:13:53,esterno,2624,14820,4492,-12,251,212,554806
2026-05-19 20:13:53,lombar,16728,-768,-1724,360,-73,467,1212261
2026-05-19 20:13:53,esterno,2512,14852,4356,262,356,184,554828
2026-05-19 20:13:53,lombar,16512,-856,-1552,434,-48,489,1212283
2026-05-19 20:13:53,esterno,2500,14924,4380,194,594,213,554850
2026-05-19 20:13:53,lombar,16524,-716,-1536,528,-60,510,1212305
2026-05-19 20:13:53,esterno,2780,15084,4548,119,738,297,554872
2026-05-19 20:13:53,lombar,16652,-768,-1868,577,113,473,1212327
2026-05-19 20:13:53,esterno,3004,14932,4244,-53,818,270,554894
2026-05-19 20:13:53,lombar,16552,-648,-1920,697,172,488,1212349
2026-05-19 20:13:53,esterno,2400,14996,4496,64,814,235,554916
2026-05-19 20:13:53,lombar,16460,-808,-2088,770,98,494,1212371
2026-05-19 20:13:53,esterno,2364,14844,4232,68,1029,59,554938
2026-05-19 20:13:53,lombar,16692,-788,-1564,758,81,455,1212393
2026-05-19 20:13:53,esterno,2412,15028,4548,-3,965,-25,554960
2026-05-19 20:13:53,lombar,16616,-700,-1540,805,-77,496,1212415
2026-05-19 20:13:53,esterno,2772,15116,4104,-56,892,54,554982
2026-05-19 20:13:53,lombar,16556,-724,-1812,798,-80,492,1212437
2026-05-19 20:13:53,esterno,2368,15156,4652,-254,796,309,555004
2026-05-19 20:13:53,lombar,16648,-768,-1596,765,-2,380,1212459
2026-05-19 20:13:53,esterno,2052,15312,4968,-8,858,-207,555026
2026-05-19 20:13:53,lombar,16508,-592,-1680,655,8,344,1212481
2026-05-19 20:13:53,lombar,16592,-440,-1560,451,2,379,1212503
2026-05-19 20:13:53,lombar,16504,-532,-1564,246,-107,345,1212525
2026-05-19 20:13:53,esterno,2432,15112,3512,-92,894,-131,555048
2026-05-19 20:13:53,esterno,2548,14912,5296,-320,290,-181,555070
2026-05-19 20:13:53,esterno,6616,15036,1256,-832,267,191,555092
2026-05-19 20:13:53,lombar,16472,-668,-1356,36,-239,292,1212547
2026-05-19 20:13:53,esterno,2604,14588,4080,-177,131,75,555114
2026-05-19 20:13:53,lombar,16636,-780,-1880,54,-356,185,1212569
2026-05-19 20:13:53,esterno,1916,15168,4852,48,-67,15,555136
2026-05-19 20:13:53,lombar,16552,-752,-1296,11,-253,233,1212591
2026-05-19 20:13:53,esterno,2536,15052,4312,-508,-420,161,555158
2026-05-19 20:13:53,lombar,16676,-572,-1452,-264,-465,244,1212613
2026-05-19 20:13:53,esterno,2156,15068,4932,-594,-1120,231,555180
2026-05-19 20:13:53,lombar,16376,-488,-1440,-556,-456,265,1212635
2026-05-19 20:13:53,esterno,2040,15144,5120,-546,-1186,211,555202
2026-05-19 20:13:53,lombar,16404,-720,-1332,-507,-541,301,1212657
2026-05-19 20:13:53,esterno,2872,14912,4332,-606,-955,149,555224
2026-05-19 20:13:53,lombar,16672,-688,-1452,-387,-535,383,1212679
2026-05-19 20:13:53,esterno,2528,14880,4716,-523,-1263,308,555246
2026-05-19 20:13:53,lombar,16588,-520,-1828,-354,-555,397,1212701
2026-05-19 20:13:53,esterno,2900,15044,4680,-679,-916,444,555268
2026-05-19 20:13:53,lombar,16556,-556,-1872,-362,-525,335,1212723
2026-05-19 20:13:53,esterno,2816,15008,4772,-632,-767,739,555290
2026-05-19 20:13:53,lombar,16556,-836,-2068,-232,-512,367,1212745
2026-05-19 20:13:53,esterno,2260,15068,4460,-462,-339,763,555312
2026-05-19 20:13:53,lombar,16740,-952,-2272,-99,-494,301,1212767
2026-05-19 20:13:53,esterno,2268,15120,4872,-405,-773,503,555334
2026-05-19 20:13:53,lombar,16712,-976,-1896,96,-566,311,1212789
2026-05-19 20:13:53,esterno,2528,15076,4740,-461,-485,387,555356
2026-05-19 20:13:53,lombar,16460,-980,-1884,143,-633,222,1212811
2026-05-19 20:13:53,esterno,2416,15092,4912,-602,-694,363,555378
2026-05-19 20:13:53,lombar,16468,-824,-1784,-71,-756,192,1212833
2026-05-19 20:13:53,esterno,2404,14916,4864,-506,-775,140,555400
2026-05-19 20:13:53,lombar,16392,-784,-1684,-253,-838,-36,1212855
2026-05-19 20:13:53,esterno,2176,14640,5132,-853,-697,9,555422
2026-05-19 20:13:53,lombar,16464,-648,-1516,-436,-800,-37,1212877
2026-05-19 20:13:53,esterno,2860,14912,4744,-802,-643,-158,555444
2026-05-19 20:13:53,lombar,16464,-736,-1716,-452,-691,89,1212899
2026-05-19 20:13:53,esterno,2204,15164,5500,-1022,-464,-112,555466
2026-05-19 20:13:53,lombar,16684,-904,-2128,-115,-751,265,1212921
2026-05-19 20:13:53,esterno,3004,14652,4528,-949,-649,2,555488
2026-05-19 20:13:53,lombar,16620,-616,-2032,-95,-728,277,1212943
2026-05-19 20:13:53,esterno,3244,14856,4588,-577,-635,24,555510
2026-05-19 20:13:54,lombar,16448,-384,-1816,-129,-757,362,1212965
2026-05-19 20:13:54,esterno,3220,14876,4724,-773,-252,52,555532
2026-05-19 20:13:54,lombar,16360,-444,-1780,-371,-715,425,1212987
2026-05-19 20:13:54,esterno,3732,14940,4624,-146,-153,170,555554
2026-05-19 20:13:54,lombar,16536,-676,-1884,-189,-791,357,1213009
2026-05-19 20:13:54,esterno,3104,14844,4716,-319,-143,209,555576
2026-05-19 20:13:54,lombar,16704,-820,-2040,-53,-676,508,1213031
2026-05-19 20:13:54,esterno,3060,14728,4524,-306,-94,130,555598
2026-05-19 20:13:54,lombar,16620,-828,-1776,-5,-546,441,1213053
2026-05-19 20:13:54,esterno,3236,14772,4668,-397,160,10,555620
2026-05-19 20:13:54,lombar,16684,-796,-1860,20,-498,420,1213075
2026-05-19 20:13:54,esterno,3236,14884,4808,-395,338,-21,555642
2026-05-19 20:13:54,lombar,16568,-692,-1792,140,-521,461,1213097
2026-05-19 20:13:54,esterno,3028,14860,4900,-277,499,57,555664
2026-05-19 20:13:54,lombar,16480,-800,-1940,169,-538,496,1213119
2026-05-19 20:13:54,esterno,2956,14656,4712,-216,1081,12,555686
2026-05-19 20:13:54,lombar,16624,-876,-2024,260,-542,372,1213141
2026-05-19 20:13:54,esterno,3376,15124,4640,-606,722,218,555708
2026-05-19 20:13:54,lombar,16684,-804,-2184,352,-482,399,1213163
2026-05-19 20:13:54,esterno,2820,14680,4620,-298,685,268,555730
2026-05-19 20:13:54,lombar,16604,-660,-2144,606,-317,363,1213185
2026-05-19 20:13:54,esterno,3028,14740,4676,16,900,51,555752
2026-05-19 20:13:54,lombar,16596,-752,-2120,704,-230,430,1213207
2026-05-19 20:13:54,esterno,2996,14680,4820,27,1091,-41,555774
2026-05-19 20:13:54,lombar,16632,-836,-2016,857,-200,362,1213229
2026-05-19 20:13:54,esterno,2560,14916,4944,-83,975,40,555796
2026-05-19 20:13:54,lombar,16492,-476,-2176,806,-210,393,1213251
2026-05-19 20:13:54,esterno,2792,14944,4860,46,816,84,555818
2026-05-19 20:13:54,lombar,16508,-544,-1848,583,-240,399,1213273
2026-05-19 20:13:54,esterno,2860,14972,5072,149,788,-53,555840
2026-05-19 20:13:54,lombar,16580,-740,-2124,488,-331,334,1213295
2026-05-19 20:13:54,esterno,2636,14792,5076,142,848,-83,555862
2026-05-19 20:13:54,lombar,16616,-780,-2016,568,-350,274,1213317
2026-05-19 20:13:54,esterno,2372,15016,5596,255,543,-1,555884
2026-05-19 20:13:54,lombar,16536,-724,-2084,478,-333,170,1213339
2026-05-19 20:13:54,esterno,2788,15140,5168,396,289,254,555906
2026-05-19 20:13:54,lombar,16448,-636,-1952,412,-420,121,1213361
2026-05-19 20:13:54,esterno,2892,14860,4172,789,472,421,555928
2026-05-19 20:13:54,lombar,16556,-752,-1908,314,-450,101,1213383
2026-05-19 20:13:54,esterno,3040,14548,3824,850,1167,152,555950
2026-05-19 20:13:54,lombar,16464,-936,-1936,357,-520,23,1213405
2026-05-19 20:13:54,esterno,3724,15004,4120,135,577,-192,555972
2026-05-19 20:13:54,lombar,16520,-856,-2044,425,-486,-34,1213427
2026-05-19 20:13:54,esterno,2924,15108,4508,-4,579,-6,555994
2026-05-19 20:13:54,lombar,16568,-656,-2088,419,-525,17,1213449
2026-05-19 20:13:54,esterno,2464,15044,5288,-158,110,-82,556016
2026-05-19 20:13:54,lombar,16580,-628,-2172,146,-536,108,1213471
2026-05-19 20:13:54,esterno,2704,15184,4816,-397,-41,-100,556038
2026-05-19 20:13:54,lombar,16652,-536,-2264,-66,-548,81,1213493
2026-05-19 20:13:54,esterno,2688,14952,4796,-480,-196,-47,556060
2026-05-19 20:13:54,lombar,16592,-692,-2028,-124,-447,194,1213515
2026-05-19 20:13:54,esterno,2824,14736,4720,-469,-247,-9,556082
2026-05-19 20:13:54,lombar,16564,-652,-1992,-178,-417,264,1213537
2026-05-19 20:13:54,esterno,2816,14916,4688,-494,-299,95,556104
2026-05-19 20:13:54,lombar,16436,-676,-2220,-264,-450,314,1213559
2026-05-19 20:13:54,esterno,2980,14848,4864,-368,-211,175,556126
2026-05-19 20:13:54,lombar,16616,-624,-2152,-317,-460,384,1213581
2026-05-19 20:13:54,esterno,3120,14780,4928,-327,-139,59,556148
2026-05-19 20:13:54,lombar,16488,-676,-2144,-305,-526,499,1213603
2026-05-19 20:13:54,esterno,2832,14628,4928,-188,-71,68,556170
2026-05-19 20:13:54,lombar,16460,-684,-2156,-282,-436,511,1213625
2026-05-19 20:13:54,esterno,2552,14644,5208,-3,-80,59,556192
2026-05-19 20:13:54,lombar,16508,-664,-2120,-410,-335,545,1213647
2026-05-19 20:13:54,esterno,2972,14692,4936,15,-101,97,556214
2026-05-19 20:13:54,lombar,16696,-728,-2108,-508,-265,511,1213669
2026-05-19 20:13:54,esterno,2724,14944,5124,115,-182,97,556236
2026-05-19 20:13:54,lombar,16624,-664,-2152,-466,-208,450,1213691
2026-05-19 20:13:54,esterno,2608,14840,5212,194,-252,-21,556258
2026-05-19 20:13:54,lombar,16512,-704,-2324,-394,-176,479,1213713
2026-05-19 20:13:54,esterno,2788,14780,4848,64,-283,-58,556280
2026-05-19 20:13:54,lombar,16540,-660,-2376,-363,-123,399,1213735
2026-05-19 20:13:54,esterno,2848,14784,4912,162,-361,-23,556302
2026-05-19 20:13:54,lombar,16464,-804,-2244,-402,-90,389,1213757
2026-05-19 20:13:54,esterno,2968,14980,5088,88,-353,20,556324
2026-05-19 20:13:54,lombar,16532,-796,-2488,-415,-52,291,1213779
2026-05-19 20:13:54,esterno,2948,15176,4856,9,-348,35,556346
2026-05-19 20:13:54,lombar,16536,-832,-2312,-378,-49,312,1213801
2026-05-19 20:13:54,esterno,2972,14964,5088,201,-357,-62,556368
2026-05-19 20:13:54,lombar,16576,-788,-2292,-283,-111,234,1213823
2026-05-19 20:13:54,esterno,2632,14768,5308,159,30,-162,556390
2026-05-19 20:13:54,lombar,16600,-808,-2316,-247,-128,209,1213845
2026-05-19 20:13:54,esterno,3108,15000,5240,-258,-370,47,556412
2026-05-19 20:13:54,lombar,16520,-740,-2100,-99,-110,179,1213867
2026-05-19 20:13:54,esterno,2836,14736,4320,13,-275,181,556434
2026-05-19 20:13:54,lombar,16496,-604,-2304,4,-19,230,1213889
2026-05-19 20:13:54,esterno,3044,14896,4672,328,105,22,556456
2026-05-19 20:13:54,lombar,16656,-624,-2072,105,-14,202,1213911
2026-05-19 20:13:54,esterno,3188,14956,4536,340,440,-113,556478
2026-05-19 20:13:54,lombar,16548,-592,-2040,98,55,280,1213933
2026-05-19 20:13:54,esterno,2924,14976,4680,135,184,88,556500
2026-05-19 20:13:54,lombar,16376,-560,-2016,-69,-2,248,1213955
2026-05-19 20:13:54,esterno,3124,15052,4608,111,172,242,556522
2026-05-19 20:13:55,lombar,16400,-628,-1984,25,-105,199,1213977
2026-05-19 20:13:55,esterno,3156,15060,4336,218,354,284,556544
2026-05-19 20:13:55,lombar,16612,-868,-1952,284,-107,108,1213999
2026-05-19 20:13:55,esterno,3028,14820,4584,126,544,222,556566
2026-05-19 20:13:55,lombar,16584,-712,-2088,422,-46,197,1214021
2026-05-19 20:13:55,esterno,2972,14940,4596,-60,479,215,556588
2026-05-19 20:13:55,lombar,16424,-636,-2032,299,-52,192,1214043
2026-05-19 20:13:55,esterno,3104,15008,4424,-76,484,305,556610
2026-05-19 20:13:55,lombar,16632,-648,-2056,299,-55,180,1214065
2026-05-19 20:13:55,esterno,3144,15012,4544,-36,547,328,556632
2026-05-19 20:13:55,lombar,16468,-668,-1944,361,-152,156,1214087
2026-05-19 20:13:55,esterno,2700,14824,4764,-116,653,238,556654
2026-05-19 20:13:55,lombar,16444,-668,-1988,438,-171,199,1214109
2026-05-19 20:13:55,esterno,3236,14928,4316,-51,524,153,556676
2026-05-19 20:13:55,lombar,16476,-552,-1952,548,-203,161,1214131
2026-05-19 20:13:55,esterno,3104,14940,4632,-170,699,215,556698
2026-05-19 20:13:55,lombar,16500,-496,-2172,584,-219,217,1214153
2026-05-19 20:13:55,esterno,3352,14812,4512,-108,574,166,556720
2026-05-19 20:13:55,lombar,16492,-452,-1928,409,-264,195,1214175
2026-05-19 20:13:55,esterno,3064,15120,4548,-132,606,100,556742
2026-05-19 20:13:55,lombar,16452,-504,-2124,390,-348,300,1214197
2026-05-19 20:13:55,esterno,3180,14924,4436,-265,629,34,556764
2026-05-19 20:13:55,lombar,16460,-524,-1968,421,-304,273,1214219
2026-05-19 20:13:55,esterno,3016,14960,4604,-325,592,69,556786
2026-05-19 20:13:55,lombar,16472,-456,-2016,363,-306,358,1214241
2026-05-19 20:13:55,esterno,3168,15032,4396,-262,517,132,556808
2026-05-19 20:13:55,lombar,16700,-384,-2004,260,-383,334,1214263
2026-05-19 20:13:55,esterno,2856,14964,4812,-222,433,89,556830
2026-05-19 20:13:55,lombar,16608,-600,-2088,182,-485,396,1214285
2026-05-19 20:13:55,esterno,2948,14964,4712,-237,389,-44,556852
2026-05-19 20:13:55,lombar,16588,-736,-1920,180,-445,393,1214307
2026-05-19 20:13:55,esterno,3044,14848,4788,-190,319,-66,556874
2026-05-19 20:13:55,lombar,16452,-592,-2156,190,-418,335,1214329
2026-05-19 20:13:55,esterno,2856,14928,4784,-186,339,4,556896
2026-05-19 20:13:55,lombar,16536,-568,-2148,189,-388,425,1214351
2026-05-19 20:13:55,esterno,2920,14868,4676,-201,289,-28,556918
2026-05-19 20:13:55,lombar,16608,-500,-2052,145,-374,422,1214373
2026-05-19 20:13:55,esterno,2896,14928,4680,-165,276,-160,556940
2026-05-19 20:13:55,lombar,16644,-488,-2176,137,-360,427,1214395
2026-05-19 20:13:55,esterno,2776,14900,4700,-233,224,-231,556962
2026-05-19 20:13:55,lombar,16564,-504,-1916,51,-370,422,1214417
2026-05-19 20:13:55,esterno,2908,14884,4672,-215,235,-248,556984
2026-05-19 20:13:55,lombar,16540,-548,-2132,78,-303,444,1214439
2026-05-19 20:13:55,esterno,2864,14932,4624,-285,251,-185,557006
2026-05-19 20:13:55,lombar,16488,-496,-2072,72,-329,466,1214461
2026-05-19 20:13:55,esterno,2924,15040,4752,-387,195,-166,557028
2026-05-19 20:13:55,lombar,16432,-572,-1948,-20,-345,426,1214483
2026-05-19 20:13:55,esterno,2932,15040,4588,-455,112,-138,557050
2026-05-19 20:13:55,lombar,16556,-528,-2012,-65,-398,504,1214505
2026-05-19 20:13:55,esterno,2880,14840,4628,-374,114,-144,557072
2026-05-19 20:13:55,lombar,16444,-636,-2052,-197,-402,452,1214527
2026-05-19 20:13:55,esterno,2632,14776,3856,-168,563,-246,557094
2026-05-19 20:13:55,lombar,16508,-676,-1956,-122,-480,427,1214549
2026-05-19 20:13:55,esterno,3080,15068,4868,-259,-97,-227,557116
2026-05-19 20:13:55,lombar,16600,-836,-2112,-125,-479,494,1214571
2026-05-19 20:13:55,esterno,2924,15012,4708,-420,-292,22,557138
2026-05-19 20:13:55,lombar,16516,-696,-2240,-35,-417,418,1214593
2026-05-19 20:13:55,esterno,2584,14800,4508,-170,73,-98,557160
2026-05-19 20:13:55,lombar,16512,-664,-2180,14,-350,357,1214615
2026-05-19 20:13:55,esterno,2988,14916,4752,63,259,-202,557182
2026-05-19 20:13:55,lombar,16560,-728,-1944,66,-371,392,1214637
2026-05-19 20:13:55,esterno,2924,14992,4532,-100,284,-45,557204
2026-05-19 20:13:55,lombar,16460,-496,-2024,15,-318,424,1214659
2026-05-19 20:13:55,esterno,2684,14972,4884,-141,19,118,557226
2026-05-19 20:13:55,lombar,16320,-556,-1984,-80,-256,372,1214681
2026-05-19 20:13:55,esterno,2940,15004,4624,-83,84,123,557248
2026-05-19 20:13:55,lombar,16684,-696,-2096,-20,-347,279,1214703
2026-05-19 20:13:55,esterno,2896,14964,4536,-102,166,96,557270
2026-05-19 20:13:55,lombar,16644,-752,-2152,131,-329,356,1214725
2026-05-19 20:13:55,esterno,2812,14980,4636,-234,226,128,557292
2026-05-19 20:13:55,lombar,16460,-564,-2084,74,-321,266,1214747
2026-05-19 20:13:55,esterno,2964,15028,4728,-254,120,152,557314
2026-05-19 20:13:55,lombar,16408,-624,-2208,36,-326,297,1214769
2026-05-19 20:13:55,esterno,2912,15020,4464,-326,182,206,557336
2026-05-19 20:13:55,lombar,16572,-592,-2072,34,-365,310,1214791
2026-05-19 20:13:55,esterno,2888,14900,4276,-367,378,187,557358
2026-05-19 20:13:55,lombar,16468,-700,-2100,56,-376,340,1214813
2026-05-19 20:13:55,esterno,2784,14792,4684,-338,37,103,557380
2026-05-19 20:13:55,lombar,16572,-592,-2180,170,-340,284,1214835
2026-05-19 20:13:55,esterno,3128,15196,4604,-326,235,144,557402
2026-05-19 20:13:55,lombar,16528,-688,-2032,303,-307,253,1214857
2026-05-19 20:13:55,esterno,2832,14864,4768,-343,109,277,557424
2026-05-19 20:13:55,lombar,16504,-700,-1880,265,-315,280,1214879
2026-05-19 20:13:55,esterno,3076,14748,4820,-193,-28,176,557446
2026-05-19 20:13:55,lombar,16392,-648,-2132,119,-266,283,1214901
2026-05-19 20:13:55,esterno,2976,14992,4672,-271,0,194,557468
2026-05-19 20:13:55,lombar,16504,-728,-2052,227,-266,196,1214923
2026-05-19 20:13:55,esterno,2992,14920,4824,-273,4,212,557490
2026-05-19 20:13:55,lombar,16520,-628,-2260,245,-271,267,1214945
2026-05-19 20:13:55,esterno,2812,14912,4960,-301,0,218,557512
2026-05-19 20:13:56,lombar,16464,-716,-2116,235,-287,216,1214967
2026-05-19 20:13:56,esterno,2812,14904,4888,-356,6,165,557534
2026-05-19 20:13:56,lombar,16460,-624,-2116,264,-239,263,1214989
2026-05-19 20:13:56,esterno,2920,14908,4652,-319,-67,157,557556
2026-05-19 20:13:56,lombar,16472,-648,-2156,237,-240,195,1215011
2026-05-19 20:13:56,esterno,3108,14728,4916,-337,-121,132,557578
2026-05-19 20:13:56,lombar,16508,-628,-2136,74,-229,186,1215033
2026-05-19 20:13:56,lombar,16612,-516,-2116,55,-193,171,1215055
2026-05-19 20:13:56,esterno,2788,14820,4804,-355,-167,98,557600
2026-05-19 20:13:56,esterno,2796,14988,5024,-291,-201,93,557622
2026-05-19 20:13:56,lombar,16668,-496,-2148,87,-316,267,1215077
2026-05-19 20:13:56,esterno,2184,14932,5776,-248,-340,-3,557644
2026-05-19 20:13:56,lombar,16492,-636,-2120,34,-374,292,1215099
2026-05-19 20:13:56,esterno,3416,14804,4664,-187,-109,-76,557666
2026-05-19 20:13:56,lombar,16568,-664,-2132,-5,-321,303,1215121
2026-05-19 20:13:56,esterno,3252,14760,4584,-185,-72,23,557688
2026-05-19 20:13:56,lombar,16484,-624,-2284,-8,-267,275,1215143
2026-05-19 20:13:56,esterno,3380,14844,4552,-149,-80,93,557710
2026-05-19 20:13:56,lombar,16608,-596,-2312,19,-255,274,1215165
2026-05-19 20:13:56,esterno,2956,14968,5068,-231,-79,192,557732
2026-05-19 20:13:56,lombar,16688,-544,-2048,41,-254,234,1215187
2026-05-19 20:13:56,esterno,2892,14956,5192,-290,-57,50,557754
2026-05-19 20:13:56,lombar,16644,-764,-2132,85,-247,192,1215209
2026-05-19 20:13:56,esterno,3156,14888,4692,-260,35,74,557776
2026-05-19 20:13:56,lombar,16524,-756,-2140,150,-261,230,1215231
2026-05-19 20:13:56,esterno,3180,14784,4108,-27,464,75,557798
2026-05-19 20:13:56,lombar,16584,-428,-1924,216,-241,282,1215253
2026-05-19 20:13:56,esterno,3792,14992,4888,-353,-32,115,557820
2026-05-19 20:13:56,lombar,16636,-480,-1900,37,-233,270,1215275
2026-05-19 20:13:56,esterno,3700,15220,4388,-613,-377,455,557842
2026-05-19 20:13:56,lombar,16556,-604,-2328,31,-208,298,1215297
2026-05-19 20:13:56,esterno,2680,14752,4564,-367,-260,204,557864
2026-05-19 20:13:56,lombar,16604,-716,-2140,266,-124,223,1215319
2026-05-19 20:13:56,esterno,3200,14884,4964,-419,-116,-9,557886
2026-05-19 20:13:56,lombar,16644,-632,-2192,468,-22,258,1215341
2026-05-19 20:13:56,esterno,3220,14968,4756,-587,36,70,557908
2026-05-19 20:13:56,lombar,16488,-412,-2092,416,78,325,1215363
2026-05-19 20:13:56,esterno,3100,14844,5268,-584,-230,189,557930
2026-05-19 20:13:56,lombar,16368,-364,-2156,169,-36,360,1215385
2026-05-19 20:13:56,esterno,3168,14776,4916,-495,-45,123,557952
2026-05-19 20:13:56,lombar,16484,-668,-2108,42,-121,349,1215407
2026-05-19 20:13:56,esterno,3276,14608,4660,-425,82,-83,557974
2026-05-19 20:13:56,lombar,16576,-712,-1848,202,-76,318,1215429
2026-05-19 20:13:56,esterno,3208,14708,4964,-373,117,-119,557996
2026-05-19 20:13:56,lombar,16468,-396,-1912,158,-67,342,1215451
2026-05-19 20:13:56,esterno,3168,15000,5248,-316,-30,-50,558018
2026-05-19 20:13:56,lombar,16588,-480,-2244,3,-30,392,1215473
2026-05-19 20:13:56,esterno,2980,14824,4800,-391,50,-91,558040
2026-05-19 20:13:56,lombar,16572,-572,-1900,-38,40,448,1215495
2026-05-19 20:13:56,esterno,3156,14896,4860,-315,-24,-205,558062
2026-05-19 20:13:56,lombar,16584,-700,-1944,-11,78,402,1215517
2026-05-19 20:13:56,esterno,2888,14760,5196,-293,-189,-309,558084
2026-05-19 20:13:56,lombar,16516,-644,-1960,40,56,393,1215539
2026-05-19 20:13:56,esterno,3204,14988,5020,-321,-25,-313,558106
2026-05-19 20:13:56,lombar,16460,-664,-1864,38,8,358,1215561
2026-05-19 20:13:56,esterno,3204,14864,4920,-362,-124,-224,558128
2026-05-19 20:13:56,lombar,16636,-340,-2132,-33,-41,481,1215583
2026-05-19 20:13:56,esterno,3224,15068,5048,-345,-315,-213,558150
2026-05-19 20:13:56,lombar,16600,-504,-1984,-179,-47,470,1215605
2026-05-19 20:13:56,esterno,3044,14880,5252,-559,-148,-296,558172
2026-05-19 20:13:56,lombar,16644,-768,-2080,-127,-89,339,1215627
2026-05-19 20:13:56,esterno,3212,14788,5124,-644,128,-426,558194
2026-05-19 20:13:56,lombar,16552,-628,-2080,-42,-81,395,1215649
2026-05-19 20:13:56,esterno,3176,14596,4968,-689,-34,-327,558216
2026-05-19 20:13:56,lombar,16504,-264,-1764,-84,-73,520,1215671
2026-05-19 20:13:56,esterno,2968,14640,4808,-519,-113,-212,558238
2026-05-19 20:13:56,lombar,16412,-480,-1796,-76,-154,594,1215693
2026-05-19 20:13:56,esterno,3140,14596,4828,-348,-195,-243,558260
2026-05-19 20:13:56,lombar,16568,-536,-1772,-169,-135,535,1215715
2026-05-19 20:13:56,esterno,2652,14788,5304,-471,-138,-387,558282
2026-05-19 20:13:56,lombar,16552,-536,-1804,-326,-121,591,1215737
2026-05-19 20:13:56,esterno,3004,14832,5232,-440,-147,-419,558304
2026-05-19 20:13:56,lombar,16464,-460,-1848,-282,-164,524,1215759
2026-05-19 20:13:56,esterno,3080,14496,4880,-506,-100,-480,558326
2026-05-19 20:13:56,lombar,16616,-596,-1748,-375,-249,562,1215781
2026-05-19 20:13:56,esterno,2624,14556,5032,-472,-130,-390,558348
2026-05-19 20:13:56,lombar,16496,-588,-1744,-414,-314,508,1215803
2026-05-19 20:13:56,esterno,2960,14808,5048,-357,-290,-337,558370
2026-05-19 20:13:56,lombar,16500,-368,-1792,-385,-319,507,1215825
2026-05-19 20:13:56,esterno,3036,14664,4808,-408,-112,-316,558392
2026-05-19 20:13:56,lombar,16416,-436,-1648,-368,-343,568,1215847
2026-05-19 20:13:56,esterno,3052,14620,4852,-300,-51,-195,558414
2026-05-19 20:13:56,lombar,16384,-560,-1656,-378,-445,584,1215869
2026-05-19 20:13:56,esterno,2976,14728,4740,88,-221,-264,558436
2026-05-19 20:13:56,lombar,16412,-692,-1632,-511,-427,444,1215891
2026-05-19 20:13:56,esterno,2792,14532,5040,-97,-19,-319,558458
2026-05-19 20:13:56,lombar,16536,-744,-1720,-589,-440,382,1215913
2026-05-19 20:13:56,esterno,3224,14796,5400,-220,-831,-180,558480
2026-05-19 20:13:56,lombar,16512,-596,-1904,-530,-470,385,1215935
2026-05-19 20:13:56,esterno,2956,14816,4668,-51,-692,-195,558502
2026-05-19 20:13:56,lombar,16528,-412,-1900,-510,-379,449,1215957
2026-05-19 20:13:56,esterno,2944,14576,5028,250,-292,-262,558524
2026-05-19 20:13:57,lombar,16680,-656,-1892,-616,-353,520,1215979
2026-05-19 20:13:57,esterno,3124,14840,5204,147,-242,-274,558546
2026-05-19 20:13:57,lombar,16656,-676,-1792,-616,-320,341,1216001
2026-05-19 20:13:57,esterno,3124,14812,5016,-30,-289,-237,558568
2026-05-19 20:13:57,lombar,16536,-564,-2056,-578,-263,372,1216023
2026-05-19 20:13:57,esterno,3124,14876,5348,-99,-373,-173,558590
2026-05-19 20:13:57,lombar,16468,-552,-1932,-563,-304,330,1216045
2026-05-19 20:13:57,esterno,3192,14772,5224,-90,-422,-93,558612
2026-05-19 20:13:57,lombar,16496,-728,-2040,-507,-390,212,1216067
2026-05-19 20:13:57,esterno,3028,14716,4852,-116,-371,-107,558634
2026-05-19 20:13:57,lombar,16608,-732,-1888,-567,-294,250,1216089
2026-05-19 20:13:57,esterno,3008,14640,5024,-50,-285,-123,558656
2026-05-19 20:13:57,lombar,16588,-660,-1964,-585,-329,192,1216111
2026-05-19 20:13:57,esterno,3188,14936,5236,-102,-333,-139,558678
2026-05-19 20:13:57,lombar,16680,-532,-2176,-422,-384,221,1216133
2026-05-19 20:13:57,esterno,3148,14804,5508,-139,-581,-58,558700
2026-05-19 20:13:57,lombar,16520,-620,-1960,-234,-381,362,1216155
2026-05-19 20:13:57,esterno,2832,14664,4692,-160,-314,93,558722
2026-05-19 20:13:57,lombar,16512,-1000,-2092,-105,-292,390,1216177
2026-05-19 20:13:57,esterno,2988,14748,5140,-96,-368,25,558744
2026-05-19 20:13:57,lombar,16648,-968,-2056,115,-301,328,1216199
2026-05-19 20:13:57,esterno,3200,14896,4928,-163,-171,11,558766
2026-05-19 20:13:57,lombar,16756,-680,-2036,316,-238,253,1216221
2026-05-19 20:13:57,esterno,3104,14784,5228,-217,-300,-22,558788
2026-05-19 20:13:57,lombar,16444,-436,-2112,222,-256,352,1216243
2026-05-19 20:13:57,esterno,3104,14800,5076,-265,-257,73,558810
2026-05-19 20:13:57,lombar,16576,-440,-2168,36,-274,314,1216265
2026-05-19 20:13:57,esterno,3212,14768,4988,-317,-214,244,558832
2026-05-19 20:13:57,lombar,16476,-760,-2136,21,-276,305,1216287
2026-05-19 20:13:57,esterno,3140,14772,5084,-335,-126,210,558854
2026-05-19 20:13:57,lombar,16484,-548,-2068,44,-185,295,1216309
2026-05-19 20:13:57,esterno,3004,14752,4972,-149,-102,134,558876
2026-05-19 20:13:57,lombar,16464,-504,-2120,22,-201,246,1216331
2026-05-19 20:13:57,esterno,2988,14884,4936,-173,-141,94,558898
2026-05-19 20:13:57,lombar,16564,-244,-2096,-80,-206,306,1216353
2026-05-19 20:13:57,esterno,2980,14760,5264,-251,-68,103,558920
2026-05-19 20:13:57,lombar,16632,-460,-2028,-143,-220,336,1216375
2026-05-19 20:13:57,esterno,3044,14584,4988,-175,-111,41,558942
2026-05-19 20:13:57,lombar,16320,-464,-1588,-259,-216,328,1216397
2026-05-19 20:13:57,esterno,3004,14524,4924,-63,-180,-25,558964
2026-05-19 20:13:57,lombar,16404,-572,-1944,-394,-144,293,1216419
2026-05-19 20:13:57,esterno,3000,14624,5224,-66,-314,-68,558986
2026-05-19 20:13:57,lombar,16524,-540,-1824,-471,-127,337,1216441
2026-05-19 20:13:57,esterno,3000,14804,5136,-104,-368,-23,559008
2026-05-19 20:13:57,lombar,16684,-612,-1756,-577,-95,326,1216463
2026-05-19 20:13:57,esterno,3000,14688,4888,-34,-417,-42,559030
2026-05-19 20:13:57,lombar,16428,-624,-1728,-698,-97,353,1216485
2026-05-19 20:13:57,esterno,2968,14812,4480,153,-277,-178,559052
2026-05-19 20:13:57,lombar,16600,-624,-2000,-763,-155,270,1216507
2026-05-19 20:13:57,esterno,3304,14716,5392,-139,-619,-268,559074
2026-05-19 20:13:57,lombar,16620,-672,-1968,-806,-122,351,1216529
2026-05-19 20:13:57,esterno,3356,14912,5168,-325,-1052,-145,559096
2026-05-19 20:13:57,lombar,16528,-584,-1916,-864,-110,368,1216551
2026-05-19 20:13:57,esterno,2816,14636,4860,-11,-785,-220,559118
2026-05-19 20:13:57,lombar,16656,-632,-1964,-846,-48,418,1216573
2026-05-19 20:13:57,esterno,3348,14740,4900,100,-584,-336,559140
2026-05-19 20:13:57,lombar,16588,-612,-2076,-692,-86,386,1216595
2026-05-19 20:13:57,esterno,3184,14900,5016,-20,-550,-362,559162
2026-05-19 20:13:57,lombar,16460,-532,-1980,-658,-90,285,1216617
2026-05-19 20:13:57,esterno,3100,14820,5312,-78,-686,-389,559184
2026-05-19 20:13:57,lombar,16592,-428,-2056,-747,-116,390,1216639
2026-05-19 20:13:57,esterno,3332,14984,5088,-122,-609,-381,559206
2026-05-19 20:13:57,lombar,16596,-412,-2080,-775,-188,302,1216661
2026-05-19 20:13:57,esterno,3404,14824,5060,-94,-546,-316,559228
2026-05-19 20:13:57,lombar,16584,-620,-2016,-743,-178,276,1216683
2026-05-19 20:13:57,esterno,3144,14720,4888,-162,-498,-238,559250
2026-05-19 20:13:57,lombar,16536,-676,-1764,-544,-190,206,1216705
2026-05-19 20:13:57,esterno,3092,14896,4956,-253,-511,-223,559272
2026-05-19 20:13:57,lombar,16680,-392,-2020,-386,-209,232,1216727
2026-05-19 20:13:57,esterno,3356,14904,4896,-190,-585,-200,559294
2026-05-19 20:13:57,lombar,16596,-332,-1884,-370,-289,347,1216749
2026-05-19 20:13:57,esterno,3376,14960,5096,-206,-666,-59,559316
2026-05-19 20:13:57,lombar,16552,-524,-2044,-415,-353,355,1216771
2026-05-19 20:13:57,esterno,3008,14656,4900,-256,-404,59,559338
2026-05-19 20:13:57,lombar,16524,-532,-2064,-314,-337,297,1216793
2026-05-19 20:13:57,esterno,3428,14904,4900,-268,-430,56,559360
2026-05-19 20:13:57,lombar,16560,-672,-1884,0,-293,328,1216815
2026-05-19 20:13:57,esterno,3464,14820,4940,-294,-192,76,559382
2026-05-19 20:13:57,lombar,16348,-588,-1752,112,-196,277,1216837
2026-05-19 20:13:57,esterno,3268,14652,4780,-202,-240,55,559404
2026-05-19 20:13:57,lombar,16312,-420,-1864,82,-224,298,1216859
2026-05-19 20:13:57,esterno,3308,14684,4768,-203,-204,131,559426
2026-05-19 20:13:57,lombar,16420,-360,-1984,71,-268,338,1216881
2026-05-19 20:13:57,esterno,3360,14728,4832,-162,-99,264,559448
2026-05-19 20:13:57,lombar,16532,-600,-2136,119,-401,380,1216903
2026-05-19 20:13:57,esterno,3276,14844,4972,-172,32,216,559470
2026-05-19 20:13:57,lombar,16412,-696,-2064,278,-520,320,1216925
2026-05-19 20:13:57,esterno,3428,14780,4952,-10,200,135,559492
2026-05-19 20:13:57,lombar,16392,-652,-2056,495,-595,286,1216947
2026-05-19 20:13:57,esterno,3564,14760,4892,-52,369,220,559514
2026-05-19 20:13:58,lombar,16600,-712,-2164,674,-591,361,1216969
2026-05-19 20:13:58,esterno,3496,14904,5044,-71,540,272,559536
2026-05-19 20:13:58,lombar,16620,-748,-2104,730,-632,259,1216991
2026-05-19 20:13:58,esterno,3424,14748,4976,-138,711,324,559558
2026-05-19 20:13:58,lombar,16608,-624,-1992,823,-666,229,1217013
2026-05-19 20:13:58,esterno,3476,14896,4968,-249,818,302,559580
2026-05-19 20:13:58,lombar,16648,-540,-2068,876,-606,228,1217035
2026-05-19 20:13:58,esterno,3500,14704,5112,-247,775,301,559602
2026-05-19 20:13:58,lombar,16504,-628,-1956,861,-512,37,1217057
2026-05-19 20:13:58,esterno,3192,14736,4856,-127,914,335,559624
2026-05-19 20:13:58,lombar,16480,-816,-1908,928,-398,-74,1217079
2026-05-19 20:13:58,esterno,3304,14848,5472,-128,1165,128,559646
2026-05-19 20:13:58,lombar,16516,-404,-2072,1234,-422,-71,1217101
2026-05-19 20:13:58,esterno,3476,14856,5144,-297,1008,435,559668
2026-05-19 20:13:58,lombar,16548,-244,-2172,1219,-489,-18,1217123
2026-05-19 20:13:58,esterno,3284,14648,4764,166,1015,395,559690
2026-05-19 20:13:58,lombar,16676,-28,-2116,1125,-480,88,1217145
2026-05-19 20:13:58,esterno,3152,14604,5076,69,1246,293,559712
2026-05-19 20:13:58,lombar,16580,-192,-2004,995,-422,113,1217167
2026-05-19 20:13:58,esterno,3388,14768,4824,116,1433,173,559734
2026-05-19 20:13:58,lombar,16540,-420,-2056,943,-354,90,1217189
2026-05-19 20:13:58,esterno,3084,14644,4704,37,1403,65,559756
2026-05-19 20:13:58,lombar,16456,-388,-1916,878,-384,130,1217211
2026-05-19 20:13:58,esterno,3164,14816,5056,-2,1313,175,559778
2026-05-19 20:13:58,lombar,16372,-452,-1844,827,-418,248,1217233
2026-05-19 20:13:58,esterno,3392,14740,5104,-49,1295,216,559800
2026-05-19 20:13:58,lombar,16528,-412,-2052,893,-438,183,1217255
2026-05-19 20:13:58,esterno,3276,14716,4904,-94,1331,158,559822
2026-05-19 20:13:58,lombar,16584,-136,-2052,774,-330,264,1217277
2026-05-19 20:13:58,esterno,3292,14696,5032,-152,1285,98,559844
2026-05-19 20:13:58,lombar,16604,-112,-1824,517,-312,370,1217299
2026-05-19 20:13:58,esterno,3356,14872,5120,-140,1115,126,559866
2026-05-19 20:13:58,lombar,16648,-336,-2120,501,-303,424,1217321
2026-05-19 20:13:58,esterno,3216,14792,4932,-289,1068,98,559888
2026-05-19 20:13:58,lombar,16600,-448,-2044,423,-271,424,1217343
2026-05-19 20:13:58,esterno,2876,14680,5068,-145,1118,-29,559910
2026-05-19 20:13:58,lombar,16500,-700,-2036,460,-295,419,1217365
2026-05-19 20:13:58,esterno,3056,14608,5184,-85,810,-109,559932
2026-05-19 20:13:58,lombar,16500,-504,-2036,561,-290,417,1217387
2026-05-19 20:13:58,esterno,3256,14832,5084,-116,885,30,559954
2026-05-19 20:13:58,lombar,16624,-472,-1836,579,-243,389,1217409
2026-05-19 20:13:58,esterno,3020,14748,5220,18,630,0,559976
2026-05-19 20:13:58,lombar,16628,-376,-1980,507,-189,423,1217431
2026-05-19 20:13:58,esterno,2968,14860,5144,36,540,-155,559998
2026-05-19 20:13:58,lombar,16568,-380,-1884,332,-112,450,1217453
2026-05-19 20:13:58,esterno,3052,14912,5104,-35,480,-164,560020
2026-05-19 20:13:58,lombar,16600,-400,-1872,258,-113,419,1217475
2026-05-19 20:13:58,esterno,3072,14736,4936,30,435,-152,560042
2026-05-19 20:13:58,lombar,16452,-452,-1664,128,-78,393,1217497
2026-05-19 20:13:58,esterno,2952,14720,4980,53,351,-160,560064
2026-05-19 20:13:58,lombar,16552,-328,-1904,78,-107,436,1217519
2026-05-19 20:13:58,esterno,2964,14820,5076,41,289,-221,560086
2026-05-19 20:13:58,lombar,16640,-500,-1872,48,-75,444,1217541
2026-05-19 20:13:58,esterno,2976,14776,4988,70,239,-276,560108
2026-05-19 20:13:58,lombar,16636,-420,-1988,-39,-65,433,1217563
2026-05-19 20:13:58,esterno,2924,14888,5072,61,196,-318,560130
2026-05-19 20:13:58,lombar,16492,-324,-1924,-53,-34,433,1217585
2026-05-19 20:13:58,esterno,2988,14772,4892,14,142,-220,560152
2026-05-19 20:13:58,lombar,16484,-400,-1944,-129,-20,485,1217607
2026-05-19 20:13:58,esterno,2944,15028,4812,17,83,-290,560174
2026-05-19 20:13:58,lombar,16560,-408,-1832,-211,15,491,1217629
2026-05-19 20:13:58,esterno,2848,14880,4824,-52,16,-316,560196
2026-05-19 20:13:58,lombar,16592,-316,-1796,-317,19,424,1217651
2026-05-19 20:13:58,esterno,2860,14984,4700,213,0,-340,560218
2026-05-19 20:13:58,lombar,16592,-320,-1656,-344,57,453,1217673
2026-05-19 20:13:58,esterno,2860,14740,5316,199,32,-448,560240
2026-05-19 20:13:58,lombar,16700,-476,-1684,-441,103,512,1217695
2026-05-19 20:13:58,esterno,3008,15024,5216,-187,-443,-239,560262
2026-05-19 20:13:58,lombar,16516,-608,-1812,-470,12,567,1217717
2026-05-19 20:13:58,esterno,2688,14804,4752,76,-268,-207,560284
2026-05-19 20:13:58,lombar,16440,-684,-1880,-381,83,525,1217739
2026-05-19 20:13:58,esterno,3040,14840,4924,229,-119,-386,560306
2026-05-19 20:13:58,lombar,16628,-676,-1852,-230,53,471,1217761
2026-05-19 20:13:58,esterno,2948,14900,4544,61,14,-402,560328
2026-05-19 20:13:58,lombar,16680,-464,-1800,-178,132,486,1217783
2026-05-19 20:13:58,esterno,2796,14944,4848,-88,-172,-261,560350
2026-05-19 20:13:58,lombar,16544,-244,-1888,-343,44,515,1217805
2026-05-19 20:13:58,esterno,2760,14908,5116,-88,-176,-231,560372
2026-05-19 20:13:58,lombar,16732,-544,-1944,-513,27,528,1217827
2026-05-19 20:13:58,esterno,2904,14848,4896,-59,-166,-236,560394
2026-05-19 20:13:58,lombar,16620,-644,-1828,-363,27,489,1217849
2026-05-19 20:13:58,esterno,2860,14884,4644,-39,-108,-305,560416
2026-05-19 20:13:58,lombar,16520,-672,-1440,-313,68,515,1217871
2026-05-19 20:13:58,esterno,2736,14796,4636,-130,-187,-305,560438
2026-05-19 20:13:58,lombar,16508,-592,-1492,-348,6,477,1217893
2026-05-19 20:13:58,esterno,2776,14956,4644,-69,-284,-182,560460
2026-05-19 20:13:58,lombar,16552,-680,-1484,-291,-90,469,1217915
2026-05-19 20:13:58,esterno,2884,15000,5100,-121,-378,-159,560482
2026-05-19 20:13:58,lombar,16460,-540,-1588,-292,-137,408,1217937
2026-05-19 20:13:58,esterno,2652,14816,4820,-93,-168,-225,560504
2026-05-19 20:13:58,lombar,16432,-556,-1784,-245,-175,464,1217959
2026-05-19 20:13:59,esterno,2892,14948,4724,58,-315,-272,560526
2026-05-19 20:13:59,lombar,16552,-728,-1720,-82,-215,459,1217981
2026-05-19 20:13:59,esterno,2808,15080,4788,-40,-112,-181,560548
2026-05-19 20:13:59,lombar,16560,-800,-1688,-74,-264,448,1218003
2026-05-19 20:13:59,esterno,2792,15024,4904,-142,-272,-171,560570
2026-05-19 20:13:59,lombar,16500,-620,-1760,-115,-256,422,1218025
2026-05-19 20:13:59,esterno,2912,14896,4740,-163,-293,-202,560592
2026-05-19 20:13:59,lombar,16552,-580,-1752,-50,-285,459,1218047
2026-05-19 20:13:59,esterno,3000,14880,4804,-223,-231,-182,560614
2026-05-19 20:13:59,lombar,16600,-648,-1836,-16,-318,405,1218069
2026-05-19 20:13:59,esterno,2864,14848,4836,-159,-194,-128,560636
2026-05-19 20:13:59,lombar,16536,-612,-1768,-1,-309,498,1218091
2026-05-19 20:13:59,esterno,2920,14880,4892,-211,-77,-63,560658
2026-05-19 20:13:59,lombar,16628,-516,-1720,24,-292,560,1218113
2026-05-19 20:13:59,esterno,2996,14936,4712,-213,-7,-63,560680
2026-05-19 20:13:59,lombar,16628,-524,-1832,-78,-286,615,1218135
2026-05-19 20:13:59,esterno,3012,14628,4668,-88,59,-107,560702
2026-05-19 20:13:59,lombar,16532,-676,-1692,-228,-191,540,1218157
2026-05-19 20:13:59,esterno,3180,14684,4664,-53,220,-152,560724
2026-05-19 20:13:59,lombar,16496,-720,-1788,-197,-217,494,1218179
2026-05-19 20:13:59,esterno,2964,14712,4680,-27,343,-273,560746
2026-05-19 20:13:59,lombar,16516,-600,-1852,-114,-227,521,1218201
2026-05-19 20:13:59,esterno,2916,14780,4884,-20,306,-384,560768
2026-05-19 20:13:59,lombar,16576,-852,-1960,-11,-306,527,1218223
2026-05-19 20:13:59,esterno,2788,14764,4812,185,406,-378,560790
2026-05-19 20:13:59,lombar,16712,-760,-1816,67,-293,461,1218245
2026-05-19 20:13:59,esterno,2608,14724,5552,276,317,-466,560812
2026-05-19 20:13:59,lombar,16736,-476,-2080,171,-138,460,1218267
2026-05-19 20:13:59,esterno,2704,15156,5468,28,-150,-262,560834
2026-05-19 20:13:59,lombar,16480,-616,-1936,27,-8,390,1218289
2026-05-19 20:13:59,esterno,2224,14936,4756,202,-217,-143,560856
2026-05-19 20:13:59,lombar,16700,-616,-1876,-9,141,420,1218311
2026-05-19 20:13:59,esterno,2664,15036,5148,227,-177,-207,560878
2026-05-19 20:13:59,lombar,16600,-756,-1704,-14,115,362,1218333
2026-05-19 20:13:59,esterno,2960,15100,4624,223,-123,-218,560900
2026-05-19 20:13:59,lombar,16756,-580,-1620,-38,72,312,1218355
2026-05-19 20:13:59,esterno,2720,15028,4692,32,-385,-170,560922
2026-05-19 20:13:59,lombar,16488,-440,-1492,-307,3,317,1218377
2026-05-19 20:13:59,esterno,2772,15036,4732,-119,-536,-75,560944
2026-05-19 20:13:59,lombar,16500,-392,-1464,-563,-34,311,1218399
2026-05-19 20:13:59,esterno,3260,14932,4416,-182,-383,-84,560966
2026-05-19 20:13:59,lombar,16480,-804,-1704,-474,-148,234,1218421
2026-05-19 20:13:59,esterno,2920,14924,4560,-100,-415,-69,560988
2026-05-19 20:13:59,lombar,16536,-612,-1656,-364,-178,350,1218443
2026-05-19 20:13:59,esterno,2580,14896,4668,-86,-462,-17,561010
2026-05-19 20:13:59,lombar,16464,-536,-1476,-430,-211,453,1218465
2026-05-19 20:13:59,esterno,2772,14936,4676,-154,-413,-57,561032
2026-05-19 20:13:59,lombar,16580,-484,-1768,-568,-277,415,1218487
2026-05-19 20:13:59,esterno,2752,14924,4760,-263,-380,-16,561054
2026-05-19 20:13:59,lombar,16480,-696,-1740,-600,-295,371,1218509
2026-05-19 20:13:59,esterno,2632,14792,4696,-227,-329,4,561076
2026-05-19 20:13:59,lombar,16556,-884,-1872,-515,-293,357,1218531
2026-05-19 20:13:59,esterno,2828,15104,4768,-128,-367,-31,561098
2026-05-19 20:13:59,lombar,16556,-1000,-1884,-132,-389,358,1218553
2026-05-19 20:13:59,esterno,2696,15012,4792,-207,-227,-32,561120
2026-05-19 20:13:59,lombar,16672,-800,-1920,78,-353,397,1218575
2026-05-19 20:13:59,esterno,2912,15012,4748,-239,-368,-127,561142
2026-05-19 20:13:59,lombar,16604,-536,-1648,20,-304,290,1218597
2026-05-19 20:13:59,esterno,3040,14976,4684,-278,-288,-31,561164
2026-05-19 20:13:59,lombar,16544,-736,-1848,23,-335,415,1218619
2026-05-19 20:13:59,esterno,2928,14964,4768,-282,-260,120,561186
2026-05-19 20:13:59,lombar,16480,-712,-1496,143,-344,431,1218641
2026-05-19 20:13:59,esterno,2580,14880,5076,-299,-151,194,561208
2026-05-19 20:13:59,lombar,16596,-748,-1400,67,-252,373,1218663
2026-05-19 20:13:59,esterno,2896,14864,4548,-198,-54,41,561230
2026-05-19 20:13:59,lombar,16536,-760,-1496,78,-208,253,1218685
2026-05-19 20:13:59,esterno,2776,14928,4528,-41,0,44,561252
2026-05-19 20:13:59,lombar,16564,-580,-1540,115,-249,353,1218707
2026-05-19 20:13:59,esterno,2888,14860,4564,-128,57,120,561274
2026-05-19 20:13:59,lombar,16620,-700,-1508,73,-305,345,1218729
2026-05-19 20:13:59,esterno,2888,14784,4620,-73,153,119,561296
