timestamp,node,ax,ay,az,gx,gy,gz,t_ms
2026-05-19 20:14:13,esterno,2740,15536,2824,-1004,-1954,-381,575486
2026-05-19 20:14:13,lombar,16232,-324,-2276,-491,-370,774,1232941
2026-05-19 20:14:13,esterno,2752,15624,2572,-1094,-2202,-674,575508
2026-05-19 20:14:14,esterno,2660,15312,2672,-1032,-2370,-645,575530
2026-05-19 20:14:14,lombar,16216,-328,-2392,-703,-548,652,1232963
2026-05-19 20:14:14,lombar,16232,-44,-2144,-927,-553,786,1232985
2026-05-19 20:14:14,esterno,2888,15548,3064,-1380,-2529,-807,575552
2026-05-19 20:14:14,lombar,16332,-8,-2232,-1073,-610,842,1233007
2026-05-19 20:14:14,esterno,3288,15652,2792,-1703,-2681,-959,575574
2026-05-19 20:14:14,lombar,16392,-148,-2184,-1138,-679,889,1233029
2026-05-19 20:14:14,esterno,3456,15664,2700,-1730,-2689,-1099,575596
2026-05-19 20:14:14,lombar,16432,-268,-2120,-1096,-716,892,1233051
2026-05-19 20:14:14,esterno,3456,15772,3064,-2341,-2556,-1285,575618
2026-05-19 20:14:14,lombar,16240,-348,-2172,-952,-544,811,1233073
2026-05-19 20:14:14,esterno,3500,15544,3360,-2783,-2373,-1539,575640
2026-05-19 20:14:14,lombar,16572,-196,-2616,-886,-355,1117,1233095
2026-05-19 20:14:14,esterno,3096,15300,3104,-2299,-2456,-1488,575662
2026-05-19 20:14:14,lombar,16552,-48,-2480,-953,-347,1286,1233117
2026-05-19 20:14:14,esterno,3112,15148,2936,-2901,-2568,-1459,575684
2026-05-19 20:14:14,lombar,16444,-128,-2376,-1007,-431,1311,1233139
2026-05-19 20:14:14,esterno,3656,15196,2824,-2557,-2429,-1284,575706
2026-05-19 20:14:14,lombar,16488,-228,-2616,-1119,-424,1234,1233161
2026-05-19 20:14:14,esterno,3392,15304,2912,-2292,-2406,-987,575728
2026-05-19 20:14:14,lombar,16464,-420,-2472,-1111,-379,1182,1233183
2026-05-19 20:14:14,esterno,3256,15080,3104,-1875,-2387,-967,575750
2026-05-19 20:14:14,lombar,16532,-620,-2308,-1171,-406,1023,1233205
2026-05-19 20:14:14,esterno,3212,15296,3400,-1732,-2372,-869,575772
2026-05-19 20:14:14,lombar,16620,-164,-2328,-969,-645,825,1233227
2026-05-19 20:14:14,esterno,3164,15348,3332,-1800,-2179,-704,575794
2026-05-19 20:14:14,lombar,16460,-348,-2404,-1021,-632,831,1233249
2026-05-19 20:14:14,esterno,2992,15280,3364,-1977,-2030,-945,575816
2026-05-19 20:14:14,lombar,16464,-400,-2536,-1046,-547,896,1233271
2026-05-19 20:14:14,esterno,2740,15064,3580,-2053,-1740,-1269,575838
2026-05-19 20:14:14,lombar,16424,-428,-2504,-1060,-259,859,1233293
2026-05-19 20:14:14,esterno,2308,15376,4300,-1689,-1633,-1317,575860
2026-05-19 20:14:14,lombar,16456,-620,-2352,-1063,-151,820,1233315
2026-05-19 20:14:14,esterno,3232,15160,3536,-1574,-1344,-1243,575882
2026-05-19 20:14:14,lombar,16524,-624,-2376,-965,-170,764,1233337
2026-05-19 20:14:14,esterno,3592,15256,3368,-1620,-1266,-1128,575904
2026-05-19 20:14:14,lombar,16532,-476,-2528,-787,-160,694,1233359
2026-05-19 20:14:14,esterno,3320,14996,3612,-1470,-1490,-1191,575926
2026-05-19 20:14:14,lombar,16472,-680,-2444,-446,168,707,1233381
2026-05-19 20:14:14,esterno,2576,14976,4576,-1187,-1444,-1214,575948
2026-05-19 20:14:14,lombar,16592,-828,-2504,-245,176,624,1233403
2026-05-19 20:14:14,esterno,3348,14924,2984,-744,-1051,-1125,575970
2026-05-19 20:14:14,lombar,16604,-444,-2536,-230,156,570,1233425
2026-05-19 20:14:14,esterno,3444,14972,4124,-495,-1249,-1191,575992
2026-05-19 20:14:14,lombar,16688,-92,-2292,-365,266,727,1233447
2026-05-19 20:14:14,esterno,3316,15268,3764,-616,-1432,-845,576014
2026-05-19 20:14:14,lombar,16612,-336,-2416,-395,306,815,1233469
2026-05-19 20:14:14,esterno,2432,14996,3464,-576,-1539,-772,576036
2026-05-19 20:14:14,lombar,16544,-608,-2388,-226,347,834,1233491
2026-05-19 20:14:14,esterno,2616,15064,3868,-257,-1091,-1042,576058
2026-05-19 20:14:14,lombar,16720,-788,-2100,-252,256,834,1233513
2026-05-19 20:14:14,esterno,2968,15244,3616,4,-939,-1177,576080
2026-05-19 20:14:14,lombar,16508,-720,-2132,-428,293,782,1233535
2026-05-19 20:14:14,esterno,2872,15116,3840,-548,-1229,-1881,576102
2026-05-19 20:14:14,lombar,16432,-320,-2176,-377,293,891,1233557
2026-05-19 20:14:14,esterno,2380,15544,3812,-77,-1132,-1628,576124
2026-05-19 20:14:14,lombar,16440,-216,-2192,-538,269,1083,1233579
2026-05-19 20:14:14,esterno,2408,15440,4132,-117,-1056,-1262,576146
2026-05-19 20:14:14,lombar,16536,-488,-2052,-728,283,1155,1233601
2026-05-19 20:14:14,esterno,2628,15012,4072,-221,-1032,-1443,576168
2026-05-19 20:14:14,lombar,16508,-712,-2072,-820,191,1087,1233623
2026-05-19 20:14:14,esterno,2556,15168,3996,-196,-1187,-1453,576190
2026-05-19 20:14:14,lombar,16372,-636,-2164,-1037,95,982,1233645
2026-05-19 20:14:14,esterno,2276,15384,3760,-242,-1271,-1159,576212
2026-05-19 20:14:14,lombar,16368,-504,-2108,-1198,-43,980,1233667
2026-05-19 20:14:14,esterno,1992,15428,4424,-210,-1453,-999,576234
2026-05-19 20:14:14,lombar,16436,-652,-2304,-1321,-160,1046,1233689
2026-05-19 20:14:14,esterno,2088,15448,4112,-412,-1573,-972,576256
2026-05-19 20:14:14,lombar,16592,-908,-2388,-1284,-174,991,1233711
2026-05-19 20:14:14,esterno,2712,15576,3956,-301,-1469,-968,576278
2026-05-19 20:14:14,lombar,16536,-940,-2144,-1275,-231,922,1233733
2026-05-19 20:14:14,esterno,2380,15412,4040,-424,-1439,-742,576300
2026-05-19 20:14:14,lombar,16280,-1188,-2152,-1202,-318,867,1233755
2026-05-19 20:14:14,esterno,2276,15248,3740,-539,-1414,-674,576322
2026-05-19 20:14:14,lombar,16416,-956,-2372,-1073,-464,780,1233777
2026-05-19 20:14:14,esterno,2692,15156,3732,-715,-1179,-502,576344
2026-05-19 20:14:14,lombar,16432,-756,-2140,-1106,-487,882,1233799
2026-05-19 20:14:14,esterno,2876,15336,4084,-608,-1119,-384,576366
2026-05-19 20:14:14,lombar,16444,-1000,-2088,-832,-639,788,1233821
2026-05-19 20:14:14,esterno,2948,15096,3956,-631,-800,-142,576388
2026-05-19 20:14:14,lombar,16224,-764,-2332,-832,-265,784,1233843
2026-05-19 20:14:14,esterno,2524,14948,3784,-177,-766,-189,576410
2026-05-19 20:14:14,lombar,16512,-652,-2200,-708,-145,839,1233865
2026-05-19 20:14:14,esterno,1760,15032,3924,75,-926,-82,576432
2026-05-19 20:14:14,lombar,16540,-1388,-2660,-339,-47,583,1233887
2026-05-19 20:14:14,esterno,1768,15356,3928,377,-1062,-215,576454
2026-05-19 20:14:14,lombar,16544,-1216,-2380,-210,156,413,1233909
2026-05-19 20:14:14,esterno,1980,15388,4048,699,-1206,-452,576476
2026-05-19 20:14:14,lombar,16684,-1188,-2184,-68,152,466,1233931
2026-05-19 20:14:14,esterno,1824,15264,4160,645,-1033,-613,576498
2026-05-19 20:14:15,esterno,1884,15144,4216,537,-980,-609,576520
2026-05-19 20:14:15,esterno,2340,14932,3036,809,-321,-661,576542
2026-05-19 20:14:15,lombar,16704,-1056,-2240,-167,82,388,1233953
2026-05-19 20:14:15,lombar,16512,-916,-2188,-538,95,295,1233975
2026-05-19 20:14:15,lombar,16436,-716,-2020,-735,32,405,1233997
2026-05-19 20:14:15,esterno,1852,14836,4536,343,-1112,-643,576564
2026-05-19 20:14:15,lombar,16380,-1092,-1936,-689,116,435,1234019
2026-05-19 20:14:15,esterno,2648,15264,3020,584,-1883,-535,576586
2026-05-19 20:14:15,lombar,16604,-996,-1876,-664,140,484,1234041
2026-05-19 20:14:15,esterno,1360,15016,3512,1428,-1414,-253,576608
2026-05-19 20:14:15,lombar,16644,-1280,-1896,-690,200,407,1234063
2026-05-19 20:14:15,esterno,2232,14780,2608,1978,-728,-628,576630
2026-05-19 20:14:15,lombar,16672,-1224,-1824,-788,173,323,1234085
2026-05-19 20:14:15,esterno,5116,15412,224,1556,-532,-1004,576652
2026-05-19 20:14:15,lombar,16428,-1248,-1688,-784,36,262,1234107
2026-05-19 20:14:15,esterno,1504,15656,3368,808,-1104,-869,576674
2026-05-19 20:14:15,lombar,16220,-1140,-1932,-909,-701,275,1234129
2026-05-19 20:14:15,esterno,1616,14972,2968,1124,-1236,-588,576696
2026-05-19 20:14:15,lombar,16324,-952,-2412,-1154,-562,352,1234151
2026-05-19 20:14:15,esterno,4716,14720,92,1863,-848,-980,576718
2026-05-19 20:14:15,lombar,16464,-1060,-1856,-1168,-552,329,1234173
2026-05-19 20:14:15,esterno,1800,15580,3672,425,-896,-816,576740
2026-05-19 20:14:15,lombar,16428,-1152,-1844,-909,-857,366,1234195
2026-05-19 20:14:15,esterno,2992,15788,2840,269,-674,-581,576762
2026-05-19 20:14:15,lombar,16436,-1292,-2428,-534,-850,456,1234217
2026-05-19 20:14:15,esterno,1512,16048,4520,529,-1342,-543,576784
2026-05-19 20:14:15,lombar,16620,-792,-2428,-365,-609,635,1234239
2026-05-19 20:14:15,esterno,2600,16036,3024,-70,-1495,-159,576806
2026-05-19 20:14:15,lombar,16628,-868,-2152,-355,-572,709,1234261
2026-05-19 20:14:15,esterno,1800,15620,3488,-117,-1195,-127,576828
2026-05-19 20:14:15,lombar,16596,-1096,-1952,-551,-556,519,1234283
2026-05-19 20:14:15,esterno,2584,15736,3380,17,-956,-174,576850
2026-05-19 20:14:15,lombar,16532,-1100,-2192,-575,-440,487,1234305
2026-05-19 20:14:15,esterno,2360,15684,3088,39,-818,-84,576872
2026-05-19 20:14:15,lombar,16332,-1032,-2600,-186,-166,570,1234327
2026-05-19 20:14:15,esterno,1584,15452,3308,66,-900,-61,576894
2026-05-19 20:14:15,lombar,16356,-1100,-2264,-214,22,548,1234349
2026-05-19 20:14:15,esterno,1608,15492,3332,-99,-550,-59,576916
2026-05-19 20:14:15,lombar,16480,-1284,-1928,-348,162,242,1234371
2026-05-19 20:14:15,esterno,2168,15412,3324,-184,-470,-157,576938
2026-05-19 20:14:15,lombar,16524,-1272,-1664,-191,109,156,1234393
2026-05-19 20:14:15,esterno,2220,15536,3120,-255,-429,-308,576960
2026-05-19 20:14:15,lombar,16388,-1392,-1996,167,-137,136,1234415
2026-05-19 20:14:15,esterno,2124,15488,2944,-521,-447,-390,576982
2026-05-19 20:14:15,lombar,16608,-1148,-2636,336,73,241,1234437
2026-05-19 20:14:15,esterno,1936,15292,2736,-468,-273,-335,577004
2026-05-19 20:14:15,lombar,16668,-608,-2272,499,454,434,1234459
2026-05-19 20:14:15,esterno,2084,15108,2752,-331,-212,-424,577026
2026-05-19 20:14:15,lombar,16388,-592,-1644,289,256,523,1234481
2026-05-19 20:14:15,esterno,2144,15124,2968,-151,-244,-362,577048
2026-05-19 20:14:15,lombar,16376,-892,-1760,120,47,516,1234503
2026-05-19 20:14:15,esterno,2324,15308,3136,-237,-257,-234,577070
2026-05-19 20:14:15,lombar,16464,-764,-1836,-18,-129,518,1234525
2026-05-19 20:14:15,esterno,2272,15412,3516,-151,-422,-123,577092
2026-05-19 20:14:15,lombar,16576,-612,-2032,-250,-148,726,1234547
2026-05-19 20:14:15,esterno,1860,15340,3232,4,-322,-118,577114
2026-05-19 20:14:15,lombar,16552,-728,-1852,-558,-97,814,1234569
2026-05-19 20:14:15,esterno,1624,15500,4012,-72,-1187,-117,577136
2026-05-19 20:14:15,lombar,16400,-756,-1504,-560,-266,734,1234591
2026-05-19 20:14:15,esterno,1416,15572,3180,-85,-1498,-227,577158
2026-05-19 20:14:15,lombar,16436,-816,-2032,-657,-105,844,1234613
2026-05-19 20:14:15,esterno,1244,15112,2252,249,-1381,-628,577180
2026-05-19 20:14:15,lombar,16728,-716,-2268,-744,257,979,1234635
2026-05-19 20:14:15,esterno,1992,15392,3104,285,-1379,-752,577202
2026-05-19 20:14:15,lombar,16636,-928,-1972,-944,245,934,1234657
2026-05-19 20:14:15,esterno,2420,16048,2996,-293,-1232,-616,577224
2026-05-19 20:14:15,lombar,16592,-1036,-1868,-1136,-94,811,1234679
2026-05-19 20:14:15,esterno,2536,15996,2824,-374,-1335,-583,577246
2026-05-19 20:14:15,lombar,16372,-1260,-2152,-1400,-81,571,1234701
2026-05-19 20:14:15,esterno,2088,15972,2688,-285,-1118,-269,577268
2026-05-19 20:14:15,lombar,16512,-1072,-2016,-1250,-226,543,1234723
2026-05-19 20:14:15,esterno,2000,15484,2708,-328,-861,-172,577290
2026-05-19 20:14:15,lombar,16568,-1180,-2136,-952,-328,623,1234745
2026-05-19 20:14:15,esterno,2036,15340,2740,-159,-740,-168,577312
2026-05-19 20:14:15,lombar,16552,-1248,-1904,-893,-346,573,1234767
2026-05-19 20:14:15,esterno,2060,15432,3416,-257,-720,-157,577334
2026-05-19 20:14:15,lombar,16500,-1216,-1760,-896,-386,481,1234789
2026-05-19 20:14:15,esterno,2060,15700,3568,-398,-852,-24,577356
2026-05-19 20:14:15,lombar,16500,-1052,-1932,-867,-411,445,1234811
2026-05-19 20:14:15,esterno,1896,15520,3028,-477,-893,71,577378
2026-05-19 20:14:15,lombar,16664,-1012,-2032,-826,-301,501,1234833
2026-05-19 20:14:15,esterno,1580,15432,3056,-207,-1148,-12,577400
2026-05-19 20:14:15,lombar,16672,-1172,-1984,-848,-155,433,1234855
2026-05-19 20:14:15,esterno,1760,15452,2952,522,-898,-290,577422
2026-05-19 20:14:15,lombar,16628,-1512,-2148,-756,-11,358,1234877
2026-05-19 20:14:15,esterno,2128,15612,3112,572,-881,-500,577444
2026-05-19 20:14:15,lombar,16432,-1320,-2164,-753,80,215,1234899
2026-05-19 20:14:15,esterno,2360,15556,3172,587,-994,-289,577466
2026-05-19 20:14:15,lombar,16332,-1488,-2064,-811,80,126,1234921
2026-05-19 20:14:15,esterno,2212,15324,2936,487,-762,-92,577488
2026-05-19 20:14:15,lombar,16600,-872,-1988,-500,63,48,1234943
2026-05-19 20:14:15,esterno,2280,15700,2716,129,-662,154,577510
2026-05-19 20:14:16,lombar,16668,-696,-1812,-683,99,311,1234965
2026-05-19 20:14:16,esterno,2304,15500,2940,357,-397,193,577532
2026-05-19 20:14:16,lombar,16600,-1232,-1768,-801,-22,156,1234987
2026-05-19 20:14:16,esterno,2212,15736,2916,347,-258,128,577554
2026-05-19 20:14:16,lombar,16592,-1168,-2040,-595,-34,-3,1235009
2026-05-19 20:14:16,esterno,2372,15432,3224,110,-118,162,577576
2026-05-19 20:14:16,lombar,16604,-908,-2204,-461,22,85,1235031
2026-05-19 20:14:16,esterno,2264,15404,2724,112,-18,343,577598
2026-05-19 20:14:16,lombar,16516,-828,-2124,-651,146,152,1235053
2026-05-19 20:14:16,esterno,2208,15584,2688,-300,135,494,577620
2026-05-19 20:14:16,lombar,16524,-1068,-2084,-723,148,129,1235075
2026-05-19 20:14:16,esterno,1824,15640,2792,-367,153,504,577642
2026-05-19 20:14:16,lombar,16656,-1156,-1764,-547,48,145,1235097
2026-05-19 20:14:16,esterno,2032,15572,2520,-73,419,215,577664
2026-05-19 20:14:16,lombar,16552,-980,-1632,-409,-132,151,1235119
2026-05-19 20:14:16,esterno,2420,15232,3336,-45,-230,8,577686
2026-05-19 20:14:16,lombar,16464,-968,-1700,-454,-253,206,1235141
2026-05-19 20:14:16,esterno,2080,15284,2532,-403,-370,240,577708
2026-05-19 20:14:16,lombar,16304,-864,-1572,-466,-230,239,1235163
2026-05-19 20:14:16,esterno,1964,15080,2032,-565,-10,403,577730
2026-05-19 20:14:16,lombar,16500,-704,-1616,-481,-240,299,1235185
2026-05-19 20:14:16,esterno,2592,15032,2396,-237,284,-26,577752
2026-05-19 20:14:16,lombar,16608,-1092,-1712,-619,-168,301,1235207
2026-05-19 20:14:16,esterno,2792,15320,2364,-184,350,-194,577774
2026-05-19 20:14:16,lombar,16516,-1084,-1688,-508,-189,236,1235229
2026-05-19 20:14:16,esterno,2436,15464,2732,-236,240,-94,577796
2026-05-19 20:14:16,lombar,16316,-868,-2160,-324,-237,177,1235251
2026-05-19 20:14:16,esterno,1980,15936,3580,-303,227,331,577818
2026-05-19 20:14:16,lombar,16464,-756,-1884,-133,-338,147,1235273
2026-05-19 20:14:16,esterno,2032,15928,2908,-222,418,346,577840
2026-05-19 20:14:16,lombar,16736,-832,-2084,7,-512,226,1235295
2026-05-19 20:14:16,esterno,1892,15684,3072,-233,282,48,577862
2026-05-19 20:14:16,lombar,16572,-1008,-2028,123,-723,227,1235317
2026-05-19 20:14:16,esterno,1636,15884,3240,-64,141,-134,577884
2026-05-19 20:14:16,lombar,16564,-1040,-2132,45,-729,153,1235339
2026-05-19 20:14:16,esterno,1296,16176,3424,994,1194,-1491,577906
2026-05-19 20:14:16,lombar,16636,-800,-2012,-155,-694,149,1235361
2026-05-19 20:14:16,esterno,1656,16292,3300,1239,-1103,-879,577928
2026-05-19 20:14:16,lombar,16540,-964,-2184,-427,-732,139,1235383
2026-05-19 20:14:16,esterno,1848,14404,2436,-1427,-558,616,577950
2026-05-19 20:14:16,lombar,16632,-916,-1996,-573,-641,78,1235405
2026-05-19 20:14:16,esterno,3160,15296,3520,-2378,168,-141,577972
2026-05-19 20:14:16,lombar,16580,-1144,-1964,-489,-656,7,1235427
2026-05-19 20:14:16,esterno,2832,16492,2892,-797,-309,345,577994
2026-05-19 20:14:16,lombar,16484,-952,-2028,-139,-653,45,1235449
2026-05-19 20:14:16,esterno,2728,14856,3620,-278,-101,-37,578016
2026-05-19 20:14:16,lombar,16424,-880,-1876,165,-548,119,1235471
2026-05-19 20:14:16,esterno,2372,14536,2656,-212,91,-806,578038
2026-05-19 20:14:16,lombar,16328,-736,-2004,237,-467,317,1235493
2026-05-19 20:14:16,esterno,2764,14552,2588,-451,449,-278,578060
2026-05-19 20:14:16,esterno,2792,15408,2516,-412,1272,715,578082
2026-05-19 20:14:16,lombar,16304,-620,-2120,76,-368,400,1235515
2026-05-19 20:14:16,lombar,16632,-880,-2168,45,-233,426,1235537
2026-05-19 20:14:16,esterno,1580,16968,3064,-918,846,1488,578104
2026-05-19 20:14:16,lombar,17020,-1260,-2140,522,-272,338,1235559
2026-05-19 20:14:16,esterno,564,16456,3432,-582,429,933,578126
2026-05-19 20:14:16,lombar,16832,-1156,-2104,1065,-265,216,1235581
2026-05-19 20:14:16,esterno,788,15344,3684,-263,223,-527,578148
2026-05-19 20:14:16,lombar,16228,-948,-2040,1183,-166,253,1235603
2026-05-19 20:14:16,esterno,1996,14732,3140,-263,14,-527,578170
2026-05-19 20:14:16,lombar,16160,-556,-2140,1087,-106,275,1235625
2026-05-19 20:14:16,esterno,2876,14968,2924,-896,-67,98,578192
2026-05-19 20:14:16,lombar,16380,-168,-1904,797,-61,416,1235647
2026-05-19 20:14:16,esterno,2976,15392,2852,-1081,82,111,578214
2026-05-19 20:14:16,lombar,16668,-16,-1928,249,-138,574,1235669
2026-05-19 20:14:16,esterno,2720,15712,3884,-445,83,-393,578236
2026-05-19 20:14:16,lombar,16716,-280,-1864,-177,-295,719,1235691
2026-05-19 20:14:16,esterno,2584,16100,3684,-296,-480,-168,578258
2026-05-19 20:14:16,lombar,16668,-792,-2172,-334,-421,575,1235713
2026-05-19 20:14:16,esterno,1656,15668,2980,-284,-465,104,578280
2026-05-19 20:14:16,lombar,16548,-1324,-2284,164,-454,371,1235735
2026-05-19 20:14:16,esterno,1156,15408,3320,-71,8,-165,578302
2026-05-19 20:14:16,lombar,16516,-1128,-1996,597,-462,380,1235757
2026-05-19 20:14:16,esterno,2008,15048,3020,462,44,-513,578324
2026-05-19 20:14:16,lombar,16516,-960,-1756,474,-351,403,1235779
2026-05-19 20:14:16,esterno,2388,15420,2908,498,294,-530,578346
2026-05-19 20:14:16,lombar,16588,-788,-1692,25,-372,290,1235801
2026-05-19 20:14:16,esterno,2492,15620,3260,-267,422,-116,578368
2026-05-19 20:14:16,lombar,16664,-844,-1612,-132,-520,198,1235823
2026-05-19 20:14:16,esterno,2244,15544,3180,-673,398,-9,578390
2026-05-19 20:14:16,lombar,16508,-1016,-1988,30,-533,206,1235845
2026-05-19 20:14:16,esterno,2176,15344,3028,-379,452,-118,578412
2026-05-19 20:14:16,lombar,16488,-856,-2188,266,-375,370,1235867
2026-05-19 20:14:16,esterno,2180,15420,3004,29,578,126,578434
2026-05-19 20:14:16,lombar,16500,-988,-2172,315,-283,395,1235889
2026-05-19 20:14:16,esterno,1932,15460,2740,-14,607,20,578456
2026-05-19 20:14:16,lombar,16692,-896,-1856,602,-420,283,1235911
2026-05-19 20:14:16,esterno,2136,15752,3056,-461,384,-271,578478
2026-05-19 20:14:16,lombar,16716,-864,-1752,704,-752,335,1235933
2026-05-19 20:14:16,esterno,1880,15520,3092,-451,236,-278,578500
2026-05-19 20:14:16,lombar,16412,-776,-1852,724,-826,382,1235955
2026-05-19 20:14:16,esterno,1584,14944,3484,-179,109,-251,578522
2026-05-19 20:14:17,lombar,16228,-864,-1840,566,-790,321,1235977
2026-05-19 20:14:17,esterno,1652,14832,3224,-42,76,-118,578544
2026-05-19 20:14:17,lombar,16344,-812,-1816,331,-677,317,1235999
2026-05-19 20:14:17,esterno,1876,15344,3280,-537,33,61,578566
2026-05-19 20:14:17,lombar,16628,-660,-1984,199,-645,287,1236021
2026-05-19 20:14:17,esterno,2216,15664,3420,-739,22,-13,578588
2026-05-19 20:14:17,lombar,16716,-700,-1848,125,-710,387,1236043
2026-05-19 20:14:17,esterno,2408,15880,3572,-406,14,-107,578610
2026-05-19 20:14:17,lombar,16724,-908,-2296,129,-515,406,1236065
2026-05-19 20:14:17,esterno,2228,15728,3300,-211,176,-93,578632
2026-05-19 20:14:17,lombar,16576,-1056,-2568,270,-297,345,1236087
2026-05-19 20:14:17,esterno,2068,15328,3132,-80,366,-23,578654
2026-05-19 20:14:17,lombar,16516,-928,-2348,331,-234,268,1236109
2026-05-19 20:14:17,esterno,2136,15352,3132,-165,544,-21,578676
2026-05-19 20:14:17,lombar,16660,-912,-2176,240,-207,173,1236131
2026-05-19 20:14:17,esterno,2212,15508,3388,-189,656,-8,578698
2026-05-19 20:14:17,lombar,16548,-972,-2428,369,-210,78,1236153
2026-05-19 20:14:17,esterno,2308,15556,3168,138,788,121,578720
2026-05-19 20:14:17,lombar,16492,-896,-2548,642,-193,160,1236175
2026-05-19 20:14:17,esterno,2220,15088,3140,90,1022,105,578742
2026-05-19 20:14:17,lombar,16384,-620,-2092,903,44,208,1236197
2026-05-19 20:14:17,esterno,2148,15080,3340,344,878,94,578764
2026-05-19 20:14:17,lombar,16480,-648,-2040,580,116,294,1236219
2026-05-19 20:14:17,esterno,1936,15312,3500,312,1099,343,578786
2026-05-19 20:14:17,lombar,16736,-1096,-2016,260,180,259,1236241
2026-05-19 20:14:17,esterno,2028,15644,3796,-40,375,317,578808
2026-05-19 20:14:17,lombar,16592,-880,-2084,410,52,142,1236263
2026-05-19 20:14:17,esterno,1692,15612,2556,38,178,139,578830
2026-05-19 20:14:17,lombar,16440,-440,-2404,380,-1,171,1236285
2026-05-19 20:14:17,esterno,1564,14980,2900,177,358,-70,578852
2026-05-19 20:14:17,lombar,16396,-356,-1996,189,-55,395,1236307
2026-05-19 20:14:17,esterno,1964,15440,4140,760,328,-191,578874
2026-05-19 20:14:17,lombar,16620,-396,-1688,-211,-70,500,1236329
2026-05-19 20:14:17,esterno,1604,15928,3268,730,107,-107,578896
2026-05-19 20:14:17,lombar,16492,-696,-1848,-676,-42,523,1236351
2026-05-19 20:14:17,esterno,1604,15352,3340,175,-449,-176,578918
2026-05-19 20:14:17,lombar,16460,-764,-2372,-815,56,375,1236373
2026-05-19 20:14:17,esterno,1364,15008,2808,-150,-779,-177,578940
2026-05-19 20:14:17,lombar,16616,-724,-2112,-728,-16,335,1236395
2026-05-19 20:14:17,esterno,1812,15472,3504,41,-798,-29,578962
2026-05-19 20:14:17,lombar,16744,-948,-2040,-782,64,383,1236417
2026-05-19 20:14:17,esterno,2424,15832,3080,-55,-567,-184,578984
2026-05-19 20:14:17,lombar,16832,-952,-2144,-736,152,357,1236439
2026-05-19 20:14:17,esterno,2740,15692,2856,104,-473,-526,579006
2026-05-19 20:14:17,lombar,16592,-804,-2068,-568,124,414,1236461
2026-05-19 20:14:17,esterno,2528,15780,3344,221,-408,-394,579028
2026-05-19 20:14:17,lombar,16504,-840,-1916,-381,32,418,1236483
2026-05-19 20:14:17,esterno,2172,15528,2792,-5,-28,-37,579050
2026-05-19 20:14:17,lombar,16656,-960,-2124,-277,-29,442,1236505
2026-05-19 20:14:17,esterno,2612,15336,2808,-165,-139,-1,579072
2026-05-19 20:14:17,lombar,16584,-1164,-2036,-102,-61,484,1236527
2026-05-19 20:14:17,esterno,2456,15672,3256,116,159,1,579094
2026-05-19 20:14:17,lombar,16432,-1096,-1716,40,-89,489,1236549
2026-05-19 20:14:17,esterno,2116,15560,2944,201,-45,6,579116
2026-05-19 20:14:17,lombar,16332,-932,-1712,68,91,559,1236571
2026-05-19 20:14:17,esterno,1660,15220,2804,192,-193,-201,579138
2026-05-19 20:14:17,lombar,16472,-1076,-1920,316,290,498,1236593
2026-05-19 20:14:17,esterno,1892,15320,2856,28,-90,-127,579160
2026-05-19 20:14:17,lombar,16388,-1148,-1912,624,452,539,1236615
2026-05-19 20:14:17,esterno,1992,15372,2760,-68,-5,-101,579182
2026-05-19 20:14:17,lombar,16408,-856,-1972,769,413,476,1236637
2026-05-19 20:14:17,esterno,2228,15348,2696,26,59,-88,579204
2026-05-19 20:14:17,lombar,16380,-728,-1776,661,346,461,1236659
2026-05-19 20:14:17,esterno,1916,15460,2644,239,194,-195,579226
2026-05-19 20:14:17,lombar,16608,-656,-1532,428,183,470,1236681
2026-05-19 20:14:17,esterno,2092,15740,2968,292,204,-113,579248
2026-05-19 20:14:17,lombar,16600,-620,-1648,417,-119,388,1236703
2026-05-19 20:14:17,esterno,1980,15900,3136,377,142,61,579270
2026-05-19 20:14:17,lombar,16796,-188,-1760,449,-382,460,1236725
2026-05-19 20:14:17,esterno,1836,15784,3084,420,86,64,579292
2026-05-19 20:14:17,lombar,16868,-280,-1792,-7,-253,760,1236747
2026-05-19 20:14:17,esterno,2040,15580,2688,626,32,-111,579314
2026-05-19 20:14:17,lombar,16572,-840,-1724,-606,-125,735,1236769
2026-05-19 20:14:17,esterno,1932,15396,3132,509,-234,-169,579336
2026-05-19 20:14:17,lombar,16264,-1088,-1624,-882,1,519,1236791
2026-05-19 20:14:17,esterno,1904,15504,2676,-265,-747,-74,579358
2026-05-19 20:14:17,lombar,16500,-840,-1512,-815,-35,357,1236813
2026-05-19 20:14:17,esterno,1672,15504,2696,-235,-573,-104,579380
2026-05-19 20:14:17,lombar,16592,-844,-1320,-669,-212,577,1236835
2026-05-19 20:14:17,esterno,2124,15268,2640,94,-268,-385,579402
2026-05-19 20:14:17,esterno,2236,15432,2680,109,-425,-551,579424
2026-05-19 20:14:17,lombar,16532,-1068,-1880,-429,-349,636,1236857
2026-05-19 20:14:17,lombar,16424,-1140,-1756,-319,-217,482,1236879
2026-05-19 20:14:17,esterno,1964,15716,2728,-200,-329,-275,579446
2026-05-19 20:14:17,lombar,16584,-824,-1868,-220,-364,467,1236901
2026-05-19 20:14:17,esterno,2000,15632,2332,-411,-367,-56,579468
2026-05-19 20:14:17,lombar,16624,-636,-2012,-154,-425,593,1236923
2026-05-19 20:14:17,esterno,2068,15604,2776,-447,-344,-199,579490
2026-05-19 20:14:17,lombar,16516,-996,-1696,-197,-446,661,1236945
2026-05-19 20:14:17,esterno,2332,15752,2708,-309,-81,-326,579512
2026-05-19 20:14:18,lombar,16436,-1224,-1504,-12,-466,541,1236967
2026-05-19 20:14:18,esterno,1972,15504,2608,-335,-125,-372,579534
2026-05-19 20:14:18,lombar,16404,-1056,-1408,79,-436,509,1236989
2026-05-19 20:14:18,esterno,1776,15532,2460,-295,-63,-169,579556
2026-05-19 20:14:18,lombar,16636,-1080,-1664,282,-550,426,1237011
2026-05-19 20:14:18,esterno,1744,15744,2696,-488,-141,32,579578
2026-05-19 20:14:18,lombar,16304,-992,-1888,449,-577,548,1237033
2026-05-19 20:14:18,esterno,1840,15484,2724,-333,-65,-73,579600
2026-05-19 20:14:18,lombar,16464,-1136,-2184,444,-509,583,1237055
2026-05-19 20:14:18,esterno,2216,15528,2756,-182,-46,-93,579622
2026-05-19 20:14:18,lombar,16688,-1240,-1828,560,-541,419,1237077
2026-05-19 20:14:18,esterno,1816,15656,2704,-278,157,-10,579644
2026-05-19 20:14:18,lombar,16672,-948,-1764,714,-828,249,1237099
2026-05-19 20:14:18,esterno,2000,15564,2772,-494,53,39,579666
2026-05-19 20:14:18,lombar,16448,-1032,-2152,589,-933,366,1237121
2026-05-19 20:14:18,esterno,1928,15604,3020,-470,126,176,579688
2026-05-19 20:14:18,lombar,16348,-1104,-2084,674,-869,429,1237143
2026-05-19 20:14:18,esterno,2080,15608,2912,-356,229,112,579710
2026-05-19 20:14:18,lombar,16440,-1184,-1812,638,-689,502,1237165
2026-05-19 20:14:18,esterno,2132,15452,2900,-401,303,44,579732
2026-05-19 20:14:18,lombar,16688,-1204,-1888,574,-654,388,1237187
2026-05-19 20:14:18,esterno,2024,15408,2608,-495,385,134,579754
2026-05-19 20:14:18,lombar,16644,-1276,-2076,697,-695,190,1237209
2026-05-19 20:14:18,esterno,1788,15300,3080,-567,479,240,579776
2026-05-19 20:14:18,lombar,16312,-1008,-2172,715,-711,346,1237231
2026-05-19 20:14:18,esterno,1924,15324,3108,-462,624,130,579798
2026-05-19 20:14:18,lombar,16476,-1120,-2028,537,-412,371,1237253
2026-05-19 20:14:18,esterno,1884,15576,2992,-279,613,-27,579820
2026-05-19 20:14:18,lombar,16484,-1216,-2020,481,22,363,1237275
2026-05-19 20:14:18,esterno,1484,15436,3056,-303,570,40,579842
2026-05-19 20:14:18,lombar,16556,-1128,-1620,352,431,284,1237297
2026-05-19 20:14:18,esterno,1888,15452,2396,-124,731,112,579864
2026-05-19 20:14:18,lombar,16564,-312,-1240,332,319,182,1237319
2026-05-19 20:14:18,esterno,1912,15348,2972,-253,528,73,579886
2026-05-19 20:14:18,lombar,16920,-308,-1492,-165,-68,297,1237341
2026-05-19 20:14:18,esterno,1936,15624,2664,-577,189,131,579908
2026-05-19 20:14:18,lombar,16728,-1328,-1584,-337,-282,261,1237363
2026-05-19 20:14:18,esterno,1544,15436,2876,-268,305,69,579930
2026-05-19 20:14:18,lombar,16644,-1220,-1532,-57,-665,283,1237385
2026-05-19 20:14:18,esterno,1484,15372,3220,197,103,-296,579952
2026-05-19 20:14:18,lombar,16368,-1072,-1972,3,-352,458,1237407
2026-05-19 20:14:18,esterno,1692,15588,2860,233,-99,-522,579974
2026-05-19 20:14:18,lombar,16288,-984,-1768,-230,52,452,1237429
2026-05-19 20:14:18,esterno,1944,15520,3072,-108,-53,-533,579996
2026-05-19 20:14:18,lombar,16536,-1016,-1936,-407,58,425,1237451
2026-05-19 20:14:18,esterno,1948,15480,2936,-349,-159,-494,580018
2026-05-19 20:14:18,lombar,16820,-1232,-2276,-445,-3,471,1237473
2026-05-19 20:14:18,esterno,1708,15500,3136,-345,-320,-521,580040
2026-05-19 20:14:18,lombar,16740,-1192,-2076,-314,-201,420,1237495
2026-05-19 20:14:18,esterno,1728,15420,3444,-510,-397,-601,580062
2026-05-19 20:14:18,lombar,16712,-980,-2040,-242,-373,471,1237517
2026-05-19 20:14:18,esterno,1984,15564,3448,-313,-542,-718,580084
2026-05-19 20:14:18,lombar,16512,-956,-2176,-260,-229,581,1237539
2026-05-19 20:14:18,esterno,2268,15576,3172,-319,-329,-894,580106
2026-05-19 20:14:18,lombar,16356,-1264,-2048,-398,-87,604,1237561
2026-05-19 20:14:18,esterno,2116,15368,2940,-503,-267,-736,580128
2026-05-19 20:14:18,lombar,16484,-1472,-2156,-314,-83,542,1237583
2026-05-19 20:14:18,esterno,2144,15340,2888,-501,-161,-657,580150
2026-05-19 20:14:18,lombar,16752,-1436,-1988,-141,-40,543,1237605
2026-05-19 20:14:18,esterno,2360,15504,3068,-438,54,-536,580172
2026-05-19 20:14:18,lombar,16752,-1072,-2128,-27,97,562,1237627
2026-05-19 20:14:18,esterno,1676,15620,3312,-480,57,-480,580194
2026-05-19 20:14:18,lombar,16512,-952,-1964,-66,122,729,1237649
2026-05-19 20:14:18,esterno,1388,15372,3684,-343,-53,-557,580216
2026-05-19 20:14:18,lombar,16404,-1164,-1700,-206,200,667,1237671
2026-05-19 20:14:18,esterno,1076,15460,3320,-420,-327,-537,580238
2026-05-19 20:14:18,lombar,16512,-1240,-1672,-198,186,594,1237693
2026-05-19 20:14:18,esterno,616,15296,3572,-383,-714,-442,580260
2026-05-19 20:14:18,lombar,16528,-1168,-1576,-228,58,563,1237715
2026-05-19 20:14:18,esterno,644,15460,3772,-348,-1057,-584,580282
2026-05-19 20:14:18,lombar,16608,-1068,-1684,-404,148,619,1237737
2026-05-19 20:14:18,esterno,1312,15564,3012,-342,-1113,-819,580304
2026-05-19 20:14:18,lombar,16668,-972,-1672,-541,83,758,1237759
2026-05-19 20:14:18,esterno,2020,15704,3376,-646,-887,-761,580326
2026-05-19 20:14:18,lombar,16540,-1140,-1632,-601,15,667,1237781
2026-05-19 20:14:18,esterno,2660,15712,2508,-783,-628,-535,580348
2026-05-19 20:14:18,lombar,16676,-972,-1488,-671,-1,575,1237803
2026-05-19 20:14:18,esterno,1704,15476,3036,-556,-722,-526,580370
2026-05-19 20:14:18,lombar,16616,-1008,-1572,-837,-35,565,1237825
2026-05-19 20:14:18,esterno,1244,15448,2920,-90,-661,-587,580392
2026-05-19 20:14:18,lombar,16576,-1312,-1456,-850,-52,528,1237847
2026-05-19 20:14:18,esterno,1480,15476,2528,-56,-388,-599,580414
2026-05-19 20:14:18,lombar,16452,-1292,-1384,-795,-40,520,1237869
2026-05-19 20:14:18,esterno,1648,15320,3152,-360,-957,-397,580436
2026-05-19 20:14:18,lombar,16512,-1268,-1336,-763,-225,466,1237891
2026-05-19 20:14:18,esterno,1312,15624,3020,-350,-683,-127,580458
2026-05-19 20:14:18,lombar,16532,-1252,-1492,-601,-370,526,1237913
2026-05-19 20:14:18,esterno,1460,15224,2788,-72,-465,-162,580480
2026-05-19 20:14:18,lombar,16580,-1348,-1596,-461,-335,560,1237935
2026-05-19 20:14:18,esterno,1632,15148,3252,366,-586,-355,580502
2026-05-19 20:14:18,lombar,16788,-1608,-1936,-298,-164,454,1237957
2026-05-19 20:14:19,esterno,1444,15432,3408,390,-419,-200,580524
2026-05-19 20:14:19,lombar,17368,-1948,-2064,-224,221,364,1237979
2026-05-19 20:14:19,esterno,676,16920,4108,-126,-392,303,580546
2026-05-19 20:14:19,lombar,18140,-2128,-2524,-474,443,65,1238001
2026-05-19 20:14:19,esterno,1144,18836,4044,-1209,-298,513,580568
2026-05-19 20:14:19,lombar,18608,-2688,-2208,-269,610,-577,1238023
2026-05-19 20:14:19,esterno,1044,17908,3672,-1358,-302,-988,580590
2026-05-19 20:14:19,lombar,17604,-2168,-1292,354,793,-1068,1238045
2026-05-19 20:14:19,esterno,1308,16644,2924,-1276,14,-2631,580612
2026-05-19 20:14:19,lombar,16148,-1280,-540,496,1122,-1186,1238067
2026-05-19 20:14:19,esterno,340,14804,4052,-1975,650,-2153,580634
2026-05-19 20:14:19,lombar,14864,-516,312,193,880,-1066,1238089
2026-05-19 20:14:19,esterno,1344,13232,2436,-2379,674,-750,580656
2026-05-19 20:14:19,lombar,14044,-232,-280,-7,730,-810,1238111
2026-05-19 20:14:19,esterno,588,11488,2012,-1194,487,470,580678
2026-05-19 20:14:19,lombar,13996,-1140,-624,298,823,-700,1238133
2026-05-19 20:14:19,esterno,1056,11640,2084,489,503,599,580700
2026-05-19 20:14:19,lombar,14060,-332,-236,1384,749,-745,1238155
2026-05-19 20:14:19,esterno,1744,12796,1756,388,1020,499,580722
2026-05-19 20:14:19,lombar,14040,2608,4,2867,928,86,1238177
2026-05-19 20:14:19,esterno,2788,12868,1968,594,1050,648,580744
2026-05-19 20:14:19,lombar,15300,3332,168,1161,183,2231,1238199
2026-05-19 20:14:19,esterno,3328,16200,1380,644,860,2041,580766
2026-05-19 20:14:19,lombar,20696,-3708,-4272,-2938,430,3198,1238221
2026-05-19 20:14:19,esterno,1660,21572,5000,-210,651,3415,580788
2026-05-19 20:14:19,lombar,22168,-6912,-260,-59,-2398,-22,1238243
2026-05-19 20:14:19,esterno,392,20460,4964,883,1295,1952,580810
2026-05-19 20:14:19,lombar,18472,-1604,-2156,1330,-3731,-1360,1238265
2026-05-19 20:14:19,esterno,-608,16420,5404,633,1108,-1591,580832
2026-05-19 20:14:19,lombar,15564,1668,-2728,1986,-1808,-360,1238287
2026-05-19 20:14:19,esterno,1284,14952,3856,-136,1205,-2238,580854
2026-05-19 20:14:19,lombar,14896,296,-1636,1318,27,681,1238309
2026-05-19 20:14:19,esterno,2120,14276,3812,837,836,-707,580876
2026-05-19 20:14:19,lombar,15412,-1616,-952,370,995,750,1238331
2026-05-19 20:14:19,esterno,2140,14168,2548,2530,-212,1686,580898
2026-05-19 20:14:19,lombar,16520,-2264,-768,-172,809,-35,1238353
2026-05-19 20:14:19,esterno,2184,12700,2324,892,827,2344,580920
2026-05-19 20:14:19,lombar,16928,-1012,-928,276,-262,-609,1238375
2026-05-19 20:14:19,esterno,472,14568,4172,-2160,554,198,580942
2026-05-19 20:14:19,lombar,16544,-488,-1544,808,-886,-152,1238397
2026-05-19 20:14:19,esterno,764,18484,3292,-508,457,556,580964
2026-05-19 20:14:19,lombar,16788,-508,-2132,1309,-717,407,1238419
2026-05-19 20:14:19,esterno,2000,16168,3232,583,372,763,580986
2026-05-19 20:14:19,lombar,17232,-868,-1988,1112,-616,434,1238441
2026-05-19 20:14:19,esterno,2528,15324,2900,-392,709,-28,581008
2026-05-19 20:14:19,lombar,17196,-1364,-1400,454,-648,101,1238463
2026-05-19 20:14:19,esterno,1632,15900,3736,-761,727,176,581030
2026-05-19 20:14:19,lombar,17344,-872,-1308,246,-1033,-249,1238485
2026-05-19 20:14:19,esterno,1556,16416,3572,-895,625,450,581052
2026-05-19 20:14:19,lombar,17448,-832,-1624,98,-1005,-136,1238507
2026-05-19 20:14:19,esterno,728,16716,3864,-1434,520,447,581074
2026-05-19 20:14:19,lombar,17108,-468,-1600,321,-472,-93,1238529
2026-05-19 20:14:19,esterno,1396,16552,3076,-1427,531,340,581096
2026-05-19 20:14:19,lombar,16548,-824,-792,291,-2,77,1238551
2026-05-19 20:14:19,esterno,2908,15284,2068,-1417,667,-21,581118
2026-05-19 20:14:19,lombar,15764,-880,132,384,13,59,1238573
2026-05-19 20:14:19,esterno,2720,14040,1880,-840,804,-148,581140
2026-05-19 20:14:19,lombar,14932,-516,368,136,-351,90,1238595
2026-05-19 20:14:19,esterno,760,12412,2744,75,543,-171,581162
2026-05-19 20:14:19,lombar,14020,-228,64,92,-530,231,1238617
2026-05-19 20:14:19,esterno,-752,11640,3012,702,665,-52,581184
2026-05-19 20:14:19,lombar,13512,-640,20,25,-709,565,1238639
2026-05-19 20:14:19,esterno,564,11724,2744,894,781,273,581206
2026-05-19 20:14:19,lombar,15596,-2108,-2356,-473,-1039,660,1238661
2026-05-19 20:14:19,esterno,2816,14484,1720,-95,798,828,581228
2026-05-19 20:14:19,lombar,18216,-3436,-2956,-356,-505,-373,1238683
2026-05-19 20:14:19,esterno,2596,20004,4472,-1592,695,2164,581250
2026-05-19 20:14:19,lombar,20440,48,-2504,780,-1439,-1117,1238705
2026-05-19 20:14:19,esterno,1640,22020,3892,-300,727,2382,581272
2026-05-19 20:14:19,lombar,19652,3036,-3036,597,-1372,414,1238727
2026-05-19 20:14:19,esterno,112,18140,5252,339,171,-1027,581294
2026-05-19 20:14:19,lombar,16632,-512,-2056,487,-1181,1167,1238749
2026-05-19 20:14:19,esterno,2460,15412,3824,180,127,-2355,581316
2026-05-19 20:14:19,lombar,15600,-2196,-1324,-26,-795,574,1238771
2026-05-19 20:14:19,esterno,3232,13608,3016,520,329,-1588,581338
2026-05-19 20:14:19,lombar,15184,-1708,-880,25,-338,47,1238793
2026-05-19 20:14:19,esterno,2420,12196,2900,-564,549,-438,581360
2026-05-19 20:14:19,lombar,15488,-60,-364,-107,-66,91,1238815
2026-05-19 20:14:19,esterno,2040,13264,2312,-1191,742,389,581382
2026-05-19 20:14:19,lombar,16368,-20,-1352,-225,-32,547,1238837
2026-05-19 20:14:19,esterno,356,15812,3444,-1609,670,1890,581404
2026-05-19 20:14:19,lombar,16888,-1396,-1632,-218,89,542,1238859
2026-05-19 20:14:19,esterno,600,16532,3752,-687,533,2143,581426
2026-05-19 20:14:19,lombar,17212,-1312,-1972,94,-304,245,1238881
2026-05-19 20:14:19,esterno,1848,16204,3472,-85,75,527,581448
2026-05-19 20:14:19,lombar,17024,-608,-2236,236,-429,295,1238903
2026-05-19 20:14:19,esterno,2120,15968,3808,-161,178,-747,581470
2026-05-19 20:14:19,lombar,16912,-1048,-1652,-104,-436,329,1238925
2026-05-19 20:14:19,esterno,1872,15540,3760,109,344,-599,581492
2026-05-19 20:14:19,lombar,16444,-1032,-1452,255,-472,228,1238947
2026-05-19 20:14:19,esterno,1984,15268,3652,-204,95,-96,581514
2026-05-19 20:14:20,lombar,16172,-644,-1640,217,-312,285,1238969
2026-05-19 20:14:20,esterno,1740,15048,3668,-253,400,367,581536
2026-05-19 20:14:20,lombar,16600,-688,-1460,141,85,293,1238991
2026-05-19 20:14:20,esterno,1596,15088,3652,-121,712,599,581558
2026-05-19 20:14:20,lombar,16612,-884,-1532,-65,145,307,1239013
2026-05-19 20:14:20,esterno,1612,15164,3708,-1015,856,557,581580
2026-05-19 20:14:20,lombar,16468,-1032,-2000,11,184,190,1239035
2026-05-19 20:14:20,esterno,1524,14916,3408,-564,912,-13,581602
2026-05-19 20:14:20,lombar,16532,-1100,-1592,-492,458,14,1239057
2026-05-19 20:14:20,esterno,1684,15356,3300,1103,317,-21,581624
2026-05-19 20:14:20,lombar,16528,-1016,-2012,-329,316,-123,1239079
2026-05-19 20:14:20,esterno,1148,15296,4016,587,477,-237,581646
2026-05-19 20:14:20,lombar,16396,-948,-1872,210,-17,-199,1239101
2026-05-19 20:14:20,esterno,1664,15428,4044,-1236,643,-219,581668
2026-05-19 20:14:20,lombar,16516,-448,-1588,321,-342,-63,1239123
2026-05-19 20:14:20,esterno,2064,15460,3580,-985,323,17,581690
2026-05-19 20:14:20,lombar,16652,-92,-1732,301,-485,177,1239145
2026-05-19 20:14:20,esterno,2116,15280,3440,100,614,-73,581712
2026-05-19 20:14:20,lombar,16556,-356,-1508,-67,-635,202,1239167
2026-05-19 20:14:20,esterno,2268,15228,3672,41,876,-78,581734
2026-05-19 20:14:20,lombar,16420,-780,-1632,-332,-584,78,1239189
2026-05-19 20:14:20,esterno,2328,15480,3068,-232,819,139,581756
2026-05-19 20:14:20,lombar,16764,-1072,-1840,122,-454,91,1239211
2026-05-19 20:14:20,esterno,2280,15368,3104,206,380,28,581778
2026-05-19 20:14:20,lombar,16728,-976,-1804,667,-358,164,1239233
2026-05-19 20:14:20,esterno,1200,15460,4520,802,255,-59,581800
2026-05-19 20:14:20,lombar,16700,-732,-1952,867,-457,198,1239255
2026-05-19 20:14:20,esterno,1004,15380,4340,979,48,8,581822
2026-05-19 20:14:20,lombar,16596,-548,-1620,600,-569,259,1239277
2026-05-19 20:14:20,esterno,1816,15004,3244,746,-79,-170,581844
2026-05-19 20:14:20,lombar,16568,-548,-1600,205,-722,221,1239299
2026-05-19 20:14:20,esterno,1644,15356,4172,269,-287,-284,581866
2026-05-19 20:14:20,lombar,16600,-464,-2024,201,-762,225,1239321
2026-05-19 20:14:20,esterno,1864,15620,3808,-154,-164,-92,581888
2026-05-19 20:14:20,lombar,16612,-348,-2024,357,-675,246,1239343
2026-05-19 20:14:20,esterno,2164,15532,3344,-195,-213,68,581910
2026-05-19 20:14:20,lombar,16724,-416,-1936,348,-743,355,1239365
2026-05-19 20:14:20,esterno,1964,15308,3720,13,-104,-77,581932
2026-05-19 20:14:20,lombar,16560,-504,-1820,168,-766,326,1239387
2026-05-19 20:14:20,esterno,1744,15448,3716,41,-54,46,581954
2026-05-19 20:14:20,lombar,16548,-500,-1688,-89,-784,291,1239409
2026-05-19 20:14:20,esterno,1628,15588,3856,-10,-181,214,581976
2026-05-19 20:14:20,lombar,16632,-632,-1960,-141,-786,290,1239431
2026-05-19 20:14:20,esterno,1664,15352,3728,-224,-109,203,581998
2026-05-19 20:14:20,lombar,16696,-800,-2156,-111,-639,327,1239453
2026-05-19 20:14:20,esterno,1576,15368,3052,-26,193,8,582020
2026-05-19 20:14:20,lombar,16516,-664,-1976,-35,-602,326,1239475
2026-05-19 20:14:20,esterno,1676,15416,3828,-155,-244,-160,582042
2026-05-19 20:14:20,lombar,16372,-540,-1764,-240,-486,335,1239497
2026-05-19 20:14:20,esterno,1644,15340,3708,-405,-382,-74,582064
2026-05-19 20:14:20,lombar,16408,-580,-1904,-325,-514,377,1239519
2026-05-19 20:14:20,esterno,1432,15232,3340,-472,-94,55,582086
2026-05-19 20:14:20,lombar,16580,-656,-1992,-253,-537,441,1239541
2026-05-19 20:14:20,esterno,2088,15396,3320,-446,27,-46,582108
2026-05-19 20:14:20,lombar,16604,-728,-2060,-315,-447,427,1239563
2026-05-19 20:14:20,esterno,2104,15556,3436,-461,85,-146,582130
2026-05-19 20:14:20,lombar,16652,-568,-1880,-313,-314,419,1239585
2026-05-19 20:14:20,esterno,1796,15540,3612,-619,206,-202,582152
2026-05-19 20:14:20,lombar,16456,-460,-1876,-360,-360,378,1239607
2026-05-19 20:14:20,esterno,1980,15324,3444,-526,246,-159,582174
2026-05-19 20:14:20,lombar,16424,-556,-1956,-326,-401,470,1239629
2026-05-19 20:14:20,esterno,1936,15476,3344,-586,281,-71,582196
2026-05-19 20:14:20,lombar,16620,-608,-1880,-68,-475,450,1239651
2026-05-19 20:14:20,esterno,1748,15376,3840,-646,281,-24,582218
2026-05-19 20:14:20,lombar,16584,-584,-2120,39,-518,536,1239673
2026-05-19 20:14:20,esterno,1764,15376,3464,-505,301,15,582240
2026-05-19 20:14:20,lombar,16516,-548,-1980,-18,-557,551,1239695
2026-05-19 20:14:20,esterno,1444,15348,4032,-473,272,97,582262
2026-05-19 20:14:20,lombar,16508,-568,-2032,19,-648,501,1239717
2026-05-19 20:14:20,esterno,1152,15124,3516,-260,191,109,582284
2026-05-19 20:14:20,lombar,16516,-732,-1976,80,-693,474,1239739
2026-05-19 20:14:20,esterno,1112,15268,3832,-204,-171,106,582306
2026-05-19 20:14:20,lombar,16596,-940,-1972,156,-742,390,1239761
2026-05-19 20:14:20,esterno,1400,15608,3772,-404,-180,90,582328
2026-05-19 20:14:20,lombar,16616,-720,-2072,276,-677,276,1239783
2026-05-19 20:14:20,esterno,1576,15520,3804,-473,-489,7,582350
2026-05-19 20:14:20,lombar,16604,-460,-1876,117,-512,251,1239805
2026-05-19 20:14:20,esterno,1836,15600,3612,-506,-631,-46,582372
2026-05-19 20:14:20,lombar,16488,-448,-1972,-119,-563,295,1239827
2026-05-19 20:14:20,esterno,2056,15516,3728,-589,-510,62,582394
2026-05-19 20:14:20,lombar,16372,-484,-1972,-111,-656,214,1239849
2026-05-19 20:14:20,esterno,2052,15228,3308,-476,-308,197,582416
2026-05-19 20:14:20,lombar,16372,-532,-1904,-147,-649,365,1239871
2026-05-19 20:14:20,esterno,1752,15120,3520,-411,-234,291,582438
2026-05-19 20:14:20,lombar,16564,-552,-1700,-176,-579,345,1239893
2026-05-19 20:14:20,esterno,1852,15384,3316,-588,-59,469,582460
2026-05-19 20:14:20,lombar,16596,-648,-1776,-198,-600,295,1239915
2026-05-19 20:14:20,esterno,1660,15516,3492,-405,-80,446,582482
2026-05-19 20:14:20,lombar,16568,-768,-1932,-144,-596,286,1239937
2026-05-19 20:14:20,esterno,1844,15392,3820,-184,-258,346,582504
2026-05-19 20:14:20,lombar,16568,-824,-1968,-75,-656,247,1239959
2026-05-19 20:14:21,esterno,1808,15436,3868,-172,-264,316,582526
2026-05-19 20:14:21,lombar,16656,-688,-2116,78,-525,262,1239981
2026-05-19 20:14:21,esterno,1720,15380,3304,-71,156,292,582548
2026-05-19 20:14:21,lombar,16488,-556,-2112,105,-442,321,1240003
2026-05-19 20:14:21,esterno,2092,15348,3952,-351,-358,262,582570
2026-05-19 20:14:21,lombar,16528,-440,-2120,105,-351,318,1240025
2026-05-19 20:14:21,esterno,1816,15544,3664,-385,-379,435,582592
2026-05-19 20:14:21,lombar,16596,-440,-2052,22,-338,362,1240047
2026-05-19 20:14:21,esterno,1976,15152,3388,-321,-73,482,582614
2026-05-19 20:14:21,lombar,16560,-656,-2212,17,-272,394,1240069
2026-05-19 20:14:21,esterno,1968,15304,3716,-170,-38,269,582636
2026-05-19 20:14:21,lombar,16540,-772,-2136,32,-277,349,1240091
2026-05-19 20:14:21,esterno,2052,15340,3584,-283,90,120,582658
2026-05-19 20:14:21,lombar,16560,-708,-2160,35,-233,361,1240113
2026-05-19 20:14:21,esterno,1724,15408,3972,-358,198,159,582680
2026-05-19 20:14:21,lombar,16460,-624,-2116,-75,-202,440,1240135
2026-05-19 20:14:21,esterno,1872,15164,3804,-325,141,187,582702
2026-05-19 20:14:21,lombar,16480,-600,-2060,-121,-293,352,1240157
2026-05-19 20:14:21,esterno,1888,15296,3636,-452,-37,201,582724
2026-05-19 20:14:21,lombar,16428,-704,-2028,-77,-346,380,1240179
2026-05-19 20:14:21,esterno,1712,15240,3812,-561,-107,120,582746
2026-05-19 20:14:21,lombar,16420,-640,-2084,-104,-348,382,1240201
2026-05-19 20:14:21,esterno,1760,15244,3740,-497,-204,59,582768
2026-05-19 20:14:21,lombar,16492,-604,-2120,-241,-342,327,1240223
2026-05-19 20:14:21,esterno,1908,15472,4080,-681,-318,115,582790
2026-05-19 20:14:21,lombar,16564,-368,-2220,-404,-270,381,1240245
2026-05-19 20:14:21,esterno,1860,15164,3496,-514,-237,60,582812
2026-05-19 20:14:21,lombar,16476,-596,-2064,-476,-328,439,1240267
2026-05-19 20:14:21,esterno,2028,15052,3800,-412,-437,-9,582834
2026-05-19 20:14:21,lombar,16456,-812,-2048,-487,-329,379,1240289
2026-05-19 20:14:21,esterno,2152,15308,4064,-339,-409,37,582856
2026-05-19 20:14:21,lombar,16524,-632,-2168,-460,-314,300,1240311
2026-05-19 20:14:21,esterno,1952,15284,4064,-534,-622,82,582878
2026-05-19 20:14:21,lombar,16572,-608,-2180,-604,-339,282,1240333
2026-05-19 20:14:21,esterno,1644,15388,4160,-409,-819,-54,582900
2026-05-19 20:14:21,lombar,16544,-536,-2200,-694,-307,267,1240355
2026-05-19 20:14:21,esterno,1964,15268,4188,-441,-875,-123,582922
2026-05-19 20:14:21,lombar,16580,-668,-2312,-687,-300,272,1240377
2026-05-19 20:14:21,esterno,2092,15288,4000,-631,-956,-189,582944
2026-05-19 20:14:21,lombar,16660,-572,-2320,-676,-257,290,1240399
2026-05-19 20:14:21,esterno,1912,15296,3936,-524,-1015,-210,582966
2026-05-19 20:14:21,lombar,16444,-588,-2288,-636,-248,350,1240421
2026-05-19 20:14:21,esterno,2040,15328,3864,-406,-954,-199,582988
2026-05-19 20:14:21,lombar,16592,-568,-2264,-589,-276,366,1240443
2026-05-19 20:14:21,esterno,2240,15264,3872,-492,-1060,-66,583010
2026-05-19 20:14:21,lombar,16532,-632,-2080,-558,-242,416,1240465
2026-05-19 20:14:21,esterno,2396,15288,3912,-452,-1176,-121,583032
2026-05-19 20:14:21,lombar,16496,-592,-2200,-555,-270,510,1240487
2026-05-19 20:14:21,esterno,2464,15296,3708,-292,-1071,-128,583054
2026-05-19 20:14:21,lombar,16420,-788,-2124,-532,-304,448,1240509
2026-05-19 20:14:21,esterno,2056,15052,3448,-27,-684,-189,583076
2026-05-19 20:14:21,lombar,16540,-560,-2028,-396,-324,375,1240531
2026-05-19 20:14:21,esterno,2440,15148,4312,-275,-1051,-213,583098
2026-05-19 20:14:21,lombar,16508,-440,-2100,-386,-312,434,1240553
2026-05-19 20:14:21,esterno,2472,15312,3744,-266,-986,-45,583120
2026-05-19 20:14:21,lombar,16400,-540,-2156,-347,-288,524,1240575
2026-05-19 20:14:21,esterno,1928,15080,3752,-24,-657,-105,583142
2026-05-19 20:14:21,lombar,16520,-640,-2304,-254,-261,521,1240597
2026-05-19 20:14:21,esterno,2168,15276,3860,-2,-493,-236,583164
2026-05-19 20:14:21,lombar,16612,-804,-2200,-221,-270,466,1240619
2026-05-19 20:14:21,esterno,2408,15452,3860,-61,-401,-256,583186
2026-05-19 20:14:21,lombar,16568,-580,-2188,-177,-242,487,1240641
2026-05-19 20:14:21,esterno,2092,15252,4184,-309,-263,-96,583208
2026-05-19 20:14:21,lombar,16548,-404,-2188,-281,-288,532,1240663
2026-05-19 20:14:21,esterno,2112,15344,4072,-422,-147,-90,583230
2026-05-19 20:14:21,lombar,16496,-504,-1892,-320,-314,490,1240685
2026-05-19 20:14:21,esterno,2252,15188,3776,-575,-66,-183,583252
2026-05-19 20:14:21,lombar,16308,-764,-1936,-270,-213,468,1240707
2026-05-19 20:14:21,esterno,2328,15140,3816,-456,13,-245,583274
2026-05-19 20:14:21,lombar,16464,-788,-2048,-73,-298,408,1240729
2026-05-19 20:14:21,esterno,2104,15164,4072,-318,146,-57,583296
2026-05-19 20:14:21,lombar,16624,-696,-2056,-32,-334,502,1240751
2026-05-19 20:14:21,esterno,2200,15164,4076,-445,239,-49,583318
2026-05-19 20:14:21,lombar,16516,-616,-1932,-16,-380,428,1240773
2026-05-19 20:14:21,esterno,2112,15240,3828,-323,337,-89,583340
2026-05-19 20:14:21,lombar,16544,-664,-1932,-136,-326,404,1240795
2026-05-19 20:14:21,esterno,2252,15220,4176,-295,142,-63,583362
2026-05-19 20:14:21,lombar,16612,-760,-2052,-230,-265,271,1240817
2026-05-19 20:14:21,esterno,2272,15280,4212,-188,257,26,583384
2026-05-19 20:14:21,lombar,16496,-824,-2204,-85,-201,255,1240839
2026-05-19 20:14:21,esterno,2244,15216,3956,-171,180,82,583406
2026-05-19 20:14:21,lombar,16644,-740,-2116,60,-180,223,1240861
2026-05-19 20:14:21,esterno,2052,15324,4320,-145,210,47,583428
2026-05-19 20:14:21,lombar,16516,-696,-2360,192,-164,163,1240883
2026-05-19 20:14:21,esterno,2376,15264,4048,-110,213,67,583450
2026-05-19 20:14:21,lombar,16560,-648,-2304,370,-142,242,1240905
2026-05-19 20:14:21,esterno,2220,15156,3904,-90,233,27,583472
2026-05-19 20:14:21,lombar,16508,-720,-2080,378,-73,125,1240927
2026-05-19 20:14:21,esterno,2084,15028,4120,-30,353,2,583494
2026-05-19 20:14:21,lombar,16500,-744,-2052,412,-82,109,1240949
2026-05-19 20:14:21,esterno,2212,15208,3924,-12,459,44,583516
2026-05-19 20:14:22,lombar,16516,-600,-2036,432,-61,176,1240971
2026-05-19 20:14:22,esterno,2136,15124,3900,71,523,22,583538
2026-05-19 20:14:22,lombar,16512,-660,-2192,476,-71,131,1240993
2026-05-19 20:14:22,esterno,2008,15160,3984,82,361,-9,583560
2026-05-19 20:14:22,lombar,16532,-624,-2236,589,-124,99,1241015
2026-05-19 20:14:22,esterno,1956,15344,4452,244,275,-31,583582
2026-05-19 20:14:22,lombar,16464,-692,-2204,526,-147,104,1241037
2026-05-19 20:14:22,esterno,1920,15144,3540,412,814,-80,583604
2026-05-19 20:14:22,lombar,16520,-612,-2432,475,-141,60,1241059
2026-05-19 20:14:22,esterno,2384,15332,4516,86,213,-27,583626
2026-05-19 20:14:22,lombar,16548,-556,-2040,460,-137,118,1241081
2026-05-19 20:14:22,esterno,2176,15384,3844,144,262,43,583648
2026-05-19 20:14:22,lombar,16492,-456,-2104,398,-152,219,1241103
2026-05-19 20:14:22,esterno,1876,15108,3760,201,749,-42,583670
2026-05-19 20:14:22,lombar,16376,-596,-2152,460,-147,147,1241125
2026-05-19 20:14:22,esterno,2296,15136,3892,316,806,-108,583692
2026-05-19 20:14:22,lombar,16448,-612,-2136,452,-216,143,1241147
2026-05-19 20:14:22,esterno,2220,15480,3768,110,886,2,583714
2026-05-19 20:14:22,lombar,16652,-336,-2264,461,-190,223,1241169
2026-05-19 20:14:22,esterno,1760,15308,4068,-91,772,108,583736
2026-05-19 20:14:22,lombar,16408,-496,-2016,308,-223,256,1241191
2026-05-19 20:14:22,esterno,1816,15296,4152,75,765,85,583758
2026-05-19 20:14:22,lombar,16400,-692,-2168,326,-343,204,1241213
2026-05-19 20:14:22,esterno,2076,15228,3972,-58,825,13,583780
2026-05-19 20:14:22,lombar,16448,-736,-2064,366,-376,220,1241235
2026-05-19 20:14:22,esterno,1932,15256,4128,-225,744,-2,583802
2026-05-19 20:14:22,lombar,16456,-432,-1972,280,-379,235,1241257
2026-05-19 20:14:22,esterno,1912,15376,3940,-305,663,88,583824
2026-05-19 20:14:22,lombar,16360,-612,-1880,146,-470,213,1241279
2026-05-19 20:14:22,esterno,1976,15112,4184,-333,408,67,583846
2026-05-19 20:14:22,lombar,16472,-684,-2056,176,-560,228,1241301
2026-05-19 20:14:22,esterno,1796,14928,3868,-403,543,-3,583868
2026-05-19 20:14:22,lombar,16556,-572,-2364,269,-452,183,1241323
2026-05-19 20:14:22,esterno,2288,15120,4192,-145,399,116,583890
2026-05-19 20:14:22,lombar,16564,-552,-2148,289,-346,324,1241345
2026-05-19 20:14:22,esterno,2312,15500,4080,-9,556,362,583912
2026-05-19 20:14:22,lombar,16612,-632,-2124,297,-270,249,1241367
2026-05-19 20:14:22,esterno,2192,15244,4060,-40,467,390,583934
2026-05-19 20:14:22,lombar,16648,-560,-2336,363,-216,297,1241389
2026-05-19 20:14:22,esterno,2188,15244,3736,14,498,324,583956
2026-05-19 20:14:22,lombar,16412,-588,-2316,581,-169,268,1241411
2026-05-19 20:14:22,esterno,2156,15392,3924,-83,493,399,583978
2026-05-19 20:14:22,lombar,16528,-576,-2212,836,-195,399,1241433
2026-05-19 20:14:22,esterno,1924,15076,4124,-405,551,441,584000
2026-05-19 20:14:22,lombar,16664,-512,-2268,946,-100,371,1241455
2026-05-19 20:14:22,esterno,1940,15088,4108,-28,556,414,584022
2026-05-19 20:14:22,lombar,16528,-676,-2228,783,-34,430,1241477
2026-05-19 20:14:22,esterno,1972,15188,4100,39,683,398,584044
2026-05-19 20:14:22,lombar,16668,-704,-2528,883,-74,128,1241499
2026-05-19 20:14:22,esterno,2136,14992,4040,206,947,346,584066
2026-05-19 20:14:22,lombar,16648,-888,-2692,968,73,73,1241521
2026-05-19 20:14:22,esterno,2160,15136,4116,441,1212,236,584088
2026-05-19 20:14:22,lombar,16688,-872,-2368,1050,188,-52,1241543
2026-05-19 20:14:22,esterno,2340,15232,3960,500,1307,243,584110
2026-05-19 20:14:22,lombar,16700,-780,-2348,1119,293,-243,1241565
2026-05-19 20:14:22,esterno,2076,15212,4088,474,1819,188,584132
2026-05-19 20:14:22,lombar,16568,-524,-1976,1208,307,-189,1241587
2026-05-19 20:14:22,esterno,2168,15340,4568,248,961,348,584154
2026-05-19 20:14:22,lombar,16388,-180,-1844,1084,265,-52,1241609
2026-05-19 20:14:22,lombar,16368,-112,-1896,848,293,110,1241631
2026-05-19 20:14:22,esterno,2028,15420,3700,227,1202,513,584176
2026-05-19 20:14:22,esterno,1992,15132,3544,832,1314,398,584198
2026-05-19 20:14:22,lombar,16572,-412,-2272,788,313,252,1241653
2026-05-19 20:14:22,esterno,2220,15120,3800,1098,1144,261,584220
2026-05-19 20:14:22,lombar,16444,-712,-2028,855,346,197,1241675
2026-05-19 20:14:22,esterno,2020,15312,3996,690,1206,254,584242
2026-05-19 20:14:22,lombar,16464,-580,-1912,922,227,165,1241697
2026-05-19 20:14:22,esterno,2064,15244,3664,655,1277,155,584264
2026-05-19 20:14:22,lombar,16336,-564,-1832,851,146,145,1241719
2026-05-19 20:14:22,esterno,1912,15192,3828,590,1248,191,584286
2026-05-19 20:14:22,lombar,16492,-516,-1968,921,-87,157,1241741
2026-05-19 20:14:22,esterno,2092,15592,3916,265,1436,173,584308
2026-05-19 20:14:22,lombar,16604,-600,-1944,997,-112,75,1241763
2026-05-19 20:14:22,esterno,1936,15524,3868,-208,1535,252,584330
2026-05-19 20:14:22,lombar,16528,-472,-2000,1106,-173,160,1241785
2026-05-19 20:14:22,esterno,2092,15432,3484,-153,1509,137,584352
2026-05-19 20:14:22,lombar,16512,-328,-1932,994,-58,115,1241807
2026-05-19 20:14:22,esterno,2180,15260,4156,-100,1209,108,584374
2026-05-19 20:14:22,lombar,16532,-288,-1948,784,13,210,1241829
2026-05-19 20:14:22,esterno,1908,15420,3640,-217,1193,268,584396
2026-05-19 20:14:22,lombar,16716,-468,-1792,696,8,244,1241851
2026-05-19 20:14:22,esterno,2164,15448,3988,31,789,330,584418
2026-05-19 20:14:22,lombar,16776,-416,-1732,816,13,252,1241873
2026-05-19 20:14:22,esterno,2144,15532,3936,214,840,222,584440
2026-05-19 20:14:22,lombar,16844,-444,-2016,925,-50,328,1241895
2026-05-19 20:14:22,esterno,2388,15480,3844,178,660,159,584462
2026-05-19 20:14:22,lombar,16484,-292,-1812,640,16,347,1241917
2026-05-19 20:14:22,esterno,2504,15348,4200,-190,710,59,584484
2026-05-19 20:14:22,lombar,16504,-96,-1732,421,74,276,1241939
2026-05-19 20:14:22,esterno,2608,15336,3676,-622,833,255,584506
2026-05-19 20:14:22,lombar,16660,-280,-1912,506,28,432,1241961
2026-05-19 20:14:23,esterno,2260,15236,3640,-381,697,278,584528
2026-05-19 20:14:23,lombar,16796,-372,-1784,765,34,509,1241983
2026-05-19 20:14:23,esterno,1984,15368,3856,-509,626,324,584550
2026-05-19 20:14:23,lombar,16672,-460,-1632,812,122,549,1242005
2026-05-19 20:14:23,esterno,1740,15344,3724,-590,550,153,584572
2026-05-19 20:14:23,lombar,16548,-628,-1436,765,130,538,1242027
2026-05-19 20:14:23,esterno,1616,15280,3644,-295,286,-184,584594
2026-05-19 20:14:23,lombar,16588,-732,-1416,663,142,340,1242049
2026-05-19 20:14:23,esterno,1596,15148,3540,224,-81,-308,584616
2026-05-19 20:14:23,lombar,16464,-568,-1300,372,228,248,1242071
2026-05-19 20:14:23,esterno,1564,15072,3000,372,305,-426,584638
2026-05-19 20:14:23,lombar,16424,-276,-1268,17,431,115,1242093
2026-05-19 20:14:23,esterno,1772,14976,3668,182,-448,-483,584660
2026-05-19 20:14:23,lombar,16460,-364,-1496,-324,513,196,1242115
2026-05-19 20:14:23,esterno,1676,15472,3648,306,-809,-363,584682
2026-05-19 20:14:23,lombar,16624,-324,-1488,-403,344,310,1242137
2026-05-19 20:14:23,esterno,1772,15316,3464,631,-857,-409,584704
2026-05-19 20:14:23,lombar,16568,-164,-1476,-283,195,437,1242159
2026-05-19 20:14:23,esterno,2252,15456,3844,783,-874,-464,584726
2026-05-19 20:14:23,lombar,16788,-300,-1416,-397,92,560,1242181
2026-05-19 20:14:23,esterno,2352,15688,3208,597,-822,-425,584748
2026-05-19 20:14:23,lombar,16768,-252,-1472,-623,28,578,1242203
2026-05-19 20:14:23,esterno,1944,15608,3964,135,-1080,-349,584770
2026-05-19 20:14:23,lombar,16536,-232,-1496,-818,-57,711,1242225
2026-05-19 20:14:23,esterno,1860,15612,3660,-257,-1148,-355,584792
2026-05-19 20:14:23,lombar,16608,-368,-1216,-803,-281,741,1242247
2026-05-19 20:14:23,esterno,2112,15348,3416,-382,-1212,-375,584814
2026-05-19 20:14:23,lombar,16736,-432,-1356,-902,-317,795,1242269
2026-05-19 20:14:23,esterno,2184,15520,3656,-435,-1263,-351,584836
2026-05-19 20:14:23,lombar,16684,-368,-1508,-923,-183,796,1242291
2026-05-19 20:14:23,esterno,2124,15576,3616,-605,-1299,-280,584858
2026-05-19 20:14:23,lombar,16608,-448,-1372,-991,-164,786,1242313
2026-05-19 20:14:23,esterno,1860,15384,3528,-690,-1412,-352,584880
2026-05-19 20:14:23,lombar,16588,-580,-1376,-1053,-70,761,1242335
2026-05-19 20:14:23,esterno,1848,15384,3140,-624,-1221,-349,584902
2026-05-19 20:14:23,lombar,16548,-664,-1388,-973,-127,792,1242357
2026-05-19 20:14:23,esterno,1988,15236,3812,-228,-1574,-263,584924
2026-05-19 20:14:23,lombar,16540,-668,-1320,-719,-99,689,1242379
2026-05-19 20:14:23,esterno,2536,15628,3604,-122,-1388,-57,584946
2026-05-19 20:14:23,lombar,16552,-800,-1468,-545,-138,736,1242401
2026-05-19 20:14:23,esterno,1896,15508,3492,-245,-1592,48,584968
2026-05-19 20:14:23,lombar,16620,-508,-1432,-622,-106,719,1242423
2026-05-19 20:14:23,esterno,1928,15288,3548,-334,-1478,-130,584990
2026-05-19 20:14:23,lombar,16696,-632,-1148,-680,-93,668,1242445
2026-05-19 20:14:23,esterno,2216,15492,3272,-477,-1300,77,585012
2026-05-19 20:14:23,lombar,16728,-764,-1116,-655,-111,586,1242467
2026-05-19 20:14:23,esterno,1784,14924,3428,-261,-1240,120,585034
2026-05-19 20:14:23,lombar,16628,-880,-1016,-630,-63,504,1242489
2026-05-19 20:14:23,esterno,2128,15148,2976,-212,-1238,9,585056
2026-05-19 20:14:23,lombar,16368,-1024,-1196,-530,-56,469,1242511
2026-05-19 20:14:23,esterno,1512,15036,3652,-397,-1250,-194,585078
2026-05-19 20:14:23,lombar,16416,-792,-1228,-385,-35,472,1242533
2026-05-19 20:14:23,esterno,2548,15036,2980,-739,-1210,-514,585100
2026-05-19 20:14:23,lombar,16524,-700,-1232,-325,-102,484,1242555
2026-05-19 20:14:23,esterno,2212,15352,3428,-714,-1327,-510,585122
2026-05-19 20:14:23,lombar,16472,-920,-1248,-212,-255,437,1242577
2026-05-19 20:14:23,esterno,2288,15192,3476,-529,-1258,-453,585144
2026-05-19 20:14:23,lombar,16696,-988,-1316,-43,-252,411,1242599
2026-05-19 20:14:23,esterno,2268,15480,3560,-457,-652,-239,585166
2026-05-19 20:14:23,lombar,16924,-376,-1464,317,-241,433,1242621
2026-05-19 20:14:23,esterno,2276,15804,4116,-575,-1159,-182,585188
2026-05-19 20:14:23,lombar,16752,-308,-1108,-73,65,671,1242643
2026-05-19 20:14:23,esterno,2372,15528,3416,-471,-971,-25,585210
2026-05-19 20:14:23,lombar,16576,-820,-1208,-333,134,671,1242665
2026-05-19 20:14:23,esterno,1824,15020,3384,-398,-425,-118,585232
2026-05-19 20:14:23,lombar,16644,-936,-1008,-255,151,513,1242687
2026-05-19 20:14:23,esterno,2508,15068,3108,-380,-314,-269,585254
2026-05-19 20:14:23,lombar,16672,-944,-1020,-345,30,348,1242709
2026-05-19 20:14:23,esterno,1652,15416,3504,-637,-351,-186,585276
2026-05-19 20:14:23,lombar,16652,-868,-1100,-493,53,217,1242731
2026-05-19 20:14:23,esterno,1736,15332,3832,-735,-252,-255,585298
2026-05-19 20:14:23,lombar,16664,-596,-784,-548,-73,258,1242753
2026-05-19 20:14:23,esterno,1972,15448,3552,-679,-174,-234,585320
2026-05-19 20:14:23,lombar,16616,-668,-788,-584,-242,379,1242775
2026-05-19 20:14:23,esterno,2096,15148,3464,-588,-37,-125,585342
2026-05-19 20:14:23,lombar,16448,-1004,-1184,-546,-325,242,1242797
2026-05-19 20:14:23,esterno,2228,15216,3436,-604,117,-8,585364
2026-05-19 20:14:23,lombar,16720,-780,-1408,-359,-295,236,1242819
2026-05-19 20:14:23,esterno,2196,15548,3480,-642,249,85,585386
2026-05-19 20:14:23,lombar,16672,-844,-1148,-214,-290,329,1242841
2026-05-19 20:14:23,esterno,2544,15452,3732,-709,225,133,585408
2026-05-19 20:14:23,lombar,16528,-948,-1172,-20,-505,333,1242863
2026-05-19 20:14:23,esterno,2140,15248,3312,-688,641,159,585430
2026-05-19 20:14:23,lombar,16608,-884,-1284,188,-603,267,1242885
2026-05-19 20:14:23,esterno,2508,15188,3800,-524,570,179,585452
2026-05-19 20:14:23,lombar,16632,-952,-1368,462,-398,285,1242907
2026-05-19 20:14:23,esterno,2288,15368,3928,-537,835,303,585474
2026-05-19 20:14:23,lombar,16656,-956,-1248,570,-301,368,1242929
2026-05-19 20:14:23,esterno,2184,15264,4088,-474,697,237,585496
2026-05-19 20:14:23,lombar,16640,-1076,-1236,487,-322,372,1242951
2026-05-19 20:14:24,esterno,2168,15292,3948,-471,724,188,585518
2026-05-19 20:14:24,lombar,16716,-900,-1212,630,-355,237,1242973
2026-05-19 20:14:24,esterno,1980,15248,3976,-502,733,263,585540
2026-05-19 20:14:24,lombar,16716,-868,-1236,766,-372,209,1242995
2026-05-19 20:14:24,esterno,1892,15300,3996,-357,672,271,585562
2026-05-19 20:14:24,lombar,16728,-556,-1236,787,-330,268,1243017
2026-05-19 20:14:24,esterno,1864,15192,4024,-311,678,117,585584
2026-05-19 20:14:24,lombar,16564,-656,-1160,650,-397,268,1243039
2026-05-19 20:14:24,esterno,2060,15176,4000,-378,701,87,585606
2026-05-19 20:14:24,lombar,16536,-888,-1280,493,-418,263,1243061
2026-05-19 20:14:24,esterno,2100,15260,4028,-455,677,70,585628
2026-05-19 20:14:24,lombar,16636,-660,-1248,456,-486,216,1243083
2026-05-19 20:14:24,esterno,2176,15356,4216,-520,595,181,585650
2026-05-19 20:14:24,lombar,16604,-548,-1172,406,-392,298,1243105
2026-05-19 20:14:24,esterno,2044,15252,3936,-421,612,145,585672
2026-05-19 20:14:24,lombar,16620,-464,-1224,247,-405,340,1243127
2026-05-19 20:14:24,esterno,1984,15196,4336,-371,816,11,585694
2026-05-19 20:14:24,lombar,16672,-684,-1048,96,-452,401,1243149
2026-05-19 20:14:24,esterno,2396,15564,4204,-689,287,86,585716
2026-05-19 20:14:24,lombar,16652,-700,-1260,-10,-463,406,1243171
2026-05-19 20:14:24,esterno,1776,15120,3668,-482,153,153,585738
2026-05-19 20:14:24,lombar,16620,-780,-1268,25,-448,415,1243193
2026-05-19 20:14:24,esterno,1904,14944,3860,-336,473,31,585760
2026-05-19 20:14:24,lombar,16452,-688,-1168,116,-511,531,1243215
2026-05-19 20:14:24,esterno,2288,15232,4216,-335,420,-76,585782
2026-05-19 20:14:24,lombar,16780,-716,-1120,-52,-450,541,1243237
2026-05-19 20:14:24,esterno,2060,15372,4040,-375,328,-93,585804
2026-05-19 20:14:24,lombar,16660,-760,-1344,-182,-400,566,1243259
2026-05-19 20:14:24,esterno,1936,15148,4244,-408,315,-122,585826
2026-05-19 20:14:24,lombar,16584,-848,-1076,-196,-407,571,1243281
2026-05-19 20:14:24,esterno,2000,15244,4152,-453,171,-41,585848
2026-05-19 20:14:24,lombar,16596,-672,-1440,-20,-560,601,1243303
2026-05-19 20:14:24,esterno,2016,15020,3868,-267,70,-104,585870
2026-05-19 20:14:24,lombar,16488,-520,-1400,46,-637,585,1243325
2026-05-19 20:14:24,esterno,2092,15064,4220,-300,86,-94,585892
2026-05-19 20:14:24,lombar,16580,-856,-1388,-41,-677,633,1243347
2026-05-19 20:14:24,esterno,2032,15316,4380,-367,-15,-90,585914
2026-05-19 20:14:24,lombar,16712,-904,-1444,84,-644,566,1243369
2026-05-19 20:14:24,esterno,2164,15252,4528,-386,-29,-106,585936
2026-05-19 20:14:24,lombar,16756,-980,-1644,234,-532,553,1243391
2026-05-19 20:14:24,esterno,2004,14972,4172,-225,-1,-74,585958
2026-05-19 20:14:24,lombar,16712,-1032,-1736,390,-220,520,1243413
2026-05-19 20:14:24,esterno,2340,15096,4312,-273,-20,-114,585980
2026-05-19 20:14:24,lombar,16748,-1020,-1708,458,154,583,1243435
2026-05-19 20:14:24,esterno,2104,15116,4188,-378,295,-110,586002
2026-05-19 20:14:24,lombar,16820,-932,-1872,409,453,403,1243457
2026-05-19 20:14:24,esterno,2060,15164,4476,-529,592,-309,586024
2026-05-19 20:14:24,lombar,16596,-924,-1536,538,980,359,1243479
2026-05-19 20:14:24,esterno,2100,15360,4204,-295,702,-538,586046
2026-05-19 20:14:24,lombar,16972,-736,-1328,433,1468,383,1243501
2026-05-19 20:14:24,esterno,2212,15580,4836,-123,904,-404,586068
2026-05-19 20:14:24,lombar,16716,-552,-816,273,1714,644,1243523
2026-05-19 20:14:24,esterno,1884,15220,4304,-321,915,-616,586090
2026-05-19 20:14:24,lombar,16540,-452,-360,39,1332,611,1243545
2026-05-19 20:14:24,esterno,1804,14740,3948,-90,904,-850,586112
2026-05-19 20:14:24,lombar,16444,-716,-460,-166,1355,813,1243567
2026-05-19 20:14:24,esterno,1716,14948,4360,419,866,-924,586134
2026-05-19 20:14:24,lombar,16276,-804,-124,-202,404,848,1243589
2026-05-19 20:14:24,esterno,1752,15236,4448,425,623,-1093,586156
2026-05-19 20:14:24,lombar,16700,-916,-1280,-83,408,813,1243611
2026-05-19 20:14:24,esterno,1844,14932,3828,306,541,-880,586178
2026-05-19 20:14:24,lombar,16932,-772,-1532,-379,572,812,1243633
2026-05-19 20:14:24,esterno,1952,14944,4296,364,155,-946,586200
2026-05-19 20:14:24,lombar,16608,-1128,-1104,-308,336,631,1243655
2026-05-19 20:14:24,esterno,1800,15284,4716,-14,-189,-625,586222
2026-05-19 20:14:24,lombar,16632,-1560,-832,-437,-388,355,1243677
2026-05-19 20:14:24,esterno,1992,15520,4108,-213,61,-271,586244
2026-05-19 20:14:24,lombar,16740,-1264,-1620,-358,-360,379,1243699
2026-05-19 20:14:24,esterno,2028,15520,4300,-499,-602,-367,586266
2026-05-19 20:14:24,lombar,16704,-1036,-872,-366,-450,392,1243721
2026-05-19 20:14:24,esterno,1808,15188,3856,-1017,-115,-357,586288
2026-05-19 20:14:24,lombar,16552,-896,-1076,-337,-926,385,1243743
2026-05-19 20:14:24,esterno,1448,14460,2920,-941,91,-656,586310
2026-05-19 20:14:24,lombar,16448,-912,-1324,-276,-806,254,1243765
2026-05-19 20:14:24,esterno,1988,14952,4616,-561,-350,-562,586332
2026-05-19 20:14:24,lombar,16772,-1084,-512,148,-822,361,1243787
2026-05-19 20:14:24,esterno,1004,15652,5584,-379,-483,-224,586354
2026-05-19 20:14:24,lombar,16840,-1424,-608,37,-1042,325,1243809
2026-05-19 20:14:24,esterno,1736,15888,5224,-330,-527,-229,586376
2026-05-19 20:14:24,lombar,16584,-1296,-1164,33,-802,187,1243831
2026-05-19 20:14:24,esterno,1424,15760,4764,10,-342,-477,586398
2026-05-19 20:14:24,lombar,16484,-1172,-1300,316,-888,270,1243853
2026-05-19 20:14:24,esterno,1420,14780,3748,53,-89,-735,586420
2026-05-19 20:14:24,lombar,16616,-944,-1164,196,-722,154,1243875
2026-05-19 20:14:24,esterno,1496,14468,3660,72,4,-623,586442
2026-05-19 20:14:24,lombar,16512,-528,-692,211,-580,187,1243897
2026-05-19 20:14:24,esterno,1628,15036,4076,195,-67,-192,586464
2026-05-19 20:14:24,lombar,16596,-660,-724,376,-877,421,1243919
2026-05-19 20:14:24,esterno,1824,15432,4380,483,-34,-120,586486
2026-05-19 20:14:24,lombar,16568,-776,-1116,442,-914,452,1243941
2026-05-19 20:14:24,esterno,1736,15408,3892,356,289,-98,586508
2026-05-19 20:14:25,lombar,16680,-1076,-1408,235,-692,339,1243963
2026-05-19 20:14:25,esterno,2148,15268,4672,-11,85,-4,586530
2026-05-19 20:14:25,lombar,16892,-1084,-1708,371,-193,153,1243985
2026-05-19 20:14:25,esterno,1440,15444,4204,-316,456,130,586552
2026-05-19 20:14:25,lombar,16852,-940,-1440,535,-81,209,1244007
2026-05-19 20:14:25,esterno,1168,15028,4012,-289,436,35,586574
2026-05-19 20:14:25,lombar,16784,-740,-1112,154,-276,162,1244029
2026-05-19 20:14:25,esterno,1644,15160,4128,69,365,2,586596
2026-05-19 20:14:25,lombar,16500,-660,-1116,-126,-348,275,1244051
2026-05-19 20:14:25,esterno,1752,15168,4308,115,255,196,586618
2026-05-19 20:14:25,lombar,16580,-1072,-1144,-142,-195,279,1244073
2026-05-19 20:14:25,esterno,2040,15240,3832,-92,215,252,586640
2026-05-19 20:14:25,lombar,16708,-1068,-1176,-95,-157,352,1244095
2026-05-19 20:14:25,esterno,1972,15084,4036,-228,203,239,586662
2026-05-19 20:14:25,lombar,16808,-1020,-1252,-173,-206,263,1244117
2026-05-19 20:14:25,esterno,1436,15364,5060,-389,49,441,586684
2026-05-19 20:14:25,lombar,16756,-872,-1552,56,317,297,1244139
2026-05-19 20:14:25,esterno,1256,15640,4120,-733,382,550,586706
2026-05-19 20:14:25,lombar,16620,-980,-1024,164,300,380,1244161
2026-05-19 20:14:25,esterno,1348,15040,3468,-568,704,209,586728
2026-05-19 20:14:25,lombar,16496,-860,-484,-68,47,448,1244183
2026-05-19 20:14:25,esterno,1456,14988,4484,234,566,13,586750
2026-05-19 20:14:25,lombar,16456,-776,-684,-266,-194,434,1244205
2026-05-19 20:14:25,esterno,1872,15364,4060,287,488,306,586772
2026-05-19 20:14:25,lombar,16508,-1144,-828,-91,-160,479,1244227
2026-05-19 20:14:25,esterno,1596,15064,4156,288,559,412,586794
2026-05-19 20:14:25,lombar,16624,-1288,-748,43,-456,390,1244249
2026-05-19 20:14:25,esterno,2120,15120,3848,259,543,346,586816
2026-05-19 20:14:25,lombar,16748,-1080,-1308,-201,-699,259,1244271
2026-05-19 20:14:25,esterno,1924,15020,4064,473,384,298,586838
2026-05-19 20:14:25,lombar,16440,-1048,-1188,-433,-797,98,1244293
2026-05-19 20:14:25,esterno,1392,14980,4892,790,-326,518,586860
2026-05-19 20:14:25,lombar,16616,-1340,-952,-280,-1026,-143,1244315
2026-05-19 20:14:25,esterno,1740,15764,4948,525,-1196,962,586882
2026-05-19 20:14:25,lombar,16804,-1040,-1356,179,-1129,-109,1244337
2026-05-19 20:14:25,esterno,892,15864,3668,508,-458,978,586904
2026-05-19 20:14:25,lombar,16668,-944,-1240,386,-948,251,1244359
2026-05-19 20:14:25,esterno,864,15056,3772,274,-146,-177,586926
2026-05-19 20:14:25,lombar,16784,-876,-1288,383,-668,335,1244381
2026-05-19 20:14:25,esterno,1680,15384,3960,49,-69,-334,586948
2026-05-19 20:14:25,lombar,16668,-1004,-1148,492,-320,381,1244403
2026-05-19 20:14:25,esterno,1688,15272,3860,-137,-78,24,586970
2026-05-19 20:14:25,lombar,16524,-864,-1024,376,-468,437,1244425
2026-05-19 20:14:25,esterno,1520,15112,4268,-109,-74,93,586992
2026-05-19 20:14:25,lombar,16524,-624,-912,-45,-568,377,1244447
2026-05-19 20:14:25,esterno,1812,15432,4072,-106,-116,120,587014
2026-05-19 20:14:25,lombar,16796,-700,-1140,-217,-657,336,1244469
2026-05-19 20:14:25,esterno,1856,15456,3768,-374,85,66,587036
2026-05-19 20:14:25,lombar,16648,-756,-1296,-420,-564,438,1244491
2026-05-19 20:14:25,esterno,1740,15312,3548,-682,242,35,587058
2026-05-19 20:14:25,lombar,16576,-904,-1440,-478,-502,417,1244513
2026-05-19 20:14:25,esterno,1700,15056,3600,-1070,207,77,587080
2026-05-19 20:14:25,lombar,16600,-936,-1168,-509,-766,336,1244535
2026-05-19 20:14:25,esterno,2124,15352,4240,-920,215,183,587102
2026-05-19 20:14:25,lombar,16472,-932,-964,-453,-1044,386,1244557
2026-05-19 20:14:25,esterno,1792,15320,4012,-720,283,212,587124
2026-05-19 20:14:25,lombar,16752,-948,-1196,-412,-1179,465,1244579
2026-05-19 20:14:25,esterno,2096,15188,4220,-239,273,217,587146
2026-05-19 20:14:25,lombar,16636,-1232,-1156,-193,-999,483,1244601
2026-05-19 20:14:25,esterno,1632,14900,4204,-267,234,89,587168
2026-05-19 20:14:25,lombar,16480,-1512,-1304,-60,-860,586,1244623
2026-05-19 20:14:25,esterno,1780,14916,4160,-30,-14,125,587190
2026-05-19 20:14:25,lombar,16576,-1288,-1356,-64,-483,603,1244645
2026-05-19 20:14:25,esterno,1880,15308,4144,-53,-128,443,587212
2026-05-19 20:14:25,lombar,16828,-1020,-1556,126,-137,580,1244667
2026-05-19 20:14:25,esterno,1436,15576,4200,-335,6,541,587234
2026-05-19 20:14:25,lombar,16912,-1020,-1620,462,-15,590,1244689
2026-05-19 20:14:25,esterno,1616,15216,3936,-380,187,21,587256
2026-05-19 20:14:25,lombar,16684,-1224,-1484,745,-72,688,1244711
2026-05-19 20:14:25,esterno,1748,15068,4140,64,235,-27,587278
2026-05-19 20:14:25,lombar,16424,-1188,-1424,804,-322,633,1244733
2026-05-19 20:14:25,esterno,2088,15016,4100,170,139,122,587300
2026-05-19 20:14:25,lombar,16388,-968,-1400,511,-270,566,1244755
2026-05-19 20:14:25,esterno,1880,15332,4392,100,68,382,587322
2026-05-19 20:14:25,lombar,16492,-920,-1268,226,-452,482,1244777
2026-05-19 20:14:25,esterno,1684,15664,4552,-168,237,327,587344
2026-05-19 20:14:25,lombar,16636,-1004,-1572,6,-651,398,1244799
2026-05-19 20:14:25,esterno,1896,15460,4008,-441,349,379,587366
2026-05-19 20:14:25,lombar,16656,-1020,-1848,132,-761,443,1244821
2026-05-19 20:14:25,esterno,2120,15236,4292,-172,560,323,587388
2026-05-19 20:14:25,lombar,16532,-968,-1596,219,-914,435,1244843
2026-05-19 20:14:25,esterno,2196,15148,4212,170,726,312,587410
2026-05-19 20:14:25,lombar,16548,-964,-1604,122,-804,371,1244865
2026-05-19 20:14:25,esterno,2140,15320,4340,78,458,326,587432
2026-05-19 20:14:25,lombar,16620,-1236,-1400,197,-850,209,1244887
2026-05-19 20:14:25,esterno,1568,15448,4392,-126,623,338,587454
2026-05-19 20:14:25,lombar,16764,-1088,-1688,278,-775,267,1244909
2026-05-19 20:14:25,esterno,2164,15116,4368,-107,153,331,587476
2026-05-19 20:14:25,lombar,16644,-1176,-2084,256,-562,99,1244931
2026-05-19 20:14:25,esterno,1976,15320,4612,156,269,440,587498
2026-05-19 20:14:25,lombar,16988,-1132,-2092,381,-223,-90,1244953
2026-05-19 20:14:25,esterno,1248,15040,4268,348,691,121,587520
2026-05-19 20:14:26,lombar,17084,-1120,-1732,649,28,-163,1244975
2026-05-19 20:14:26,esterno,1924,15336,4472,336,1014,-251,587542
2026-05-19 20:14:26,lombar,17088,-1172,-1816,961,266,-242,1244997
2026-05-19 20:14:26,esterno,2348,15400,4088,209,1308,-131,587564
2026-05-19 20:14:26,lombar,17016,-1112,-1912,1361,534,-453,1245019
2026-05-19 20:14:26,esterno,2604,15228,3896,127,1455,-23,587586
2026-05-19 20:14:26,lombar,16808,-944,-1860,1402,765,-575,1245041
2026-05-19 20:14:26,esterno,2116,15260,4332,499,1425,62,587608
2026-05-19 20:14:26,lombar,16588,-812,-1608,1474,1105,-584,1245063
2026-05-19 20:14:26,esterno,1752,15428,4480,453,1329,214,587630
2026-05-19 20:14:26,lombar,16464,-832,-1244,1571,1222,-572,1245085
2026-05-19 20:14:26,esterno,1832,15468,4100,201,1293,389,587652
2026-05-19 20:14:26,lombar,16376,-828,-964,1386,1051,-433,1245107
2026-05-19 20:14:26,esterno,2204,15280,3640,-163,1375,448,587674
2026-05-19 20:14:26,lombar,16340,-600,-948,1481,667,-429,1245129
2026-05-19 20:14:26,esterno,2256,14880,3636,-137,1587,468,587696
2026-05-19 20:14:26,lombar,16412,-364,-556,1309,440,-295,1245151
2026-05-19 20:14:26,esterno,1964,14884,3576,382,1682,439,587718
2026-05-19 20:14:26,lombar,16360,-380,-628,1207,209,-122,1245173
2026-05-19 20:14:26,esterno,1764,15044,3880,574,1666,431,587740
2026-05-19 20:14:26,lombar,16368,-652,-880,1188,160,108,1245195
2026-05-19 20:14:26,esterno,2160,15104,3500,548,2000,520,587762
2026-05-19 20:14:26,lombar,16368,-768,-1020,1164,223,183,1245217
2026-05-19 20:14:26,esterno,2088,15076,3668,-10,1755,520,587784
2026-05-19 20:14:26,lombar,16596,-712,-968,1067,155,220,1245239
2026-05-19 20:14:26,esterno,1568,15116,3776,-49,1630,352,587806
2026-05-19 20:14:26,lombar,16616,-1192,-912,1085,99,78,1245261
2026-05-19 20:14:26,esterno,1116,15180,4256,261,1666,-119,587828
2026-05-19 20:14:26,lombar,16596,-1224,-1008,1382,106,-58,1245283
2026-05-19 20:14:26,esterno,1708,15104,4060,409,1650,-397,587850
2026-05-19 20:14:26,lombar,16696,-1088,-1216,1686,244,-188,1245305
2026-05-19 20:14:26,esterno,2088,15240,4064,406,1613,-528,587872
2026-05-19 20:14:26,lombar,16628,-772,-1448,1840,293,-194,1245327
2026-05-19 20:14:26,esterno,1784,15424,4072,167,1585,-487,587894
2026-05-19 20:14:26,lombar,16836,-340,-1504,1821,74,-96,1245349
2026-05-19 20:14:26,esterno,1464,15500,4348,50,1392,-438,587916
2026-05-19 20:14:26,lombar,16960,-184,-1280,1655,-73,137,1245371
2026-05-19 20:14:26,esterno,1264,15492,4380,74,861,-323,587938
2026-05-19 20:14:26,lombar,16732,-488,-876,1225,29,74,1245393
2026-05-19 20:14:26,esterno,1236,15480,4540,-18,660,-245,587960
2026-05-19 20:14:26,lombar,16732,-580,-680,685,-45,-30,1245415
2026-05-19 20:14:26,esterno,1668,15320,3992,-471,544,-11,587982
2026-05-19 20:14:26,lombar,16560,-416,-1028,297,29,47,1245437
2026-05-19 20:14:26,esterno,1816,15340,4096,-214,216,76,588004
2026-05-19 20:14:26,lombar,16564,-488,-1060,162,59,112,1245459
2026-05-19 20:14:26,esterno,1724,15436,4176,-80,-5,62,588026
2026-05-19 20:14:26,lombar,16592,-288,-576,-299,-116,121,1245481
2026-05-19 20:14:26,esterno,1560,15384,4336,-33,-143,91,588048
2026-05-19 20:14:26,lombar,16572,-268,-796,-523,-277,93,1245503
2026-05-19 20:14:26,esterno,1384,15384,3956,-25,-106,-12,588070
2026-05-19 20:14:26,lombar,16528,-432,-1216,-474,-250,208,1245525
2026-05-19 20:14:26,esterno,1292,15132,3772,-273,-588,-37,588092
2026-05-19 20:14:26,lombar,16572,-592,-1040,-339,-282,224,1245547
2026-05-19 20:14:26,esterno,1708,15068,3964,-372,-566,91,588114
2026-05-19 20:14:26,lombar,16564,-160,-936,-310,-401,290,1245569
2026-05-19 20:14:26,esterno,1920,15344,3820,-333,-284,24,588136
2026-05-19 20:14:26,lombar,16640,88,-996,-600,-419,383,1245591
2026-05-19 20:14:26,esterno,1900,15340,3728,-2,-316,-114,588158
2026-05-19 20:14:26,lombar,16720,-468,-1096,-507,-443,472,1245613
2026-05-19 20:14:26,esterno,1504,15352,4300,74,-280,-117,588180
2026-05-19 20:14:26,lombar,16736,-588,-1276,-446,-445,516,1245635
2026-05-19 20:14:26,esterno,1292,15288,4444,-144,-403,-23,588202
2026-05-19 20:14:26,lombar,16680,-632,-1024,-505,-311,452,1245657
2026-05-19 20:14:26,esterno,1804,15368,4272,-295,-798,-37,588224
2026-05-19 20:14:26,lombar,16764,-688,-964,-537,-364,351,1245679
2026-05-19 20:14:26,esterno,1988,15168,3952,-308,-900,-16,588246
2026-05-19 20:14:26,lombar,16688,-744,-1080,-229,-300,390,1245701
2026-05-19 20:14:26,esterno,1776,15048,3592,220,-858,58,588268
2026-05-19 20:14:26,lombar,16684,-604,-1280,46,-130,562,1245723
2026-05-19 20:14:26,esterno,1392,15152,4140,452,-888,99,588290
2026-05-19 20:14:26,lombar,16628,-636,-956,115,-120,581,1245745
2026-05-19 20:14:26,esterno,1788,15408,4228,439,-799,74,588312
2026-05-19 20:14:26,esterno,1512,15416,3800,486,-1014,101,588334
2026-05-19 20:14:26,lombar,16572,-556,-572,114,-195,672,1245767
2026-05-19 20:14:26,lombar,16620,-428,-612,-408,-98,635,1245789
2026-05-19 20:14:26,esterno,1880,15416,4048,283,-1535,174,588356
2026-05-19 20:14:26,lombar,16628,-404,-740,-920,-174,432,1245811
2026-05-19 20:14:26,esterno,1996,15484,3984,410,-1702,377,588378
2026-05-19 20:14:26,lombar,16588,-220,-948,-1109,-282,338,1245833
2026-05-19 20:14:26,esterno,1612,15492,3892,523,-2155,411,588400
2026-05-19 20:14:26,lombar,16684,-236,-1148,-1365,-371,555,1245855
2026-05-19 20:14:26,esterno,1704,15304,3720,691,-2490,479,588422
2026-05-19 20:14:26,lombar,16632,-464,-1288,-1315,-475,651,1245877
2026-05-19 20:14:26,esterno,1616,15368,3852,738,-2638,398,588444
2026-05-19 20:14:26,lombar,16808,-644,-1140,-1198,-475,604,1245899
2026-05-19 20:14:26,esterno,2308,15288,3304,424,-2819,125,588466
2026-05-19 20:14:26,lombar,16852,-444,-1024,-1311,-432,606,1245921
2026-05-19 20:14:26,esterno,1972,15536,3896,-52,-2790,142,588488
2026-05-19 20:14:26,lombar,16668,-536,-788,-1550,-447,675,1245943
2026-05-19 20:14:26,esterno,1900,15452,3584,-399,-2773,116,588510
2026-05-19 20:14:27,lombar,16564,-560,-1088,-1765,-562,621,1245965
2026-05-19 20:14:27,esterno,1928,15220,3524,-373,-2934,103,588532
2026-05-19 20:14:27,lombar,16516,-908,-724,-1777,-669,581,1245987
2026-05-19 20:14:27,esterno,2080,15184,3396,-172,-2987,-43,588554
2026-05-19 20:14:27,lombar,16600,-812,-964,-1878,-725,474,1246009
2026-05-19 20:14:27,esterno,2044,15248,3536,50,-2761,-76,588576
2026-05-19 20:14:27,lombar,16792,-752,-1056,-1801,-689,441,1246031
2026-05-19 20:14:27,esterno,2560,15400,3356,89,-2549,-12,588598
2026-05-19 20:14:27,lombar,16720,-880,-1000,-1672,-760,547,1246053
2026-05-19 20:14:27,esterno,2384,15552,3328,8,-2615,-21,588620
2026-05-19 20:14:27,lombar,16636,-900,-968,-1515,-865,517,1246075
2026-05-19 20:14:27,esterno,1936,15316,3528,-145,-2878,-85,588642
2026-05-19 20:14:27,lombar,16568,-844,-844,-1496,-815,617,1246097
2026-05-19 20:14:27,esterno,1996,15344,3540,-160,-2987,-158,588664
2026-05-19 20:14:27,lombar,16724,-680,-1156,-1587,-931,584,1246119
2026-05-19 20:14:27,esterno,2616,15512,3740,-317,-3524,-193,588686
2026-05-19 20:14:27,lombar,16884,-852,-1240,-1630,-831,691,1246141
2026-05-19 20:14:27,esterno,2676,15424,3164,-614,-3594,-112,588708
2026-05-19 20:14:27,lombar,16608,-600,-1540,-1448,-655,808,1246163
2026-05-19 20:14:27,esterno,2440,15188,3464,-691,-3222,-259,588730
2026-05-19 20:14:27,lombar,16652,-648,-1840,-1378,-435,973,1246185
2026-05-19 20:14:27,esterno,2604,15248,3396,-709,-3041,-398,588752
2026-05-19 20:14:27,lombar,16768,-868,-1320,-1457,-247,874,1246207
2026-05-19 20:14:27,esterno,2348,15316,3172,-501,-2934,-464,588774
2026-05-19 20:14:27,lombar,16864,-844,-1216,-1766,-83,869,1246229
2026-05-19 20:14:27,esterno,2260,15440,3652,-445,-3059,-379,588796
2026-05-19 20:14:27,lombar,16564,-616,-1068,-2171,-94,837,1246251
2026-05-19 20:14:27,esterno,2360,15168,3308,-488,-3103,-297,588818
2026-05-19 20:14:27,lombar,16448,-396,-1080,-2369,-152,789,1246273
2026-05-19 20:14:27,esterno,2612,15292,3604,-208,-2955,-456,588840
2026-05-19 20:14:27,lombar,16472,-616,-1028,-2631,-82,866,1246295
2026-05-19 20:14:27,esterno,2572,15368,3420,-206,-2984,-539,588862
2026-05-19 20:14:27,lombar,16676,-832,-908,-3107,-47,814,1246317
2026-05-19 20:14:27,esterno,2276,15392,3408,-232,-3063,-624,588884
2026-05-19 20:14:27,lombar,16800,-956,-1196,-3229,-166,680,1246339
2026-05-19 20:14:27,esterno,2204,15468,3728,-375,-3168,-715,588906
2026-05-19 20:14:27,lombar,16772,-968,-1272,-2995,-352,729,1246361
2026-05-19 20:14:27,esterno,2304,15516,3276,-534,-3184,-756,588928
2026-05-19 20:14:27,lombar,16548,-1056,-1288,-2924,-294,845,1246383
2026-05-19 20:14:27,esterno,2516,15164,3188,-424,-3518,-895,588950
2026-05-19 20:14:27,lombar,16680,-840,-1148,-2853,-105,893,1246405
2026-05-19 20:14:27,esterno,2792,15312,3192,-361,-3496,-921,588972
2026-05-19 20:14:27,lombar,16720,-972,-1056,-2756,34,965,1246427
2026-05-19 20:14:27,esterno,2632,15484,3288,-533,-3606,-767,588994
2026-05-19 20:14:27,lombar,16856,-1004,-1096,-2725,-135,950,1246449
2026-05-19 20:14:27,esterno,2656,15420,2976,-363,-3627,-813,589016
2026-05-19 20:14:27,lombar,16832,-1236,-1324,-2428,-242,890,1246471
2026-05-19 20:14:27,esterno,3304,15416,2616,-232,-3532,-915,589038
2026-05-19 20:14:27,lombar,16868,-1244,-1468,-2053,-108,900,1246493
2026-05-19 20:14:27,esterno,2656,15488,3240,-334,-3573,-926,589060
2026-05-19 20:14:27,lombar,16624,-1328,-1260,-1583,58,937,1246515
2026-05-19 20:14:27,esterno,2784,15348,3156,-275,-3371,-919,589082
2026-05-19 20:14:27,lombar,16584,-956,-932,-1398,125,955,1246537
2026-05-19 20:14:27,esterno,3008,15480,3344,-252,-3140,-836,589104
2026-05-19 20:14:27,lombar,16548,-912,-988,-1535,172,855,1246559
2026-05-19 20:14:27,esterno,2716,15428,3160,-333,-2890,-919,589126
2026-05-19 20:14:27,lombar,16748,-856,-1000,-1836,241,741,1246581
2026-05-19 20:14:27,esterno,2592,15492,3212,-494,-2600,-1096,589148
2026-05-19 20:14:27,lombar,16684,-984,-1064,-1973,312,690,1246603
2026-05-19 20:14:27,esterno,2572,15200,2968,-358,-2503,-1097,589170
2026-05-19 20:14:27,lombar,16884,-1076,-1156,-1814,356,674,1246625
2026-05-19 20:14:27,esterno,2460,15492,3364,-242,-2381,-1104,589192
2026-05-19 20:14:27,lombar,16568,-1068,-920,-1777,427,671,1246647
2026-05-19 20:14:27,esterno,2612,15360,3128,-475,-2424,-1035,589214
2026-05-19 20:14:27,lombar,16400,-844,-840,-1688,330,674,1246669
2026-05-19 20:14:27,esterno,2776,15476,3028,-462,-2204,-1067,589236
2026-05-19 20:14:27,lombar,16420,-720,-1008,-1809,44,578,1246691
2026-05-19 20:14:27,esterno,2760,15264,3072,-383,-1871,-1017,589258
2026-05-19 20:14:27,lombar,16584,-936,-744,-2110,52,589,1246713
2026-05-19 20:14:27,esterno,2892,15500,3324,-550,-2285,-958,589280
2026-05-19 20:14:27,lombar,16768,-892,-824,-2286,-38,576,1246735
2026-05-19 20:14:27,esterno,2336,15604,3204,-608,-1976,-724,589302
2026-05-19 20:14:27,lombar,16776,-844,-860,-2329,11,517,1246757
2026-05-19 20:14:27,esterno,2184,15168,3148,-394,-1605,-855,589324
2026-05-19 20:14:27,lombar,16584,-1092,-848,-2258,56,463,1246779
2026-05-19 20:14:27,esterno,2344,15240,3352,-271,-1682,-1103,589346
2026-05-19 20:14:27,lombar,16524,-1252,-1008,-2159,76,408,1246801
2026-05-19 20:14:27,esterno,2284,15396,3008,-325,-1724,-1019,589368
2026-05-19 20:14:27,lombar,16672,-1112,-1016,-2017,33,320,1246823
2026-05-19 20:14:27,esterno,2328,15424,3284,-409,-1815,-803,589390
2026-05-19 20:14:27,lombar,16696,-776,-940,-1848,-50,411,1246845
2026-05-19 20:14:27,esterno,2440,15500,3152,-295,-1867,-755,589412
2026-05-19 20:14:27,lombar,16776,-984,-1160,-1765,-54,382,1246867
2026-05-19 20:14:27,esterno,2404,15328,3164,-265,-1872,-808,589434
2026-05-19 20:14:27,lombar,16872,-1060,-852,-1717,86,293,1246889
2026-05-19 20:14:27,esterno,2400,15604,3216,-250,-1898,-837,589456
2026-05-19 20:14:27,lombar,16676,-1148,-900,-1586,241,234,1246911
2026-05-19 20:14:27,esterno,2480,15508,3240,-345,-1919,-757,589478
2026-05-19 20:14:27,lombar,16604,-1188,-724,-1437,343,193,1246933
2026-05-19 20:14:27,esterno,2596,15592,3360,-298,-2219,-572,589500
2026-05-19 20:14:27,lombar,16652,-1120,-640,-1169,151,182,1246955
2026-05-19 20:14:28,esterno,2012,15460,3104,-439,-2072,-597,589522
2026-05-19 20:14:28,lombar,16748,-916,-512,-1139,89,283,1246977
2026-05-19 20:14:28,esterno,2580,15252,3136,-356,-2177,-686,589544
2026-05-19 20:14:28,lombar,16600,-888,-652,-1106,-18,261,1246999
2026-05-19 20:14:28,esterno,2584,15432,2988,-332,-2033,-638,589566
2026-05-19 20:14:28,lombar,16524,-804,-856,-1113,24,317,1247021
2026-05-19 20:14:28,esterno,2372,15236,3212,-383,-2056,-615,589588
2026-05-19 20:14:28,lombar,16500,-788,-692,-1173,26,366,1247043
2026-05-19 20:14:28,esterno,2464,15356,3004,-305,-2044,-559,589610
2026-05-19 20:14:28,lombar,16456,-1200,-740,-1243,-55,217,1247065
2026-05-19 20:14:28,esterno,2428,15292,3276,-345,-2014,-474,589632
2026-05-19 20:14:28,lombar,16372,-1292,-932,-975,-241,57,1247087
2026-05-19 20:14:28,esterno,2360,15476,3200,-487,-1977,-435,589654
2026-05-19 20:14:28,lombar,16696,-604,-864,-684,-424,-50,1247109
2026-05-19 20:14:28,esterno,2344,15756,3240,-603,-1885,-295,589676
2026-05-19 20:14:28,lombar,16840,-16,-796,-583,-606,220,1247131
2026-05-19 20:14:28,esterno,2504,15680,3152,-496,-1819,-313,589698
2026-05-19 20:14:28,lombar,16680,-128,-884,-872,-746,559,1247153
2026-05-19 20:14:28,esterno,2588,15528,3108,-540,-1704,-265,589720
2026-05-19 20:14:28,lombar,16628,-712,-1248,-1092,-866,519,1247175
2026-05-19 20:14:28,esterno,2840,15440,3440,-540,-1562,-194,589742
2026-05-19 20:14:28,lombar,16628,-824,-1488,-999,-995,307,1247197
2026-05-19 20:14:28,esterno,2912,15448,3424,-509,-1325,-159,589764
2026-05-19 20:14:28,lombar,16736,-776,-1436,-814,-1031,326,1247219
2026-05-19 20:14:28,esterno,2900,15512,3540,-530,-1195,-63,589786
2026-05-19 20:14:28,lombar,16604,-828,-1036,-572,-1122,323,1247241
2026-05-19 20:14:28,esterno,2748,15416,3628,-489,-926,-25,589808
2026-05-19 20:14:28,lombar,16444,-648,-1064,-543,-996,340,1247263
2026-05-19 20:14:28,esterno,2728,15316,3384,-714,-649,-30,589830
2026-05-19 20:14:28,lombar,16632,-600,-1068,-749,-732,343,1247285
2026-05-19 20:14:28,esterno,2824,15280,3484,-862,-1088,57,589852
2026-05-19 20:14:28,lombar,16660,-756,-968,-895,-679,368,1247307
2026-05-19 20:14:28,esterno,2624,15320,3100,-731,-854,65,589874
2026-05-19 20:14:28,lombar,16752,-812,-1136,-911,-725,318,1247329
2026-05-19 20:14:28,esterno,2360,15112,3168,-582,-449,62,589896
2026-05-19 20:14:28,lombar,16848,-860,-964,-729,-780,412,1247351
2026-05-19 20:14:28,esterno,2600,15412,3436,-555,-427,-89,589918
2026-05-19 20:14:28,lombar,16696,-804,-972,-586,-815,519,1247373
2026-05-19 20:14:28,esterno,2684,15524,3188,-550,-374,15,589940
2026-05-19 20:14:28,lombar,16704,-804,-1180,-532,-663,563,1247395
2026-05-19 20:14:28,esterno,2580,15248,3552,-560,-481,17,589962
2026-05-19 20:14:28,lombar,16684,-800,-748,-680,-623,607,1247417
2026-05-19 20:14:28,esterno,2668,15264,3580,-592,-511,34,589984
2026-05-19 20:14:28,lombar,16696,-728,-1168,-737,-461,553,1247439
2026-05-19 20:14:28,esterno,2528,15204,3344,-469,-324,-20,590006
2026-05-19 20:14:28,lombar,16744,-948,-1084,-579,-305,527,1247461
2026-05-19 20:14:28,esterno,2704,15228,3368,-274,-158,-75,590028
2026-05-19 20:14:28,lombar,16860,-1112,-1020,-402,-223,568,1247483
2026-05-19 20:14:28,esterno,2696,15236,3388,-329,11,-126,590050
2026-05-19 20:14:28,lombar,16696,-948,-1408,-197,-223,517,1247505
2026-05-19 20:14:28,esterno,2700,15296,3760,-341,-92,-170,590072
2026-05-19 20:14:28,lombar,16872,-872,-1284,-41,-81,574,1247527
2026-05-19 20:14:28,esterno,2408,15124,3232,-291,309,-152,590094
2026-05-19 20:14:28,lombar,16768,-804,-1012,55,34,570,1247549
2026-05-19 20:14:28,esterno,2788,15092,3548,-154,86,-143,590116
2026-05-19 20:14:28,lombar,16668,-864,-1172,-131,56,495,1247571
2026-05-19 20:14:28,esterno,2600,15488,3640,-126,255,-87,590138
2026-05-19 20:14:28,lombar,16584,-920,-968,-23,111,457,1247593
2026-05-19 20:14:28,esterno,2292,15028,3444,-168,130,-157,590160
2026-05-19 20:14:28,lombar,16568,-1028,-1140,116,161,442,1247615
2026-05-19 20:14:28,esterno,2192,15196,3396,-48,185,-239,590182
2026-05-19 20:14:28,lombar,16584,-1132,-1000,272,193,366,1247637
2026-05-19 20:14:28,esterno,2532,15292,3416,-12,362,-208,590204
2026-05-19 20:14:28,lombar,16804,-800,-988,291,91,385,1247659
2026-05-19 20:14:28,esterno,2624,15352,3464,37,443,-220,590226
2026-05-19 20:14:28,lombar,16620,-728,-1012,249,142,429,1247681
2026-05-19 20:14:28,esterno,2392,15204,3448,68,452,-268,590248
2026-05-19 20:14:28,lombar,16644,-940,-1160,185,213,357,1247703
2026-05-19 20:14:28,esterno,2448,15392,3520,75,485,-287,590270
2026-05-19 20:14:28,lombar,16688,-932,-880,188,188,370,1247725
2026-05-19 20:14:28,esterno,2456,15360,3616,48,528,-344,590292
2026-05-19 20:14:28,lombar,16716,-876,-1028,282,117,404,1247747
2026-05-19 20:14:28,esterno,2272,15336,3668,13,549,-285,590314
2026-05-19 20:14:28,lombar,16668,-872,-1124,270,173,429,1247769
2026-05-19 20:14:28,esterno,2412,15296,3608,53,580,-296,590336
2026-05-19 20:14:28,lombar,16676,-848,-936,143,206,457,1247791
2026-05-19 20:14:28,esterno,2252,15240,3552,64,544,-314,590358
2026-05-19 20:14:28,lombar,16768,-964,-676,82,188,460,1247813
2026-05-19 20:14:28,esterno,2212,15408,3356,233,794,-375,590380
2026-05-19 20:14:28,lombar,16724,-708,-948,134,170,471,1247835
2026-05-19 20:14:28,esterno,2416,15392,3896,143,379,-328,590402
2026-05-19 20:14:28,lombar,16560,-948,-824,218,115,515,1247857
2026-05-19 20:14:28,esterno,2256,15452,3460,-54,195,-206,590424
2026-05-19 20:14:28,lombar,16492,-992,-788,120,149,479,1247879
2026-05-19 20:14:28,esterno,2020,15280,3524,12,519,-249,590446
2026-05-19 20:14:28,lombar,16712,-904,-704,117,140,423,1247901
2026-05-19 20:14:28,esterno,2116,15448,3500,113,460,-410,590468
2026-05-19 20:14:28,esterno,1940,15468,3496,35,404,-506,590490
2026-05-19 20:14:28,lombar,16724,-1020,-904,71,235,398,1247923
2026-05-19 20:14:28,lombar,16584,-1000,-608,99,222,450,1247945
2026-05-19 20:14:28,esterno,2112,15296,3220,-346,290,-266,590512
2026-05-19 20:14:29,lombar,16544,-1008,-964,5,217,381,1247967
2026-05-19 20:14:29,esterno,2116,15192,3836,-469,251,-323,590534
2026-05-19 20:14:29,lombar,16608,-780,-584,-42,62,331,1247989
2026-05-19 20:14:29,esterno,2292,15632,3492,-183,57,-299,590556
2026-05-19 20:14:29,lombar,16916,-868,-600,42,-55,458,1248011
2026-05-19 20:14:29,esterno,2260,15664,3724,-314,6,-245,590578
2026-05-19 20:14:29,lombar,16796,-972,-716,88,-94,519,1248033
2026-05-19 20:14:29,esterno,2012,15400,3288,-521,90,-228,590600
2026-05-19 20:14:29,lombar,16780,-812,-804,53,-70,542,1248055
2026-05-19 20:14:29,esterno,2080,15208,2772,-265,-210,-354,590622
2026-05-19 20:14:29,lombar,16712,-904,-692,-275,58,606,1248077
2026-05-19 20:14:29,esterno,2124,15164,3420,-345,-501,-251,590644
2026-05-19 20:14:29,lombar,16748,-656,-676,-498,-16,532,1248099
2026-05-19 20:14:29,esterno,2012,15404,3548,-555,-212,-70,590666
2026-05-19 20:14:29,lombar,16648,-1060,-620,-537,118,518,1248121
2026-05-19 20:14:29,esterno,2368,15436,3584,-723,381,-305,590688
2026-05-19 20:14:29,lombar,17036,-804,-184,-345,83,581,1248143
2026-05-19 20:14:29,esterno,2500,15868,3572,-970,1234,-459,590710
2026-05-19 20:14:29,lombar,16912,-592,-124,-914,427,684,1248165
2026-05-19 20:14:29,esterno,3604,15848,3860,-482,1135,-365,590732
2026-05-19 20:14:29,lombar,16688,-536,-796,-1192,714,581,1248187
2026-05-19 20:14:29,esterno,2244,15236,2604,-122,714,-208,590754
2026-05-19 20:14:29,lombar,16372,-1208,-960,-1224,1065,707,1248209
2026-05-19 20:14:29,esterno,1548,14300,4544,-158,466,-254,590776
2026-05-19 20:14:29,lombar,16672,-1532,80,-667,967,636,1248231
2026-05-19 20:14:29,esterno,1480,14952,3216,-444,359,-131,590798
2026-05-19 20:14:29,lombar,16712,-1276,-436,-817,381,462,1248253
2026-05-19 20:14:29,esterno,1524,14912,3188,-323,-112,-143,590820
2026-05-19 20:14:29,lombar,16720,-924,-544,-1108,143,264,1248275
2026-05-19 20:14:29,esterno,1468,15548,3804,-366,-407,-75,590842
2026-05-19 20:14:29,lombar,16776,-1448,-808,-903,-81,110,1248297
2026-05-19 20:14:29,esterno,1588,15572,4120,-591,-477,-129,590864
2026-05-19 20:14:29,lombar,16864,-1476,-660,-681,138,74,1248319
2026-05-19 20:14:29,esterno,2008,15756,3948,-614,-225,-291,590886
2026-05-19 20:14:29,lombar,16520,-1228,-272,-147,90,122,1248341
2026-05-19 20:14:29,esterno,2244,15360,3272,-572,3,-380,590908
2026-05-19 20:14:29,lombar,16684,-992,-284,-175,-75,224,1248363
2026-05-19 20:14:29,esterno,2104,15116,2932,-105,76,-479,590930
2026-05-19 20:14:29,esterno,2184,15064,3876,229,-296,-566,590952
2026-05-19 20:14:29,lombar,16500,-860,-24,-195,69,398,1248385
2026-05-19 20:14:29,lombar,16320,-868,-56,-140,-229,564,1248407
2026-05-19 20:14:29,esterno,2176,15184,3464,75,-428,-271,590974
2026-05-19 20:14:29,lombar,16528,-864,-228,-216,-376,633,1248429
2026-05-19 20:14:29,esterno,1604,15276,3632,24,-520,-155,590996
2026-05-19 20:14:29,lombar,16672,-972,-664,-232,-534,600,1248451
2026-05-19 20:14:29,esterno,1968,15284,3616,96,-655,-143,591018
2026-05-19 20:14:29,lombar,16632,-1340,-280,-16,-675,559,1248473
2026-05-19 20:14:29,esterno,2228,15932,4472,-200,-446,-78,591040
2026-05-19 20:14:29,lombar,16916,-1420,-924,178,-341,431,1248495
2026-05-19 20:14:29,esterno,1852,15920,3556,-853,102,109,591062
2026-05-19 20:14:29,lombar,16764,-1084,-508,9,-326,297,1248517
2026-05-19 20:14:29,esterno,1428,15340,3840,-682,66,-265,591084
2026-05-19 20:14:29,lombar,16856,-944,-840,-214,-290,159,1248539
2026-05-19 20:14:29,esterno,1888,15488,4100,-608,-101,-362,591106
2026-05-19 20:14:29,lombar,16556,-956,-264,-70,-442,242,1248561
2026-05-19 20:14:29,esterno,2104,15424,3880,-683,-183,-114,591128
2026-05-19 20:14:29,lombar,16644,-1060,-128,51,-731,283,1248583
2026-05-19 20:14:29,esterno,2332,15180,3688,-626,-190,-50,591150
2026-05-19 20:14:29,lombar,16604,-676,-168,-149,-811,442,1248605
2026-05-19 20:14:29,esterno,2380,15704,3624,-288,-109,2,591172
2026-05-19 20:14:29,lombar,16688,-560,-232,-391,-727,487,1248627
2026-05-19 20:14:29,esterno,2092,15216,3472,-725,-217,37,591194
2026-05-19 20:14:29,lombar,16588,-1044,-392,-527,-762,615,1248649
2026-05-19 20:14:29,esterno,1896,14984,3420,-847,-323,-22,591216
2026-05-19 20:14:29,lombar,16804,-1500,-200,-356,-821,485,1248671
2026-05-19 20:14:29,esterno,1952,15224,4196,-1232,28,139,591238
2026-05-19 20:14:29,lombar,16612,-1320,-16,-334,-903,378,1248693
2026-05-19 20:14:29,esterno,1444,15416,3408,-1619,469,64,591260
2026-05-19 20:14:29,lombar,16808,-928,-268,-407,-782,521,1248715
2026-05-19 20:14:29,esterno,1860,14608,2720,-1379,448,-328,591282
2026-05-19 20:14:29,lombar,16520,-788,-376,-900,-508,577,1248737
2026-05-19 20:14:29,esterno,1832,14696,4232,-460,158,-358,591304
2026-05-19 20:14:29,lombar,16488,-1068,-180,-658,-348,753,1248759
2026-05-19 20:14:29,esterno,1640,15392,4708,-173,-63,-114,591326
2026-05-19 20:14:29,lombar,16468,-1752,128,-447,-551,900,1248781
2026-05-19 20:14:29,esterno,2300,15032,4720,489,81,-299,591348
2026-05-19 20:14:29,lombar,16912,-1100,-440,-165,-766,650,1248803
2026-05-19 20:14:29,esterno,2724,15344,3244,129,-502,-246,591370
2026-05-19 20:14:29,lombar,16728,-1280,-940,-344,-485,572,1248825
2026-05-19 20:14:29,esterno,1444,14804,4644,-206,-304,-314,591392
2026-05-19 20:14:29,lombar,17052,-1788,-952,-217,-355,388,1248847
2026-05-19 20:14:29,esterno,1992,15448,4160,-98,-239,-89,591414
2026-05-19 20:14:29,lombar,17020,-1432,-564,-78,-124,259,1248869
2026-05-19 20:14:29,esterno,1984,15604,4292,-452,798,65,591436
2026-05-19 20:14:29,lombar,16736,-948,-728,32,75,154,1248891
2026-05-19 20:14:29,esterno,1540,15228,3576,-901,1012,-487,591458
2026-05-19 20:14:29,lombar,16956,-1192,-1068,-159,386,215,1248913
2026-05-19 20:14:29,esterno,1952,14572,3416,-278,698,-851,591480
2026-05-19 20:14:29,lombar,16928,-1476,-372,-215,462,103,1248935
2026-05-19 20:14:29,esterno,1660,15448,4284,989,813,-448,591502
2026-05-19 20:14:29,lombar,16660,-1076,-440,157,355,320,1248957
2026-05-19 20:14:30,esterno,2096,15488,4500,770,235,-79,591524
2026-05-19 20:14:30,lombar,16476,-1052,-432,353,105,378,1248979
2026-05-19 20:14:30,esterno,2056,15412,4068,828,278,-9,591546
2026-05-19 20:14:30,lombar,16764,-1228,-604,340,320,317,1249001
2026-05-19 20:14:30,esterno,1540,15200,3628,583,479,-89,591568
2026-05-19 20:14:30,lombar,16836,-1360,-472,289,106,198,1249023
2026-05-19 20:14:30,esterno,2008,15236,3756,589,409,-154,591590
2026-05-19 20:14:30,lombar,16832,-1424,-676,273,114,138,1249045
2026-05-19 20:14:30,esterno,1996,15608,3568,514,644,-90,591612
2026-05-19 20:14:30,lombar,16524,-1180,-656,296,127,63,1249067
2026-05-19 20:14:30,esterno,1840,15596,3912,60,897,-8,591634
2026-05-19 20:14:30,lombar,16648,-896,-292,250,33,56,1249089
2026-05-19 20:14:30,esterno,1588,15532,4384,-129,1019,-154,591656
2026-05-19 20:14:30,lombar,16708,-868,-332,228,-48,155,1249111
2026-05-19 20:14:30,esterno,1564,15468,3984,-373,1079,-225,591678
2026-05-19 20:14:30,lombar,16636,-1212,-180,493,-154,167,1249133
2026-05-19 20:14:30,esterno,1544,15236,3676,-390,895,-221,591700
2026-05-19 20:14:30,lombar,16652,-1108,-132,381,-140,291,1249155
2026-05-19 20:14:30,esterno,1704,15192,3852,-256,841,-212,591722
2026-05-19 20:14:30,lombar,16768,-820,-268,242,-63,436,1249177
2026-05-19 20:14:30,esterno,1644,15376,3732,22,854,-51,591744
2026-05-19 20:14:30,lombar,16736,-1124,-364,191,47,503,1249199
2026-05-19 20:14:30,esterno,1588,15360,3896,245,650,20,591766
2026-05-19 20:14:30,lombar,16724,-1192,-452,350,28,459,1249221
2026-05-19 20:14:30,esterno,1560,15264,3728,-15,428,-52,591788
2026-05-19 20:14:30,lombar,16700,-1288,-492,368,-36,412,1249243
2026-05-19 20:14:30,esterno,1680,15224,3616,-32,510,-68,591810
2026-05-19 20:14:30,lombar,16780,-1168,-460,417,-100,416,1249265
2026-05-19 20:14:30,esterno,1840,15428,3932,-126,485,21,591832
2026-05-19 20:14:30,lombar,16760,-1068,-632,424,-64,340,1249287
2026-05-19 20:14:30,esterno,1556,15452,3920,-255,481,13,591854
2026-05-19 20:14:30,lombar,16748,-1112,-408,317,31,477,1249309
2026-05-19 20:14:30,esterno,1432,15324,3908,-199,383,-85,591876
2026-05-19 20:14:30,lombar,16632,-1152,-360,238,70,408,1249331
2026-05-19 20:14:30,esterno,1328,15188,4096,-248,233,-110,591898
2026-05-19 20:14:30,lombar,16640,-1136,-20,276,-80,403,1249353
2026-05-19 20:14:30,esterno,1264,15184,4120,-430,225,-144,591920
2026-05-19 20:14:30,lombar,16588,-1160,28,330,-154,353,1249375
2026-05-19 20:14:30,esterno,1172,15292,4272,-313,50,-244,591942
2026-05-19 20:14:30,lombar,16796,-1188,204,304,-147,525,1249397
2026-05-19 20:14:30,esterno,1420,15308,3644,112,-169,-464,591964
2026-05-19 20:14:30,lombar,16900,-1072,-148,135,-141,622,1249419
2026-05-19 20:14:30,esterno,1608,15144,4192,328,-316,-480,591986
2026-05-19 20:14:30,lombar,16812,-1100,-460,33,-69,640,1249441
2026-05-19 20:14:30,esterno,1420,15204,4232,64,-405,-354,592008
2026-05-19 20:14:30,lombar,16652,-1332,-228,-112,-26,602,1249463
2026-05-19 20:14:30,esterno,1392,15228,3720,5,-471,-483,592030
2026-05-19 20:14:30,lombar,16740,-1352,-140,-272,-205,496,1249485
2026-05-19 20:14:30,esterno,1596,15296,3424,42,-113,-526,592052
2026-05-19 20:14:30,lombar,16816,-1296,-324,-411,-196,529,1249507
2026-05-19 20:14:30,esterno,2028,15368,3740,216,-149,-590,592074
2026-05-19 20:14:30,lombar,16932,-1072,-392,-657,-308,665,1249529
2026-05-19 20:14:30,esterno,1508,15648,4296,-359,-523,-262,592096
2026-05-19 20:14:30,lombar,16616,-1376,-696,-499,-185,559,1249551
2026-05-19 20:14:30,esterno,936,15520,4128,-390,-601,-118,592118
2026-05-19 20:14:30,lombar,16752,-1444,-532,-370,66,382,1249573
2026-05-19 20:14:30,esterno,1308,15448,3976,-241,-657,-275,592140
2026-05-19 20:14:30,lombar,16748,-1200,76,-180,-96,317,1249595
2026-05-19 20:14:30,esterno,1500,15452,3740,-235,-572,-309,592162
2026-05-19 20:14:30,lombar,16588,-1028,92,-243,-144,455,1249617
2026-05-19 20:14:30,esterno,1412,15328,3624,-304,-482,-260,592184
2026-05-19 20:14:30,lombar,16500,-1048,-16,-212,-200,600,1249639
2026-05-19 20:14:30,esterno,1536,15448,3872,-211,-522,-169,592206
2026-05-19 20:14:30,lombar,16444,-1152,-152,-133,-177,621,1249661
2026-05-19 20:14:30,esterno,1532,15536,3584,-259,-522,-87,592228
2026-05-19 20:14:30,lombar,16524,-1144,288,157,-449,590,1249683
2026-05-19 20:14:30,esterno,1532,15584,3648,-270,-502,-7,592250
2026-05-19 20:14:30,lombar,16656,-964,324,205,-648,599,1249705
2026-05-19 20:14:30,esterno,1380,15456,3404,-404,-483,35,592272
2026-05-19 20:14:30,lombar,16592,-1040,-100,159,-710,682,1249727
2026-05-19 20:14:30,esterno,1032,15348,3412,-421,-273,-53,592294
2026-05-19 20:14:30,lombar,16720,-1088,-360,216,-834,771,1249749
2026-05-19 20:14:30,esterno,1208,15172,3580,-264,-209,-110,592316
2026-05-19 20:14:30,lombar,16700,-1052,-316,321,-951,818,1249771
2026-05-19 20:14:30,esterno,1548,15100,3560,-91,-153,-238,592338
2026-05-19 20:14:30,lombar,16672,-1088,-160,264,-1123,804,1249793
2026-05-19 20:14:30,esterno,1964,15420,3892,143,-96,-204,592360
2026-05-19 20:14:30,lombar,16788,-1244,84,117,-1269,745,1249815
2026-05-19 20:14:30,esterno,1868,15760,3956,-11,-152,31,592382
2026-05-19 20:14:30,lombar,16720,-1320,-288,62,-1294,771,1249837
2026-05-19 20:14:30,esterno,1524,15352,4084,-55,-271,-82,592404
2026-05-19 20:14:30,lombar,16900,-1488,-464,116,-878,747,1249859
2026-05-19 20:14:30,esterno,1440,15356,3936,-28,-368,-105,592426
2026-05-19 20:14:30,lombar,16848,-1540,-396,95,-852,707,1249881
2026-05-19 20:14:30,esterno,1708,15140,3800,-11,-450,89,592448
2026-05-19 20:14:30,lombar,16784,-1724,-396,-23,-799,622,1249903
2026-05-19 20:14:30,esterno,1660,15152,4188,30,-403,146,592470
2026-05-19 20:14:30,lombar,16664,-1624,-164,-14,-736,465,1249925
2026-05-19 20:14:30,esterno,1704,15248,3924,44,-393,208,592492
2026-05-19 20:14:30,lombar,16688,-1724,-416,111,-780,499,1249947
2026-05-19 20:14:30,esterno,1076,15240,4180,37,-354,181,592514
2026-05-19 20:14:31,lombar,16816,-1812,-584,166,-546,434,1249969
2026-05-19 20:14:31,esterno,1536,15208,3932,152,-358,175,592536
2026-05-19 20:14:31,lombar,16732,-1552,-644,431,-505,305,1249991
2026-05-19 20:14:31,esterno,1664,15440,3620,20,-322,380,592558
2026-05-19 20:14:31,lombar,16760,-1484,-544,340,-267,178,1250013
2026-05-19 20:14:31,esterno,1440,15144,3784,206,-253,390,592580
2026-05-19 20:14:31,lombar,16660,-1328,-584,240,-99,163,1250035
2026-05-19 20:14:31,esterno,1340,15268,3644,340,121,228,592602
2026-05-19 20:14:31,lombar,16728,-1208,-304,102,-158,127,1250057
2026-05-19 20:14:31,esterno,1856,15196,4112,151,-478,237,592624
2026-05-19 20:14:31,lombar,16740,-1052,-480,-86,-178,242,1250079
2026-05-19 20:14:31,esterno,1580,15336,3696,226,-426,274,592646
2026-05-19 20:14:31,lombar,16656,-1164,-540,-156,-185,277,1250101
2026-05-19 20:14:31,esterno,1588,15332,3772,252,-258,310,592668
2026-05-19 20:14:31,lombar,16748,-1452,-552,-261,-36,246,1250123
2026-05-19 20:14:31,esterno,1844,15164,3468,388,-247,97,592690
2026-05-19 20:14:31,lombar,16836,-1456,-476,-342,155,249,1250145
2026-05-19 20:14:31,esterno,1896,15616,3768,260,-251,-18,592712
2026-05-19 20:14:31,lombar,16740,-1416,-360,-300,28,258,1250167
2026-05-19 20:14:31,esterno,1628,15368,3784,116,-313,156,592734
2026-05-19 20:14:31,lombar,16616,-1324,-800,-257,111,304,1250189
2026-05-19 20:14:31,esterno,1656,15424,3752,203,-414,171,592756
2026-05-19 20:14:31,lombar,16544,-1348,-540,-305,211,296,1250211
2026-05-19 20:14:31,esterno,1596,15156,3648,205,-472,215,592778
2026-05-19 20:14:31,lombar,16692,-1660,-236,-304,145,203,1250233
2026-05-19 20:14:31,esterno,1712,15168,3560,298,-493,65,592800
2026-05-19 20:14:31,lombar,16692,-1484,-456,-270,61,202,1250255
2026-05-19 20:14:31,esterno,1844,15432,3800,352,-643,78,592822
2026-05-19 20:14:31,lombar,16632,-1308,-252,-281,53,206,1250277
2026-05-19 20:14:31,esterno,1900,15564,3752,212,-792,157,592844
2026-05-19 20:14:31,lombar,16616,-1364,-480,-271,3,251,1250299
2026-05-19 20:14:31,esterno,1744,15416,3340,163,-662,138,592866
2026-05-19 20:14:31,lombar,16624,-1404,-532,-285,166,272,1250321
2026-05-19 20:14:31,esterno,1796,15100,3280,55,-797,7,592888
2026-05-19 20:14:31,lombar,16664,-1248,-368,-210,155,184,1250343
2026-05-19 20:14:31,esterno,2068,15308,3216,-3,-519,-64,592910
2026-05-19 20:14:31,lombar,16740,-1208,-252,-256,-6,241,1250365
2026-05-19 20:14:31,esterno,1964,15340,2876,-333,-609,44,592932
2026-05-19 20:14:31,lombar,16736,-1268,-708,-419,74,400,1250387
2026-05-19 20:14:31,esterno,1496,15532,3892,-459,-786,87,592954
2026-05-19 20:14:31,lombar,16700,-1408,-452,-564,117,350,1250409
2026-05-19 20:14:31,esterno,1556,15716,3460,-203,-771,162,592976
2026-05-19 20:14:31,lombar,16744,-1304,-320,-545,57,333,1250431
2026-05-19 20:14:31,esterno,1944,15396,3456,-105,-804,-46,592998
2026-05-19 20:14:31,lombar,16740,-1428,-260,-518,-12,417,1250453
2026-05-19 20:14:31,esterno,2016,15272,3516,-208,-798,-131,593020
2026-05-19 20:14:31,lombar,16616,-1412,-252,-489,15,402,1250475
2026-05-19 20:14:31,esterno,1924,15428,3396,-279,-694,-138,593042
2026-05-19 20:14:31,lombar,16736,-1484,-364,-514,44,400,1250497
2026-05-19 20:14:31,esterno,1964,15464,3436,-212,-610,-48,593064
2026-05-19 20:14:31,lombar,16724,-1436,-184,-489,-17,464,1250519
2026-05-19 20:14:31,esterno,2088,15396,3448,-211,-616,-112,593086
2026-05-19 20:14:31,lombar,16604,-1632,-212,-379,28,311,1250541
2026-05-19 20:14:31,esterno,2008,15456,3424,-244,-700,-48,593108
2026-05-19 20:14:31,lombar,16692,-1612,-76,-131,-16,247,1250563
2026-05-19 20:14:31,esterno,1928,15512,3120,-50,-377,-87,593130
2026-05-19 20:14:31,lombar,16884,-1488,-268,45,59,273,1250585
2026-05-19 20:14:31,esterno,2044,15512,3864,12,-386,-100,593152
2026-05-19 20:14:31,lombar,16660,-1388,100,135,-56,340,1250607
2026-05-19 20:14:31,esterno,2060,15380,3224,-43,-431,38,593174
2026-05-19 20:14:31,lombar,16544,-1268,-272,162,-137,391,1250629
2026-05-19 20:14:31,esterno,1800,15360,3204,67,-171,112,593196
2026-05-19 20:14:31,lombar,16420,-1352,-128,232,-72,308,1250651
2026-05-19 20:14:31,esterno,1976,15424,3276,147,-15,107,593218
2026-05-19 20:14:31,lombar,16592,-1204,-160,290,-168,266,1250673
2026-05-19 20:14:31,esterno,2104,15608,3220,206,100,65,593240
2026-05-19 20:14:31,lombar,16716,-1300,-168,310,-235,269,1250695
2026-05-19 20:14:31,esterno,1808,15480,3456,9,242,247,593262
2026-05-19 20:14:31,lombar,16616,-1292,-152,277,-306,262,1250717
2026-05-19 20:14:31,esterno,2112,15448,3516,-34,452,317,593284
2026-05-19 20:14:31,lombar,16512,-1432,-120,176,-217,244,1250739
2026-05-19 20:14:31,esterno,2276,15540,3292,-38,629,338,593306
2026-05-19 20:14:31,lombar,16720,-1552,-136,395,-284,160,1250761
2026-05-19 20:14:31,esterno,2136,15440,3472,-144,772,375,593328
2026-05-19 20:14:31,lombar,16700,-1428,-276,493,-386,258,1250783
2026-05-19 20:14:31,esterno,2044,15508,3376,-265,837,414,593350
2026-05-19 20:14:31,lombar,16740,-1340,-204,616,-374,271,1250805
2026-05-19 20:14:31,esterno,2092,15660,3104,-341,954,472,593372
2026-05-19 20:14:31,lombar,16700,-1380,-124,695,-436,205,1250827
2026-05-19 20:14:31,esterno,2204,15588,3252,-455,1013,583,593394
2026-05-19 20:14:31,lombar,16676,-1692,-200,827,-525,291,1250849
2026-05-19 20:14:31,esterno,2008,15388,3116,-539,997,494,593416
2026-05-19 20:14:31,lombar,16648,-1772,-20,1037,-585,256,1250871
2026-05-19 20:14:31,esterno,2336,15472,3352,-315,1056,511,593438
2026-05-19 20:14:31,lombar,16592,-1768,44,1355,-677,224,1250893
2026-05-19 20:14:31,esterno,2188,15380,3228,-453,1195,622,593460
2026-05-19 20:14:31,lombar,16708,-1576,-392,1658,-643,271,1250915
2026-05-19 20:14:31,esterno,2092,15408,3336,-402,1317,608,593482
2026-05-19 20:14:31,lombar,16892,-1700,-312,1860,-433,195,1250937
2026-05-19 20:14:31,esterno,2024,15616,3568,-301,1427,601,593504
2026-05-19 20:14:31,lombar,16832,-1988,-116,2274,-411,47,1250959
2026-05-19 20:14:32,esterno,2140,15512,3400,-303,1534,579,593526
2026-05-19 20:14:32,lombar,16908,-2036,-44,2742,-607,21,1250981
2026-05-19 20:14:32,esterno,2340,15492,3188,-296,1698,576,593548
2026-05-19 20:14:32,lombar,16760,-2048,-352,3379,-727,60,1251003
2026-05-19 20:14:32,esterno,2380,15348,3256,-228,2015,617,593570
2026-05-19 20:14:32,lombar,16500,-2036,-284,3994,-777,-111,1251025
2026-05-19 20:14:32,esterno,2476,15256,3276,-194,2341,681,593592
2026-05-19 20:14:32,lombar,16524,-1796,-148,4414,-767,-319,1251047
2026-05-19 20:14:32,esterno,2656,15352,3136,-165,2720,640,593614
2026-05-19 20:14:32,esterno,2636,15512,3196,-208,3173,697,593636
2026-05-19 20:14:32,lombar,16732,-1796,-356,5017,-764,-407,1251069
2026-05-19 20:14:32,lombar,16580,-1348,-200,5417,-730,-451,1251091
2026-05-19 20:14:32,esterno,2588,15492,3024,-168,3771,962,593658
2026-05-19 20:14:32,lombar,16708,-1016,-160,5649,-778,-329,1251113
2026-05-19 20:14:32,esterno,2348,15436,3420,8,4559,1076,593680
2026-05-19 20:14:32,lombar,16700,-1208,-432,5809,-814,-394,1251135
2026-05-19 20:14:32,esterno,2768,15648,3332,-214,4704,1328,593702
2026-05-19 20:14:32,lombar,16608,-1084,-376,5813,-904,-337,1251157
2026-05-19 20:14:32,esterno,2500,15240,2872,-251,5351,1538,593724
2026-05-19 20:14:32,lombar,16460,-1068,-536,5725,-915,-411,1251179
2026-05-19 20:14:32,esterno,2320,15348,3364,-262,6181,1521,593746
2026-05-19 20:14:32,lombar,16604,-944,-620,5740,-885,-358,1251201
2026-05-19 20:14:32,esterno,2740,15360,3368,-435,6456,1727,593768
2026-05-19 20:14:32,lombar,16672,-864,-288,5735,-933,-307,1251223
2026-05-19 20:14:32,esterno,2316,15416,3112,-490,6882,1825,593790
2026-05-19 20:14:32,lombar,16508,-916,-292,5448,-945,-324,1251245
2026-05-19 20:14:32,esterno,2176,15316,3792,-575,7008,1833,593812
2026-05-19 20:14:32,lombar,16776,-720,-600,5056,-814,-326,1251267
2026-05-19 20:14:32,esterno,2184,15472,3784,-648,7088,1930,593834
2026-05-19 20:14:32,lombar,16664,-896,-356,4935,-915,-396,1251289
2026-05-19 20:14:32,esterno,2452,15172,3128,-744,7189,1923,593856
2026-05-19 20:14:32,lombar,16612,-1196,-372,4916,-1061,-306,1251311
2026-05-19 20:14:32,esterno,2100,15080,3452,-634,7063,1825,593878
2026-05-19 20:14:32,lombar,16492,-1116,-272,4963,-1208,-182,1251333
2026-05-19 20:14:32,esterno,2504,15024,3236,-549,6808,1912,593900
2026-05-19 20:14:32,lombar,16592,-1120,-452,4840,-1327,-192,1251355
2026-05-19 20:14:32,esterno,1696,15152,4148,-494,6391,1942,593922
2026-05-19 20:14:32,lombar,16768,-1036,-340,4788,-1266,-273,1251377
2026-05-19 20:14:32,esterno,1524,15248,3872,-415,6313,1861,593944
2026-05-19 20:14:32,lombar,16712,-1160,-556,5078,-1294,-256,1251399
2026-05-19 20:14:32,esterno,2060,15268,4268,-73,5823,1723,593966
2026-05-19 20:14:32,lombar,16776,-1228,-588,5264,-1109,-196,1251421
2026-05-19 20:14:32,esterno,2040,15340,4276,-139,5891,1811,593988
2026-05-19 20:14:32,lombar,16764,-1160,-436,5421,-1062,-259,1251443
2026-05-19 20:14:32,esterno,1764,15008,4232,-221,5520,1835,594010
2026-05-19 20:14:32,lombar,16928,-888,-904,5239,-725,-344,1251465
2026-05-19 20:14:32,esterno,1604,15500,4620,-263,5152,1832,594032
2026-05-19 20:14:32,lombar,16960,-824,-940,5004,-511,-392,1251487
2026-05-19 20:14:32,esterno,1560,15604,4460,-457,4984,1906,594054
2026-05-19 20:14:32,lombar,16916,-796,-944,5002,-518,-472,1251509
2026-05-19 20:14:32,esterno,1524,14944,4320,-571,4711,1873,594076
2026-05-19 20:14:32,lombar,16736,-700,-596,4807,-449,-436,1251531
2026-05-19 20:14:32,esterno,1960,15104,4128,-731,4533,1942,594098
2026-05-19 20:14:32,lombar,16736,-600,-496,4441,-427,-514,1251553
2026-05-19 20:14:32,esterno,2060,15532,4076,-969,4583,2211,594120
2026-05-19 20:14:32,lombar,16584,-600,-704,4254,-609,-570,1251575
2026-05-19 20:14:32,esterno,1992,15184,4144,-924,4725,2323,594142
2026-05-19 20:14:32,lombar,16600,-628,-892,4116,-467,-557,1251597
2026-05-19 20:14:32,esterno,1960,14960,4356,-616,4774,2267,594164
2026-05-19 20:14:32,lombar,16724,-716,-348,3922,-436,-535,1251619
2026-05-19 20:14:32,esterno,2068,14760,4576,-623,4926,2387,594186
2026-05-19 20:14:32,lombar,16676,-600,-452,3671,-532,-450,1251641
2026-05-19 20:14:32,esterno,1840,14836,4244,-266,5058,2363,594208
2026-05-19 20:14:32,lombar,16712,-428,-368,3495,-485,-338,1251663
2026-05-19 20:14:32,esterno,2140,15120,4992,-112,4683,2342,594230
2026-05-19 20:14:32,lombar,16628,-672,-360,2981,-420,-214,1251685
2026-05-19 20:14:32,esterno,2144,15104,4204,138,4595,2401,594252
2026-05-19 20:14:32,lombar,16680,-992,-580,2716,-570,-207,1251707
2026-05-19 20:14:32,esterno,1796,14416,4536,618,4553,2095,594274
2026-05-19 20:14:32,lombar,16780,-1052,-696,2450,-550,-306,1251729
2026-05-19 20:14:32,esterno,1980,14644,4792,945,4417,1735,594296
2026-05-19 20:14:32,lombar,16708,-1128,-648,2422,-647,-394,1251751
2026-05-19 20:14:32,esterno,2412,14984,4472,878,4206,1438,594318
2026-05-19 20:14:32,lombar,16748,-1364,-924,2450,-566,-339,1251773
2026-05-19 20:14:32,esterno,1668,14944,4800,888,4019,1311,594340
2026-05-19 20:14:32,lombar,16792,-1288,-920,2674,-531,-453,1251795
2026-05-19 20:14:32,esterno,2372,14988,4632,808,3892,1002,594362
2026-05-19 20:14:32,lombar,16728,-1128,-1116,2850,-443,-421,1251817
2026-05-19 20:14:32,esterno,2588,15016,4676,506,3863,900,594384
2026-05-19 20:14:32,lombar,16792,-1104,-952,3172,-463,-384,1251839
2026-05-19 20:14:32,esterno,2588,15032,4596,416,4025,755,594406
2026-05-19 20:14:32,lombar,16684,-996,-856,3213,-387,-393,1251861
2026-05-19 20:14:32,esterno,2760,15096,4452,201,4044,648,594428
2026-05-19 20:14:32,lombar,16676,-684,-764,3326,-453,-307,1251883
2026-05-19 20:14:32,esterno,2384,15196,4532,66,4006,780,594450
2026-05-19 20:14:32,lombar,16772,-112,-592,3099,-506,-122,1251905
2026-05-19 20:14:32,esterno,2152,15188,4216,142,3985,899,594472
2026-05-19 20:14:32,lombar,16676,-100,-860,2814,-439,-95,1251927
2026-05-19 20:14:32,esterno,2056,14972,4612,85,3645,937,594494
2026-05-19 20:14:32,lombar,16624,-556,-636,2636,-490,-182,1251949
2026-05-19 20:14:32,esterno,2308,15284,4540,200,3530,901,594516
2026-05-19 20:14:33,lombar,16808,-648,-644,2651,-484,-138,1251971
2026-05-19 20:14:33,esterno,1996,15300,4604,41,3328,966,594538
2026-05-19 20:14:33,lombar,16584,-568,-772,2500,-553,-118,1251993
2026-05-19 20:14:33,esterno,1764,15108,4608,141,3067,828,594560
2026-05-19 20:14:33,lombar,16644,-480,-880,2185,-315,-86,1252015
2026-05-19 20:14:33,esterno,1916,15072,4660,155,2902,702,594582
2026-05-19 20:14:33,lombar,16816,-464,-784,1999,-447,-159,1252037
2026-05-19 20:14:33,esterno,2160,15176,4468,-123,2726,744,594604
2026-05-19 20:14:33,lombar,16692,-340,-608,1810,-487,-177,1252059
2026-05-19 20:14:33,esterno,1900,15080,4444,-78,2682,713,594626
2026-05-19 20:14:33,lombar,16720,-296,-588,1583,-450,-110,1252081
2026-05-19 20:14:33,esterno,1944,14956,4312,120,2498,598,594648
2026-05-19 20:14:33,lombar,16724,-392,-868,1375,-397,1,1252103
2026-05-19 20:14:33,esterno,1848,14712,4600,326,2229,483,594670
2026-05-19 20:14:33,lombar,16700,-428,-844,1184,-417,13,1252125
2026-05-19 20:14:33,esterno,1984,14864,4664,335,1898,491,594692
2026-05-19 20:14:33,lombar,16796,-408,-716,957,-402,74,1252147
2026-05-19 20:14:33,esterno,2072,15268,4576,337,1527,613,594714
2026-05-19 20:14:33,lombar,16772,-364,-776,676,-391,184,1252169
2026-05-19 20:14:33,esterno,2212,15132,3900,659,1591,497,594736
2026-05-19 20:14:33,lombar,16816,-304,-992,572,-271,141,1252191
2026-05-19 20:14:33,esterno,2164,14912,5192,638,1115,214,594758
2026-05-19 20:14:33,lombar,16712,-296,-888,413,-133,308,1252213
2026-05-19 20:14:33,esterno,2016,15108,4532,321,769,272,594780
2026-05-19 20:14:33,lombar,16624,-440,-948,195,-49,357,1252235
2026-05-19 20:14:33,esterno,1824,14676,3960,382,673,248,594802
2026-05-19 20:14:33,lombar,16676,-420,-572,82,14,351,1252257
2026-05-19 20:14:33,esterno,2044,14864,4092,218,981,-135,594824
2026-05-19 20:14:33,lombar,16736,-412,-680,138,-88,376,1252279
2026-05-19 20:14:33,esterno,2472,15072,3948,263,1096,-217,594846
2026-05-19 20:14:33,lombar,16804,-408,-644,98,8,436,1252301
2026-05-19 20:14:33,esterno,2652,15248,4284,477,1080,-270,594868
2026-05-19 20:14:33,lombar,16696,-452,-900,80,60,385,1252323
2026-05-19 20:14:33,esterno,2680,15380,4484,560,1126,-16,594890
2026-05-19 20:14:33,lombar,16768,-336,-784,49,47,445,1252345
2026-05-19 20:14:33,esterno,2268,15472,4544,421,905,193,594912
2026-05-19 20:14:33,lombar,16792,-344,-744,-5,14,481,1252367
