timestamp,node,ax,ay,az,gx,gy,gz,t_ms
2026-05-19 20:14:43,lombar,16616,-824,-1648,144,-953,459,1262157
2026-05-19 20:14:43,esterno,2280,15032,4452,-882,104,-85,604724
2026-05-19 20:14:43,lombar,16688,-736,-1832,95,-708,348,1262179
2026-05-19 20:14:43,esterno,2380,15012,4580,-914,155,-89,604746
2026-05-19 20:14:43,lombar,16648,-808,-1432,105,-650,376,1262201
2026-05-19 20:14:43,esterno,2372,15044,4656,-841,170,-3,604768
2026-05-19 20:14:43,lombar,16772,-792,-1784,107,-581,355,1262223
2026-05-19 20:14:43,esterno,2412,15148,4656,-655,171,180,604790
2026-05-19 20:14:43,lombar,16804,-760,-1564,63,-532,336,1262245
2026-05-19 20:14:43,esterno,2392,15060,4360,-601,308,97,604812
2026-05-19 20:14:43,lombar,16584,-824,-1668,75,-409,261,1262267
2026-05-19 20:14:43,esterno,2288,15100,5132,-687,119,5,604834
2026-05-19 20:14:43,lombar,16716,-872,-1704,-14,-249,295,1262289
2026-05-19 20:14:43,esterno,2524,15244,4784,-1021,-315,332,604856
2026-05-19 20:14:43,lombar,16564,-944,-1388,10,-169,257,1262311
2026-05-19 20:14:43,esterno,2504,14692,4436,-735,-175,441,604878
2026-05-19 20:14:43,lombar,16656,-740,-1520,110,-160,272,1262333
2026-05-19 20:14:43,esterno,2440,14876,4492,-395,381,211,604900
2026-05-19 20:14:43,lombar,16656,-608,-1604,56,-60,199,1262355
2026-05-19 20:14:43,esterno,2556,14964,4900,-499,392,28,604922
2026-05-19 20:14:43,lombar,16608,-732,-1608,11,-29,266,1262377
2026-05-19 20:14:43,esterno,2432,15164,4688,-451,216,172,604944
2026-05-19 20:14:43,esterno,2348,14896,4536,-489,281,274,604966
2026-05-19 20:14:43,lombar,16588,-780,-1432,25,-201,317,1262399
2026-05-19 20:14:43,lombar,16652,-704,-1556,-35,-203,373,1262421
2026-05-19 20:14:43,esterno,2324,14992,5024,-551,392,294,604988
2026-05-19 20:14:43,lombar,16480,-848,-1680,-6,-192,299,1262443
2026-05-19 20:14:43,esterno,2556,14904,4828,-483,363,222,605010
2026-05-19 20:14:43,lombar,16484,-904,-1456,46,-154,333,1262465
2026-05-19 20:14:43,esterno,2404,14948,4852,-372,368,179,605032
2026-05-19 20:14:43,lombar,16648,-888,-1544,95,-217,277,1262487
2026-05-19 20:14:43,esterno,2296,14940,4900,-451,418,164,605054
2026-05-19 20:14:43,lombar,16520,-828,-1488,155,-225,281,1262509
2026-05-19 20:14:43,esterno,2380,14976,5332,-539,89,269,605076
2026-05-19 20:14:43,lombar,16556,-636,-1508,55,-199,350,1262531
2026-05-19 20:14:43,esterno,2244,15016,4872,-508,174,315,605098
2026-05-19 20:14:43,lombar,16616,-864,-1556,26,-267,345,1262553
2026-05-19 20:14:43,esterno,2776,14988,5128,-346,71,199,605120
2026-05-19 20:14:43,lombar,16548,-948,-1640,122,-377,314,1262575
2026-05-19 20:14:43,esterno,2472,14952,4872,-558,7,200,605142
2026-05-19 20:14:43,lombar,16484,-840,-1464,127,-303,204,1262597
2026-05-19 20:14:43,esterno,2484,14836,5036,-583,-131,240,605164
2026-05-19 20:14:43,lombar,16484,-628,-1572,-91,-383,277,1262619
2026-05-19 20:14:43,esterno,2616,14820,5016,-613,-28,249,605186
2026-05-19 20:14:43,lombar,16560,-892,-1676,-7,-441,298,1262641
2026-05-19 20:14:43,esterno,2512,14720,4876,-545,77,122,605208
2026-05-19 20:14:43,lombar,16632,-752,-1540,35,-407,275,1262663
2026-05-19 20:14:43,esterno,2524,14832,5292,-497,77,27,605230
2026-05-19 20:14:43,lombar,16712,-884,-1624,22,-403,312,1262685
2026-05-19 20:14:43,esterno,2540,14936,4968,-519,90,30,605252
2026-05-19 20:14:43,lombar,16484,-808,-1684,58,-403,270,1262707
2026-05-19 20:14:43,esterno,2700,14884,5068,-502,164,21,605274
2026-05-19 20:14:43,lombar,16680,-980,-1832,45,-385,266,1262729
2026-05-19 20:14:43,esterno,2600,15020,5116,-545,121,102,605296
2026-05-19 20:14:43,lombar,16616,-1044,-1920,33,-245,266,1262751
2026-05-19 20:14:43,esterno,2380,14900,4944,-526,301,104,605318
2026-05-19 20:14:43,lombar,16600,-652,-1616,42,-232,298,1262773
2026-05-19 20:14:43,esterno,2432,14672,5304,-399,302,-60,605340
2026-05-19 20:14:43,lombar,16556,-860,-1724,120,-305,318,1262795
2026-05-19 20:14:43,esterno,2636,14760,4848,-458,581,-70,605362
2026-05-19 20:14:43,lombar,16512,-784,-1604,137,-319,402,1262817
2026-05-19 20:14:43,esterno,2620,14768,5556,-584,103,78,605384
2026-05-19 20:14:43,lombar,16612,-944,-1488,45,-274,293,1262839
2026-05-19 20:14:43,esterno,2600,14652,4888,-630,-146,332,605406
2026-05-19 20:14:43,lombar,16516,-768,-1568,-5,-375,205,1262861
2026-05-19 20:14:43,esterno,2624,14592,4740,-314,73,192,605428
2026-05-19 20:14:43,lombar,16636,-764,-1704,71,-316,347,1262883
2026-05-19 20:14:43,esterno,2388,14628,4972,-197,387,-53,605450
2026-05-19 20:14:43,lombar,16520,-744,-1396,88,-254,336,1262905
2026-05-19 20:14:43,esterno,2564,14668,5072,-222,291,-30,605472
2026-05-19 20:14:43,lombar,16476,-824,-1452,155,-344,312,1262927
2026-05-19 20:14:43,esterno,2504,14824,5020,-232,182,161,605494
2026-05-19 20:14:43,lombar,16516,-908,-1436,185,-535,293,1262949
2026-05-19 20:14:43,esterno,2488,14748,5136,-291,171,112,605516
2026-05-19 20:14:44,lombar,16636,-748,-1864,99,-640,273,1262971
2026-05-19 20:14:44,esterno,2504,14540,5100,-335,196,44,605538
2026-05-19 20:14:44,lombar,16592,-868,-1952,127,-580,265,1262993
2026-05-19 20:14:44,esterno,2584,14600,5440,-382,-18,18,605560
2026-05-19 20:14:44,lombar,16444,-928,-1404,183,-594,214,1263015
2026-05-19 20:14:44,esterno,2432,14560,5012,-468,-20,72,605582
2026-05-19 20:14:44,lombar,16668,-760,-1688,191,-740,211,1263037
2026-05-19 20:14:44,esterno,2332,14668,5488,-514,-379,194,605604
2026-05-19 20:14:44,lombar,16504,-724,-1776,66,-739,214,1263059
2026-05-19 20:14:44,esterno,1824,14576,5592,-638,-789,233,605626
2026-05-19 20:14:44,lombar,16612,-488,-1804,-105,-631,255,1263081
2026-05-19 20:14:44,esterno,1652,14576,5372,-905,-1034,124,605648
2026-05-19 20:14:44,lombar,16736,-556,-1868,-478,-582,160,1263103
2026-05-19 20:14:44,esterno,2184,14232,5568,-1035,-1114,-116,605670
2026-05-19 20:14:44,lombar,16552,-740,-1632,-666,-416,109,1263125
2026-05-19 20:14:44,esterno,2688,15104,5780,-1649,-1568,112,605692
2026-05-19 20:14:44,lombar,16456,-736,-1556,-962,-436,100,1263147
2026-05-19 20:14:44,esterno,2476,14852,5660,-1499,-1972,332,605714
2026-05-19 20:14:44,lombar,16652,-544,-2064,-1133,-415,60,1263169
2026-05-19 20:14:44,esterno,2448,14880,5812,-1346,-1961,282,605736
2026-05-19 20:14:44,lombar,16808,-388,-2352,-1288,-250,116,1263191
2026-05-19 20:14:44,esterno,2744,15020,5488,-1686,-1908,381,605758
2026-05-19 20:14:44,lombar,16772,-400,-2060,-1266,58,251,1263213
2026-05-19 20:14:44,esterno,3000,14508,5628,-1703,-1821,421,605780
2026-05-19 20:14:44,lombar,16348,-472,-1356,-1372,-157,324,1263235
2026-05-19 20:14:44,esterno,2944,13984,4980,-1666,-1456,176,605802
2026-05-19 20:14:44,lombar,16224,-568,-1588,-1400,-219,403,1263257
2026-05-19 20:14:44,esterno,3168,15016,6040,-1556,-1442,466,605824
2026-05-19 20:14:44,lombar,16644,-552,-1736,-1427,-152,382,1263279
2026-05-19 20:14:44,esterno,3296,14800,5704,-596,-1707,624,605846
2026-05-19 20:14:44,lombar,17040,-576,-1952,-1448,-228,510,1263301
2026-05-19 20:14:44,esterno,3136,14252,4856,-328,-1358,297,605868
2026-05-19 20:14:44,lombar,16604,-640,-1912,-1311,-179,429,1263323
2026-05-19 20:14:44,esterno,2952,13960,5244,-242,-916,239,605890
2026-05-19 20:14:44,lombar,16420,-532,-1600,-1439,-223,436,1263345
2026-05-19 20:14:44,esterno,3996,14028,5544,-596,-348,3,605912
2026-05-19 20:14:44,lombar,16772,-640,-1556,-1568,23,360,1263367
2026-05-19 20:14:44,esterno,4624,14720,5616,-413,-726,299,605934
2026-05-19 20:14:44,lombar,16808,-700,-1588,-1265,-145,381,1263389
2026-05-19 20:14:44,esterno,3256,14652,5632,11,-809,235,605956
2026-05-19 20:14:44,lombar,16764,-1124,-2200,-516,-201,550,1263411
2026-05-19 20:14:44,esterno,2384,14136,5524,56,-195,239,605978
2026-05-19 20:14:44,lombar,16840,-928,-2344,-237,189,566,1263433
2026-05-19 20:14:44,esterno,3456,13672,5908,424,-16,-404,606000
2026-05-19 20:14:44,lombar,16868,-740,-1988,-265,454,377,1263455
2026-05-19 20:14:44,esterno,4088,15040,6044,643,-227,-474,606022
2026-05-19 20:14:44,lombar,16768,-752,-1480,-96,316,410,1263477
2026-05-19 20:14:44,esterno,3116,14852,6196,1067,-401,-85,606044
2026-05-19 20:14:44,lombar,16784,-568,-2076,43,166,429,1263499
2026-05-19 20:14:44,esterno,2492,13992,5652,1064,-200,-472,606066
2026-05-19 20:14:44,lombar,16596,-576,-2184,76,292,391,1263521
2026-05-19 20:14:44,esterno,2992,14108,5932,683,-37,-836,606088
2026-05-19 20:14:44,lombar,16632,-536,-1872,105,657,389,1263543
2026-05-19 20:14:44,esterno,3988,14832,5788,544,-122,-843,606110
2026-05-19 20:14:44,lombar,16700,-484,-1524,17,657,371,1263565
2026-05-19 20:14:44,esterno,4096,15124,5328,600,-65,-555,606132
2026-05-19 20:14:44,lombar,16724,-360,-1592,-32,381,289,1263587
2026-05-19 20:14:44,esterno,3744,14628,5276,619,-25,-407,606154
2026-05-19 20:14:44,lombar,16548,-424,-1780,-57,417,320,1263609
2026-05-19 20:14:44,esterno,3164,14152,4828,729,366,-349,606176
2026-05-19 20:14:44,lombar,16464,-540,-1660,39,562,317,1263631
2026-05-19 20:14:44,esterno,3224,14040,5104,956,384,-433,606198
2026-05-19 20:14:44,lombar,16484,-776,-1092,236,706,446,1263653
2026-05-19 20:14:44,esterno,3332,14680,5256,997,749,-431,606220
2026-05-19 20:14:44,esterno,3440,14972,5128,851,694,-513,606242
2026-05-19 20:14:44,lombar,16656,-908,-972,385,447,373,1263675
2026-05-19 20:14:44,lombar,16572,-860,-1416,410,319,231,1263697
2026-05-19 20:14:44,esterno,3564,15136,5036,883,813,-464,606264
2026-05-19 20:14:44,lombar,16612,-612,-1596,473,365,253,1263719
2026-05-19 20:14:44,esterno,3336,14800,5072,1003,822,-266,606286
2026-05-19 20:14:44,lombar,16560,-544,-1612,738,516,364,1263741
2026-05-19 20:14:44,esterno,2844,14844,4972,833,837,-614,606308
2026-05-19 20:14:44,lombar,16412,-692,-1132,874,489,351,1263763
2026-05-19 20:14:44,esterno,2596,14468,5320,1524,572,122,606330
2026-05-19 20:14:44,lombar,16552,-584,-1044,927,303,400,1263785
2026-05-19 20:14:44,esterno,2788,14912,5184,268,678,-360,606352
2026-05-19 20:14:44,lombar,16736,-668,-1332,882,228,373,1263807
2026-05-19 20:14:44,esterno,2836,14832,5428,853,412,-324,606374
2026-05-19 20:14:44,lombar,16620,-508,-1296,840,248,247,1263829
2026-05-19 20:14:44,esterno,3240,15380,5392,405,456,-297,606396
2026-05-19 20:14:44,lombar,16592,-272,-1236,685,220,390,1263851
2026-05-19 20:14:44,esterno,2676,14920,5156,314,333,-410,606418
2026-05-19 20:14:44,lombar,16572,-124,-1212,375,238,539,1263873
2026-05-19 20:14:44,esterno,2444,15012,5004,364,445,-870,606440
2026-05-19 20:14:44,lombar,16692,-232,-1328,-30,13,618,1263895
2026-05-19 20:14:44,esterno,2452,15292,5484,-212,-330,-809,606462
2026-05-19 20:14:44,lombar,16552,-240,-1272,-486,-248,685,1263917
2026-05-19 20:14:44,esterno,2148,15056,4920,-535,-762,-549,606484
2026-05-19 20:14:44,lombar,16556,-408,-1244,-881,-381,763,1263939
2026-05-19 20:14:44,esterno,1876,14556,4608,-490,-1067,-974,606506
2026-05-19 20:14:44,lombar,16812,-408,-1432,-1192,-637,800,1263961
2026-05-19 20:14:45,esterno,2280,14576,4468,-293,-1346,-1299,606528
2026-05-19 20:14:45,lombar,16648,-372,-1240,-1525,-588,896,1263983
2026-05-19 20:14:45,esterno,2060,14464,5380,-572,-1679,-1458,606550
2026-05-19 20:14:45,lombar,16564,-616,-1156,-1712,-448,999,1264005
2026-05-19 20:14:45,esterno,2512,14964,5708,-152,-1930,-1659,606572
2026-05-19 20:14:45,lombar,16576,-688,-796,-1826,-565,1041,1264027
2026-05-19 20:14:45,esterno,2696,15256,5292,43,-2263,-1706,606594
2026-05-19 20:14:45,lombar,16560,-652,-896,-2033,-646,1057,1264049
2026-05-19 20:14:45,esterno,2452,14860,4904,-618,-2547,-1724,606616
2026-05-19 20:14:45,lombar,16724,-580,-1108,-2031,-565,1051,1264071
2026-05-19 20:14:45,esterno,2404,14800,4764,-783,-2680,-1762,606638
2026-05-19 20:14:45,lombar,16836,-1004,-1388,-1709,-407,1113,1264093
2026-05-19 20:14:45,esterno,2328,15008,4736,-401,-2788,-1643,606660
2026-05-19 20:14:45,lombar,16692,-952,-1092,-1852,-32,921,1264115
2026-05-19 20:14:45,esterno,2104,14968,5176,-698,-2912,-1642,606682
2026-05-19 20:14:45,lombar,16428,-868,-716,-2141,106,899,1264137
2026-05-19 20:14:45,esterno,1980,14864,4968,-476,-2971,-1462,606704
2026-05-19 20:14:45,lombar,16548,-840,-1096,-2125,65,922,1264159
2026-05-19 20:14:45,esterno,2088,14872,4684,-314,-3055,-1396,606726
2026-05-19 20:14:45,lombar,16764,-968,-1364,-2012,101,940,1264181
2026-05-19 20:14:45,esterno,1976,14916,5156,-386,-2907,-1350,606748
2026-05-19 20:14:45,lombar,16696,-988,-1244,-1972,236,954,1264203
2026-05-19 20:14:45,esterno,2016,15156,5352,-191,-2885,-1309,606770
2026-05-19 20:14:45,lombar,16604,-820,-936,-2070,256,953,1264225
2026-05-19 20:14:45,esterno,3116,14772,3800,-262,-2813,-1260,606792
2026-05-19 20:14:45,lombar,16660,-1024,-976,-2170,120,924,1264247
2026-05-19 20:14:45,esterno,2320,14960,5024,-222,-2584,-1044,606814
2026-05-19 20:14:45,lombar,16724,-1312,-1504,-1933,67,852,1264269
2026-05-19 20:14:45,esterno,2604,15048,4596,-140,-2675,-1005,606836
2026-05-19 20:14:45,lombar,16736,-1268,-1480,-1837,231,686,1264291
2026-05-19 20:14:45,esterno,2156,14676,5156,-113,-2601,-1020,606858
2026-05-19 20:14:45,lombar,16612,-1300,-1060,-1647,233,718,1264313
2026-05-19 20:14:45,esterno,2412,14936,4912,-187,-2403,-882,606880
2026-05-19 20:14:45,lombar,16716,-1220,-908,-1505,254,659,1264335
2026-05-19 20:14:45,esterno,2844,14984,4508,-163,-2323,-800,606902
2026-05-19 20:14:45,lombar,16768,-856,-676,-1324,120,624,1264357
2026-05-19 20:14:45,esterno,2756,14992,4456,-6,-2117,-724,606924
2026-05-19 20:14:45,lombar,16392,-1744,-1176,-1032,233,276,1264379
2026-05-19 20:14:45,esterno,2424,14788,4464,-26,-1829,-649,606946
2026-05-19 20:14:45,lombar,16996,-1156,-1064,-959,349,552,1264401
2026-05-19 20:14:45,esterno,2296,14800,4340,32,-1177,-874,606968
2026-05-19 20:14:45,lombar,16832,-1280,-644,-578,369,495,1264423
2026-05-19 20:14:45,esterno,3256,14972,4576,83,-1229,-973,606990
2026-05-19 20:14:45,lombar,16552,-1372,-496,-420,327,206,1264445
2026-05-19 20:14:45,esterno,2296,15316,4840,-10,-1306,-631,607012
2026-05-19 20:14:45,lombar,16592,-1628,-700,-238,395,510,1264467
2026-05-19 20:14:45,esterno,2416,15196,4024,130,-1112,-482,607034
2026-05-19 20:14:45,lombar,16772,-1076,-704,409,46,347,1264489
2026-05-19 20:14:45,esterno,2064,15012,4168,646,-594,-816,607056
2026-05-19 20:14:45,lombar,16956,-1120,-772,317,309,448,1264511
2026-05-19 20:14:45,esterno,2104,14976,4488,728,-463,-1017,607078
2026-05-19 20:14:45,lombar,16688,-1156,-592,486,297,382,1264533
2026-05-19 20:14:45,esterno,2488,15368,4164,463,-282,-774,607100
2026-05-19 20:14:45,lombar,16732,-1052,-568,367,539,486,1264555
2026-05-19 20:14:45,esterno,2052,14976,4660,376,-212,-705,607122
2026-05-19 20:14:45,lombar,16668,-1116,-352,420,534,493,1264577
2026-05-19 20:14:45,esterno,2000,15488,4740,690,-172,-652,607144
2026-05-19 20:14:45,lombar,16588,-988,-112,421,541,432,1264599
2026-05-19 20:14:45,esterno,2164,15172,4184,553,-225,-622,607166
2026-05-19 20:14:45,lombar,16728,-992,-464,356,445,469,1264621
2026-05-19 20:14:45,esterno,2052,14968,4412,639,-201,-678,607188
2026-05-19 20:14:45,lombar,16708,-1004,-560,268,655,582,1264643
2026-05-19 20:14:45,esterno,2120,15116,4632,724,-334,-505,607210
2026-05-19 20:14:45,lombar,16676,-1004,-336,325,574,654,1264665
2026-05-19 20:14:45,esterno,1860,15508,4444,538,-262,-327,607232
2026-05-19 20:14:45,lombar,16824,-1020,-312,-91,526,594,1264687
2026-05-19 20:14:45,esterno,2276,15356,3720,291,-489,-503,607254
2026-05-19 20:14:45,lombar,16728,-1132,-560,-251,438,452,1264709
2026-05-19 20:14:45,esterno,2280,15424,4416,116,-430,-620,607276
2026-05-19 20:14:45,lombar,17004,-888,-708,-113,365,422,1264731
2026-05-19 20:14:45,esterno,2032,15496,4516,-122,-432,-436,607298
2026-05-19 20:14:45,lombar,16628,-1364,-400,-95,412,453,1264753
2026-05-19 20:14:45,esterno,2120,15208,4424,-229,-428,-699,607320
2026-05-19 20:14:45,lombar,16608,-1200,-332,-361,509,420,1264775
2026-05-19 20:14:45,esterno,2356,15344,4496,-230,-211,-515,607342
2026-05-19 20:14:45,lombar,16432,-1020,-16,-221,312,307,1264797
2026-05-19 20:14:45,esterno,2376,15244,4616,-298,-13,-367,607364
2026-05-19 20:14:45,lombar,16848,-1180,-388,-76,132,271,1264819
2026-05-19 20:14:45,esterno,2108,15340,4420,-78,140,-332,607386
2026-05-19 20:14:45,lombar,16668,-1208,-320,159,173,379,1264841
2026-05-19 20:14:45,esterno,2024,15016,4016,-241,303,-417,607408
2026-05-19 20:14:45,lombar,16728,-1144,-508,168,269,369,1264863
2026-05-19 20:14:45,esterno,1904,15000,3596,-245,333,-303,607430
2026-05-19 20:14:45,lombar,16780,-1124,-312,224,289,367,1264885
2026-05-19 20:14:45,esterno,2044,15088,4368,-95,407,-238,607452
2026-05-19 20:14:45,lombar,16660,-1168,-340,311,144,316,1264907
2026-05-19 20:14:45,esterno,1772,14996,4280,73,661,-222,607474
2026-05-19 20:14:45,lombar,16516,-1084,12,249,-24,306,1264929
2026-05-19 20:14:45,esterno,1824,15092,4156,473,762,-387,607496
2026-05-19 20:14:45,lombar,16572,-1084,4,239,-201,284,1264951
2026-05-19 20:14:46,esterno,1860,15176,4940,64,675,-437,607518
2026-05-19 20:14:46,lombar,16744,-896,-272,222,-237,374,1264973
2026-05-19 20:14:46,esterno,1740,15468,4516,-360,348,-135,607540
2026-05-19 20:14:46,lombar,16736,-1284,-380,168,-61,304,1264995
2026-05-19 20:14:46,esterno,1784,15024,4160,-189,300,-175,607562
2026-05-19 20:14:46,lombar,16716,-1164,-216,252,-137,243,1265017
2026-05-19 20:14:46,esterno,1820,15008,4140,-184,711,-284,607584
2026-05-19 20:14:46,lombar,16784,-1048,-120,198,-296,266,1265039
2026-05-19 20:14:46,esterno,2168,15164,4552,98,718,-437,607606
2026-05-19 20:14:46,lombar,16672,-1000,68,111,-320,371,1265061
2026-05-19 20:14:46,esterno,1764,15228,4392,-68,615,-252,607628
2026-05-19 20:14:46,lombar,16508,-1260,-60,66,-377,447,1265083
2026-05-19 20:14:46,esterno,1424,15096,4984,-99,369,-16,607650
2026-05-19 20:14:46,lombar,16740,-1156,-504,-29,-308,431,1265105
2026-05-19 20:14:46,esterno,1720,15172,4176,-366,375,33,607672
2026-05-19 20:14:46,lombar,16732,-1088,-476,39,-205,342,1265127
2026-05-19 20:14:46,esterno,1884,15056,4384,-335,293,22,607694
2026-05-19 20:14:46,lombar,16684,-1296,-316,119,-242,425,1265149
2026-05-19 20:14:46,esterno,1896,15156,4528,-353,402,106,607716
2026-05-19 20:14:46,lombar,16628,-1244,-40,141,-327,395,1265171
2026-05-19 20:14:46,esterno,2140,15224,4144,-273,324,251,607738
2026-05-19 20:14:46,lombar,16736,-1040,-132,107,-430,385,1265193
2026-05-19 20:14:46,esterno,1732,15168,4392,-17,301,378,607760
2026-05-19 20:14:46,lombar,16576,-1120,-244,157,-464,401,1265215
2026-05-19 20:14:46,esterno,1780,15056,4400,254,216,368,607782
2026-05-19 20:14:46,lombar,16680,-1136,-224,233,-464,424,1265237
2026-05-19 20:14:46,esterno,1868,14996,4312,319,287,277,607804
2026-05-19 20:14:46,lombar,16804,-1364,64,376,-439,360,1265259
2026-05-19 20:14:46,esterno,1968,15144,4112,-144,469,238,607826
2026-05-19 20:14:46,lombar,16740,-1168,-128,533,-445,320,1265281
2026-05-19 20:14:46,esterno,2224,15068,4120,189,410,340,607848
2026-05-19 20:14:46,lombar,16652,-1124,-96,526,-411,318,1265303
2026-05-19 20:14:46,esterno,1836,15540,4868,7,389,186,607870
2026-05-19 20:14:46,lombar,16872,-952,-296,590,-373,372,1265325
2026-05-19 20:14:46,esterno,2092,15080,4556,172,622,317,607892
2026-05-19 20:14:46,lombar,16832,-1192,-436,583,-326,359,1265347
2026-05-19 20:14:46,esterno,2068,15064,4224,230,417,363,607914
2026-05-19 20:14:46,lombar,16820,-1212,-332,521,-159,310,1265369
2026-05-19 20:14:46,esterno,1804,15144,4696,778,458,566,607936
2026-05-19 20:14:46,lombar,16880,-1156,-272,529,-32,328,1265391
2026-05-19 20:14:46,esterno,2640,15184,3332,439,375,405,607958
2026-05-19 20:14:46,lombar,16836,-1084,-240,542,-49,255,1265413
2026-05-19 20:14:46,esterno,1584,14868,4476,400,380,154,607980
2026-05-19 20:14:46,lombar,16732,-1224,-304,545,39,233,1265435
2026-05-19 20:14:46,esterno,1604,15044,4440,170,325,28,608002
2026-05-19 20:14:46,lombar,16688,-1124,-136,519,95,235,1265457
2026-05-19 20:14:46,esterno,1712,15124,4524,71,227,-44,608024
2026-05-19 20:14:46,lombar,16732,-1108,-132,491,79,190,1265479
2026-05-19 20:14:46,esterno,1584,15140,4820,399,256,50,608046
2026-05-19 20:14:46,lombar,16744,-1032,-164,356,70,220,1265501
2026-05-19 20:14:46,esterno,1636,15432,4420,51,-271,-149,608068
2026-05-19 20:14:46,lombar,16768,-1020,-48,220,123,274,1265523
2026-05-19 20:14:46,esterno,1780,15252,3884,-9,-225,-204,608090
2026-05-19 20:14:46,lombar,16804,-1004,-276,108,259,264,1265545
2026-05-19 20:14:46,esterno,2328,15296,3868,12,239,-175,608112
2026-05-19 20:14:46,lombar,16840,-1084,-100,-32,423,214,1265567
2026-05-19 20:14:46,esterno,2428,15368,4240,297,115,-25,608134
2026-05-19 20:14:46,lombar,16736,-1128,212,-48,515,158,1265589
2026-05-19 20:14:46,esterno,1876,15260,4124,461,139,-30,608156
2026-05-19 20:14:46,lombar,16648,-1188,524,60,391,226,1265611
2026-05-19 20:14:46,esterno,1612,14972,4020,373,108,-22,608178
2026-05-19 20:14:46,lombar,16672,-1120,164,79,314,291,1265633
2026-05-19 20:14:46,esterno,1764,15064,4036,418,-54,-21,608200
2026-05-19 20:14:46,lombar,16588,-1232,176,153,301,195,1265655
2026-05-19 20:14:46,esterno,1812,15216,4056,444,-106,5,608222
2026-05-19 20:14:46,lombar,16660,-1088,348,281,126,177,1265677
2026-05-19 20:14:46,esterno,2196,15064,3628,586,-185,-77,608244
2026-05-19 20:14:46,lombar,16748,-1112,16,251,104,185,1265699
2026-05-19 20:14:46,esterno,2176,15572,3920,191,-219,-182,608266
2026-05-19 20:14:46,lombar,16940,-1244,72,256,205,301,1265721
2026-05-19 20:14:46,esterno,2140,15856,4268,-76,-222,-113,608288
2026-05-19 20:14:46,lombar,16800,-1308,188,461,247,282,1265743
2026-05-19 20:14:46,esterno,1820,15280,4040,-70,-241,-101,608310
2026-05-19 20:14:46,lombar,16696,-1064,104,447,120,261,1265765
2026-05-19 20:14:46,esterno,2016,14968,3876,-16,-342,-262,608332
2026-05-19 20:14:46,lombar,16740,-1164,-20,380,206,317,1265787
2026-05-19 20:14:46,esterno,2020,15360,3884,-67,-2,-244,608354
2026-05-19 20:14:46,lombar,16760,-1172,252,403,188,343,1265809
2026-05-19 20:14:46,esterno,1868,15244,4016,-243,-94,-294,608376
2026-05-19 20:14:46,lombar,16816,-1100,320,457,49,331,1265831
2026-05-19 20:14:46,esterno,1676,15556,3936,-91,-125,-360,608398
2026-05-19 20:14:46,lombar,16848,-1064,368,516,75,410,1265853
2026-05-19 20:14:46,esterno,1748,15288,4072,91,-224,-417,608420
2026-05-19 20:14:46,lombar,16776,-1152,496,565,31,420,1265875
2026-05-19 20:14:46,esterno,1824,15248,4008,-96,-368,-507,608442
2026-05-19 20:14:46,lombar,16912,-1244,548,520,88,415,1265897
2026-05-19 20:14:46,esterno,1932,15332,3852,-21,-368,-569,608464
2026-05-19 20:14:46,lombar,16796,-1176,660,554,0,434,1265919
2026-05-19 20:14:46,esterno,1832,15272,3924,-53,-242,-688,608486
2026-05-19 20:14:46,lombar,16840,-1164,848,495,8,481,1265941
2026-05-19 20:14:46,esterno,1612,15096,3740,-144,-289,-811,608508
2026-05-19 20:14:47,lombar,16444,-1340,924,409,-307,466,1265963
2026-05-19 20:14:47,esterno,1732,15140,3680,-222,-205,-763,608530
2026-05-19 20:14:47,lombar,16400,-1452,412,479,-310,353,1265985
2026-05-19 20:14:47,esterno,1660,14976,3328,-77,89,-747,608552
2026-05-19 20:14:47,lombar,16468,-1356,364,646,-199,319,1266007
2026-05-19 20:14:47,esterno,1776,15164,3404,56,500,-858,608574
2026-05-19 20:14:47,lombar,16728,-888,532,676,-247,414,1266029
2026-05-19 20:14:47,esterno,1676,15340,3728,-112,336,-896,608596
2026-05-19 20:14:47,lombar,16728,-784,260,610,-373,595,1266051
2026-05-19 20:14:47,esterno,1468,15672,3764,-185,255,-810,608618
2026-05-19 20:14:47,lombar,16808,-1060,280,699,-351,700,1266073
2026-05-19 20:14:47,esterno,1404,15408,3708,-221,422,-800,608640
2026-05-19 20:14:47,lombar,16640,-1080,440,695,-201,607,1266095
2026-05-19 20:14:47,esterno,1164,15260,3612,-86,659,-906,608662
2026-05-19 20:14:47,lombar,16752,-1012,484,498,-266,480,1266117
2026-05-19 20:14:47,esterno,1320,15412,4032,-267,658,-986,608684
2026-05-19 20:14:47,lombar,16720,-996,556,141,-239,494,1266139
2026-05-19 20:14:47,esterno,1312,15332,3636,-454,715,-953,608706
2026-05-19 20:14:47,lombar,16708,-980,352,-38,-226,599,1266161
2026-05-19 20:14:47,esterno,1728,15316,3436,-316,780,-709,608728
2026-05-19 20:14:47,lombar,16704,-892,176,-29,-270,665,1266183
2026-05-19 20:14:47,esterno,1364,15564,3952,-130,608,-515,608750
2026-05-19 20:14:47,lombar,16780,-780,124,-334,-193,634,1266205
2026-05-19 20:14:47,esterno,1140,15572,3704,-500,646,-607,608772
2026-05-19 20:14:47,lombar,16664,-1080,360,-401,-268,562,1266227
2026-05-19 20:14:47,esterno,868,15428,4504,-268,617,-427,608794
2026-05-19 20:14:47,lombar,16784,-1496,512,-540,-387,506,1266249
2026-05-19 20:14:47,esterno,1400,15468,4204,-760,490,-320,608816
2026-05-19 20:14:47,lombar,16604,-1540,352,-428,-682,295,1266271
2026-05-19 20:14:47,esterno,1148,15360,3756,-728,572,23,608838
2026-05-19 20:14:47,lombar,16652,-1388,208,-130,-643,275,1266293
2026-05-19 20:14:47,esterno,1204,15188,3920,-323,425,47,608860
2026-05-19 20:14:47,lombar,16684,-1344,456,207,-566,181,1266315
2026-05-19 20:14:47,esterno,1144,15400,4144,-428,505,118,608882
2026-05-19 20:14:47,lombar,16804,-1324,588,369,-650,255,1266337
2026-05-19 20:14:47,esterno,1036,15304,4200,-418,165,223,608904
2026-05-19 20:14:47,lombar,16656,-1152,420,354,-758,285,1266359
2026-05-19 20:14:47,esterno,1116,15488,4352,-361,-88,265,608926
2026-05-19 20:14:47,lombar,16652,-1204,156,377,-806,229,1266381
2026-05-19 20:14:47,esterno,896,15136,4176,-318,-157,409,608948
2026-05-19 20:14:47,lombar,16776,-1320,136,553,-774,302,1266403
2026-05-19 20:14:47,esterno,1020,15052,4244,-316,-165,350,608970
2026-05-19 20:14:47,lombar,16732,-1192,248,567,-723,444,1266425
2026-05-19 20:14:47,esterno,1312,15236,4284,-514,-211,333,608992
2026-05-19 20:14:47,lombar,16604,-1060,268,414,-764,433,1266447
2026-05-19 20:14:47,esterno,1396,15196,4060,-518,-304,455,609014
2026-05-19 20:14:47,lombar,16680,-1120,100,204,-808,301,1266469
2026-05-19 20:14:47,esterno,1172,15200,4200,-616,-225,398,609036
2026-05-19 20:14:47,lombar,16840,-1172,-160,209,-729,360,1266491
2026-05-19 20:14:47,esterno,1244,15212,4184,-429,-101,378,609058
2026-05-19 20:14:47,lombar,16856,-1140,-124,285,-690,334,1266513
2026-05-19 20:14:47,esterno,1408,15184,4100,-509,-57,251,609080
2026-05-19 20:14:47,lombar,16764,-1208,4,227,-557,346,1266535
2026-05-19 20:14:47,esterno,1364,15204,4148,-422,12,147,609102
2026-05-19 20:14:47,lombar,16848,-1140,196,96,-589,276,1266557
2026-05-19 20:14:47,esterno,1404,15156,4504,-500,165,24,609124
2026-05-19 20:14:47,lombar,16832,-868,-72,-115,-617,267,1266579
2026-05-19 20:14:47,esterno,1588,15284,4416,-659,-196,180,609146
2026-05-19 20:14:47,lombar,16844,-980,40,-228,-409,304,1266601
2026-05-19 20:14:47,esterno,1712,15324,4140,-706,-103,267,609168
2026-05-19 20:14:47,lombar,16816,-1148,4,-213,-370,314,1266623
2026-05-19 20:14:47,esterno,1556,15172,3992,-540,339,112,609190
2026-05-19 20:14:47,lombar,16776,-1300,344,-145,-491,209,1266645
2026-05-19 20:14:47,esterno,1244,14880,4228,-263,331,-50,609212
2026-05-19 20:14:47,lombar,16736,-1404,212,-127,-394,200,1266667
2026-05-19 20:14:47,esterno,1148,15152,4348,-293,373,-11,609234
2026-05-19 20:14:47,lombar,16728,-1220,188,-68,-349,297,1266689
2026-05-19 20:14:47,esterno,1344,15096,4260,-543,396,-26,609256
2026-05-19 20:14:47,lombar,16752,-1096,36,-47,-274,261,1266711
2026-05-19 20:14:47,esterno,1576,15080,4032,-382,592,-43,609278
2026-05-19 20:14:47,lombar,16732,-1320,348,77,-355,259,1266733
2026-05-19 20:14:47,esterno,1644,15148,4244,-244,577,-236,609300
2026-05-19 20:14:47,lombar,16716,-1476,164,126,-492,284,1266755
2026-05-19 20:14:47,esterno,1424,15240,4428,-325,405,-67,609322
2026-05-19 20:14:47,lombar,16688,-1176,-124,184,-487,257,1266777
2026-05-19 20:14:47,esterno,1188,15284,4252,-363,282,48,609344
2026-05-19 20:14:47,lombar,16772,-1196,-124,258,-482,257,1266799
2026-05-19 20:14:47,esterno,1260,15172,4132,-94,242,31,609366
2026-05-19 20:14:47,lombar,16856,-1080,-112,339,-568,331,1266821
2026-05-19 20:14:47,esterno,1616,15188,4232,-159,414,-37,609388
2026-05-19 20:14:47,lombar,16668,-1188,208,244,-435,313,1266843
2026-05-19 20:14:47,esterno,1904,15248,4372,-213,303,43,609410
2026-05-19 20:14:47,lombar,16704,-1032,100,191,-521,229,1266865
2026-05-19 20:14:47,esterno,1352,15212,4240,-221,333,173,609432
2026-05-19 20:14:47,lombar,16748,-1040,-28,214,-555,216,1266887
2026-05-19 20:14:47,esterno,1504,15292,4272,-10,230,237,609454
2026-05-19 20:14:47,lombar,16716,-1048,-24,249,-519,249,1266909
2026-05-19 20:14:47,esterno,1644,15236,4128,-66,307,350,609476
2026-05-19 20:14:47,lombar,16732,-1124,212,163,-611,291,1266931
2026-05-19 20:14:47,esterno,1368,15140,4432,144,115,494,609498
2026-05-19 20:14:47,lombar,16764,-1488,-4,80,-760,404,1266953
2026-05-19 20:14:47,esterno,1108,14956,4452,169,-29,475,609520
2026-05-19 20:14:48,lombar,16556,-1340,-56,71,-740,459,1266975
2026-05-19 20:14:48,esterno,880,15000,4376,319,-270,456,609542
2026-05-19 20:14:48,lombar,16576,-1112,-132,99,-829,422,1266997
2026-05-19 20:14:48,esterno,1188,15012,4196,217,-246,440,609564
2026-05-19 20:14:48,lombar,16756,-1276,-404,67,-540,449,1267019
2026-05-19 20:14:48,esterno,1420,15188,4352,307,-312,403,609586
2026-05-19 20:14:48,lombar,16808,-1176,-20,221,-421,563,1267041
2026-05-19 20:14:48,esterno,1528,15056,4108,318,-381,305,609608
2026-05-19 20:14:48,lombar,16864,-1136,60,45,-374,457,1267063
2026-05-19 20:14:48,esterno,1644,15252,4524,179,-400,238,609630
2026-05-19 20:14:48,lombar,16588,-1188,80,-381,-245,248,1267085
2026-05-19 20:14:48,esterno,1880,15384,4376,172,-114,312,609652
2026-05-19 20:14:48,lombar,16840,-1008,-108,-420,-38,35,1267107
2026-05-19 20:14:48,esterno,1624,15184,4856,12,-342,253,609674
2026-05-19 20:14:48,lombar,16968,-940,-236,-136,178,218,1267129
2026-05-19 20:14:48,esterno,1072,14908,4116,146,-481,111,609696
2026-05-19 20:14:48,lombar,17040,-988,-400,18,340,401,1267151
2026-05-19 20:14:48,esterno,1192,15044,3880,546,-24,-73,609718
2026-05-19 20:14:48,lombar,16764,-1064,328,-13,159,275,1267173
2026-05-19 20:14:48,esterno,1716,15024,3844,572,249,-210,609740
2026-05-19 20:14:48,lombar,16696,-972,192,-506,-188,308,1267195
2026-05-19 20:14:48,esterno,2112,15468,4068,130,389,-194,609762
2026-05-19 20:14:48,lombar,16748,-1460,-640,-442,75,110,1267217
2026-05-19 20:14:48,esterno,1844,15520,4120,-239,473,25,609784
2026-05-19 20:14:48,lombar,16660,-1484,-592,-198,295,-169,1267239
2026-05-19 20:14:48,esterno,1492,15560,4328,-171,513,-42,609806
2026-05-19 20:14:48,lombar,16776,-1340,-456,29,246,-41,1267261
2026-05-19 20:14:48,esterno,1244,15336,4436,-1,504,-164,609828
2026-05-19 20:14:48,lombar,16876,-1080,-308,382,301,70,1267283
2026-05-19 20:14:48,esterno,1628,15468,3936,-89,406,-116,609850
2026-05-19 20:14:48,lombar,16584,-1092,236,290,365,-21,1267305
2026-05-19 20:14:48,esterno,1960,15500,4116,-486,478,-11,609872
2026-05-19 20:14:48,lombar,16696,-1060,92,208,299,-68,1267327
2026-05-19 20:14:48,esterno,1776,15516,4240,-754,357,16,609894
2026-05-19 20:14:48,lombar,16796,-1080,0,228,379,-47,1267349
2026-05-19 20:14:48,esterno,1464,15316,3780,-630,542,-35,609916
2026-05-19 20:14:48,lombar,16720,-1140,100,259,403,26,1267371
2026-05-19 20:14:48,esterno,1560,15040,3892,-609,428,-167,609938
2026-05-19 20:14:48,lombar,16720,-1016,-40,276,476,63,1267393
2026-05-19 20:14:48,esterno,1648,15128,4272,-519,623,-43,609960
2026-05-19 20:14:48,lombar,16720,-864,140,317,547,132,1267415
2026-05-19 20:14:48,esterno,1464,15108,4204,-189,397,-22,609982
2026-05-19 20:14:48,lombar,16560,-580,364,125,377,197,1267437
2026-05-19 20:14:48,esterno,1432,15108,4180,-214,172,-144,610004
2026-05-19 20:14:48,lombar,16460,-632,444,-177,119,156,1267459
2026-05-19 20:14:48,esterno,1656,15056,4172,-113,116,60,610026
2026-05-19 20:14:48,lombar,16524,-788,544,-483,-59,280,1267481
2026-05-19 20:14:48,esterno,1740,15352,4272,-33,72,201,610048
2026-05-19 20:14:48,lombar,16704,-1000,420,-626,-249,474,1267503
2026-05-19 20:14:48,esterno,1724,15280,4200,-251,201,203,610070
2026-05-19 20:14:48,lombar,16660,-1436,256,-516,-337,501,1267525
2026-05-19 20:14:48,esterno,1760,15144,4036,-333,260,173,610092
2026-05-19 20:14:48,lombar,16656,-1360,168,-269,-401,447,1267547
2026-05-19 20:14:48,esterno,1592,15200,4040,-541,220,77,610114
2026-05-19 20:14:48,lombar,16716,-1076,420,-46,-470,430,1267569
2026-05-19 20:14:48,esterno,1600,15192,3972,-598,112,94,610136
2026-05-19 20:14:48,lombar,16780,-976,376,-21,-534,471,1267591
2026-05-19 20:14:48,esterno,1680,15244,3984,-620,151,177,610158
2026-05-19 20:14:48,lombar,16704,-1144,472,-36,-735,460,1267613
2026-05-19 20:14:48,esterno,1600,15172,3868,-465,88,201,610180
2026-05-19 20:14:48,lombar,16596,-1052,380,38,-758,318,1267635
2026-05-19 20:14:48,esterno,1480,15132,4720,-544,-52,142,610202
2026-05-19 20:14:48,lombar,16676,-824,148,148,-750,410,1267657
2026-05-19 20:14:48,esterno,1564,15260,4300,-448,-466,325,610224
2026-05-19 20:14:48,lombar,16720,-908,272,87,-764,434,1267679
2026-05-19 20:14:48,esterno,1108,14820,4228,-319,-495,174,610246
2026-05-19 20:14:48,lombar,16800,-948,228,129,-776,500,1267701
2026-05-19 20:14:48,esterno,1320,15048,4308,-309,-300,132,610268
2026-05-19 20:14:48,lombar,16916,-972,136,132,-766,448,1267723
2026-05-19 20:14:48,esterno,1524,15156,4352,-278,-400,38,610290
2026-05-19 20:14:48,lombar,16672,-960,280,-68,-707,400,1267745
2026-05-19 20:14:48,esterno,1400,15180,4272,-320,-549,59,610312
2026-05-19 20:14:48,lombar,16624,-932,68,-263,-753,347,1267767
2026-05-19 20:14:48,esterno,1680,15160,4776,-286,-650,75,610334
2026-05-19 20:14:48,lombar,16568,-908,-20,-279,-748,383,1267789
2026-05-19 20:14:48,esterno,1604,15220,4408,-363,-661,92,610356
2026-05-19 20:14:48,lombar,16808,-960,-24,-272,-673,345,1267811
2026-05-19 20:14:48,esterno,1520,14972,4284,-524,-503,132,610378
2026-05-19 20:14:48,lombar,16788,-848,140,-399,-558,394,1267833
2026-05-19 20:14:48,esterno,1644,15112,4596,-603,-419,66,610400
2026-05-19 20:14:48,lombar,16672,-1068,224,-634,-587,187,1267855
2026-05-19 20:14:48,esterno,1968,15360,4340,-792,-413,9,610422
2026-05-19 20:14:48,lombar,16728,-1108,144,-704,-672,195,1267877
2026-05-19 20:14:48,esterno,1800,15220,4328,-662,-301,102,610444
2026-05-19 20:14:48,lombar,16724,-932,0,-789,-758,132,1267899
2026-05-19 20:14:48,esterno,1472,14984,4424,-459,-227,-44,610466
2026-05-19 20:14:48,lombar,16956,-1004,-76,-741,-705,28,1267921
2026-05-19 20:14:48,esterno,1772,15148,4140,-206,-253,-211,610488
2026-05-19 20:14:48,lombar,16996,-904,-196,-617,-506,127,1267943
2026-05-19 20:14:48,esterno,1852,15108,4384,-81,-203,-141,610510
2026-05-19 20:14:49,lombar,16736,-1012,-152,-649,-312,166,1267965
2026-05-19 20:14:49,esterno,1824,14964,4572,-133,-304,-296,610532
2026-05-19 20:14:49,lombar,16776,-916,-316,-861,-121,178,1267987
2026-05-19 20:14:49,esterno,1280,15012,4852,-227,-251,-456,610554
2026-05-19 20:14:49,lombar,16792,-828,-188,-949,-44,200,1268009
2026-05-19 20:14:49,esterno,1756,15076,4380,-327,-163,-496,610576
2026-05-19 20:14:49,lombar,16780,-1044,72,-899,-19,189,1268031
2026-05-19 20:14:49,esterno,2188,15208,4204,-353,-133,-558,610598
2026-05-19 20:14:49,lombar,16864,-1020,8,-931,-75,188,1268053
2026-05-19 20:14:49,esterno,1996,15112,4216,-353,-8,-491,610620
2026-05-19 20:14:49,lombar,16840,-920,-160,-786,-62,283,1268075
2026-05-19 20:14:49,esterno,1688,15092,4176,-112,58,-512,610642
2026-05-19 20:14:49,lombar,16664,-980,-76,-545,-54,256,1268097
2026-05-19 20:14:49,esterno,1716,15072,4304,13,70,-453,610664
2026-05-19 20:14:49,lombar,16596,-996,380,-414,-138,175,1268119
2026-05-19 20:14:49,esterno,1784,15196,4372,96,-15,-248,610686
2026-05-19 20:14:49,lombar,16400,-920,276,-465,-319,223,1268141
2026-05-19 20:14:49,esterno,1524,14916,4404,301,-50,-255,610708
2026-05-19 20:14:49,lombar,16392,-1336,-40,-336,-406,239,1268163
2026-05-19 20:14:49,esterno,1512,14916,4352,175,306,-393,610730
2026-05-19 20:14:49,lombar,16652,-1268,-260,-112,-430,152,1268185
2026-05-19 20:14:49,esterno,1856,15248,4740,-190,-150,-249,610752
2026-05-19 20:14:49,lombar,16940,-736,-100,22,-300,160,1268207
2026-05-19 20:14:49,esterno,1792,15712,4204,-295,-150,133,610774
2026-05-19 20:14:49,lombar,17140,-240,-300,1,-291,319,1268229
2026-05-19 20:14:49,esterno,1580,15300,4296,114,312,17,610796
2026-05-19 20:14:49,lombar,16796,-676,-64,65,-414,523,1268251
2026-05-19 20:14:49,esterno,1656,15048,4692,213,370,-174,610818
2026-05-19 20:14:49,lombar,16576,-1196,-68,33,-496,523,1268273
2026-05-19 20:14:49,esterno,1484,15088,4204,-66,573,-50,610840
2026-05-19 20:14:49,lombar,16600,-1312,-172,146,-562,307,1268295
2026-05-19 20:14:49,esterno,1528,15020,4336,-36,348,150,610862
2026-05-19 20:14:49,lombar,16672,-1132,-572,185,-432,299,1268317
2026-05-19 20:14:49,esterno,1540,15256,4632,-56,342,198,610884
2026-05-19 20:14:49,lombar,16556,-1024,-300,439,-440,349,1268339
2026-05-19 20:14:49,esterno,1508,15092,4412,-117,346,273,610906
2026-05-19 20:14:49,lombar,16680,-1032,-108,471,-482,343,1268361
2026-05-19 20:14:49,esterno,1384,15164,4676,56,341,282,610928
2026-05-19 20:14:49,lombar,16636,-928,-344,423,-569,211,1268383
2026-05-19 20:14:49,esterno,1540,15348,4712,-182,308,403,610950
2026-05-19 20:14:49,lombar,16732,-748,-220,487,-596,223,1268405
2026-05-19 20:14:49,esterno,1628,15356,4596,-320,357,506,610972
2026-05-19 20:14:49,lombar,16716,-932,-456,458,-680,304,1268427
2026-05-19 20:14:49,esterno,1508,15196,4368,-66,538,631,610994
2026-05-19 20:14:49,lombar,16744,-1060,-460,600,-744,456,1268449
2026-05-19 20:14:49,esterno,1840,14932,4660,-47,346,430,611016
2026-05-19 20:14:49,lombar,16720,-1212,-324,755,-566,515,1268471
2026-05-19 20:14:49,esterno,1880,15096,4784,-158,501,649,611038
2026-05-19 20:14:49,lombar,16892,-1184,-128,921,-493,388,1268493
2026-05-19 20:14:49,esterno,1852,15104,4464,-404,290,665,611060
2026-05-19 20:14:49,lombar,16832,-904,-108,844,-331,311,1268515
2026-05-19 20:14:49,esterno,1796,15268,4384,-435,229,783,611082
2026-05-19 20:14:49,lombar,16564,-988,-68,886,-276,142,1268537
2026-05-19 20:14:49,esterno,1656,15204,4576,-502,194,733,611104
2026-05-19 20:14:49,lombar,16732,-1056,-288,1022,-324,292,1268559
2026-05-19 20:14:49,esterno,1676,15048,4436,-344,250,648,611126
2026-05-19 20:14:49,lombar,16800,-1112,-392,1178,-357,344,1268581
2026-05-19 20:14:49,esterno,1692,15032,4424,-59,380,515,611148
2026-05-19 20:14:49,lombar,16796,-876,-428,1274,-352,332,1268603
2026-05-19 20:14:49,esterno,1752,15020,4424,-40,422,483,611170
2026-05-19 20:14:49,lombar,16844,-844,-388,1157,-316,355,1268625
2026-05-19 20:14:49,esterno,1824,15060,4616,-145,449,486,611192
2026-05-19 20:14:49,lombar,16812,-848,-284,923,-303,372,1268647
2026-05-19 20:14:49,esterno,1788,15304,4564,-232,405,446,611214
2026-05-19 20:14:49,lombar,16808,-732,-128,671,-306,311,1268669
2026-05-19 20:14:49,esterno,1848,15156,4360,-293,499,277,611236
2026-05-19 20:14:49,lombar,16712,-952,-100,450,-325,288,1268691
2026-05-19 20:14:49,esterno,1956,15168,4044,-122,682,170,611258
2026-05-19 20:14:49,lombar,16784,-856,-48,356,-324,252,1268713
2026-05-19 20:14:49,esterno,2044,15032,4556,-207,557,99,611280
2026-05-19 20:14:49,lombar,16636,-752,-164,237,-296,225,1268735
2026-05-19 20:14:49,esterno,1936,15284,4480,-335,295,394,611302
2026-05-19 20:14:49,lombar,16632,-784,-80,164,-230,280,1268757
2026-05-19 20:14:49,esterno,1756,14964,4380,-28,543,216,611324
2026-05-19 20:14:49,lombar,16748,-860,-164,288,-305,270,1268779
2026-05-19 20:14:49,esterno,1736,14928,4492,206,697,-45,611346
2026-05-19 20:14:49,esterno,1656,15044,4468,128,610,-130,611368
2026-05-19 20:14:49,lombar,16824,-876,-172,377,-293,291,1268801
2026-05-19 20:14:49,lombar,16704,-900,-176,307,-234,241,1268823
2026-05-19 20:14:49,esterno,1692,15104,4360,-44,464,-49,611390
2026-05-19 20:14:49,lombar,16688,-852,-188,233,-279,261,1268845
2026-05-19 20:14:49,esterno,1880,15188,4352,-102,366,70,611412
2026-05-19 20:14:49,lombar,16804,-948,-68,211,-266,207,1268867
2026-05-19 20:14:49,esterno,2072,15180,4580,-122,379,40,611434
2026-05-19 20:14:49,lombar,16904,-736,-348,236,-343,220,1268889
2026-05-19 20:14:49,esterno,2212,15028,4364,-32,493,-57,611456
2026-05-19 20:14:49,lombar,16656,-780,-180,250,-249,288,1268911
2026-05-19 20:14:49,esterno,2040,15088,4600,-136,479,-11,611478
2026-05-19 20:14:49,lombar,16676,-908,-228,207,-172,328,1268933
2026-05-19 20:14:49,esterno,1968,15124,4284,-253,516,88,611500
2026-05-19 20:14:49,lombar,16728,-1060,-164,134,-195,242,1268955
2026-05-19 20:14:50,esterno,2108,15200,4292,-125,522,147,611522
2026-05-19 20:14:50,lombar,16812,-1024,-324,176,-249,222,1268977
2026-05-19 20:14:50,esterno,1888,15004,4308,-123,424,15,611544
2026-05-19 20:14:50,lombar,16744,-860,-388,280,-159,184,1268999
2026-05-19 20:14:50,esterno,2028,15196,4500,-134,587,-47,611566
2026-05-19 20:14:50,lombar,16776,-764,-196,416,-125,279,1269021
2026-05-19 20:14:50,esterno,1936,15184,4504,-194,487,53,611588
2026-05-19 20:14:50,lombar,16752,-704,-372,365,-56,333,1269043
2026-05-19 20:14:50,esterno,1892,15108,4660,-111,326,98,611610
2026-05-19 20:14:50,lombar,16736,-760,-188,260,-29,290,1269065
2026-05-19 20:14:50,esterno,2004,15212,4556,-87,349,97,611632
2026-05-19 20:14:50,lombar,16752,-920,-148,308,-157,244,1269087
2026-05-19 20:14:50,esterno,1832,15100,4408,-63,368,73,611654
2026-05-19 20:14:50,lombar,16640,-876,-248,391,-170,354,1269109
2026-05-19 20:14:50,esterno,1960,15076,4412,-50,380,30,611676
2026-05-19 20:14:50,lombar,16748,-756,-240,387,-82,415,1269131
2026-05-19 20:14:50,esterno,1928,15076,4524,-72,388,85,611698
2026-05-19 20:14:50,lombar,16832,-816,-272,353,-97,361,1269153
2026-05-19 20:14:50,esterno,1956,15068,4444,-42,449,87,611720
2026-05-19 20:14:50,lombar,16744,-900,-20,296,-118,335,1269175
2026-05-19 20:14:50,esterno,1824,15052,4528,-11,375,32,611742
2026-05-19 20:14:50,lombar,16864,-896,-268,287,-86,340,1269197
2026-05-19 20:14:50,esterno,1864,15260,4572,-70,276,46,611764
2026-05-19 20:14:50,lombar,16696,-820,-176,318,-58,407,1269219
2026-05-19 20:14:50,esterno,1704,15072,4416,118,265,12,611786
2026-05-19 20:14:50,lombar,16700,-848,-80,252,-101,310,1269241
2026-05-19 20:14:50,esterno,1652,14936,4668,227,519,-112,611808
2026-05-19 20:14:50,lombar,16756,-856,-224,205,-58,358,1269263
2026-05-19 20:14:50,esterno,2004,15272,4620,-76,91,9,611830
2026-05-19 20:14:50,lombar,16736,-692,-92,82,-93,319,1269285
2026-05-19 20:14:50,esterno,1712,14980,4328,15,122,95,611852
2026-05-19 20:14:50,lombar,16748,-776,92,48,-134,342,1269307
2026-05-19 20:14:50,esterno,1728,15032,4292,181,337,-98,611874
2026-05-19 20:14:50,lombar,16772,-1000,-208,57,-99,295,1269329
2026-05-19 20:14:50,esterno,1904,15200,4464,134,314,-128,611896
2026-05-19 20:14:50,lombar,16732,-992,-92,113,-66,349,1269351
2026-05-19 20:14:50,esterno,1732,15336,4364,86,265,-36,611918
2026-05-19 20:14:50,lombar,16736,-860,-16,100,-70,326,1269373
2026-05-19 20:14:50,esterno,1716,15092,4440,30,194,18,611940
2026-05-19 20:14:50,lombar,16716,-900,72,72,-146,354,1269395
2026-05-19 20:14:50,esterno,1892,15252,4312,-18,168,-46,611962
2026-05-19 20:14:50,lombar,16764,-840,-192,210,-218,385,1269417
2026-05-19 20:14:50,esterno,1768,15056,4180,17,289,-48,611984
2026-05-19 20:14:50,lombar,16700,-980,-56,218,-187,449,1269439
2026-05-19 20:14:50,esterno,1832,15108,4452,-46,286,-5,612006
2026-05-19 20:14:50,lombar,16760,-928,-188,200,-178,376,1269461
2026-05-19 20:14:50,esterno,1876,15332,4392,-108,203,38,612028
2026-05-19 20:14:50,lombar,16936,-884,-164,285,-137,416,1269483
2026-05-19 20:14:50,esterno,1904,15244,4408,-175,141,34,612050
2026-05-19 20:14:50,lombar,16768,-976,-20,174,-20,446,1269505
2026-05-19 20:14:50,esterno,1636,15060,4228,-247,336,-46,612072
2026-05-19 20:14:50,lombar,16800,-1004,-92,154,12,361,1269527
2026-05-19 20:14:50,esterno,1936,15104,4464,-117,227,-139,612094
2026-05-19 20:14:50,lombar,16620,-1104,140,275,41,263,1269549
2026-05-19 20:14:50,esterno,1760,15232,4360,-145,327,7,612116
2026-05-19 20:14:50,lombar,16720,-1060,96,163,75,443,1269571
2026-05-19 20:14:50,esterno,1624,15048,4524,-134,159,-64,612138
2026-05-19 20:14:50,lombar,16720,-900,104,114,-30,412,1269593
2026-05-19 20:14:50,esterno,1672,15396,4248,-113,199,-135,612160
2026-05-19 20:14:50,lombar,16784,-940,-72,188,-173,416,1269615
2026-05-19 20:14:50,esterno,1928,15264,4196,-103,287,-79,612182
2026-05-19 20:14:50,lombar,16932,-832,-68,454,-317,218,1269637
2026-05-19 20:14:50,esterno,1792,15296,4476,-152,314,-9,612204
2026-05-19 20:14:50,lombar,16784,-960,-112,321,-215,404,1269659
2026-05-19 20:14:50,lombar,16672,-1052,-216,409,-311,431,1269681
2026-05-19 20:14:50,esterno,1772,15216,4372,-204,364,3,612226
2026-05-19 20:14:50,esterno,1812,15164,4312,-182,475,11,612248
2026-05-19 20:14:50,lombar,16712,-1100,164,392,-302,437,1269703
2026-05-19 20:14:50,esterno,1832,15124,4320,-275,467,38,612270
2026-05-19 20:14:50,lombar,16724,-1208,96,400,-263,348,1269725
2026-05-19 20:14:50,esterno,1904,15180,4416,-373,482,67,612292
2026-05-19 20:14:50,lombar,16944,-572,120,332,-257,308,1269747
2026-05-19 20:14:50,esterno,1652,15076,4168,-334,518,127,612314
2026-05-19 20:14:50,lombar,16660,-1036,316,305,-222,399,1269769
2026-05-19 20:14:50,esterno,1736,15080,3484,-128,834,47,612336
2026-05-19 20:14:50,lombar,16608,-920,292,131,-229,313,1269791
2026-05-19 20:14:50,esterno,1792,15112,4568,-257,466,-37,612358
2026-05-19 20:14:50,lombar,16836,-776,292,107,-357,334,1269813
2026-05-19 20:14:50,esterno,1656,15300,4092,-409,234,201,612380
2026-05-19 20:14:50,lombar,16508,-1096,160,226,-393,382,1269835
2026-05-19 20:14:50,esterno,1396,14816,3992,-106,482,37,612402
2026-05-19 20:14:50,lombar,16564,-1440,12,417,-380,333,1269857
2026-05-19 20:14:50,esterno,1780,15064,4380,-31,672,38,612424
2026-05-19 20:14:50,lombar,16532,-1528,-92,853,-536,189,1269879
2026-05-19 20:14:50,esterno,2012,15300,4232,-189,631,119,612446
2026-05-19 20:14:50,lombar,16928,-316,-132,848,-337,414,1269901
2026-05-19 20:14:50,esterno,1692,15168,4436,-137,561,157,612468
2026-05-19 20:14:50,lombar,16652,-988,416,545,-426,551,1269923
2026-05-19 20:14:50,esterno,1588,15216,4592,-293,428,183,612490
2026-05-19 20:14:50,lombar,16788,-1204,20,512,-679,395,1269945
2026-05-19 20:14:50,esterno,1776,15340,4464,-441,386,399,612512
2026-05-19 20:14:51,lombar,16752,-1112,-124,620,-618,307,1269967
2026-05-19 20:14:51,esterno,1712,15244,4224,-435,440,427,612534
2026-05-19 20:14:51,lombar,16752,-1012,48,689,-523,324,1269989
2026-05-19 20:14:51,esterno,2028,15268,4248,-515,388,464,612556
2026-05-19 20:14:51,lombar,16632,-976,136,750,-559,320,1270011
2026-05-19 20:14:51,esterno,1980,15356,3992,-670,548,526,612578
2026-05-19 20:14:51,lombar,16840,-560,-68,818,-715,233,1270033
2026-05-19 20:14:51,esterno,1600,15008,4184,-626,626,544,612600
2026-05-19 20:14:51,lombar,16712,-880,256,770,-683,266,1270055
2026-05-19 20:14:51,esterno,1420,14908,4400,-493,533,594,612622
2026-05-19 20:14:51,esterno,2204,15184,4144,-199,835,615,612644
2026-05-19 20:14:51,lombar,16740,-1188,232,594,-606,213,1270077
2026-05-19 20:14:51,lombar,16756,-748,240,683,-887,144,1270099
2026-05-19 20:14:51,esterno,2084,15420,4372,-190,833,676,612666
2026-05-19 20:14:51,lombar,16792,-916,-144,597,-938,134,1270121
2026-05-19 20:14:51,esterno,2012,15164,4508,121,934,630,612688
2026-05-19 20:14:51,lombar,16776,-836,-184,558,-711,98,1270143
2026-05-19 20:14:51,esterno,2208,15132,4232,-80,1175,735,612710
2026-05-19 20:14:51,lombar,16720,-1004,-292,929,-641,118,1270165
2026-05-19 20:14:51,esterno,2076,15084,4340,-191,1503,881,612732
2026-05-19 20:14:51,lombar,16704,-1092,-108,1010,-592,-31,1270187
2026-05-19 20:14:51,esterno,2188,15068,4272,17,1733,862,612754
2026-05-19 20:14:51,lombar,16768,-944,-204,1006,-488,-137,1270209
2026-05-19 20:14:51,esterno,2052,15104,4600,-14,1781,761,612776
2026-05-19 20:14:51,lombar,16736,-868,-244,1224,-505,-28,1270231
2026-05-19 20:14:51,esterno,1488,15200,4552,-61,1820,834,612798
2026-05-19 20:14:51,lombar,16780,-892,-76,1291,-461,3,1270253
2026-05-19 20:14:51,esterno,1724,15144,4696,-84,1740,905,612820
2026-05-19 20:14:51,lombar,16848,-864,-16,1091,-449,-2,1270275
2026-05-19 20:14:51,esterno,1964,15324,4596,-96,1710,953,612842
2026-05-19 20:14:51,lombar,16936,-876,-56,1028,-388,-46,1270297
2026-05-19 20:14:51,esterno,2000,15164,4464,-55,1754,950,612864
2026-05-19 20:14:51,lombar,16716,-1020,-224,1046,-256,69,1270319
2026-05-19 20:14:51,esterno,1396,15020,4420,96,2112,790,612886
2026-05-19 20:14:51,lombar,16660,-908,-168,1293,-201,49,1270341
2026-05-19 20:14:51,esterno,2216,15088,4616,-138,1490,826,612908
2026-05-19 20:14:51,lombar,16860,-688,-132,1216,-184,177,1270363
2026-05-19 20:14:51,esterno,1792,15124,4268,-329,1291,1150,612930
2026-05-19 20:14:51,lombar,16700,-752,108,1067,-210,94,1270385
2026-05-19 20:14:51,esterno,1936,14768,4104,-50,1550,1003,612952
2026-05-19 20:14:51,lombar,16668,-676,32,1036,-489,174,1270407
2026-05-19 20:14:51,esterno,2124,15008,4300,78,1788,853,612974
2026-05-19 20:14:51,lombar,16628,-756,-32,870,-522,159,1270429
2026-05-19 20:14:51,esterno,2024,15152,4228,-42,1813,784,612996
2026-05-19 20:14:51,lombar,16756,-664,-220,750,-493,92,1270451
2026-05-19 20:14:51,esterno,1736,15088,4472,-115,1713,888,613018
2026-05-19 20:14:51,lombar,16796,-544,-312,698,-528,208,1270473
2026-05-19 20:14:51,esterno,2096,15112,4564,-226,1679,926,613040
2026-05-19 20:14:51,lombar,16564,-712,-124,641,-518,197,1270495
2026-05-19 20:14:51,esterno,2400,15088,4460,-198,1793,986,613062
2026-05-19 20:14:51,lombar,16756,-712,20,538,-625,83,1270517
2026-05-19 20:14:51,esterno,2264,15068,4652,-74,1845,1044,613084
2026-05-19 20:14:51,lombar,16784,-624,-352,491,-749,23,1270539
2026-05-19 20:14:51,esterno,1724,15132,5148,39,1912,1175,613106
2026-05-19 20:14:51,lombar,16636,-752,-404,540,-693,103,1270561
2026-05-19 20:14:51,esterno,2268,15140,4432,-160,1847,1335,613128
2026-05-19 20:14:51,lombar,16788,-764,-336,679,-608,241,1270583
2026-05-19 20:14:51,esterno,2148,14856,4168,-136,1907,1438,613150
2026-05-19 20:14:51,lombar,16708,-828,-36,628,-705,264,1270605
2026-05-19 20:14:51,esterno,2220,14892,4420,-80,1706,1360,613172
2026-05-19 20:14:51,lombar,16720,-1048,-540,690,-731,99,1270627
2026-05-19 20:14:51,esterno,2284,15092,4544,31,1828,1284,613194
2026-05-19 20:14:51,lombar,16680,-932,-356,799,-785,105,1270649
2026-05-19 20:14:51,esterno,2276,15124,4812,88,1635,1413,613216
2026-05-19 20:14:51,lombar,16664,-872,-340,690,-800,79,1270671
2026-05-19 20:14:51,esterno,2188,14920,4688,120,1655,1232,613238
2026-05-19 20:14:51,lombar,16612,-852,-532,658,-850,-28,1270693
2026-05-19 20:14:51,esterno,2536,15024,4376,89,1716,1173,613260
2026-05-19 20:14:51,lombar,16636,-804,-384,876,-981,0,1270715
2026-05-19 20:14:51,esterno,2280,15024,4516,43,1634,1245,613282
2026-05-19 20:14:51,lombar,16624,-792,-428,851,-1130,85,1270737
2026-05-19 20:14:51,esterno,1908,15372,5052,11,1534,1431,613304
2026-05-19 20:14:51,lombar,16656,-724,-700,1071,-1014,26,1270759
2026-05-19 20:14:51,esterno,2168,15048,4628,148,1607,1227,613326
2026-05-19 20:14:51,lombar,16632,-952,-804,1055,-1005,-28,1270781
2026-05-19 20:14:51,esterno,2548,14964,4748,-51,1716,1102,613348
2026-05-19 20:14:51,lombar,16512,-856,-464,984,-934,51,1270803
2026-05-19 20:14:51,esterno,2828,14912,4592,-198,1804,985,613370
2026-05-19 20:14:51,lombar,16568,-908,-212,1132,-1186,-34,1270825
2026-05-19 20:14:51,esterno,2684,15048,4432,-191,1741,1108,613392
2026-05-19 20:14:51,lombar,16680,-1032,-732,1129,-1040,40,1270847
2026-05-19 20:14:51,esterno,2432,14860,4488,-9,1820,1104,613414
2026-05-19 20:14:51,lombar,16804,-1044,-1048,1273,-905,-115,1270869
2026-05-19 20:14:51,esterno,2580,14924,4724,87,1851,936,613436
2026-05-19 20:14:51,lombar,16676,-928,-1020,1503,-957,-156,1270891
2026-05-19 20:14:51,esterno,2548,15056,4548,147,2278,776,613458
2026-05-19 20:14:51,lombar,16712,-720,-788,1845,-848,-40,1270913
2026-05-19 20:14:51,esterno,2884,15368,5164,-234,1506,889,613480
2026-05-19 20:14:51,lombar,16772,-724,-1032,1892,-613,95,1270935
2026-05-19 20:14:51,esterno,2480,15052,4264,-344,1286,1074,613502
2026-05-19 20:14:51,lombar,16700,-768,-636,1865,-645,99,1270957
2026-05-19 20:14:52,esterno,2596,14740,4224,-10,2023,909,613524
2026-05-19 20:14:52,lombar,16568,-1044,-648,1866,-841,163,1270979
2026-05-19 20:14:52,esterno,2628,15056,4856,-58,2188,879,613546
2026-05-19 20:14:52,lombar,16812,-968,-1148,1935,-644,79,1271001
2026-05-19 20:14:52,esterno,2696,15288,4372,-77,2049,871,613568
2026-05-19 20:14:52,lombar,16616,-752,-664,2037,-406,50,1271023
2026-05-19 20:14:52,esterno,2288,14836,4796,-40,1821,727,613590
2026-05-19 20:14:52,lombar,16496,-516,-616,1959,-564,98,1271045
2026-05-19 20:14:52,esterno,2232,14860,4736,-249,1785,564,613612
2026-05-19 20:14:52,lombar,16364,-124,-684,1798,-768,237,1271067
2026-05-19 20:14:52,esterno,2380,14728,4404,-203,1751,547,613634
2026-05-19 20:14:52,lombar,16352,-500,-672,1584,-1016,361,1271089
2026-05-19 20:14:52,esterno,2576,14528,4768,-245,1690,448,613656
2026-05-19 20:14:52,lombar,16496,-540,-1080,1568,-1277,202,1271111
2026-05-19 20:14:52,esterno,2660,14824,4980,-429,1520,412,613678
2026-05-19 20:14:52,lombar,16768,-400,-1304,1581,-997,341,1271133
2026-05-19 20:14:52,esterno,2520,15040,5220,-215,1272,616,613700
2026-05-19 20:14:52,lombar,16908,-504,-1092,1584,-684,486,1271155
2026-05-19 20:14:52,esterno,2600,14900,4760,-423,1355,635,613722
2026-05-19 20:14:52,lombar,16888,-440,-1004,1397,-697,386,1271177
2026-05-19 20:14:52,esterno,2960,15032,5044,-505,787,570,613744
2026-05-19 20:14:52,lombar,16780,-132,-1240,1067,-705,341,1271199
2026-05-19 20:14:52,esterno,2976,15296,4892,-550,880,713,613766
2026-05-19 20:14:52,lombar,16612,-120,-1148,761,-572,365,1271221
2026-05-19 20:14:52,esterno,2776,15088,4892,-809,661,613,613788
2026-05-19 20:14:52,lombar,16744,96,-1044,466,-606,486,1271243
2026-05-19 20:14:52,esterno,2860,15104,4992,-805,161,478,613810
2026-05-19 20:14:52,lombar,16736,-496,-1260,234,-735,437,1271265
2026-05-19 20:14:52,esterno,2724,15012,4720,-974,150,509,613832
2026-05-19 20:14:52,lombar,16736,-636,-1388,134,-812,342,1271287
2026-05-19 20:14:52,esterno,2800,14808,4920,-911,-18,428,613854
2026-05-19 20:14:52,lombar,16816,-424,-1388,185,-816,248,1271309
2026-05-19 20:14:52,esterno,3048,14840,5244,-803,-87,236,613876
2026-05-19 20:14:52,lombar,16540,-616,-1332,282,-766,134,1271331
2026-05-19 20:14:52,esterno,3168,14528,4948,-922,-48,-5,613898
2026-05-19 20:14:52,lombar,16548,-440,-1436,408,-589,126,1271353
2026-05-19 20:14:52,esterno,3160,14624,5032,-728,-41,-101,613920
2026-05-19 20:14:52,lombar,16588,-204,-1164,486,-611,209,1271375
2026-05-19 20:14:52,esterno,3024,14756,5076,-636,-105,14,613942
2026-05-19 20:14:52,lombar,16664,-160,-1088,389,-640,241,1271397
2026-05-19 20:14:52,esterno,3940,14800,4488,-637,-47,16,613964
2026-05-19 20:14:52,lombar,16640,-104,-1300,241,-661,292,1271419
2026-05-19 20:14:52,esterno,3384,14684,5060,-558,-139,-67,613986
2026-05-19 20:14:52,lombar,16864,-344,-1368,250,-629,263,1271441
2026-05-19 20:14:52,esterno,3256,14656,4892,-451,-203,-13,614008
2026-05-19 20:14:52,lombar,16576,-232,-1168,216,-595,352,1271463
2026-05-19 20:14:52,esterno,3100,14704,4628,-250,112,-28,614030
2026-05-19 20:14:52,lombar,16668,-128,-1208,172,-610,440,1271485
2026-05-19 20:14:52,esterno,3340,14824,5592,-454,-546,-39,614052
2026-05-19 20:14:52,lombar,16616,-224,-1184,4,-656,425,1271507
2026-05-19 20:14:52,esterno,3156,14728,4888,-547,-451,11,614074
2026-05-19 20:14:52,lombar,16604,-324,-1384,-121,-622,454,1271529
2026-05-19 20:14:52,esterno,3216,14524,4652,-402,-388,-152,614096
2026-05-19 20:14:52,lombar,16576,-116,-1344,-159,-576,517,1271551
2026-05-19 20:14:52,esterno,3524,14588,5044,-318,-66,-258,614118
2026-05-19 20:14:52,lombar,16712,-200,-1268,-261,-611,594,1271573
2026-05-19 20:14:52,esterno,3304,14956,5212,-320,-6,-227,614140
2026-05-19 20:14:52,lombar,16724,-352,-1348,-418,-535,609,1271595
2026-05-19 20:14:52,esterno,3100,14440,5208,-386,-151,-358,614162
2026-05-19 20:14:52,lombar,16600,-312,-1436,-511,-546,580,1271617
2026-05-19 20:14:52,esterno,3208,14560,5424,-261,-297,-470,614184
2026-05-19 20:14:52,lombar,16556,-472,-1280,-519,-433,641,1271639
2026-05-19 20:14:52,esterno,3144,14560,4952,-218,-264,-508,614206
2026-05-19 20:14:52,lombar,16628,-440,-1632,-504,-329,708,1271661
2026-05-19 20:14:52,esterno,2976,14432,5252,-20,-284,-593,614228
2026-05-19 20:14:52,lombar,16560,-472,-1336,-517,-203,754,1271683
2026-05-19 20:14:52,esterno,3096,14520,5148,-66,-381,-662,614250
2026-05-19 20:14:52,lombar,16776,-128,-1540,-579,-156,866,1271705
2026-05-19 20:14:52,esterno,2896,14852,5296,-219,-517,-650,614272
2026-05-19 20:14:52,lombar,16696,-436,-1336,-987,-236,969,1271727
2026-05-19 20:14:52,esterno,2776,14608,4980,-194,-481,-716,614294
2026-05-19 20:14:52,lombar,16688,-756,-1660,-1228,-261,830,1271749
2026-05-19 20:14:52,esterno,2784,14652,5212,-257,-893,-911,614316
2026-05-19 20:14:52,lombar,16760,-624,-1588,-1192,-358,768,1271771
2026-05-19 20:14:52,esterno,2728,14688,5224,48,-1029,-947,614338
2026-05-19 20:14:52,lombar,16768,-728,-1756,-1168,-287,811,1271793
2026-05-19 20:14:52,esterno,2732,15088,5272,-199,-1116,-897,614360
2026-05-19 20:14:52,lombar,16696,-748,-1468,-1312,-228,771,1271815
2026-05-19 20:14:52,esterno,2860,14844,5084,-441,-1288,-1227,614382
2026-05-19 20:14:52,lombar,16464,-696,-1212,-1518,-178,630,1271837
2026-05-19 20:14:52,esterno,2824,14816,5124,-430,-1359,-1250,614404
2026-05-19 20:14:52,lombar,16628,-748,-1252,-1568,-158,703,1271859
2026-05-19 20:14:52,esterno,2616,14628,5304,-416,-1236,-1239,614426
2026-05-19 20:14:52,lombar,16616,-692,-1496,-1567,-79,759,1271881
2026-05-19 20:14:52,esterno,2496,14408,4904,6,-1399,-1327,614448
2026-05-19 20:14:52,lombar,16716,-696,-1424,-1489,18,722,1271903
2026-05-19 20:14:52,esterno,2796,14944,5212,-57,-1254,-1176,614470
2026-05-19 20:14:52,lombar,16736,-688,-1476,-1230,158,840,1271925
2026-05-19 20:14:52,esterno,2264,14780,5552,-29,-1195,-1183,614492
2026-05-19 20:14:52,lombar,16808,-652,-1460,-1141,344,759,1271947
2026-05-19 20:14:52,esterno,2692,14476,5032,181,-1280,-1327,614514
2026-05-19 20:14:53,lombar,16708,-728,-1308,-1511,275,778,1271969
2026-05-19 20:14:53,esterno,2420,14844,5340,-90,-1322,-1234,614536
2026-05-19 20:14:53,lombar,16680,-768,-1412,-1684,205,735,1271991
2026-05-19 20:14:53,esterno,2468,14700,5000,-9,-1355,-1140,614558
2026-05-19 20:14:53,lombar,16660,-940,-1644,-1730,213,678,1272013
2026-05-19 20:14:53,esterno,2292,14872,5284,37,-1407,-1198,614580
2026-05-19 20:14:53,lombar,16800,-928,-1548,-1636,328,660,1272035
2026-05-19 20:14:53,esterno,2664,15224,5056,258,-1381,-1115,614602
2026-05-19 20:14:53,lombar,16748,-852,-1560,-1443,552,594,1272057
2026-05-19 20:14:53,esterno,2316,14740,4904,109,-1404,-949,614624
2026-05-19 20:14:53,lombar,16624,-852,-1176,-1398,565,631,1272079
2026-05-19 20:14:53,esterno,2316,14608,4240,360,-1162,-840,614646
2026-05-19 20:14:53,lombar,16732,-972,-1332,-1367,561,657,1272101
2026-05-19 20:14:53,esterno,2384,14996,5292,226,-1795,-793,614668
2026-05-19 20:14:53,lombar,16612,-1000,-1344,-1390,663,560,1272123
2026-05-19 20:14:53,esterno,2360,15004,4948,-71,-1989,-593,614690
2026-05-19 20:14:53,lombar,16528,-1080,-1100,-1237,743,443,1272145
2026-05-19 20:14:53,esterno,2172,14820,4536,219,-1573,-700,614712
2026-05-19 20:14:53,lombar,16552,-976,-1332,-1224,648,451,1272167
2026-05-19 20:14:53,esterno,2128,14832,4992,369,-1348,-783,614734
2026-05-19 20:14:53,lombar,16600,-940,-1144,-1154,510,504,1272189
2026-05-19 20:14:53,esterno,2520,14992,4824,632,-1195,-648,614756
2026-05-19 20:14:53,lombar,16664,-1088,-1132,-1188,485,472,1272211
2026-05-19 20:14:53,esterno,1764,15112,5264,224,-1427,-501,614778
2026-05-19 20:14:53,lombar,16524,-1036,-880,-1272,391,435,1272233
2026-05-19 20:14:53,esterno,2340,14900,4724,176,-1559,-575,614800
2026-05-19 20:14:53,lombar,16452,-1212,-1008,-1179,209,325,1272255
2026-05-19 20:14:53,esterno,2376,14748,4548,180,-1503,-444,614822
2026-05-19 20:14:53,lombar,16676,-1184,-1196,-1015,221,328,1272277
2026-05-19 20:14:53,esterno,2400,14860,4960,122,-1288,-344,614844
2026-05-19 20:14:53,lombar,16656,-1084,-988,-928,107,333,1272299
2026-05-19 20:14:53,esterno,2516,15232,4772,128,-1221,-79,614866
2026-05-19 20:14:53,lombar,16628,-980,-976,-940,17,369,1272321
2026-05-19 20:14:53,esterno,2472,15040,4556,51,-1014,-200,614888
2026-05-19 20:14:53,lombar,16672,-1112,-1072,-986,-45,266,1272343
2026-05-19 20:14:53,esterno,2752,14940,4668,213,-916,-381,614910
2026-05-19 20:14:53,lombar,16696,-1128,-1064,-977,-78,276,1272365
2026-05-19 20:14:53,esterno,2612,14900,4660,0,-1057,-350,614932
2026-05-19 20:14:53,lombar,16764,-1172,-972,-822,-7,257,1272387
2026-05-19 20:14:53,esterno,2676,15196,4564,5,-741,-153,614954
2026-05-19 20:14:53,lombar,16628,-1196,-1052,-657,93,334,1272409
2026-05-19 20:14:53,esterno,2492,15056,4888,-88,-667,-57,614976
2026-05-19 20:14:53,lombar,16668,-1208,-1056,-602,210,296,1272431
2026-05-19 20:14:53,esterno,2572,14924,4868,-78,-726,-170,614998
2026-05-19 20:14:53,lombar,16748,-1220,-1156,-598,313,284,1272453
2026-05-19 20:14:53,esterno,2572,15012,4760,-53,-542,-150,615020
2026-05-19 20:14:53,lombar,16804,-1296,-968,-374,234,190,1272475
2026-05-19 20:14:53,esterno,2496,14984,4840,-192,-374,-97,615042
2026-05-19 20:14:53,lombar,16744,-1200,-600,-225,127,55,1272497
2026-05-19 20:14:53,esterno,2376,15256,4564,-227,-224,-29,615064
2026-05-19 20:14:53,lombar,17020,-1092,-972,-128,40,84,1272519
2026-05-19 20:14:53,esterno,2308,15216,4856,-153,63,-204,615086
2026-05-19 20:14:53,lombar,16824,-1136,-856,143,162,122,1272541
2026-05-19 20:14:53,esterno,2620,15192,4788,-172,291,-427,615108
2026-05-19 20:14:53,lombar,16508,-1312,-908,250,196,103,1272563
2026-05-19 20:14:53,esterno,2640,15308,4668,-283,460,-370,615130
2026-05-19 20:14:53,lombar,16644,-1100,-776,518,189,74,1272585
2026-05-19 20:14:53,esterno,2444,15256,4828,-289,494,-198,615152
2026-05-19 20:14:53,lombar,16672,-700,-544,759,303,262,1272607
2026-05-19 20:14:53,esterno,2264,15132,4728,-326,515,-197,615174
2026-05-19 20:14:53,lombar,16620,-716,-332,839,287,372,1272629
2026-05-19 20:14:53,esterno,2328,15252,4852,-450,674,-201,615196
2026-05-19 20:14:53,lombar,16532,-812,-516,870,131,486,1272651
2026-05-19 20:14:53,esterno,2360,15028,4988,-385,637,-100,615218
2026-05-19 20:14:53,lombar,16572,-1244,-496,952,175,447,1272673
2026-05-19 20:14:53,esterno,2308,15108,5012,-510,564,-38,615240
2026-05-19 20:14:53,lombar,16752,-736,-692,1066,114,521,1272695
2026-05-19 20:14:53,esterno,2176,14988,4832,-558,599,161,615262
2026-05-19 20:14:53,lombar,16788,-948,-644,917,126,431,1272717
2026-05-19 20:14:53,esterno,2096,14868,4472,-232,873,167,615284
2026-05-19 20:14:53,lombar,16580,-992,-788,949,-44,335,1272739
2026-05-19 20:14:53,esterno,2340,14984,5284,-524,194,148,615306
2026-05-19 20:14:53,lombar,16656,-740,-672,965,-212,278,1272761
2026-05-19 20:14:53,esterno,2292,15044,4708,-953,72,346,615328
2026-05-19 20:14:53,lombar,16660,-788,-640,900,-226,257,1272783
2026-05-19 20:14:53,esterno,2208,14856,4560,-725,384,303,615350
2026-05-19 20:14:53,lombar,16784,-688,-380,932,-313,257,1272805
2026-05-19 20:14:53,esterno,2584,14852,4696,-638,618,378,615372
2026-05-19 20:14:53,lombar,16688,-732,-560,982,-354,260,1272827
2026-05-19 20:14:53,esterno,2324,15000,4588,-852,716,350,615394
2026-05-19 20:14:53,lombar,16692,-516,-216,781,-398,239,1272849
2026-05-19 20:14:53,esterno,2416,14876,4576,-901,605,388,615416
2026-05-19 20:14:53,lombar,16424,-624,-328,496,-556,253,1272871
2026-05-19 20:14:53,esterno,2380,14672,4524,-891,479,358,615438
2026-05-19 20:14:53,lombar,16576,-744,-376,518,-777,270,1272893
2026-05-19 20:14:53,esterno,2704,14832,4172,-879,444,493,615460
2026-05-19 20:14:53,lombar,16728,-696,-604,536,-800,252,1272915
2026-05-19 20:14:53,esterno,2296,14864,4744,-852,552,551,615482
2026-05-19 20:14:53,lombar,16752,-580,-116,532,-843,289,1272937
2026-05-19 20:14:53,esterno,2420,15036,5004,-794,503,555,615504
2026-05-19 20:14:53,lombar,16448,-756,-128,474,-1063,366,1272959
2026-05-19 20:14:54,esterno,2680,15152,4712,-935,495,603,615526
2026-05-19 20:14:54,lombar,16628,-636,-484,390,-1027,369,1272981
2026-05-19 20:14:54,esterno,2392,14816,4940,-811,491,620,615548
2026-05-19 20:14:54,lombar,16836,-688,-348,445,-1073,321,1273003
2026-05-19 20:14:54,esterno,2604,14696,5004,-882,323,601,615570
2026-05-19 20:14:54,lombar,16836,-840,-428,546,-1002,276,1273025
2026-05-19 20:14:54,esterno,2744,14800,4940,-760,476,678,615592
2026-05-19 20:14:54,lombar,16704,-760,-516,685,-956,259,1273047
2026-05-19 20:14:54,esterno,2632,14700,5096,-753,436,632,615614
2026-05-19 20:14:54,lombar,16680,-920,-652,695,-904,440,1273069
2026-05-19 20:14:54,esterno,2700,14756,5272,-585,226,577,615636
2026-05-19 20:14:54,lombar,16828,-916,-644,524,-773,347,1273091
2026-05-19 20:14:54,esterno,2768,14824,5200,-567,244,612,615658
2026-05-19 20:14:54,lombar,16872,-804,-660,511,-676,244,1273113
2026-05-19 20:14:54,esterno,2744,14604,4992,-556,170,612,615680
2026-05-19 20:14:54,lombar,16780,-648,-804,575,-478,364,1273135
2026-05-19 20:14:54,esterno,2544,14796,5228,-402,171,676,615702
2026-05-19 20:14:54,lombar,16844,-728,-668,607,-413,511,1273157
2026-05-19 20:14:54,esterno,2560,14716,5044,-268,113,575,615724
2026-05-19 20:14:54,lombar,16764,-836,-484,522,-258,490,1273179
2026-05-19 20:14:54,esterno,2692,14696,5028,-292,50,514,615746
2026-05-19 20:14:54,lombar,16768,-988,-544,441,-160,413,1273201
2026-05-19 20:14:54,esterno,2788,14508,5140,-240,146,470,615768
2026-05-19 20:14:54,lombar,16672,-656,-632,347,-196,354,1273223
2026-05-19 20:14:54,esterno,2716,14544,5232,24,148,419,615790
2026-05-19 20:14:54,lombar,16612,-672,-448,176,-187,438,1273245
2026-05-19 20:14:54,esterno,2604,14628,5380,12,304,238,615812
2026-05-19 20:14:54,lombar,16668,-804,-424,-17,-237,418,1273267
2026-05-19 20:14:54,esterno,2888,14616,5044,30,492,114,615834
2026-05-19 20:14:54,lombar,16580,-1032,-576,-21,-316,299,1273289
2026-05-19 20:14:54,esterno,3024,14688,4980,117,672,63,615856
2026-05-19 20:14:54,lombar,16684,-1164,-1016,113,-294,179,1273311
2026-05-19 20:14:54,esterno,2948,14728,5036,179,747,43,615878
2026-05-19 20:14:54,lombar,16740,-960,-1036,325,-186,168,1273333
2026-05-19 20:14:54,esterno,2984,14864,5148,239,783,-62,615900
2026-05-19 20:14:54,lombar,16780,-808,-856,484,-136,222,1273355
2026-05-19 20:14:54,esterno,3092,15128,5364,391,511,56,615922
2026-05-19 20:14:54,lombar,16740,-872,-856,441,-36,150,1273377
2026-05-19 20:14:54,esterno,2876,14824,4996,441,848,15,615944
2026-05-19 20:14:54,lombar,16552,-728,-880,567,-121,90,1273399
2026-05-19 20:14:54,esterno,3320,14908,5404,152,269,282,615966
2026-05-19 20:14:54,lombar,16736,-804,-1064,605,-147,240,1273421
2026-05-19 20:14:54,esterno,2856,14576,5012,149,149,433,615988
2026-05-19 20:14:54,lombar,16580,-1084,-920,715,-67,225,1273443
2026-05-19 20:14:54,esterno,2820,14616,4696,248,572,313,616010
2026-05-19 20:14:54,lombar,16776,-748,-1036,922,-77,241,1273465
2026-05-19 20:14:54,esterno,2712,14752,5280,391,554,232,616032
2026-05-19 20:14:54,lombar,16744,-836,-908,875,-25,201,1273487
2026-05-19 20:14:54,esterno,2444,14748,5204,295,524,242,616054
2026-05-19 20:14:54,lombar,16664,-640,-716,731,-15,135,1273509
2026-05-19 20:14:54,esterno,2624,14760,5304,214,370,383,616076
2026-05-19 20:14:54,lombar,16740,-660,-796,546,-83,164,1273531
2026-05-19 20:14:54,esterno,2876,14916,5180,155,360,464,616098
2026-05-19 20:14:54,lombar,16756,-760,-628,545,-86,104,1273553
2026-05-19 20:14:54,esterno,3044,14672,4860,21,471,365,616120
2026-05-19 20:14:54,lombar,16628,-784,-600,592,-152,232,1273575
2026-05-19 20:14:54,esterno,2968,14652,4948,51,591,189,616142
2026-05-19 20:14:54,lombar,16624,-624,-792,503,-222,223,1273597
2026-05-19 20:14:54,esterno,3052,14716,5104,63,570,208,616164
2026-05-19 20:14:54,lombar,16660,-732,-680,307,-210,221,1273619
2026-05-19 20:14:54,esterno,2704,14752,5220,-49,596,235,616186
2026-05-19 20:14:54,lombar,16612,-784,-676,216,-219,227,1273641
2026-05-19 20:14:54,esterno,2624,14832,4924,64,783,218,616208
2026-05-19 20:14:54,lombar,16828,-832,-700,211,-186,235,1273663
2026-05-19 20:14:54,esterno,3000,14628,5080,14,572,66,616230
2026-05-19 20:14:54,lombar,16784,-796,-796,279,-75,354,1273685
2026-05-19 20:14:54,esterno,3108,15004,4972,130,751,139,616252
2026-05-19 20:14:54,lombar,16768,-900,-616,263,49,303,1273707
2026-05-19 20:14:54,esterno,2692,14768,5380,94,620,172,616274
2026-05-19 20:14:54,lombar,16732,-828,-892,109,134,238,1273729
2026-05-19 20:14:54,esterno,2736,14708,5168,199,484,118,616296
2026-05-19 20:14:54,lombar,16780,-816,-644,33,192,210,1273751
2026-05-19 20:14:54,esterno,2876,14764,4968,206,652,158,616318
2026-05-19 20:14:54,lombar,16704,-872,-724,157,196,202,1273773
2026-05-19 20:14:54,esterno,2840,14724,5044,193,769,117,616340
2026-05-19 20:14:54,lombar,16484,-448,-440,308,133,346,1273795
2026-05-19 20:14:54,esterno,2756,14672,5020,302,682,80,616362
2026-05-19 20:14:54,lombar,16768,-812,-668,262,248,298,1273817
2026-05-19 20:14:54,esterno,2660,14760,4956,395,558,160,616384
2026-05-19 20:14:54,lombar,16484,-572,-268,97,96,212,1273839
2026-05-19 20:14:54,esterno,2760,14896,4680,329,517,235,616406
2026-05-19 20:14:54,lombar,16616,-512,-652,-87,-13,268,1273861
2026-05-19 20:14:54,esterno,3000,14884,4852,469,480,95,616428
2026-05-19 20:14:54,lombar,16680,-496,-364,-211,-69,395,1273883
2026-05-19 20:14:54,esterno,2456,14928,5404,569,522,-54,616450
2026-05-19 20:14:54,lombar,16708,-676,-436,-167,-189,382,1273905
2026-05-19 20:14:54,esterno,2756,15036,4876,391,342,-74,616472
2026-05-19 20:14:54,esterno,2352,14872,4992,243,177,-194,616494
2026-05-19 20:14:54,lombar,16668,-664,-508,-229,-110,488,1273927
2026-05-19 20:14:54,lombar,16732,-624,-320,-389,-133,413,1273949
2026-05-19 20:14:54,esterno,3264,14844,4316,320,-18,-295,616516
2026-05-19 20:14:55,lombar,16644,-572,-408,-600,-207,352,1273971
2026-05-19 20:14:55,esterno,2720,14840,4700,164,-198,-309,616538
2026-05-19 20:14:55,lombar,16624,-656,-584,-668,-200,352,1273993
2026-05-19 20:14:55,esterno,2656,14856,4936,329,-274,-286,616560
2026-05-19 20:14:55,lombar,16712,-856,-572,-614,-120,399,1274015
2026-05-19 20:14:55,esterno,2740,14348,4636,608,49,-613,616582
2026-05-19 20:14:55,lombar,16648,-804,-376,-469,-78,389,1274037
2026-05-19 20:14:55,esterno,3340,15280,5196,287,-414,-575,616604
2026-05-19 20:14:55,lombar,16980,-848,-492,-504,-15,400,1274059
2026-05-19 20:14:55,esterno,3044,14844,4772,138,-330,-378,616626
2026-05-19 20:14:55,lombar,16780,-824,-712,-396,236,354,1274081
2026-05-19 20:14:55,esterno,3012,14884,4572,463,59,-479,616648
2026-05-19 20:14:55,lombar,16916,-808,-584,-251,491,542,1274103
2026-05-19 20:14:55,esterno,2736,15016,4948,464,156,-483,616670
2026-05-19 20:14:55,lombar,16780,-788,-552,-174,667,564,1274125
2026-05-19 20:14:55,esterno,2644,14668,4528,732,34,-428,616692
2026-05-19 20:14:55,lombar,16724,-836,-296,-177,698,580,1274147
2026-05-19 20:14:55,esterno,2744,14956,4844,676,-254,-415,616714
2026-05-19 20:14:55,lombar,16676,-984,-172,-343,516,482,1274169
2026-05-19 20:14:55,esterno,2696,15080,4620,388,-315,-353,616736
2026-05-19 20:14:55,lombar,16580,-796,-300,-259,396,322,1274191
2026-05-19 20:14:55,esterno,2592,15108,4308,322,-316,-228,616758
2026-05-19 20:14:55,lombar,16672,-672,-272,-67,211,449,1274213
2026-05-19 20:14:55,esterno,2248,15216,4404,299,-338,-148,616780
2026-05-19 20:14:55,lombar,16640,-692,0,-4,157,557,1274235
2026-05-19 20:14:55,esterno,2132,15300,4600,197,-549,-134,616802
2026-05-19 20:14:55,lombar,16652,-816,-48,-77,-31,461,1274257
2026-05-19 20:14:55,esterno,2260,15200,4400,36,-665,-54,616824
2026-05-19 20:14:55,lombar,16512,-752,-148,-299,-163,360,1274279
2026-05-19 20:14:55,esterno,2380,15184,4212,-105,-585,-44,616846
2026-05-19 20:14:55,lombar,16692,-700,4,-532,-279,345,1274301
2026-05-19 20:14:55,esterno,2684,15072,4336,-282,-675,3,616868
2026-05-19 20:14:55,lombar,16800,-836,-272,-446,-287,264,1274323
2026-05-19 20:14:55,esterno,3072,15304,4220,-96,-285,118,616890
2026-05-19 20:14:55,lombar,16816,-892,0,-199,-437,323,1274345
2026-05-19 20:14:55,esterno,2960,15220,4192,-391,-219,242,616912
2026-05-19 20:14:55,lombar,16624,-856,-296,-70,-482,335,1274367
2026-05-19 20:14:55,esterno,2612,15212,4380,-509,-446,160,616934
2026-05-19 20:14:55,lombar,16608,-712,-204,-76,-554,357,1274389
2026-05-19 20:14:55,esterno,2440,15328,4396,-653,-380,153,616956
2026-05-19 20:14:55,lombar,16592,-904,-12,-57,-768,332,1274411
2026-05-19 20:14:55,esterno,2408,15036,4572,-766,-504,124,616978
2026-05-19 20:14:55,lombar,16668,-868,-176,4,-950,375,1274433
2026-05-19 20:14:55,esterno,2448,15228,4652,-916,-700,353,617000
2026-05-19 20:14:55,lombar,16708,-832,-136,133,-1046,377,1274455
2026-05-19 20:14:55,esterno,2568,15076,4628,-901,-805,265,617022
2026-05-19 20:14:55,lombar,16652,-1036,-96,120,-996,409,1274477
2026-05-19 20:14:55,esterno,2508,15084,4876,-806,-750,44,617044
2026-05-19 20:14:55,lombar,16648,-1004,-156,79,-967,357,1274499
2026-05-19 20:14:55,esterno,2640,14840,4704,-744,-723,-55,617066
2026-05-19 20:14:55,lombar,16792,-752,-296,-56,-910,347,1274521
2026-05-19 20:14:55,esterno,2624,14936,4896,-715,-559,-11,617088
2026-05-19 20:14:55,lombar,16792,-804,-424,-99,-881,365,1274543
2026-05-19 20:14:55,esterno,3320,15020,4224,-683,-525,129,617110
2026-05-19 20:14:55,lombar,16864,-972,-532,-69,-867,335,1274565
2026-05-19 20:14:55,esterno,3044,14900,4768,-665,-341,16,617132
2026-05-19 20:14:55,lombar,16692,-756,-344,-60,-815,423,1274587
2026-05-19 20:14:55,esterno,3012,14944,4872,-639,-387,68,617154
2026-05-19 20:14:55,lombar,16728,-868,-460,-132,-756,390,1274609
2026-05-19 20:14:55,esterno,2728,14968,4592,-486,-386,154,617176
2026-05-19 20:14:55,lombar,16732,-916,-728,-107,-598,447,1274631
2026-05-19 20:14:55,esterno,2532,14640,4716,-423,-170,-59,617198
2026-05-19 20:14:55,lombar,16844,-792,-276,-118,-557,552,1274653
2026-05-19 20:14:55,esterno,3024,15176,4644,-442,-262,32,617220
2026-05-19 20:14:55,lombar,16736,-792,-80,-83,-458,586,1274675
2026-05-19 20:14:55,esterno,2748,14872,4180,-557,-401,-95,617242
2026-05-19 20:14:55,lombar,16620,-852,-12,-67,-458,654,1274697
2026-05-19 20:14:55,esterno,2908,14860,4788,-356,125,-316,617264
2026-05-19 20:14:55,lombar,16564,-852,-36,-149,-460,593,1274719
2026-05-19 20:14:55,esterno,3324,15124,5132,-201,316,-394,617286
2026-05-19 20:14:55,lombar,16620,-996,-408,-254,-562,551,1274741
2026-05-19 20:14:55,esterno,3004,15052,4768,-435,277,-396,617308
2026-05-19 20:14:55,lombar,16712,-976,-536,-303,-534,564,1274763
2026-05-19 20:14:55,esterno,2508,14676,5100,-410,67,-523,617330
2026-05-19 20:14:55,lombar,16808,-788,-728,-354,-623,560,1274785
2026-05-19 20:14:55,esterno,2872,14876,5060,-370,-55,-488,617352
2026-05-19 20:14:55,lombar,16772,-780,-624,-429,-616,435,1274807
2026-05-19 20:14:55,esterno,2848,14880,4832,-529,-108,-431,617374
2026-05-19 20:14:55,lombar,16808,-924,-1048,-544,-360,507,1274829
2026-05-19 20:14:55,esterno,2892,14804,4912,-402,-201,-366,617396
2026-05-19 20:14:55,lombar,16724,-896,-740,-628,-207,448,1274851
2026-05-19 20:14:55,esterno,2428,14536,5336,-420,-505,-444,617418
2026-05-19 20:14:55,lombar,16808,-664,-720,-699,-185,462,1274873
2026-05-19 20:14:55,esterno,2536,14904,5396,-564,-403,-253,617440
2026-05-19 20:14:55,lombar,16708,-860,-308,-805,-310,530,1274895
2026-05-19 20:14:55,esterno,2684,14928,4644,-671,-200,-102,617462
2026-05-19 20:14:55,lombar,16680,-932,-700,-1021,-387,459,1274917
2026-05-19 20:14:55,esterno,3332,14952,4744,-683,-606,-262,617484
2026-05-19 20:14:55,lombar,16832,-952,-940,-972,-327,429,1274939
2026-05-19 20:14:55,esterno,3148,14456,3884,-865,-684,-386,617506
2026-05-19 20:14:55,lombar,16776,-748,-804,-715,-87,628,1274961
2026-05-19 20:14:56,esterno,2556,14580,4904,-566,-861,-271,617528
2026-05-19 20:14:56,lombar,16508,-748,-360,-677,-201,641,1274983
2026-05-19 20:14:56,esterno,2628,14896,4984,-672,-790,-356,617550
2026-05-19 20:14:56,lombar,16636,-724,-332,-850,-365,659,1275005
2026-05-19 20:14:56,esterno,3044,14792,4804,-512,-854,-449,617572
2026-05-19 20:14:56,lombar,16640,-688,-548,-976,-511,786,1275027
2026-05-19 20:14:56,esterno,2744,14776,5216,-325,-939,-528,617594
2026-05-19 20:14:56,lombar,16660,-896,-968,-817,-547,688,1275049
2026-05-19 20:14:56,esterno,2604,14728,5144,-335,-926,-565,617616
2026-05-19 20:14:56,lombar,16680,-1244,-916,-800,-428,711,1275071
2026-05-19 20:14:56,esterno,2828,14928,5152,-211,-1032,-521,617638
2026-05-19 20:14:56,lombar,16684,-1064,-744,-736,-366,655,1275093
2026-05-19 20:14:56,esterno,2844,14780,4968,-169,-1179,-479,617660
2026-05-19 20:14:56,lombar,16772,-976,-916,-775,-368,610,1275115
2026-05-19 20:14:56,esterno,2612,14616,5068,-250,-1317,-526,617682
2026-05-19 20:14:56,lombar,16748,-856,-860,-816,-314,568,1275137
2026-05-19 20:14:56,esterno,2616,14880,5000,-228,-1327,-434,617704
2026-05-19 20:14:56,lombar,16700,-956,-900,-773,-352,536,1275159
2026-05-19 20:14:56,esterno,2988,14856,4888,-180,-1240,-496,617726
2026-05-19 20:14:56,lombar,16780,-856,-808,-791,-462,509,1275181
2026-05-19 20:14:56,esterno,2812,14792,5308,20,-1248,-551,617748
2026-05-19 20:14:56,lombar,16784,-916,-844,-779,-423,594,1275203
2026-05-19 20:14:56,esterno,2788,15044,4768,315,-1025,-576,617770
2026-05-19 20:14:56,lombar,16668,-932,-748,-845,-389,531,1275225
2026-05-19 20:14:56,esterno,2776,14792,5236,-134,-1354,-578,617792
2026-05-19 20:14:56,lombar,16644,-944,-852,-969,-322,471,1275247
2026-05-19 20:14:56,esterno,3024,14960,4732,-211,-1766,-345,617814
2026-05-19 20:14:56,lombar,16688,-1052,-900,-1084,-242,450,1275269
2026-05-19 20:14:56,esterno,2616,14668,4640,-152,-1508,-372,617836
2026-05-19 20:14:56,lombar,16836,-816,-972,-1235,-140,537,1275291
2026-05-19 20:14:56,esterno,2624,14568,4792,-67,-1367,-464,617858
2026-05-19 20:14:56,lombar,16676,-1004,-1016,-1276,-113,549,1275313
2026-05-19 20:14:56,esterno,3216,14764,5116,39,-1340,-496,617880
2026-05-19 20:14:56,lombar,16636,-1120,-592,-1202,-226,562,1275335
2026-05-19 20:14:56,esterno,3128,14896,4924,77,-1198,-244,617902
2026-05-19 20:14:56,lombar,16808,-1060,-692,-1199,-179,574,1275357
2026-05-19 20:14:56,esterno,2992,15064,5004,-98,-1278,-209,617924
2026-05-19 20:14:56,lombar,16784,-1224,-1168,-1265,-8,515,1275379
2026-05-19 20:14:56,esterno,2936,15012,4812,-197,-1106,-236,617946
2026-05-19 20:14:56,lombar,16792,-1360,-1104,-1016,66,432,1275401
2026-05-19 20:14:56,esterno,2920,14840,4748,-166,-1002,-300,617968
2026-05-19 20:14:56,lombar,16756,-1340,-872,-851,52,398,1275423
2026-05-19 20:14:56,esterno,2748,14924,4932,-185,-915,-289,617990
2026-05-19 20:14:56,lombar,16628,-1248,-1028,-712,-25,459,1275445
2026-05-19 20:14:56,esterno,2900,14924,4824,-322,-916,-219,618012
2026-05-19 20:14:56,lombar,16608,-1248,-876,-585,-25,404,1275467
2026-05-19 20:14:56,esterno,3060,15152,4772,-350,-1011,-168,618034
2026-05-19 20:14:56,lombar,16628,-1304,-892,-503,-44,363,1275489
2026-05-19 20:14:56,esterno,3036,14868,4748,-476,-764,-269,618056
2026-05-19 20:14:56,lombar,16668,-1100,-636,-345,-61,365,1275511
2026-05-19 20:14:56,esterno,3504,14796,4792,-341,-657,-363,618078
2026-05-19 20:14:56,lombar,16576,-1208,-668,-301,7,503,1275533
2026-05-19 20:14:56,esterno,3132,14844,5232,-250,-234,-306,618100
2026-05-19 20:14:56,lombar,16704,-1032,-344,-301,-90,557,1275555
2026-05-19 20:14:56,esterno,2928,14840,4840,-395,-339,-291,618122
2026-05-19 20:14:56,lombar,16748,-812,-472,-537,44,543,1275577
2026-05-19 20:14:56,esterno,3024,15068,5056,-152,-375,-313,618144
2026-05-19 20:14:56,lombar,16628,-964,-352,-717,-136,603,1275599
2026-05-19 20:14:56,esterno,2684,14812,4784,-464,-385,-354,618166
2026-05-19 20:14:56,lombar,16820,-1032,-1040,-901,-251,654,1275621
2026-05-19 20:14:56,esterno,2760,14656,4516,-726,-539,-446,618188
2026-05-19 20:14:56,lombar,16712,-1160,-724,-1026,-129,629,1275643
2026-05-19 20:14:56,esterno,2716,14896,5252,-572,-579,-427,618210
2026-05-19 20:14:56,lombar,16600,-1192,-324,-1055,-290,641,1275665
2026-05-19 20:14:56,esterno,2812,15032,4872,-548,-603,-478,618232
2026-05-19 20:14:56,lombar,16620,-1096,-524,-1181,-352,554,1275687
2026-05-19 20:14:56,esterno,2708,14740,4784,-511,-771,-618,618254
2026-05-19 20:14:56,lombar,16648,-1248,-612,-1231,-372,611,1275709
2026-05-19 20:14:56,esterno,2512,14812,5016,-501,-852,-699,618276
2026-05-19 20:14:56,lombar,16648,-1376,-500,-1078,-380,580,1275731
2026-05-19 20:14:56,esterno,2740,14748,4828,-547,-864,-685,618298
2026-05-19 20:14:56,lombar,16516,-1244,-448,-1032,-516,546,1275753
2026-05-19 20:14:56,esterno,2740,14784,4612,-413,-948,-570,618320
2026-05-19 20:14:56,lombar,16648,-1092,-368,-1133,-639,514,1275775
2026-05-19 20:14:56,esterno,2556,14804,4392,95,-721,-652,618342
2026-05-19 20:14:56,lombar,16612,-1044,-312,-1137,-757,632,1275797
2026-05-19 20:14:56,esterno,2600,14800,5252,89,-899,-902,618364
2026-05-19 20:14:56,lombar,16728,-1212,-688,-1060,-730,689,1275819
2026-05-19 20:14:56,esterno,2756,14644,4464,-180,-1083,-840,618386
2026-05-19 20:14:56,lombar,16704,-1448,-780,-947,-586,629,1275841
2026-05-19 20:14:56,esterno,2852,14752,4580,91,-1024,-665,618408
2026-05-19 20:14:56,lombar,16852,-876,-764,-1044,-524,583,1275863
2026-05-19 20:14:56,esterno,2852,15108,4928,34,-834,-521,618430
2026-05-19 20:14:56,lombar,16892,-808,-1000,-1303,-372,664,1275885
2026-05-19 20:14:56,esterno,2848,15060,5016,167,-695,-727,618452
2026-05-19 20:14:56,lombar,16716,-1320,-828,-1497,-47,666,1275907
2026-05-19 20:14:56,esterno,2336,14780,5060,-37,-654,-825,618474
2026-05-19 20:14:56,lombar,16844,-1356,-608,-1389,-98,636,1275929
2026-05-19 20:14:56,esterno,2192,15044,4996,-233,-797,-692,618496
2026-05-19 20:14:56,lombar,16880,-1412,-936,-1390,-2,678,1275951
2026-05-19 20:14:56,esterno,2660,14924,5152,-199,-825,-635,618518
2026-05-19 20:14:57,lombar,16648,-1560,-744,-1248,-121,546,1275973
2026-05-19 20:14:57,esterno,2752,14760,4668,-205,-686,-599,618540
2026-05-19 20:14:57,lombar,16788,-1184,-776,-1213,74,499,1275995
2026-05-19 20:14:57,esterno,2544,14908,4876,-49,-587,-713,618562
2026-05-19 20:14:57,lombar,16764,-1224,-620,-1156,231,575,1276017
2026-05-19 20:14:57,esterno,2268,15040,4800,-121,-625,-729,618584
2026-05-19 20:14:57,lombar,16700,-1276,-612,-1119,303,549,1276039
2026-05-19 20:14:57,esterno,2376,14912,5044,-254,-625,-729,618606
2026-05-19 20:14:57,lombar,16592,-1452,-524,-1113,226,399,1276061
2026-05-19 20:14:57,esterno,2444,14632,4696,-272,-536,-764,618628
2026-05-19 20:14:57,lombar,16712,-1376,-712,-1053,251,316,1276083
2026-05-19 20:14:57,esterno,2484,14872,4964,-105,-611,-651,618650
2026-05-19 20:14:57,lombar,16712,-1384,-784,-874,261,284,1276105
2026-05-19 20:14:57,esterno,2608,15060,4804,113,-325,-498,618672
2026-05-19 20:14:57,lombar,16604,-1432,-452,-715,261,377,1276127
2026-05-19 20:14:57,esterno,2568,15016,4940,55,-450,-539,618694
2026-05-19 20:14:57,lombar,16600,-1320,-660,-561,310,328,1276149
2026-05-19 20:14:57,esterno,2432,14972,4996,176,-406,-529,618716
2026-05-19 20:14:57,lombar,16648,-1476,-644,-490,126,309,1276171
2026-05-19 20:14:57,esterno,2700,14844,4988,80,-374,-371,618738
2026-05-19 20:14:57,lombar,16764,-1476,-664,-319,77,358,1276193
2026-05-19 20:14:57,esterno,2404,14832,4840,184,-348,-256,618760
2026-05-19 20:14:57,lombar,16568,-1344,-568,-186,74,314,1276215
2026-05-19 20:14:57,esterno,2544,14996,4812,424,-214,-294,618782
2026-05-19 20:14:57,lombar,16772,-1232,-684,-96,147,385,1276237
2026-05-19 20:14:57,esterno,2600,15196,4780,422,-205,-237,618804
2026-05-19 20:14:57,lombar,16592,-1164,-428,-181,124,350,1276259
2026-05-19 20:14:57,esterno,2400,15104,4736,306,-200,-150,618826
2026-05-19 20:14:57,lombar,16580,-1216,-444,-191,71,337,1276281
2026-05-19 20:14:57,esterno,2348,14908,4712,296,-231,-139,618848
2026-05-19 20:14:57,lombar,16636,-1200,-464,-123,51,394,1276303
2026-05-19 20:14:57,esterno,2312,14796,4556,166,-264,-162,618870
2026-05-19 20:14:57,lombar,16580,-1120,-540,-147,-4,535,1276325
2026-05-19 20:14:57,esterno,2460,15172,4824,305,-256,9,618892
2026-05-19 20:14:57,lombar,16588,-1296,-520,-131,-19,472,1276347
2026-05-19 20:14:57,esterno,2388,15184,4560,401,-183,-57,618914
2026-05-19 20:14:57,lombar,16680,-1368,-524,-146,-130,393,1276369
2026-05-19 20:14:57,esterno,2264,15000,4808,415,120,-253,618936
2026-05-19 20:14:57,lombar,16780,-1128,-616,-182,-27,454,1276391
2026-05-19 20:14:57,esterno,2420,15136,4824,110,-479,-149,618958
2026-05-19 20:14:57,lombar,16564,-1404,-456,-169,-8,423,1276413
2026-05-19 20:14:57,esterno,2116,14984,4380,107,-659,93,618980
2026-05-19 20:14:57,lombar,16612,-1244,-168,-184,-122,502,1276435
2026-05-19 20:14:57,esterno,2144,15192,4452,425,-253,23,619002
2026-05-19 20:14:57,lombar,16800,-1148,-408,-186,-49,652,1276457
2026-05-19 20:14:57,esterno,2256,15560,4332,848,-362,-34,619024
2026-05-19 20:14:57,lombar,16844,-1388,-424,-66,55,636,1276479
2026-05-19 20:14:57,esterno,2428,15712,4544,939,292,-160,619046
2026-05-19 20:14:57,lombar,16820,-1724,-464,-9,191,475,1276501
2026-05-19 20:14:57,esterno,2444,15372,4300,657,598,-446,619068
2026-05-19 20:14:57,lombar,16876,-1280,-100,151,75,531,1276523
2026-05-19 20:14:57,esterno,2756,15104,4584,766,679,-575,619090
2026-05-19 20:14:57,lombar,16648,-1640,-108,137,-193,525,1276545
2026-05-19 20:14:57,esterno,2744,15072,5176,745,747,-513,619112
2026-05-19 20:14:57,lombar,16580,-1600,128,236,-577,321,1276567
2026-05-19 20:14:57,esterno,2828,15112,5148,837,1212,-361,619134
2026-05-19 20:14:57,lombar,16504,-1472,-320,170,-876,328,1276589
2026-05-19 20:14:57,esterno,2640,14900,4688,737,1581,-390,619156
2026-05-19 20:14:57,lombar,16692,-1796,-812,501,-626,349,1276611
2026-05-19 20:14:57,esterno,2368,14464,4720,745,1164,-759,619178
2026-05-19 20:14:57,lombar,16816,-1836,-764,610,-403,256,1276633
2026-05-19 20:14:57,esterno,2004,14156,4096,661,1069,-999,619200
2026-05-19 20:14:57,lombar,16716,-1600,-288,406,-313,229,1276655
2026-05-19 20:14:57,esterno,2416,14908,4488,274,753,-625,619222
2026-05-19 20:14:57,lombar,16608,-1320,-216,642,-584,302,1276677
2026-05-19 20:14:57,esterno,2208,15312,4136,1,94,-46,619244
2026-05-19 20:14:57,lombar,16784,-1376,-496,1188,-620,653,1276699
2026-05-19 20:14:57,esterno,3096,13928,3260,416,-235,-1042,619266
2026-05-19 20:14:57,lombar,16788,-1348,-408,873,-488,883,1276721
2026-05-19 20:14:57,esterno,2008,15460,2796,-284,-794,-1386,619288
2026-05-19 20:14:57,lombar,16960,-1432,-208,465,-234,685,1276743
2026-05-19 20:14:57,esterno,632,14688,4712,136,-895,-764,619310
2026-05-19 20:14:57,lombar,17024,-1676,124,206,-376,548,1276765
2026-05-19 20:14:57,esterno,1588,14724,4188,-297,-1391,-784,619332
2026-05-19 20:14:57,lombar,16576,-1912,-48,210,-795,439,1276787
2026-05-19 20:14:57,esterno,2100,15412,4260,-479,-1248,-470,619354
2026-05-19 20:14:57,lombar,16412,-1692,-724,396,-720,87,1276809
2026-05-19 20:14:57,esterno,1596,15624,3788,-442,-1108,-91,619376
2026-05-19 20:14:57,lombar,16888,-1068,-848,496,-119,6,1276831
2026-05-19 20:14:57,esterno,1320,15512,3884,-364,-908,-395,619398
2026-05-19 20:14:57,lombar,17096,-1040,-556,442,135,79,1276853
2026-05-19 20:14:57,esterno,1844,15620,4260,307,-793,-1044,619420
2026-05-19 20:14:57,lombar,16920,-1292,-244,500,181,176,1276875
2026-05-19 20:14:57,esterno,2220,15316,3436,-39,-905,-1583,619442
2026-05-19 20:14:57,lombar,17032,-1308,-460,103,658,49,1276897
2026-05-19 20:14:57,esterno,2264,14872,4376,105,-1008,-1492,619464
2026-05-19 20:14:57,lombar,16476,-956,64,-149,781,51,1276919
2026-05-19 20:14:57,esterno,1952,15312,3668,496,-544,-1003,619486
2026-05-19 20:14:57,lombar,16516,-732,76,-442,271,208,1276941
2026-05-19 20:14:57,esterno,2072,15220,4152,-114,-1256,-540,619508
2026-05-19 20:14:58,lombar,16648,-916,-196,-763,103,396,1276963
2026-05-19 20:14:58,esterno,1976,15804,3988,142,-1369,-410,619530
2026-05-19 20:14:58,lombar,16668,-1084,-416,-783,34,404,1276985
2026-05-19 20:14:58,esterno,1416,15776,3712,81,-1149,-257,619552
2026-05-19 20:14:58,lombar,16724,-1172,-344,-549,65,498,1277007
2026-05-19 20:14:58,esterno,1252,15396,4004,14,-1101,-529,619574
2026-05-19 20:14:58,esterno,2024,15608,4044,-55,-803,-638,619596
2026-05-19 20:14:58,lombar,16680,-1224,-204,-527,11,449,1277029
2026-05-19 20:14:58,lombar,16528,-1096,176,-759,-105,438,1277051
2026-05-19 20:14:58,esterno,2932,15420,3140,-413,-756,-226,619618
2026-05-19 20:14:58,lombar,16332,-932,-256,-806,-332,419,1277073
2026-05-19 20:14:58,esterno,2064,15632,3884,-565,-814,327,619640
2026-05-19 20:14:58,lombar,16420,-972,-288,-865,-396,523,1277095
2026-05-19 20:14:58,esterno,1400,15892,3740,-749,-748,778,619662
2026-05-19 20:14:58,lombar,16700,-1400,-360,-620,-620,484,1277117
2026-05-19 20:14:58,esterno,1720,15308,3424,-675,-506,451,619684
2026-05-19 20:14:58,lombar,16776,-1812,-88,-390,-834,430,1277139
2026-05-19 20:14:58,esterno,2244,15248,3648,-535,-385,8,619706
2026-05-19 20:14:58,lombar,16700,-1460,96,-205,-1171,456,1277161
2026-05-19 20:14:58,esterno,1980,15408,4004,-823,-628,274,619728
2026-05-19 20:14:58,lombar,16312,-1084,172,-399,-1436,526,1277183
2026-05-19 20:14:58,esterno,1560,15400,3836,-956,-828,758,619750
2026-05-19 20:14:58,lombar,16340,-992,8,-556,-1572,606,1277205
2026-05-19 20:14:58,esterno,1964,15344,3624,-902,-983,879,619772
2026-05-19 20:14:58,lombar,16788,-1312,-396,-453,-1601,585,1277227
2026-05-19 20:14:58,esterno,2472,15188,3548,-855,-600,804,619794
2026-05-19 20:14:58,lombar,16864,-1488,-688,-225,-1528,633,1277249
2026-05-19 20:14:58,esterno,2776,15148,3772,-891,-164,785,619816
2026-05-19 20:14:58,lombar,16872,-1572,-640,-70,-1460,682,1277271
2026-05-19 20:14:58,esterno,2876,15044,4296,-815,-1,926,619838
2026-05-19 20:14:58,lombar,16776,-1696,-776,-58,-1265,618,1277293
2026-05-19 20:14:58,esterno,2468,15468,4516,-823,341,1415,619860
2026-05-19 20:14:58,lombar,16588,-1812,-920,111,-1127,349,1277315
2026-05-19 20:14:58,esterno,2036,15656,4520,-908,434,1474,619882
2026-05-19 20:14:58,lombar,16828,-1864,-752,441,-1050,194,1277337
2026-05-19 20:14:58,esterno,2064,14976,4372,-903,545,898,619904
2026-05-19 20:14:58,lombar,16940,-1732,-708,562,-1021,42,1277359
2026-05-19 20:14:58,esterno,2452,14920,4448,-615,850,461,619926
2026-05-19 20:14:58,lombar,16608,-1608,-708,623,-1124,25,1277381
2026-05-19 20:14:58,esterno,2680,14912,4296,-885,1093,585,619948
2026-05-19 20:14:58,lombar,16524,-1488,-756,572,-1170,-95,1277403
2026-05-19 20:14:58,esterno,2260,15236,4168,-1182,1523,782,619970
2026-05-19 20:14:58,lombar,16512,-1268,-516,546,-1138,-12,1277425
2026-05-19 20:14:58,esterno,1848,14820,4240,-1300,1498,663,619992
2026-05-19 20:14:58,lombar,16588,-1240,-732,455,-1170,151,1277447
2026-05-19 20:14:58,esterno,1820,14564,3816,-838,1376,43,620014
2026-05-19 20:14:58,lombar,16544,-1288,-712,363,-1189,153,1277469
2026-05-19 20:14:58,esterno,2572,14988,4960,-751,994,-81,620036
2026-05-19 20:14:58,lombar,16580,-1288,-520,235,-1158,178,1277491
2026-05-19 20:14:58,esterno,2828,15340,4648,-1100,642,443,620058
2026-05-19 20:14:58,lombar,16516,-1096,-560,84,-1141,238,1277513
2026-05-19 20:14:58,esterno,2592,14540,3960,-696,765,604,620080
2026-05-19 20:14:58,lombar,16632,-1060,-952,-56,-1003,305,1277535
2026-05-19 20:14:58,esterno,2748,14632,4660,220,1118,506,620102
2026-05-19 20:14:58,lombar,16792,-1340,-1228,128,-905,336,1277557
2026-05-19 20:14:58,esterno,2648,15188,4776,201,1159,488,620124
2026-05-19 20:14:58,lombar,16892,-1532,-1204,179,-768,343,1277579
2026-05-19 20:14:58,esterno,1836,15288,4980,77,1251,298,620146
2026-05-19 20:14:58,lombar,16724,-1176,-976,-87,-650,327,1277601
2026-05-19 20:14:58,esterno,1676,14904,5208,-143,735,-165,620168
2026-05-19 20:14:58,lombar,16624,-1044,-940,-460,-679,482,1277623
2026-05-19 20:14:58,esterno,1984,15288,5424,-169,-243,-527,620190
2026-05-19 20:14:58,lombar,16780,-860,-1216,-681,-824,450,1277645
2026-05-19 20:14:58,esterno,2088,15452,4604,-667,-878,-589,620212
2026-05-19 20:14:58,lombar,16572,-968,-1132,-1085,-769,490,1277667
2026-05-19 20:14:58,esterno,2480,15004,4520,-1102,-911,-357,620234
2026-05-19 20:14:58,lombar,16480,-784,-908,-1432,-763,551,1277689
2026-05-19 20:14:58,esterno,3356,14728,4056,-766,-844,-212,620256
2026-05-19 20:14:58,lombar,16424,-968,-1372,-1570,-781,623,1277711
2026-05-19 20:14:58,esterno,3640,14780,4076,-739,305,449,620278
2026-05-19 20:14:58,lombar,16712,-1548,-1808,-1493,-678,552,1277733
2026-05-19 20:14:58,esterno,3108,14804,4960,-182,1462,1015,620300
2026-05-19 20:14:58,esterno,3256,14556,5048,26,2351,465,620322
2026-05-19 20:14:58,lombar,16836,-2244,-1776,-925,-447,273,1277755
2026-05-19 20:14:58,lombar,16772,-2124,-1648,-303,-484,147,1277777
2026-05-19 20:14:58,esterno,2968,14824,4784,108,2325,-34,620344
2026-05-19 20:14:58,lombar,16644,-1580,-1536,-84,-356,216,1277799
2026-05-19 20:14:58,esterno,1596,15096,5484,628,1768,251,620366
2026-05-19 20:14:58,lombar,16576,-1216,-1536,-277,-217,73,1277821
2026-05-19 20:14:58,esterno,412,15252,5292,670,799,627,620388
2026-05-19 20:14:58,lombar,16592,-996,-1260,-389,-312,228,1277843
2026-05-19 20:14:58,esterno,204,14948,5220,193,-361,420,620410
2026-05-19 20:14:58,lombar,16392,-1244,-1024,-632,-491,139,1277865
2026-05-19 20:14:58,esterno,1012,15336,4812,-534,-894,-96,620432
2026-05-19 20:14:58,lombar,16168,-1476,-1000,-623,-678,99,1277887
2026-05-19 20:14:58,esterno,2676,14768,4428,-665,-1351,-642,620454
2026-05-19 20:14:58,lombar,16340,-1528,-1380,-564,-754,126,1277909
2026-05-19 20:14:58,esterno,3860,14496,4284,-475,-1349,-634,620476
2026-05-19 20:14:58,lombar,16336,-1280,-1604,-495,-726,137,1277931
2026-05-19 20:14:58,esterno,3988,14800,4708,-474,-460,70,620498
2026-05-19 20:14:58,lombar,16816,-1164,-2128,-96,-568,41,1277953
2026-05-19 20:14:58,esterno,3828,15432,4928,-782,753,746,620520
2026-05-19 20:14:59,lombar,17504,-1092,-2312,399,-340,338,1277975
2026-05-19 20:14:59,esterno,3832,14888,5384,-249,1476,424,620542
2026-05-19 20:14:59,lombar,17136,-1908,-2056,741,-203,433,1277997
2026-05-19 20:14:59,esterno,3348,15088,5364,293,2016,79,620564
2026-05-19 20:14:59,lombar,16892,-1904,-2268,837,21,363,1278019
2026-05-19 20:14:59,esterno,1148,15068,5692,52,1418,392,620586
2026-05-19 20:14:59,lombar,16556,-1604,-1640,650,34,297,1278041
2026-05-19 20:14:59,esterno,-560,15116,5420,172,-21,242,620608
2026-05-19 20:14:59,lombar,16444,-1356,-1052,55,-158,63,1278063
2026-05-19 20:14:59,esterno,-960,14684,5516,748,-547,-1074,620630
2026-05-19 20:14:59,lombar,16336,-1152,-1016,-284,-182,71,1278085
2026-05-19 20:14:59,esterno,1456,14544,4432,663,-1033,-2112,620652
2026-05-19 20:14:59,lombar,16380,-1136,-940,-465,-198,71,1278107
2026-05-19 20:14:59,esterno,3312,14720,4132,-55,-1210,-1153,620674
2026-05-19 20:14:59,lombar,16368,-1172,-1116,-468,25,152,1278129
2026-05-19 20:14:59,esterno,3420,14972,4540,-208,-632,-192,620696
2026-05-19 20:14:59,lombar,16400,-920,-1240,-531,-122,146,1278151
2026-05-19 20:14:59,esterno,3328,15076,4024,-723,-525,27,620718
2026-05-19 20:14:59,lombar,16516,-680,-1776,-444,-205,357,1278173
2026-05-19 20:14:59,esterno,3360,14968,4384,-453,314,84,620740
2026-05-19 20:14:59,lombar,16856,-952,-1860,-304,-246,538,1278195
2026-05-19 20:14:59,esterno,3852,15200,4908,225,1274,293,620762
2026-05-19 20:14:59,lombar,16924,-1568,-2068,61,-190,480,1278217
2026-05-19 20:14:59,esterno,3436,14940,4568,444,1566,350,620784
2026-05-19 20:14:59,lombar,16848,-1972,-1912,275,-22,436,1278239
2026-05-19 20:14:59,esterno,2116,14780,5468,-87,1870,47,620806
2026-05-19 20:14:59,lombar,16512,-1652,-1524,550,114,396,1278261
2026-05-19 20:14:59,esterno,1808,14784,5404,-374,1554,-183,620828
2026-05-19 20:14:59,lombar,16400,-1416,-1244,547,8,277,1278283
2026-05-19 20:14:59,esterno,408,15196,5080,421,641,156,620850
2026-05-19 20:14:59,lombar,16420,-1284,-1348,536,-46,214,1278305
2026-05-19 20:14:59,esterno,-352,15288,5088,149,-369,507,620872
2026-05-19 20:14:59,lombar,16392,-1092,-1292,128,109,289,1278327
2026-05-19 20:14:59,esterno,288,15268,4628,-273,-884,-136,620894
2026-05-19 20:14:59,lombar,16640,-900,-1196,-48,39,211,1278349
2026-05-19 20:14:59,esterno,2224,15452,4284,-315,-1149,-1210,620916
2026-05-19 20:14:59,lombar,16580,-1056,-992,-309,-245,245,1278371
2026-05-19 20:14:59,esterno,3352,15200,4244,-473,-936,-1041,620938
2026-05-19 20:14:59,lombar,16424,-1056,-1224,-438,-499,198,1278393
2026-05-19 20:14:59,esterno,3560,14804,4168,-1191,-136,-37,620960
2026-05-19 20:14:59,lombar,16324,-984,-1416,-346,-568,56,1278415
2026-05-19 20:14:59,esterno,3872,14364,4256,-1143,881,195,620982
2026-05-19 20:14:59,lombar,16456,-776,-1524,-347,-452,300,1278437
2026-05-19 20:14:59,esterno,3828,14564,4972,-439,1420,-115,621004
2026-05-19 20:14:59,lombar,16608,-944,-2092,-210,-247,385,1278459
2026-05-19 20:14:59,esterno,3224,14616,5492,-175,1681,408,621026
2026-05-19 20:14:59,lombar,16952,-1276,-2216,19,-88,319,1278481
2026-05-19 20:14:59,esterno,2144,14952,5548,-55,1241,1327,621048
2026-05-19 20:14:59,lombar,16908,-1696,-1780,303,-25,132,1278503
2026-05-19 20:14:59,esterno,-636,15684,5900,145,-67,1400,621070
2026-05-19 20:14:59,lombar,16588,-1764,-1380,323,-182,-114,1278525
2026-05-19 20:14:59,esterno,-1436,15268,6232,702,-531,387,621092
2026-05-19 20:14:59,lombar,16440,-1256,-1404,176,-382,-276,1278547
2026-05-19 20:14:59,esterno,1244,14908,5052,416,-1101,-1031,621114
2026-05-19 20:14:59,lombar,16508,-884,-1528,208,-463,-203,1278569
2026-05-19 20:14:59,esterno,3176,14860,3908,621,-1092,-959,621136
2026-05-19 20:14:59,lombar,16532,-828,-1292,365,-466,15,1278591
2026-05-19 20:14:59,esterno,2960,14796,4916,119,-1387,-191,621158
2026-05-19 20:14:59,lombar,16460,-740,-960,283,-533,192,1278613
2026-05-19 20:14:59,esterno,2984,14716,4488,-103,-1285,418,621180
2026-05-19 20:14:59,lombar,16416,-676,-988,109,-414,382,1278635
2026-05-19 20:14:59,esterno,3092,14840,4272,402,-556,281,621202
2026-05-19 20:14:59,lombar,16644,-596,-1440,102,-304,527,1278657
2026-05-19 20:14:59,esterno,3696,15036,4204,626,-47,126,621224
2026-05-19 20:14:59,lombar,16792,-752,-1704,143,-389,598,1278679
2026-05-19 20:14:59,esterno,3376,15296,4472,264,456,613,621246
2026-05-19 20:14:59,lombar,16988,-968,-1804,156,-310,651,1278701
2026-05-19 20:14:59,esterno,2224,15480,4772,-43,619,733,621268
2026-05-19 20:14:59,lombar,16744,-1188,-1624,50,-222,658,1278723
2026-05-19 20:14:59,esterno,1880,15396,5000,236,576,457,621290
2026-05-19 20:14:59,lombar,16836,-1452,-1484,162,-280,529,1278745
2026-05-19 20:14:59,esterno,1956,15084,4876,103,371,207,621312
2026-05-19 20:14:59,lombar,16624,-1552,-1596,231,-334,371,1278767
2026-05-19 20:14:59,esterno,2208,14956,4772,82,417,89,621334
2026-05-19 20:14:59,lombar,16416,-1440,-1340,291,-223,228,1278789
2026-05-19 20:14:59,esterno,1980,14852,4444,110,278,155,621356
2026-05-19 20:14:59,lombar,16516,-1220,-1216,467,-172,243,1278811
2026-05-19 20:14:59,esterno,2280,14912,4488,188,283,254,621378
2026-05-19 20:14:59,lombar,16548,-1228,-1276,608,-130,247,1278833
2026-05-19 20:14:59,esterno,2292,14864,4088,363,580,323,621400
2026-05-19 20:14:59,lombar,16608,-1384,-1204,574,-78,128,1278855
2026-05-19 20:14:59,esterno,2660,15056,4748,424,276,174,621422
2026-05-19 20:14:59,lombar,16576,-1460,-1508,702,-93,18,1278877
2026-05-19 20:14:59,esterno,2644,15372,4856,374,331,259,621444
2026-05-19 20:14:59,lombar,16636,-1316,-1544,1055,-131,70,1278899
2026-05-19 20:14:59,esterno,2332,15256,4664,189,105,330,621466
2026-05-19 20:14:59,lombar,16532,-804,-1288,1047,-216,142,1278921
2026-05-19 20:14:59,esterno,2404,15076,4536,61,-26,383,621488
2026-05-19 20:14:59,lombar,16568,-716,-1284,570,-167,215,1278943
2026-05-19 20:14:59,esterno,2316,15108,4228,-291,-40,465,621510
2026-05-19 20:15:00,lombar,16664,-884,-1676,502,-193,197,1278965
2026-05-19 20:15:00,esterno,2288,15024,4176,-499,171,381,621532
2026-05-19 20:15:00,lombar,16732,-1156,-1664,468,6,188,1278987
2026-05-19 20:15:00,esterno,2020,15048,4372,-808,445,81,621554
2026-05-19 20:15:00,lombar,16628,-1088,-1040,581,206,243,1279009
2026-05-19 20:15:00,esterno,2520,15072,4408,-995,527,1,621576
2026-05-19 20:15:00,lombar,16472,-776,-684,9,30,215,1279031
2026-05-19 20:15:00,esterno,2308,15028,4672,-966,287,59,621598
2026-05-19 20:15:00,lombar,16680,-616,-844,-408,161,267,1279053
2026-05-19 20:15:00,esterno,2392,15248,4820,-765,28,181,621620
2026-05-19 20:15:00,lombar,16640,-1180,-1232,-442,-112,342,1279075
2026-05-19 20:15:00,esterno,2304,15100,4736,-452,-125,-49,621642
2026-05-19 20:15:00,lombar,16628,-1536,-1152,-120,-267,359,1279097
2026-05-19 20:15:00,esterno,2360,14788,4528,-104,-18,-442,621664
2026-05-19 20:15:00,lombar,16512,-1156,-612,-199,-384,263,1279119
2026-05-19 20:15:00,esterno,2320,14488,4432,-240,-162,-464,621686
2026-05-19 20:15:00,lombar,16712,-800,-916,-568,-587,446,1279141
2026-05-19 20:15:00,esterno,2716,14728,4280,-463,-654,-254,621708
2026-05-19 20:15:00,lombar,16788,-952,-1452,-591,-575,506,1279163
2026-05-19 20:15:00,esterno,2400,14980,4588,-258,-361,-57,621730
2026-05-19 20:15:00,lombar,16784,-1308,-1556,-345,-278,561,1279185
2026-05-19 20:15:00,esterno,2876,14904,4252,-58,-87,-132,621752
2026-05-19 20:15:00,lombar,16604,-1412,-1232,-96,-226,626,1279207
2026-05-19 20:15:00,esterno,2784,15160,4560,1,-8,-247,621774
2026-05-19 20:15:00,lombar,16672,-1440,-1148,-9,-245,533,1279229
2026-05-19 20:15:00,esterno,2568,15028,4700,-328,221,-179,621796
2026-05-19 20:15:00,lombar,16800,-1056,-1148,-167,-209,534,1279251
2026-05-19 20:15:00,esterno,2328,15028,4520,-297,233,-230,621818
2026-05-19 20:15:00,lombar,16688,-952,-1416,-195,-151,461,1279273
2026-05-19 20:15:00,esterno,2300,15056,4992,-202,159,-256,621840
2026-05-19 20:15:00,lombar,16632,-1220,-1112,27,-183,462,1279295
2026-05-19 20:15:00,esterno,2132,15144,5080,-176,359,-222,621862
2026-05-19 20:15:00,lombar,16484,-1356,-864,130,-238,418,1279317
2026-05-19 20:15:00,esterno,2612,15136,4572,206,279,-41,621884
2026-05-19 20:15:00,lombar,16556,-1172,-1140,149,-315,389,1279339
2026-05-19 20:15:00,esterno,2500,14936,4468,-5,322,-41,621906
2026-05-19 20:15:00,lombar,16732,-1188,-1236,195,-321,288,1279361
2026-05-19 20:15:00,esterno,2208,15076,4476,-28,261,25,621928
2026-05-19 20:15:00,lombar,16660,-1168,-1436,218,-239,194,1279383
2026-05-19 20:15:00,esterno,2364,15016,4420,-58,278,-31,621950
2026-05-19 20:15:00,lombar,16692,-1124,-1528,232,-124,214,1279405
2026-05-19 20:15:00,esterno,2684,15204,4248,-26,436,15,621972
2026-05-19 20:15:00,lombar,16640,-1076,-1140,232,-113,230,1279427
2026-05-19 20:15:00,esterno,2464,14940,4616,-54,464,37,621994
2026-05-19 20:15:00,lombar,16600,-1164,-1264,294,-214,204,1279449
2026-05-19 20:15:00,esterno,2568,15096,4712,-9,414,121,622016
2026-05-19 20:15:00,lombar,16620,-1112,-1028,238,-292,190,1279471
2026-05-19 20:15:00,esterno,2332,15148,4776,-181,363,130,622038
2026-05-19 20:15:00,lombar,16592,-1164,-1176,200,-347,160,1279493
2026-05-19 20:15:00,esterno,2344,14996,4576,64,347,144,622060
2026-05-19 20:15:00,lombar,16752,-1212,-1120,248,-293,233,1279515
2026-05-19 20:15:00,esterno,2456,14984,4584,263,352,133,622082
2026-05-19 20:15:00,lombar,16752,-1276,-1204,388,-281,262,1279537
2026-05-19 20:15:00,esterno,2492,15068,4576,125,441,126,622104
2026-05-19 20:15:00,lombar,16632,-1156,-1220,438,-270,299,1279559
2026-05-19 20:15:00,esterno,2540,15092,4324,57,499,81,622126
2026-05-19 20:15:00,lombar,16608,-1232,-1056,429,-279,297,1279581
2026-05-19 20:15:00,esterno,2396,14988,4516,151,440,55,622148
2026-05-19 20:15:00,lombar,16636,-1304,-1132,426,-275,259,1279603
2026-05-19 20:15:00,esterno,2728,15144,4568,108,437,83,622170
2026-05-19 20:15:00,lombar,16660,-1320,-1256,572,-254,296,1279625
2026-05-19 20:15:00,esterno,2360,15124,4600,195,415,106,622192
2026-05-19 20:15:00,lombar,16776,-1172,-980,609,-383,317,1279647
2026-05-19 20:15:00,esterno,2268,15012,4632,389,587,10,622214
2026-05-19 20:15:00,lombar,16752,-896,-960,535,-496,308,1279669
2026-05-19 20:15:00,esterno,2388,15204,4876,234,36,-10,622236
2026-05-19 20:15:00,lombar,16568,-1092,-1316,495,-429,306,1279691
2026-05-19 20:15:00,esterno,2276,15048,4460,261,109,100,622258
2026-05-19 20:15:00,lombar,16628,-1020,-1212,549,-304,387,1279713
2026-05-19 20:15:00,esterno,2100,14996,4412,273,206,53,622280
2026-05-19 20:15:00,lombar,16760,-1216,-1476,483,-246,361,1279735
2026-05-19 20:15:00,esterno,2520,15052,4348,505,181,1,622302
2026-05-19 20:15:00,lombar,16644,-1144,-1424,529,-189,391,1279757
2026-05-19 20:15:00,esterno,2384,15120,4500,876,243,-8,622324
2026-05-19 20:15:00,lombar,16600,-1012,-1320,471,-105,335,1279779
2026-05-19 20:15:00,esterno,2268,15164,4644,850,227,-13,622346
2026-05-19 20:15:00,lombar,16664,-1080,-1184,341,-83,284,1279801
2026-05-19 20:15:00,esterno,2452,15228,4448,659,162,-38,622368
2026-05-19 20:15:00,lombar,16648,-1196,-1180,443,-131,240,1279823
2026-05-19 20:15:00,esterno,2460,15444,4472,429,189,13,622390
2026-05-19 20:15:00,lombar,16596,-1224,-1108,533,-83,247,1279845
2026-05-19 20:15:00,esterno,2448,15320,4116,196,139,113,622412
2026-05-19 20:15:00,lombar,16684,-1044,-1188,438,-87,320,1279867
2026-05-19 20:15:00,esterno,2260,15188,4140,5,135,72,622434
2026-05-19 20:15:00,lombar,16536,-1096,-1204,363,-126,220,1279889
2026-05-19 20:15:00,esterno,2212,14984,4324,-13,168,31,622456
2026-05-19 20:15:00,lombar,16532,-996,-1088,349,-200,235,1279911
2026-05-19 20:15:00,esterno,2292,14996,3796,-85,158,70,622478
2026-05-19 20:15:00,lombar,16448,-1060,-864,245,-272,242,1279933
2026-05-19 20:15:00,esterno,2484,15032,3996,-104,-57,106,622500
2026-05-19 20:15:00,lombar,16604,-1108,-1052,149,-337,244,1279955
2026-05-19 20:15:01,esterno,2336,15276,4000,-43,35,184,622522
2026-05-19 20:15:01,lombar,16628,-1048,-1224,89,-313,266,1279977
2026-05-19 20:15:01,esterno,2408,15152,4012,-101,-18,123,622544
2026-05-19 20:15:01,lombar,16568,-952,-1368,-14,-428,295,1279999
2026-05-19 20:15:01,esterno,2600,15176,4188,-167,-43,16,622566
2026-05-19 20:15:01,lombar,16516,-896,-884,-71,-506,305,1280021
2026-05-19 20:15:01,esterno,2512,15092,4364,-244,-44,136,622588
2026-05-19 20:15:01,lombar,16568,-816,-1032,-126,-626,294,1280043
2026-05-19 20:15:01,esterno,2764,15044,3980,-227,-29,178,622610
2026-05-19 20:15:01,lombar,16656,-1020,-1160,-178,-625,449,1280065
2026-05-19 20:15:01,esterno,2468,15012,4420,-196,3,241,622632
2026-05-19 20:15:01,lombar,16784,-1060,-1308,-142,-612,412,1280087
2026-05-19 20:15:01,esterno,2368,15244,4276,-90,73,191,622654
2026-05-19 20:15:01,lombar,16720,-1240,-1500,-35,-568,345,1280109
2026-05-19 20:15:01,esterno,2292,15268,4552,-38,-53,125,622676
2026-05-19 20:15:01,lombar,16748,-1148,-1572,17,-509,384,1280131
2026-05-19 20:15:01,esterno,2712,15468,4388,-63,-112,169,622698
2026-05-19 20:15:01,lombar,16716,-1236,-1732,-44,-421,293,1280153
2026-05-19 20:15:01,esterno,2604,15284,4504,54,-111,282,622720
2026-05-19 20:15:01,lombar,16692,-1324,-1676,-12,-392,198,1280175
2026-05-19 20:15:01,esterno,2416,15088,3984,204,207,278,622742
2026-05-19 20:15:01,lombar,16736,-1212,-1360,136,-250,177,1280197
2026-05-19 20:15:01,esterno,2656,15168,4636,-187,-155,114,622764
2026-05-19 20:15:01,lombar,16648,-1136,-1300,280,-232,174,1280219
2026-05-19 20:15:01,esterno,2780,15228,3992,-267,-391,330,622786
2026-05-19 20:15:01,lombar,16576,-992,-1096,258,-237,247,1280241
2026-05-19 20:15:01,esterno,2540,14864,3976,-184,-81,271,622808
2026-05-19 20:15:01,lombar,16660,-1036,-1128,140,-271,223,1280263
2026-05-19 20:15:01,esterno,2840,14952,4080,20,-41,104,622830
2026-05-19 20:15:01,lombar,16608,-1024,-1232,179,-286,272,1280285
2026-05-19 20:15:01,esterno,2652,15352,4024,41,37,92,622852
2026-05-19 20:15:01,lombar,16476,-780,-1332,159,-324,312,1280307
2026-05-19 20:15:01,esterno,2640,15068,4208,-111,87,153,622874
2026-05-19 20:15:01,lombar,16612,-876,-1244,-107,-400,363,1280329
2026-05-19 20:15:01,esterno,2680,15088,4220,-85,55,77,622896
2026-05-19 20:15:01,lombar,16600,-1096,-1176,-206,-440,314,1280351
2026-05-19 20:15:01,esterno,2592,15080,4056,-180,17,158,622918
2026-05-19 20:15:01,lombar,16568,-1280,-1428,67,-492,359,1280373
2026-05-19 20:15:01,esterno,2504,15152,4048,-278,0,125,622940
2026-05-19 20:15:01,lombar,16608,-1088,-1248,53,-486,462,1280395
2026-05-19 20:15:01,esterno,2600,15216,4148,-361,1,129,622962
2026-05-19 20:15:01,lombar,16632,-1048,-1272,-114,-478,417,1280417
2026-05-19 20:15:01,esterno,2508,15180,4380,-397,-32,43,622984
2026-05-19 20:15:01,lombar,16680,-972,-1236,-183,-514,415,1280439
2026-05-19 20:15:01,esterno,2612,15116,4140,-444,62,80,623006
2026-05-19 20:15:01,lombar,16612,-1120,-1208,-153,-592,412,1280461
2026-05-19 20:15:01,esterno,2724,15028,4272,-406,-120,77,623028
2026-05-19 20:15:01,lombar,16608,-1280,-1508,-11,-533,452,1280483
2026-05-19 20:15:01,esterno,2868,15200,4272,-233,-4,47,623050
2026-05-19 20:15:01,lombar,16656,-1184,-1384,87,-450,400,1280505
2026-05-19 20:15:01,esterno,2744,15096,4196,-343,-24,8,623072
2026-05-19 20:15:01,lombar,16608,-1068,-1284,-38,-369,389,1280527
2026-05-19 20:15:01,esterno,2708,14968,4108,-282,-83,-38,623094
2026-05-19 20:15:01,lombar,16684,-924,-1388,-142,-312,453,1280549
2026-05-19 20:15:01,esterno,2600,15028,4152,-208,4,-16,623116
2026-05-19 20:15:01,lombar,16704,-1184,-1260,-38,-309,408,1280571
2026-05-19 20:15:01,esterno,2696,15184,4316,-160,-1,-57,623138
2026-05-19 20:15:01,lombar,16752,-1104,-1480,30,-276,381,1280593
2026-05-19 20:15:01,esterno,2668,15064,4128,-171,48,-153,623160
2026-05-19 20:15:01,lombar,16552,-1084,-1528,82,-223,439,1280615
2026-05-19 20:15:01,esterno,2584,15188,4304,-128,99,-155,623182
2026-05-19 20:15:01,lombar,16600,-1196,-1360,23,-134,385,1280637
2026-05-19 20:15:01,esterno,2692,15172,4328,-82,138,-122,623204
2026-05-19 20:15:01,lombar,16632,-1120,-1312,128,-109,330,1280659
2026-05-19 20:15:01,esterno,2712,15156,4164,-89,116,-142,623226
2026-05-19 20:15:01,lombar,16632,-1256,-1172,82,-89,371,1280681
2026-05-19 20:15:01,esterno,2544,15096,4268,-93,124,-172,623248
2026-05-19 20:15:01,lombar,16680,-1124,-1432,54,-95,328,1280703
2026-05-19 20:15:01,esterno,2600,15036,3808,84,282,-168,623270
2026-05-19 20:15:01,lombar,16640,-1120,-1392,104,-125,302,1280725
2026-05-19 20:15:01,esterno,2436,15052,4492,51,313,-257,623292
2026-05-19 20:15:01,lombar,16468,-1112,-1400,105,-189,304,1280747
2026-05-19 20:15:01,esterno,2656,15180,4276,-150,-81,-10,623314
2026-05-19 20:15:01,lombar,16564,-1060,-1324,76,-116,360,1280769
2026-05-19 20:15:01,esterno,2392,15068,3948,-54,198,-19,623336
2026-05-19 20:15:01,lombar,16456,-1168,-1268,103,-158,306,1280791
2026-05-19 20:15:01,esterno,2632,15164,4176,19,269,-143,623358
2026-05-19 20:15:01,lombar,16692,-1112,-1212,157,-237,258,1280813
2026-05-19 20:15:01,esterno,2660,15304,4100,0,345,-181,623380
2026-05-19 20:15:01,lombar,16700,-1180,-1416,184,-232,272,1280835
2026-05-19 20:15:01,esterno,2388,15172,4360,-46,422,-74,623402
2026-05-19 20:15:01,lombar,16580,-1108,-1368,98,-205,316,1280857
2026-05-19 20:15:01,esterno,2644,15064,4280,-55,412,-67,623424
2026-05-19 20:15:01,lombar,16588,-1188,-1484,70,-256,367,1280879
2026-05-19 20:15:01,esterno,2740,15188,4208,-39,381,-36,623446
2026-05-19 20:15:01,lombar,16684,-1116,-1504,208,-282,306,1280901
2026-05-19 20:15:01,esterno,2672,15164,4064,-62,384,-22,623468
2026-05-19 20:15:01,lombar,16568,-1108,-1192,216,-270,342,1280923
2026-05-19 20:15:01,esterno,2452,15228,4324,-130,354,21,623490
2026-05-19 20:15:01,lombar,16528,-1072,-1288,115,-269,342,1280945
2026-05-19 20:15:01,esterno,2564,15148,4168,-162,457,72,623512
2026-05-19 20:15:02,lombar,16644,-1108,-1308,133,-311,359,1280967
2026-05-19 20:15:02,esterno,2512,15172,4200,-137,339,120,623534
2026-05-19 20:15:02,lombar,16672,-1192,-1368,118,-300,338,1280989
2026-05-19 20:15:02,esterno,2312,15084,4244,-144,118,112,623556
2026-05-19 20:15:02,lombar,16564,-1180,-1284,91,-238,300,1281011
2026-05-19 20:15:02,esterno,2452,15264,4212,-51,-23,86,623578
2026-05-19 20:15:02,lombar,16596,-916,-1244,150,-253,304,1281033
2026-05-19 20:15:02,esterno,2352,15148,4204,-127,-192,200,623600
2026-05-19 20:15:02,lombar,16612,-980,-1144,-48,-282,344,1281055
2026-05-19 20:15:02,esterno,2544,15048,4180,-177,-256,209,623622
2026-05-19 20:15:02,lombar,16596,-1060,-1264,-168,-357,293,1281077
2026-05-19 20:15:02,esterno,2676,15272,4164,-179,-237,221,623644
2026-05-19 20:15:02,lombar,16624,-1284,-1412,-28,-355,253,1281099
2026-05-19 20:15:02,esterno,2672,15196,4240,-162,-162,187,623666
2026-05-19 20:15:02,lombar,16696,-1164,-1424,147,-297,274,1281121
2026-05-19 20:15:02,esterno,2700,15120,4048,-116,-39,226,623688
2026-05-19 20:15:02,lombar,16620,-1144,-1360,140,-236,250,1281143
2026-05-19 20:15:02,esterno,2716,15048,3996,-86,63,229,623710
2026-05-19 20:15:02,lombar,16520,-1076,-1372,117,-186,262,1281165
2026-05-19 20:15:02,esterno,2744,15020,4128,-65,157,159,623732
2026-05-19 20:15:02,lombar,16600,-1208,-1384,120,-196,213,1281187
2026-05-19 20:15:02,esterno,2644,15036,4060,4,221,61,623754
2026-05-19 20:15:02,lombar,16668,-1200,-1384,171,-219,246,1281209
2026-05-19 20:15:02,esterno,2808,15160,4292,27,266,2,623776
2026-05-19 20:15:02,lombar,16712,-1200,-1572,170,-244,270,1281231
2026-05-19 20:15:02,esterno,2932,15264,3736,194,497,8,623798
2026-05-19 20:15:02,lombar,16620,-1208,-1364,194,-188,236,1281253
2026-05-19 20:15:02,esterno,2808,14992,4280,120,550,-87,623820
2026-05-19 20:15:02,lombar,16652,-1056,-1452,215,-136,204,1281275
2026-05-19 20:15:02,esterno,2852,15392,4188,-124,170,112,623842
2026-05-19 20:15:02,lombar,16632,-1108,-1340,249,-111,244,1281297
2026-05-19 20:15:02,esterno,2564,14956,3920,-75,529,63,623864
2026-05-19 20:15:02,lombar,16640,-1068,-1316,347,-101,298,1281319
2026-05-19 20:15:02,esterno,2668,15096,3964,23,656,-55,623886
2026-05-19 20:15:02,lombar,16580,-1056,-1400,421,-127,348,1281341
2026-05-19 20:15:02,esterno,2856,15180,3988,94,709,-105,623908
2026-05-19 20:15:02,lombar,16656,-1140,-1356,409,-83,272,1281363
2026-05-19 20:15:02,esterno,2628,15096,3948,-24,883,7,623930
2026-05-19 20:15:02,lombar,16576,-984,-1172,277,-98,341,1281385
2026-05-19 20:15:02,esterno,2684,15092,4348,10,819,-35,623952
2026-05-19 20:15:02,lombar,16536,-1044,-1184,231,-112,326,1281407
2026-05-19 20:15:02,esterno,2652,15312,4196,-89,777,-57,623974
2026-05-19 20:15:02,lombar,16628,-1120,-1212,351,-212,336,1281429
2026-05-19 20:15:02,esterno,2556,15220,4000,-144,812,-49,623996
2026-05-19 20:15:02,lombar,16560,-1080,-1168,435,-216,310,1281451
2026-05-19 20:15:02,esterno,2608,15084,4004,-125,773,-80,624018
2026-05-19 20:15:02,lombar,16624,-1056,-1412,344,-186,367,1281473
2026-05-19 20:15:02,esterno,2532,15132,3992,-136,855,-3,624040
2026-05-19 20:15:02,lombar,16748,-1012,-1372,263,-214,404,1281495
2026-05-19 20:15:02,esterno,2444,15220,3988,-65,925,-79,624062
2026-05-19 20:15:02,lombar,16696,-1032,-1316,300,-135,363,1281517
2026-05-19 20:15:02,esterno,2452,15020,4076,5,707,-219,624084
2026-05-19 20:15:02,lombar,16676,-1192,-1164,339,-51,280,1281539
2026-05-19 20:15:02,esterno,2812,15336,4272,97,643,-161,624106
2026-05-19 20:15:02,lombar,16660,-1100,-1100,400,-85,295,1281561
2026-05-19 20:15:02,esterno,2420,15240,4056,34,635,14,624128
2026-05-19 20:15:02,lombar,16652,-1152,-1316,296,-75,351,1281583
2026-05-19 20:15:02,esterno,2216,15032,4296,67,546,-100,624150
2026-05-19 20:15:02,lombar,16688,-1016,-1252,174,-96,356,1281605
2026-05-19 20:15:02,esterno,2412,15196,4288,162,471,-163,624172
2026-05-19 20:15:02,lombar,16640,-1000,-1156,276,-146,303,1281627
2026-05-19 20:15:02,esterno,2408,15092,4172,161,430,-138,624194
2026-05-19 20:15:02,lombar,16716,-1136,-1068,233,-237,356,1281649
2026-05-19 20:15:02,esterno,2556,15308,4420,179,297,-25,624216
2026-05-19 20:15:02,lombar,16656,-1160,-1340,67,-161,403,1281671
2026-05-19 20:15:02,esterno,2424,15308,4364,236,275,58,624238
2026-05-19 20:15:02,lombar,16748,-1296,-1768,214,191,286,1281693
2026-05-19 20:15:02,esterno,2532,15524,4464,187,359,41,624260
2026-05-19 20:15:02,lombar,16980,-1208,-2360,308,1351,307,1281715
2026-05-19 20:15:02,esterno,2488,15744,5360,1,400,-182,624282
2026-05-19 20:15:02,lombar,17096,-1148,-2172,62,3021,194,1281737
2026-05-19 20:15:02,esterno,2304,15968,4240,56,1121,-633,624304
2026-05-19 20:15:02,lombar,16512,-884,472,5,2007,348,1281759
2026-05-19 20:15:02,esterno,1984,14724,2360,599,1260,-1151,624326
2026-05-19 20:15:02,lombar,16236,-1160,1600,-142,365,53,1281781
2026-05-19 20:15:02,esterno,2340,14000,3564,840,694,-1159,624348
2026-05-19 20:15:02,lombar,16172,-944,-96,-997,-621,62,1281803
2026-05-19 20:15:02,esterno,2744,14812,3320,7,-60,-164,624370
2026-05-19 20:15:02,lombar,16540,-644,-1840,-798,-138,268,1281825
2026-05-19 20:15:02,esterno,2348,14896,3112,-840,-84,238,624392
2026-05-19 20:15:02,lombar,16684,-1160,-1040,-76,-247,339,1281847
2026-05-19 20:15:02,esterno,2280,14740,3472,176,-178,223,624414
2026-05-19 20:15:02,lombar,17036,-1032,-104,-83,-533,490,1281869
2026-05-19 20:15:02,esterno,2736,15692,3996,-334,-105,122,624436
2026-05-19 20:15:02,lombar,16728,-1536,-608,-201,-537,385,1281891
2026-05-19 20:15:02,esterno,2124,15388,3824,-119,-133,42,624458
2026-05-19 20:15:02,lombar,16560,-1376,-980,-104,-357,400,1281913
2026-05-19 20:15:02,esterno,2068,15164,4076,-231,-99,-303,624480
2026-05-19 20:15:02,lombar,16616,-1104,-988,114,-288,554,1281935
2026-05-19 20:15:02,esterno,2160,15272,3956,-333,-282,-353,624502
2026-05-19 20:15:02,lombar,16896,-1072,-924,273,-271,439,1281957
2026-05-19 20:15:03,esterno,2600,15324,3724,-321,-158,-157,624524
2026-05-19 20:15:03,lombar,16744,-1128,-952,302,-168,423,1281979
2026-05-19 20:15:03,esterno,2484,15156,3880,-168,144,-263,624546
2026-05-19 20:15:03,lombar,16580,-1204,-668,333,-256,439,1282001
2026-05-19 20:15:03,esterno,2132,15364,3972,-192,608,-428,624568
2026-05-19 20:15:03,lombar,16640,-1112,-796,429,-339,388,1282023
2026-05-19 20:15:03,esterno,2076,15068,3540,7,549,-649,624590
2026-05-19 20:15:03,lombar,16732,-1024,-676,381,-178,407,1282045
2026-05-19 20:15:03,esterno,2364,14948,3832,24,432,-635,624612
2026-05-19 20:15:03,lombar,16724,-896,-544,197,-193,293,1282067
2026-05-19 20:15:03,esterno,2524,15276,3980,106,218,-298,624634
2026-05-19 20:15:03,lombar,16756,-824,-960,30,-198,248,1282089
2026-05-19 20:15:03,esterno,2044,15320,4080,-34,178,-187,624656
2026-05-19 20:15:03,lombar,16728,-812,-768,-86,-175,381,1282111
2026-05-19 20:15:03,esterno,2060,15360,3976,-37,-251,-341,624678
2026-05-19 20:15:03,lombar,16780,-860,-816,-478,-101,352,1282133
2026-05-19 20:15:03,esterno,1776,15480,4152,-59,-518,-292,624700
2026-05-19 20:15:03,lombar,16796,-1016,-648,-522,30,355,1282155
2026-05-19 20:15:03,esterno,2196,15392,4152,-212,-647,-188,624722
2026-05-19 20:15:03,lombar,16592,-968,-600,-529,-18,315,1282177
2026-05-19 20:15:03,esterno,2244,15276,3672,-183,-749,-333,624744
2026-05-19 20:15:03,lombar,16764,-956,-468,-628,-6,416,1282199
2026-05-19 20:15:03,esterno,1824,15196,3772,-179,-802,-421,624766
2026-05-19 20:15:03,lombar,16656,-768,-548,-635,19,439,1282221
2026-05-19 20:15:03,esterno,1864,15176,3840,-247,-902,-488,624788
2026-05-19 20:15:03,lombar,16504,-772,-248,-946,-67,578,1282243
2026-05-19 20:15:03,esterno,2044,15060,3800,-244,-1067,-546,624810
2026-05-19 20:15:03,lombar,16636,-912,-316,-1258,-124,545,1282265
2026-05-19 20:15:03,esterno,2100,15392,3828,-244,-1236,-477,624832
2026-05-19 20:15:03,lombar,16772,-1120,-404,-1252,20,466,1282287
2026-05-19 20:15:03,esterno,2012,15452,3416,-5,-1058,-262,624854
2026-05-19 20:15:03,lombar,16664,-1140,-488,-1090,-205,417,1282309
2026-05-19 20:15:03,esterno,1520,15404,4488,135,-1130,-438,624876
2026-05-19 20:15:03,lombar,16732,-1292,-952,-1095,-128,403,1282331
2026-05-19 20:15:03,esterno,2284,15656,3784,-192,-1288,-539,624898
2026-05-19 20:15:03,lombar,16744,-1156,-892,-1122,-131,475,1282353
2026-05-19 20:15:03,esterno,2008,15440,3996,-111,-910,-571,624920
2026-05-19 20:15:03,lombar,16808,-1096,-692,-1125,-294,481,1282375
2026-05-19 20:15:03,esterno,2380,15388,4136,-50,-848,-429,624942
2026-05-19 20:15:03,lombar,16820,-1084,-896,-1092,-296,541,1282397
2026-05-19 20:15:03,esterno,3024,15552,3020,-180,-618,-186,624964
2026-05-19 20:15:03,lombar,16804,-1172,-788,-993,-199,392,1282419
2026-05-19 20:15:03,esterno,1964,15392,3884,-410,-412,-123,624986
2026-05-19 20:15:03,lombar,16688,-1328,-872,-1073,-37,373,1282441
2026-05-19 20:15:03,esterno,2256,15180,3888,-422,-398,-287,625008
2026-05-19 20:15:03,lombar,16608,-1324,-588,-1042,8,316,1282463
2026-05-19 20:15:03,esterno,2100,15420,4156,-282,-268,-267,625030
2026-05-19 20:15:03,lombar,16580,-1140,-912,-878,-162,361,1282485
2026-05-19 20:15:03,esterno,2344,15604,3648,-382,-288,60,625052
2026-05-19 20:15:03,lombar,16684,-1332,-1192,-586,60,356,1282507
2026-05-19 20:15:03,esterno,1600,15816,4352,-645,-86,222,625074
2026-05-19 20:15:03,lombar,16768,-1460,-908,-411,23,212,1282529
2026-05-19 20:15:03,esterno,2272,15520,3760,-773,196,113,625096
2026-05-19 20:15:03,lombar,16568,-1276,-1060,-84,-83,202,1282551
2026-05-19 20:15:03,esterno,2368,15352,3784,-977,180,-5,625118
2026-05-19 20:15:03,lombar,16464,-1344,-1012,266,-48,136,1282573
2026-05-19 20:15:03,esterno,2440,15320,4060,-1155,297,27,625140
2026-05-19 20:15:03,lombar,16568,-1540,-712,438,26,134,1282595
2026-05-19 20:15:03,esterno,2328,15288,3792,-1185,431,159,625162
2026-05-19 20:15:03,lombar,16376,-1416,-824,680,-317,102,1282617
2026-05-19 20:15:03,esterno,2020,15268,4088,-1417,716,234,625184
2026-05-19 20:15:03,lombar,16584,-1156,-916,890,-313,192,1282639
2026-05-19 20:15:03,esterno,2420,15264,4448,-1643,757,178,625206
2026-05-19 20:15:03,lombar,16720,-1280,-568,995,-655,182,1282661
2026-05-19 20:15:03,esterno,2300,15496,4380,-1656,774,411,625228
2026-05-19 20:15:03,lombar,16692,-1252,-272,981,-1180,128,1282683
2026-05-19 20:15:03,esterno,1980,15116,4348,-1914,842,571,625250
2026-05-19 20:15:03,lombar,16628,-1292,-884,1114,-1107,137,1282705
2026-05-19 20:15:03,esterno,2012,15004,4500,-1940,632,532,625272
2026-05-19 20:15:03,lombar,16616,-1424,-1084,1072,-784,207,1282727
2026-05-19 20:15:03,esterno,1768,14864,4196,-1795,480,420,625294
2026-05-19 20:15:03,lombar,16524,-840,-408,1235,-1193,302,1282749
2026-05-19 20:15:03,esterno,1996,14772,4792,-1576,524,382,625316
2026-05-19 20:15:03,lombar,16476,-896,-384,1242,-1332,407,1282771
2026-05-19 20:15:03,esterno,2148,14760,4312,-1500,540,496,625338
2026-05-19 20:15:03,lombar,16476,-760,-72,1033,-1430,480,1282793
2026-05-19 20:15:03,esterno,2160,14776,4628,-1384,158,598,625360
2026-05-19 20:15:03,lombar,16480,-636,-488,766,-1505,513,1282815
2026-05-19 20:15:03,esterno,2212,15016,4296,-1015,221,784,625382
2026-05-19 20:15:03,lombar,16640,-788,-832,697,-1456,503,1282837
2026-05-19 20:15:03,esterno,2076,14736,5148,-900,444,686,625404
2026-05-19 20:15:03,lombar,16656,-908,-804,777,-1611,594,1282859
2026-05-19 20:15:03,esterno,2424,14980,4728,-938,273,662,625426
2026-05-19 20:15:03,lombar,16832,-1208,-764,823,-1665,555,1282881
2026-05-19 20:15:03,esterno,2144,14824,4932,-953,293,724,625448
2026-05-19 20:15:03,lombar,16724,-1092,-1320,758,-1397,509,1282903
2026-05-19 20:15:03,esterno,2408,14724,4908,-856,331,722,625470
2026-05-19 20:15:03,lombar,16720,-992,-1388,686,-1081,488,1282925
2026-05-19 20:15:03,esterno,2308,14860,4612,-589,319,682,625492
2026-05-19 20:15:03,lombar,16824,-844,-1088,580,-1091,433,1282947
2026-05-19 20:15:03,esterno,2344,14648,4992,-266,437,535,625514
2026-05-19 20:15:04,lombar,16776,-588,-1096,366,-1052,404,1282969
2026-05-19 20:15:04,esterno,2504,14864,5196,-159,295,511,625536
2026-05-19 20:15:04,lombar,16588,-804,-1160,213,-1055,393,1282991
2026-05-19 20:15:04,esterno,2380,14944,4976,-248,125,653,625558
2026-05-19 20:15:04,lombar,16636,-984,-1484,259,-944,401,1283013
2026-05-19 20:15:04,esterno,2516,14928,5072,-292,-24,624,625580
2026-05-19 20:15:04,lombar,16840,-1164,-1496,351,-989,338,1283035
2026-05-19 20:15:04,esterno,2540,14920,5260,-91,-144,484,625602
2026-05-19 20:15:04,lombar,16752,-1024,-1752,421,-990,202,1283057
2026-05-19 20:15:04,esterno,2588,14956,4704,-150,-231,359,625624
2026-05-19 20:15:04,lombar,16676,-928,-1612,335,-736,173,1283079
2026-05-19 20:15:04,esterno,2692,14768,4936,-124,-124,354,625646
2026-05-19 20:15:04,lombar,16488,-972,-1432,190,-511,170,1283101
2026-05-19 20:15:04,esterno,2704,14848,4872,-69,-203,338,625668
2026-05-19 20:15:04,lombar,16648,-1212,-1436,207,-445,164,1283123
2026-05-19 20:15:04,esterno,2964,14812,4812,14,-240,345,625690
2026-05-19 20:15:04,lombar,16616,-1328,-1612,333,-476,93,1283145
2026-05-19 20:15:04,esterno,2672,14832,5072,-11,-58,316,625712
2026-05-19 20:15:04,lombar,16576,-1184,-1436,352,-461,81,1283167
2026-05-19 20:15:04,esterno,2628,14732,5044,-27,-312,275,625734
2026-05-19 20:15:04,lombar,16468,-1056,-1424,280,-444,120,1283189
2026-05-19 20:15:04,esterno,2684,14916,5068,-22,-386,401,625756
2026-05-19 20:15:04,lombar,16524,-984,-1380,153,-522,108,1283211
2026-05-19 20:15:04,esterno,2940,14852,4912,-126,-282,580,625778
2026-05-19 20:15:04,lombar,16568,-900,-1556,134,-565,103,1283233
2026-05-19 20:15:04,esterno,2988,14976,4900,-141,-232,486,625800
2026-05-19 20:15:04,lombar,16628,-1064,-1716,198,-601,212,1283255
2026-05-19 20:15:04,esterno,3136,14944,4940,-344,-69,343,625822
2026-05-19 20:15:04,lombar,16692,-1044,-1596,312,-638,245,1283277
2026-05-19 20:15:04,esterno,3044,14804,4952,-495,-31,306,625844
2026-05-19 20:15:04,lombar,16628,-1072,-1620,259,-633,317,1283299
2026-05-19 20:15:04,esterno,2868,14768,4880,-406,-10,391,625866
2026-05-19 20:15:04,lombar,16620,-1024,-1644,159,-654,363,1283321
2026-05-19 20:15:04,esterno,2940,14912,5248,-378,-127,442,625888
2026-05-19 20:15:04,lombar,16660,-956,-1724,53,-593,335,1283343
2026-05-19 20:15:04,esterno,3028,15132,5468,-412,-46,505,625910
2026-05-19 20:15:04,lombar,16628,-1084,-1700,141,-516,373,1283365
2026-05-19 20:15:04,esterno,2880,14752,4780,-325,655,325,625932
2026-05-19 20:15:04,lombar,16656,-1016,-1652,182,-427,338,1283387
2026-05-19 20:15:04,esterno,3152,15004,5568,-291,369,205,625954
2026-05-19 20:15:04,lombar,16696,-1312,-1656,122,-404,332,1283409
2026-05-19 20:15:04,esterno,3080,14840,4940,-426,309,359,625976
2026-05-19 20:15:04,lombar,16648,-1160,-1792,294,-347,348,1283431
2026-05-19 20:15:04,esterno,2808,14892,5076,-485,715,287,625998
2026-05-19 20:15:04,lombar,16720,-1260,-1744,409,-170,374,1283453
2026-05-19 20:15:04,esterno,2856,14976,5012,-281,634,28,626020
2026-05-19 20:15:04,lombar,16752,-1300,-1536,422,-136,363,1283475
2026-05-19 20:15:04,esterno,2956,14808,5052,-374,815,-155,626042
2026-05-19 20:15:04,lombar,16696,-1232,-1588,444,-98,314,1283497
2026-05-19 20:15:04,esterno,2816,14804,5292,-511,807,-20,626064
2026-05-19 20:15:04,lombar,16560,-988,-1660,350,-87,367,1283519
2026-05-19 20:15:04,esterno,2668,14708,5320,-421,685,29,626086
2026-05-19 20:15:04,lombar,16524,-1116,-1396,367,-58,377,1283541
2026-05-19 20:15:04,esterno,2712,14784,5000,-490,678,-95,626108
2026-05-19 20:15:04,lombar,16568,-1372,-1472,520,-4,358,1283563
2026-05-19 20:15:04,esterno,2808,14880,5036,-478,585,-109,626130
2026-05-19 20:15:04,lombar,16652,-1176,-1580,526,-90,419,1283585
2026-05-19 20:15:04,esterno,2536,14852,5372,-373,579,-35,626152
2026-05-19 20:15:04,lombar,16632,-900,-1612,417,-39,406,1283607
2026-05-19 20:15:04,esterno,2676,14752,5668,-521,488,62,626174
2026-05-19 20:15:04,lombar,16400,-1080,-1452,232,-81,377,1283629
2026-05-19 20:15:04,esterno,2544,14836,5168,-566,608,10,626196
2026-05-19 20:15:04,lombar,16576,-1348,-1552,176,-141,370,1283651
2026-05-19 20:15:04,esterno,2852,14636,5424,-428,193,-63,626218
2026-05-19 20:15:04,lombar,16600,-1272,-1380,264,-155,312,1283673
2026-05-19 20:15:04,esterno,2768,14704,5012,-462,429,-64,626240
2026-05-19 20:15:04,lombar,16536,-1076,-1616,278,-284,374,1283695
2026-05-19 20:15:04,esterno,2708,14660,5040,-497,273,-48,626262
2026-05-19 20:15:04,lombar,16520,-1020,-1408,58,-273,475,1283717
2026-05-19 20:15:04,esterno,3092,14576,4732,-401,330,-108,626284
2026-05-19 20:15:04,lombar,16548,-1152,-1580,109,-304,484,1283739
2026-05-19 20:15:04,esterno,2776,14648,5076,-306,294,15,626306
2026-05-19 20:15:04,lombar,16576,-1260,-1640,163,-376,419,1283761
2026-05-19 20:15:04,esterno,2652,14572,5040,-269,278,-102,626328
2026-05-19 20:15:04,lombar,16468,-1120,-1336,223,-464,480,1283783
2026-05-19 20:15:04,esterno,2564,14652,5200,-144,280,-143,626350
2026-05-19 20:15:04,lombar,16516,-1056,-1288,218,-752,464,1283805
2026-05-19 20:15:04,esterno,2472,14732,5140,-242,199,-106,626372
2026-05-19 20:15:04,lombar,16664,-1052,-1428,102,-788,481,1283827
2026-05-19 20:15:04,esterno,2524,14504,4988,-159,251,-202,626394
2026-05-19 20:15:04,lombar,16612,-1188,-1700,128,-716,503,1283849
2026-05-19 20:15:04,esterno,2760,14744,5252,-98,347,-354,626416
2026-05-19 20:15:04,lombar,16696,-1208,-1808,223,-531,446,1283871
2026-05-19 20:15:04,esterno,2656,14644,4928,-243,268,-311,626438
2026-05-19 20:15:04,lombar,16736,-1212,-1856,188,-364,409,1283893
2026-05-19 20:15:04,esterno,2932,14748,5096,-172,238,-271,626460
2026-05-19 20:15:04,lombar,16596,-1236,-1824,174,-289,221,1283915
2026-05-19 20:15:04,esterno,2696,14672,5616,-269,511,-186,626482
2026-05-19 20:15:04,lombar,16656,-920,-1700,95,-301,232,1283937
2026-05-19 20:15:04,esterno,2976,14996,5340,-372,-56,-9,626504
2026-05-19 20:15:04,lombar,16532,-916,-1496,-36,-229,305,1283959
2026-05-19 20:15:05,esterno,2444,14456,5308,-344,33,-43,626526
2026-05-19 20:15:05,lombar,16612,-1020,-1760,-196,-82,377,1283981
2026-05-19 20:15:05,esterno,2636,14816,5580,-80,335,86,626548
2026-05-19 20:15:05,lombar,16628,-1240,-1624,-138,-124,277,1284003
2026-05-19 20:15:05,esterno,2668,14864,5504,29,189,45,626570
2026-05-19 20:15:05,lombar,16516,-1232,-1768,-59,6,348,1284025
2026-05-19 20:15:05,esterno,2544,14912,5128,129,142,73,626592
2026-05-19 20:15:05,lombar,16632,-1152,-1628,-112,122,430,1284047
2026-05-19 20:15:05,esterno,2644,14520,5432,-25,44,21,626614
2026-05-19 20:15:05,lombar,16632,-1324,-1672,-86,71,272,1284069
2026-05-19 20:15:05,esterno,2792,14936,5384,-83,144,95,626636
2026-05-19 20:15:05,lombar,16492,-1292,-1728,76,43,255,1284091
2026-05-19 20:15:05,esterno,2724,14852,5192,-169,254,213,626658
