timestamp,node,ax,ay,az,gx,gy,gz,t_ms
2026-05-19 20:15:14,esterno,2568,14684,4812,-173,1972,559,636338
2026-05-19 20:15:14,lombar,16704,-660,-1512,1067,-1225,301,1293793
2026-05-19 20:15:14,esterno,2204,14784,5304,-98,1856,630,636360
2026-05-19 20:15:14,lombar,16660,-452,-1384,978,-1153,333,1293815
2026-05-19 20:15:14,esterno,2344,14744,5208,-271,1845,598,636382
2026-05-19 20:15:14,lombar,16596,-372,-1232,885,-1241,308,1293837
2026-05-19 20:15:14,esterno,2512,14660,5104,-163,1778,256,636404
2026-05-19 20:15:14,lombar,16668,-404,-1204,584,-1036,223,1293859
2026-05-19 20:15:14,esterno,2536,14792,5052,48,1847,310,636426
2026-05-19 20:15:14,lombar,16868,-312,-1316,389,-869,245,1293881
2026-05-19 20:15:14,esterno,2528,14816,5432,65,1759,357,636448
2026-05-19 20:15:14,lombar,16720,-368,-1348,451,-685,264,1293903
2026-05-19 20:15:14,esterno,2300,14736,5012,221,1849,310,636470
2026-05-19 20:15:14,lombar,16684,-656,-1484,318,-472,371,1293925
2026-05-19 20:15:14,esterno,2540,14784,5132,97,1504,199,636492
2026-05-19 20:15:14,lombar,16780,-680,-1688,426,-392,291,1293947
2026-05-19 20:15:14,esterno,2912,14888,5136,87,1611,219,636514
2026-05-19 20:15:15,lombar,16820,-892,-1876,681,-195,267,1293969
2026-05-19 20:15:15,esterno,2668,14908,4984,331,1363,229,636536
2026-05-19 20:15:15,lombar,16820,-764,-1604,582,-45,253,1293991
2026-05-19 20:15:15,esterno,2684,14916,5528,273,1211,225,636558
2026-05-19 20:15:15,lombar,16704,-780,-1668,668,-22,201,1294013
2026-05-19 20:15:15,esterno,2552,14916,5016,184,1058,257,636580
2026-05-19 20:15:15,lombar,16644,-732,-1784,881,3,282,1294035
2026-05-19 20:15:15,esterno,2644,14668,4720,550,1073,161,636602
2026-05-19 20:15:15,lombar,16688,-692,-1684,879,41,183,1294057
2026-05-19 20:15:15,esterno,2636,14672,4832,833,1137,167,636624
2026-05-19 20:15:15,lombar,16588,-616,-1880,873,151,185,1294079
2026-05-19 20:15:15,esterno,2092,14704,5564,942,1202,75,636646
2026-05-19 20:15:15,lombar,16568,-500,-1660,896,320,260,1294101
2026-05-19 20:15:15,esterno,2700,15028,5076,972,1205,-48,636668
2026-05-19 20:15:15,lombar,16568,-524,-1420,724,368,103,1294123
2026-05-19 20:15:15,esterno,2688,15016,5016,892,992,9,636690
2026-05-19 20:15:15,lombar,16604,-336,-1512,474,242,11,1294145
2026-05-19 20:15:15,esterno,2260,14828,4924,1080,682,-172,636712
2026-05-19 20:15:15,lombar,16592,-448,-1732,413,132,-17,1294167
2026-05-19 20:15:15,esterno,1940,15064,4804,1036,849,-276,636734
2026-05-19 20:15:15,lombar,16644,-452,-1764,397,208,84,1294189
2026-05-19 20:15:15,esterno,2884,14660,4724,633,95,-387,636756
2026-05-19 20:15:15,lombar,16484,-408,-1464,284,142,147,1294211
2026-05-19 20:15:15,esterno,2552,15104,4408,875,-26,-475,636778
2026-05-19 20:15:15,lombar,16560,-240,-1468,84,21,132,1294233
2026-05-19 20:15:15,esterno,1964,14992,5016,863,317,-631,636800
2026-05-19 20:15:15,lombar,16616,-264,-1712,-89,-43,229,1294255
2026-05-19 20:15:15,esterno,1532,14672,4932,719,255,-777,636822
2026-05-19 20:15:15,lombar,16604,-268,-1688,-299,-43,389,1294277
2026-05-19 20:15:15,esterno,2276,14836,4292,577,121,-947,636844
2026-05-19 20:15:15,lombar,16632,-568,-1368,-359,-115,339,1294299
2026-05-19 20:15:15,esterno,1828,15240,5232,1039,72,-1120,636866
2026-05-19 20:15:15,lombar,16608,-592,-1588,-561,-79,339,1294321
2026-05-19 20:15:15,esterno,2332,14852,4332,288,-335,-1005,636888
2026-05-19 20:15:15,lombar,16236,-624,-1592,-760,332,494,1294343
2026-05-19 20:15:15,esterno,2212,14684,4420,179,-456,-1219,636910
2026-05-19 20:15:15,lombar,16364,-672,-1184,-613,90,670,1294365
2026-05-19 20:15:15,esterno,2288,14756,4328,382,-708,-1253,636932
2026-05-19 20:15:15,lombar,16732,-852,-1252,-576,-56,844,1294387
2026-05-19 20:15:15,esterno,1876,15412,5008,773,-1126,-1221,636954
2026-05-19 20:15:15,esterno,2192,15288,4816,942,-1547,-1298,636976
2026-05-19 20:15:15,lombar,16808,-756,-1336,-615,-80,901,1294409
2026-05-19 20:15:15,lombar,16836,-684,-1536,-503,-30,1013,1294431
2026-05-19 20:15:15,esterno,1796,15172,4992,798,-1825,-1443,636998
2026-05-19 20:15:15,lombar,16868,-676,-1560,-485,289,1130,1294453
2026-05-19 20:15:15,esterno,1912,14960,4320,362,-2009,-1632,637020
2026-05-19 20:15:15,lombar,16728,-608,-1220,-728,389,1125,1294475
2026-05-19 20:15:15,esterno,1848,14984,4572,502,-2134,-1954,637042
2026-05-19 20:15:15,lombar,16680,-800,-1508,-780,326,1138,1294497
2026-05-19 20:15:15,esterno,1696,15160,4396,416,-2385,-2074,637064
2026-05-19 20:15:15,lombar,16780,-756,-1484,-819,535,1125,1294519
2026-05-19 20:15:15,esterno,1804,14848,4604,709,-2711,-2298,637086
2026-05-19 20:15:15,lombar,16936,-688,-912,-1133,613,1126,1294541
2026-05-19 20:15:15,esterno,2284,14828,3484,1002,-2505,-2372,637108
2026-05-19 20:15:15,lombar,16652,-560,-864,-1330,432,1113,1294563
2026-05-19 20:15:15,esterno,788,14848,4132,998,-2600,-2395,637130
2026-05-19 20:15:15,lombar,16496,-648,-776,-1409,221,1223,1294585
2026-05-19 20:15:15,esterno,312,14440,3640,1148,-2367,-2815,637152
2026-05-19 20:15:15,lombar,16764,-756,-120,-1674,-76,1252,1294607
2026-05-19 20:15:15,lombar,16824,-600,724,-3213,-949,1276,1294629
2026-05-19 20:15:15,lombar,17052,232,-2664,-3873,-997,1626,1294651
2026-05-19 20:15:15,lombar,16536,-276,-3796,-3317,1277,1620,1294673
2026-05-19 20:15:15,esterno,292,15100,4312,1631,-2357,-3325,637174
2026-05-19 20:15:15,esterno,1300,15712,4500,1333,-2586,-3405,637196
2026-05-19 20:15:15,esterno,2124,16404,4620,442,-2484,-3086,637218
2026-05-19 20:15:15,esterno,1876,16248,4176,7,-2346,-2577,637240
2026-05-19 20:15:15,lombar,16800,-1840,-1304,-3227,981,1416,1294695
2026-05-19 20:15:15,esterno,1352,15948,3416,96,-1848,-2262,637262
2026-05-19 20:15:15,lombar,16792,-1772,-712,-3052,870,973,1294717
2026-05-19 20:15:15,esterno,1004,15564,3432,44,-2088,-1848,637284
2026-05-19 20:15:15,lombar,16044,-1536,-960,-2541,78,552,1294739
2026-05-19 20:15:15,esterno,868,15460,2424,-42,-1771,-1214,637306
2026-05-19 20:15:15,lombar,16040,-1400,-768,-1757,113,667,1294761
2026-05-19 20:15:15,esterno,820,15044,2768,75,-606,-1264,637328
2026-05-19 20:15:15,lombar,16344,-1532,-1044,-1095,-7,913,1294783
2026-05-19 20:15:15,esterno,968,15680,3440,116,-33,-1210,637350
2026-05-19 20:15:15,lombar,16436,-1596,-1064,-559,105,856,1294805
2026-05-19 20:15:15,esterno,1244,16156,3552,250,274,-704,637372
2026-05-19 20:15:15,lombar,16680,-1888,-892,-87,-80,630,1294827
2026-05-19 20:15:15,esterno,1188,15692,3168,50,650,-87,637394
2026-05-19 20:15:15,lombar,16660,-1652,-1076,394,-324,463,1294849
2026-05-19 20:15:15,esterno,864,15772,3604,10,937,219,637416
2026-05-19 20:15:15,lombar,16604,-1640,-1188,819,-448,424,1294871
2026-05-19 20:15:15,esterno,584,15668,3472,-264,1133,524,637438
2026-05-19 20:15:15,lombar,16584,-1824,-1140,1321,-513,284,1294893
2026-05-19 20:15:15,esterno,856,15468,3080,-107,1459,769,637460
2026-05-19 20:15:15,lombar,16428,-1792,-960,1578,-614,-23,1294915
2026-05-19 20:15:15,esterno,840,15428,3452,-127,1786,1005,637482
2026-05-19 20:15:15,lombar,16512,-1392,-708,1774,-689,-98,1294937
2026-05-19 20:15:15,esterno,768,15656,3800,-288,1689,1220,637504
2026-05-19 20:15:15,lombar,16732,-1556,-764,1888,-670,-97,1294959
2026-05-19 20:15:16,esterno,452,15512,3272,-303,1865,1391,637526
2026-05-19 20:15:16,lombar,16804,-1748,-744,2071,-726,-240,1294981
2026-05-19 20:15:16,esterno,456,15180,3524,-371,1919,1321,637548
2026-05-19 20:15:16,lombar,16516,-1352,-844,2290,-997,-351,1295003
2026-05-19 20:15:16,esterno,748,15632,3480,-339,2245,1472,637570
2026-05-19 20:15:16,lombar,16720,-1148,-1064,2376,-893,-300,1295025
2026-05-19 20:15:16,esterno,628,15620,3264,-443,2209,1627,637592
2026-05-19 20:15:16,lombar,16664,-1260,-976,2377,-862,-335,1295047
2026-05-19 20:15:16,esterno,608,15292,3388,-197,2187,1532,637614
2026-05-19 20:15:16,lombar,16484,-1528,-1008,2412,-827,-347,1295069
2026-05-19 20:15:16,esterno,904,15452,3424,-322,2363,1519,637636
2026-05-19 20:15:16,lombar,16556,-1620,-740,2581,-906,-497,1295091
2026-05-19 20:15:16,esterno,1028,15568,3452,-354,2401,1601,637658
2026-05-19 20:15:16,lombar,16612,-1328,-844,2669,-925,-472,1295113
2026-05-19 20:15:16,esterno,688,15560,3660,-256,2342,1557,637680
2026-05-19 20:15:16,lombar,16700,-1072,-1256,2863,-849,-347,1295135
2026-05-19 20:15:16,esterno,952,15472,3528,-219,2316,1580,637702
2026-05-19 20:15:16,lombar,16756,-904,-1120,2933,-854,-236,1295157
2026-05-19 20:15:16,esterno,1076,15508,3592,-271,2320,1516,637724
2026-05-19 20:15:16,lombar,16688,-768,-1008,2842,-826,-229,1295179
2026-05-19 20:15:16,esterno,1360,15548,3696,-358,2198,1484,637746
2026-05-19 20:15:16,lombar,16636,-740,-948,2635,-809,-202,1295201
2026-05-19 20:15:16,esterno,1384,15208,3436,-145,2288,1446,637768
2026-05-19 20:15:16,lombar,16568,-728,-880,2305,-821,-158,1295223
2026-05-19 20:15:16,esterno,1112,15128,3848,-113,2434,1307,637790
2026-05-19 20:15:16,lombar,16552,-672,-1208,2184,-800,-104,1295245
2026-05-19 20:15:16,esterno,1472,15700,3812,-406,1687,1439,637812
2026-05-19 20:15:16,lombar,16796,-628,-1116,1927,-659,-155,1295267
2026-05-19 20:15:16,esterno,936,15440,3704,-352,1439,1469,637834
2026-05-19 20:15:16,lombar,16768,-736,-920,1822,-613,-173,1295289
2026-05-19 20:15:16,esterno,1028,15168,3524,-143,1584,1100,637856
2026-05-19 20:15:16,lombar,16756,-576,-1108,1779,-654,-191,1295311
2026-05-19 20:15:16,esterno,1616,15444,3856,-121,1348,1081,637878
2026-05-19 20:15:16,lombar,16844,-324,-1220,1611,-606,-129,1295333
2026-05-19 20:15:16,esterno,1260,15400,3720,-394,1346,1073,637900
2026-05-19 20:15:16,lombar,16644,-348,-996,1264,-500,56,1295355
2026-05-19 20:15:16,esterno,1484,15236,3496,-359,1086,876,637922
2026-05-19 20:15:16,lombar,16724,-404,-1044,807,-374,-58,1295377
2026-05-19 20:15:16,esterno,1480,15288,3868,-256,613,734,637944
2026-05-19 20:15:16,lombar,16772,-184,-828,508,-424,-46,1295399
2026-05-19 20:15:16,esterno,1480,15256,3596,-350,346,715,637966
2026-05-19 20:15:16,lombar,16732,-220,-1096,312,-543,136,1295421
2026-05-19 20:15:16,esterno,1480,15228,3452,-402,115,711,637988
2026-05-19 20:15:16,lombar,16652,-216,-1128,7,-335,180,1295443
2026-05-19 20:15:16,esterno,1584,15256,4008,-366,-291,440,638010
2026-05-19 20:15:16,lombar,16696,-368,-1172,-296,-159,268,1295465
2026-05-19 20:15:16,esterno,1568,15360,4028,-547,-737,410,638032
2026-05-19 20:15:16,lombar,16720,-272,-1168,-554,-290,241,1295487
2026-05-19 20:15:16,esterno,1540,15296,3468,-618,-692,304,638054
2026-05-19 20:15:16,lombar,16692,-344,-1084,-706,-213,334,1295509
2026-05-19 20:15:16,esterno,2056,15060,3764,-488,-1080,168,638076
2026-05-19 20:15:16,lombar,16640,-636,-1212,-731,-225,312,1295531
2026-05-19 20:15:16,esterno,2376,15432,3536,-398,-748,209,638098
2026-05-19 20:15:16,lombar,16680,-640,-1160,-684,-235,378,1295553
2026-05-19 20:15:16,esterno,2260,15288,3552,-426,-807,173,638120
2026-05-19 20:15:16,lombar,16612,-660,-1108,-698,-332,293,1295575
2026-05-19 20:15:16,esterno,2368,15328,3316,-384,-764,130,638142
2026-05-19 20:15:16,lombar,16640,-648,-1264,-633,-359,231,1295597
2026-05-19 20:15:16,esterno,2216,15372,3540,-362,-648,241,638164
2026-05-19 20:15:16,lombar,16644,-700,-1288,-408,-349,273,1295619
2026-05-19 20:15:16,esterno,1868,15268,3680,-373,-659,350,638186
2026-05-19 20:15:16,lombar,16628,-684,-1324,-303,-283,329,1295641
2026-05-19 20:15:16,esterno,2036,15312,3648,-153,-574,394,638208
2026-05-19 20:15:16,lombar,16628,-692,-1272,-329,-303,339,1295663
2026-05-19 20:15:16,esterno,1872,15276,3500,-185,-523,352,638230
2026-05-19 20:15:16,lombar,16676,-732,-1176,-313,-387,318,1295685
2026-05-19 20:15:16,esterno,2240,15360,3840,-136,-540,322,638252
2026-05-19 20:15:16,lombar,16628,-832,-1468,-195,-370,292,1295707
2026-05-19 20:15:16,esterno,2596,15372,3660,-265,-637,384,638274
2026-05-19 20:15:16,lombar,16580,-964,-1432,-176,-275,269,1295729
2026-05-19 20:15:16,esterno,1928,15348,3876,-84,-664,428,638296
2026-05-19 20:15:16,lombar,16600,-756,-1284,-127,-320,280,1295751
2026-05-19 20:15:16,esterno,1828,15144,3984,29,-453,278,638318
2026-05-19 20:15:16,lombar,16704,-476,-1244,-156,-344,302,1295773
2026-05-19 20:15:16,esterno,1960,15452,4000,-146,-898,311,638340
2026-05-19 20:15:16,lombar,16672,-704,-1264,-303,-321,326,1295795
2026-05-19 20:15:16,esterno,1728,15200,3460,-144,-849,392,638362
2026-05-19 20:15:16,lombar,16644,-872,-1324,-281,-322,278,1295817
2026-05-19 20:15:16,esterno,1760,15160,4052,-61,-577,320,638384
2026-05-19 20:15:16,lombar,16624,-996,-1288,-153,-356,288,1295839
2026-05-19 20:15:16,esterno,2332,15412,3880,-36,-650,282,638406
2026-05-19 20:15:16,lombar,16684,-848,-1300,-156,-312,232,1295861
2026-05-19 20:15:16,esterno,2200,15284,3652,-94,-439,161,638428
2026-05-19 20:15:16,lombar,16560,-572,-1196,-338,-383,305,1295883
2026-05-19 20:15:16,esterno,2108,15108,3996,-59,-372,112,638450
2026-05-19 20:15:16,lombar,16596,-548,-1364,-442,-350,332,1295905
2026-05-19 20:15:16,esterno,2204,15168,3948,-124,-418,144,638472
2026-05-19 20:15:16,lombar,16668,-748,-1360,-304,-349,374,1295927
2026-05-19 20:15:16,esterno,2112,15268,3732,-127,-277,247,638494
2026-05-19 20:15:16,lombar,16520,-968,-1224,-124,-358,276,1295949
2026-05-19 20:15:16,esterno,2512,15168,3676,-76,-102,245,638516
2026-05-19 20:15:17,lombar,16516,-780,-1516,-68,-390,272,1295971
2026-05-19 20:15:17,esterno,2508,15556,3904,-10,-134,271,638538
2026-05-19 20:15:17,lombar,16584,-672,-1512,-41,-353,301,1295993
2026-05-19 20:15:17,esterno,2332,15576,3904,-141,-68,246,638560
2026-05-19 20:15:17,lombar,16604,-696,-1580,-56,-401,325,1296015
2026-05-19 20:15:17,esterno,1944,15320,3608,-193,176,312,638582
2026-05-19 20:15:17,lombar,16600,-780,-1524,0,-480,261,1296037
2026-05-19 20:15:17,esterno,2344,15332,3844,-245,-196,274,638604
2026-05-19 20:15:17,lombar,16644,-852,-1592,122,-542,197,1296059
2026-05-19 20:15:17,esterno,2384,15520,4056,-556,71,389,638626
2026-05-19 20:15:17,lombar,16560,-756,-1544,246,-598,294,1296081
2026-05-19 20:15:17,esterno,2340,15276,3692,-668,-49,395,638648
2026-05-19 20:15:17,lombar,16480,-592,-1456,165,-607,249,1296103
2026-05-19 20:15:17,esterno,2344,15288,3812,-588,11,335,638670
2026-05-19 20:15:17,lombar,16504,-728,-1664,248,-623,219,1296125
2026-05-19 20:15:17,esterno,2384,15268,3956,-665,45,450,638692
2026-05-19 20:15:17,lombar,16608,-808,-1428,322,-703,212,1296147
2026-05-19 20:15:17,esterno,2368,15212,3900,-675,47,538,638714
2026-05-19 20:15:17,lombar,16620,-652,-1536,312,-724,260,1296169
2026-05-19 20:15:17,esterno,2272,15176,4012,-572,21,482,638736
2026-05-19 20:15:17,lombar,16564,-808,-1440,261,-706,265,1296191
2026-05-19 20:15:17,esterno,2216,15200,3932,-522,88,336,638758
2026-05-19 20:15:17,lombar,16620,-628,-1464,266,-700,246,1296213
2026-05-19 20:15:17,esterno,2404,15148,3920,-557,21,283,638780
2026-05-19 20:15:17,lombar,16584,-800,-1556,281,-722,225,1296235
2026-05-19 20:15:17,esterno,2296,15344,4420,-639,-242,274,638802
2026-05-19 20:15:17,lombar,16644,-700,-1552,112,-635,229,1296257
2026-05-19 20:15:17,esterno,2332,15136,4340,-466,-174,166,638824
2026-05-19 20:15:17,lombar,16660,-824,-1416,24,-677,164,1296279
2026-05-19 20:15:17,esterno,2876,15052,3780,-463,293,29,638846
2026-05-19 20:15:17,lombar,16680,-696,-1608,-19,-755,234,1296301
2026-05-19 20:15:17,esterno,2664,15268,4088,-665,-76,51,638868
2026-05-19 20:15:17,lombar,16692,-560,-1824,-62,-727,270,1296323
2026-05-19 20:15:17,esterno,2904,15092,3436,-657,185,245,638890
2026-05-19 20:15:17,lombar,16652,-740,-1708,-44,-597,360,1296345
2026-05-19 20:15:17,esterno,2552,14952,3872,-549,474,106,638912
2026-05-19 20:15:17,lombar,16620,-716,-1768,117,-469,421,1296367
2026-05-19 20:15:17,esterno,2592,15124,4356,-442,255,146,638934
2026-05-19 20:15:17,lombar,16812,-604,-1720,80,-410,481,1296389
2026-05-19 20:15:17,esterno,3008,15236,3648,-480,602,11,638956
2026-05-19 20:15:17,lombar,16628,-584,-1676,-13,-359,467,1296411
2026-05-19 20:15:17,esterno,2976,15408,3820,-517,623,224,638978
2026-05-19 20:15:17,lombar,16668,-636,-1524,-169,-404,430,1296433
2026-05-19 20:15:17,esterno,2292,15180,4644,-403,463,378,639000
2026-05-19 20:15:17,lombar,16616,-568,-1484,-106,-525,355,1296455
2026-05-19 20:15:17,esterno,2352,14848,4272,-286,657,321,639022
2026-05-19 20:15:17,lombar,16656,-708,-1700,48,-581,379,1296477
2026-05-19 20:15:17,esterno,2320,14912,4020,-213,717,143,639044
2026-05-19 20:15:17,lombar,16552,-720,-2008,190,-496,359,1296499
2026-05-19 20:15:17,esterno,2012,15272,4792,-213,549,122,639066
2026-05-19 20:15:17,lombar,16556,-576,-1664,175,-382,333,1296521
2026-05-19 20:15:17,esterno,2780,15248,4500,-288,755,109,639088
2026-05-19 20:15:17,lombar,16588,-568,-1744,139,-387,323,1296543
2026-05-19 20:15:17,esterno,2628,15032,4380,-307,965,138,639110
2026-05-19 20:15:17,lombar,16664,-672,-1956,80,-372,370,1296565
2026-05-19 20:15:17,esterno,2732,14960,4500,-216,497,105,639132
2026-05-19 20:15:17,lombar,16476,-760,-1904,124,-357,338,1296587
2026-05-19 20:15:17,esterno,2728,15148,4308,-124,675,150,639154
2026-05-19 20:15:17,lombar,16592,-688,-1736,180,-313,328,1296609
2026-05-19 20:15:17,esterno,2808,15140,4408,-169,702,191,639176
2026-05-19 20:15:17,lombar,16524,-432,-1684,180,-287,369,1296631
2026-05-19 20:15:17,esterno,2700,15064,4196,-97,681,384,639198
2026-05-19 20:15:17,lombar,16500,-684,-1716,166,-366,356,1296653
2026-05-19 20:15:17,esterno,2304,15288,4396,-1,656,532,639220
2026-05-19 20:15:17,lombar,16612,-616,-1820,331,-364,308,1296675
2026-05-19 20:15:17,esterno,1772,15280,4468,-133,176,471,639242
2026-05-19 20:15:17,lombar,16748,-704,-2048,415,-260,252,1296697
2026-05-19 20:15:17,esterno,1588,15204,4392,-280,-184,244,639264
2026-05-19 20:15:17,lombar,16604,-728,-1564,353,-240,306,1296719
2026-05-19 20:15:17,esterno,1964,15332,4352,-339,-523,-129,639286
2026-05-19 20:15:17,lombar,16528,-380,-1544,182,-346,295,1296741
2026-05-19 20:15:17,esterno,2168,14956,4452,-619,-944,-157,639308
2026-05-19 20:15:17,lombar,16396,-428,-1532,-106,-432,225,1296763
2026-05-19 20:15:17,esterno,2380,14584,4352,-644,-1116,-170,639330
2026-05-19 20:15:17,lombar,16532,-412,-1588,-375,-438,316,1296785
2026-05-19 20:15:17,esterno,2932,15024,4248,-686,-1214,-390,639352
2026-05-19 20:15:17,lombar,16496,-348,-1692,-612,-358,432,1296807
2026-05-19 20:15:17,esterno,4060,15440,3976,-454,-1029,-147,639374
2026-05-19 20:15:17,lombar,16792,-192,-2004,-790,-236,486,1296829
2026-05-19 20:15:17,esterno,3396,15288,4636,-394,-723,11,639396
2026-05-19 20:15:17,lombar,16856,-484,-2060,-725,-27,674,1296851
2026-05-19 20:15:17,esterno,2860,15292,4472,-355,-920,57,639418
2026-05-19 20:15:17,lombar,16688,-828,-1968,-650,89,620,1296873
2026-05-19 20:15:17,esterno,2492,14884,4384,-289,-937,50,639440
2026-05-19 20:15:17,lombar,16540,-912,-2064,-527,251,427,1296895
2026-05-19 20:15:17,esterno,2556,14844,4348,-459,-541,9,639462
2026-05-19 20:15:17,lombar,16496,-804,-1996,-212,369,418,1296917
2026-05-19 20:15:17,esterno,2392,15104,4424,-449,-585,-38,639484
2026-05-19 20:15:17,lombar,16684,-896,-1772,-125,342,326,1296939
2026-05-19 20:15:17,esterno,2372,15140,4212,-516,-504,-86,639506
2026-05-19 20:15:18,esterno,2424,14916,4344,-620,-474,-163,639528
2026-05-19 20:15:18,lombar,16748,-652,-1520,-96,185,323,1296961
2026-05-19 20:15:18,lombar,16484,-568,-1700,-133,117,341,1296983
2026-05-19 20:15:18,esterno,2444,15012,4580,-588,-529,-179,639550
2026-05-19 20:15:18,lombar,16500,-756,-1532,13,64,271,1297005
2026-05-19 20:15:18,esterno,2544,15228,4396,-611,-574,-85,639572
2026-05-19 20:15:18,lombar,16580,-864,-1532,110,101,277,1297027
2026-05-19 20:15:18,esterno,2428,15060,4440,-543,-651,-95,639594
2026-05-19 20:15:18,lombar,16628,-684,-1420,104,63,329,1297049
2026-05-19 20:15:18,esterno,2520,15192,4304,-468,-703,-112,639616
2026-05-19 20:15:18,lombar,16660,-656,-1552,9,42,341,1297071
2026-05-19 20:15:18,esterno,2860,14996,4460,-502,-712,-170,639638
2026-05-19 20:15:18,lombar,16588,-580,-1432,-40,59,451,1297093
2026-05-19 20:15:18,esterno,2800,14900,4324,-430,-661,-201,639660
2026-05-19 20:15:18,lombar,16600,-640,-1464,-68,-24,451,1297115
2026-05-19 20:15:18,esterno,2760,15168,4652,-251,-829,-174,639682
2026-05-19 20:15:18,lombar,16644,-804,-1664,-30,-65,508,1297137
2026-05-19 20:15:18,esterno,2984,15156,4560,-338,-576,-58,639704
2026-05-19 20:15:18,lombar,16724,-812,-1640,-25,-84,543,1297159
2026-05-19 20:15:18,esterno,3100,15008,4504,-406,-597,-156,639726
2026-05-19 20:15:18,lombar,16612,-652,-1620,-188,-43,435,1297181
2026-05-19 20:15:18,esterno,3096,15112,4304,-400,-487,-143,639748
2026-05-19 20:15:18,lombar,16664,-684,-1536,-222,-64,443,1297203
2026-05-19 20:15:18,esterno,2920,14956,4568,-279,-352,-127,639770
2026-05-19 20:15:18,lombar,16568,-848,-1528,-73,-66,420,1297225
2026-05-19 20:15:18,esterno,2844,15072,4408,-315,-290,-15,639792
2026-05-19 20:15:18,lombar,16560,-716,-1440,71,-44,492,1297247
2026-05-19 20:15:18,esterno,2800,14992,4404,-335,-125,-41,639814
2026-05-19 20:15:18,lombar,16620,-824,-1196,132,-134,489,1297269
2026-05-19 20:15:18,esterno,2780,15076,4484,-341,-50,-120,639836
2026-05-19 20:15:18,lombar,16664,-768,-1552,170,-200,351,1297291
2026-05-19 20:15:18,esterno,2576,14956,4516,-350,-67,-193,639858
2026-05-19 20:15:18,lombar,16552,-756,-1568,185,-261,359,1297313
2026-05-19 20:15:18,esterno,2772,15124,4376,-286,-109,-215,639880
2026-05-19 20:15:18,lombar,16592,-764,-1536,118,-243,381,1297335
2026-05-19 20:15:18,esterno,2780,14980,4492,-328,-170,-199,639902
2026-05-19 20:15:18,lombar,16588,-716,-1424,127,-240,289,1297357
2026-05-19 20:15:18,esterno,2652,14996,4308,-51,-139,-237,639924
2026-05-19 20:15:18,lombar,16680,-732,-1416,159,-281,294,1297379
2026-05-19 20:15:18,esterno,2736,14816,4632,-76,-98,-362,639946
2026-05-19 20:15:18,lombar,16636,-544,-1332,175,-318,320,1297401
2026-05-19 20:15:18,esterno,2968,15052,4476,-325,-355,-280,639968
2026-05-19 20:15:18,lombar,16636,-648,-1504,156,-261,324,1297423
2026-05-19 20:15:18,esterno,2776,15016,4392,-267,-248,-168,639990
2026-05-19 20:15:18,lombar,16616,-496,-1460,165,-293,401,1297445
2026-05-19 20:15:18,esterno,2572,14952,4500,-179,32,-131,640012
2026-05-19 20:15:18,lombar,16564,-684,-1468,207,-254,409,1297467
2026-05-19 20:15:18,esterno,2904,15016,4316,-32,56,-216,640034
2026-05-19 20:15:18,lombar,16696,-596,-1440,194,-201,369,1297489
2026-05-19 20:15:18,esterno,2876,15188,4228,-75,52,-114,640056
2026-05-19 20:15:18,lombar,16732,-520,-1612,69,-186,403,1297511
2026-05-19 20:15:18,esterno,2400,15248,4044,2919,-403,-1060,640078
2026-05-19 20:15:18,lombar,16660,-652,-1488,-97,-256,382,1297533
2026-05-19 20:15:18,esterno,2868,15156,4792,1756,-80,-617,640100
2026-05-19 20:15:18,lombar,16612,-760,-1552,-2,-301,374,1297555
2026-05-19 20:15:18,esterno,2652,15056,4320,125,7,103,640122
2026-05-19 20:15:18,lombar,16552,-900,-1292,165,-335,299,1297577
2026-05-19 20:15:18,esterno,2696,15052,4292,207,145,344,640144
2026-05-19 20:15:18,lombar,16636,-724,-1356,209,-343,344,1297599
2026-05-19 20:15:18,esterno,2324,15124,4188,-553,185,150,640166
2026-05-19 20:15:18,lombar,16736,-636,-1312,102,-324,322,1297621
2026-05-19 20:15:18,esterno,2404,15164,4220,-366,46,66,640188
2026-05-19 20:15:18,lombar,16648,-708,-1336,34,-337,309,1297643
2026-05-19 20:15:18,esterno,2776,15048,4128,-124,23,-22,640210
2026-05-19 20:15:18,lombar,16636,-792,-1528,40,-309,313,1297665
2026-05-19 20:15:18,esterno,3044,15212,4240,-250,-122,144,640232
2026-05-19 20:15:18,lombar,16628,-832,-1464,135,-271,329,1297687
2026-05-19 20:15:18,esterno,2728,15032,4380,-585,59,164,640254
2026-05-19 20:15:18,lombar,16596,-836,-1300,138,-274,290,1297709
2026-05-19 20:15:18,esterno,2800,15048,4296,-844,-13,161,640276
2026-05-19 20:15:18,lombar,16596,-640,-1364,46,-292,331,1297731
2026-05-19 20:15:18,esterno,2620,15088,4520,-837,26,132,640298
2026-05-19 20:15:18,lombar,16580,-724,-1460,120,-268,359,1297753
2026-05-19 20:15:18,esterno,2908,15100,4016,-678,78,75,640320
2026-05-19 20:15:18,lombar,16600,-736,-1464,228,-246,422,1297775
2026-05-19 20:15:18,esterno,2760,15048,4340,-402,-13,51,640342
2026-05-19 20:15:18,lombar,16592,-704,-1344,224,-248,410,1297797
2026-05-19 20:15:18,esterno,2620,15080,4536,-743,-7,123,640364
2026-05-19 20:15:18,lombar,16580,-712,-1444,163,-255,469,1297819
2026-05-19 20:15:18,esterno,2544,15064,4340,-838,3,68,640386
2026-05-19 20:15:18,lombar,16632,-676,-1208,105,-273,443,1297841
2026-05-19 20:15:18,esterno,2744,15196,4740,-1084,20,118,640408
2026-05-19 20:15:18,lombar,16480,-832,-1432,98,-314,384,1297863
2026-05-19 20:15:18,esterno,2624,14824,4504,-1586,-46,214,640430
2026-05-19 20:15:18,lombar,16540,-688,-1452,45,-292,385,1297885
2026-05-19 20:15:18,esterno,2620,15048,4332,-77,-116,-216,640452
2026-05-19 20:15:18,lombar,16612,-716,-1432,-12,-280,422,1297907
2026-05-19 20:15:18,esterno,2744,14948,4324,-25,-3,-274,640474
2026-05-19 20:15:18,lombar,16712,-668,-1368,-60,-338,378,1297929
2026-05-19 20:15:18,esterno,2888,15028,4768,-208,-202,-354,640496
2026-05-19 20:15:18,lombar,16612,-612,-1480,-84,-311,324,1297951
2026-05-19 20:15:18,esterno,2924,14924,4328,-166,-310,-146,640518
2026-05-19 20:15:19,lombar,16464,-668,-1448,-81,-261,399,1297973
2026-05-19 20:15:19,esterno,2716,14956,4396,-134,-53,-89,640540
2026-05-19 20:15:19,lombar,16604,-688,-1528,-53,-158,441,1297995
2026-05-19 20:15:19,esterno,2548,15116,4448,-10,141,-135,640562
2026-05-19 20:15:19,lombar,16620,-836,-1556,-2,-149,457,1298017
2026-05-19 20:15:19,esterno,2760,15080,4560,89,62,-299,640584
2026-05-19 20:15:19,lombar,16664,-936,-1280,-7,-125,409,1298039
2026-05-19 20:15:19,esterno,2752,15076,4460,-46,104,-254,640606
2026-05-19 20:15:19,lombar,16572,-708,-1292,-96,-140,379,1298061
2026-05-19 20:15:19,esterno,2764,14952,4376,-41,91,-183,640628
2026-05-19 20:15:19,lombar,16580,-544,-1292,-186,-202,390,1298083
2026-05-19 20:15:19,esterno,2800,15156,4596,-10,116,-40,640650
2026-05-19 20:15:19,lombar,16680,-744,-1468,-126,-153,481,1298105
2026-05-19 20:15:19,esterno,2720,15036,4460,-98,99,18,640672
2026-05-19 20:15:19,lombar,16724,-868,-1364,-14,-202,452,1298127
2026-05-19 20:15:19,esterno,2592,14992,4544,-51,113,-124,640694
2026-05-19 20:15:19,lombar,16652,-836,-1420,21,-248,478,1298149
2026-05-19 20:15:19,esterno,2544,15096,4736,-155,135,-147,640716
2026-05-19 20:15:19,lombar,16596,-804,-1304,-3,-230,300,1298171
2026-05-19 20:15:19,esterno,2604,15024,4504,-184,30,-97,640738
2026-05-19 20:15:19,lombar,16600,-836,-1508,35,-247,306,1298193
2026-05-19 20:15:19,esterno,2556,14920,4548,-114,-87,-56,640760
2026-05-19 20:15:19,lombar,16560,-792,-1396,23,-149,283,1298215
2026-05-19 20:15:19,esterno,2828,15052,4564,-21,-100,-116,640782
2026-05-19 20:15:19,esterno,2844,15088,4500,-109,-72,-26,640804
2026-05-19 20:15:19,lombar,16656,-880,-1296,67,-130,311,1298237
2026-05-19 20:15:19,lombar,16716,-716,-1588,-21,-78,280,1298259
2026-05-19 20:15:19,esterno,2628,15056,4568,-25,-216,-30,640826
2026-05-19 20:15:19,lombar,16680,-816,-1272,-141,-64,348,1298281
2026-05-19 20:15:19,esterno,2912,14988,4212,113,-181,0,640848
2026-05-19 20:15:19,lombar,16704,-880,-1476,-126,-57,284,1298303
2026-05-19 20:15:19,esterno,2660,15040,4484,50,-219,-39,640870
2026-05-19 20:15:19,lombar,16472,-892,-1364,-20,-125,298,1298325
2026-05-19 20:15:19,esterno,2648,14984,4488,-16,-263,-109,640892
2026-05-19 20:15:19,lombar,16496,-700,-1228,-26,-128,335,1298347
2026-05-19 20:15:19,esterno,2760,15216,4372,-66,-141,-163,640914
2026-05-19 20:15:19,lombar,16676,-748,-1364,-30,-94,395,1298369
2026-05-19 20:15:19,esterno,2760,15208,4320,-94,-46,-82,640936
2026-05-19 20:15:19,lombar,16608,-856,-1408,9,-84,402,1298391
2026-05-19 20:15:19,esterno,2736,15064,4516,-7,-142,-92,640958
2026-05-19 20:15:19,lombar,16740,-872,-1304,41,-62,408,1298413
2026-05-19 20:15:19,esterno,2648,15116,4460,-56,-231,-118,640980
2026-05-19 20:15:19,lombar,16472,-948,-1216,-31,-76,309,1298435
2026-05-19 20:15:19,esterno,2520,15104,4512,34,-104,-179,641002
2026-05-19 20:15:19,lombar,16504,-1036,-1380,57,-419,302,1298457
2026-05-19 20:15:19,esterno,2532,14936,4328,256,77,-362,641024
2026-05-19 20:15:19,lombar,16652,-764,-1452,187,-402,239,1298479
2026-05-19 20:15:19,esterno,2624,15028,4720,19,-283,-408,641046
2026-05-19 20:15:19,lombar,16660,-624,-1536,111,-444,373,1298501
2026-05-19 20:15:19,esterno,2436,14980,4320,-101,-344,-207,641068
2026-05-19 20:15:19,lombar,16544,-612,-1248,-11,-339,400,1298523
2026-05-19 20:15:19,esterno,2280,14916,4528,-93,-126,-330,641090
2026-05-19 20:15:19,lombar,16680,-732,-1520,35,-368,474,1298545
2026-05-19 20:15:19,esterno,2812,15032,4380,-155,-71,-445,641112
2026-05-19 20:15:19,lombar,16668,-732,-1368,-28,-394,432,1298567
2026-05-19 20:15:19,esterno,2840,15140,4352,-128,-134,-394,641134
2026-05-19 20:15:19,lombar,16648,-768,-1348,-89,-366,436,1298589
2026-05-19 20:15:19,esterno,2544,15160,4360,-365,-167,-272,641156
2026-05-19 20:15:19,lombar,16508,-612,-1260,-203,-487,484,1298611
2026-05-19 20:15:19,esterno,2620,15200,4512,-456,-151,-260,641178
2026-05-19 20:15:19,lombar,16516,-612,-1388,-325,-521,493,1298633
2026-05-19 20:15:19,esterno,2780,15116,4272,-387,-81,-281,641200
2026-05-19 20:15:19,lombar,16588,-792,-1372,-277,-508,502,1298655
2026-05-19 20:15:19,esterno,2656,14936,4256,-300,34,-197,641222
2026-05-19 20:15:19,lombar,16624,-808,-1516,-166,-510,430,1298677
2026-05-19 20:15:19,esterno,2644,14996,4424,-305,3,-40,641244
2026-05-19 20:15:19,lombar,16716,-772,-1448,-88,-374,451,1298699
2026-05-19 20:15:19,esterno,2500,15244,4684,-500,-4,61,641266
2026-05-19 20:15:19,lombar,16624,-884,-1432,-107,-358,486,1298721
2026-05-19 20:15:19,esterno,2400,15068,4348,-477,129,32,641288
2026-05-19 20:15:19,lombar,16636,-912,-1428,-34,-379,446,1298743
2026-05-19 20:15:19,esterno,2772,15016,4552,-339,-84,-74,641310
2026-05-19 20:15:19,esterno,2796,15016,4400,-230,100,32,641332
2026-05-19 20:15:19,lombar,16680,-840,-1548,4,-350,372,1298765
2026-05-19 20:15:19,lombar,16680,-852,-1404,101,-260,396,1298787
2026-05-19 20:15:19,esterno,2720,14916,4524,-260,-3,145,641354
2026-05-19 20:15:19,lombar,16680,-840,-1340,26,-170,380,1298809
2026-05-19 20:15:19,esterno,2528,15064,4448,-177,-43,101,641376
2026-05-19 20:15:19,lombar,16612,-932,-1432,0,-210,309,1298831
2026-05-19 20:15:19,esterno,2492,15052,4592,-184,23,48,641398
2026-05-19 20:15:19,lombar,16592,-876,-1468,142,-214,319,1298853
2026-05-19 20:15:19,esterno,2516,15012,4380,-230,-27,69,641420
2026-05-19 20:15:19,lombar,16724,-880,-1312,203,-194,319,1298875
2026-05-19 20:15:19,esterno,2464,15044,4448,-271,-31,185,641442
2026-05-19 20:15:19,lombar,16572,-716,-1416,99,-206,293,1298897
2026-05-19 20:15:19,esterno,2440,15052,4372,-206,-36,142,641464
2026-05-19 20:15:19,lombar,16564,-672,-1488,-2,-226,345,1298919
2026-05-19 20:15:19,esterno,2584,15032,4576,-148,-53,-7,641486
2026-05-19 20:15:19,lombar,16564,-848,-1188,-26,-246,355,1298941
2026-05-19 20:15:19,esterno,2544,15052,4572,-206,-78,-78,641508
2026-05-19 20:15:20,lombar,16636,-880,-1300,-82,-228,306,1298963
2026-05-19 20:15:20,esterno,2496,15000,4308,-201,-93,-17,641530
2026-05-19 20:15:20,lombar,16628,-896,-1408,-128,-229,379,1298985
2026-05-19 20:15:20,esterno,2784,15012,4276,-20,-71,-37,641552
2026-05-19 20:15:20,lombar,16604,-848,-1244,-101,-240,295,1299007
2026-05-19 20:15:20,esterno,2588,14852,4752,-112,-66,-213,641574
2026-05-19 20:15:20,lombar,16640,-888,-1460,-116,-283,320,1299029
2026-05-19 20:15:20,esterno,2764,15068,4328,-244,-309,-132,641596
2026-05-19 20:15:20,lombar,16660,-868,-1280,-103,-237,412,1299051
2026-05-19 20:15:20,esterno,2452,14948,4400,-126,-167,-143,641618
2026-05-19 20:15:20,esterno,2572,14984,4432,-57,99,-126,641640
2026-05-19 20:15:20,lombar,16640,-932,-1464,-25,-222,469,1299073
2026-05-19 20:15:20,lombar,16664,-812,-1348,-9,-204,445,1299095
2026-05-19 20:15:20,esterno,2752,15060,4440,0,-13,-187,641662
2026-05-19 20:15:20,lombar,16616,-940,-1340,12,-144,398,1299117
2026-05-19 20:15:20,esterno,2744,15156,4424,-46,56,-216,641684
2026-05-19 20:15:20,lombar,16564,-968,-1388,9,-149,424,1299139
2026-05-19 20:15:20,esterno,2600,15096,4596,-140,75,-205,641706
2026-05-19 20:15:20,lombar,16716,-768,-1488,-94,-224,383,1299161
2026-05-19 20:15:20,esterno,2548,15120,4452,-175,138,-200,641728
2026-05-19 20:15:20,lombar,16516,-760,-1424,-57,-243,395,1299183
2026-05-19 20:15:20,esterno,2648,15084,4228,-193,125,-153,641750
2026-05-19 20:15:20,lombar,16568,-888,-1204,109,-320,452,1299205
2026-05-19 20:15:20,esterno,2660,14972,4492,-257,211,-130,641772
2026-05-19 20:15:20,lombar,16608,-856,-1436,79,-357,415,1299227
2026-05-19 20:15:20,esterno,2692,15180,4212,-335,306,-174,641794
2026-05-19 20:15:20,lombar,16656,-876,-1396,-15,-316,401,1299249
2026-05-19 20:15:20,esterno,2668,15060,4552,-374,112,-190,641816
2026-05-19 20:15:20,lombar,16608,-848,-1416,-54,-361,448,1299271
2026-05-19 20:15:20,esterno,2332,15016,4520,-441,166,-136,641838
2026-05-19 20:15:20,lombar,16580,-828,-1464,-56,-370,359,1299293
2026-05-19 20:15:20,esterno,2776,15056,4544,-306,59,-82,641860
2026-05-19 20:15:20,lombar,16640,-940,-1364,12,-336,387,1299315
2026-05-19 20:15:20,esterno,2660,15176,4476,-284,203,-35,641882
2026-05-19 20:15:20,lombar,16704,-804,-1388,-21,-329,392,1299337
2026-05-19 20:15:20,esterno,2500,14952,4684,-244,90,-89,641904
2026-05-19 20:15:20,lombar,16632,-880,-1448,-142,-263,350,1299359
2026-05-19 20:15:20,esterno,2444,15060,4452,-191,117,-54,641926
2026-05-19 20:15:20,lombar,16720,-840,-1392,-54,-292,335,1299381
2026-05-19 20:15:20,esterno,2504,14996,4540,-242,144,36,641948
2026-05-19 20:15:20,lombar,16660,-900,-1428,96,-320,331,1299403
2026-05-19 20:15:20,esterno,2500,15100,4700,-220,154,68,641970
2026-05-19 20:15:20,lombar,16584,-692,-1288,128,-316,272,1299425
2026-05-19 20:15:20,esterno,2592,15084,4548,-208,180,-5,641992
2026-05-19 20:15:20,lombar,16492,-904,-1476,80,-287,306,1299447
2026-05-19 20:15:20,esterno,2540,15040,4512,-216,259,-7,642014
2026-05-19 20:15:20,lombar,16660,-788,-1256,93,-266,342,1299469
2026-05-19 20:15:20,esterno,2612,15052,4640,-161,167,28,642036
2026-05-19 20:15:20,lombar,16648,-852,-1468,77,-245,363,1299491
2026-05-19 20:15:20,esterno,2508,14956,4468,-145,53,78,642058
2026-05-19 20:15:20,lombar,16564,-832,-1472,49,-250,309,1299513
2026-05-19 20:15:20,esterno,2476,15144,4512,7,68,69,642080
2026-05-19 20:15:20,lombar,16500,-896,-1352,80,-246,325,1299535
2026-05-19 20:15:20,esterno,2356,14800,4448,5,342,-111,642102
2026-05-19 20:15:20,lombar,16696,-964,-1412,48,-259,290,1299557
2026-05-19 20:15:20,esterno,2960,15076,4788,-93,-153,-93,642124
2026-05-19 20:15:20,lombar,16652,-800,-1304,15,-279,283,1299579
2026-05-19 20:15:20,esterno,2280,14984,4448,-124,-109,24,642146
2026-05-19 20:15:20,lombar,16644,-856,-1388,51,-309,299,1299601
2026-05-19 20:15:20,esterno,2388,15024,4508,-24,137,28,642168
2026-05-19 20:15:20,lombar,16632,-840,-1448,120,-273,354,1299623
2026-05-19 20:15:20,esterno,2496,15056,4516,-76,126,-67,642190
2026-05-19 20:15:20,lombar,16664,-952,-1508,107,-227,334,1299645
2026-05-19 20:15:20,esterno,2508,15056,4452,-119,195,-187,642212
2026-05-19 20:15:20,lombar,16596,-856,-1452,39,-235,357,1299667
2026-05-19 20:15:20,esterno,2480,14896,4660,-191,176,-92,642234
2026-05-19 20:15:20,lombar,16588,-772,-1444,-113,-299,383,1299689
2026-05-19 20:15:20,esterno,2472,15120,4628,-162,174,-46,642256
2026-05-19 20:15:20,lombar,16616,-872,-1396,-132,-305,345,1299711
2026-05-19 20:15:20,esterno,2364,15004,4560,-209,116,-49,642278
2026-05-19 20:15:20,lombar,16684,-952,-1456,-18,-314,361,1299733
2026-05-19 20:15:20,esterno,2560,15144,4584,-210,113,-97,642300
2026-05-19 20:15:20,lombar,16612,-924,-1624,-10,-304,397,1299755
2026-05-19 20:15:20,esterno,2620,15120,4576,-227,133,-91,642322
2026-05-19 20:15:20,lombar,16776,-792,-1492,-24,-280,378,1299777
2026-05-19 20:15:20,esterno,2592,15128,4700,-329,122,-89,642344
2026-05-19 20:15:20,lombar,16648,-1000,-1548,-39,-278,365,1299799
2026-05-19 20:15:20,esterno,2388,14976,4304,-285,240,-58,642366
2026-05-19 20:15:20,lombar,16528,-904,-1480,58,-293,392,1299821
2026-05-19 20:15:20,esterno,2556,15020,4612,-248,-44,-64,642388
2026-05-19 20:15:20,lombar,16648,-940,-1464,128,-279,379,1299843
2026-05-19 20:15:20,esterno,2532,15172,4624,-194,176,-49,642410
2026-05-19 20:15:20,lombar,16580,-920,-1432,130,-264,398,1299865
2026-05-19 20:15:20,esterno,2524,15008,4620,-237,-3,-129,642432
2026-05-19 20:15:20,lombar,16640,-808,-1288,-8,-291,387,1299887
2026-05-19 20:15:20,esterno,2572,15008,4560,-155,-34,-128,642454
2026-05-19 20:15:20,lombar,16604,-888,-1320,-28,-271,350,1299909
2026-05-19 20:15:20,esterno,2568,15068,4580,-176,-12,-88,642476
2026-05-19 20:15:20,lombar,16620,-964,-1584,67,-268,370,1299931
2026-05-19 20:15:20,esterno,2660,15000,4496,-220,-5,-76,642498
2026-05-19 20:15:20,lombar,16632,-876,-1312,152,-296,386,1299953
2026-05-19 20:15:20,esterno,2520,15148,4416,-216,42,-39,642520
2026-05-19 20:15:21,lombar,16720,-800,-1248,87,-275,330,1299975
2026-05-19 20:15:21,esterno,2516,14952,4544,-237,53,-64,642542
2026-05-19 20:15:21,lombar,16736,-920,-1460,72,-295,362,1299997
2026-05-19 20:15:21,esterno,2480,15108,4636,-147,57,-53,642564
2026-05-19 20:15:21,lombar,16568,-844,-1448,72,-330,292,1300019
2026-05-19 20:15:21,esterno,2444,15088,4744,-171,22,-39,642586
2026-05-19 20:15:21,lombar,16652,-812,-1252,34,-299,393,1300041
2026-05-19 20:15:21,esterno,2488,15028,4624,-126,27,-29,642608
2026-05-19 20:15:21,lombar,16696,-924,-1332,8,-309,349,1300063
2026-05-19 20:15:21,esterno,2392,14952,4572,-24,339,-84,642630
2026-05-19 20:15:21,lombar,16644,-860,-1476,35,-362,384,1300085
2026-05-19 20:15:21,esterno,2596,15080,4824,-191,-51,-76,642652
2026-05-19 20:15:21,lombar,16576,-884,-1624,-2,-359,361,1300107
2026-05-19 20:15:21,esterno,2432,15068,4508,-223,-101,130,642674
2026-05-19 20:15:21,lombar,16532,-948,-1564,42,-356,371,1300129
2026-05-19 20:15:21,esterno,2400,14928,4524,-176,124,38,642696
2026-05-19 20:15:21,lombar,16672,-936,-1524,170,-311,369,1300151
2026-05-19 20:15:21,esterno,2604,15088,4512,-86,157,-29,642718
2026-05-19 20:15:21,lombar,16664,-912,-1392,153,-301,328,1300173
2026-05-19 20:15:21,esterno,2628,14988,4560,-111,134,-75,642740
2026-05-19 20:15:21,lombar,16540,-992,-1328,130,-290,340,1300195
2026-05-19 20:15:21,esterno,2408,15080,4532,-227,226,6,642762
2026-05-19 20:15:21,lombar,16512,-864,-1276,13,-366,337,1300217
2026-05-19 20:15:21,esterno,2556,14996,4688,-236,245,75,642784
2026-05-19 20:15:21,lombar,16592,-924,-1408,-21,-388,267,1300239
2026-05-19 20:15:21,esterno,2476,15088,4536,-271,236,53,642806
2026-05-19 20:15:21,lombar,16620,-836,-1400,147,-430,329,1300261
2026-05-19 20:15:21,esterno,2452,15024,4588,-270,209,-2,642828
2026-05-19 20:15:21,lombar,16536,-1056,-1416,201,-437,394,1300283
2026-05-19 20:15:21,esterno,2424,15080,4484,-307,226,42,642850
2026-05-19 20:15:21,lombar,16616,-856,-1372,67,-428,376,1300305
2026-05-19 20:15:21,esterno,2532,14992,4836,-416,237,82,642872
2026-05-19 20:15:21,lombar,16680,-996,-1408,29,-455,352,1300327
2026-05-19 20:15:21,esterno,2344,14960,4508,-397,267,50,642894
2026-05-19 20:15:21,lombar,16680,-944,-1480,44,-475,370,1300349
2026-05-19 20:15:21,esterno,2592,14920,4624,-385,81,11,642916
2026-05-19 20:15:21,lombar,16688,-980,-1340,98,-484,278,1300371
2026-05-19 20:15:21,esterno,2628,15100,4696,-315,261,-6,642938
2026-05-19 20:15:21,lombar,16660,-940,-1448,152,-406,339,1300393
2026-05-19 20:15:21,esterno,2552,14948,4728,-371,121,30,642960
2026-05-19 20:15:21,lombar,16548,-860,-1348,42,-377,335,1300415
2026-05-19 20:15:21,esterno,2472,15008,4604,-312,71,34,642982
2026-05-19 20:15:21,lombar,16660,-868,-1400,-2,-404,382,1300437
2026-05-19 20:15:21,esterno,2596,15020,4760,-296,89,33,643004
2026-05-19 20:15:21,lombar,16680,-936,-1344,98,-413,328,1300459
2026-05-19 20:15:21,esterno,2544,14876,4556,-296,73,34,643026
2026-05-19 20:15:21,lombar,16648,-928,-1588,117,-379,361,1300481
2026-05-19 20:15:21,esterno,2408,14904,4720,-271,63,-52,643048
2026-05-19 20:15:21,lombar,16636,-808,-1556,127,-372,443,1300503
2026-05-19 20:15:21,esterno,2384,14960,4568,-262,115,-24,643070
2026-05-19 20:15:21,lombar,16628,-904,-1508,81,-386,420,1300525
2026-05-19 20:15:21,esterno,2476,14940,4784,-282,143,21,643092
2026-05-19 20:15:21,lombar,16500,-936,-1416,41,-336,331,1300547
2026-05-19 20:15:21,esterno,2464,15020,4808,-275,81,-25,643114
2026-05-19 20:15:21,lombar,16644,-968,-1508,24,-279,300,1300569
2026-05-19 20:15:21,esterno,2492,15040,4688,-241,73,-92,643136
2026-05-19 20:15:21,lombar,16584,-896,-1556,26,-312,384,1300591
2026-05-19 20:15:21,esterno,2384,14988,4336,-41,168,-96,643158
2026-05-19 20:15:21,lombar,16604,-840,-1508,38,-285,352,1300613
2026-05-19 20:15:21,esterno,2556,14956,4996,-145,35,-152,643180
2026-05-19 20:15:21,lombar,16664,-840,-1504,-43,-281,382,1300635
2026-05-19 20:15:21,esterno,2704,15048,4456,-264,-97,-25,643202
2026-05-19 20:15:21,lombar,16560,-876,-1660,-35,-263,335,1300657
2026-05-19 20:15:21,esterno,2400,14932,4564,-148,86,-58,643224
2026-05-19 20:15:21,lombar,16612,-892,-1724,136,-229,219,1300679
2026-05-19 20:15:21,esterno,2408,14988,4564,-58,204,-69,643246
2026-05-19 20:15:21,lombar,16692,-952,-1404,151,-143,291,1300701
2026-05-19 20:15:21,esterno,2616,15076,4656,-31,150,-153,643268
2026-05-19 20:15:21,lombar,16708,-1008,-1408,136,-175,319,1300723
2026-05-19 20:15:21,esterno,2324,14912,4712,-89,195,-92,643290
2026-05-19 20:15:21,lombar,16592,-828,-1528,20,-113,337,1300745
2026-05-19 20:15:21,esterno,2460,14924,4656,-137,218,-82,643312
2026-05-19 20:15:21,lombar,16564,-784,-1332,-101,-180,348,1300767
2026-05-19 20:15:21,esterno,2484,14960,4696,-76,249,-122,643334
2026-05-19 20:15:21,lombar,16536,-952,-1396,25,-202,377,1300789
2026-05-19 20:15:21,esterno,2476,14940,4740,-89,324,-154,643356
2026-05-19 20:15:21,lombar,16532,-988,-1416,143,-232,334,1300811
2026-05-19 20:15:21,esterno,2504,15044,4644,-45,257,-87,643378
2026-05-19 20:15:21,lombar,16604,-820,-1696,138,-242,368,1300833
2026-05-19 20:15:21,esterno,2424,15020,4660,-117,371,-28,643400
2026-05-19 20:15:21,lombar,16612,-960,-1508,50,-228,324,1300855
2026-05-19 20:15:21,esterno,2568,15108,4548,-167,239,-120,643422
2026-05-19 20:15:21,lombar,16468,-1020,-1384,14,-286,369,1300877
2026-05-19 20:15:21,esterno,2420,14892,4656,-160,195,-190,643444
2026-05-19 20:15:21,lombar,16672,-912,-1572,80,-288,359,1300899
2026-05-19 20:15:21,esterno,2644,15128,4628,-68,146,-125,643466
2026-05-19 20:15:21,lombar,16600,-880,-1572,168,-273,373,1300921
2026-05-19 20:15:21,esterno,2356,14928,4600,-152,169,15,643488
2026-05-19 20:15:21,lombar,16544,-756,-1372,76,-277,376,1300943
2026-05-19 20:15:21,esterno,2468,15012,4820,-107,105,-85,643510
2026-05-19 20:15:22,lombar,16596,-872,-1556,-61,-268,341,1300965
2026-05-19 20:15:22,esterno,2520,15060,4708,-63,115,-192,643532
2026-05-19 20:15:22,lombar,16708,-1080,-1716,60,-279,330,1300987
2026-05-19 20:15:22,esterno,2604,15012,4632,-139,75,-108,643554
2026-05-19 20:15:22,lombar,16600,-932,-1492,159,-253,376,1301009
2026-05-19 20:15:22,esterno,2488,14952,4528,-101,45,1,643576
2026-05-19 20:15:22,lombar,16576,-896,-1596,138,-234,385,1301031
2026-05-19 20:15:22,esterno,2436,15128,4572,-66,108,-29,643598
2026-05-19 20:15:22,lombar,16644,-828,-1496,73,-306,413,1301053
2026-05-19 20:15:22,esterno,2344,15064,4652,-90,83,-32,643620
2026-05-19 20:15:22,lombar,16612,-840,-1416,51,-295,400,1301075
2026-05-19 20:15:22,esterno,2560,15052,4740,-133,10,-97,643642
2026-05-19 20:15:22,lombar,16600,-924,-1480,76,-313,358,1301097
2026-05-19 20:15:22,esterno,2388,15052,4772,-190,-93,-56,643664
2026-05-19 20:15:22,lombar,16580,-964,-1424,35,-294,321,1301119
2026-05-19 20:15:22,esterno,2428,15044,4716,-21,-68,-8,643686
2026-05-19 20:15:22,lombar,16604,-952,-1504,-7,-269,346,1301141
2026-05-19 20:15:22,esterno,2332,14956,4680,18,261,-91,643708
2026-05-19 20:15:22,lombar,16728,-880,-1544,4,-313,341,1301163
2026-05-19 20:15:22,esterno,2776,15220,4824,-232,-272,-54,643730
2026-05-19 20:15:22,lombar,16636,-860,-1348,-5,-344,245,1301185
2026-05-19 20:15:22,esterno,2300,14968,4612,-179,-110,52,643752
2026-05-19 20:15:22,lombar,16536,-916,-1464,64,-386,305,1301207
2026-05-19 20:15:22,esterno,2464,14916,4720,-134,133,58,643774
2026-05-19 20:15:22,lombar,16580,-1016,-1576,112,-330,268,1301229
2026-05-19 20:15:22,esterno,2620,15024,4628,3,140,15,643796
2026-05-19 20:15:22,lombar,16608,-968,-1516,136,-303,340,1301251
2026-05-19 20:15:22,esterno,2448,15004,4672,-20,213,15,643818
2026-05-19 20:15:22,lombar,16640,-828,-1408,14,-273,291,1301273
2026-05-19 20:15:22,esterno,2312,14980,4688,-122,200,71,643840
2026-05-19 20:15:22,lombar,16560,-780,-1404,-82,-287,242,1301295
2026-05-19 20:15:22,esterno,2364,15096,4628,-115,214,40,643862
2026-05-19 20:15:22,lombar,16668,-896,-1484,8,-362,221,1301317
2026-05-19 20:15:22,esterno,2496,15064,4644,-143,225,58,643884
2026-05-19 20:15:22,lombar,16576,-940,-1540,126,-404,346,1301339
2026-05-19 20:15:22,esterno,2552,15056,4624,-146,270,189,643906
2026-05-19 20:15:22,lombar,16600,-876,-1388,109,-366,333,1301361
2026-05-19 20:15:22,esterno,2272,15276,4576,-179,220,292,643928
2026-05-19 20:15:22,lombar,16672,-756,-1396,78,-266,353,1301383
2026-05-19 20:15:22,esterno,2268,15136,5108,-182,35,275,643950
2026-05-19 20:15:22,lombar,16628,-864,-1472,40,-236,389,1301405
2026-05-19 20:15:22,esterno,2048,15256,4504,-179,-7,410,643972
2026-05-19 20:15:22,lombar,16600,-1056,-1472,56,-249,338,1301427
2026-05-19 20:15:22,esterno,2272,15056,4668,-141,-384,471,643994
2026-05-19 20:15:22,lombar,16532,-1172,-1340,23,-193,210,1301449
2026-05-19 20:15:22,esterno,2416,15088,4612,-42,-100,467,644016
2026-05-19 20:15:22,lombar,16696,-1056,-1480,7,-235,148,1301471
2026-05-19 20:15:22,esterno,2348,15016,4576,-219,-129,375,644038
2026-05-19 20:15:22,lombar,16636,-724,-1552,-131,-220,164,1301493
2026-05-19 20:15:22,esterno,2940,14916,4636,-113,-19,206,644060
2026-05-19 20:15:22,lombar,16592,-744,-1492,-116,-191,209,1301515
2026-05-19 20:15:22,esterno,3084,14828,4084,49,185,404,644082
2026-05-19 20:15:22,lombar,16544,-1048,-1484,77,-187,253,1301537
2026-05-19 20:15:22,esterno,2712,14744,4360,207,370,386,644104
2026-05-19 20:15:22,lombar,16640,-1080,-1476,192,-149,264,1301559
2026-05-19 20:15:22,esterno,2596,14884,5024,490,821,230,644126
2026-05-19 20:15:22,lombar,16604,-792,-1488,238,-178,227,1301581
2026-05-19 20:15:22,esterno,2592,14796,5024,629,746,11,644148
2026-05-19 20:15:22,lombar,16468,-896,-1456,321,-270,294,1301603
2026-05-19 20:15:22,esterno,2520,14924,4692,563,407,-36,644170
2026-05-19 20:15:22,lombar,16480,-864,-1484,322,-445,251,1301625
2026-05-19 20:15:22,esterno,1488,15144,5308,502,67,223,644192
2026-05-19 20:15:22,lombar,16592,-884,-1396,174,-533,297,1301647
2026-05-19 20:15:22,esterno,2040,15076,5056,456,-58,265,644214
2026-05-19 20:15:22,lombar,16620,-916,-1324,-161,-665,203,1301669
2026-05-19 20:15:22,esterno,2784,15296,4760,185,229,183,644236
2026-05-19 20:15:22,lombar,16600,-772,-1792,-425,-585,170,1301691
2026-05-19 20:15:22,esterno,3360,14952,4616,-6,-12,2,644258
2026-05-19 20:15:22,lombar,16700,-648,-1848,-458,-497,145,1301713
2026-05-19 20:15:22,esterno,3112,14788,4044,-44,-16,-164,644280
2026-05-19 20:15:22,lombar,16604,-772,-1580,-281,-321,161,1301735
2026-05-19 20:15:22,esterno,2960,14692,3856,237,557,-152,644302
2026-05-19 20:15:22,lombar,16560,-792,-1504,-23,-248,419,1301757
2026-05-19 20:15:22,esterno,2748,14776,3988,491,884,-184,644324
2026-05-19 20:15:22,lombar,16688,-744,-1508,0,-179,505,1301779
2026-05-19 20:15:22,esterno,3156,15108,4092,459,935,-484,644346
2026-05-19 20:15:22,lombar,16824,-952,-1500,-83,-3,523,1301801
2026-05-19 20:15:22,esterno,3160,15368,3980,402,1020,-414,644368
2026-05-19 20:15:22,lombar,16772,-960,-1484,-168,121,423,1301823
2026-05-19 20:15:22,esterno,3008,15172,4260,339,1232,-328,644390
2026-05-19 20:15:22,lombar,16720,-960,-1700,-198,315,308,1301845
2026-05-19 20:15:22,esterno,2852,14956,4040,458,1371,-309,644412
2026-05-19 20:15:22,lombar,16684,-976,-1564,95,294,362,1301867
2026-05-19 20:15:22,esterno,2284,15004,4520,768,1347,-393,644434
2026-05-19 20:15:22,lombar,16688,-1084,-1440,355,133,363,1301889
2026-05-19 20:15:22,esterno,2320,15276,4848,930,1246,-255,644456
2026-05-19 20:15:22,lombar,16680,-792,-1688,185,168,382,1301911
2026-05-19 20:15:22,esterno,2020,15168,4956,740,1104,-341,644478
2026-05-19 20:15:22,lombar,16732,-488,-1552,-50,107,287,1301933
2026-05-19 20:15:22,esterno,2272,15184,4776,487,904,-368,644500
2026-05-19 20:15:22,lombar,16556,-364,-1392,-674,-70,392,1301955
2026-05-19 20:15:23,esterno,2092,15068,4548,179,460,-301,644522
2026-05-19 20:15:23,lombar,16580,-868,-2488,-749,80,466,1301977
2026-05-19 20:15:23,esterno,2552,14896,3980,-81,460,-292,644544
2026-05-19 20:15:23,lombar,16676,-820,-1812,-519,610,393,1301999
2026-05-19 20:15:23,esterno,2424,14968,4416,-437,269,-239,644566
2026-05-19 20:15:23,lombar,16528,-500,-1216,-400,292,375,1302021
2026-05-19 20:15:23,esterno,2408,15384,4632,-301,-52,-46,644588
2026-05-19 20:15:23,lombar,16412,-432,-1144,-468,20,505,1302043
2026-05-19 20:15:23,esterno,2560,15148,4100,-298,-203,-85,644610
2026-05-19 20:15:23,lombar,16256,-744,-852,-363,-173,598,1302065
2026-05-19 20:15:23,esterno,2588,14996,3976,-393,-225,-280,644632
2026-05-19 20:15:23,lombar,16564,-968,-1156,-382,-356,603,1302087
2026-05-19 20:15:23,esterno,1856,14984,4132,-569,-367,-332,644654
2026-05-19 20:15:23,lombar,16548,-888,-1544,-436,-238,555,1302109
2026-05-19 20:15:23,esterno,2064,14860,3708,-859,-364,-419,644676
2026-05-19 20:15:23,lombar,16652,-732,-1320,-538,-144,581,1302131
2026-05-19 20:15:23,esterno,2544,15108,3404,-685,-507,-376,644698
2026-05-19 20:15:23,lombar,16724,-812,-1424,-570,-156,573,1302153
2026-05-19 20:15:23,esterno,2384,15296,4228,-630,-586,-346,644720
2026-05-19 20:15:23,lombar,16644,-908,-1364,-624,-341,472,1302175
2026-05-19 20:15:23,esterno,1804,14948,4332,-430,-653,-534,644742
2026-05-19 20:15:23,lombar,16500,-1084,-1440,-466,-474,423,1302197
2026-05-19 20:15:23,esterno,2008,15196,3856,-124,-750,-732,644764
2026-05-19 20:15:23,lombar,16556,-952,-1400,-364,-531,396,1302219
2026-05-19 20:15:23,esterno,2380,15352,4656,-297,-882,-604,644786
2026-05-19 20:15:23,lombar,16560,-780,-1460,-331,-435,486,1302241
2026-05-19 20:15:23,esterno,2604,15484,4064,-569,-1203,-376,644808
2026-05-19 20:15:23,lombar,16608,-756,-1296,-408,-382,502,1302263
2026-05-19 20:15:23,esterno,1924,15088,4560,-176,-956,-352,644830
2026-05-19 20:15:23,lombar,16532,-628,-1280,-453,-382,544,1302285
2026-05-19 20:15:23,esterno,2152,14784,3856,-108,-516,-590,644852
2026-05-19 20:15:23,lombar,16616,-864,-1320,-611,-279,661,1302307
2026-05-19 20:15:23,esterno,2580,15024,4184,-70,-833,-807,644874
2026-05-19 20:15:23,lombar,16632,-988,-1364,-750,-241,669,1302329
2026-05-19 20:15:23,esterno,2460,15288,4052,-420,-674,-639,644896
2026-05-19 20:15:23,lombar,16740,-792,-1352,-791,-239,635,1302351
2026-05-19 20:15:23,esterno,2540,15032,4184,-535,-609,-488,644918
2026-05-19 20:15:23,lombar,16728,-788,-1596,-829,-219,677,1302373
2026-05-19 20:15:23,esterno,2196,15060,4400,-407,-722,-509,644940
2026-05-19 20:15:23,lombar,16544,-700,-1248,-809,-325,772,1302395
2026-05-19 20:15:23,esterno,1836,14952,4300,-371,-831,-646,644962
2026-05-19 20:15:23,lombar,16520,-1016,-1348,-910,-372,819,1302417
2026-05-19 20:15:23,esterno,1612,15016,4584,-222,-1094,-800,644984
2026-05-19 20:15:23,lombar,16528,-1140,-1272,-954,-307,765,1302439
2026-05-19 20:15:23,esterno,2028,15096,4220,-321,-1271,-902,645006
2026-05-19 20:15:23,lombar,16672,-1012,-1244,-1075,-239,756,1302461
2026-05-19 20:15:23,esterno,2144,15280,4208,-583,-1415,-1005,645028
2026-05-19 20:15:23,lombar,16652,-912,-1416,-1156,-183,838,1302483
2026-05-19 20:15:23,esterno,1744,14964,4376,-592,-1481,-1173,645050
2026-05-19 20:15:23,lombar,16608,-1084,-1236,-1269,-175,717,1302505
2026-05-19 20:15:23,esterno,1968,14888,4544,-465,-1810,-1510,645072
2026-05-19 20:15:23,lombar,16628,-1164,-1312,-1285,-62,777,1302527
2026-05-19 20:15:23,esterno,2320,15216,4288,-632,-1538,-1524,645094
2026-05-19 20:15:23,lombar,16728,-1112,-1300,-1395,33,770,1302549
2026-05-19 20:15:23,esterno,2424,15304,4452,-842,-1562,-1435,645116
2026-05-19 20:15:23,lombar,16756,-912,-1376,-1479,124,794,1302571
2026-05-19 20:15:23,esterno,2208,15288,4412,-629,-1477,-1418,645138
2026-05-19 20:15:23,lombar,16672,-1144,-1396,-1418,49,807,1302593
2026-05-19 20:15:23,esterno,2016,14972,3948,-525,-1254,-1378,645160
2026-05-19 20:15:23,lombar,16684,-1308,-1220,-1290,82,785,1302615
2026-05-19 20:15:23,esterno,1968,14952,4328,-467,-1040,-1389,645182
2026-05-19 20:15:23,lombar,16588,-1400,-1184,-1175,10,798,1302637
2026-05-19 20:15:23,esterno,1952,15188,4216,-473,-934,-1363,645204
2026-05-19 20:15:23,lombar,16632,-1364,-984,-1083,9,840,1302659
2026-05-19 20:15:23,esterno,1780,15240,4372,-424,-798,-1377,645226
2026-05-19 20:15:23,lombar,16712,-1416,-956,-1049,-137,719,1302681
2026-05-19 20:15:23,esterno,1796,15272,4592,-117,-730,-1440,645248
2026-05-19 20:15:23,lombar,16820,-1392,-1340,-932,-38,673,1302703
2026-05-19 20:15:23,esterno,1968,15708,4944,-274,-910,-1399,645270
2026-05-19 20:15:23,lombar,16788,-1660,-1740,-471,83,603,1302725
2026-05-19 20:15:23,esterno,1432,15460,4220,-287,-1011,-1345,645292
2026-05-19 20:15:23,lombar,16824,-1896,-1332,-16,122,590,1302747
2026-05-19 20:15:23,esterno,1228,15128,5276,-345,-1128,-1312,645314
2026-05-19 20:15:23,lombar,16408,-1384,-1332,154,133,603,1302769
2026-05-19 20:15:23,esterno,1480,15124,4176,-705,-1188,-1071,645336
2026-05-19 20:15:23,lombar,16432,-956,-1260,-51,199,544,1302791
2026-05-19 20:15:23,esterno,776,14804,4760,-643,-1575,-1128,645358
2026-05-19 20:15:23,lombar,16648,-928,-1304,-122,207,595,1302813
2026-05-19 20:15:23,esterno,1488,15012,4232,-722,-1437,-1039,645380
2026-05-19 20:15:23,lombar,16660,-988,-1068,-309,116,544,1302835
2026-05-19 20:15:23,esterno,1492,15184,4556,-667,-1384,-1035,645402
2026-05-19 20:15:23,lombar,16392,-1268,-984,-349,33,551,1302857
2026-05-19 20:15:23,esterno,1404,15152,4208,-426,-1157,-1159,645424
2026-05-19 20:15:23,lombar,16520,-996,-1272,-411,123,602,1302879
2026-05-19 20:15:23,esterno,692,14808,4596,-477,-1105,-1262,645446
2026-05-19 20:15:23,lombar,16568,-1100,-932,-507,206,610,1302901
2026-05-19 20:15:23,esterno,1228,15052,4588,-529,-1042,-1210,645468
2026-05-19 20:15:23,lombar,16716,-1288,-808,-471,13,578,1302923
2026-05-19 20:15:23,esterno,1220,15184,4232,-587,-971,-1199,645490
2026-05-19 20:15:23,lombar,16612,-1312,-764,-504,-233,616,1302945
2026-05-19 20:15:23,esterno,1172,15048,4588,-563,-832,-1267,645512
2026-05-19 20:15:24,lombar,16652,-1272,-884,-603,-239,653,1302967
2026-05-19 20:15:24,esterno,1312,14988,4220,-574,-707,-1305,645534
2026-05-19 20:15:24,lombar,16748,-1364,-1016,-665,-194,652,1302989
2026-05-19 20:15:24,esterno,1388,15032,5008,-660,-518,-1257,645556
2026-05-19 20:15:24,lombar,16788,-1424,-1336,-651,-163,704,1303011
2026-05-19 20:15:24,esterno,1052,15028,4660,-545,-532,-1291,645578
2026-05-19 20:15:24,lombar,16680,-1720,-1152,-654,7,548,1303033
2026-05-19 20:15:24,esterno,1460,15004,4908,-481,-400,-1269,645600
2026-05-19 20:15:24,lombar,16668,-1716,-764,-428,16,436,1303055
2026-05-19 20:15:24,esterno,1228,15452,4732,-437,-236,-1044,645622
2026-05-19 20:15:24,lombar,16876,-1500,-868,-389,71,470,1303077
2026-05-19 20:15:24,esterno,1188,15012,4408,-370,-201,-1107,645644
2026-05-19 20:15:24,lombar,16744,-1184,-1184,-284,220,715,1303099
2026-05-19 20:15:24,esterno,960,14964,4688,-360,-114,-1127,645666
2026-05-19 20:15:24,lombar,16544,-1628,-1024,-237,310,638,1303121
2026-05-19 20:15:24,esterno,972,14864,4528,-337,-66,-885,645688
2026-05-19 20:15:24,lombar,16540,-1408,-744,-300,258,583,1303143
2026-05-19 20:15:24,esterno,632,14988,4896,-269,-50,-817,645710
2026-05-19 20:15:24,lombar,16520,-1412,-720,-334,138,522,1303165
2026-05-19 20:15:24,esterno,640,15008,4836,-47,-61,-910,645732
2026-05-19 20:15:24,lombar,16540,-1616,-608,-210,72,576,1303187
2026-05-19 20:15:24,esterno,724,15248,4856,-12,-67,-898,645754
2026-05-19 20:15:24,lombar,16688,-1648,-872,46,228,445,1303209
2026-05-19 20:15:24,esterno,632,15280,4772,-139,-28,-875,645776
2026-05-19 20:15:24,lombar,16680,-1472,-1076,192,371,414,1303231
2026-05-19 20:15:24,esterno,412,14772,4560,-171,-69,-937,645798
2026-05-19 20:15:24,lombar,16768,-1404,-760,6,340,480,1303253
2026-05-19 20:15:24,esterno,396,14896,4808,15,-194,-898,645820
2026-05-19 20:15:24,lombar,16568,-1248,-716,-466,60,557,1303275
2026-05-19 20:15:24,esterno,456,15092,4416,312,-111,-761,645842
2026-05-19 20:15:24,lombar,16660,-1188,-976,-604,-20,513,1303297
2026-05-19 20:15:24,esterno,632,15024,5220,228,-216,-869,645864
2026-05-19 20:15:24,lombar,16552,-1528,-916,-385,66,500,1303319
2026-05-19 20:15:24,esterno,720,15412,4616,18,-360,-732,645886
2026-05-19 20:15:24,lombar,16672,-1428,-600,-351,-99,536,1303341
2026-05-19 20:15:24,esterno,328,15100,4312,41,-349,-566,645908
2026-05-19 20:15:24,lombar,16708,-1624,-1056,-548,20,541,1303363
2026-05-19 20:15:24,esterno,332,14952,4596,-155,-261,-598,645930
2026-05-19 20:15:24,lombar,16728,-1436,-864,-564,-145,451,1303385
2026-05-19 20:15:24,esterno,560,15368,4968,50,-162,-534,645952
2026-05-19 20:15:24,lombar,16608,-1328,-692,-564,-233,510,1303407
2026-05-19 20:15:24,esterno,244,15072,4284,-90,-149,-544,645974
2026-05-19 20:15:24,lombar,16596,-1312,-828,-670,-209,535,1303429
2026-05-19 20:15:24,esterno,384,15096,5120,-90,-149,-683,645996
2026-05-19 20:15:24,lombar,16568,-1476,-712,-720,-295,447,1303451
2026-05-19 20:15:24,esterno,416,15144,4680,-209,-170,-349,646018
2026-05-19 20:15:24,lombar,16728,-1660,-760,-560,-231,400,1303473
2026-05-19 20:15:24,esterno,428,15068,4524,-166,-115,-232,646040
2026-05-19 20:15:24,lombar,16644,-1588,-748,-399,-291,331,1303495
2026-05-19 20:15:24,esterno,620,14920,3980,29,77,-228,646062
2026-05-19 20:15:24,lombar,16596,-1376,-568,-352,-230,324,1303517
2026-05-19 20:15:24,esterno,468,15156,4248,-47,21,-100,646084
2026-05-19 20:15:24,lombar,16728,-1516,-736,-317,-309,386,1303539
2026-05-19 20:15:24,esterno,680,15120,4676,32,-29,55,646106
2026-05-19 20:15:24,lombar,16624,-1388,-588,-308,-462,346,1303561
2026-05-19 20:15:24,esterno,396,15036,4680,-121,67,278,646128
2026-05-19 20:15:24,lombar,16660,-1420,-724,-280,-457,337,1303583
2026-05-19 20:15:24,esterno,648,15036,4640,109,-106,305,646150
2026-05-19 20:15:24,lombar,16676,-1536,-552,-294,-499,339,1303605
2026-05-19 20:15:24,esterno,532,15116,4508,240,76,546,646172
2026-05-19 20:15:24,lombar,16700,-1456,-816,-308,-483,395,1303627
2026-05-19 20:15:24,esterno,492,15204,4516,302,130,555,646194
2026-05-19 20:15:24,lombar,16736,-1480,-944,-133,-406,313,1303649
2026-05-19 20:15:24,esterno,548,15184,4732,529,394,520,646216
2026-05-19 20:15:24,lombar,16868,-1772,-780,229,-437,230,1303671
2026-05-19 20:15:24,esterno,628,15256,4628,420,589,702,646238
2026-05-19 20:15:24,lombar,16592,-1580,-940,396,-452,249,1303693
2026-05-19 20:15:24,esterno,716,15236,4464,351,745,859,646260
2026-05-19 20:15:24,lombar,16680,-1540,-1140,532,-335,217,1303715
2026-05-19 20:15:24,esterno,708,15308,4552,343,958,922,646282
2026-05-19 20:15:24,lombar,16780,-1676,-968,573,-322,127,1303737
2026-05-19 20:15:24,esterno,680,15308,4420,234,1171,933,646304
2026-05-19 20:15:24,lombar,16640,-1544,-936,634,-315,51,1303759
2026-05-19 20:15:24,esterno,568,15236,4248,222,1300,1007,646326
2026-05-19 20:15:24,lombar,16520,-1508,-812,718,-308,37,1303781
2026-05-19 20:15:24,esterno,672,15404,4544,221,1317,1160,646348
2026-05-19 20:15:24,lombar,16696,-1388,-892,732,-337,14,1303803
2026-05-19 20:15:24,esterno,624,15348,4596,30,1364,1189,646370
2026-05-19 20:15:24,lombar,16600,-1544,-948,837,-299,-57,1303825
2026-05-19 20:15:24,esterno,648,15208,4460,-82,1313,1167,646392
2026-05-19 20:15:24,lombar,16528,-1600,-808,972,-321,-154,1303847
2026-05-19 20:15:24,esterno,480,15036,4144,206,1534,1257,646414
2026-05-19 20:15:24,lombar,16684,-1424,-736,1000,-399,-115,1303869
2026-05-19 20:15:24,esterno,688,15136,4880,173,1128,1349,646436
2026-05-19 20:15:24,lombar,16648,-1452,-1044,1075,-392,-135,1303891
2026-05-19 20:15:24,esterno,960,15292,4072,-8,1115,1481,646458
2026-05-19 20:15:24,lombar,16600,-1444,-748,1220,-448,-76,1303913
2026-05-19 20:15:24,esterno,560,14920,4356,127,1167,1390,646480
2026-05-19 20:15:24,lombar,16428,-1492,-852,1296,-570,-64,1303935
2026-05-19 20:15:24,esterno,1024,15148,4172,135,1207,1266,646502
2026-05-19 20:15:24,lombar,16560,-1300,-860,1367,-609,-140,1303957
2026-05-19 20:15:25,esterno,1080,15224,4332,283,1171,1287,646524
2026-05-19 20:15:25,lombar,16668,-1216,-748,1338,-581,-177,1303979
2026-05-19 20:15:25,esterno,1104,15252,4208,287,1343,1408,646546
2026-05-19 20:15:25,lombar,16572,-1256,-924,1313,-576,-86,1304001
2026-05-19 20:15:25,esterno,1020,15184,4372,209,1199,1435,646568
2026-05-19 20:15:25,lombar,16600,-1192,-840,1369,-600,-28,1304023
2026-05-19 20:15:25,esterno,996,15332,4460,163,1082,1442,646590
2026-05-19 20:15:25,lombar,16764,-1268,-828,1424,-672,-63,1304045
2026-05-19 20:15:25,esterno,1272,15316,4340,47,1105,1411,646612
2026-05-19 20:15:25,lombar,16684,-1388,-724,1381,-758,-42,1304067
2026-05-19 20:15:25,esterno,1168,15216,4292,6,1079,1446,646634
2026-05-19 20:15:25,lombar,16636,-1256,-812,1432,-768,-177,1304089
2026-05-19 20:15:25,esterno,1064,15228,4260,-17,1199,1468,646656
2026-05-19 20:15:25,lombar,16564,-1280,-808,1507,-834,-247,1304111
2026-05-19 20:15:25,esterno,1056,15224,4332,-28,1041,1500,646678
2026-05-19 20:15:25,lombar,16668,-1236,-916,1487,-860,-75,1304133
2026-05-19 20:15:25,esterno,1172,15064,4188,-37,933,1333,646700
2026-05-19 20:15:25,lombar,16532,-1260,-864,1390,-863,-149,1304155
2026-05-19 20:15:25,esterno,1544,15164,4508,127,689,1246,646722
2026-05-19 20:15:25,lombar,16660,-1220,-1284,1418,-764,-196,1304177
2026-05-19 20:15:25,esterno,1820,15240,4204,43,745,1390,646744
2026-05-19 20:15:25,lombar,16648,-900,-1032,1341,-635,-73,1304199
2026-05-19 20:15:25,esterno,1504,15156,4408,-39,623,1332,646766
2026-05-19 20:15:25,lombar,16768,-820,-1084,1124,-515,-78,1304221
2026-05-19 20:15:25,esterno,1932,15088,4328,92,563,1153,646788
2026-05-19 20:15:25,lombar,16748,-948,-1072,1041,-507,-34,1304243
2026-05-19 20:15:25,esterno,1808,15044,4248,60,620,1109,646810
2026-05-19 20:15:25,lombar,16660,-1140,-996,914,-394,35,1304265
2026-05-19 20:15:25,esterno,1664,15104,4476,68,596,1082,646832
2026-05-19 20:15:25,lombar,16632,-1116,-1180,838,-286,39,1304287
2026-05-19 20:15:25,esterno,1636,15272,4320,139,492,1023,646854
2026-05-19 20:15:25,lombar,16588,-1100,-1180,798,-227,-84,1304309
2026-05-19 20:15:25,esterno,2192,15132,3828,19,461,989,646876
2026-05-19 20:15:25,lombar,16524,-1068,-968,688,-99,-145,1304331
2026-05-19 20:15:25,esterno,2116,15004,3828,59,523,892,646898
2026-05-19 20:15:25,lombar,16552,-1128,-1008,502,4,-235,1304353
2026-05-19 20:15:25,esterno,1676,14952,4072,21,625,823,646920
2026-05-19 20:15:25,lombar,16584,-1228,-932,445,54,-336,1304375
2026-05-19 20:15:25,esterno,1612,15120,4184,91,642,819,646942
2026-05-19 20:15:25,lombar,16972,-916,-1040,624,-57,-357,1304397
2026-05-19 20:15:25,esterno,1600,15488,4324,148,556,746,646964
2026-05-19 20:15:25,lombar,16928,-520,-1180,753,-127,-152,1304419
2026-05-19 20:15:25,esterno,2020,15548,4056,273,539,561,646986
2026-05-19 20:15:25,lombar,16616,-768,-1000,787,-298,125,1304441
2026-05-19 20:15:25,esterno,1800,15324,4088,531,739,538,647008
2026-05-19 20:15:25,lombar,16496,-800,-972,702,-382,66,1304463
2026-05-19 20:15:25,esterno,2400,15172,4320,340,465,529,647030
2026-05-19 20:15:25,lombar,16404,-1076,-1284,643,-397,21,1304485
2026-05-19 20:15:25,esterno,2792,15196,3616,149,293,802,647052
2026-05-19 20:15:25,lombar,16584,-1012,-1152,772,-305,-16,1304507
2026-05-19 20:15:25,esterno,1924,14948,4460,329,481,791,647074
2026-05-19 20:15:25,lombar,16704,-808,-1264,863,-299,90,1304529
2026-05-19 20:15:25,esterno,1840,15112,4292,262,452,671,647096
2026-05-19 20:15:25,lombar,16788,-760,-1168,771,-282,136,1304551
2026-05-19 20:15:25,esterno,2092,15296,4140,350,373,406,647118
2026-05-19 20:15:25,lombar,16712,-656,-984,619,-318,119,1304573
2026-05-19 20:15:25,esterno,1928,15228,4412,289,318,366,647140
2026-05-19 20:15:25,lombar,16600,-600,-1144,290,-220,145,1304595
2026-05-19 20:15:25,esterno,1920,15220,4376,177,81,329,647162
2026-05-19 20:15:25,lombar,16704,-652,-1184,168,-201,140,1304617
2026-05-19 20:15:25,esterno,2124,15276,4360,149,3,206,647184
2026-05-19 20:15:25,lombar,16736,-696,-1168,179,-188,227,1304639
2026-05-19 20:15:25,esterno,2272,15260,4300,32,-116,164,647206
2026-05-19 20:15:25,lombar,16708,-588,-1280,78,-198,263,1304661
2026-05-19 20:15:25,esterno,2152,15212,3944,-28,-361,141,647228
2026-05-19 20:15:25,lombar,16528,-1084,-1024,-54,-137,210,1304683
2026-05-19 20:15:25,esterno,1980,14952,4120,-208,-281,172,647250
2026-05-19 20:15:25,lombar,16644,-1052,-972,-84,-182,84,1304705
2026-05-19 20:15:25,esterno,2196,15520,3688,-347,-250,75,647272
2026-05-19 20:15:25,lombar,16828,-512,-1264,59,-223,156,1304727
2026-05-19 20:15:25,esterno,2308,15276,4316,-280,-65,-62,647294
2026-05-19 20:15:25,lombar,16584,-776,-1052,62,-270,331,1304749
2026-05-19 20:15:25,esterno,2716,15504,3864,-30,-53,-314,647316
2026-05-19 20:15:25,lombar,16636,-1012,-964,402,-396,413,1304771
2026-05-19 20:15:25,esterno,2528,15348,3856,-261,16,13,647338
2026-05-19 20:15:25,lombar,16700,-768,-1356,163,-306,416,1304793
2026-05-19 20:15:25,esterno,2180,15280,4156,-108,-51,47,647360
2026-05-19 20:15:25,lombar,16704,-376,-1036,-320,-72,525,1304815
2026-05-19 20:15:25,esterno,2168,15428,4448,-56,-201,131,647382
2026-05-19 20:15:25,lombar,16644,-520,-472,-535,39,489,1304837
2026-05-19 20:15:25,esterno,2328,15236,4116,-162,-306,235,647404
2026-05-19 20:15:25,lombar,16644,-812,-352,-778,60,512,1304859
2026-05-19 20:15:25,esterno,2384,15200,3620,-201,-216,172,647426
2026-05-19 20:15:25,lombar,16256,-1256,-416,-872,-205,346,1304881
2026-05-19 20:15:25,esterno,2020,14592,4104,133,-46,-132,647448
2026-05-19 20:15:25,lombar,16428,-1936,-964,-511,-335,23,1304903
2026-05-19 20:15:25,esterno,2180,15500,4308,359,26,143,647470
2026-05-19 20:15:25,lombar,16932,-712,-1660,197,-532,308,1304925
2026-05-19 20:15:25,esterno,1932,15380,4260,633,177,189,647492
2026-05-19 20:15:25,lombar,16820,-1340,-1232,435,-550,430,1304947
2026-05-19 20:15:25,esterno,2212,15200,3984,689,252,-121,647514
2026-05-19 20:15:26,lombar,16716,-1556,-1648,769,-945,203,1304969
2026-05-19 20:15:26,esterno,2644,15372,3776,407,449,-76,647536
2026-05-19 20:15:26,lombar,16992,-952,-2152,1058,-609,180,1304991
2026-05-19 20:15:26,esterno,2400,15292,3864,-177,593,243,647558
2026-05-19 20:15:26,lombar,17008,-756,-1740,1173,-310,173,1305013
2026-05-19 20:15:26,esterno,2740,15104,3660,-295,702,284,647580
2026-05-19 20:15:26,lombar,16712,-884,-952,976,-73,157,1305035
2026-05-19 20:15:26,esterno,2332,15484,4024,-178,1000,207,647602
2026-05-19 20:15:26,lombar,16400,-856,-424,681,-80,8,1305057
2026-05-19 20:15:26,esterno,2872,15192,3704,-305,502,177,647624
2026-05-19 20:15:26,lombar,16244,-912,-536,392,-194,-91,1305079
2026-05-19 20:15:26,esterno,2256,14584,3160,-291,887,41,647646
2026-05-19 20:15:26,lombar,16360,-1888,-668,667,211,-275,1305101
2026-05-19 20:15:26,esterno,2108,15064,3048,-428,1255,-77,647668
2026-05-19 20:15:26,lombar,17144,600,-1612,1764,-492,103,1305123
2026-05-19 20:15:26,esterno,2216,15496,3332,-431,1296,291,647690
2026-05-19 20:15:26,lombar,16628,-68,-1048,1401,79,908,1305145
2026-05-19 20:15:26,esterno,2444,14932,3960,80,1365,-159,647712
2026-05-19 20:15:26,lombar,16296,-1988,-268,1308,-940,278,1305167
2026-05-19 20:15:26,esterno,2036,15276,4184,-73,1333,-9,647734
2026-05-19 20:15:26,lombar,16448,-1024,-2164,1608,-1541,-14,1305189
2026-05-19 20:15:26,esterno,2076,15516,4448,-181,1242,368,647756
2026-05-19 20:15:26,lombar,17004,16,-2212,1798,-958,290,1305211
2026-05-19 20:15:26,esterno,2192,15656,4448,-57,1202,604,647778
2026-05-19 20:15:26,lombar,17016,-40,-892,1505,-737,459,1305233
2026-05-19 20:15:26,esterno,2328,15564,4532,-231,1264,617,647800
2026-05-19 20:15:26,lombar,16736,-496,-712,763,-761,487,1305255
2026-05-19 20:15:26,esterno,2200,15428,4016,-566,1298,460,647822
2026-05-19 20:15:26,lombar,16748,-556,-876,95,-414,392,1305277
2026-05-19 20:15:26,esterno,2460,15044,3816,-903,1217,246,647844
2026-05-19 20:15:26,lombar,16464,-852,-848,-198,-223,169,1305299
2026-05-19 20:15:26,esterno,1576,14616,3584,-768,1098,406,647866
2026-05-19 20:15:26,lombar,16016,-1860,-1084,-222,-43,-108,1305321
2026-05-19 20:15:26,esterno,1676,14728,4168,-696,712,369,647888
2026-05-19 20:15:26,lombar,16980,-508,-1216,769,-576,-211,1305343
2026-05-19 20:15:26,esterno,1896,15992,3856,-439,800,812,647910
2026-05-19 20:15:26,esterno,2148,15032,4212,-104,653,259,647932
2026-05-19 20:15:26,esterno,2464,15200,4036,-128,395,249,647954
2026-05-19 20:15:26,lombar,16720,288,-1384,794,-236,440,1305365
2026-05-19 20:15:26,lombar,16036,-1276,-644,558,-783,306,1305387
2026-05-19 20:15:26,lombar,16536,-1436,-1840,737,-1191,160,1305409
2026-05-19 20:15:26,esterno,2308,15272,4208,-400,434,678,647976
2026-05-19 20:15:26,lombar,16768,-1184,-1876,1367,-1088,76,1305431
2026-05-19 20:15:26,esterno,2384,15240,4212,-295,514,693,647998
2026-05-19 20:15:26,lombar,16828,-756,-1564,1603,-986,146,1305453
2026-05-19 20:15:26,esterno,2388,15360,4252,-453,497,596,648020
2026-05-19 20:15:26,lombar,16860,-292,-1480,1574,-853,321,1305475
2026-05-19 20:15:26,esterno,2536,15388,4292,-453,615,661,648042
2026-05-19 20:15:26,lombar,16864,-84,-1172,1262,-777,366,1305497
2026-05-19 20:15:26,esterno,2612,15068,4188,-447,611,672,648064
2026-05-19 20:15:26,lombar,16708,-444,-896,583,-537,318,1305519
2026-05-19 20:15:26,esterno,2224,14956,4152,-563,669,577,648086
2026-05-19 20:15:26,lombar,16508,-664,-752,147,-223,69,1305541
2026-05-19 20:15:26,esterno,2256,15076,3972,-405,586,503,648108
2026-05-19 20:15:26,lombar,16600,-684,-924,124,-17,-95,1305563
2026-05-19 20:15:26,esterno,2404,15440,4012,-355,487,351,648130
2026-05-19 20:15:26,lombar,16824,-220,-992,394,-124,100,1305585
2026-05-19 20:15:26,esterno,2560,15104,3604,-133,494,465,648152
2026-05-19 20:15:26,lombar,16432,-700,-1012,286,-224,245,1305607
2026-05-19 20:15:26,esterno,2656,14964,4020,352,799,399,648174
2026-05-19 20:15:26,lombar,16496,-968,-1240,294,-169,153,1305629
2026-05-19 20:15:26,esterno,3104,15248,4364,122,376,463,648196
2026-05-19 20:15:26,lombar,16528,-824,-1264,458,-102,130,1305651
2026-05-19 20:15:26,esterno,2284,15428,4568,134,191,746,648218
2026-05-19 20:15:26,lombar,16620,-740,-1436,647,-57,240,1305673
2026-05-19 20:15:26,esterno,2120,14948,4384,61,507,653,648240
2026-05-19 20:15:26,lombar,16796,-696,-1304,722,-82,321,1305695
2026-05-19 20:15:26,esterno,2588,15092,4400,68,454,597,648262
2026-05-19 20:15:26,lombar,16764,-796,-1340,719,-148,308,1305717
2026-05-19 20:15:26,esterno,2668,15144,3880,277,554,505,648284
2026-05-19 20:15:26,lombar,16808,-588,-1640,534,169,244,1305739
2026-05-19 20:15:26,esterno,2536,15200,4328,208,555,465,648306
2026-05-19 20:15:26,lombar,16728,-512,-1332,303,466,270,1305761
2026-05-19 20:15:26,esterno,2484,15204,4332,46,557,350,648328
2026-05-19 20:15:26,lombar,16580,-596,-1092,152,416,279,1305783
2026-05-19 20:15:26,esterno,2764,15248,3776,45,519,359,648350
2026-05-19 20:15:26,lombar,16744,-440,-924,87,224,323,1305805
2026-05-19 20:15:26,esterno,2668,15100,3972,67,610,291,648372
2026-05-19 20:15:26,lombar,16592,-624,-1012,-99,-68,313,1305827
2026-05-19 20:15:26,esterno,2708,15168,4060,240,654,203,648394
2026-05-19 20:15:26,lombar,16604,-808,-1100,-81,-119,247,1305849
2026-05-19 20:15:26,esterno,2788,15416,3752,168,668,312,648416
2026-05-19 20:15:26,lombar,16400,-524,-1284,59,-112,349,1305871
2026-05-19 20:15:26,esterno,2596,15284,4044,42,749,412,648438
2026-05-19 20:15:26,lombar,16528,-740,-1020,68,-159,430,1305893
2026-05-19 20:15:26,esterno,2628,15156,3900,37,621,314,648460
2026-05-19 20:15:26,lombar,16608,-956,-964,162,-184,435,1305915
2026-05-19 20:15:26,lombar,16648,-900,-1204,297,-314,446,1305937
2026-05-19 20:15:26,esterno,3092,15468,4008,-54,691,416,648482
2026-05-19 20:15:26,esterno,2744,15272,3932,-150,862,480,648504
2026-05-19 20:15:26,lombar,16676,-692,-1292,330,-340,404,1305959
2026-05-19 20:15:27,esterno,2576,15160,4120,-157,713,397,648526
2026-05-19 20:15:27,lombar,16644,-600,-1012,272,-406,382,1305981
2026-05-19 20:15:27,esterno,2460,15356,4364,-44,680,440,648548
2026-05-19 20:15:27,lombar,16688,-608,-1020,349,-416,382,1306003
2026-05-19 20:15:27,esterno,2552,15156,4168,-243,733,361,648570
2026-05-19 20:15:27,lombar,16616,-740,-1016,336,-485,350,1306025
2026-05-19 20:15:27,esterno,2712,15144,4192,-417,657,345,648592
2026-05-19 20:15:27,lombar,16572,-780,-1172,261,-459,264,1306047
2026-05-19 20:15:27,esterno,2624,15144,3872,-216,697,322,648614
2026-05-19 20:15:27,lombar,16588,-908,-1352,220,-434,236,1306069
2026-05-19 20:15:27,esterno,2624,15108,3972,-297,601,179,648636
2026-05-19 20:15:27,lombar,16700,-816,-1268,255,-386,248,1306091
2026-05-19 20:15:27,esterno,2480,15220,4256,-396,535,235,648658
2026-05-19 20:15:27,lombar,16628,-832,-1312,375,-421,184,1306113
2026-05-19 20:15:27,esterno,2660,15240,4080,-384,579,167,648680
2026-05-19 20:15:27,lombar,16580,-828,-972,510,-364,202,1306135
2026-05-19 20:15:27,esterno,3016,15060,4056,-332,632,-19,648702
2026-05-19 20:15:27,lombar,16560,-756,-1184,567,-507,274,1306157
2026-05-19 20:15:27,esterno,3192,15104,4160,-246,717,32,648724
2026-05-19 20:15:27,lombar,16404,-792,-1224,602,-611,279,1306179
2026-05-19 20:15:27,esterno,2924,15188,4160,-180,1035,145,648746
2026-05-19 20:15:27,lombar,16600,-712,-1320,687,-726,331,1306201
2026-05-19 20:15:27,esterno,2836,15276,4588,-272,302,210,648768
2026-05-19 20:15:27,lombar,16744,-712,-1312,621,-802,351,1306223
2026-05-19 20:15:27,esterno,2856,15080,3884,-432,281,488,648790
2026-05-19 20:15:27,lombar,16644,-700,-1264,590,-705,285,1306245
2026-05-19 20:15:27,esterno,2508,14824,4044,-504,472,372,648812
2026-05-19 20:15:27,lombar,16788,-792,-1608,575,-328,156,1306267
2026-05-19 20:15:27,esterno,2528,15096,4300,-501,492,280,648834
2026-05-19 20:15:27,lombar,16720,-444,-1124,571,-111,234,1306289
2026-05-19 20:15:27,esterno,2568,15176,4092,-277,324,3,648856
2026-05-19 20:15:27,lombar,16784,-348,-964,400,-227,202,1306311
2026-05-19 20:15:27,esterno,2480,15024,4012,-202,250,-120,648878
2026-05-19 20:15:27,lombar,16736,-460,-1064,313,-335,193,1306333
2026-05-19 20:15:27,esterno,2408,14884,4244,-368,245,27,648900
2026-05-19 20:15:27,lombar,16488,-548,-1192,98,-291,188,1306355
2026-05-19 20:15:27,esterno,2724,14860,4324,-421,155,36,648922
2026-05-19 20:15:27,lombar,16416,-672,-932,48,-220,201,1306377
2026-05-19 20:15:27,esterno,2748,15076,4392,-248,130,21,648944
2026-05-19 20:15:27,lombar,16548,-736,-964,-10,-357,178,1306399
2026-05-19 20:15:27,esterno,2724,14888,3908,-182,93,-24,648966
2026-05-19 20:15:27,lombar,16868,-588,-1380,-74,-248,234,1306421
2026-05-19 20:15:27,esterno,2708,15016,4032,-113,248,-44,648988
2026-05-19 20:15:27,lombar,16872,-552,-1468,-83,-112,288,1306443
2026-05-19 20:15:27,esterno,2696,15188,4292,31,277,-122,649010
2026-05-19 20:15:27,lombar,16916,-744,-1464,-80,-100,324,1306465
2026-05-19 20:15:27,esterno,2500,15092,4212,-2,75,-269,649032
2026-05-19 20:15:27,lombar,16824,-892,-1412,-52,-70,262,1306487
2026-05-19 20:15:27,esterno,2772,15140,4432,165,-142,-265,649054
2026-05-19 20:15:27,lombar,16540,-816,-1340,-138,-30,266,1306509
2026-05-19 20:15:27,esterno,2740,14980,4416,120,-137,-195,649076
2026-05-19 20:15:27,lombar,16656,-672,-1236,-124,41,272,1306531
2026-05-19 20:15:27,esterno,2584,15052,4304,69,-225,-182,649098
2026-05-19 20:15:27,lombar,16556,-588,-1112,-220,64,323,1306553
2026-05-19 20:15:27,esterno,2652,15164,4244,89,-160,-254,649120
2026-05-19 20:15:27,lombar,16664,-656,-1264,-126,102,308,1306575
2026-05-19 20:15:27,esterno,2772,15064,4244,99,-218,-302,649142
2026-05-19 20:15:27,lombar,16656,-680,-1188,-158,41,371,1306597
2026-05-19 20:15:27,esterno,2864,15116,4168,133,-295,-321,649164
2026-05-19 20:15:27,lombar,16572,-636,-1204,-141,34,411,1306619
2026-05-19 20:15:27,esterno,2696,15092,4276,210,-268,-229,649186
2026-05-19 20:15:27,lombar,16488,-600,-1172,-185,33,353,1306641
2026-05-19 20:15:27,esterno,3144,14972,3524,348,-10,-301,649208
2026-05-19 20:15:27,lombar,16544,-700,-1132,-223,-59,475,1306663
2026-05-19 20:15:27,esterno,2472,15120,3980,393,-234,-328,649230
2026-05-19 20:15:27,lombar,16580,-704,-1152,-278,-119,479,1306685
2026-05-19 20:15:27,esterno,2676,15220,4052,291,-195,-410,649252
2026-05-19 20:15:27,lombar,16500,-576,-1296,-189,-232,480,1306707
2026-05-19 20:15:27,esterno,2752,15340,4008,239,-194,-348,649274
2026-05-19 20:15:27,lombar,16596,-468,-1324,-150,-290,523,1306729
2026-05-19 20:15:27,esterno,2796,15296,4216,197,-327,-249,649296
2026-05-19 20:15:27,lombar,16660,-700,-1284,-196,-249,572,1306751
2026-05-19 20:15:27,esterno,2440,15068,3864,269,-52,-234,649318
2026-05-19 20:15:27,lombar,16616,-892,-1280,-179,-156,472,1306773
2026-05-19 20:15:27,esterno,2764,15212,4568,168,-433,-388,649340
2026-05-19 20:15:27,lombar,16680,-740,-1228,-150,-253,415,1306795
2026-05-19 20:15:27,esterno,2576,15404,4028,-170,-669,-182,649362
2026-05-19 20:15:27,lombar,16652,-744,-1044,-144,-260,470,1306817
2026-05-19 20:15:27,esterno,2560,15012,3872,-169,-545,-162,649384
2026-05-19 20:15:27,lombar,16648,-708,-1104,-67,-341,472,1306839
2026-05-19 20:15:27,esterno,2600,15176,4092,-75,-399,-189,649406
2026-05-19 20:15:27,lombar,16760,-616,-1224,-80,-253,502,1306861
2026-05-19 20:15:27,esterno,2664,15364,4072,35,-521,-205,649428
2026-05-19 20:15:27,lombar,16696,-696,-1072,-211,-168,510,1306883
2026-05-19 20:15:27,esterno,2588,15348,3928,-1,-453,-217,649450
2026-05-19 20:15:27,lombar,16612,-632,-1132,-302,-180,479,1306905
2026-05-19 20:15:27,esterno,2644,15116,4096,-78,-435,-220,649472
2026-05-19 20:15:27,lombar,16608,-636,-1044,-383,-281,553,1306927
2026-05-19 20:15:27,esterno,2728,15264,3924,-147,-449,-114,649494
2026-05-19 20:15:27,lombar,16596,-636,-1124,-299,-280,429,1306949
2026-05-19 20:15:28,esterno,2536,15224,4052,-193,-405,-83,649516
2026-05-19 20:15:28,lombar,16616,-696,-1264,-254,-302,483,1306971
2026-05-19 20:15:28,esterno,2884,15220,3844,-199,-317,-148,649538
2026-05-19 20:15:28,lombar,16736,-736,-1200,-274,-253,457,1306993
2026-05-19 20:15:28,esterno,2816,15272,3824,-295,-208,-87,649560
2026-05-19 20:15:28,lombar,16668,-684,-1268,-314,-236,454,1307015
2026-05-19 20:15:28,esterno,2720,15328,4052,-342,-322,21,649582
2026-05-19 20:15:28,lombar,16744,-688,-1012,-338,-231,471,1307037
2026-05-19 20:15:28,esterno,2284,15272,3976,-412,-250,-3,649604
2026-05-19 20:15:28,lombar,16704,-836,-996,-326,-269,411,1307059
2026-05-19 20:15:28,esterno,2748,15324,3976,-340,-479,-55,649626
2026-05-19 20:15:28,lombar,16668,-784,-1100,-197,-214,429,1307081
2026-05-19 20:15:28,esterno,2708,15296,4108,-310,-283,-24,649648
2026-05-19 20:15:28,lombar,16704,-732,-1076,-189,-148,354,1307103
2026-05-19 20:15:28,esterno,2756,15180,4072,-385,-476,-27,649670
2026-05-19 20:15:28,lombar,16516,-712,-1096,-307,-75,377,1307125
2026-05-19 20:15:28,esterno,2600,15268,3984,-383,-511,33,649692
2026-05-19 20:15:28,lombar,16600,-868,-1016,-225,-112,360,1307147
2026-05-19 20:15:28,esterno,2608,15300,4028,-415,-433,94,649714
2026-05-19 20:15:28,lombar,16752,-912,-940,-64,-91,394,1307169
2026-05-19 20:15:28,esterno,2752,15360,4116,-497,-430,102,649736
2026-05-19 20:15:28,esterno,2880,15572,4356,-563,-531,147,649758
2026-05-19 20:15:28,lombar,16700,-876,-1036,126,-113,393,1307191
2026-05-19 20:15:28,lombar,16556,-668,-800,294,51,399,1307213
2026-05-19 20:15:28,esterno,2708,15444,4284,-668,-509,150,649780
2026-05-19 20:15:28,lombar,16716,-804,-1188,213,-87,414,1307235
2026-05-19 20:15:28,esterno,2484,15032,3900,-695,-422,-4,649802
2026-05-19 20:15:28,lombar,16672,-1000,-1208,120,47,374,1307257
2026-05-19 20:15:28,esterno,2868,14996,3964,-925,-615,30,649824
2026-05-19 20:15:28,lombar,16552,-972,-856,102,12,256,1307279
2026-05-19 20:15:28,esterno,2808,14952,3976,-903,-551,143,649846
2026-05-19 20:15:28,lombar,16776,-748,-824,89,26,266,1307301
2026-05-19 20:15:28,lombar,16596,-612,-780,55,-152,268,1307323
2026-05-19 20:15:28,esterno,2752,15056,3944,-887,-603,183,649868
2026-05-19 20:15:28,esterno,2584,14964,3716,-586,-313,91,649890
2026-05-19 20:15:28,lombar,16692,-772,-924,28,-203,276,1307345
2026-05-19 20:15:28,esterno,2976,15100,4176,-545,-512,26,649912
2026-05-19 20:15:28,lombar,16756,-752,-1012,-60,-237,308,1307367
2026-05-19 20:15:28,esterno,2888,15252,3952,-703,-689,338,649934
2026-05-19 20:15:28,lombar,16612,-740,-864,-196,-161,274,1307389
2026-05-19 20:15:28,esterno,2692,15004,4120,-692,-545,171,649956
2026-05-19 20:15:28,lombar,16700,-832,-876,-127,-267,295,1307411
2026-05-19 20:15:28,esterno,2868,15148,4116,-714,-175,56,649978
2026-05-19 20:15:28,lombar,16604,-756,-740,-150,-291,398,1307433
2026-05-19 20:15:28,esterno,2976,15084,4156,-610,-222,47,650000
2026-05-19 20:15:28,lombar,16676,-844,-940,-176,-248,355,1307455
2026-05-19 20:15:28,esterno,2808,15332,4360,-680,-172,219,650022
2026-05-19 20:15:28,lombar,16692,-872,-1200,-136,-198,351,1307477
2026-05-19 20:15:28,esterno,2708,15052,4452,-882,-193,226,650044
2026-05-19 20:15:28,lombar,16624,-940,-980,-164,-211,280,1307499
2026-05-19 20:15:28,esterno,2772,15136,4512,-918,-198,109,650066
2026-05-19 20:15:28,lombar,16644,-868,-828,-56,-283,253,1307521
2026-05-19 20:15:28,esterno,2880,14924,4296,-1046,-77,22,650088
2026-05-19 20:15:28,lombar,16564,-904,-716,42,-414,351,1307543
2026-05-19 20:15:28,esterno,2964,14836,4184,-942,9,52,650110
2026-05-19 20:15:28,lombar,16544,-808,-928,35,-440,369,1307565
2026-05-19 20:15:28,esterno,2944,14980,3956,-804,111,118,650132
2026-05-19 20:15:28,lombar,16508,-780,-520,-25,-405,404,1307587
2026-05-19 20:15:28,esterno,2968,14892,4168,-796,69,71,650154
2026-05-19 20:15:28,lombar,16748,-868,-828,19,-554,346,1307609
2026-05-19 20:15:28,esterno,2728,14836,3992,-798,222,-46,650176
2026-05-19 20:15:28,lombar,16660,-956,-968,163,-551,377,1307631
2026-05-19 20:15:28,esterno,3140,15000,4536,-581,94,28,650198
2026-05-19 20:15:28,lombar,16776,-868,-1388,289,-295,414,1307653
2026-05-19 20:15:28,esterno,2984,15144,4640,-512,125,128,650220
2026-05-19 20:15:28,lombar,16668,-676,-952,192,-318,459,1307675
2026-05-19 20:15:28,esterno,2736,15004,5060,-733,-24,95,650242
2026-05-19 20:15:28,lombar,16804,-644,-940,-39,-126,501,1307697
2026-05-19 20:15:28,esterno,3016,14912,4648,-714,71,24,650264
2026-05-19 20:15:28,lombar,16720,-900,-812,-129,-159,453,1307719
2026-05-19 20:15:28,esterno,2964,14976,4692,-813,158,-30,650286
2026-05-19 20:15:28,lombar,16808,-920,-848,-30,-137,420,1307741
2026-05-19 20:15:28,esterno,2952,14876,4596,-839,185,-3,650308
2026-05-19 20:15:28,lombar,16704,-1044,-1048,-72,-152,363,1307763
2026-05-19 20:15:28,esterno,2980,14968,4868,-758,220,89,650330
2026-05-19 20:15:28,lombar,16544,-920,-816,-98,-119,256,1307785
2026-05-19 20:15:28,esterno,2540,14792,4888,-629,175,20,650352
2026-05-19 20:15:28,lombar,16812,-740,-944,-59,-21,280,1307807
2026-05-19 20:15:28,esterno,2676,14808,4844,-584,166,-111,650374
2026-05-19 20:15:28,lombar,16652,-808,-864,32,-163,235,1307829
2026-05-19 20:15:28,esterno,3552,14824,3772,-700,338,-106,650396
2026-05-19 20:15:28,lombar,16516,-624,-764,14,-69,284,1307851
2026-05-19 20:15:28,esterno,2888,14708,4392,-363,195,-189,650418
2026-05-19 20:15:28,lombar,16460,-628,-580,-99,-100,204,1307873
2026-05-19 20:15:28,esterno,2980,14840,4500,-83,159,-214,650440
2026-05-19 20:15:28,lombar,16728,-648,-680,-107,-168,241,1307895
2026-05-19 20:15:28,esterno,2692,14692,4680,-35,355,-291,650462
2026-05-19 20:15:28,lombar,16668,-664,-688,-74,-205,320,1307917
2026-05-19 20:15:28,esterno,3052,14952,5036,-108,-202,-188,650484
2026-05-19 20:15:28,lombar,16768,-520,-924,-49,-231,340,1307939
2026-05-19 20:15:28,esterno,2812,14900,4584,31,-74,-135,650506
2026-05-19 20:15:28,lombar,16664,-448,-1048,-104,-196,381,1307961
2026-05-19 20:15:29,esterno,2864,14828,4600,180,194,-160,650528
2026-05-19 20:15:29,lombar,16816,-728,-996,-216,-116,361,1307983
2026-05-19 20:15:29,esterno,2940,14900,4888,190,126,-250,650550
2026-05-19 20:15:29,lombar,16680,-728,-968,-275,-107,360,1308005
2026-05-19 20:15:29,esterno,2872,15044,4780,107,84,-239,650572
2026-05-19 20:15:29,lombar,16776,-700,-1028,-179,-59,340,1308027
2026-05-19 20:15:29,esterno,2776,14948,4836,-12,15,-156,650594
2026-05-19 20:15:29,lombar,16720,-752,-1204,-209,-53,491,1308049
2026-05-19 20:15:29,esterno,2944,14916,4840,-32,7,-152,650616
2026-05-19 20:15:29,lombar,16664,-804,-1080,-245,-49,437,1308071
2026-05-19 20:15:29,esterno,2904,14928,4624,-54,-33,-137,650638
2026-05-19 20:15:29,lombar,16640,-880,-880,-237,-61,418,1308093
2026-05-19 20:15:29,esterno,2868,14940,4764,60,-45,-162,650660
2026-05-19 20:15:29,lombar,16608,-976,-800,-225,-8,400,1308115
2026-05-19 20:15:29,esterno,2772,15128,5048,157,-176,-165,650682
2026-05-19 20:15:29,lombar,16868,-836,-1044,-183,65,261,1308137
2026-05-19 20:15:29,esterno,2808,15076,5024,48,-641,-76,650704
2026-05-19 20:15:29,lombar,16644,-816,-920,-111,126,281,1308159
2026-05-19 20:15:29,esterno,2632,15104,4432,218,-589,55,650726
2026-05-19 20:15:29,lombar,16636,-840,-916,-16,166,218,1308181
2026-05-19 20:15:29,esterno,3052,14804,4736,467,-646,-197,650748
2026-05-19 20:15:29,lombar,16816,-920,-592,70,274,179,1308203
2026-05-19 20:15:29,esterno,3240,14960,4680,530,-286,-313,650770
2026-05-19 20:15:29,lombar,16612,-780,-828,196,313,137,1308225
2026-05-19 20:15:29,esterno,2988,14840,4652,428,-415,-304,650792
2026-05-19 20:15:29,lombar,16660,-628,-724,253,272,143,1308247
2026-05-19 20:15:29,esterno,2888,14852,4772,388,-494,-173,650814
2026-05-19 20:15:29,lombar,16832,-400,-728,333,333,263,1308269
2026-05-19 20:15:29,esterno,2960,15060,4652,245,-474,-25,650836
2026-05-19 20:15:29,lombar,16820,-408,-664,280,275,308,1308291
2026-05-19 20:15:29,esterno,2956,14968,4404,220,-384,-91,650858
2026-05-19 20:15:29,lombar,16684,-512,-432,173,57,309,1308313
2026-05-19 20:15:29,esterno,2464,14880,4844,319,-389,-101,650880
2026-05-19 20:15:29,lombar,16660,-612,-748,84,43,230,1308335
2026-05-19 20:15:29,esterno,2820,14940,4440,127,-173,8,650902
2026-05-19 20:15:29,lombar,16728,-664,-964,137,119,325,1308357
2026-05-19 20:15:29,esterno,2992,14964,4176,207,-118,102,650924
2026-05-19 20:15:29,lombar,16884,-636,-808,57,106,283,1308379
2026-05-19 20:15:29,esterno,2720,14988,4448,140,-49,54,650946
2026-05-19 20:15:29,lombar,16740,-688,-660,-94,50,289,1308401
2026-05-19 20:15:29,esterno,2828,14956,4268,85,100,33,650968
2026-05-19 20:15:29,lombar,16660,-724,-592,-227,62,246,1308423
2026-05-19 20:15:29,esterno,2876,14964,4092,296,184,-23,650990
2026-05-19 20:15:29,lombar,16724,-604,-468,-315,18,363,1308445
2026-05-19 20:15:29,esterno,2728,14916,4632,74,120,-35,651012
2026-05-19 20:15:29,lombar,16756,-828,-660,-402,25,421,1308467
2026-05-19 20:15:29,esterno,2792,15140,4480,-143,-431,193,651034
2026-05-19 20:15:29,lombar,16628,-864,-680,-429,82,338,1308489
2026-05-19 20:15:29,esterno,2840,14972,4212,-76,-316,101,651056
2026-05-19 20:15:29,lombar,16760,-892,-632,-332,84,321,1308511
2026-05-19 20:15:29,esterno,2684,14872,4344,55,18,-87,651078
2026-05-19 20:15:29,lombar,16736,-836,-556,-345,-4,312,1308533
2026-05-19 20:15:29,esterno,2820,14992,4384,95,-23,-278,651100
2026-05-19 20:15:29,lombar,16732,-884,-408,-219,-54,356,1308555
2026-05-19 20:15:29,esterno,2756,15116,4368,-51,-54,-184,651122
2026-05-19 20:15:29,lombar,16636,-800,-508,-32,-228,392,1308577
2026-05-19 20:15:29,esterno,2836,14944,4468,-156,-107,-164,651144
2026-05-19 20:15:29,lombar,16580,-708,-356,-39,-232,408,1308599
2026-05-19 20:15:29,esterno,2948,15052,4516,-153,-99,-187,651166
2026-05-19 20:15:29,lombar,16624,-716,-408,-150,-259,366,1308621
2026-05-19 20:15:29,esterno,2996,14972,4260,-107,-202,-178,651188
2026-05-19 20:15:29,lombar,16736,-812,-408,-116,-292,374,1308643
2026-05-19 20:15:29,esterno,2936,15256,4436,-72,-169,-131,651210
2026-05-19 20:15:29,lombar,16812,-924,-560,-76,-330,336,1308665
2026-05-19 20:15:29,esterno,2876,15176,4408,-85,-295,-82,651232
2026-05-19 20:15:29,lombar,16740,-780,-516,-18,-384,365,1308687
2026-05-19 20:15:29,esterno,3040,15120,4528,-250,-426,-1,651254
2026-05-19 20:15:29,lombar,16656,-760,-564,-5,-370,378,1308709
2026-05-19 20:15:29,esterno,2852,14792,3956,-232,-182,-115,651276
2026-05-19 20:15:29,lombar,16704,-784,-472,-13,-331,396,1308731
2026-05-19 20:15:29,esterno,3032,14936,4300,-141,-176,-183,651298
2026-05-19 20:15:29,lombar,16832,-760,-612,-91,-366,372,1308753
2026-05-19 20:15:29,esterno,2972,15024,4228,-168,-70,-77,651320
2026-05-19 20:15:29,lombar,16672,-832,-288,-161,-418,469,1308775
2026-05-19 20:15:29,esterno,2852,15008,4272,-264,-188,-87,651342
2026-05-19 20:15:29,lombar,16728,-780,-580,-231,-462,498,1308797
2026-05-19 20:15:29,esterno,2904,15228,4344,-269,-140,-75,651364
2026-05-19 20:15:29,lombar,16812,-828,-480,-154,-400,473,1308819
2026-05-19 20:15:29,esterno,3088,15144,4196,-303,-101,-133,651386
2026-05-19 20:15:29,lombar,16836,-840,-560,-66,-455,549,1308841
2026-05-19 20:15:29,esterno,2904,15072,4216,-312,-58,-208,651408
2026-05-19 20:15:29,lombar,16656,-584,-320,-129,-486,575,1308863
2026-05-19 20:15:29,esterno,2888,15016,4432,-291,-5,-174,651430
2026-05-19 20:15:29,lombar,16624,-700,-244,-309,-559,628,1308885
2026-05-19 20:15:29,esterno,2844,15136,4376,-348,-34,-130,651452
2026-05-19 20:15:29,lombar,16624,-820,-660,-411,-636,644,1308907
2026-05-19 20:15:29,esterno,2748,15352,4328,-445,-116,-170,651474
2026-05-19 20:15:29,lombar,16736,-936,-676,-400,-717,535,1308929
2026-05-19 20:15:29,esterno,2620,15252,4312,-516,-203,-213,651496
2026-05-19 20:15:29,lombar,16640,-1044,-600,-370,-728,470,1308951
2026-05-19 20:15:29,esterno,2676,15232,4244,-494,-184,-137,651518
2026-05-19 20:15:30,lombar,16564,-1044,-672,-277,-732,411,1308973
2026-05-19 20:15:30,esterno,2812,15200,4364,-467,160,-142,651540
2026-05-19 20:15:30,lombar,16764,-744,-676,-113,-799,361,1308995
2026-05-19 20:15:30,esterno,3164,15396,4724,-853,-364,12,651562
2026-05-19 20:15:30,lombar,16724,-720,-668,-27,-860,350,1309017
2026-05-19 20:15:30,esterno,2984,14916,3932,-994,-379,257,651584
2026-05-19 20:15:30,lombar,16468,-612,-652,119,-893,305,1309039
2026-05-19 20:15:30,esterno,3112,14664,4148,-716,46,207,651606
2026-05-19 20:15:30,lombar,16596,-616,-612,208,-922,317,1309061
2026-05-19 20:15:30,esterno,3220,14632,4436,-475,333,174,651628
2026-05-19 20:15:30,lombar,16660,-540,-664,105,-806,363,1309083
2026-05-19 20:15:30,esterno,3160,14956,4664,-332,428,185,651650
2026-05-19 20:15:30,lombar,16664,-752,-496,98,-744,366,1309105
2026-05-19 20:15:30,esterno,2880,15016,4596,-361,358,338,651672
2026-05-19 20:15:30,lombar,16736,-832,-672,123,-717,261,1309127
2026-05-19 20:15:30,esterno,3048,14944,4712,-294,483,222,651694
2026-05-19 20:15:30,lombar,16936,-816,-960,228,-599,230,1309149
2026-05-19 20:15:30,esterno,3160,14744,4564,-200,592,161,651716
2026-05-19 20:15:30,lombar,16788,-740,-844,347,-466,312,1309171
2026-05-19 20:15:30,esterno,3084,14864,4560,-62,678,138,651738
2026-05-19 20:15:30,lombar,16660,-956,-796,267,-417,237,1309193
2026-05-19 20:15:30,esterno,2972,14872,4652,-42,665,145,651760
2026-05-19 20:15:30,lombar,16784,-800,-684,214,-454,319,1309215
2026-05-19 20:15:30,esterno,2972,15016,4776,-152,572,68,651782
2026-05-19 20:15:30,lombar,16776,-744,-840,207,-472,279,1309237
2026-05-19 20:15:30,esterno,2908,14876,4480,-209,547,-4,651804
2026-05-19 20:15:30,lombar,16728,-788,-848,191,-477,362,1309259
2026-05-19 20:15:30,esterno,2816,14720,4420,-155,528,-110,651826
2026-05-19 20:15:30,lombar,16664,-900,-844,179,-314,353,1309281
2026-05-19 20:15:30,esterno,3156,15024,4504,-3,527,-88,651848
2026-05-19 20:15:30,lombar,16736,-928,-1044,127,-278,386,1309303
2026-05-19 20:15:30,esterno,3000,14892,4548,-141,551,-116,651870
2026-05-19 20:15:30,lombar,16732,-928,-748,74,-311,364,1309325
2026-05-19 20:15:30,esterno,2704,14852,4700,-132,310,-278,651892
2026-05-19 20:15:30,lombar,16632,-708,-804,6,-279,414,1309347
2026-05-19 20:15:30,esterno,2852,15004,4552,-129,312,-255,651914
2026-05-19 20:15:30,lombar,16784,-868,-736,60,-220,468,1309369
2026-05-19 20:15:30,esterno,2872,14916,4560,-299,312,-210,651936
2026-05-19 20:15:30,lombar,16696,-872,-820,86,-212,481,1309391
2026-05-19 20:15:30,esterno,2772,14932,4628,-213,279,-250,651958
2026-05-19 20:15:30,lombar,16652,-728,-752,3,-206,475,1309413
2026-05-19 20:15:30,esterno,2876,15032,4588,-125,321,-305,651980
2026-05-19 20:15:30,lombar,16644,-800,-992,-44,-195,462,1309435
2026-05-19 20:15:30,esterno,2900,14920,4788,-190,326,-348,652002
2026-05-19 20:15:30,lombar,16792,-812,-892,-41,-229,449,1309457
2026-05-19 20:15:30,esterno,2860,15044,4684,-178,312,-376,652024
2026-05-19 20:15:30,lombar,16608,-852,-1072,-41,-147,461,1309479
2026-05-19 20:15:30,esterno,2744,14860,4528,-78,352,-334,652046
2026-05-19 20:15:30,lombar,16624,-852,-864,-49,-155,465,1309501
2026-05-19 20:15:30,esterno,2760,14852,4164,199,617,-464,652068
2026-05-19 20:15:30,lombar,16768,-720,-960,-129,-165,463,1309523
2026-05-19 20:15:30,esterno,2860,14932,5052,20,451,-630,652090
2026-05-19 20:15:30,lombar,16640,-708,-980,-278,-132,481,1309545
2026-05-19 20:15:30,esterno,2724,15156,4568,-79,124,-350,652112
2026-05-19 20:15:30,lombar,16632,-848,-932,-325,-167,507,1309567
2026-05-19 20:15:30,esterno,2484,14828,4520,-25,162,-304,652134
2026-05-19 20:15:30,lombar,16728,-1020,-1036,-221,-73,426,1309589
2026-05-19 20:15:30,esterno,2684,14920,4592,191,370,-324,652156
2026-05-19 20:15:30,lombar,16732,-1020,-872,-217,12,373,1309611
2026-05-19 20:15:30,esterno,2920,15156,4576,134,377,-406,652178
2026-05-19 20:15:30,lombar,16608,-948,-896,-177,26,384,1309633
2026-05-19 20:15:30,esterno,2648,15004,4612,63,372,-343,652200
2026-05-19 20:15:30,lombar,16540,-816,-824,-145,40,401,1309655
2026-05-19 20:15:30,esterno,2548,15004,4692,-72,385,-285,652222
2026-05-19 20:15:30,lombar,16572,-936,-1048,-133,-19,398,1309677
2026-05-19 20:15:30,esterno,2764,15084,4688,-137,393,-181,652244
2026-05-19 20:15:30,lombar,16704,-1112,-1000,-7,-16,367,1309699
2026-05-19 20:15:30,esterno,2568,15132,4472,-129,397,-61,652266
2026-05-19 20:15:30,lombar,16656,-960,-720,87,-87,397,1309721
2026-05-19 20:15:30,esterno,2468,15056,4660,-148,357,-125,652288
2026-05-19 20:15:30,lombar,16640,-952,-760,142,-103,409,1309743
2026-05-19 20:15:30,esterno,2580,15072,4792,-255,225,-64,652310
2026-05-19 20:15:30,lombar,16652,-852,-616,114,-153,386,1309765
2026-05-19 20:15:30,esterno,2392,14896,4708,-335,128,-6,652332
2026-05-19 20:15:30,lombar,16636,-908,-968,156,-244,443,1309787
2026-05-19 20:15:30,esterno,2272,14812,4372,-394,297,32,652354
2026-05-19 20:15:30,lombar,16536,-904,-856,110,-253,346,1309809
2026-05-19 20:15:30,esterno,2752,14976,4484,-225,172,-32,652376
2026-05-19 20:15:30,lombar,16668,-940,-868,121,-256,336,1309831
2026-05-19 20:15:30,esterno,2544,15208,4732,-207,267,33,652398
2026-05-19 20:15:30,lombar,16668,-1032,-700,124,-302,339,1309853
2026-05-19 20:15:30,esterno,2496,14912,4568,-261,178,-31,652420
2026-05-19 20:15:30,lombar,16660,-836,-636,50,-313,351,1309875
2026-05-19 20:15:30,esterno,2496,15052,4756,-272,186,-4,652442
2026-05-19 20:15:30,lombar,16720,-888,-712,77,-392,352,1309897
2026-05-19 20:15:30,esterno,2620,14924,4692,-350,185,140,652464
2026-05-19 20:15:30,lombar,16696,-916,-820,63,-396,366,1309919
2026-05-19 20:15:30,esterno,2536,14940,4620,-289,166,70,652486
2026-05-19 20:15:30,lombar,16656,-776,-788,66,-422,329,1309941
2026-05-19 20:15:30,esterno,2532,14932,4584,-292,216,0,652508
2026-05-19 20:15:31,lombar,16724,-908,-732,3,-402,395,1309963
2026-05-19 20:15:31,esterno,2624,14992,4688,-356,249,24,652530
2026-05-19 20:15:31,lombar,16720,-940,-748,-10,-435,392,1309985
2026-05-19 20:15:31,esterno,2680,15036,4756,-409,182,32,652552
2026-05-19 20:15:31,lombar,16724,-924,-892,-61,-405,428,1310007
2026-05-19 20:15:31,esterno,2636,14924,4688,-446,105,62,652574
2026-05-19 20:15:31,lombar,16684,-852,-640,-92,-381,399,1310029
2026-05-19 20:15:31,esterno,2560,14876,4588,-328,160,-27,652596
2026-05-19 20:15:31,lombar,16692,-808,-792,-106,-364,431,1310051
2026-05-19 20:15:31,esterno,2480,14824,5064,-272,222,-267,652618
2026-05-19 20:15:31,lombar,16616,-900,-640,-169,-415,456,1310073
2026-05-19 20:15:31,esterno,2708,15288,4816,-475,-96,-23,652640
2026-05-19 20:15:31,lombar,16656,-1004,-728,-198,-418,460,1310095
2026-05-19 20:15:31,esterno,2324,14800,4444,-402,-173,-3,652662
2026-05-19 20:15:31,lombar,16704,-1008,-816,-122,-347,422,1310117
2026-05-19 20:15:31,esterno,2288,14768,4632,-258,183,-182,652684
2026-05-19 20:15:31,lombar,16680,-980,-916,-45,-317,498,1310139
2026-05-19 20:15:31,esterno,2732,15060,4680,-218,163,-296,652706
2026-05-19 20:15:31,lombar,16684,-984,-824,-77,-267,514,1310161
2026-05-19 20:15:31,esterno,2576,15016,4600,-135,262,-296,652728
2026-05-19 20:15:31,lombar,16756,-856,-696,-129,-258,468,1310183
2026-05-19 20:15:31,esterno,2416,14968,4904,-171,196,-221,652750
2026-05-19 20:15:31,lombar,16668,-872,-1040,-180,-254,576,1310205
2026-05-19 20:15:31,esterno,2536,15184,4776,-219,162,-153,652772
2026-05-19 20:15:31,lombar,16752,-964,-760,-179,-272,512,1310227
2026-05-19 20:15:31,esterno,2504,15000,4660,-234,140,-227,652794
2026-05-19 20:15:31,lombar,16728,-992,-928,-127,-331,492,1310249
2026-05-19 20:15:31,esterno,2240,15032,4960,-236,236,-325,652816
2026-05-19 20:15:31,lombar,16628,-980,-864,-118,-356,464,1310271
2026-05-19 20:15:31,esterno,2416,14956,4576,-222,287,-277,652838
2026-05-19 20:15:31,lombar,16696,-1012,-848,-167,-343,462,1310293
2026-05-19 20:15:31,esterno,2420,15144,4872,-426,145,-113,652860
2026-05-19 20:15:31,lombar,16596,-1060,-688,-194,-369,449,1310315
2026-05-19 20:15:31,esterno,2192,14964,4600,-404,265,-67,652882
2026-05-19 20:15:31,lombar,16652,-1060,-972,-170,-404,433,1310337
2026-05-19 20:15:31,esterno,2548,15048,4740,-310,6,-194,652904
2026-05-19 20:15:31,lombar,16820,-920,-916,-82,-338,447,1310359
2026-05-19 20:15:31,esterno,2620,15104,4848,-300,219,-64,652926
2026-05-19 20:15:31,lombar,16684,-976,-780,-65,-315,416,1310381
2026-05-19 20:15:31,esterno,2412,14896,4732,-294,16,-22,652948
2026-05-19 20:15:31,lombar,16628,-908,-596,-175,-347,419,1310403
2026-05-19 20:15:31,esterno,2528,15088,4684,-275,5,-3,652970
2026-05-19 20:15:31,lombar,16596,-996,-880,-159,-361,403,1310425
2026-05-19 20:15:31,esterno,2492,14916,4788,-277,-48,16,652992
2026-05-19 20:15:31,lombar,16724,-1136,-668,-60,-364,386,1310447
2026-05-19 20:15:31,esterno,2444,14864,4748,-255,-23,22,653014
2026-05-19 20:15:31,lombar,16652,-1020,-720,-41,-374,341,1310469
2026-05-19 20:15:31,esterno,2428,15020,4552,-177,11,13,653036
2026-05-19 20:15:31,lombar,16744,-972,-832,2,-350,371,1310491
2026-05-19 20:15:31,esterno,2428,14972,4736,-103,92,-1,653058
2026-05-19 20:15:31,lombar,16800,-988,-880,35,-338,359,1310513
2026-05-19 20:15:31,esterno,2444,15012,4780,-209,101,26,653080
2026-05-19 20:15:31,lombar,16628,-1036,-896,47,-315,388,1310535
2026-05-19 20:15:31,esterno,2516,14960,4984,-169,24,-31,653102
2026-05-19 20:15:31,lombar,16636,-996,-816,12,-298,316,1310557
2026-05-19 20:15:31,esterno,2400,15008,4744,-110,30,-45,653124
2026-05-19 20:15:31,lombar,16688,-1048,-812,-13,-292,327,1310579
2026-05-19 20:15:31,esterno,2292,14864,4720,-34,378,-127,653146
2026-05-19 20:15:31,lombar,16692,-924,-656,-24,-332,361,1310601
2026-05-19 20:15:31,esterno,2640,15136,4892,-172,-81,3,653168
2026-05-19 20:15:31,lombar,16636,-1016,-716,-122,-389,360,1310623
2026-05-19 20:15:31,esterno,2168,14900,4728,-241,-69,122,653190
2026-05-19 20:15:31,lombar,16668,-1056,-1020,-73,-345,385,1310645
2026-05-19 20:15:31,esterno,2316,14916,4768,-124,76,-19,653212
2026-05-19 20:15:31,lombar,16728,-1020,-912,17,-350,344,1310667
2026-05-19 20:15:31,esterno,2592,14964,4732,-100,202,-105,653234
2026-05-19 20:15:31,lombar,16636,-972,-876,7,-286,329,1310689
2026-05-19 20:15:31,esterno,2496,15100,4848,-49,225,-77,653256
2026-05-19 20:15:31,lombar,16684,-1040,-876,-29,-316,325,1310711
2026-05-19 20:15:31,esterno,2408,14900,4680,-114,196,43,653278
2026-05-19 20:15:31,lombar,16580,-1072,-872,-133,-324,341,1310733
2026-05-19 20:15:31,esterno,2460,15068,5084,-197,118,31,653300
2026-05-19 20:15:31,lombar,16624,-1080,-752,-126,-381,340,1310755
2026-05-19 20:15:31,esterno,2392,14924,4872,-211,129,-38,653322
2026-05-19 20:15:31,lombar,16712,-1116,-980,-7,-352,322,1310777
2026-05-19 20:15:31,esterno,2288,14840,4784,-166,217,-89,653344
2026-05-19 20:15:31,lombar,16576,-1080,-896,17,-308,317,1310799
2026-05-19 20:15:31,esterno,2356,14988,4736,-217,216,-41,653366
2026-05-19 20:15:31,lombar,16780,-960,-788,-61,-287,432,1310821
2026-05-19 20:15:31,esterno,2604,15040,4948,-327,260,-66,653388
2026-05-19 20:15:31,lombar,16836,-932,-764,-186,-349,399,1310843
2026-05-19 20:15:31,esterno,2352,14980,4816,-244,325,-60,653410
2026-05-19 20:15:31,lombar,16692,-1096,-840,-191,-363,358,1310865
2026-05-19 20:15:31,esterno,2580,14812,5044,-250,12,-156,653432
2026-05-19 20:15:31,lombar,16680,-1132,-984,-138,-290,366,1310887
2026-05-19 20:15:31,esterno,2512,15008,4992,-172,138,-6,653454
2026-05-19 20:15:31,lombar,16652,-1128,-904,-93,-155,348,1310909
2026-05-19 20:15:31,esterno,2260,14824,5028,-124,-56,-60,653476
2026-05-19 20:15:31,lombar,16604,-916,-952,-246,-184,357,1310931
2026-05-19 20:15:31,esterno,2288,15040,4908,-83,-170,-87,653498
2026-05-19 20:15:31,lombar,16660,-880,-824,-343,-196,411,1310953
2026-05-19 20:15:31,esterno,2180,14884,5016,-80,-187,-224,653520
2026-05-19 20:15:32,lombar,16664,-1108,-936,-283,-203,343,1310975
2026-05-19 20:15:32,esterno,2208,14988,4984,-117,-282,-256,653542
2026-05-19 20:15:32,lombar,16624,-1028,-828,-291,-206,386,1310997
2026-05-19 20:15:32,esterno,2288,14964,5048,-132,-361,-216,653564
2026-05-19 20:15:32,lombar,16668,-1048,-900,-311,-208,365,1311019
2026-05-19 20:15:32,esterno,2260,14956,4980,-104,-392,-235,653586
2026-05-19 20:15:32,lombar,16636,-944,-848,-354,-239,422,1311041
2026-05-19 20:15:32,esterno,2280,14852,4928,-113,-447,-368,653608
2026-05-19 20:15:32,lombar,16672,-1056,-916,-386,-239,387,1311063
2026-05-19 20:15:32,esterno,2544,14936,4776,-135,-503,-441,653630
2026-05-19 20:15:32,lombar,16632,-920,-916,-529,-241,393,1311085
2026-05-19 20:15:32,esterno,2460,14940,4980,-160,-536,-407,653652
2026-05-19 20:15:32,lombar,16640,-884,-1000,-578,-217,480,1311107
2026-05-19 20:15:32,esterno,2508,14908,4452,67,-368,-465,653674
2026-05-19 20:15:32,lombar,16632,-1004,-744,-595,-172,535,1311129
2026-05-19 20:15:32,esterno,2516,14680,5008,94,-201,-665,653696
2026-05-19 20:15:32,lombar,16616,-872,-868,-628,-73,613,1311151
2026-05-19 20:15:32,esterno,2724,15132,4656,65,-577,-607,653718
2026-05-19 20:15:32,lombar,16640,-864,-640,-741,-77,708,1311173
2026-05-19 20:15:32,esterno,2156,14808,4728,75,-521,-599,653740
2026-05-19 20:15:32,lombar,16680,-972,-764,-790,-141,682,1311195
2026-05-19 20:15:32,esterno,2180,14928,4848,73,-310,-762,653762
2026-05-19 20:15:32,lombar,16668,-1092,-824,-855,-188,733,1311217
2026-05-19 20:15:32,esterno,2492,15096,4756,263,-516,-790,653784
2026-05-19 20:15:32,lombar,16732,-1020,-700,-989,-184,754,1311239
2026-05-19 20:15:32,esterno,2204,15268,4828,203,-647,-733,653806
2026-05-19 20:15:32,esterno,1868,15100,4920,130,-789,-656,653828
2026-05-19 20:15:32,lombar,16636,-1060,-652,-1058,-199,723,1311261
2026-05-19 20:15:32,lombar,16644,-972,-696,-1231,-240,774,1311283
2026-05-19 20:15:32,esterno,1536,15012,5012,118,-1009,-796,653850
2026-05-19 20:15:32,lombar,16692,-1188,-924,-1186,-327,690,1311305
2026-05-19 20:15:32,esterno,1860,14976,4764,-122,-1138,-819,653872
2026-05-19 20:15:32,lombar,16628,-1136,-924,-1062,-270,632,1311327
2026-05-19 20:15:32,esterno,2036,15136,4584,0,-1353,-846,653894
2026-05-19 20:15:32,lombar,16560,-1028,-824,-1159,-237,695,1311349
2026-05-19 20:15:32,esterno,2240,15228,4612,-119,-1480,-827,653916
2026-05-19 20:15:32,lombar,16820,-956,-816,-1318,-211,633,1311371
2026-05-19 20:15:32,esterno,2312,15096,4704,-235,-1569,-842,653938
2026-05-19 20:15:32,lombar,16548,-1156,-992,-1377,-190,707,1311393
2026-05-19 20:15:32,esterno,2028,14976,4556,-276,-1400,-851,653960
2026-05-19 20:15:32,lombar,16584,-1264,-1096,-1357,-225,613,1311415
2026-05-19 20:15:32,esterno,2448,15012,4748,-332,-1563,-884,653982
2026-05-19 20:15:32,lombar,16716,-1244,-1092,-1201,-204,619,1311437
2026-05-19 20:15:32,esterno,2320,15240,4920,-370,-1280,-850,654004
2026-05-19 20:15:32,lombar,16688,-1208,-932,-1153,-150,672,1311459
2026-05-19 20:15:32,esterno,2192,14976,4556,-415,-1391,-869,654026
2026-05-19 20:15:32,lombar,16700,-1096,-1136,-1364,-215,626,1311481
2026-05-19 20:15:32,esterno,2092,14884,4456,-365,-1347,-946,654048
2026-05-19 20:15:32,lombar,16684,-1140,-924,-1405,-128,666,1311503
2026-05-19 20:15:32,esterno,2020,14992,4708,-394,-1294,-904,654070
2026-05-19 20:15:32,lombar,16580,-1316,-816,-1343,-95,717,1311525
2026-05-19 20:15:32,esterno,2188,15100,4596,-418,-1193,-822,654092
2026-05-19 20:15:32,lombar,16636,-1192,-916,-1279,-201,690,1311547
2026-05-19 20:15:32,esterno,2164,15188,4600,-467,-1089,-795,654114
2026-05-19 20:15:32,lombar,16604,-1300,-784,-1261,-272,674,1311569
2026-05-19 20:15:32,esterno,2108,14944,4608,-490,-910,-812,654136
2026-05-19 20:15:32,lombar,16652,-1296,-744,-1207,-303,602,1311591
2026-05-19 20:15:32,esterno,2124,15100,4580,-528,-814,-702,654158
2026-05-19 20:15:32,lombar,16704,-1380,-880,-1169,-299,632,1311613
2026-05-19 20:15:32,esterno,2124,15172,4664,-476,-715,-581,654180
2026-05-19 20:15:32,lombar,16644,-1540,-648,-998,-288,655,1311635
2026-05-19 20:15:32,esterno,2120,15200,4668,-435,-734,-441,654202
2026-05-19 20:15:32,lombar,16680,-1420,-808,-852,-310,572,1311657
2026-05-19 20:15:32,esterno,1980,15040,4336,-253,-610,-413,654224
2026-05-19 20:15:32,lombar,16604,-1488,-788,-708,-379,485,1311679
2026-05-19 20:15:32,esterno,1764,14948,4804,-130,-325,-495,654246
2026-05-19 20:15:32,lombar,16632,-1304,-844,-575,-435,489,1311701
2026-05-19 20:15:32,esterno,2224,15176,4684,-342,-587,-281,654268
2026-05-19 20:15:32,lombar,16652,-1420,-644,-478,-499,583,1311723
2026-05-19 20:15:32,esterno,1748,15044,4388,-207,-482,-57,654290
2026-05-19 20:15:32,lombar,16672,-1460,-844,-319,-512,486,1311745
2026-05-19 20:15:32,esterno,1872,15048,4644,-52,-120,-144,654312
2026-05-19 20:15:32,lombar,16636,-1528,-816,-195,-486,457,1311767
2026-05-19 20:15:32,esterno,1956,15164,4696,-198,-47,-216,654334
2026-05-19 20:15:32,lombar,16568,-1472,-932,-85,-460,454,1311789
2026-05-19 20:15:32,esterno,2004,15124,4508,-157,1,-128,654356
2026-05-19 20:15:32,lombar,16484,-1424,-884,-19,-470,371,1311811
2026-05-19 20:15:32,esterno,1904,14892,4536,-170,32,-5,654378
2026-05-19 20:15:32,lombar,16612,-1300,-868,-67,-548,286,1311833
2026-05-19 20:15:32,esterno,1900,15080,4628,-138,108,78,654400
2026-05-19 20:15:32,lombar,16632,-1344,-864,17,-586,306,1311855
2026-05-19 20:15:32,esterno,1956,15156,4700,-164,55,43,654422
2026-05-19 20:15:32,lombar,16648,-1396,-940,148,-618,331,1311877
2026-05-19 20:15:32,esterno,1888,15168,4572,-265,132,51,654444
2026-05-19 20:15:32,lombar,16648,-1544,-928,94,-627,327,1311899
2026-05-19 20:15:32,esterno,2124,15060,4392,-233,276,63,654466
2026-05-19 20:15:32,lombar,16756,-1456,-1016,71,-560,300,1311921
2026-05-19 20:15:32,esterno,2116,15096,4904,-172,165,106,654488
2026-05-19 20:15:32,lombar,16628,-1364,-1100,94,-511,269,1311943
2026-05-19 20:15:32,esterno,1648,14748,4612,-119,321,64,654510
2026-05-19 20:15:33,lombar,16588,-1560,-908,36,-390,316,1311965
2026-05-19 20:15:33,esterno,1988,14912,4652,-98,206,-99,654532
2026-05-19 20:15:33,lombar,16800,-1460,-1016,82,-382,281,1311987
2026-05-19 20:15:33,esterno,2132,15196,5008,-131,340,-69,654554
2026-05-19 20:15:33,lombar,16676,-1376,-1120,191,-294,268,1312009
2026-05-19 20:15:33,esterno,1964,15072,4752,-108,148,-2,654576
2026-05-19 20:15:33,lombar,16628,-1368,-1052,91,-301,283,1312031
2026-05-19 20:15:33,esterno,1652,14900,4588,-58,96,-86,654598
2026-05-19 20:15:33,lombar,16740,-1512,-1012,131,-303,300,1312053
2026-05-19 20:15:33,esterno,1756,15012,4740,-25,77,-178,654620
2026-05-19 20:15:33,lombar,16640,-1456,-1080,240,-255,231,1312075
2026-05-19 20:15:33,esterno,1940,15048,4776,1,-47,-258,654642
2026-05-19 20:15:33,lombar,16652,-1280,-1008,346,-172,282,1312097
2026-05-19 20:15:33,esterno,1792,15108,4808,-11,-46,-319,654664
2026-05-19 20:15:33,lombar,16636,-1320,-1116,311,-193,323,1312119
2026-05-19 20:15:33,esterno,1744,14936,4652,-91,-27,-336,654686
2026-05-19 20:15:33,lombar,16620,-1404,-824,125,-248,262,1312141
2026-05-19 20:15:33,esterno,1592,14888,4604,-81,-122,-367,654708
2026-05-19 20:15:33,lombar,16628,-1312,-1252,69,-268,140,1312163
2026-05-19 20:15:33,esterno,1832,15036,4908,-113,-181,-370,654730
2026-05-19 20:15:33,lombar,16548,-1168,-1132,23,-129,281,1312185
2026-05-19 20:15:33,esterno,1864,15064,5004,-135,-182,-513,654752
2026-05-19 20:15:33,lombar,16868,-1092,-1048,-12,-158,250,1312207
2026-05-19 20:15:33,esterno,1780,15156,4632,-179,-266,-475,654774
2026-05-19 20:15:33,lombar,16664,-1088,-920,-383,-55,404,1312229
2026-05-19 20:15:33,esterno,1600,14804,4652,123,-99,-535,654796
2026-05-19 20:15:33,lombar,16400,-1412,-1008,-452,-265,236,1312251
2026-05-19 20:15:33,esterno,1652,15000,4968,-107,-479,-606,654818
2026-05-19 20:15:33,lombar,16484,-1408,-968,-663,-280,222,1312273
2026-05-19 20:15:33,esterno,1696,14804,4600,-397,-677,-546,654840
2026-05-19 20:15:33,lombar,16312,-1620,-1100,-605,-300,110,1312295
2026-05-19 20:15:33,esterno,1540,14824,4824,-194,-492,-654,654862
2026-05-19 20:15:33,lombar,16540,-1496,-1272,-424,-367,84,1312317
2026-05-19 20:15:33,esterno,1556,14980,4796,-140,-221,-764,654884
2026-05-19 20:15:33,lombar,16920,-872,-1480,-452,-245,151,1312339
2026-05-19 20:15:33,esterno,1908,15228,4956,-156,-367,-710,654906
2026-05-19 20:15:33,lombar,16864,-964,-980,-579,-265,278,1312361
2026-05-19 20:15:33,esterno,1744,15116,4972,-265,-459,-603,654928
2026-05-19 20:15:33,lombar,16772,-1168,-1136,-670,-296,274,1312383
2026-05-19 20:15:33,esterno,1604,15040,4816,-370,-553,-593,654950
2026-05-19 20:15:33,lombar,16824,-1032,-1288,-731,-262,269,1312405
2026-05-19 20:15:33,esterno,1716,15124,4792,-290,-599,-639,654972
2026-05-19 20:15:33,lombar,16724,-1152,-988,-663,-175,421,1312427
2026-05-19 20:15:33,esterno,1872,15032,4772,-119,-518,-675,654994
2026-05-19 20:15:33,lombar,16508,-1332,-1060,-588,-163,505,1312449
2026-05-19 20:15:33,esterno,1756,14912,4648,-155,-449,-611,655016
2026-05-19 20:15:33,lombar,16412,-1604,-1256,-497,-260,481,1312471
2026-05-19 20:15:33,esterno,1692,15020,4872,-289,-431,-573,655038
2026-05-19 20:15:33,lombar,16644,-1400,-1412,-335,-191,395,1312493
2026-05-19 20:15:33,esterno,1732,15060,4460,-236,-419,-478,655060
2026-05-19 20:15:33,lombar,16776,-1112,-1032,-234,-209,401,1312515
2026-05-19 20:15:33,esterno,1744,14852,4696,-179,-404,-499,655082
2026-05-19 20:15:33,lombar,16756,-1100,-1240,-177,-196,423,1312537
2026-05-19 20:15:33,esterno,1936,15144,4820,-210,-201,-414,655104
2026-05-19 20:15:33,lombar,16736,-1084,-1104,-87,-148,479,1312559
2026-05-19 20:15:33,esterno,1756,14992,4844,-153,-118,-350,655126
2026-05-19 20:15:33,lombar,16596,-1064,-912,-196,-148,494,1312581
2026-05-19 20:15:33,esterno,1612,15036,4972,-173,-252,-333,655148
2026-05-19 20:15:33,lombar,16516,-1280,-1020,-251,-104,452,1312603
2026-05-19 20:15:33,esterno,1596,15068,4796,-85,-175,-287,655170
2026-05-19 20:15:33,lombar,16644,-1352,-1088,-105,-139,376,1312625
2026-05-19 20:15:33,esterno,1600,14944,4600,-31,-132,-217,655192
2026-05-19 20:15:33,lombar,16736,-1540,-856,92,-276,301,1312647
2026-05-19 20:15:33,esterno,1676,15024,4556,-131,42,-171,655214
