timestamp,node,ax,ay,az,gx,gy,gz,t_ms
2026-05-19 20:15:40,esterno,2328,15228,2260,-2132,-1681,-1131,662276
2026-05-19 20:15:40,lombar,16432,400,-716,634,622,934,1319731
2026-05-19 20:15:40,esterno,2464,15268,2376,-2136,-1976,-1286,662298
2026-05-19 20:15:40,lombar,16368,456,-592,26,258,888,1319753
2026-05-19 20:15:40,esterno,2992,15508,2372,-2726,-1831,-1295,662320
2026-05-19 20:15:40,lombar,16436,484,-936,-500,191,800,1319775
2026-05-19 20:15:40,esterno,2292,15412,3112,-2662,-2082,-1388,662342
2026-05-19 20:15:40,lombar,16532,376,-576,-905,98,849,1319797
2026-05-19 20:15:40,esterno,3624,15404,2176,-2442,-2192,-1497,662364
2026-05-19 20:15:40,lombar,16620,304,-796,-1136,-54,957,1319819
2026-05-19 20:15:40,esterno,2740,15320,2476,-2738,-2122,-1354,662386
2026-05-19 20:15:40,lombar,16772,-64,-712,-1171,-27,967,1319841
2026-05-19 20:15:40,esterno,2980,15440,2280,-2464,-2222,-1422,662408
2026-05-19 20:15:40,lombar,16776,-76,-844,-1360,-180,953,1319863
2026-05-19 20:15:40,esterno,3140,15428,2772,-2099,-2179,-1247,662430
2026-05-19 20:15:40,lombar,16844,-228,-1184,-1339,-170,767,1319885
2026-05-19 20:15:40,esterno,3008,15496,3064,-1997,-2049,-1175,662452
2026-05-19 20:15:40,lombar,16792,-220,-1120,-1218,-236,786,1319907
2026-05-19 20:15:40,esterno,2840,15252,3044,-2033,-1808,-989,662474
2026-05-19 20:15:40,lombar,16796,-424,-1148,-935,-270,693,1319929
2026-05-19 20:15:40,esterno,3544,15272,2856,-1481,-1607,-1028,662496
2026-05-19 20:15:40,lombar,16748,-392,-1048,-642,-230,565,1319951
2026-05-19 20:15:41,esterno,3516,15428,3096,-1615,-1179,-1054,662518
2026-05-19 20:15:41,lombar,16692,-308,-880,-346,-234,528,1319973
2026-05-19 20:15:41,esterno,2972,15548,3876,-1898,-1787,-854,662540
2026-05-19 20:15:41,lombar,16636,-260,-800,-335,-230,669,1319995
2026-05-19 20:15:41,esterno,1824,15244,4156,-1722,-1994,-471,662562
2026-05-19 20:15:41,lombar,16604,-160,-588,-268,-359,618,1320017
2026-05-19 20:15:41,esterno,2424,14792,3076,-1399,-1302,-497,662584
2026-05-19 20:15:41,lombar,16464,-340,-640,-265,-617,651,1320039
2026-05-19 20:15:41,esterno,2572,15280,3376,-1526,-1206,-562,662606
2026-05-19 20:15:41,lombar,16672,-388,-668,-414,-854,565,1320061
2026-05-19 20:15:41,esterno,2624,15416,3364,-1174,-1439,-697,662628
2026-05-19 20:15:41,lombar,16444,-164,-892,-487,-1019,629,1320083
2026-05-19 20:15:41,esterno,2812,15288,3292,-1348,-1484,-522,662650
2026-05-19 20:15:41,lombar,16492,-204,-980,-611,-1104,644,1320105
2026-05-19 20:15:41,esterno,2556,15272,3756,-1312,-1765,-295,662672
2026-05-19 20:15:41,lombar,16620,-204,-1320,-415,-1258,664,1320127
2026-05-19 20:15:41,esterno,2364,15476,3860,-1514,-2002,-158,662694
2026-05-19 20:15:41,lombar,16648,-340,-952,-267,-1152,745,1320149
2026-05-19 20:15:41,esterno,2460,15508,3796,-1463,-2028,-270,662716
2026-05-19 20:15:41,lombar,16596,-356,-1204,-235,-1202,769,1320171
2026-05-19 20:15:41,esterno,2432,16056,4712,-1409,-2360,-163,662738
2026-05-19 20:15:41,lombar,16776,-288,-1828,-452,-721,688,1320193
2026-05-19 20:15:41,esterno,2744,15992,5744,-1697,-3233,14,662760
2026-05-19 20:15:41,lombar,16900,-596,-1756,-753,112,518,1320215
2026-05-19 20:15:41,esterno,2500,15352,4840,-2702,-3325,-111,662782
2026-05-19 20:15:41,lombar,16736,-652,-2020,-683,1043,466,1320237
2026-05-19 20:15:41,esterno,2304,14224,3924,-3110,-3784,-287,662804
2026-05-19 20:15:41,lombar,16800,-520,-1896,-505,1450,686,1320259
2026-05-19 20:15:41,esterno,2312,14044,3152,-2823,-3274,-128,662826
2026-05-19 20:15:41,lombar,16928,-356,-1272,-266,1248,727,1320281
2026-05-19 20:15:41,esterno,2448,14264,3572,-2019,-3276,-173,662848
2026-05-19 20:15:41,lombar,16772,-184,-828,-457,607,743,1320303
2026-05-19 20:15:41,esterno,2760,14780,4112,-1679,-3204,-360,662870
2026-05-19 20:15:41,lombar,16552,-308,-672,-1130,113,666,1320325
2026-05-19 20:15:41,esterno,3004,15100,4436,-1646,-3180,-446,662892
2026-05-19 20:15:41,lombar,16552,-380,-632,-1375,-181,575,1320347
2026-05-19 20:15:41,esterno,3336,15356,4420,-1481,-2958,-322,662914
2026-05-19 20:15:41,lombar,16616,-256,-920,-1318,-213,458,1320369
2026-05-19 20:15:41,esterno,3164,15008,4352,-1522,-2655,-227,662936
2026-05-19 20:15:41,lombar,16644,-472,-760,-1356,54,476,1320391
2026-05-19 20:15:41,esterno,3412,14568,3704,-1060,-2398,-304,662958
2026-05-19 20:15:41,lombar,16620,-488,-724,-1264,9,605,1320413
2026-05-19 20:15:41,esterno,3200,14852,4084,-830,-1913,-309,662980
2026-05-19 20:15:41,lombar,16596,-356,-620,-1209,74,668,1320435
2026-05-19 20:15:41,esterno,2980,14860,4420,-722,-1630,-402,663002
2026-05-19 20:15:41,lombar,16596,-228,-560,-1250,-43,615,1320457
2026-05-19 20:15:41,esterno,3308,14996,4336,-578,-1413,-397,663024
2026-05-19 20:15:41,lombar,16712,-196,-672,-1352,-229,684,1320479
2026-05-19 20:15:41,esterno,3172,14884,4492,-514,-1411,-254,663046
2026-05-19 20:15:41,lombar,16700,-476,-840,-1421,-426,713,1320501
2026-05-19 20:15:41,esterno,2924,14776,4572,-11,-1380,-255,663068
2026-05-19 20:15:41,lombar,16680,-592,-896,-1401,-491,696,1320523
2026-05-19 20:15:41,esterno,2892,14824,4984,38,-1170,-309,663090
2026-05-19 20:15:41,lombar,16804,-552,-1216,-1319,-340,629,1320545
2026-05-19 20:15:41,esterno,3060,15136,4492,160,-1516,-179,663112
2026-05-19 20:15:41,lombar,16628,-828,-872,-1211,-274,469,1320567
2026-05-19 20:15:41,esterno,2976,14972,4416,341,-1755,-99,663134
2026-05-19 20:15:41,lombar,16632,-688,-812,-1119,-158,343,1320589
2026-05-19 20:15:41,esterno,3104,14924,4408,-1,-1248,-220,663156
2026-05-19 20:15:41,lombar,16808,-680,-948,-1101,15,370,1320611
2026-05-19 20:15:41,esterno,3212,14972,4536,81,-1342,-286,663178
2026-05-19 20:15:41,lombar,16812,-628,-576,-1098,127,334,1320633
2026-05-19 20:15:41,esterno,2948,14960,4404,-242,-1328,-383,663200
2026-05-19 20:15:41,lombar,16696,-616,-608,-1166,9,317,1320655
2026-05-19 20:15:41,esterno,2980,14848,4332,-687,-1392,-286,663222
2026-05-19 20:15:41,lombar,16600,-556,-524,-1136,-137,326,1320677
2026-05-19 20:15:41,esterno,3476,15040,4252,-691,-1463,-281,663244
2026-05-19 20:15:41,lombar,16700,-580,-828,-1110,-257,237,1320699
2026-05-19 20:15:41,esterno,3384,14968,4188,-715,-1403,-321,663266
2026-05-19 20:15:41,lombar,16644,-376,-620,-873,-238,337,1320721
2026-05-19 20:15:41,esterno,3352,14980,4360,-545,-1356,-371,663288
2026-05-19 20:15:41,lombar,16564,-624,-768,-574,-330,499,1320743
2026-05-19 20:15:41,esterno,3316,14448,4412,-505,-1262,-468,663310
2026-05-19 20:15:41,lombar,16792,-644,-860,-604,-108,596,1320765
2026-05-19 20:15:41,esterno,3688,15336,4176,-549,-1435,-162,663332
2026-05-19 20:15:41,lombar,16716,-616,-580,-522,-200,568,1320787
2026-05-19 20:15:41,esterno,2904,14600,4292,-209,-1357,-546,663354
2026-05-19 20:15:41,esterno,3268,15136,4484,-252,-1499,-451,663376
2026-05-19 20:15:41,lombar,16544,-384,-724,-429,-291,588,1320809
2026-05-19 20:15:41,lombar,16540,-540,-428,-464,-365,763,1320831
2026-05-19 20:15:41,esterno,3724,14964,4028,-190,-1285,-449,663398
2026-05-19 20:15:41,lombar,16596,-464,-504,-429,-407,854,1320853
2026-05-19 20:15:41,esterno,3252,15200,4392,-272,-1550,-108,663420
2026-05-19 20:15:41,lombar,16616,-88,-660,-734,-527,885,1320875
2026-05-19 20:15:41,esterno,3100,14956,4492,-124,-1650,-249,663442
2026-05-19 20:15:41,lombar,16548,-120,-456,-1108,-572,869,1320897
2026-05-19 20:15:41,esterno,2848,15188,4572,-141,-1657,-252,663464
2026-05-19 20:15:41,lombar,16720,-408,-928,-1194,-652,849,1320919
2026-05-19 20:15:41,esterno,3096,14960,4380,-120,-1679,-352,663486
2026-05-19 20:15:41,lombar,16736,-656,-900,-1050,-893,813,1320941
2026-05-19 20:15:41,esterno,3236,14984,4672,-123,-1783,-463,663508
2026-05-19 20:15:42,lombar,16612,-964,-672,-933,-825,736,1320963
2026-05-19 20:15:42,esterno,2432,14804,5084,-173,-1705,-591,663530
2026-05-19 20:15:42,lombar,16380,-1104,-568,-657,-778,622,1320985
2026-05-19 20:15:42,esterno,3196,14580,4216,-180,-1455,-647,663552
2026-05-19 20:15:42,lombar,16560,-808,-924,-445,-514,542,1321007
2026-05-19 20:15:42,esterno,2100,14664,5448,27,-1483,-704,663574
2026-05-19 20:15:42,lombar,16648,-680,-1188,-353,-186,465,1321029
2026-05-19 20:15:42,esterno,3676,14720,3956,343,-1276,-627,663596
2026-05-19 20:15:42,lombar,16636,-672,-876,-391,-39,474,1321051
2026-05-19 20:15:42,esterno,3504,14960,4612,567,-1157,-722,663618
2026-05-19 20:15:42,lombar,16868,-768,-676,-488,142,342,1321073
2026-05-19 20:15:42,esterno,3368,15048,4500,292,-779,-708,663640
2026-05-19 20:15:42,lombar,16948,-576,-704,-749,204,143,1321095
2026-05-19 20:15:42,esterno,2640,14736,5368,405,-610,-879,663662
2026-05-19 20:15:42,lombar,16692,-448,-496,-982,54,-126,1321117
2026-05-19 20:15:42,esterno,2728,15084,4912,425,-564,-742,663684
2026-05-19 20:15:42,lombar,16696,-372,-972,-1355,-58,-128,1321139
2026-05-19 20:15:42,esterno,3560,14784,3844,585,-535,-875,663706
2026-05-19 20:15:42,lombar,16644,-620,-1408,-1463,39,-208,1321161
2026-05-19 20:15:42,esterno,3524,14912,3956,829,-254,-846,663728
2026-05-19 20:15:42,lombar,16976,-976,-1760,-1107,-207,-39,1321183
2026-05-19 20:15:42,esterno,3092,14912,4576,976,-141,-974,663750
2026-05-19 20:15:42,lombar,17088,-1136,-1864,-519,-282,-69,1321205
2026-05-19 20:15:42,esterno,2884,15040,4860,1343,-82,-1069,663772
2026-05-19 20:15:42,lombar,16756,-704,-1740,-137,-1,-53,1321227
2026-05-19 20:15:42,esterno,3976,14952,3732,890,162,-757,663794
2026-05-19 20:15:42,lombar,16724,-504,-1724,10,251,98,1321249
2026-05-19 20:15:42,esterno,3336,15296,4396,832,110,-633,663816
2026-05-19 20:15:42,lombar,16736,-448,-1592,79,163,229,1321271
2026-05-19 20:15:42,esterno,3956,15220,3732,739,297,-690,663838
2026-05-19 20:15:42,lombar,16908,-452,-1612,54,435,239,1321293
2026-05-19 20:15:42,esterno,3020,15340,4640,728,213,-500,663860
2026-05-19 20:15:42,lombar,16576,-556,-1448,-59,245,200,1321315
2026-05-19 20:15:42,esterno,3568,15612,4232,375,315,-378,663882
2026-05-19 20:15:42,lombar,16736,-660,-1624,170,-65,182,1321337
2026-05-19 20:15:42,esterno,3424,15420,4524,-49,259,-253,663904
2026-05-19 20:15:42,lombar,16516,-896,-1508,574,161,239,1321359
2026-05-19 20:15:42,esterno,3140,15256,3892,-78,625,-221,663926
2026-05-19 20:15:42,lombar,16496,-656,-1284,927,185,301,1321381
2026-05-19 20:15:42,esterno,3184,15340,4496,-137,511,-277,663948
2026-05-19 20:15:42,lombar,16512,-308,-1096,1003,120,246,1321403
2026-05-19 20:15:42,esterno,3068,15592,4376,-431,734,-39,663970
2026-05-19 20:15:42,lombar,16280,-600,-1112,1050,239,68,1321425
2026-05-19 20:15:42,esterno,2788,15244,4228,-503,528,59,663992
2026-05-19 20:15:42,lombar,16536,-324,-944,758,-43,205,1321447
2026-05-19 20:15:42,esterno,3740,15156,3620,-452,512,-68,664014
2026-05-19 20:15:42,lombar,16404,-264,-904,533,-276,43,1321469
2026-05-19 20:15:42,esterno,2708,15492,4616,-532,516,285,664036
2026-05-19 20:15:42,lombar,16408,-304,-992,374,-381,105,1321491
2026-05-19 20:15:42,esterno,2520,15208,4688,-501,322,383,664058
2026-05-19 20:15:42,lombar,16660,-508,-1052,445,-416,160,1321513
2026-05-19 20:15:42,esterno,2804,15196,4160,-428,667,445,664080
2026-05-19 20:15:42,lombar,16728,-336,-764,524,-617,302,1321535
2026-05-19 20:15:42,esterno,2576,15188,4608,-370,497,206,664102
2026-05-19 20:15:42,lombar,16672,-240,-804,343,-639,515,1321557
2026-05-19 20:15:42,esterno,3176,15196,3584,-541,628,280,664124
2026-05-19 20:15:42,lombar,16588,-364,-1068,214,-545,351,1321579
2026-05-19 20:15:42,esterno,2820,15012,3880,-477,673,299,664146
2026-05-19 20:15:42,lombar,16644,-568,-1044,547,-479,331,1321601
2026-05-19 20:15:42,esterno,3092,15048,3920,-300,868,111,664168
2026-05-19 20:15:42,lombar,16616,-608,-1028,857,-623,380,1321623
2026-05-19 20:15:42,esterno,3016,15204,4048,-351,942,135,664190
2026-05-19 20:15:42,lombar,16548,-528,-752,964,-655,377,1321645
2026-05-19 20:15:42,esterno,3172,14900,3728,-109,1057,132,664212
2026-05-19 20:15:42,lombar,16552,-480,-568,881,-710,335,1321667
2026-05-19 20:15:42,esterno,2960,14936,4304,-353,901,24,664234
2026-05-19 20:15:42,lombar,16524,-312,-628,558,-762,266,1321689
2026-05-19 20:15:42,esterno,3204,15332,3952,-670,510,411,664256
2026-05-19 20:15:42,lombar,16640,-116,-948,415,-723,207,1321711
2026-05-19 20:15:42,esterno,2888,14944,3952,-479,616,418,664278
2026-05-19 20:15:42,lombar,16768,-192,-1140,401,-623,404,1321733
2026-05-19 20:15:42,esterno,2792,14988,4004,-539,1118,282,664300
2026-05-19 20:15:42,lombar,16848,-464,-924,407,-677,458,1321755
2026-05-19 20:15:42,esterno,2864,14820,4128,-541,1224,59,664322
2026-05-19 20:15:42,lombar,16688,-356,-932,206,-635,456,1321777
2026-05-19 20:15:42,esterno,2892,14912,4332,-670,945,59,664344
2026-05-19 20:15:42,lombar,16652,-288,-1268,137,-510,406,1321799
2026-05-19 20:15:42,esterno,2728,14932,4416,-872,709,214,664366
2026-05-19 20:15:42,lombar,16656,-432,-1528,103,-482,403,1321821
2026-05-19 20:15:42,esterno,2968,15228,4364,-753,645,276,664388
2026-05-19 20:15:42,lombar,16696,-532,-1232,296,-562,514,1321843
2026-05-19 20:15:42,esterno,3120,15048,4504,-729,601,166,664410
2026-05-19 20:15:42,lombar,16824,-532,-1116,434,-596,568,1321865
2026-05-19 20:15:42,esterno,2924,15028,4460,-747,627,59,664432
2026-05-19 20:15:42,lombar,16672,-400,-912,302,-506,520,1321887
2026-05-19 20:15:42,esterno,2844,15076,4404,-629,499,-27,664454
2026-05-19 20:15:42,lombar,16692,-480,-1032,128,-505,472,1321909
2026-05-19 20:15:42,esterno,3008,14964,4416,-631,144,101,664476
2026-05-19 20:15:42,lombar,16700,-404,-1236,60,-472,392,1321931
2026-05-19 20:15:42,esterno,2632,14940,4196,-620,283,90,664498
2026-05-19 20:15:42,lombar,16668,-600,-1104,245,-446,349,1321953
2026-05-19 20:15:42,esterno,3044,14880,4740,-384,148,-84,664520
2026-05-19 20:15:42,lombar,16712,-500,-964,500,-483,336,1321975
2026-05-19 20:15:43,esterno,3060,15068,4380,-306,197,-54,664542
2026-05-19 20:15:43,lombar,16652,-320,-1040,345,-440,393,1321997
2026-05-19 20:15:43,esterno,2548,14924,4724,-259,-96,-26,664564
2026-05-19 20:15:43,lombar,16600,-356,-1328,151,-397,267,1322019
2026-05-19 20:15:43,esterno,2828,15044,4440,-327,29,70,664586
2026-05-19 20:15:43,lombar,16644,-416,-1292,107,-330,273,1322041
2026-05-19 20:15:43,esterno,3152,14992,4392,-371,94,6,664608
2026-05-19 20:15:43,lombar,16704,-536,-1240,122,-423,325,1322063
2026-05-19 20:15:43,esterno,3032,14984,4440,-306,217,-123,664630
2026-05-19 20:15:43,lombar,16660,-328,-1204,119,-431,456,1322085
2026-05-19 20:15:43,esterno,3092,14964,4368,-352,249,-177,664652
2026-05-19 20:15:43,lombar,16608,-248,-1188,6,-449,472,1322107
2026-05-19 20:15:43,esterno,2952,15028,4608,-383,216,-110,664674
2026-05-19 20:15:43,lombar,16552,-484,-1072,-173,-428,445,1322129
2026-05-19 20:15:43,esterno,2920,14904,4600,-460,184,-114,664696
2026-05-19 20:15:43,lombar,16600,-564,-1288,-221,-393,466,1322151
2026-05-19 20:15:43,esterno,2928,14948,4468,-357,178,-165,664718
2026-05-19 20:15:43,lombar,16620,-632,-1368,-58,-430,515,1322173
2026-05-19 20:15:43,esterno,2824,14872,4444,-337,161,-183,664740
2026-05-19 20:15:43,lombar,16636,-528,-1320,-17,-417,511,1322195
2026-05-19 20:15:43,esterno,2828,14928,4192,-182,191,-260,664762
2026-05-19 20:15:43,lombar,16572,-508,-1120,-126,-421,532,1322217
2026-05-19 20:15:43,esterno,2968,14808,4556,-296,259,-296,664784
2026-05-19 20:15:43,lombar,16584,-576,-1132,-258,-390,530,1322239
2026-05-19 20:15:43,esterno,2856,15112,4584,-467,-370,-53,664806
2026-05-19 20:15:43,lombar,16660,-656,-1296,-309,-320,502,1322261
2026-05-19 20:15:43,esterno,2892,15004,4492,-312,-406,-123,664828
2026-05-19 20:15:43,lombar,16668,-660,-1464,-142,-362,512,1322283
2026-05-19 20:15:43,esterno,2492,14992,4552,-107,-132,-226,664850
2026-05-19 20:15:43,lombar,16704,-560,-1320,3,-272,615,1322305
2026-05-19 20:15:43,esterno,2784,14984,4900,-359,-218,-381,664872
2026-05-19 20:15:43,lombar,16672,-532,-1124,-138,-176,649,1322327
2026-05-19 20:15:43,esterno,2500,15012,4496,-379,-498,-229,664894
2026-05-19 20:15:43,lombar,16688,-492,-956,-290,-71,518,1322349
2026-05-19 20:15:43,esterno,2444,14892,4596,-328,-739,-186,664916
2026-05-19 20:15:43,lombar,16552,-580,-1172,-470,-153,417,1322371
2026-05-19 20:15:43,esterno,2624,14976,4588,-296,-830,-212,664938
2026-05-19 20:15:43,lombar,16688,-856,-1164,-363,-168,398,1322393
2026-05-19 20:15:43,esterno,2564,14980,4808,-124,-887,-291,664960
2026-05-19 20:15:43,lombar,16744,-724,-1112,-263,-194,529,1322415
2026-05-19 20:15:43,esterno,2728,14796,4556,-64,-992,-208,664982
2026-05-19 20:15:43,lombar,16716,-532,-1212,-273,-315,451,1322437
2026-05-19 20:15:43,esterno,2844,14984,4592,-78,-1011,-202,665004
2026-05-19 20:15:43,lombar,16680,-404,-1112,-546,-229,495,1322459
2026-05-19 20:15:43,esterno,3044,14936,4676,-179,-1286,-156,665026
2026-05-19 20:15:43,lombar,16640,-444,-1140,-747,-156,437,1322481
2026-05-19 20:15:43,esterno,3028,14832,4416,-150,-1058,-143,665048
2026-05-19 20:15:43,lombar,16648,-656,-1132,-772,-157,390,1322503
2026-05-19 20:15:43,esterno,3132,14892,4468,-149,-1050,-164,665070
2026-05-19 20:15:43,lombar,16796,-848,-1276,-684,-55,348,1322525
2026-05-19 20:15:43,esterno,3068,15072,4608,-42,-1033,-99,665092
2026-05-19 20:15:43,lombar,16668,-716,-1324,-540,-47,353,1322547
2026-05-19 20:15:43,esterno,2660,15116,4920,-221,-1160,-28,665114
2026-05-19 20:15:43,lombar,16584,-652,-1188,-588,-122,234,1322569
2026-05-19 20:15:43,esterno,2096,15200,4780,-265,-1641,-54,665136
2026-05-19 20:15:43,lombar,16544,-468,-1144,-842,-136,163,1322591
2026-05-19 20:15:43,esterno,2128,15052,4364,-481,-1903,-130,665158
2026-05-19 20:15:43,lombar,16668,-580,-704,-984,-125,183,1322613
2026-05-19 20:15:43,esterno,2700,14800,4636,-259,-1616,-347,665180
2026-05-19 20:15:43,lombar,16584,-436,-500,-1005,-155,196,1322635
2026-05-19 20:15:43,esterno,3680,14820,4604,-132,-1459,-614,665202
2026-05-19 20:15:43,lombar,16432,-264,-772,-1188,-201,253,1322657
2026-05-19 20:15:43,esterno,3540,14916,4224,-71,-1155,-621,665224
2026-05-19 20:15:43,lombar,16756,-352,-1044,-1352,-33,479,1322679
2026-05-19 20:15:43,esterno,3372,14912,4184,-120,-961,-327,665246
2026-05-19 20:15:43,lombar,16672,-372,-1092,-1464,-70,567,1322701
2026-05-19 20:15:43,esterno,3296,15052,4356,-272,-781,-162,665268
2026-05-19 20:15:43,lombar,16716,-596,-1160,-1502,-16,538,1322723
2026-05-19 20:15:43,esterno,3008,15128,4304,-139,-583,-229,665290
2026-05-19 20:15:43,lombar,16828,-892,-1172,-1314,-44,494,1322745
2026-05-19 20:15:43,esterno,2644,14880,4312,90,-81,-425,665312
2026-05-19 20:15:43,lombar,16724,-892,-1312,-763,-125,577,1322767
2026-05-19 20:15:43,esterno,3128,15008,5020,-25,-430,-507,665334
2026-05-19 20:15:43,lombar,16484,-648,-1324,-523,-99,759,1322789
2026-05-19 20:15:43,esterno,3236,15128,4560,-162,-708,-240,665356
2026-05-19 20:15:43,lombar,16480,-524,-1196,-670,-10,742,1322811
2026-05-19 20:15:43,esterno,2836,15068,4392,-152,-650,-153,665378
2026-05-19 20:15:43,lombar,16764,-636,-960,-607,61,674,1322833
2026-05-19 20:15:43,esterno,2496,15008,4228,-195,-475,-147,665400
2026-05-19 20:15:43,lombar,16604,-748,-1068,-453,-41,620,1322855
2026-05-19 20:15:43,esterno,2528,14932,4424,33,-383,-549,665422
2026-05-19 20:15:43,lombar,16728,-864,-1012,-312,-110,607,1322877
2026-05-19 20:15:43,esterno,2564,15252,4772,-19,-417,-644,665444
2026-05-19 20:15:43,lombar,16656,-712,-1036,-162,-49,531,1322899
2026-05-19 20:15:43,esterno,3568,15272,4328,-378,-417,-478,665466
2026-05-19 20:15:43,lombar,16592,-724,-1284,-113,-113,417,1322921
2026-05-19 20:15:43,esterno,2964,15316,4692,-427,-470,-323,665488
2026-05-19 20:15:43,lombar,16676,-524,-1124,-34,-103,331,1322943
2026-05-19 20:15:43,esterno,2836,15048,4336,-338,-167,-347,665510
2026-05-19 20:15:44,lombar,16708,-644,-928,-130,47,312,1322965
2026-05-19 20:15:44,esterno,3548,14952,4216,-250,68,-410,665532
2026-05-19 20:15:44,lombar,16372,-900,-604,13,-4,258,1322987
2026-05-19 20:15:44,esterno,3088,15324,4464,-532,-102,-276,665554
2026-05-19 20:15:44,lombar,16688,-928,-1096,82,-54,272,1323009
2026-05-19 20:15:44,esterno,2664,15104,4188,-708,-140,-346,665576
2026-05-19 20:15:44,lombar,16536,-548,-880,127,-155,379,1323031
2026-05-19 20:15:44,esterno,2196,14908,4776,-618,-197,-600,665598
2026-05-19 20:15:44,lombar,16640,-448,-680,136,-481,290,1323053
2026-05-19 20:15:44,esterno,3308,15020,4392,-336,-129,-557,665620
2026-05-19 20:15:44,lombar,16684,-536,-692,-169,-341,446,1323075
2026-05-19 20:15:44,esterno,3276,15048,4540,-495,98,-393,665642
2026-05-19 20:15:44,lombar,16640,-728,-1232,-175,-311,322,1323097
2026-05-19 20:15:44,esterno,2920,15088,4636,-433,-52,-241,665664
2026-05-19 20:15:44,lombar,16432,-872,-952,-111,-196,413,1323119
2026-05-19 20:15:44,esterno,2812,14980,4692,-438,122,-221,665686
2026-05-19 20:15:44,lombar,16584,-756,-1200,315,-270,412,1323141
2026-05-19 20:15:44,esterno,3044,15168,4504,-480,33,-211,665708
2026-05-19 20:15:44,lombar,16704,-624,-1376,429,-168,520,1323163
2026-05-19 20:15:44,esterno,2860,15092,4804,-453,277,-183,665730
2026-05-19 20:15:44,lombar,16628,-800,-808,423,-67,515,1323185
2026-05-19 20:15:44,esterno,2528,15012,4784,-558,561,-291,665752
2026-05-19 20:15:44,lombar,16684,-1024,-1188,657,-295,507,1323207
2026-05-19 20:15:44,esterno,2672,14820,4648,-568,394,-503,665774
2026-05-19 20:15:44,lombar,16668,-1096,-1088,832,-312,592,1323229
2026-05-19 20:15:44,esterno,2804,14936,4696,-618,369,-364,665796
2026-05-19 20:15:44,lombar,16568,-500,-820,786,-563,541,1323251
2026-05-19 20:15:44,esterno,2792,14804,4576,-590,355,-169,665818
2026-05-19 20:15:44,lombar,16396,-576,-636,470,-525,476,1323273
2026-05-19 20:15:44,esterno,2884,14804,4560,-403,627,-193,665840
2026-05-19 20:15:44,lombar,16660,-792,-796,633,-860,543,1323295
2026-05-19 20:15:44,esterno,2568,14972,4924,-307,836,-290,665862
2026-05-19 20:15:44,lombar,16704,-884,-1032,519,-680,587,1323317
2026-05-19 20:15:44,esterno,2676,14804,4888,-556,347,-262,665884
2026-05-19 20:15:44,lombar,16504,-664,-884,379,-705,623,1323339
2026-05-19 20:15:44,esterno,2392,14648,4556,-647,202,-203,665906
2026-05-19 20:15:44,lombar,16640,-636,-972,452,-716,541,1323361
2026-05-19 20:15:44,esterno,2344,14624,4412,-303,224,-254,665928
2026-05-19 20:15:44,lombar,16708,-868,-984,321,-776,595,1323383
2026-05-19 20:15:44,esterno,2300,14748,4612,-202,387,-336,665950
2026-05-19 20:15:44,lombar,16816,-604,-1168,372,-770,602,1323405
2026-05-19 20:15:44,esterno,2692,14812,4692,-398,613,-466,665972
2026-05-19 20:15:44,lombar,16732,-640,-1144,231,-656,639,1323427
2026-05-19 20:15:44,esterno,2516,15052,5196,-382,397,-304,665994
2026-05-19 20:15:44,lombar,16728,-776,-1156,62,-530,596,1323449
2026-05-19 20:15:44,esterno,2708,15184,4820,-468,383,-307,666016
2026-05-19 20:15:44,lombar,16764,-1144,-1192,58,-445,505,1323471
2026-05-19 20:15:44,esterno,2476,14800,4840,-379,197,-499,666038
2026-05-19 20:15:44,lombar,16784,-1040,-1156,108,-390,477,1323493
2026-05-19 20:15:44,esterno,2332,14748,4824,-241,242,-568,666060
2026-05-19 20:15:44,lombar,16772,-932,-1352,148,-258,289,1323515
2026-05-19 20:15:44,esterno,1940,14920,5224,-253,228,-616,666082
2026-05-19 20:15:44,lombar,16776,-848,-1004,298,-259,311,1323537
2026-05-19 20:15:44,esterno,1920,15156,5444,-296,-146,-645,666104
2026-05-19 20:15:44,lombar,16800,-836,-1332,301,-186,312,1323559
2026-05-19 20:15:44,esterno,2480,15032,4608,-440,-167,-559,666126
2026-05-19 20:15:44,lombar,16576,-892,-1212,26,-88,232,1323581
2026-05-19 20:15:44,esterno,1744,14936,5724,-359,-604,-537,666148
2026-05-19 20:15:44,lombar,16552,-812,-1196,29,-16,225,1323603
2026-05-19 20:15:44,esterno,3156,14936,4384,-315,-479,-414,666170
2026-05-19 20:15:44,lombar,16632,-648,-964,159,-115,244,1323625
2026-05-19 20:15:44,esterno,2128,14996,5356,-435,-751,-188,666192
2026-05-19 20:15:44,lombar,16484,-676,-932,101,-124,373,1323647
2026-05-19 20:15:44,esterno,1964,15024,5264,-631,-1039,-92,666214
2026-05-19 20:15:44,lombar,16580,-648,-1076,-92,-150,415,1323669
2026-05-19 20:15:44,esterno,2580,15104,4940,-583,-1016,41,666236
2026-05-19 20:15:44,lombar,16632,-552,-928,-117,-217,378,1323691
2026-05-19 20:15:44,esterno,2880,14928,4660,-566,-944,100,666258
2026-05-19 20:15:44,lombar,16544,-452,-972,-326,-215,443,1323713
2026-05-19 20:15:44,esterno,2376,14936,4848,-546,-889,120,666280
2026-05-19 20:15:44,lombar,16512,-804,-984,-482,-178,447,1323735
2026-05-19 20:15:44,esterno,2200,14804,5156,-471,-871,130,666302
2026-05-19 20:15:44,lombar,16676,-1104,-936,-190,-292,394,1323757
2026-05-19 20:15:44,esterno,2028,14784,4852,-480,-700,2,666324
2026-05-19 20:15:44,lombar,16708,-908,-1004,-270,-285,453,1323779
2026-05-19 20:15:44,esterno,2440,14744,4392,-355,-620,-112,666346
2026-05-19 20:15:44,lombar,16840,-808,-956,-546,-168,457,1323801
2026-05-19 20:15:44,esterno,2652,14780,4852,-59,-393,-245,666368
2026-05-19 20:15:44,lombar,16712,-848,-992,-640,-76,374,1323823
2026-05-19 20:15:44,esterno,2620,14848,4884,-173,-90,-209,666390
2026-05-19 20:15:44,lombar,16672,-880,-1096,-550,-23,475,1323845
2026-05-19 20:15:44,esterno,2740,15076,5084,-390,-437,-210,666412
2026-05-19 20:15:44,lombar,16804,-968,-1232,-355,-45,510,1323867
2026-05-19 20:15:44,esterno,2692,14860,4640,-381,-564,-239,666434
2026-05-19 20:15:44,lombar,16648,-1068,-1052,-155,90,458,1323889
2026-05-19 20:15:44,esterno,2832,14768,4704,-189,-196,-354,666456
2026-05-19 20:15:44,lombar,16636,-996,-1200,-59,137,331,1323911
2026-05-19 20:15:44,esterno,2744,14808,4972,-177,71,-424,666478
2026-05-19 20:15:44,lombar,16688,-848,-1080,-2,144,416,1323933
2026-05-19 20:15:44,esterno,2472,14772,5072,-137,205,-551,666500
2026-05-19 20:15:44,lombar,16720,-940,-1060,-31,219,537,1323955
2026-05-19 20:15:45,esterno,2432,14684,5208,-189,53,-444,666522
2026-05-19 20:15:45,lombar,16576,-720,-1036,-48,76,453,1323977
2026-05-19 20:15:45,esterno,2536,14736,4988,-305,11,-380,666544
2026-05-19 20:15:45,lombar,16596,-972,-792,7,104,641,1323999
2026-05-19 20:15:45,esterno,2380,14732,4812,-352,34,-420,666566
2026-05-19 20:15:45,lombar,16464,-1076,-1172,203,-33,512,1324021
2026-05-19 20:15:45,esterno,2496,14744,4888,-298,111,-463,666588
2026-05-19 20:15:45,lombar,16788,-752,-780,242,-67,588,1324043
2026-05-19 20:15:45,esterno,2416,14784,4984,-347,202,-482,666610
2026-05-19 20:15:45,lombar,16832,-784,-836,124,-159,600,1324065
2026-05-19 20:15:45,esterno,2464,14872,5292,-367,31,-485,666632
2026-05-19 20:15:45,lombar,16668,-816,-860,-221,-60,812,1324087
2026-05-19 20:15:45,esterno,2228,14936,4856,-331,119,-497,666654
2026-05-19 20:15:45,lombar,16480,-996,-1084,-96,-188,620,1324109
2026-05-19 20:15:45,esterno,2252,14716,5036,-316,7,-668,666676
2026-05-19 20:15:45,lombar,16688,-972,-1168,-77,-160,655,1324131
2026-05-19 20:15:45,esterno,2368,15108,5060,-200,102,-584,666698
2026-05-19 20:15:45,lombar,16852,-1060,-1128,54,-199,749,1324153
2026-05-19 20:15:45,esterno,1988,14868,5236,-275,-58,-530,666720
2026-05-19 20:15:45,lombar,16636,-892,-796,-192,-158,723,1324175
2026-05-19 20:15:45,esterno,2120,15756,5636,-271,-336,-620,666742
2026-05-19 20:15:45,lombar,16516,-836,-844,-327,-72,619,1324197
2026-05-19 20:15:45,esterno,2268,14848,5092,-232,-393,-262,666764
2026-05-19 20:15:45,lombar,16696,-1028,-872,-286,-132,503,1324219
2026-05-19 20:15:45,esterno,2084,14836,5224,-272,-334,-502,666786
2026-05-19 20:15:45,lombar,16900,-968,-760,-338,-86,616,1324241
2026-05-19 20:15:45,esterno,2168,14884,5332,-190,-201,-482,666808
2026-05-19 20:15:45,lombar,16664,-1184,-984,-319,-64,586,1324263
2026-05-19 20:15:45,esterno,2156,15328,5440,-195,-159,-551,666830
2026-05-19 20:15:45,lombar,16768,-1020,-872,-128,-58,477,1324285
2026-05-19 20:15:45,esterno,2168,14936,5040,-271,-187,-245,666852
2026-05-19 20:15:45,lombar,16784,-1160,-820,53,23,544,1324307
2026-05-19 20:15:45,esterno,2112,15004,5096,-230,-238,-357,666874
2026-05-19 20:15:45,lombar,16580,-1264,-788,33,-32,474,1324329
2026-05-19 20:15:45,esterno,1948,14688,4852,-22,-143,-408,666896
2026-05-19 20:15:45,lombar,16716,-1092,-968,69,1,452,1324351
2026-05-19 20:15:45,esterno,2128,14732,5428,45,-8,-493,666918
2026-05-19 20:15:45,lombar,16708,-676,-956,32,45,491,1324373
2026-05-19 20:15:45,esterno,2220,15076,5264,-262,-301,-316,666940
2026-05-19 20:15:45,lombar,16288,-1104,-884,-386,106,427,1324395
2026-05-19 20:15:45,esterno,1788,14720,5104,-69,-650,-437,666962
2026-05-19 20:15:45,lombar,17008,-604,24,-585,-183,573,1324417
2026-05-19 20:15:45,esterno,2072,14904,4960,-40,-611,-517,666984
2026-05-19 20:15:45,lombar,16756,-944,-428,-691,-81,446,1324439
2026-05-19 20:15:45,esterno,2180,14748,5152,-117,-626,-548,667006
2026-05-19 20:15:45,lombar,16632,-876,-832,-832,-187,578,1324461
2026-05-19 20:15:45,esterno,1892,14716,4964,-18,-738,-643,667028
2026-05-19 20:15:45,lombar,16592,-788,-668,-1063,-103,685,1324483
2026-05-19 20:15:45,esterno,1736,14792,5344,-22,-1066,-714,667050
2026-05-19 20:15:45,lombar,16668,-1004,-520,-1610,12,774,1324505
2026-05-19 20:15:45,esterno,1820,14956,5124,-118,-1370,-711,667072
2026-05-19 20:15:45,lombar,16520,-976,-420,-1759,-150,556,1324527
2026-05-19 20:15:45,esterno,1560,14612,5148,-85,-1420,-1036,667094
2026-05-19 20:15:45,lombar,16616,-1160,-524,-1882,-193,569,1324549
2026-05-19 20:15:45,esterno,1976,15076,5184,-218,-1464,-832,667116
2026-05-19 20:15:45,lombar,16684,-1076,-624,-1877,-83,571,1324571
2026-05-19 20:15:45,esterno,1884,15008,5032,-280,-1665,-838,667138
2026-05-19 20:15:45,lombar,16668,-1188,-488,-1950,-127,610,1324593
2026-05-19 20:15:45,esterno,2292,14892,4864,-380,-1837,-976,667160
2026-05-19 20:15:45,lombar,16592,-996,-460,-2067,-137,575,1324615
2026-05-19 20:15:45,esterno,2008,14732,4716,-236,-1807,-1096,667182
2026-05-19 20:15:45,lombar,16676,-1244,-648,-2070,-57,610,1324637
2026-05-19 20:15:45,esterno,1900,14744,5116,-35,-1939,-1214,667204
2026-05-19 20:15:45,lombar,16884,-1256,-616,-1789,-46,661,1324659
2026-05-19 20:15:45,esterno,1960,14932,4980,66,-1666,-1096,667226
2026-05-19 20:15:45,lombar,16856,-1196,-844,-1587,21,841,1324681
2026-05-19 20:15:45,esterno,1808,15028,5108,165,-1986,-1063,667248
2026-05-19 20:15:45,lombar,16652,-948,-680,-1693,-15,882,1324703
2026-05-19 20:15:45,esterno,2304,14912,4564,237,-1808,-1042,667270
2026-05-19 20:15:45,lombar,16792,-904,-732,-1986,127,917,1324725
2026-05-19 20:15:45,esterno,1844,14964,5180,149,-2273,-972,667292
2026-05-19 20:15:45,lombar,16636,-1072,-656,-2337,225,660,1324747
2026-05-19 20:15:45,esterno,1908,15008,5028,132,-2358,-956,667314
2026-05-19 20:15:45,lombar,16564,-1596,-832,-2638,173,370,1324769
2026-05-19 20:15:45,esterno,1824,14824,4976,22,-2231,-1063,667336
2026-05-19 20:15:45,lombar,16052,-1436,-720,-3211,-1611,37,1324791
2026-05-19 20:15:45,esterno,2120,14868,4692,-116,-1966,-1266,667358
2026-05-19 20:15:45,lombar,16920,-1992,-1392,-2468,-1366,-300,1324813
2026-05-19 20:15:45,esterno,2432,15176,4856,-349,-1688,-1388,667380
2026-05-19 20:15:45,lombar,17100,-1772,-2492,-1870,337,-755,1324835
2026-05-19 20:15:45,esterno,2728,15724,4812,-437,-1221,-1290,667402
2026-05-19 20:15:45,lombar,16736,-1468,-2232,-376,736,-1133,1324857
2026-05-19 20:15:45,esterno,2624,15356,3800,-109,-587,-1365,667424
2026-05-19 20:15:45,lombar,17572,-512,240,2672,1090,-1785,1324879
2026-05-19 20:15:45,esterno,3212,14928,4104,-262,-451,-1222,667446
2026-05-19 20:15:45,lombar,17076,1032,852,3671,841,-1458,1324901
2026-05-19 20:15:45,esterno,3872,15060,3176,-2,-664,-688,667468
2026-05-19 20:15:45,lombar,15752,2396,80,2723,1131,-391,1324923
2026-05-19 20:15:45,esterno,4240,15320,2600,641,-655,-247,667490
2026-05-19 20:15:45,lombar,15884,2504,864,1462,578,499,1324945
2026-05-19 20:15:45,esterno,3544,15620,3664,535,-541,8,667512
2026-05-19 20:15:46,lombar,16580,104,1128,-43,-106,543,1324967
2026-05-19 20:15:46,esterno,2744,15552,4128,132,-500,-95,667534
2026-05-19 20:15:46,lombar,16904,-496,-404,-390,-552,467,1324989
2026-05-19 20:15:46,esterno,2080,15276,4072,-304,-407,-440,667556
2026-05-19 20:15:46,lombar,16896,-16,-276,-4,-435,893,1325011
2026-05-19 20:15:46,esterno,1820,15116,4148,-424,-463,-469,667578
2026-05-19 20:15:46,lombar,16656,188,340,394,-612,1283,1325033
2026-05-19 20:15:46,esterno,1928,14724,4348,243,-350,-731,667600
2026-05-19 20:15:46,lombar,16868,252,4,-468,-666,1748,1325055
2026-05-19 20:15:46,esterno,2708,14700,3772,484,-8,-888,667622
2026-05-19 20:15:46,lombar,16836,-164,-24,-1379,-547,1856,1325077
2026-05-19 20:15:46,esterno,1888,14796,4808,505,-10,-717,667644
2026-05-19 20:15:46,lombar,16564,-360,-436,-1910,-328,1581,1325099
2026-05-19 20:15:46,esterno,1796,14704,4544,477,20,-720,667666
2026-05-19 20:15:46,lombar,16432,-556,-652,-2413,-118,1272,1325121
2026-05-19 20:15:46,esterno,1104,14744,5516,536,-190,-1288,667688
2026-05-19 20:15:46,lombar,16852,-724,-548,-3003,31,1147,1325143
2026-05-19 20:15:46,esterno,1088,15140,4864,351,-274,-1387,667710
2026-05-19 20:15:46,lombar,17256,-1032,-292,-3281,271,1047,1325165
2026-05-19 20:15:46,esterno,768,14640,5292,831,-472,-1603,667732
2026-05-19 20:15:46,lombar,17212,-1356,-116,-3697,344,983,1325187
2026-05-19 20:15:46,esterno,784,15116,5120,675,-577,-1735,667754
2026-05-19 20:15:46,lombar,17092,-1692,-316,-3976,699,1217,1325209
2026-05-19 20:15:46,esterno,204,14828,5592,954,-1184,-2049,667776
2026-05-19 20:15:46,lombar,17156,-1888,-468,-3916,1144,1446,1325231
2026-05-19 20:15:46,esterno,596,14680,4604,1162,-1263,-2316,667798
2026-05-19 20:15:46,lombar,16928,-2172,424,-4126,1428,1726,1325253
2026-05-19 20:15:46,esterno,156,14828,4772,1254,-1416,-2395,667820
2026-05-19 20:15:46,lombar,16968,-2580,364,-4486,1176,1863,1325275
2026-05-19 20:15:46,esterno,144,14824,4640,1521,-1495,-2525,667842
2026-05-19 20:15:46,lombar,16700,-2956,-96,-4482,883,1723,1325297
2026-05-19 20:15:46,esterno,144,15496,5068,1764,-1611,-2528,667864
2026-05-19 20:15:46,lombar,16828,-2880,-1272,-3825,725,1720,1325319
2026-05-19 20:15:46,esterno,-16,15764,5272,1309,-1656,-2240,667886
2026-05-19 20:15:46,lombar,16680,-3028,-1336,-3482,1084,1921,1325341
2026-05-19 20:15:46,esterno,28,15824,5088,1299,-1628,-2236,667908
2026-05-19 20:15:46,lombar,16412,-2944,-1208,-3067,724,1784,1325363
2026-05-19 20:15:46,esterno,-188,15916,5180,784,-1491,-2220,667930
2026-05-19 20:15:46,lombar,16672,-3488,-976,-3097,338,1682,1325385
2026-05-19 20:15:46,esterno,148,15368,4384,518,-1019,-2203,667952
2026-05-19 20:15:46,lombar,16168,-3468,-1580,-2474,392,1297,1325407
2026-05-19 20:15:46,esterno,284,15428,5124,292,-1013,-1898,667974
2026-05-19 20:15:46,lombar,16160,-3604,-1400,-1667,461,1135,1325429
2026-05-19 20:15:46,esterno,-300,15476,4644,-37,-860,-1340,667996
2026-05-19 20:15:46,lombar,16384,-3576,-1136,-746,492,1034,1325451
2026-05-19 20:15:46,esterno,-352,15372,4712,115,-385,-1187,668018
2026-05-19 20:15:46,lombar,16240,-3348,-664,-41,320,990,1325473
2026-05-19 20:15:46,esterno,-96,15232,4616,99,24,-1050,668040
2026-05-19 20:15:46,lombar,15936,-3560,-784,555,211,735,1325495
2026-05-19 20:15:46,esterno,56,15012,4448,34,412,-639,668062
2026-05-19 20:15:46,lombar,15760,-3520,-684,1025,-28,404,1325517
2026-05-19 20:15:46,esterno,-100,14824,4552,-210,759,-329,668084
2026-05-19 20:15:46,lombar,15720,-3588,-948,1663,-186,-38,1325539
2026-05-19 20:15:46,esterno,-64,14968,4520,-225,1212,73,668106
2026-05-19 20:15:46,lombar,15784,-3804,-1136,2492,-189,-396,1325561
2026-05-19 20:15:46,esterno,176,15244,4332,-415,1794,724,668128
2026-05-19 20:15:46,lombar,16016,-3736,-880,3403,-459,-685,1325583
2026-05-19 20:15:46,esterno,-152,15136,4676,-639,2370,1171,668150
2026-05-19 20:15:46,lombar,16220,-3172,-752,4052,-736,-896,1325605
2026-05-19 20:15:46,esterno,-352,15416,4932,-919,2761,1712,668172
2026-05-19 20:15:46,lombar,16936,-2336,-404,4340,-730,-984,1325627
2026-05-19 20:15:46,esterno,-24,16076,4812,-1264,3073,1976,668194
2026-05-19 20:15:46,lombar,17324,-1556,-40,4442,-1048,-929,1325649
2026-05-19 20:15:46,esterno,328,15612,4196,-910,3538,1966,668216
2026-05-19 20:15:46,lombar,17184,-1668,-184,4301,-1119,-909,1325671
2026-05-19 20:15:46,esterno,584,15436,4364,-462,3680,2059,668238
2026-05-19 20:15:46,lombar,16964,-2184,-360,4159,-1073,-461,1325693
2026-05-19 20:15:46,esterno,804,15036,4520,-283,3987,2255,668260
2026-05-19 20:15:46,lombar,16620,-2388,-336,4260,-1131,-385,1325715
2026-05-19 20:15:46,esterno,260,14916,4652,-108,3940,2329,668282
2026-05-19 20:15:46,lombar,16500,-2816,-668,4230,-1132,-217,1325737
2026-05-19 20:15:46,esterno,-192,14752,5040,-405,3757,2311,668304
2026-05-19 20:15:46,lombar,16516,-3060,-568,4596,-982,-229,1325759
2026-05-19 20:15:46,esterno,-756,14880,5736,-643,3744,2239,668326
2026-05-19 20:15:46,lombar,16552,-2980,-456,5096,-923,-181,1325781
2026-05-19 20:15:46,esterno,-256,15140,5196,-894,3685,2232,668348
2026-05-19 20:15:46,lombar,16940,-2368,-36,5151,-775,-148,1325803
2026-05-19 20:15:46,esterno,1160,14980,3668,-918,4352,1941,668370
2026-05-19 20:15:46,lombar,16872,-1980,112,5140,-736,-254,1325825
2026-05-19 20:15:46,esterno,84,14852,4616,-839,4250,1700,668392
2026-05-19 20:15:46,lombar,16720,-1260,116,4687,-599,-411,1325847
2026-05-19 20:15:46,esterno,744,14996,3944,-771,4317,1466,668414
2026-05-19 20:15:46,lombar,16732,-1316,148,4224,-454,-592,1325869
2026-05-19 20:15:46,esterno,988,15144,3632,-694,4287,1520,668436
2026-05-19 20:15:46,lombar,16844,-1236,68,3981,-317,-619,1325891
2026-05-19 20:15:46,esterno,436,15144,4324,-163,3992,1368,668458
2026-05-19 20:15:46,lombar,16848,-1276,16,3707,-390,-747,1325913
2026-05-19 20:15:46,esterno,728,14752,4248,-65,4100,1290,668480
2026-05-19 20:15:46,lombar,16688,-1540,396,3544,-277,-1031,1325935
2026-05-19 20:15:46,esterno,192,14864,4748,-341,3690,1181,668502
2026-05-19 20:15:46,lombar,16640,-1232,372,3483,-97,-1205,1325957
2026-05-19 20:15:47,esterno,1212,14916,3344,-225,3990,1052,668524
2026-05-19 20:15:47,lombar,16564,-844,240,3077,-445,-1000,1325979
2026-05-19 20:15:47,esterno,336,14584,4272,341,3897,1123,668546
2026-05-19 20:15:47,lombar,16856,-500,788,3847,-298,-1310,1326001
2026-05-19 20:15:47,esterno,676,14948,3928,709,3875,1100,668568
2026-05-19 20:15:47,lombar,16936,24,1408,4813,-83,-1464,1326023
2026-05-19 20:15:47,esterno,1980,15056,2780,778,4434,1208,668590
2026-05-19 20:15:47,lombar,16400,336,620,5815,-124,-1476,1326045
2026-05-19 20:15:47,esterno,1272,14740,3960,1294,4060,1125,668612
2026-05-19 20:15:47,lombar,16416,272,-480,4877,588,-1199,1326067
2026-05-19 20:15:47,esterno,2376,15756,3672,1370,3903,1709,668634
2026-05-19 20:15:47,lombar,16872,124,-120,4533,1068,-1178,1326089
2026-05-19 20:15:47,esterno,2312,16152,3556,852,3841,2256,668656
2026-05-19 20:15:47,lombar,17968,728,-300,5021,1290,-1156,1326111
2026-05-19 20:15:47,esterno,2532,16716,3692,729,3705,2347,668678
2026-05-19 20:15:47,lombar,17900,1152,720,4549,1079,-848,1326133
2026-05-19 20:15:47,esterno,2276,16360,3732,707,3489,2106,668700
2026-05-19 20:15:47,lombar,17028,1300,732,3832,286,-440,1326155
2026-05-19 20:15:47,esterno,1560,15384,3788,400,2853,1409,668722
2026-05-19 20:15:47,lombar,15712,1712,304,2875,-91,-277,1326177
2026-05-19 20:15:47,esterno,364,14844,4612,294,2110,1092,668744
2026-05-19 20:15:47,lombar,15672,1996,-92,1710,-328,-361,1326199
2026-05-19 20:15:47,esterno,2104,15552,3396,257,1703,1347,668766
2026-05-19 20:15:47,lombar,16336,1956,-96,510,-844,-481,1326221
2026-05-19 20:15:47,esterno,656,15200,4776,112,1062,1125,668788
2026-05-19 20:15:47,lombar,16716,1452,-380,-26,-1308,-271,1326243
2026-05-19 20:15:47,esterno,2068,16016,3936,67,516,984,668810
2026-05-19 20:15:47,lombar,16320,1388,-896,-217,-1515,122,1326265
2026-05-19 20:15:47,esterno,2076,15308,4156,-86,-111,784,668832
2026-05-19 20:15:47,lombar,15784,1488,-832,-412,-2193,606,1326287
2026-05-19 20:15:47,esterno,2788,15056,3484,-794,-346,391,668854
2026-05-19 20:15:47,lombar,16648,1256,-1000,-588,-1905,840,1326309
2026-05-19 20:15:47,esterno,2580,16900,3800,-1620,-520,612,668876
2026-05-19 20:15:47,lombar,19196,-1176,344,-1150,-1824,907,1326331
2026-05-19 20:15:47,esterno,1588,17464,4272,-1270,-746,870,668898
2026-05-19 20:15:47,lombar,18624,-3044,-192,-1608,-1925,1095,1326353
2026-05-19 20:15:47,esterno,1540,16204,4476,-825,-899,141,668920
2026-05-19 20:15:47,lombar,17324,-3232,-1248,-430,-2014,924,1326375
2026-05-19 20:15:47,esterno,664,14744,4144,-1959,-991,-623,668942
2026-05-19 20:15:47,lombar,16492,-32,-960,1651,-1031,-187,1326397
2026-05-19 20:15:47,esterno,1116,14000,4108,-1572,-807,-1294,668964
2026-05-19 20:15:47,lombar,16084,3004,412,1248,-434,-119,1326419
2026-05-19 20:15:47,esterno,1480,14088,3868,-652,-583,-1033,668986
2026-05-19 20:15:47,lombar,15664,2524,984,-211,-434,662,1326441
2026-05-19 20:15:47,esterno,1340,14572,4136,-392,-1136,-360,669008
2026-05-19 20:15:47,lombar,16100,-40,492,-701,-560,863,1326463
2026-05-19 20:15:47,esterno,1428,15136,3964,-734,-1340,451,669030
2026-05-19 20:15:47,lombar,17052,-1140,-72,-1143,-250,437,1326485
2026-05-19 20:15:47,esterno,1508,15356,3652,-1027,-1166,808,669052
2026-05-19 20:15:47,lombar,17696,-1668,-104,-959,171,59,1326507
2026-05-19 20:15:47,esterno,1616,15304,3776,-708,-858,116,669074
2026-05-19 20:15:47,lombar,17104,-1192,544,-88,51,116,1326529
2026-05-19 20:15:47,esterno,1640,14976,3868,-381,-455,-340,669096
2026-05-19 20:15:47,lombar,16380,-676,84,488,-268,518,1326551
2026-05-19 20:15:47,esterno,1316,15032,3908,-270,-495,-348,669118
2026-05-19 20:15:47,lombar,16060,372,-236,307,-90,616,1326573
2026-05-19 20:15:47,esterno,1184,15200,4148,-267,-596,-127,669140
2026-05-19 20:15:47,lombar,16472,1072,280,-679,-101,600,1326595
2026-05-19 20:15:47,esterno,1204,15280,4168,-298,-654,133,669162
2026-05-19 20:15:47,lombar,16868,252,356,-1525,-324,577,1326617
2026-05-19 20:15:47,esterno,1368,15176,4152,-386,-648,246,669184
2026-05-19 20:15:47,lombar,17008,-908,108,-1797,-652,670,1326639
2026-05-19 20:15:47,esterno,1460,15184,4196,-378,-762,267,669206
2026-05-19 20:15:47,lombar,16872,-1380,-204,-1666,-648,879,1326661
2026-05-19 20:15:47,esterno,1436,15320,4560,-554,-809,119,669228
2026-05-19 20:15:47,lombar,16824,-1396,-536,-1450,-396,712,1326683
2026-05-19 20:15:47,esterno,1324,15272,4424,-678,-759,45,669250
2026-05-19 20:15:47,lombar,16844,-1156,-584,-1049,-88,481,1326705
2026-05-19 20:15:47,esterno,1196,15212,4996,-588,-899,71,669272
2026-05-19 20:15:47,lombar,16708,-948,-184,-646,47,472,1326727
2026-05-19 20:15:47,esterno,1456,15196,4624,-631,-582,79,669294
2026-05-19 20:15:47,lombar,16844,-836,-292,-272,-81,545,1326749
2026-05-19 20:15:47,esterno,1312,14960,4808,-600,-651,-89,669316
2026-05-19 20:15:47,lombar,16760,-936,-468,-262,126,718,1326771
2026-05-19 20:15:47,esterno,1540,15108,4444,-608,-705,-136,669338
2026-05-19 20:15:47,lombar,17060,-1100,-72,-449,278,692,1326793
2026-05-19 20:15:47,esterno,1248,15036,4528,-665,-597,-181,669360
2026-05-19 20:15:47,lombar,16860,-1448,56,-401,306,551,1326815
2026-05-19 20:15:47,esterno,1392,15092,4312,-630,-349,-367,669382
2026-05-19 20:15:47,lombar,16644,-1416,-144,-5,512,408,1326837
2026-05-19 20:15:47,esterno,1312,14980,4284,-506,-492,-312,669404
2026-05-19 20:15:47,lombar,16664,-1092,128,380,502,401,1326859
2026-05-19 20:15:47,esterno,1244,14880,4344,-337,-561,-389,669426
2026-05-19 20:15:47,lombar,16524,-664,556,256,425,399,1326881
2026-05-19 20:15:47,esterno,1348,14908,4328,-157,-609,-443,669448
2026-05-19 20:15:47,lombar,16692,-384,280,-61,422,371,1326903
2026-05-19 20:15:47,esterno,1256,14952,4264,67,-570,-489,669470
2026-05-19 20:15:47,lombar,16704,-268,572,-498,154,487,1326925
2026-05-19 20:15:47,esterno,1184,15100,3908,242,-193,-564,669492
2026-05-19 20:15:47,lombar,16628,-792,556,-784,-3,465,1326947
2026-05-19 20:15:47,esterno,1420,15116,4828,6,-448,-544,669514
2026-05-19 20:15:48,lombar,16508,-848,240,-855,-268,398,1326969
2026-05-19 20:15:48,esterno,1220,15160,4472,-57,-749,-498,669536
2026-05-19 20:15:48,lombar,16612,-868,-32,-902,-248,319,1326991
2026-05-19 20:15:48,esterno,1108,15080,4304,157,-296,-583,669558
2026-05-19 20:15:48,lombar,16788,-696,-128,-823,-139,289,1327013
2026-05-19 20:15:48,esterno,1312,15184,4420,90,-91,-527,669580
2026-05-19 20:15:48,lombar,16856,-780,748,-1056,-562,234,1327035
2026-05-19 20:15:48,esterno,1404,15268,4620,31,130,-506,669602
2026-05-19 20:15:48,lombar,16948,-736,-104,-889,-633,195,1327057
2026-05-19 20:15:48,esterno,1288,15328,4480,-181,144,-396,669624
2026-05-19 20:15:48,lombar,16860,-848,-368,-844,-147,84,1327079
2026-05-19 20:15:48,esterno,1428,15380,4624,-206,130,-413,669646
2026-05-19 20:15:48,lombar,16712,-916,284,-601,100,-46,1327101
2026-05-19 20:15:48,esterno,1472,15168,4368,-147,120,-414,669668
2026-05-19 20:15:48,lombar,16628,-756,268,-472,102,52,1327123
2026-05-19 20:15:48,esterno,1176,15072,4188,-64,160,-295,669690
2026-05-19 20:15:48,lombar,16440,-440,192,-453,164,213,1327145
2026-05-19 20:15:48,esterno,864,15064,4432,74,118,-242,669712
2026-05-19 20:15:48,lombar,16476,-456,28,-473,224,214,1327167
2026-05-19 20:15:48,esterno,1216,15100,4784,172,-199,-138,669734
2026-05-19 20:15:48,lombar,16760,-508,228,-709,132,252,1327189
2026-05-19 20:15:48,esterno,972,15272,4312,99,-262,-121,669756
2026-05-19 20:15:48,lombar,16864,-808,-44,-684,190,153,1327211
2026-05-19 20:15:48,esterno,1296,15132,4612,135,-354,-42,669778
2026-05-19 20:15:48,lombar,16944,-788,180,-560,150,50,1327233
2026-05-19 20:15:48,esterno,1472,15240,4504,128,-219,1,669800
2026-05-19 20:15:48,lombar,16736,-968,84,-436,271,108,1327255
2026-05-19 20:15:48,esterno,1316,15280,4536,-26,-344,-41,669822
2026-05-19 20:15:48,lombar,16916,-800,160,-167,197,187,1327277
2026-05-19 20:15:48,esterno,1308,15012,4608,-13,-380,-173,669844
2026-05-19 20:15:48,lombar,16812,-808,256,-21,399,193,1327299
2026-05-19 20:15:48,esterno,1408,15008,4320,6,-272,-159,669866
2026-05-19 20:15:48,lombar,16688,-592,332,38,238,205,1327321
2026-05-19 20:15:48,esterno,1296,15036,4196,19,-207,-46,669888
2026-05-19 20:15:48,lombar,16780,-632,136,-45,178,315,1327343
2026-05-19 20:15:48,esterno,1160,15216,4424,-67,-186,2,669910
2026-05-19 20:15:48,lombar,16916,-688,216,-36,186,346,1327365
2026-05-19 20:15:48,esterno,1192,15216,4368,10,-79,1,669932
2026-05-19 20:15:48,lombar,16796,-800,460,125,185,389,1327387
2026-05-19 20:15:48,esterno,1372,15368,4556,-44,54,-84,669954
2026-05-19 20:15:48,lombar,16544,-660,556,213,73,301,1327409
2026-05-19 20:15:48,esterno,1228,15116,4416,52,77,-131,669976
2026-05-19 20:15:48,lombar,16592,-516,588,42,6,349,1327431
2026-05-19 20:15:48,esterno,924,15136,3880,56,381,-65,669998
2026-05-19 20:15:48,lombar,16612,-580,492,-141,9,419,1327453
2026-05-19 20:15:48,esterno,1276,15328,4628,-183,-152,27,670020
2026-05-19 20:15:48,lombar,16708,-560,520,-226,0,410,1327475
2026-05-19 20:15:48,esterno,1196,15320,4200,-126,-200,22,670042
2026-05-19 20:15:48,lombar,16788,-632,464,-187,-100,401,1327497
2026-05-19 20:15:48,esterno,1168,15204,4144,72,107,-86,670064
2026-05-19 20:15:48,lombar,16848,-564,160,-56,-113,444,1327519
2026-05-19 20:15:48,esterno,1388,15248,4372,106,227,-78,670086
2026-05-19 20:15:48,lombar,16592,-544,364,-70,11,501,1327541
2026-05-19 20:15:48,esterno,1300,15236,4264,23,269,-122,670108
2026-05-19 20:15:48,lombar,16700,-648,708,-47,-73,517,1327563
2026-05-19 20:15:48,esterno,1248,15208,4264,-23,184,-100,670130
2026-05-19 20:15:48,lombar,16764,-752,324,-118,-84,375,1327585
2026-05-19 20:15:48,esterno,1404,15396,4328,-104,251,-90,670152
2026-05-19 20:15:48,lombar,16720,-512,480,-83,5,348,1327607
2026-05-19 20:15:48,esterno,1324,15300,4024,-200,315,-67,670174
2026-05-19 20:15:48,lombar,16696,-576,532,-89,-94,416,1327629
2026-05-19 20:15:48,esterno,1212,15188,4172,-187,367,-35,670196
2026-05-19 20:15:48,lombar,16736,-716,316,-49,-72,432,1327651
2026-05-19 20:15:48,esterno,1268,15320,4300,-221,369,-84,670218
2026-05-19 20:15:48,lombar,16844,-696,564,8,-119,323,1327673
2026-05-19 20:15:48,esterno,1660,15436,4260,-372,181,-94,670240
2026-05-19 20:15:48,lombar,16724,-572,568,-11,-201,434,1327695
2026-05-19 20:15:48,esterno,1128,15200,4152,-375,307,-90,670262
2026-05-19 20:15:48,lombar,16712,-752,476,13,-337,378,1327717
2026-05-19 20:15:48,esterno,1444,15124,4336,-386,230,-139,670284
2026-05-19 20:15:48,lombar,16732,-916,460,124,-317,383,1327739
2026-05-19 20:15:48,esterno,1244,15252,4396,-353,371,55,670306
2026-05-19 20:15:48,lombar,16824,-640,488,232,-328,394,1327761
2026-05-19 20:15:48,esterno,1184,15060,4304,-438,265,11,670328
2026-05-19 20:15:48,lombar,16784,-668,520,184,-378,393,1327783
2026-05-19 20:15:48,esterno,1320,15176,4412,-357,227,-38,670350
2026-05-19 20:15:48,lombar,16728,-636,672,136,-378,442,1327805
2026-05-19 20:15:48,esterno,1280,15220,4388,-384,284,-21,670372
2026-05-19 20:15:48,lombar,16652,-708,480,179,-565,365,1327827
2026-05-19 20:15:48,esterno,1232,15120,4328,-390,358,-10,670394
2026-05-19 20:15:48,lombar,16776,-628,452,149,-648,386,1327849
2026-05-19 20:15:48,esterno,1132,15052,4224,-362,368,-43,670416
2026-05-19 20:15:48,lombar,16640,-556,528,171,-555,430,1327871
2026-05-19 20:15:48,esterno,1124,15276,4496,-405,298,-60,670438
2026-05-19 20:15:48,lombar,16748,-512,588,206,-623,436,1327893
2026-05-19 20:15:48,esterno,1084,15268,4528,-402,243,-77,670460
2026-05-19 20:15:48,lombar,16768,-580,656,113,-625,426,1327915
2026-05-19 20:15:48,esterno,1064,15036,4324,-241,212,-84,670482
2026-05-19 20:15:48,lombar,16772,-692,460,-1,-567,425,1327937
2026-05-19 20:15:48,esterno,964,15104,4740,-171,466,-110,670504
2026-05-19 20:15:48,lombar,16820,-644,408,-24,-593,388,1327959
2026-05-19 20:15:49,esterno,1440,15288,4368,-457,-27,19,670526
2026-05-19 20:15:49,lombar,16724,-388,448,-67,-470,387,1327981
2026-05-19 20:15:49,esterno,1104,15080,4168,-246,-158,-76,670548
2026-05-19 20:15:49,lombar,16752,-588,460,-75,-224,341,1328003
2026-05-19 20:15:49,esterno,1076,15044,4216,-105,63,-144,670570
2026-05-19 20:15:49,lombar,16968,-656,528,-1,-287,349,1328025
2026-05-19 20:15:49,esterno,1212,15216,4320,-83,169,-176,670592
2026-05-19 20:15:49,lombar,16840,-728,344,56,-153,352,1328047
2026-05-19 20:15:49,esterno,1200,15204,4460,-130,116,-146,670614
2026-05-19 20:15:49,lombar,16696,-768,260,-65,-213,298,1328069
2026-05-19 20:15:49,esterno,1208,15152,4568,-162,-66,-155,670636
2026-05-19 20:15:49,lombar,16696,-668,348,-199,-99,305,1328091
2026-05-19 20:15:49,esterno,1204,15164,4368,-228,-135,-135,670658
2026-05-19 20:15:49,lombar,16684,-584,508,-180,-237,271,1328113
2026-05-19 20:15:49,esterno,1248,15148,4236,-195,-21,-160,670680
2026-05-19 20:15:49,lombar,16884,-752,316,-122,-220,333,1328135
2026-05-19 20:15:49,esterno,1204,15200,4420,-219,53,-53,670702
2026-05-19 20:15:49,lombar,16844,-728,312,-68,-154,332,1328157
2026-05-19 20:15:49,esterno,1192,15276,4564,-224,-30,23,670724
2026-05-19 20:15:49,lombar,16764,-660,656,-41,-245,280,1328179
2026-05-19 20:15:49,esterno,1156,15220,4556,-376,-155,10,670746
2026-05-19 20:15:49,lombar,16720,-696,408,-107,-230,324,1328201
2026-05-19 20:15:49,esterno,1108,15076,4348,-277,-71,-10,670768
2026-05-19 20:15:49,lombar,16688,-760,536,-142,-430,344,1328223
2026-05-19 20:15:49,esterno,1352,15180,4636,-206,-187,-28,670790
2026-05-19 20:15:49,lombar,16760,-768,324,-29,-280,279,1328245
2026-05-19 20:15:49,esterno,1432,15244,4508,-298,20,60,670812
2026-05-19 20:15:49,lombar,16864,-664,600,62,-374,381,1328267
2026-05-19 20:15:49,esterno,1312,15168,4624,-199,-125,30,670834
2026-05-19 20:15:49,lombar,16728,-612,340,-72,-365,445,1328289
2026-05-19 20:15:49,esterno,1316,15104,4624,-267,-95,13,670856
2026-05-19 20:15:49,lombar,16712,-692,268,-144,-258,365,1328311
2026-05-19 20:15:49,esterno,1236,15148,4560,-299,-98,25,670878
2026-05-19 20:15:49,lombar,16720,-612,408,-119,-403,281,1328333
2026-05-19 20:15:49,esterno,1040,15196,4668,-322,-140,-9,670900
2026-05-19 20:15:49,lombar,16772,-612,244,-111,-324,377,1328355
2026-05-19 20:15:49,esterno,1124,15088,4496,-236,-31,103,670922
2026-05-19 20:15:49,lombar,16828,-548,172,-115,-215,356,1328377
2026-05-19 20:15:49,esterno,1316,15080,4508,-166,-48,7,670944
2026-05-19 20:15:49,lombar,16820,-832,368,-92,-253,355,1328399
2026-05-19 20:15:49,esterno,1244,15236,4596,-187,-32,-13,670966
2026-05-19 20:15:49,lombar,16924,-816,144,-86,-273,225,1328421
2026-05-19 20:15:49,esterno,1156,15000,4484,-116,-45,-56,670988
2026-05-19 20:15:49,lombar,16756,-668,164,-126,-179,260,1328443
2026-05-19 20:15:49,esterno,928,15072,4424,27,410,-87,671010
2026-05-19 20:15:49,lombar,16752,-440,564,-179,-281,362,1328465
2026-05-19 20:15:49,esterno,1660,15348,4708,-225,-27,57,671032
2026-05-19 20:15:49,lombar,16768,-496,584,-214,-398,446,1328487
2026-05-19 20:15:49,esterno,1148,15228,4436,-192,-235,22,671054
2026-05-19 20:15:49,lombar,16808,-800,220,-233,-338,398,1328509
2026-05-19 20:15:49,esterno,1112,15000,4164,-62,19,-17,671076
2026-05-19 20:15:49,lombar,16748,-776,308,-126,-264,271,1328531
2026-05-19 20:15:49,esterno,1280,15052,4624,-84,26,-57,671098
2026-05-19 20:15:49,lombar,16820,-600,312,-90,-298,382,1328553
2026-05-19 20:15:49,esterno,1196,15248,4508,-81,149,-100,671120
2026-05-19 20:15:49,lombar,16620,-664,472,-126,-350,415,1328575
2026-05-19 20:15:49,esterno,1224,15156,4752,-59,67,-23,671142
2026-05-19 20:15:49,lombar,16780,-700,360,-193,-276,429,1328597
2026-05-19 20:15:49,esterno,1576,15172,4184,-238,100,-25,671164
2026-05-19 20:15:49,lombar,16828,-792,328,-49,-455,415,1328619
2026-05-19 20:15:49,esterno,1312,15236,4320,-195,102,32,671186
2026-05-19 20:15:49,lombar,16756,-748,84,43,-449,461,1328641
2026-05-19 20:15:49,esterno,1120,15104,4504,-140,134,25,671208
2026-05-19 20:15:49,lombar,16824,-732,160,110,-365,413,1328663
2026-05-19 20:15:49,esterno,1116,15188,4564,-172,61,84,671230
2026-05-19 20:15:49,lombar,16816,-780,564,152,-305,351,1328685
2026-05-19 20:15:49,esterno,1548,15232,4656,-322,46,103,671252
2026-05-19 20:15:49,lombar,16720,-752,284,101,-370,340,1328707
2026-05-19 20:15:49,esterno,1172,15012,4452,-319,291,5,671274
2026-05-19 20:15:49,lombar,16844,-764,204,99,-288,347,1328729
2026-05-19 20:15:49,esterno,1400,14960,4500,-203,171,-102,671296
2026-05-19 20:15:49,lombar,16852,-804,296,171,-155,273,1328751
2026-05-19 20:15:49,esterno,1264,15136,4444,-368,375,34,671318
2026-05-19 20:15:49,lombar,16812,-700,372,245,-174,285,1328773
2026-05-19 20:15:49,esterno,1204,15172,4676,-249,233,-26,671340
2026-05-19 20:15:49,lombar,16772,-580,244,69,-166,365,1328795
2026-05-19 20:15:49,esterno,1400,15184,4784,-284,185,-57,671362
2026-05-19 20:15:49,lombar,16804,-664,196,51,-199,335,1328817
2026-05-19 20:15:49,esterno,1200,15040,4456,-333,180,-19,671384
2026-05-19 20:15:49,lombar,16804,-584,232,50,-232,441,1328839
2026-05-19 20:15:49,esterno,1344,15008,4592,-288,147,-59,671406
2026-05-19 20:15:49,lombar,16740,-576,328,22,-160,393,1328861
2026-05-19 20:15:49,esterno,1360,15228,4472,-161,200,61,671428
2026-05-19 20:15:49,lombar,16616,-628,380,-36,-162,433,1328883
2026-05-19 20:15:49,esterno,1376,15052,4612,-160,253,-12,671450
2026-05-19 20:15:49,lombar,16752,-596,396,-104,-180,431,1328905
2026-05-19 20:15:49,esterno,1392,15120,4600,-55,156,-54,671472
2026-05-19 20:15:49,lombar,16836,-584,352,-183,-191,461,1328927
2026-05-19 20:15:49,esterno,1408,15268,4752,-118,-13,-48,671494
2026-05-19 20:15:49,lombar,16776,-668,480,-296,-155,484,1328949
2026-05-19 20:15:50,esterno,1120,15008,4608,197,-18,-68,671516
2026-05-19 20:15:50,lombar,16652,-728,580,-471,-24,439,1328971
2026-05-19 20:15:50,esterno,1128,14872,5216,217,137,-199,671538
2026-05-19 20:15:50,lombar,16588,-732,720,-539,-141,428,1328993
2026-05-19 20:15:50,esterno,1632,15388,4268,-34,-211,-377,671560
2026-05-19 20:15:50,lombar,16776,-668,312,-504,-120,464,1329015
2026-05-19 20:15:50,esterno,1104,14852,4140,105,-467,-306,671582
2026-05-19 20:15:50,lombar,16760,-632,260,-411,92,504,1329037
2026-05-19 20:15:50,esterno,1044,14924,4396,285,-246,-552,671604
2026-05-19 20:15:50,lombar,16836,-760,452,-401,90,608,1329059
2026-05-19 20:15:50,esterno,1076,15056,4448,408,-276,-449,671626
2026-05-19 20:15:50,lombar,16656,-816,664,-495,65,619,1329081
2026-05-19 20:15:50,esterno,1532,14964,3844,255,-249,-590,671648
2026-05-19 20:15:50,lombar,16652,-752,528,-592,-120,523,1329103
2026-05-19 20:15:50,esterno,1048,15544,4680,273,-503,-500,671670
2026-05-19 20:15:50,lombar,16724,-868,480,-562,-142,575,1329125
2026-05-19 20:15:50,esterno,1360,15280,4100,57,-529,-262,671692
2026-05-19 20:15:50,lombar,16860,-860,620,-465,-123,538,1329147
2026-05-19 20:15:50,esterno,1208,15092,4196,227,-360,-287,671714
2026-05-19 20:15:50,lombar,16796,-672,492,-409,-346,503,1329169
2026-05-19 20:15:50,esterno,1224,14916,4320,451,-413,-306,671736
2026-05-19 20:15:50,lombar,16700,-836,408,-430,-318,629,1329191
2026-05-19 20:15:50,esterno,948,15720,4316,375,-342,-172,671758
2026-05-19 20:15:50,lombar,16760,-904,648,-472,-413,585,1329213
2026-05-19 20:15:50,esterno,1032,15388,3984,42,35,46,671780
2026-05-19 20:15:50,lombar,17040,-812,388,-388,-265,456,1329235
2026-05-19 20:15:50,esterno,1404,15196,4308,146,-130,-301,671802
2026-05-19 20:15:50,lombar,16764,-860,496,-520,-180,488,1329257
2026-05-19 20:15:50,esterno,1488,15664,4808,378,-253,168,671824
2026-05-19 20:15:50,lombar,16688,-1056,380,-464,-120,340,1329279
2026-05-19 20:15:50,esterno,1300,15424,4548,41,-136,583,671846
2026-05-19 20:15:50,lombar,16832,-1040,120,-333,-93,393,1329301
2026-05-19 20:15:50,esterno,908,15200,4484,328,-464,424,671868
2026-05-19 20:15:50,lombar,16672,-872,324,-299,6,238,1329323
2026-05-19 20:15:50,esterno,1024,14756,4236,375,-580,320,671890
2026-05-19 20:15:50,lombar,16752,-692,480,-192,34,216,1329345
2026-05-19 20:15:50,esterno,916,15088,4204,168,-575,371,671912
2026-05-19 20:15:50,lombar,16732,-1068,620,-213,-114,252,1329367
2026-05-19 20:15:50,esterno,1160,15348,4256,210,-461,437,671934
2026-05-19 20:15:50,lombar,16784,-956,372,-225,-113,123,1329389
2026-05-19 20:15:50,esterno,1292,15416,4268,124,-338,276,671956
2026-05-19 20:15:50,lombar,16804,-884,344,-208,-74,158,1329411
2026-05-19 20:15:50,esterno,1576,15164,3964,-87,-315,178,671978
2026-05-19 20:15:50,lombar,16780,-888,460,-286,-22,100,1329433
2026-05-19 20:15:50,esterno,1548,15132,3880,-99,-22,210,672000
2026-05-19 20:15:50,lombar,16756,-908,504,-326,22,183,1329455
2026-05-19 20:15:50,esterno,1284,15208,4204,-88,-60,210,672022
2026-05-19 20:15:50,lombar,16808,-728,608,-321,-50,192,1329477
2026-05-19 20:15:50,esterno,1416,15336,3996,-66,-113,305,672044
2026-05-19 20:15:50,lombar,16692,-864,484,-384,76,275,1329499
2026-05-19 20:15:50,esterno,1436,15168,4156,-22,-154,245,672066
2026-05-19 20:15:50,lombar,16676,-896,660,-470,75,296,1329521
2026-05-19 20:15:50,esterno,1376,15004,4300,-92,98,97,672088
2026-05-19 20:15:50,lombar,16624,-808,664,-520,5,284,1329543
2026-05-19 20:15:50,esterno,1736,15172,3768,-230,-150,66,672110
2026-05-19 20:15:50,lombar,16704,-688,716,-654,-9,325,1329565
2026-05-19 20:15:50,esterno,1864,15008,3548,-115,-256,100,672132
2026-05-19 20:15:50,lombar,16680,-784,644,-680,-18,445,1329587
2026-05-19 20:15:50,esterno,1228,15108,4152,136,113,12,672154
2026-05-19 20:15:50,lombar,16748,-760,656,-674,-18,483,1329609
2026-05-19 20:15:50,esterno,1464,15352,4024,227,182,6,672176
2026-05-19 20:15:50,lombar,16828,-848,820,-524,-78,531,1329631
2026-05-19 20:15:50,esterno,1512,15148,3876,326,240,-205,672198
2026-05-19 20:15:50,lombar,16772,-1000,1004,-543,-340,626,1329653
2026-05-19 20:15:50,esterno,1724,15200,3760,259,105,-254,672220
2026-05-19 20:15:50,lombar,16832,-1044,676,-605,-415,608,1329675
2026-05-19 20:15:50,lombar,16776,-1152,316,-537,-228,546,1329697
2026-05-19 20:15:50,esterno,980,15324,4632,124,-190,-153,672242
2026-05-19 20:15:50,esterno,1380,15220,4104,178,-47,-223,672264
2026-05-19 20:15:50,lombar,16708,-1028,656,-388,-157,521,1329719
2026-05-19 20:15:50,esterno,1240,15348,4204,-1,-23,-413,672286
2026-05-19 20:15:50,lombar,16840,-1008,568,-103,-192,573,1329741
2026-05-19 20:15:50,esterno,1196,15376,3720,-289,-14,-479,672308
2026-05-19 20:15:50,lombar,16944,-976,616,-5,-204,542,1329763
2026-05-19 20:15:50,esterno,1336,15440,4016,-311,-4,-418,672330
2026-05-19 20:15:50,lombar,16836,-880,684,-20,-238,458,1329785
2026-05-19 20:15:50,esterno,1088,15180,4092,-332,-45,-481,672352
2026-05-19 20:15:50,lombar,16772,-968,548,-41,-77,337,1329807
2026-05-19 20:15:50,esterno,1568,15324,3976,-219,-40,-564,672374
2026-05-19 20:15:50,lombar,16732,-940,860,53,-150,311,1329829
2026-05-19 20:15:50,esterno,1508,15248,3972,-333,18,-562,672396
2026-05-19 20:15:50,lombar,16712,-868,828,-52,-374,340,1329851
2026-05-19 20:15:50,esterno,1308,15372,4036,-355,-10,-765,672418
2026-05-19 20:15:50,lombar,16756,-540,912,-298,-575,240,1329873
2026-05-19 20:15:50,esterno,1212,15368,4128,-458,-12,-567,672440
2026-05-19 20:15:50,lombar,16784,-664,520,-361,-559,193,1329895
2026-05-19 20:15:50,esterno,1208,15316,4140,-449,26,-414,672462
2026-05-19 20:15:50,lombar,16776,-592,472,-409,-559,193,1329917
2026-05-19 20:15:50,esterno,1344,15424,4000,-434,-12,-409,672484
2026-05-19 20:15:50,lombar,16764,-612,516,-364,-444,342,1329939
2026-05-19 20:15:50,esterno,1396,15264,4044,-345,-24,-344,672506
2026-05-19 20:15:50,lombar,16652,-764,620,-259,-417,325,1329961
2026-05-19 20:15:51,esterno,1220,15248,4244,-245,19,-312,672528
2026-05-19 20:15:51,lombar,16736,-744,744,-353,-486,383,1329983
2026-05-19 20:15:51,esterno,1080,15128,4244,-130,-81,-240,672550
2026-05-19 20:15:51,lombar,16752,-688,584,-343,-383,349,1330005
2026-05-19 20:15:51,esterno,1120,15244,4316,-140,-36,-180,672572
2026-05-19 20:15:51,lombar,16712,-864,544,-284,-381,441,1330027
2026-05-19 20:15:51,esterno,1240,15212,3988,-211,-65,-203,672594
2026-05-19 20:15:51,lombar,16756,-1008,388,-165,-391,399,1330049
2026-05-19 20:15:51,esterno,1212,15204,3816,-270,-34,-226,672616
2026-05-19 20:15:51,lombar,16700,-936,488,-117,-411,341,1330071
2026-05-19 20:15:51,esterno,1092,15128,3624,-131,156,-258,672638
2026-05-19 20:15:51,lombar,16804,-724,380,-101,-505,383,1330093
2026-05-19 20:15:51,esterno,1112,15336,4868,-238,-151,-195,672660
2026-05-19 20:15:51,lombar,16872,-776,556,-205,-505,430,1330115
2026-05-19 20:15:51,esterno,1228,15420,3904,-748,-81,18,672682
2026-05-19 20:15:51,lombar,16740,-844,404,-207,-488,323,1330137
2026-05-19 20:15:51,esterno,1428,15252,3788,-962,142,-73,672704
2026-05-19 20:15:51,lombar,16788,-756,336,-117,-503,417,1330159
2026-05-19 20:15:51,esterno,1196,15104,4140,-970,446,-111,672726
2026-05-19 20:15:51,lombar,16876,-992,408,-220,-337,345,1330181
2026-05-19 20:15:51,esterno,1188,14996,4120,-719,424,-124,672748
2026-05-19 20:15:51,lombar,16784,-1104,528,-76,-398,182,1330203
2026-05-19 20:15:51,esterno,964,15068,4404,-735,409,-158,672770
2026-05-19 20:15:51,lombar,16628,-796,548,-21,-584,258,1330225
2026-05-19 20:15:51,esterno,1180,15312,4808,-455,295,-97,672792
2026-05-19 20:15:51,esterno,1124,15352,4304,-456,350,-43,672814
2026-05-19 20:15:51,lombar,16704,-856,284,-34,-548,299,1330247
2026-05-19 20:15:51,lombar,16768,-712,540,55,-599,376,1330269
2026-05-19 20:15:51,esterno,1036,15252,4260,-379,305,-113,672836
2026-05-19 20:15:51,lombar,16740,-904,460,168,-635,438,1330291
2026-05-19 20:15:51,esterno,804,15096,4384,-418,16,-48,672858
2026-05-19 20:15:51,lombar,16684,-940,528,203,-551,539,1330313
2026-05-19 20:15:51,esterno,888,15280,4768,-523,-77,24,672880
2026-05-19 20:15:51,lombar,16796,-920,568,176,-580,484,1330335
2026-05-19 20:15:51,esterno,1008,15180,4492,-358,-14,-60,672902
2026-05-19 20:15:51,lombar,16824,-976,436,105,-555,549,1330357
2026-05-19 20:15:51,esterno,1200,15264,4728,-385,-330,-145,672924
2026-05-19 20:15:51,lombar,16824,-1028,376,72,-322,435,1330379
2026-05-19 20:15:51,esterno,1296,15188,4512,-364,-54,-11,672946
2026-05-19 20:15:51,lombar,16872,-1048,564,150,-223,472,1330401
2026-05-19 20:15:51,esterno,1192,15032,4560,-410,-108,-10,672968
2026-05-19 20:15:51,lombar,16796,-860,456,275,-32,639,1330423
2026-05-19 20:15:51,esterno,1124,15048,4348,-427,-24,-106,672990
2026-05-19 20:15:51,lombar,16848,-908,304,268,344,639,1330445
2026-05-19 20:15:51,lombar,16676,-980,864,160,313,562,1330467
2026-05-19 20:15:51,esterno,1044,14900,4332,-489,146,-255,673012
2026-05-19 20:15:51,esterno,1052,14948,4388,-350,218,-253,673034
2026-05-19 20:15:51,lombar,16704,-1052,812,-2,-13,529,1330489
2026-05-19 20:15:51,esterno,852,15136,4640,-231,231,-158,673056
2026-05-19 20:15:51,lombar,16944,-1196,348,-29,-223,517,1330511
2026-05-19 20:15:51,esterno,876,15132,4392,-184,234,-153,673078
2026-05-19 20:15:51,lombar,16988,-1096,580,17,-204,438,1330533
2026-05-19 20:15:51,esterno,820,15096,4848,-108,155,-273,673100
2026-05-19 20:15:51,lombar,16540,-1060,424,52,-366,483,1330555
2026-05-19 20:15:51,esterno,776,15220,4552,-175,113,-155,673122
2026-05-19 20:15:51,lombar,16792,-864,504,-56,-49,386,1330577
2026-05-19 20:15:51,esterno,780,15148,4720,-214,86,-47,673144
2026-05-19 20:15:51,lombar,16820,-804,604,-180,16,270,1330599
2026-05-19 20:15:51,esterno,916,15348,4560,-101,60,-35,673166
2026-05-19 20:15:51,lombar,16708,-944,812,-302,-167,293,1330621
2026-05-19 20:15:51,esterno,828,15296,4612,-154,2,-32,673188
2026-05-19 20:15:51,lombar,16816,-1076,520,-436,-218,194,1330643
2026-05-19 20:15:51,esterno,920,15060,4232,33,134,-111,673210
2026-05-19 20:15:51,lombar,16752,-1068,356,-332,-14,148,1330665
2026-05-19 20:15:51,esterno,996,15136,4792,-90,-15,-251,673232
2026-05-19 20:15:51,lombar,16748,-736,716,-224,-62,241,1330687
2026-05-19 20:15:51,esterno,1008,15104,4436,-283,-185,-79,673254
2026-05-19 20:15:51,lombar,16692,-916,600,-222,-39,314,1330709
2026-05-19 20:15:51,esterno,660,15028,4512,-26,-156,16,673276
2026-05-19 20:15:51,lombar,16792,-940,736,-227,-35,364,1330731
2026-05-19 20:15:51,esterno,764,15152,4532,-8,-146,5,673298
2026-05-19 20:15:51,lombar,16728,-1160,488,-122,0,340,1330753
2026-05-19 20:15:51,esterno,1080,15212,4452,0,-126,-33,673320
2026-05-19 20:15:51,lombar,16816,-1252,640,-48,59,308,1330775
2026-05-19 20:15:51,esterno,932,15172,4452,-124,-133,-41,673342
2026-05-19 20:15:51,lombar,16636,-984,612,-46,-71,319,1330797
2026-05-19 20:15:51,esterno,972,15156,4652,-162,-232,91,673364
2026-05-19 20:15:51,lombar,16664,-1020,348,-48,-3,283,1330819
2026-05-19 20:15:51,esterno,1072,15180,4508,-162,-310,142,673386
2026-05-19 20:15:51,lombar,16788,-1116,568,81,-35,253,1330841
2026-05-19 20:15:51,esterno,1232,15164,4260,-115,-281,174,673408
2026-05-19 20:15:51,lombar,16752,-908,688,130,-196,278,1330863
2026-05-19 20:15:51,esterno,748,15144,4668,-153,-291,156,673430
2026-05-19 20:15:51,lombar,16756,-968,656,49,-183,359,1330885
2026-05-19 20:15:51,esterno,996,15100,4764,-306,-70,152,673452
2026-05-19 20:15:51,lombar,16760,-940,664,20,-146,359,1330907
2026-05-19 20:15:51,esterno,912,15160,4368,-268,-54,232,673474
2026-05-19 20:15:51,lombar,16660,-988,612,32,-186,307,1330929
2026-05-19 20:15:51,esterno,1016,15064,4568,-346,-253,142,673496
2026-05-19 20:15:51,lombar,16732,-1176,488,-1,-122,291,1330951
2026-05-19 20:15:51,esterno,1164,15268,4352,-247,-155,133,673518
2026-05-19 20:15:52,lombar,16732,-860,888,-41,-380,296,1330973
2026-05-19 20:15:52,esterno,852,15136,4668,-215,-321,191,673540
2026-05-19 20:15:52,lombar,16720,-900,304,-87,-322,305,1330995
2026-05-19 20:15:52,esterno,892,15272,4872,-226,-413,276,673562
2026-05-19 20:15:52,lombar,16836,-1124,568,-227,-198,317,1331017
2026-05-19 20:15:52,esterno,1148,15172,4612,-185,-419,363,673584
2026-05-19 20:15:52,lombar,16616,-1104,732,-115,-238,244,1331039
2026-05-19 20:15:52,esterno,1196,15152,4540,-155,-429,308,673606
2026-05-19 20:15:52,lombar,16904,-944,576,-11,-166,241,1331061
2026-05-19 20:15:52,esterno,1260,15144,4776,-125,-420,365,673628
2026-05-19 20:15:52,lombar,16788,-956,776,40,-53,274,1331083
2026-05-19 20:15:52,esterno,1404,15300,4560,-40,-548,447,673650
2026-05-19 20:15:52,lombar,16768,-1008,672,-4,148,243,1331105
2026-05-19 20:15:52,esterno,764,15300,4968,-67,-660,637,673672
2026-05-19 20:15:52,lombar,16648,-1112,1020,-29,76,238,1331127
2026-05-19 20:15:52,lombar,16708,-1232,932,103,-165,242,1331149
2026-05-19 20:15:52,lombar,16788,-952,1004,131,-196,221,1331171
2026-05-19 20:15:52,esterno,1516,15292,4132,-167,-607,615,673694
2026-05-19 20:15:52,esterno,1080,15048,4488,-157,-656,437,673716
2026-05-19 20:15:52,esterno,1380,15004,4452,-81,-739,250,673738
2026-05-19 20:15:52,lombar,16680,-1064,808,149,-270,225,1331193
2026-05-19 20:15:52,esterno,1364,14928,4328,-59,-654,200,673760
2026-05-19 20:15:52,lombar,16520,-1080,856,143,-264,239,1331215
2026-05-19 20:15:52,esterno,1340,15064,4012,230,-377,89,673782
2026-05-19 20:15:52,lombar,16672,-888,1068,118,-249,348,1331237
2026-05-19 20:15:52,esterno,1592,15064,4556,132,-765,-9,673804
2026-05-19 20:15:52,lombar,16720,-924,1108,-21,-404,353,1331259
2026-05-19 20:15:52,esterno,1296,15116,4364,-73,-926,-82,673826
2026-05-19 20:15:52,lombar,16748,-936,912,-109,-465,372,1331281
2026-05-19 20:15:52,esterno,1088,15104,4500,111,-771,-142,673848
2026-05-19 20:15:52,lombar,16828,-756,720,-200,-320,365,1331303
2026-05-19 20:15:52,esterno,1256,15012,4400,143,-652,-159,673870
2026-05-19 20:15:52,lombar,16752,-960,704,-297,-334,472,1331325
2026-05-19 20:15:52,esterno,1360,15196,4548,204,-694,-178,673892
2026-05-19 20:15:52,lombar,16896,-1136,800,-280,-303,417,1331347
2026-05-19 20:15:52,esterno,1216,15176,4544,31,-690,-301,673914
2026-05-19 20:15:52,lombar,16712,-860,908,-436,-334,388,1331369
2026-05-19 20:15:52,esterno,1056,15136,4684,-50,-815,-389,673936
2026-05-19 20:15:52,lombar,16764,-764,864,-626,-392,396,1331391
2026-05-19 20:15:52,esterno,1404,15092,4240,-132,-764,-423,673958
2026-05-19 20:15:52,lombar,16696,-1076,812,-769,-396,382,1331413
2026-05-19 20:15:52,esterno,1316,15172,4256,-215,-684,-366,673980
2026-05-19 20:15:52,lombar,16704,-968,744,-740,-454,430,1331435
2026-05-19 20:15:52,esterno,1268,15080,4480,-187,-744,-486,674002
2026-05-19 20:15:52,lombar,16788,-884,844,-755,-396,528,1331457
2026-05-19 20:15:52,esterno,1324,15244,4496,-314,-783,-483,674024
2026-05-19 20:15:52,lombar,16800,-972,1008,-899,-371,609,1331479
2026-05-19 20:15:52,esterno,1156,15236,4308,-214,-781,-561,674046
2026-05-19 20:15:52,lombar,16796,-1092,984,-961,-412,556,1331501
2026-05-19 20:15:52,lombar,16800,-1040,808,-941,-439,443,1331523
2026-05-19 20:15:52,esterno,1428,15116,4360,-93,-1010,-534,674068
2026-05-19 20:15:52,esterno,1412,15184,4352,-91,-863,-466,674090
2026-05-19 20:15:52,lombar,16832,-1188,756,-841,-422,503,1331545
2026-05-19 20:15:52,esterno,1192,15140,4300,-197,-974,-586,674112
2026-05-19 20:15:52,lombar,16704,-1136,656,-918,-380,502,1331567
2026-05-19 20:15:52,esterno,1340,15108,4340,-67,-1058,-738,674134
2026-05-19 20:15:52,lombar,16752,-1096,952,-974,-352,468,1331589
2026-05-19 20:15:52,esterno,1300,15068,4144,-72,-928,-718,674156
2026-05-19 20:15:52,lombar,16700,-1056,712,-883,-406,475,1331611
2026-05-19 20:15:52,esterno,1232,15148,4196,-20,-779,-651,674178
2026-05-19 20:15:52,lombar,16684,-1104,620,-840,-395,530,1331633
2026-05-19 20:15:52,esterno,1320,15212,4532,-51,-684,-730,674200
2026-05-19 20:15:52,lombar,16804,-1176,564,-703,-345,553,1331655
2026-05-19 20:15:52,esterno,1284,15176,4280,-62,-578,-819,674222
2026-05-19 20:15:52,lombar,16616,-1088,840,-630,-384,587,1331677
2026-05-19 20:15:52,esterno,1224,15328,4404,-84,-550,-812,674244
2026-05-19 20:15:52,lombar,16884,-988,892,-708,-491,684,1331699
2026-05-19 20:15:52,esterno,1776,15236,3808,-189,-524,-730,674266
2026-05-19 20:15:52,lombar,16816,-1128,644,-768,-609,637,1331721
2026-05-19 20:15:52,esterno,996,15368,4432,-260,-509,-653,674288
2026-05-19 20:15:52,lombar,16788,-1168,344,-771,-543,568,1331743
2026-05-19 20:15:52,esterno,1192,15444,4488,-332,-465,-682,674310
2026-05-19 20:15:52,lombar,16620,-808,352,-723,-662,600,1331765
2026-05-19 20:15:52,esterno,1080,15308,4320,-233,-485,-758,674332
2026-05-19 20:15:52,lombar,16672,-1000,652,-848,-608,517,1331787
2026-05-19 20:15:52,esterno,960,14984,4336,-70,40,-848,674354
2026-05-19 20:15:52,lombar,16588,-940,516,-954,-749,548,1331809
2026-05-19 20:15:52,esterno,1396,15108,4388,-351,-367,-678,674376
2026-05-19 20:15:52,lombar,16648,-756,372,-1108,-700,666,1331831
2026-05-19 20:15:52,esterno,980,15104,4248,-342,-509,-482,674398
2026-05-19 20:15:52,lombar,16568,-1044,192,-1116,-657,645,1331853
2026-05-19 20:15:52,esterno,1136,15064,4508,-80,-288,-524,674420
2026-05-19 20:15:52,lombar,16684,-1224,380,-965,-785,610,1331875
2026-05-19 20:15:52,esterno,1144,15096,4484,-49,-245,-618,674442
2026-05-19 20:15:52,lombar,16860,-1400,52,-797,-620,577,1331897
2026-05-19 20:15:52,esterno,1212,15224,4224,-111,-57,-643,674464
2026-05-19 20:15:52,lombar,16828,-1332,112,-701,-438,547,1331919
2026-05-19 20:15:52,esterno,1176,15216,4676,-128,-228,-534,674486
2026-05-19 20:15:52,lombar,16712,-1024,64,-532,-734,434,1331941
2026-05-19 20:15:52,esterno,1172,15368,4724,-217,-288,-398,674508
2026-05-19 20:15:53,lombar,16916,-1128,40,-544,-458,432,1331963
2026-05-19 20:15:53,esterno,1236,15232,4408,-262,-188,-387,674530
2026-05-19 20:15:53,lombar,17012,-1248,188,-505,-509,508,1331985
2026-05-19 20:15:53,esterno,1284,15244,4556,-243,-69,-381,674552
2026-05-19 20:15:53,lombar,16848,-1288,-4,-358,-580,570,1332007
2026-05-19 20:15:53,esterno,1268,15336,4640,-195,-90,-374,674574
2026-05-19 20:15:53,lombar,16704,-1336,216,-323,-531,516,1332029
2026-05-19 20:15:53,esterno,996,15240,4864,-324,-169,-172,674596
2026-05-19 20:15:53,lombar,16664,-1420,292,-365,-389,478,1332051
2026-05-19 20:15:53,esterno,948,15064,4008,-246,-10,-108,674618
2026-05-19 20:15:53,lombar,16680,-1376,104,-329,-433,389,1332073
2026-05-19 20:15:53,esterno,1216,14916,4532,-167,-147,-208,674640
2026-05-19 20:15:53,lombar,16764,-1416,376,-259,-389,370,1332095
2026-05-19 20:15:53,esterno,1232,15280,4512,-244,61,-58,674662
2026-05-19 20:15:53,lombar,16772,-1332,284,-140,-450,442,1332117
2026-05-19 20:15:53,esterno,1000,15236,4792,-235,-8,-6,674684
2026-05-19 20:15:53,lombar,16804,-1444,80,-118,-429,440,1332139
2026-05-19 20:15:53,esterno,920,15168,4464,-178,117,128,674706
2026-05-19 20:15:53,lombar,16776,-1568,-16,98,-328,359,1332161
2026-05-19 20:15:53,esterno,1116,15116,4536,-271,187,130,674728
2026-05-19 20:15:53,lombar,16744,-1544,176,372,-400,224,1332183
2026-05-19 20:15:53,esterno,956,15056,4472,-193,353,78,674750
2026-05-19 20:15:53,lombar,16852,-1556,432,289,-185,244,1332205
2026-05-19 20:15:53,esterno,844,15108,4476,-167,479,85,674772
2026-05-19 20:15:53,lombar,16688,-1496,372,289,-197,253,1332227
2026-05-19 20:15:53,esterno,900,15052,4404,-211,623,198,674794
2026-05-19 20:15:53,lombar,16632,-1300,60,456,-264,203,1332249
2026-05-19 20:15:53,esterno,892,15028,4492,-170,817,161,674816
2026-05-19 20:15:53,lombar,16740,-1328,260,464,-241,225,1332271
2026-05-19 20:15:53,esterno,920,15156,4372,-202,1031,102,674838
2026-05-19 20:15:53,lombar,16568,-1352,168,470,-444,155,1332293
2026-05-19 20:15:53,esterno,796,15176,4628,-260,1050,170,674860
2026-05-19 20:15:53,lombar,16584,-1236,-180,430,-593,246,1332315
2026-05-19 20:15:53,esterno,748,15048,4972,-103,859,242,674882
2026-05-19 20:15:53,lombar,16684,-1228,172,421,-647,280,1332337
2026-05-19 20:15:53,esterno,988,15052,4308,-97,1283,344,674904
2026-05-19 20:15:53,lombar,16820,-1424,-8,557,-769,237,1332359
2026-05-19 20:15:53,esterno,1388,15132,5056,-208,621,492,674926
2026-05-19 20:15:53,lombar,16756,-1368,-184,669,-706,170,1332381
2026-05-19 20:15:53,esterno,820,15056,4232,40,613,574,674948
2026-05-19 20:15:53,lombar,16644,-1164,-36,720,-582,313,1332403
2026-05-19 20:15:53,esterno,664,14896,4344,184,795,514,674970
2026-05-19 20:15:53,lombar,16856,-1132,-8,611,-600,350,1332425
2026-05-19 20:15:53,esterno,868,15004,4624,127,838,510,674992
2026-05-19 20:15:53,lombar,16840,-1348,72,559,-589,300,1332447
2026-05-19 20:15:53,esterno,1376,15052,4448,163,794,576,675014
2026-05-19 20:15:53,lombar,16772,-1332,-20,605,-662,241,1332469
2026-05-19 20:15:53,esterno,1000,15312,4788,23,747,672,675036
2026-05-19 20:15:53,lombar,16492,-1196,-20,517,-549,241,1332491
2026-05-19 20:15:53,esterno,1124,15376,4744,-94,642,791,675058
2026-05-19 20:15:53,lombar,16664,-1264,-80,638,-618,164,1332513
2026-05-19 20:15:53,esterno,1212,15416,4260,-122,578,814,675080
2026-05-19 20:15:53,lombar,16832,-1284,92,795,-665,203,1332535
2026-05-19 20:15:53,esterno,1120,14996,4072,-55,644,655,675102
2026-05-19 20:15:53,lombar,16804,-1268,-56,780,-561,239,1332557
2026-05-19 20:15:53,esterno,1112,15124,4392,22,745,576,675124
2026-05-19 20:15:53,lombar,16548,-1232,8,839,-550,240,1332579
2026-05-19 20:15:53,esterno,1140,15300,5144,-226,504,582,675146
2026-05-19 20:15:53,lombar,16572,-1148,248,731,-504,209,1332601
2026-05-19 20:15:53,esterno,1072,15132,4236,-216,603,610,675168
2026-05-19 20:15:53,lombar,16704,-1236,196,695,-495,244,1332623
2026-05-19 20:15:53,esterno,1192,14984,4212,-137,655,586,675190
2026-05-19 20:15:53,lombar,16796,-1256,-196,757,-466,327,1332645
2026-05-19 20:15:53,esterno,1260,14976,4504,-10,919,590,675212
2026-05-19 20:15:53,lombar,16816,-1336,-128,911,-490,345,1332667
2026-05-19 20:15:53,esterno,1224,15168,4536,-140,963,509,675234
2026-05-19 20:15:53,lombar,16772,-1252,-56,755,-391,240,1332689
2026-05-19 20:15:53,esterno,1132,15260,4436,-115,1054,450,675256
2026-05-19 20:15:53,lombar,16672,-1196,68,607,-302,201,1332711
2026-05-19 20:15:53,esterno,1244,15136,4492,-54,1307,450,675278
2026-05-19 20:15:53,lombar,16840,-1252,80,660,-453,160,1332733
2026-05-19 20:15:53,esterno,1592,15284,4652,-137,1478,465,675300
2026-05-19 20:15:53,lombar,16780,-1228,-300,504,-536,193,1332755
2026-05-19 20:15:53,esterno,1436,15196,4516,-194,1561,560,675322
2026-05-19 20:15:53,lombar,16648,-1160,-108,613,-410,256,1332777
2026-05-19 20:15:53,esterno,1632,14948,4388,61,1528,472,675344
2026-05-19 20:15:53,lombar,16908,-1228,-128,566,-491,301,1332799
2026-05-19 20:15:53,esterno,1532,15164,4612,119,1531,669,675366
2026-05-19 20:15:53,lombar,16856,-1388,-36,427,-474,281,1332821
2026-05-19 20:15:53,esterno,944,15212,4768,73,1390,832,675388
2026-05-19 20:15:53,lombar,16696,-1512,8,543,-242,294,1332843
2026-05-19 20:15:53,esterno,696,15092,4684,154,1216,882,675410
2026-05-19 20:15:53,lombar,16720,-1236,-20,823,-245,326,1332865
2026-05-19 20:15:53,esterno,596,14900,4504,422,980,722,675432
2026-05-19 20:15:53,lombar,16832,-1100,60,717,-245,295,1332887
2026-05-19 20:15:53,esterno,1120,15084,5024,528,775,590,675454
2026-05-19 20:15:53,lombar,16784,-1008,164,528,-337,289,1332909
2026-05-19 20:15:53,esterno,1004,15368,4564,151,19,812,675476
2026-05-19 20:15:53,lombar,16644,-1128,20,479,-322,267,1332931
2026-05-19 20:15:53,esterno,796,14880,4128,293,-193,774,675498
2026-05-19 20:15:53,lombar,16684,-1028,12,478,-227,172,1332953
2026-05-19 20:15:53,esterno,1628,14964,4148,685,-66,593,675520
2026-05-19 20:15:54,lombar,16852,-860,-216,428,-255,209,1332975
2026-05-19 20:15:54,esterno,1576,15300,4148,749,-81,614,675542
2026-05-19 20:15:54,lombar,16836,-972,-152,282,-235,302,1332997
2026-05-19 20:15:54,esterno,1332,15532,4476,478,-93,708,675564
2026-05-19 20:15:54,lombar,16696,-1064,-204,78,-254,193,1333019
2026-05-19 20:15:54,esterno,1636,15300,4436,388,-240,616,675586
2026-05-19 20:15:54,lombar,16576,-1056,-56,-50,-149,84,1333041
2026-05-19 20:15:54,esterno,2000,15316,3936,108,-116,569,675608
2026-05-19 20:15:54,lombar,16884,-1060,-200,74,-155,87,1333063
2026-05-19 20:15:54,esterno,1912,15196,4092,222,58,525,675630
2026-05-19 20:15:54,lombar,16796,-1008,-304,129,-120,114,1333085
2026-05-19 20:15:54,esterno,1836,15164,4272,316,197,615,675652
2026-05-19 20:15:54,lombar,16788,-1340,-400,49,87,7,1333107
2026-05-19 20:15:54,esterno,1604,15368,4252,229,74,662,675674
2026-05-19 20:15:54,lombar,16720,-1152,-168,251,156,-10,1333129
2026-05-19 20:15:54,esterno,1652,15380,4352,-33,-61,726,675696
2026-05-19 20:15:54,lombar,16708,-1128,-12,312,108,69,1333151
2026-05-19 20:15:54,esterno,1584,15200,4036,-25,118,644,675718
2026-05-19 20:15:54,lombar,16856,-1116,20,420,37,-58,1333173
2026-05-19 20:15:54,esterno,1788,15260,4592,250,-111,594,675740
2026-05-19 20:15:54,lombar,16808,-1176,-128,494,54,4,1333195
2026-05-19 20:15:54,esterno,1540,15380,4448,97,36,706,675762
2026-05-19 20:15:54,lombar,16816,-1160,-248,542,10,11,1333217
2026-05-19 20:15:54,esterno,1828,15224,4020,15,-247,650,675784
2026-05-19 20:15:54,lombar,16696,-1348,-128,519,120,-55,1333239
2026-05-19 20:15:54,esterno,1780,15260,4208,80,-91,578,675806
2026-05-19 20:15:54,lombar,16816,-988,76,526,-88,-72,1333261
2026-05-19 20:15:54,esterno,2024,15252,4276,-6,-12,602,675828
2026-05-19 20:15:54,lombar,16892,-1148,156,576,-108,-20,1333283
2026-05-19 20:15:54,esterno,2052,15328,4044,-136,-115,583,675850
2026-05-19 20:15:54,lombar,16748,-992,84,584,-108,42,1333305
2026-05-19 20:15:54,esterno,1976,15320,4112,-87,19,476,675872
2026-05-19 20:15:54,lombar,16800,-996,232,618,38,-8,1333327
2026-05-19 20:15:54,esterno,2084,15356,4000,-185,82,427,675894
2026-05-19 20:15:54,lombar,16820,-1156,208,721,220,83,1333349
2026-05-19 20:15:54,esterno,2128,15028,3900,-216,178,350,675916
2026-05-19 20:15:54,lombar,16696,-924,412,796,270,159,1333371
2026-05-19 20:15:54,esterno,2212,15168,3672,-211,214,295,675938
2026-05-19 20:15:54,lombar,16500,-868,428,757,219,329,1333393
2026-05-19 20:15:54,esterno,2112,15096,3600,-125,41,290,675960
2026-05-19 20:15:54,lombar,16452,-704,492,477,42,311,1333415
2026-05-19 20:15:54,esterno,1648,15088,3552,108,604,244,675982
2026-05-19 20:15:54,lombar,16724,-664,632,339,-190,311,1333437
2026-05-19 20:15:54,esterno,2124,15372,4540,-35,72,188,676004
2026-05-19 20:15:54,lombar,16660,-848,372,106,-573,358,1333459
2026-05-19 20:15:54,esterno,1936,15388,3788,-498,32,237,676026
2026-05-19 20:15:54,lombar,16700,-1084,92,152,-398,344,1333481
2026-05-19 20:15:54,esterno,1924,15148,3564,-222,206,25,676048
2026-05-19 20:15:54,lombar,16700,-868,88,340,-396,453,1333503
2026-05-19 20:15:54,esterno,2028,15184,4004,-80,306,-101,676070
2026-05-19 20:15:54,lombar,16752,-784,88,312,-364,502,1333525
2026-05-19 20:15:54,esterno,1888,15432,3936,-244,390,-90,676092
2026-05-19 20:15:54,lombar,16784,-884,324,246,-439,475,1333547
2026-05-19 20:15:54,esterno,1944,15204,4040,-250,380,-55,676114
2026-05-19 20:15:54,lombar,16696,-968,348,74,-543,468,1333569
2026-05-19 20:15:54,esterno,2020,15380,4256,-371,261,-36,676136
2026-05-19 20:15:54,lombar,16680,-792,88,28,-507,380,1333591
2026-05-19 20:15:54,esterno,2044,15180,3964,-511,221,-41,676158
2026-05-19 20:15:54,lombar,16784,-996,432,-17,-510,324,1333613
2026-05-19 20:15:54,esterno,1852,15168,4224,-430,212,-105,676180
2026-05-19 20:15:54,lombar,16780,-872,308,-232,-613,289,1333635
2026-05-19 20:15:54,esterno,1848,15276,4076,-418,104,-56,676202
2026-05-19 20:15:54,lombar,16696,-972,48,-220,-664,325,1333657
2026-05-19 20:15:54,esterno,1844,15288,4268,-589,-66,13,676224
2026-05-19 20:15:54,lombar,16848,-916,316,-187,-608,280,1333679
2026-05-19 20:15:54,esterno,1832,15172,3976,-560,-5,99,676246
2026-05-19 20:15:54,lombar,16704,-1068,260,-184,-580,211,1333701
2026-05-19 20:15:54,esterno,2164,15132,4340,-322,-277,12,676268
2026-05-19 20:15:54,lombar,16796,-960,56,-104,-544,159,1333723
2026-05-19 20:15:54,esterno,2192,15312,4264,-443,-129,109,676290
2026-05-19 20:15:54,lombar,16732,-972,352,-22,-446,217,1333745
2026-05-19 20:15:54,esterno,2240,15124,3896,-240,-255,226,676312
2026-05-19 20:15:54,lombar,16784,-1056,172,2,-458,301,1333767
2026-05-19 20:15:54,esterno,2012,15184,4016,-237,-353,314,676334
2026-05-19 20:15:54,lombar,16632,-996,328,51,-411,210,1333789
2026-05-19 20:15:54,esterno,1968,15024,4048,-447,-330,294,676356
2026-05-19 20:15:54,lombar,16780,-980,72,139,-487,279,1333811
2026-05-19 20:15:54,esterno,2176,15160,3908,-347,-210,241,676378
2026-05-19 20:15:54,lombar,16768,-940,124,101,-532,249,1333833
2026-05-19 20:15:54,esterno,2296,15212,4156,-279,-198,327,676400
2026-05-19 20:15:54,lombar,16724,-992,204,52,-436,320,1333855
2026-05-19 20:15:54,esterno,2128,15088,4000,-346,-149,338,676422
2026-05-19 20:15:54,lombar,16668,-952,260,139,-445,309,1333877
2026-05-19 20:15:54,esterno,2080,15016,3800,-387,-148,297,676444
2026-05-19 20:15:54,lombar,16628,-1012,312,155,-471,330,1333899
2026-05-19 20:15:54,esterno,2104,15108,4068,-313,-128,220,676466
2026-05-19 20:15:54,lombar,16680,-788,40,149,-499,339,1333921
2026-05-19 20:15:54,esterno,2372,15276,3740,-321,-63,291,676488
2026-05-19 20:15:54,lombar,16748,-776,104,88,-470,414,1333943
2026-05-19 20:15:54,esterno,2140,14884,3820,-187,112,233,676510
2026-05-19 20:15:55,lombar,16900,-904,100,51,-470,439,1333965
2026-05-19 20:15:55,esterno,2112,15236,3536,0,505,157,676532
2026-05-19 20:15:55,lombar,16752,-960,316,113,-532,426,1333987
2026-05-19 20:15:55,esterno,2332,15124,4784,-142,28,60,676554
2026-05-19 20:15:55,lombar,16676,-892,216,64,-530,412,1334009
2026-05-19 20:15:55,esterno,2208,15160,3936,-446,-338,170,676576
2026-05-19 20:15:55,lombar,16724,-920,320,15,-408,459,1334031
2026-05-19 20:15:55,esterno,2100,14980,4080,-134,-63,-15,676598
2026-05-19 20:15:55,lombar,16780,-908,84,-24,-474,413,1334053
2026-05-19 20:15:55,esterno,2084,15072,4172,11,160,-34,676620
2026-05-19 20:15:55,esterno,2020,15116,4112,-171,285,-116,676642
2026-05-19 20:15:55,lombar,16752,-972,120,-18,-419,396,1334075
2026-05-19 20:15:55,lombar,16740,-928,64,103,-438,463,1334097
2026-05-19 20:15:55,esterno,2260,15116,4420,-154,268,-169,676664
2026-05-19 20:15:55,lombar,16728,-864,-252,-75,-414,528,1334119
2026-05-19 20:15:55,esterno,2228,15184,4344,-245,181,-209,676686
2026-05-19 20:15:55,lombar,16824,-856,36,-257,-223,524,1334141
2026-05-19 20:15:55,esterno,2124,14956,4024,-309,61,-200,676708
2026-05-19 20:15:55,lombar,16684,-976,104,-204,-333,457,1334163
2026-05-19 20:15:55,esterno,2200,14996,4000,-221,130,-173,676730
2026-05-19 20:15:55,lombar,16888,-936,-176,-282,-317,483,1334185
2026-05-19 20:15:55,esterno,2244,15284,4396,-40,144,-53,676752
2026-05-19 20:15:55,lombar,16800,-1048,-184,-230,-288,436,1334207
2026-05-19 20:15:55,esterno,2264,15432,4716,-152,36,-97,676774
2026-05-19 20:15:55,lombar,16956,-1176,-212,-262,-166,396,1334229
2026-05-19 20:15:55,esterno,2228,15344,4388,-177,89,-153,676796
2026-05-19 20:15:55,lombar,16740,-1308,-368,-117,-21,384,1334251
2026-05-19 20:15:55,esterno,2192,15184,4212,53,153,-158,676818
2026-05-19 20:15:55,lombar,16824,-1284,-296,196,72,317,1334273
2026-05-19 20:15:55,esterno,2348,15188,4348,-7,307,-31,676840
2026-05-19 20:15:55,lombar,16804,-964,68,313,30,370,1334295
2026-05-19 20:15:55,esterno,2108,15216,4176,-58,354,83,676862
2026-05-19 20:15:55,lombar,16620,-920,112,209,-98,380,1334317
2026-05-19 20:15:55,esterno,2284,15264,4032,-105,430,19,676884
2026-05-19 20:15:55,lombar,16468,-1032,72,194,-104,329,1334339
2026-05-19 20:15:55,esterno,2144,15112,4020,-246,520,-15,676906
2026-05-19 20:15:55,lombar,16508,-1156,164,380,-318,347,1334361
2026-05-19 20:15:55,esterno,2088,15080,3756,-295,654,18,676928
2026-05-19 20:15:55,lombar,16632,-1036,188,242,-355,388,1334383
2026-05-19 20:15:55,esterno,1796,15092,4072,-289,621,64,676950
2026-05-19 20:15:55,esterno,1960,15228,4052,-365,561,72,676972
2026-05-19 20:15:55,lombar,16660,-852,148,132,-496,427,1334405
2026-05-19 20:15:55,lombar,16664,-916,284,143,-787,365,1334427
2026-05-19 20:15:55,esterno,2188,15092,4140,-285,576,64,676994
2026-05-19 20:15:55,lombar,16828,-980,-120,93,-724,444,1334449
2026-05-19 20:15:55,esterno,2260,15216,4340,-217,500,86,677016
2026-05-19 20:15:55,lombar,16812,-1128,-80,75,-610,392,1334471
2026-05-19 20:15:55,esterno,2128,15068,4448,-153,563,109,677038
2026-05-19 20:15:55,lombar,16876,-1168,-52,153,-559,369,1334493
2026-05-19 20:15:55,esterno,1996,14900,4520,137,575,66,677060
2026-05-19 20:15:55,lombar,17004,-1016,-348,243,-346,323,1334515
2026-05-19 20:15:55,esterno,2204,15060,4292,465,941,-48,677082
2026-05-19 20:15:55,lombar,16896,-928,-372,72,-165,261,1334537
2026-05-19 20:15:55,esterno,2332,15420,5368,423,376,180,677104
2026-05-19 20:15:55,lombar,16920,-1100,-568,-7,14,195,1334559
2026-05-19 20:15:55,esterno,2224,15456,4452,152,184,469,677126
2026-05-19 20:15:55,lombar,16740,-1188,-372,283,182,74,1334581
2026-05-19 20:15:55,esterno,2112,15296,4516,428,394,422,677148
2026-05-19 20:15:55,lombar,16896,-1112,-216,510,40,178,1334603
2026-05-19 20:15:55,esterno,2284,15252,4080,395,679,362,677170
2026-05-19 20:15:55,lombar,16728,-920,-96,504,42,24,1334625
2026-05-19 20:15:55,esterno,2136,15348,4036,245,835,355,677192
2026-05-19 20:15:55,lombar,16424,-816,240,516,-42,136,1334647
2026-05-19 20:15:55,esterno,2148,15272,3848,180,841,462,677214
2026-05-19 20:15:55,lombar,16536,-852,92,465,-302,201,1334669
2026-05-19 20:15:55,esterno,2036,15064,3900,-150,798,438,677236
2026-05-19 20:15:55,lombar,16464,-804,292,368,-448,305,1334691
2026-05-19 20:15:55,esterno,2148,15020,3476,-294,796,445,677258
2026-05-19 20:15:55,lombar,16468,-908,436,329,-710,333,1334713
2026-05-19 20:15:55,esterno,2120,15004,3588,-264,863,377,677280
2026-05-19 20:15:55,lombar,16592,-1012,28,234,-776,341,1334735
2026-05-19 20:15:55,esterno,2220,15140,4224,-169,966,324,677302
2026-05-19 20:15:55,lombar,16728,-1020,32,286,-768,342,1334757
2026-05-19 20:15:55,esterno,2336,15116,4624,-282,697,384,677324
2026-05-19 20:15:55,lombar,16660,-1044,-88,355,-842,313,1334779
2026-05-19 20:15:55,esterno,2284,15068,4180,-237,539,447,677346
2026-05-19 20:15:55,lombar,16788,-984,-356,319,-700,361,1334801
2026-05-19 20:15:55,esterno,2064,15020,4240,26,530,501,677368
2026-05-19 20:15:55,lombar,17164,-1148,-388,346,-483,287,1334823
2026-05-19 20:15:55,esterno,2228,15500,4836,206,639,419,677390
2026-05-19 20:15:55,lombar,17004,-1184,-440,458,-365,200,1334845
2026-05-19 20:15:55,esterno,2236,15412,4684,95,543,388,677412
2026-05-19 20:15:55,lombar,16884,-1080,-680,613,-187,165,1334867
2026-05-19 20:15:55,esterno,2344,15456,4524,6,527,441,677434
2026-05-19 20:15:55,lombar,16868,-984,-404,749,-82,160,1334889
2026-05-19 20:15:55,esterno,2444,15388,4392,-166,590,550,677456
2026-05-19 20:15:55,lombar,16684,-964,-144,900,-172,88,1334911
2026-05-19 20:15:55,esterno,2140,15208,3992,-202,724,442,677478
2026-05-19 20:15:55,lombar,16696,-652,60,727,-236,69,1334933
2026-05-19 20:15:55,esterno,2276,15048,4228,-261,780,317,677500
2026-05-19 20:15:55,lombar,16508,-768,0,540,-222,215,1334955
2026-05-19 20:15:56,esterno,2216,15204,3952,-366,669,298,677522
2026-05-19 20:15:56,lombar,16532,-800,328,595,-461,243,1334977
2026-05-19 20:15:56,esterno,2304,14996,3784,-424,666,253,677544
2026-05-19 20:15:56,lombar,16336,-880,160,489,-663,339,1334999
2026-05-19 20:15:56,esterno,1960,15132,3916,-505,621,214,677566
2026-05-19 20:15:56,lombar,16592,-736,44,342,-752,408,1335021
2026-05-19 20:15:56,esterno,2056,15044,3556,-465,727,144,677588
2026-05-19 20:15:56,lombar,16696,-920,36,201,-866,483,1335043
2026-05-19 20:15:56,esterno,2300,14976,4144,-258,689,3,677610
2026-05-19 20:15:56,lombar,16796,-936,-64,181,-939,458,1335065
2026-05-19 20:15:56,esterno,2276,14992,3756,-210,918,-93,677632
2026-05-19 20:15:56,lombar,16836,-956,-144,161,-869,491,1335087
2026-05-19 20:15:56,esterno,2668,15064,4832,-203,254,-49,677654
2026-05-19 20:15:56,lombar,16976,-1124,-384,135,-645,535,1335109
2026-05-19 20:15:56,esterno,2284,15016,4292,-265,87,76,677676
2026-05-19 20:15:56,lombar,16892,-904,-476,140,-358,517,1335131
2026-05-19 20:15:56,esterno,2116,15032,4860,219,130,-80,677698
2026-05-19 20:15:56,lombar,17008,-968,-692,79,-271,539,1335153
2026-05-19 20:15:56,esterno,2368,15500,4748,302,404,-38,677720
2026-05-19 20:15:56,lombar,16988,-1192,-872,95,49,421,1335175
2026-05-19 20:15:56,esterno,2256,15440,4436,154,466,-63,677742
2026-05-19 20:15:56,lombar,16888,-1064,-588,333,83,390,1335197
2026-05-19 20:15:56,esterno,2280,15300,4364,43,360,-96,677764
2026-05-19 20:15:56,lombar,16688,-900,-436,394,-19,249,1335219
2026-05-19 20:15:56,esterno,2432,15140,4204,-199,343,-32,677786
2026-05-19 20:15:56,lombar,16524,-600,-212,263,-74,337,1335241
2026-05-19 20:15:56,esterno,2232,15068,3964,-373,329,2,677808
2026-05-19 20:15:56,lombar,16584,-880,-36,46,-67,417,1335263
2026-05-19 20:15:56,esterno,2352,15032,3840,-304,342,-80,677830
2026-05-19 20:15:56,lombar,16552,-968,92,-126,-177,356,1335285
2026-05-19 20:15:56,esterno,2296,15068,3964,-325,340,-24,677852
2026-05-19 20:15:56,lombar,16684,-936,128,-113,-362,345,1335307
2026-05-19 20:15:56,lombar,16592,-912,-104,-33,-484,397,1335329
2026-05-19 20:15:56,lombar,16628,-892,-172,-60,-479,429,1335351
2026-05-19 20:15:56,lombar,16700,-1104,-224,-115,-467,447,1335373
2026-05-19 20:15:56,esterno,2140,15052,4276,-531,116,68,677874
2026-05-19 20:15:56,esterno,2160,15064,3860,-478,136,1,677896
2026-05-19 20:15:56,esterno,2288,14864,4072,-295,152,-129,677918
2026-05-19 20:15:56,esterno,2428,15188,4316,-197,134,-118,677940
2026-05-19 20:15:56,lombar,16900,-1064,-344,13,-563,424,1335395
2026-05-19 20:15:56,esterno,2272,15100,4428,-248,48,30,677962
2026-05-19 20:15:56,lombar,16876,-1152,-412,39,-407,375,1335417
2026-05-19 20:15:56,esterno,2224,15276,4644,-133,131,45,677984
2026-05-19 20:15:56,lombar,16880,-1096,-396,151,-239,329,1335439
2026-05-19 20:15:56,esterno,2324,15264,4588,-180,268,36,678006
2026-05-19 20:15:56,lombar,16864,-976,-500,310,-256,387,1335461
2026-05-19 20:15:56,esterno,2408,15256,4624,-95,161,-44,678028
2026-05-19 20:15:56,lombar,16828,-1028,-160,292,-159,280,1335483
2026-05-19 20:15:56,lombar,16784,-916,-160,237,-119,235,1335505
2026-05-19 20:15:56,lombar,16716,-988,-84,161,-145,326,1335527
2026-05-19 20:15:56,esterno,2252,15264,4456,-9,225,26,678050
2026-05-19 20:15:56,esterno,2212,15088,4248,-10,230,127,678072
2026-05-19 20:15:56,esterno,2260,15196,4060,83,260,104,678094
2026-05-19 20:15:56,lombar,16752,-1120,-92,205,-88,214,1335549
2026-05-19 20:15:56,esterno,2392,14892,4176,31,287,72,678116
2026-05-19 20:15:56,lombar,16724,-996,-124,205,-195,271,1335571
2026-05-19 20:15:56,esterno,2244,15164,3848,59,500,90,678138
2026-05-19 20:15:56,lombar,16720,-928,-216,122,-183,262,1335593
2026-05-19 20:15:56,esterno,2328,15084,4136,226,543,-23,678160
2026-05-19 20:15:56,lombar,16580,-736,-272,55,-154,227,1335615
2026-05-19 20:15:56,esterno,2044,15376,4360,213,854,71,678182
2026-05-19 20:15:56,lombar,16700,-868,-176,11,-233,266,1335637
2026-05-19 20:15:56,esterno,2580,15340,4560,6,346,122,678204
2026-05-19 20:15:56,lombar,16852,-1024,-136,68,-352,274,1335659
2026-05-19 20:15:56,esterno,2088,15068,3888,-117,437,139,678226
2026-05-19 20:15:56,lombar,16596,-1068,-260,168,-320,242,1335681
2026-05-19 20:15:56,esterno,2376,15140,3984,243,631,-37,678248
2026-05-19 20:15:56,lombar,16748,-1044,-196,237,-409,247,1335703
2026-05-19 20:15:56,esterno,2288,15404,4188,283,833,73,678270
2026-05-19 20:15:56,lombar,16852,-988,-88,311,-358,257,1335725
2026-05-19 20:15:56,esterno,2232,15204,4232,227,957,10,678292
2026-05-19 20:15:56,lombar,16916,-836,-216,367,-452,310,1335747
2026-05-19 20:15:56,esterno,2192,15100,4292,192,808,-82,678314
2026-05-19 20:15:56,lombar,16740,-824,-348,311,-508,245,1335769
2026-05-19 20:15:56,esterno,2392,15300,4060,-110,824,84,678336
2026-05-19 20:15:56,lombar,16768,-916,-184,235,-406,196,1335791
2026-05-19 20:15:56,esterno,2232,15228,4296,-86,777,178,678358
2026-05-19 20:15:56,lombar,16732,-1036,-108,391,-471,264,1335813
2026-05-19 20:15:56,esterno,2220,15216,4276,32,782,139,678380
2026-05-19 20:15:56,lombar,16688,-980,-324,492,-462,236,1335835
2026-05-19 20:15:56,esterno,2332,15292,4260,-64,775,185,678402
2026-05-19 20:15:56,lombar,16676,-892,-240,521,-420,281,1335857
2026-05-19 20:15:56,esterno,2296,15108,4192,-272,562,163,678424
2026-05-19 20:15:56,lombar,16620,-744,-92,404,-463,246,1335879
2026-05-19 20:15:56,esterno,2032,15200,3776,-204,704,172,678446
2026-05-19 20:15:56,lombar,16688,-956,-252,326,-444,252,1335901
2026-05-19 20:15:56,esterno,2484,15144,4192,-142,604,238,678468
2026-05-19 20:15:56,lombar,16816,-1080,-272,465,-412,299,1335923
2026-05-19 20:15:56,esterno,2152,15324,3940,-247,656,286,678490
2026-05-19 20:15:56,lombar,16704,-932,-52,623,-560,348,1335945
2026-05-19 20:15:56,esterno,2256,15076,4032,-216,564,257,678512
2026-05-19 20:15:57,lombar,16704,-792,-260,513,-523,361,1335967
2026-05-19 20:15:57,esterno,2228,15148,4080,-226,582,225,678534
2026-05-19 20:15:57,lombar,16648,-904,-420,390,-445,319,1335989
2026-05-19 20:15:57,esterno,2076,15136,4008,-303,602,265,678556
2026-05-19 20:15:57,lombar,16756,-916,-156,375,-479,402,1336011
2026-05-19 20:15:57,esterno,2200,15096,4276,-225,635,276,678578
2026-05-19 20:15:57,lombar,16756,-1048,-216,356,-354,413,1336033
2026-05-19 20:15:57,esterno,2156,15212,4140,-263,630,265,678600
2026-05-19 20:15:57,lombar,16764,-1052,-140,513,-412,394,1336055
2026-05-19 20:15:57,esterno,2136,15052,3920,-326,596,141,678622
2026-05-19 20:15:57,lombar,16796,-976,-156,490,-443,415,1336077
2026-05-19 20:15:57,esterno,2032,15064,4044,-301,604,25,678644
2026-05-19 20:15:57,lombar,16652,-888,-388,361,-398,375,1336099
2026-05-19 20:15:57,esterno,2208,15180,4260,-245,627,91,678666
2026-05-19 20:15:57,lombar,16668,-824,-180,333,-353,353,1336121
2026-05-19 20:15:57,esterno,2176,15100,3940,-191,754,161,678688
2026-05-19 20:15:57,lombar,16704,-1060,-288,283,-388,390,1336143
2026-05-19 20:15:57,esterno,2044,15216,3840,-158,668,64,678710
2026-05-19 20:15:57,lombar,16692,-1088,-424,245,-324,308,1336165
2026-05-19 20:15:57,esterno,2208,15368,4612,-283,596,-5,678732
2026-05-19 20:15:57,lombar,16724,-940,-260,282,-312,344,1336187
2026-05-19 20:15:57,esterno,2196,15388,3936,-350,283,100,678754
2026-05-19 20:15:57,lombar,16732,-1088,-320,363,-272,307,1336209
2026-05-19 20:15:57,esterno,2376,15116,3924,-255,352,75,678776
2026-05-19 20:15:57,lombar,16780,-952,-316,377,-338,325,1336231
2026-05-19 20:15:57,esterno,2340,15244,4080,-113,490,11,678798
2026-05-19 20:15:57,lombar,16696,-996,-432,319,-289,340,1336253
2026-05-19 20:15:57,esterno,2136,15144,4156,8,645,-17,678820
2026-05-19 20:15:57,lombar,16768,-1044,-192,412,-236,389,1336275
2026-05-19 20:15:57,esterno,2056,15404,4232,-69,578,16,678842
2026-05-19 20:15:57,lombar,16728,-1000,-88,441,-356,382,1336297
2026-05-19 20:15:57,esterno,2500,15232,4204,-528,576,68,678864
2026-05-19 20:15:57,lombar,16688,-1032,-408,457,-189,360,1336319
2026-05-19 20:15:57,esterno,2420,15080,4068,-393,634,175,678886
2026-05-19 20:15:57,lombar,16668,-1128,-384,575,-254,407,1336341
2026-05-19 20:15:57,esterno,2240,15132,4160,-52,716,178,678908
2026-05-19 20:15:57,lombar,16856,-1068,-336,583,-200,366,1336363
2026-05-19 20:15:57,esterno,2272,15172,4148,-248,781,182,678930
2026-05-19 20:15:57,lombar,16656,-1072,-404,561,-219,320,1336385
2026-05-19 20:15:57,esterno,2340,15400,4316,-380,740,68,678952
2026-05-19 20:15:57,lombar,16656,-1048,-276,585,-241,378,1336407
2026-05-19 20:15:57,esterno,2324,14936,4220,-268,531,43,678974
2026-05-19 20:15:57,lombar,16768,-1096,-460,552,-265,284,1336429
2026-05-19 20:15:57,esterno,2252,15260,3976,-352,778,140,678996
2026-05-19 20:15:57,lombar,16780,-1172,-476,669,-217,255,1336451
2026-05-19 20:15:57,esterno,2384,15268,4736,-412,838,42,679018
2026-05-19 20:15:57,lombar,16756,-1052,-344,886,-263,238,1336473
2026-05-19 20:15:57,esterno,2488,15376,4388,-454,911,-62,679040
2026-05-19 20:15:57,lombar,16736,-1128,-460,943,-366,333,1336495
2026-05-19 20:15:57,esterno,2244,15032,4244,-469,879,-225,679062
2026-05-19 20:15:57,lombar,16660,-1032,-664,949,-301,177,1336517
2026-05-19 20:15:57,esterno,2076,14904,4312,-12,1062,-373,679084
2026-05-19 20:15:57,lombar,16700,-1048,-164,1005,-401,285,1336539
2026-05-19 20:15:57,esterno,2016,15504,4640,-525,917,-249,679106
2026-05-19 20:15:57,lombar,16652,-956,-392,992,-489,327,1336561
2026-05-19 20:15:57,esterno,2244,14904,4236,-505,990,-291,679128
2026-05-19 20:15:57,lombar,16704,-1044,-468,920,-420,270,1336583
2026-05-19 20:15:57,esterno,1916,15488,4680,-85,929,-207,679150
2026-05-19 20:15:57,lombar,16640,-1140,-540,1014,-486,300,1336605
2026-05-19 20:15:57,esterno,2032,15164,4660,-379,1171,-6,679172
2026-05-19 20:15:57,lombar,16696,-1128,-464,1086,-502,262,1336627
2026-05-19 20:15:57,esterno,2084,15120,4260,-253,1285,119,679194
2026-05-19 20:15:57,lombar,16736,-1104,-556,1093,-472,207,1336649
2026-05-19 20:15:57,esterno,1920,15060,4284,6,1451,245,679216
2026-05-19 20:15:57,lombar,16624,-1012,-384,1131,-534,197,1336671
2026-05-19 20:15:57,esterno,2072,15076,4736,-123,1428,61,679238
2026-05-19 20:15:57,lombar,16680,-804,-384,1172,-650,241,1336693
2026-05-19 20:15:57,esterno,2072,15168,4348,-125,1840,166,679260
2026-05-19 20:15:57,lombar,16664,-964,-404,1088,-615,362,1336715
2026-05-19 20:15:57,esterno,2100,14968,4856,-309,1219,459,679282
2026-05-19 20:15:57,lombar,16672,-1140,-440,1083,-603,243,1336737
2026-05-19 20:15:57,esterno,2028,15532,4364,-578,1171,557,679304
2026-05-19 20:15:57,lombar,16768,-972,-388,1088,-628,311,1336759
2026-05-19 20:15:57,esterno,1900,14612,4140,11,1325,285,679326
2026-05-19 20:15:57,lombar,16820,-960,-512,1020,-681,271,1336781
2026-05-19 20:15:57,esterno,1988,15136,4612,75,1474,346,679348
2026-05-19 20:15:57,lombar,16660,-1076,-564,930,-546,285,1336803
2026-05-19 20:15:57,esterno,1980,14976,4460,-7,1516,694,679370
2026-05-19 20:15:57,lombar,16776,-1164,-484,981,-512,361,1336825
2026-05-19 20:15:57,esterno,1656,15080,4792,-124,1280,490,679392
2026-05-19 20:15:57,lombar,16784,-1072,-808,914,-563,353,1336847
2026-05-19 20:15:57,lombar,16728,-1028,-592,743,-472,179,1336869
2026-05-19 20:15:57,esterno,1784,15340,4960,-45,1188,171,679414
2026-05-19 20:15:57,esterno,2120,15100,4652,-124,1166,263,679436
2026-05-19 20:15:57,lombar,16604,-1096,-656,844,-468,228,1336891
2026-05-19 20:15:57,esterno,2008,15084,4628,-204,1084,256,679458
2026-05-19 20:15:57,lombar,16668,-1096,-416,897,-423,302,1336913
2026-05-19 20:15:57,esterno,1644,15068,4824,-476,862,-72,679480
2026-05-19 20:15:57,lombar,16652,-940,-416,968,-455,223,1336935
2026-05-19 20:15:57,esterno,1940,14932,4780,-901,640,-453,679502
2026-05-19 20:15:57,lombar,16652,-836,-664,794,-409,241,1336957
2026-05-19 20:15:57,esterno,1740,14988,4628,-667,607,-785,679524
2026-05-19 20:15:58,lombar,16684,-1036,-720,619,-226,285,1336979
2026-05-19 20:15:58,esterno,1980,14764,4812,-558,530,-1053,679546
2026-05-19 20:15:58,lombar,16856,-1016,-704,608,-259,291,1337001
2026-05-19 20:15:58,esterno,1784,15112,4856,-180,608,-1073,679568
2026-05-19 20:15:58,lombar,16776,-1088,-596,681,-252,283,1337023
2026-05-19 20:15:58,esterno,1476,15284,5192,-685,440,-587,679590
2026-05-19 20:15:58,lombar,16756,-1132,-592,543,-130,263,1337045
2026-05-19 20:15:58,esterno,1460,14836,4696,-661,522,-588,679612
2026-05-19 20:15:58,lombar,16640,-1020,-384,471,-170,221,1337067
2026-05-19 20:15:58,esterno,1768,14880,4748,-216,563,-647,679634
2026-05-19 20:15:58,lombar,16896,-900,-632,414,-117,256,1337089
2026-05-19 20:15:58,esterno,1912,15012,4352,-461,613,-1009,679656
2026-05-19 20:15:58,lombar,16752,-972,-488,296,53,386,1337111
2026-05-19 20:15:58,esterno,1700,14796,4416,-56,533,-1027,679678
2026-05-19 20:15:58,lombar,16788,-1188,-332,375,-81,305,1337133
2026-05-19 20:15:58,esterno,1356,14872,4872,-20,461,-837,679700
2026-05-19 20:15:58,lombar,16648,-1116,-484,302,-19,250,1337155
2026-05-19 20:15:58,esterno,1728,15156,4652,-68,405,-524,679722
2026-05-19 20:15:58,lombar,16612,-812,-268,264,-55,248,1337177
2026-05-19 20:15:58,esterno,1392,14720,4392,-125,338,-149,679744
2026-05-19 20:15:58,lombar,16620,-1036,-300,179,-118,301,1337199
2026-05-19 20:15:58,esterno,1300,14808,4700,40,524,-70,679766
2026-05-19 20:15:58,lombar,16864,-908,-632,223,-141,242,1337221
2026-05-19 20:15:58,esterno,1392,15104,4464,330,525,98,679788
2026-05-19 20:15:58,lombar,16788,-868,-552,106,29,199,1337243
2026-05-19 20:15:58,esterno,1700,15040,5156,55,417,235,679810
2026-05-19 20:15:58,lombar,16740,-888,-536,53,-125,290,1337265
2026-05-19 20:15:58,esterno,1424,15488,4316,-175,10,465,679832
2026-05-19 20:15:58,lombar,16680,-1144,-504,130,-19,194,1337287
2026-05-19 20:15:58,esterno,1452,15336,4600,-577,167,11,679854
2026-05-19 20:15:58,lombar,16624,-888,-532,235,-39,174,1337309
2026-05-19 20:15:58,esterno,1720,14776,4428,341,432,-305,679876
2026-05-19 20:15:58,lombar,16612,-808,-236,211,-189,193,1337331
2026-05-19 20:15:58,esterno,2040,15180,4820,274,388,309,679898
2026-05-19 20:15:58,lombar,16680,-848,-296,164,-278,237,1337353
2026-05-19 20:15:58,esterno,2324,14732,4388,506,939,2517,679920
2026-05-19 20:15:58,lombar,16740,-852,-344,76,-410,251,1337375
2026-05-19 20:15:58,esterno,1284,15320,4560,-372,539,4553,679942
2026-05-19 20:15:58,lombar,16540,-776,-656,43,-367,211,1337397
2026-05-19 20:15:58,esterno,1348,15276,4560,-313,132,2758,679964
2026-05-19 20:15:58,lombar,16664,-740,-492,17,-374,221,1337419
2026-05-19 20:15:58,esterno,2980,15348,4240,838,622,1546,679986
2026-05-19 20:15:58,lombar,16768,-1052,-396,47,-414,295,1337441
2026-05-19 20:15:58,esterno,2176,15360,4820,139,445,2644,680008
2026-05-19 20:15:58,lombar,16720,-928,-544,49,-419,248,1337463
2026-05-19 20:15:58,esterno,1628,15148,4480,-671,266,3074,680030
2026-05-19 20:15:58,lombar,16652,-652,-436,21,-448,319,1337485
2026-05-19 20:15:58,esterno,2524,14616,4160,-149,95,543,680052
2026-05-19 20:15:58,lombar,16712,-656,-452,-75,-365,316,1337507
2026-05-19 20:15:58,esterno,2488,15580,4516,598,-229,-771,680074
2026-05-19 20:15:58,lombar,16768,-896,-300,-236,-294,285,1337529
2026-05-19 20:15:58,esterno,2360,14568,4596,184,-7,92,680096
2026-05-19 20:15:58,lombar,16884,-892,-240,-177,-271,318,1337551
2026-05-19 20:15:58,esterno,2448,15024,4692,-518,-26,1030,680118
2026-05-19 20:15:58,lombar,16756,-912,-412,-244,-330,356,1337573
2026-05-19 20:15:58,esterno,2072,15148,4304,-238,-165,1083,680140
2026-05-19 20:15:58,lombar,16664,-796,-408,-384,-284,354,1337595
2026-05-19 20:15:58,esterno,2140,15080,4720,181,-241,777,680162
2026-05-19 20:15:58,lombar,16720,-792,-504,-507,-455,318,1337617
2026-05-19 20:15:58,esterno,2648,15060,4468,-259,-298,331,680184
2026-05-19 20:15:58,lombar,16760,-672,-472,-573,-489,334,1337639
2026-05-19 20:15:58,esterno,2572,14916,4384,-92,-394,110,680206
2026-05-19 20:15:58,lombar,16756,-728,-336,-531,-418,327,1337661
2026-05-19 20:15:58,esterno,2564,14996,4216,361,-420,13,680228
2026-05-19 20:15:58,lombar,16728,-756,-532,-677,-328,363,1337683
2026-05-19 20:15:58,esterno,2800,15180,4464,173,-214,17,680250
2026-05-19 20:15:58,lombar,16840,-916,-548,-655,-171,329,1337705
2026-05-19 20:15:58,esterno,2540,15196,4484,178,-233,42,680272
2026-05-19 20:15:58,lombar,16784,-868,-520,-497,-108,347,1337727
2026-05-19 20:15:58,esterno,2404,15040,4404,238,-19,-23,680294
2026-05-19 20:15:58,lombar,16864,-908,-388,-491,16,361,1337749
2026-05-19 20:15:58,esterno,2808,15220,4104,253,-88,-82,680316
2026-05-19 20:15:58,lombar,16808,-816,-368,-463,-8,391,1337771
2026-05-19 20:15:58,esterno,2568,15216,4752,32,20,-106,680338
2026-05-19 20:15:58,lombar,16816,-852,-224,-508,27,407,1337793
2026-05-19 20:15:58,esterno,2732,15268,4124,93,-385,-188,680360
2026-05-19 20:15:58,lombar,16664,-908,-512,-534,138,455,1337815
2026-05-19 20:15:58,esterno,2608,15180,4188,35,-515,-269,680382
2026-05-19 20:15:58,lombar,16804,-856,-244,-412,-6,467,1337837
2026-05-19 20:15:58,esterno,2628,15080,3984,322,-68,-365,680404
2026-05-19 20:15:58,lombar,16808,-880,-404,-417,68,437,1337859
2026-05-19 20:15:58,esterno,2544,15068,4256,235,-129,-465,680426
2026-05-19 20:15:58,lombar,16716,-828,-152,-400,161,501,1337881
2026-05-19 20:15:58,esterno,2692,15220,4032,-30,-171,-408,680448
2026-05-19 20:15:58,lombar,16628,-700,-140,-350,22,543,1337903
2026-05-19 20:15:58,lombar,16548,-624,-436,-504,-64,610,1337925
2026-05-19 20:15:58,esterno,2320,15100,4216,-134,-264,-575,680470
2026-05-19 20:15:58,esterno,2416,15152,4184,-126,-294,-575,680492
2026-05-19 20:15:58,lombar,16708,-804,-72,-613,-154,506,1337947
2026-05-19 20:15:58,esterno,2504,15224,4432,-95,-417,-493,680514
2026-05-19 20:15:59,lombar,16888,-988,-244,-612,-121,417,1337969
2026-05-19 20:15:59,esterno,2212,15272,4216,-123,-399,-701,680536
2026-05-19 20:15:59,lombar,16652,-756,-120,-499,-211,565,1337991
2026-05-19 20:15:59,esterno,2836,15076,4216,-310,-491,-952,680558
2026-05-19 20:15:59,lombar,16644,-536,-328,-651,-249,656,1338013
2026-05-19 20:15:59,esterno,2800,15060,4000,-471,-590,-804,680580
2026-05-19 20:15:59,lombar,16648,-752,-384,-840,-135,557,1338035
2026-05-19 20:15:59,esterno,2732,15076,4184,-264,-431,-531,680602
2026-05-19 20:15:59,lombar,16780,-944,-612,-921,-74,628,1338057
2026-05-19 20:15:59,esterno,2648,15176,4236,-229,-284,-421,680624
2026-05-19 20:15:59,lombar,16924,-1072,-420,-634,-69,610,1338079
2026-05-19 20:15:59,esterno,2328,15264,4644,-339,-183,-380,680646
2026-05-19 20:15:59,lombar,16964,-1080,-544,-434,34,596,1338101
2026-05-19 20:15:59,esterno,2420,15116,4188,-170,-201,-680,680668
2026-05-19 20:15:59,lombar,16568,-780,-400,-323,75,514,1338123
2026-05-19 20:15:59,esterno,2588,14976,4116,-492,90,-719,680690
2026-05-19 20:15:59,lombar,16644,-776,-184,-333,123,662,1338145
2026-05-19 20:15:59,esterno,2768,14788,4288,-498,111,-632,680712
2026-05-19 20:15:59,lombar,16740,-1012,-136,-381,132,560,1338167
2026-05-19 20:15:59,esterno,2444,14844,4196,-233,120,-377,680734
2026-05-19 20:15:59,lombar,16704,-948,-164,-321,121,492,1338189
2026-05-19 20:15:59,esterno,2292,15056,4264,-374,152,-121,680756
2026-05-19 20:15:59,lombar,16856,-980,-528,-173,323,505,1338211
2026-05-19 20:15:59,esterno,2312,15044,4196,-428,275,-295,680778
2026-05-19 20:15:59,lombar,16932,-964,-264,-27,421,551,1338233
2026-05-19 20:15:59,esterno,2340,15036,4352,-339,435,-499,680800
2026-05-19 20:15:59,lombar,17076,-996,-76,86,354,444,1338255
2026-05-19 20:15:59,esterno,2628,14828,4396,-275,582,-512,680822
2026-05-19 20:15:59,lombar,16816,-792,-288,27,518,263,1338277
2026-05-19 20:15:59,esterno,2176,14892,4556,-98,386,-287,680844
2026-05-19 20:15:59,lombar,16712,-680,-96,20,663,319,1338299
2026-05-19 20:15:59,esterno,1292,14928,5564,128,268,-271,680866
2026-05-19 20:15:59,lombar,16672,-892,48,66,829,326,1338321
2026-05-19 20:15:59,esterno,1872,15088,4540,-71,-291,-479,680888
2026-05-19 20:15:59,lombar,16848,-868,492,9,1051,268,1338343
2026-05-19 20:15:59,esterno,1612,14868,4244,209,-638,-780,680910
2026-05-19 20:15:59,lombar,16772,-644,876,-195,898,297,1338365
2026-05-19 20:15:59,esterno,1964,14776,3668,470,-782,-967,680932
2026-05-19 20:15:59,lombar,16592,-480,756,-539,878,315,1338387
2026-05-19 20:15:59,esterno,1948,14092,3168,1072,-671,-1259,680954
2026-05-19 20:15:59,lombar,16776,-484,916,-924,912,277,1338409
2026-05-19 20:15:59,esterno,1804,15112,3812,1235,-1129,-1349,680976
2026-05-19 20:15:59,lombar,16948,-780,920,-1412,706,323,1338431
2026-05-19 20:15:59,esterno,1916,15180,3804,1227,-1294,-1371,680998
2026-05-19 20:15:59,lombar,16656,-772,560,-1856,813,269,1338453
2026-05-19 20:15:59,esterno,1748,15236,4404,1228,-1516,-1540,681020
2026-05-19 20:15:59,lombar,16704,-704,628,-2046,823,414,1338475
2026-05-19 20:15:59,esterno,1872,15232,4136,1329,-1419,-1544,681042
2026-05-19 20:15:59,lombar,16872,-772,1208,-2424,262,647,1338497
2026-05-19 20:15:59,esterno,1920,15500,3968,1168,-1677,-1460,681064
2026-05-19 20:15:59,lombar,17048,-984,316,-3018,207,819,1338519
2026-05-19 20:15:59,esterno,1712,15644,3852,977,-1600,-1570,681086
2026-05-19 20:15:59,lombar,16872,-1232,740,-3301,132,1044,1338541
2026-05-19 20:15:59,esterno,1720,15672,3852,760,-1598,-1577,681108
2026-05-19 20:15:59,lombar,16748,-1496,140,-3578,-441,1289,1338563
2026-05-19 20:15:59,esterno,1456,15792,3688,587,-1400,-1331,681130
2026-05-19 20:15:59,lombar,16636,-1828,-844,-3421,300,1354,1338585
2026-05-19 20:15:59,esterno,1092,15836,3996,962,-1436,-1165,681152
2026-05-19 20:15:59,lombar,16228,-2672,168,-2957,201,1107,1338607
2026-05-19 20:15:59,esterno,280,15892,4020,220,-1374,-1151,681174
2026-05-19 20:15:59,lombar,16440,-2968,-288,-2859,81,1074,1338629
2026-05-19 20:15:59,esterno,48,15844,3848,-371,-1062,-994,681196
2026-05-19 20:15:59,lombar,16160,-2924,-524,-2279,119,674,1338651
2026-05-19 20:15:59,esterno,288,15872,4020,-400,-625,-839,681218
2026-05-19 20:15:59,lombar,16252,-2736,-220,-1417,-303,711,1338673
2026-05-19 20:15:59,esterno,384,16040,4232,-625,-473,-531,681240
2026-05-19 20:15:59,lombar,16320,-2564,-316,-1052,-658,568,1338695
2026-05-19 20:15:59,esterno,436,15304,3916,-768,-394,-334,681262
2026-05-19 20:15:59,lombar,15788,-3528,-712,-567,-811,20,1338717
2026-05-19 20:15:59,esterno,840,15372,3988,-875,-75,23,681284
2026-05-19 20:15:59,lombar,16024,-3216,-700,403,-1169,-315,1338739
2026-05-19 20:15:59,esterno,576,15244,4280,-1419,248,444,681306
2026-05-19 20:15:59,lombar,15788,-3732,-980,1380,-1245,-693,1338761
2026-05-19 20:15:59,esterno,640,15164,4228,-1298,741,648,681328
2026-05-19 20:15:59,lombar,15612,-3752,-1076,2570,-1324,-1272,1338783
2026-05-19 20:15:59,esterno,708,15228,4580,-1272,1265,1218,681350
2026-05-19 20:15:59,lombar,16572,-3272,-1304,3779,-1426,-1837,1338805
2026-05-19 20:15:59,esterno,1660,16380,4304,-1569,1835,1665,681372
2026-05-19 20:15:59,lombar,18444,-512,-416,4583,-1460,-1308,1338827
2026-05-19 20:15:59,esterno,1760,17020,5388,-1916,1604,2157,681394
2026-05-19 20:15:59,lombar,19152,1000,324,3562,-1374,-182,1338849
2026-05-19 20:15:59,esterno,1736,16096,4972,-1588,1120,1896,681416
2026-05-19 20:15:59,lombar,17452,308,1120,2379,-1361,218,1338871
2026-05-19 20:15:59,esterno,1428,14800,4572,-1439,978,1698,681438
2026-05-19 20:15:59,lombar,16392,-1072,776,1881,-1832,268,1338893
2026-05-19 20:15:59,esterno,704,13972,4304,-1201,1122,1707,681460
2026-05-19 20:15:59,lombar,16104,-2632,392,1855,-1500,275,1338915
2026-05-19 20:15:59,esterno,1232,14064,4272,-735,962,1551,681482
2026-05-19 20:15:59,lombar,16276,-2756,308,2491,-1259,268,1338937
2026-05-19 20:15:59,esterno,1492,14364,4276,-375,848,1904,681504
2026-05-19 20:15:59,lombar,16604,-2224,296,3040,-837,368,1338959
2026-05-19 20:16:00,esterno,1636,14960,4336,-486,699,2429,681526
2026-05-19 20:16:00,lombar,16696,-1496,524,3226,-520,298,1338981
2026-05-19 20:16:00,esterno,1408,14772,3992,-749,859,1921,681548
2026-05-19 20:16:00,lombar,16624,-976,380,3245,-570,259,1339003
2026-05-19 20:16:00,esterno,1556,15068,4212,-518,875,1376,681570
2026-05-19 20:16:00,lombar,17000,-584,472,2973,-584,63,1339025
2026-05-19 20:16:00,esterno,1888,14976,4372,-523,906,1383,681592
2026-05-19 20:16:00,lombar,17164,-344,556,2325,-600,-60,1339047
2026-05-19 20:16:00,esterno,2308,14764,4392,-108,688,1454,681614
2026-05-19 20:16:00,lombar,16744,-336,500,1730,-699,-77,1339069
2026-05-19 20:16:00,esterno,2212,14664,3984,472,873,1522,681636
2026-05-19 20:16:00,lombar,16452,-764,412,1216,-679,-136,1339091
2026-05-19 20:16:00,esterno,2060,14668,4384,709,651,1397,681658
2026-05-19 20:16:00,lombar,16588,-1184,248,1311,-599,-215,1339113
2026-05-19 20:16:00,esterno,2144,14720,4356,869,765,1334,681680
2026-05-19 20:16:00,lombar,16672,-1164,108,1684,-376,-113,1339135
2026-05-19 20:16:00,esterno,2312,14584,4328,1067,985,1115,681702
2026-05-19 20:16:00,lombar,16684,-980,-180,1824,26,-150,1339157
2026-05-19 20:16:00,esterno,2604,14676,4188,1112,1173,955,681724
2026-05-19 20:16:00,lombar,16996,-520,-16,1730,138,-163,1339179
2026-05-19 20:16:00,esterno,2792,14900,4280,1430,1503,1011,681746
2026-05-19 20:16:00,lombar,17104,-368,-76,1269,269,-317,1339201
2026-05-19 20:16:00,esterno,3100,15028,4108,1727,2045,940,681768
2026-05-19 20:16:00,lombar,17048,-552,-296,1036,409,-466,1339223
2026-05-19 20:16:00,esterno,3104,15108,4252,2047,2324,837,681790
2026-05-19 20:16:00,lombar,17132,-808,-268,894,642,-660,1339245
2026-05-19 20:16:00,esterno,3120,15032,4196,2192,2502,858,681812
2026-05-19 20:16:00,lombar,17152,-840,-404,855,1048,-901,1339267
2026-05-19 20:16:00,esterno,3008,15156,4044,2303,2625,922,681834
2026-05-19 20:16:00,lombar,17072,-1252,-244,838,674,-1435,1339289
2026-05-19 20:16:00,esterno,3084,15060,3944,1924,3004,1111,681856
2026-05-19 20:16:00,lombar,17020,-1336,1028,3083,398,-2223,1339311
2026-05-19 20:16:00,esterno,3072,14928,3992,2998,2818,970,681878
2026-05-19 20:16:00,lombar,17320,-1120,-1284,5535,-315,-3258,1339333
2026-05-19 20:16:00,esterno,3276,15512,3812,2959,3043,749,681900
2026-05-19 20:16:00,lombar,16280,428,-2340,3702,2022,-2382,1339355
2026-05-19 20:16:00,esterno,3704,15736,3976,1986,2581,875,681922
2026-05-19 20:16:00,lombar,15964,2032,-840,4534,1111,-1113,1339377
2026-05-19 20:16:00,esterno,4116,15776,2704,1192,2138,1270,681944
2026-05-19 20:16:00,lombar,17068,3020,988,3772,1280,-253,1339399
2026-05-19 20:16:00,esterno,3476,15736,2740,760,2103,1259,681966
2026-05-19 20:16:00,lombar,16564,2812,1396,1912,501,310,1339421
2026-05-19 20:16:00,esterno,3600,15568,2260,-185,1692,835,681988
2026-05-19 20:16:00,lombar,15440,2016,452,687,-293,241,1339443
2026-05-19 20:16:00,esterno,3620,15572,2428,-538,1004,523,682010
2026-05-19 20:16:00,lombar,15996,484,56,-364,-946,57,1339465
2026-05-19 20:16:00,esterno,3740,15812,2972,-639,238,107,682032
2026-05-19 20:16:00,lombar,16624,724,-184,-452,-1081,-32,1339487
2026-05-19 20:16:00,esterno,4036,15772,3028,-787,167,-87,682054
2026-05-19 20:16:00,lombar,16116,1212,-600,-357,-1340,384,1339509
2026-05-19 20:16:00,esterno,4780,15632,2824,690,-383,101,682076
2026-05-19 20:16:00,lombar,16244,1780,-404,-638,-1946,1020,1339531
2026-05-19 20:16:00,esterno,4036,15468,3288,1798,-1076,1,682098
2026-05-19 20:16:00,lombar,16728,1464,-508,-903,-2298,1480,1339553
2026-05-19 20:16:00,esterno,3024,14620,3280,-1365,-422,-404,682120
2026-05-19 20:16:00,lombar,17212,456,-192,-619,-1949,1606,1339575
2026-05-19 20:16:00,esterno,3428,14632,3492,-1665,-1167,-1069,682142
2026-05-19 20:16:00,lombar,17164,-48,-16,-307,-1691,1900,1339597
2026-05-19 20:16:00,esterno,2936,15752,3484,-1701,-1028,-984,682164
2026-05-19 20:16:00,lombar,17716,-1264,-44,-345,-1062,2017,1339619
2026-05-19 20:16:00,esterno,2524,16108,4460,-1797,-1322,-1101,682186
2026-05-19 20:16:00,lombar,18360,-2668,364,-46,-1141,1626,1339641
2026-05-19 20:16:00,esterno,1656,15956,5132,-1408,-1076,-2006,682208
2026-05-19 20:16:00,lombar,17244,-2480,-472,714,-1140,1040,1339663
2026-05-19 20:16:00,esterno,2744,14788,3600,-1310,-595,-2870,682230
2026-05-19 20:16:00,lombar,16652,-280,-416,926,-908,835,1339685
2026-05-19 20:16:00,esterno,2408,14224,3888,-1306,-248,-3144,682252
2026-05-19 20:16:00,lombar,16284,1328,-4,486,-1137,945,1339707
2026-05-19 20:16:00,esterno,2560,14716,3996,-971,232,-2833,682274
2026-05-19 20:16:00,lombar,16212,1928,376,-774,-1601,1203,1339729
2026-05-19 20:16:00,esterno,1776,15280,5068,-1158,708,-2242,682296
2026-05-19 20:16:00,lombar,16796,1176,-956,-2229,-1496,1357,1339751
2026-05-19 20:16:00,esterno,4132,15524,2440,-1478,1180,-1805,682318
2026-05-19 20:16:00,lombar,16760,-372,-1684,-2337,-131,1189,1339773
2026-05-19 20:16:00,esterno,2280,15632,3964,-1671,1038,-1771,682340
2026-05-19 20:16:00,lombar,17376,-1632,-556,-1880,-84,884,1339795
2026-05-19 20:16:00,esterno,1400,15484,4348,-1695,903,-1733,682362
2026-05-19 20:16:00,lombar,17204,-1716,96,-1318,-820,674,1339817
2026-05-19 20:16:00,esterno,1172,15072,4156,-1380,1084,-1738,682384
2026-05-19 20:16:00,lombar,16620,-1176,-684,-1306,-869,494,1339839
2026-05-19 20:16:00,esterno,1084,14884,4324,-677,1061,-1823,682406
2026-05-19 20:16:00,lombar,16316,-892,-368,-1185,-504,527,1339861
2026-05-19 20:16:00,esterno,1724,15016,3724,-534,1115,-2073,682428
2026-05-19 20:16:00,lombar,16480,-748,-176,-995,-266,657,1339883
2026-05-19 20:16:00,esterno,1336,15012,4092,-248,446,-1484,682450
2026-05-19 20:16:00,lombar,16676,-848,76,-780,-171,700,1339905
2026-05-19 20:16:00,esterno,700,14964,4132,-407,292,-1616,682472
2026-05-19 20:16:00,lombar,16688,-1068,156,-510,-634,646,1339927
2026-05-19 20:16:00,esterno,796,15052,3984,326,374,-1548,682494
2026-05-19 20:16:00,lombar,16952,-1144,-624,-295,-527,701,1339949
2026-05-19 20:16:00,esterno,888,15072,4044,417,298,-1521,682516
2026-05-19 20:16:01,lombar,16956,-1396,-272,-241,-65,714,1339971
2026-05-19 20:16:01,esterno,860,15368,3960,264,125,-1464,682538
2026-05-19 20:16:01,lombar,16844,-1548,-24,-17,178,574,1339993
2026-05-19 20:16:01,esterno,740,15348,4300,275,-118,-1356,682560
2026-05-19 20:16:01,lombar,16360,-1112,-168,154,248,549,1340015
2026-05-19 20:16:01,esterno,732,15124,4156,312,-206,-1400,682582
2026-05-19 20:16:01,lombar,16232,-372,-132,84,-118,665,1340037
2026-05-19 20:16:01,esterno,916,15216,3832,503,-323,-1301,682604
2026-05-19 20:16:01,lombar,17000,-852,-944,-267,232,855,1340059
2026-05-19 20:16:01,esterno,664,15356,4216,530,-379,-1076,682626
2026-05-19 20:16:01,lombar,16876,-1420,-304,-251,578,614,1340081
2026-05-19 20:16:01,esterno,672,15036,4036,317,-286,-1092,682648
2026-05-19 20:16:01,lombar,16756,-1172,52,-115,82,567,1340103
2026-05-19 20:16:01,esterno,572,15212,3596,421,-207,-1059,682670
2026-05-19 20:16:01,lombar,16732,-872,-192,-289,108,642,1340125
2026-05-19 20:16:01,esterno,648,15184,3796,390,-243,-1078,682692
2026-05-19 20:16:01,lombar,16812,-1004,-128,-394,71,737,1340147
2026-05-19 20:16:01,esterno,440,15340,4220,391,-34,-1209,682714
2026-05-19 20:16:01,lombar,16700,-980,-472,-381,98,627,1340169
2026-05-19 20:16:01,esterno,152,15420,4268,304,-136,-1208,682736
2026-05-19 20:16:01,lombar,16476,-904,-240,-601,204,660,1340191
2026-05-19 20:16:01,esterno,276,15484,4160,112,-292,-1087,682758
2026-05-19 20:16:01,lombar,16732,-1188,-336,-658,178,594,1340213
2026-05-19 20:16:01,esterno,324,15500,3944,-120,-383,-961,682780
