#ifndef MODEL_H
#define MODEL_H

const unsigned int model_tflite_len = 19336;
alignas(8) const unsigned char model_tflite[] = {
  0x1c, 0x00, 0x00, 0x00, 0x54, 0x46, 0x4c, 0x33, 0x14, 0x00, 0x20, 0x00, 
  0x1c, 0x00, 0x18, 0x00, 0x14, 0x00, 0x10, 0x00, 0x0c, 0x00, 0x00, 0x00, 
  0x08, 0x00, 0x04, 0x00, 0x14, 0x00, 0x00, 0x00, 0x1c, 0x00, 0x00, 0x00, 
  0x8c, 0x00, 0x00, 0x00, 0xe4, 0x00, 0x00, 0x00, 0xa0, 0x2c, 0x00, 0x00, 
  0xb0, 0x2c, 0x00, 0x00, 0xc8, 0x4a, 0x00, 0x00, 0x03, 0x00, 0x00, 0x00, 
  0x01, 0x00, 0x00, 0x00, 0x04, 0x00, 0x00, 0x00, 0x7a, 0xd1, 0xff, 0xff, 
  0x0c, 0x00, 0x00, 0x00, 0x1c, 0x00, 0x00, 0x00, 0x3c, 0x00, 0x00, 0x00, 
  0x0f, 0x00, 0x00, 0x00, 0x73, 0x65, 0x72, 0x76, 0x69, 0x6e, 0x67, 0x5f, 
  0x64, 0x65, 0x66, 0x61, 0x75, 0x6c, 0x74, 0x00, 0x01, 0x00, 0x00, 0x00, 
  0x04, 0x00, 0x00, 0x00, 0x90, 0xff, 0xff, 0xff, 0x16, 0x00, 0x00, 0x00, 
  0x04, 0x00, 0x00, 0x00, 0x08, 0x00, 0x00, 0x00, 0x6f, 0x75, 0x74, 0x70, 
  0x75, 0x74, 0x5f, 0x30, 0x00, 0x00, 0x00, 0x00, 0x01, 0x00, 0x00, 0x00, 
  0x04, 0x00, 0x00, 0x00, 0x32, 0xd3, 0xff, 0xff, 0x04, 0x00, 0x00, 0x00, 
  0x0f, 0x00, 0x00, 0x00, 0x6b, 0x65, 0x72, 0x61, 0x73, 0x5f, 0x74, 0x65, 
  0x6e, 0x73, 0x6f, 0x72, 0x5f, 0x34, 0x32, 0x00, 0x02, 0x00, 0x00, 0x00, 
  0x34, 0x00, 0x00, 0x00, 0x04, 0x00, 0x00, 0x00, 0xdc, 0xff, 0xff, 0xff, 
  0x19, 0x00, 0x00, 0x00, 0x04, 0x00, 0x00, 0x00, 0x13, 0x00, 0x00, 0x00, 
  0x43, 0x4f, 0x4e, 0x56, 0x45, 0x52, 0x53, 0x49, 0x4f, 0x4e, 0x5f, 0x4d, 
  0x45, 0x54, 0x41, 0x44, 0x41, 0x54, 0x41, 0x00, 0x08, 0x00, 0x0c, 0x00, 
  0x08, 0x00, 0x04, 0x00, 0x08, 0x00, 0x00, 0x00, 0x18, 0x00, 0x00, 0x00, 
  0x04, 0x00, 0x00, 0x00, 0x13, 0x00, 0x00, 0x00, 0x6d, 0x69, 0x6e, 0x5f, 
  0x72, 0x75, 0x6e, 0x74, 0x69, 0x6d, 0x65, 0x5f, 0x76, 0x65, 0x72, 0x73, 
  0x69, 0x6f, 0x6e, 0x00, 0x1a, 0x00, 0x00, 0x00, 0xb8, 0x2b, 0x00, 0x00, 
  0xb0, 0x2b, 0x00, 0x00, 0x9c, 0x2b, 0x00, 0x00, 0x80, 0x2b, 0x00, 0x00, 
  0x64, 0x2b, 0x00, 0x00, 0x50, 0x2b, 0x00, 0x00, 0x34, 0x2b, 0x00, 0x00, 
  0xc4, 0x2a, 0x00, 0x00, 0x34, 0x2a, 0x00, 0x00, 0x24, 0x22, 0x00, 0x00, 
  0x14, 0x21, 0x00, 0x00, 0x04, 0x09, 0x00, 0x00, 0x74, 0x08, 0x00, 0x00, 
  0xe4, 0x00, 0x00, 0x00, 0xdc, 0x00, 0x00, 0x00, 0xd4, 0x00, 0x00, 0x00, 
  0xcc, 0x00, 0x00, 0x00, 0xc4, 0x00, 0x00, 0x00, 0xbc, 0x00, 0x00, 0x00, 
  0xb4, 0x00, 0x00, 0x00, 0xac, 0x00, 0x00, 0x00, 0xa4, 0x00, 0x00, 0x00, 
  0x9c, 0x00, 0x00, 0x00, 0x94, 0x00, 0x00, 0x00, 0x74, 0x00, 0x00, 0x00, 
  0x04, 0x00, 0x00, 0x00, 0x16, 0xd4, 0xff, 0xff, 0x04, 0x00, 0x00, 0x00, 
  0x60, 0x00, 0x00, 0x00, 0x0c, 0x00, 0x00, 0x00, 0x08, 0x00, 0x0e, 0x00, 
  0x08, 0x00, 0x04, 0x00, 0x08, 0x00, 0x00, 0x00, 0x10, 0x00, 0x00, 0x00, 
  0x28, 0x00, 0x00, 0x00, 0x00, 0x00, 0x06, 0x00, 0x08, 0x00, 0x04, 0x00, 
  0x06, 0x00, 0x00, 0x00, 0x04, 0x00, 0x00, 0x00, 0x01, 0x00, 0x00, 0x00, 
  0xeb, 0x03, 0x00, 0x00, 0x0c, 0x00, 0x18, 0x00, 0x14, 0x00, 0x10, 0x00, 
  0x0c, 0x00, 0x04, 0x00, 0x0c, 0x00, 0x00, 0x00, 0x94, 0x05, 0xfb, 0x22, 
  0x54, 0xe5, 0x8a, 0x8d, 0x02, 0x00, 0x00, 0x00, 0x02, 0x00, 0x00, 0x00, 
  0x04, 0x00, 0x00, 0x00, 0x06, 0x00, 0x00, 0x00, 0x32, 0x2e, 0x32, 0x31, 
  0x2e, 0x30, 0x00, 0x00, 0x82, 0xd4, 0xff, 0xff, 0x04, 0x00, 0x00, 0x00, 
  0x10, 0x00, 0x00, 0x00, 0x31, 0x2e, 0x31, 0x34, 0x2e, 0x30, 0x00, 0x00, 
  0x00, 0x00, 0x00, 0x00, 0x00, 0x00, 0x00, 0x00, 0xd4, 0xb7, 0xff, 0xff, 
  0xd8, 0xb7, 0xff, 0xff, 0xdc, 0xb7, 0xff, 0xff, 0xe0, 0xb7, 0xff, 0xff, 
  0xe4, 0xb7, 0xff, 0xff, 0xe8, 0xb7, 0xff, 0xff, 0xec, 0xb7, 0xff, 0xff, 
  0xf0, 0xb7, 0xff, 0xff, 0xf4, 0xb7, 0xff, 0xff, 0xf8, 0xb7, 0xff, 0xff, 
  0xc6, 0xd4, 0xff, 0xff, 0x04, 0x00, 0x00, 0x00, 0x80, 0x07, 0x00, 0x00, 
  0x06, 0x6c, 0x78, 0x97, 0x49, 0xb7, 0xe6, 0x63, 0xb2, 0xa6, 0x5a, 0xec, 
  0x36, 0x60, 0xe9, 0xca, 0xf7, 0xc0, 0xed, 0x14, 0xd1, 0xb2, 0xed, 0xdc, 
  0x34, 0xeb, 0x3c, 0xc6, 0x26, 0xf4, 0x45, 0xc0, 0xfe, 0x44, 0x3b, 0x1a, 
  0x26, 0x62, 0xcf, 0x9c, 0xe4, 0x3d, 0xfe, 0xd4, 0x2a, 0x97, 0x4d, 0x4c, 
  0x7f, 0x51, 0x47, 0x52, 0x2b, 0x59, 0xb3, 0xab, 0xfe, 0x3c, 0xcc, 0xb7, 
  0x63, 0x6b, 0xd7, 0x59, 0x33, 0xad, 0xca, 0xed, 0x45, 0x1b, 0xce, 0x20, 
  0x14, 0x0c, 0xcb, 0x57, 0x93, 0xbd, 0x8c, 0x66, 0x81, 0xb7, 0x19, 0x2c, 
  0xd9, 0x75, 0x14, 0xc4, 0xe8, 0xdb, 0xec, 0x10, 0xc4, 0x3c, 0xd7, 0x2c, 
  0x11, 0x0e, 0xce, 0x07, 0xc8, 0xa8, 0xc3, 0xe7, 0xef, 0xbb, 0x5b, 0xaa, 
  0xb6, 0x4a, 0xae, 0x2e, 0x4b, 0xb8, 0xc5, 0xfb, 0xea, 0xee, 0xf6, 0x49, 
  0xf3, 0x53, 0x68, 0xaa, 0x44, 0xce, 0xa4, 0x51, 0x8f, 0x03, 0x42, 0xba, 
  0xc3, 0xfa, 0x27, 0xf2, 0xfe, 0x3b, 0x55, 0x1e, 0xd9, 0xbf, 0xf8, 0x16, 
  0x03, 0x73, 0xc2, 0xa4, 0xd0, 0x38, 0x48, 0x1a, 0x2e, 0x0f, 0x06, 0x03, 
  0x62, 0x55, 0x44, 0x9d, 0xde, 0xd7, 0x3c, 0xde, 0x81, 0x03, 0x2c, 0xd8, 
  0x15, 0xde, 0x34, 0x14, 0x22, 0xd8, 0x94, 0xd2, 0xb1, 0xc4, 0x48, 0xbb, 
  0x2e, 0x3e, 0x1a, 0xe7, 0x58, 0x25, 0x68, 0xdb, 0x64, 0xcd, 0x2f, 0x6a, 
  0x18, 0x0f, 0x06, 0x07, 0xc6, 0x58, 0x68, 0x7e, 0x3d, 0xdb, 0x08, 0x2b, 
  0x67, 0xcc, 0x6b, 0x24, 0xcc, 0xbe, 0x54, 0x41, 0xf4, 0xe7, 0xfd, 0x7f, 
  0x7f, 0xe4, 0x55, 0x0a, 0x3c, 0x4b, 0x7c, 0x27, 0xfb, 0xcf, 0xd7, 0xd4, 
  0x64, 0xfa, 0xce, 0x1d, 0xe1, 0xcc, 0x62, 0x18, 0x2d, 0x44, 0x64, 0xfa, 
  0x0d, 0xe6, 0xab, 0x2c, 0x4f, 0x35, 0x7f, 0xa0, 0xd8, 0x7a, 0x1f, 0x65, 
  0xda, 0x19, 0xe9, 0x6f, 0x06, 0x96, 0x01, 0x13, 0x6c, 0x22, 0x3a, 0x59, 
  0xfe, 0xdf, 0x95, 0x05, 0x02, 0xad, 0xff, 0xf8, 0xb1, 0x1f, 0x4f, 0xe4, 
  0x92, 0xc5, 0xec, 0xf2, 0x07, 0xc6, 0x75, 0x99, 0x7c, 0x42, 0x39, 0x21, 
  0x0e, 0x71, 0xf5, 0xb3, 0x17, 0x45, 0xf9, 0xce, 0xfe, 0x58, 0x1c, 0x7a, 
  0x86, 0x12, 0xa0, 0xf3, 0xfd, 0x57, 0x72, 0xfe, 0x7f, 0x08, 0xbb, 0x4d, 
  0xe9, 0x0f, 0xaf, 0x55, 0xca, 0xc2, 0xe1, 0xbd, 0x68, 0x1c, 0x43, 0x1b, 
  0x41, 0xa0, 0x83, 0xa1, 0x9b, 0x4a, 0x7d, 0xb7, 0x72, 0x60, 0xec, 0xb5, 
  0xae, 0xb4, 0x15, 0x46, 0xf0, 0x5c, 0x5c, 0xbc, 0xe0, 0xbb, 0xf8, 0x3f, 
  0x9d, 0x15, 0xa9, 0x4f, 0x11, 0x1b, 0x47, 0xce, 0x29, 0x36, 0x56, 0xbb, 
  0xac, 0xb6, 0x81, 0xaf, 0x1c, 0xfa, 0x52, 0xc8, 0x3d, 0x23, 0x4d, 0xa8, 
  0x40, 0x11, 0xd0, 0xb4, 0xe6, 0xb0, 0x10, 0x83, 0x03, 0xf4, 0x14, 0xf8, 
  0xfb, 0xae, 0xf0, 0x0f, 0x3e, 0x68, 0x19, 0x40, 0x59, 0xcf, 0x96, 0xc0, 
  0x91, 0xf0, 0xd2, 0xd4, 0xd0, 0x18, 0x1e, 0x3f, 0xc0, 0xe7, 0x4e, 0xd4, 
  0x02, 0x40, 0x8f, 0x51, 0x51, 0x5e, 0xb9, 0xd7, 0x4e, 0xfb, 0xab, 0xfb, 
  0x6c, 0xe0, 0xc5, 0xfd, 0xca, 0xf9, 0x5f, 0x1e, 0x4e, 0x1f, 0x12, 0xc1, 
  0xe1, 0xe1, 0x42, 0x2f, 0xce, 0xfb, 0x5e, 0x6b, 0x1d, 0xc9, 0x14, 0x4c, 
  0x7f, 0xed, 0xc0, 0x15, 0x2b, 0xef, 0xdb, 0x7c, 0xf5, 0x37, 0x2a, 0xb1, 
  0x45, 0x0a, 0x4c, 0xd9, 0x43, 0x14, 0x31, 0x27, 0x3f, 0xe9, 0xe2, 0x1c, 
  0x41, 0xb6, 0x31, 0xa4, 0x33, 0xdc, 0x1f, 0x60, 0x39, 0x47, 0xe0, 0x16, 
  0x0e, 0x3d, 0x02, 0xd1, 0x11, 0x43, 0xeb, 0x70, 0xd0, 0x29, 0xb3, 0xfe, 
  0x4e, 0xc0, 0x7f, 0x4d, 0xe3, 0x1b, 0x8e, 0x17, 0x8b, 0x48, 0x1d, 0xfc, 
  0xf6, 0x4d, 0x5a, 0xab, 0x2f, 0x0e, 0x8c, 0x5b, 0x81, 0xd6, 0xed, 0x0c, 
  0xf4, 0x10, 0x06, 0xd6, 0x17, 0xa5, 0xe2, 0x74, 0xcf, 0xff, 0xce, 0x14, 
  0x1d, 0xed, 0xb8, 0x3b, 0x2b, 0xb1, 0x2c, 0xb1, 0x8a, 0xb2, 0xaa, 0xc2, 
  0xd5, 0xbc, 0x24, 0x1e, 0xe4, 0xfe, 0xc4, 0x90, 0x3c, 0xdd, 0xa3, 0x00, 
  0xda, 0xd5, 0xc0, 0x43, 0xca, 0x0b, 0x8d, 0xa5, 0x52, 0x11, 0xa0, 0xba, 
  0x4c, 0x2c, 0x5b, 0xe5, 0x09, 0xe2, 0x81, 0xaa, 0xcd, 0x03, 0x9d, 0xdd, 
  0xf9, 0xa1, 0xeb, 0xcb, 0xdf, 0xac, 0x3b, 0xef, 0x67, 0xce, 0x37, 0x11, 
  0x0f, 0xed, 0x09, 0xb9, 0xc3, 0xf7, 0x8d, 0x45, 0x42, 0x0d, 0xf0, 0xad, 
  0x7f, 0xf6, 0xd4, 0x52, 0x3e, 0xd6, 0x23, 0xe6, 0x79, 0xb0, 0xf8, 0xc1, 
  0x5e, 0xe6, 0xf2, 0xb1, 0x29, 0xea, 0x4f, 0x61, 0x60, 0x01, 0xd8, 0x43, 
  0x55, 0xe6, 0xc5, 0x1c, 0x50, 0xc7, 0x26, 0x4c, 0x78, 0xcf, 0x2e, 0xe7, 
  0x64, 0xea, 0x30, 0xb7, 0x2f, 0x48, 0xdd, 0xed, 0xe2, 0x65, 0x2d, 0x29, 
  0x74, 0xb9, 0x57, 0x35, 0xbe, 0xcc, 0xf1, 0x72, 0x17, 0x08, 0xe8, 0x0f, 
  0xe0, 0xd7, 0x16, 0xc9, 0x42, 0xf3, 0xe7, 0xc8, 0x40, 0x58, 0x3a, 0xfc, 
  0xb5, 0x3f, 0x88, 0xaf, 0x22, 0x12, 0x30, 0x00, 0xc2, 0xcb, 0x4f, 0x1b, 
  0xaf, 0x17, 0xd8, 0x07, 0x11, 0xc4, 0x22, 0xaa, 0xfb, 0xa5, 0xc5, 0xd1, 
  0xd7, 0xe6, 0x1c, 0x20, 0x96, 0xd0, 0xef, 0xf8, 0x57, 0xf4, 0x0e, 0x54, 
  0x81, 0x8a, 0xee, 0x33, 0x31, 0x21, 0x3c, 0x22, 0xb3, 0x3b, 0x94, 0xb2, 
  0x2d, 0x1a, 0x4a, 0xc3, 0xe3, 0xbe, 0x18, 0xc0, 0x70, 0x11, 0x49, 0xcc, 
  0x25, 0xa3, 0x71, 0x30, 0x05, 0xc7, 0xc2, 0x03, 0xe2, 0xd2, 0xe0, 0xd6, 
  0x09, 0x19, 0x5c, 0x36, 0xce, 0x37, 0x3e, 0xf0, 0x4d, 0x13, 0x0d, 0xed, 
  0x39, 0x23, 0x00, 0xd1, 0xf1, 0xe2, 0xad, 0x04, 0x62, 0xe9, 0xbe, 0x12, 
  0x7f, 0xad, 0x46, 0xee, 0xd9, 0x60, 0xeb, 0xa7, 0x63, 0xc3, 0xfd, 0xa7, 
  0x08, 0xe4, 0x2a, 0x1b, 0x03, 0xfd, 0x38, 0xf2, 0xc8, 0x3b, 0xf6, 0x56, 
  0x7f, 0x9c, 0x00, 0xf4, 0x36, 0x0a, 0x8a, 0xad, 0x17, 0xdc, 0xba, 0xe4, 
  0x56, 0x00, 0xb8, 0xe0, 0x28, 0x10, 0xeb, 0x43, 0xeb, 0x1f, 0x08, 0xaa, 
  0x11, 0x19, 0x51, 0x1c, 0xcf, 0x0c, 0xfc, 0xc8, 0x6f, 0x56, 0xa5, 0x2b, 
  0x2f, 0x1c, 0x69, 0x21, 0xdb, 0x64, 0x0f, 0xb2, 0x0f, 0x4c, 0x27, 0xf0, 
  0xb1, 0xaa, 0xb4, 0x37, 0x97, 0xe0, 0xf4, 0x34, 0x7f, 0x48, 0x96, 0x1f, 
  0x5c, 0xad, 0xcc, 0x32, 0x5c, 0x2a, 0x1f, 0xf6, 0xd5, 0x27, 0x52, 0x53, 
  0x59, 0xf1, 0xbe, 0x0b, 0x18, 0x24, 0x2a, 0xbd, 0x19, 0xc4, 0x5e, 0x4e, 
  0xd3, 0xde, 0xc7, 0x1d, 0xaf, 0x4e, 0xcd, 0xe5, 0x3b, 0x22, 0xfc, 0x36, 
  0xa1, 0x97, 0x5b, 0x3c, 0x3e, 0x50, 0x70, 0x1e, 0x6f, 0x7f, 0x9e, 0xe7, 
  0x55, 0x37, 0x4b, 0x32, 0xb5, 0xda, 0x3b, 0x46, 0xab, 0x42, 0xb3, 0xb1, 
  0x23, 0x2b, 0xf9, 0x21, 0x29, 0x18, 0xc3, 0x4c, 0x81, 0x1e, 0x3b, 0x0a, 
  0x59, 0x4f, 0xf0, 0x30, 0xf5, 0xe3, 0xa7, 0x18, 0x13, 0x26, 0xb7, 0xd1, 
  0xf6, 0x38, 0x11, 0xaf, 0xf4, 0xd1, 0xe9, 0x0f, 0xe0, 0x1b, 0x37, 0x01, 
  0xf9, 0x53, 0x56, 0x06, 0x10, 0xbe, 0x3d, 0xd8, 0x93, 0x47, 0x41, 0x31, 
  0x6e, 0x29, 0x35, 0xbe, 0x6b, 0x99, 0x7f, 0xe3, 0x45, 0x35, 0x1d, 0x10, 
  0x4d, 0x5f, 0xe5, 0x4e, 0x72, 0x4c, 0x25, 0x89, 0xb9, 0x22, 0x38, 0x2c, 
  0xb0, 0x0a, 0x31, 0x31, 0xc8, 0x98, 0x5e, 0xc5, 0x30, 0x53, 0x58, 0x7d, 
  0x10, 0x4e, 0x78, 0x3c, 0x49, 0x07, 0x2c, 0xb9, 0x4e, 0x0a, 0x5e, 0xec, 
  0xb7, 0x5b, 0x10, 0x5f, 0xc3, 0x2f, 0x43, 0x51, 0x49, 0x4c, 0xf1, 0x08, 
  0x36, 0x3b, 0x60, 0x5c, 0xda, 0x07, 0xc4, 0x36, 0xce, 0xcd, 0x11, 0x42, 
  0x51, 0x5f, 0x29, 0xf5, 0xd4, 0x1b, 0xd2, 0xde, 0xd5, 0x3f, 0xbc, 0xde, 
  0xa7, 0x00, 0x0c, 0xfd, 0x30, 0x08, 0x90, 0x2f, 0x1e, 0xd0, 0x23, 0x24, 
  0x4f, 0x6b, 0xfa, 0xcf, 0xdc, 0x1f, 0x0e, 0xe6, 0xbe, 0x04, 0x18, 0xbe, 
  0x41, 0xbd, 0xe0, 0x17, 0x0e, 0xe2, 0xc5, 0x1a, 0x81, 0xfd, 0xcb, 0x4f, 
  0x22, 0xdc, 0xc2, 0x47, 0x28, 0x51, 0xfd, 0xd1, 0x83, 0x0e, 0xec, 0x32, 
  0x7f, 0x4d, 0x2a, 0x53, 0xa1, 0x2d, 0x3e, 0xaa, 0xe0, 0xfd, 0xae, 0x11, 
  0x23, 0xa6, 0x30, 0x27, 0xe5, 0x62, 0xbb, 0xfa, 0xd7, 0x61, 0xe0, 0xff, 
  0xdf, 0x4f, 0xac, 0xab, 0x4e, 0xec, 0xdc, 0xf4, 0x4d, 0x18, 0xc6, 0x5d, 
  0x33, 0x59, 0x78, 0xc4, 0x41, 0x39, 0x2c, 0x62, 0xb6, 0xce, 0x0d, 0x3b, 
  0x74, 0xc2, 0x37, 0x0c, 0xd2, 0xaa, 0x0b, 0x68, 0xb2, 0x1a, 0x21, 0xe5, 
  0xf6, 0x04, 0xd7, 0x19, 0xd4, 0x60, 0xc2, 0x2e, 0x8c, 0x9d, 0xc8, 0xe1, 
  0xee, 0x3a, 0xc5, 0xba, 0xfc, 0xd6, 0x8e, 0x42, 0x81, 0xe5, 0x0d, 0x24, 
  0xd0, 0x0b, 0xd6, 0xa8, 0x46, 0x0c, 0xbf, 0x13, 0x1e, 0x2c, 0x9d, 0x25, 
  0x38, 0x47, 0x1d, 0x4b, 0xd5, 0x51, 0x18, 0x79, 0xa6, 0x44, 0x33, 0x0e, 
  0xe4, 0xea, 0xeb, 0x57, 0x61, 0xed, 0x10, 0x44, 0xca, 0x0e, 0xe6, 0xa6, 
  0x4d, 0x5f, 0x36, 0x1e, 0xeb, 0xab, 0xfd, 0xf9, 0x84, 0x05, 0xe5, 0x0b, 
  0x1b, 0xe1, 0xc6, 0xfb, 0xda, 0x0a, 0xc6, 0x6a, 0x81, 0x2c, 0x0a, 0xc5, 
  0x36, 0xf1, 0xb8, 0xc8, 0x4d, 0xad, 0xa7, 0x42, 0xf1, 0x2f, 0x49, 0x48, 
  0xf9, 0x05, 0x36, 0x50, 0x0a, 0x30, 0xd8, 0x16, 0x0b, 0xae, 0x06, 0xe6, 
  0xce, 0xb1, 0x15, 0xe4, 0xc7, 0x46, 0xe0, 0xb6, 0x60, 0xc9, 0x1c, 0x17, 
  0xd2, 0x34, 0x92, 0xfa, 0xb4, 0x36, 0x3a, 0x46, 0xd7, 0x3e, 0x8d, 0x44, 
  0x8c, 0xfd, 0x85, 0x0b, 0x52, 0xa5, 0xe1, 0x2b, 0x4c, 0xc9, 0x1a, 0xbd, 
  0x81, 0xb7, 0x01, 0xf7, 0xcf, 0x05, 0xbf, 0xb9, 0x04, 0x22, 0xd4, 0x2b, 
  0x18, 0x52, 0x3f, 0xa7, 0x20, 0xde, 0x48, 0xe7, 0x00, 0x0b, 0xfd, 0x38, 
  0x61, 0x5e, 0x6d, 0xb1, 0xfd, 0x02, 0xdd, 0x33, 0x1d, 0x90, 0x30, 0xfd, 
  0xd6, 0xf8, 0x7c, 0xfe, 0xc0, 0x0b, 0x85, 0x33, 0xb9, 0x36, 0xfe, 0xb8, 
  0x39, 0xa1, 0x0f, 0xbd, 0x34, 0xbf, 0xc3, 0xb9, 0xb6, 0xdd, 0xf5, 0xce, 
  0xea, 0x43, 0x64, 0xa8, 0x47, 0xf5, 0x53, 0xa6, 0xa2, 0x2a, 0x09, 0x61, 
  0x72, 0xae, 0x7f, 0x0b, 0x05, 0x28, 0xc3, 0xc6, 0x26, 0x60, 0xcd, 0x0e, 
  0xcd, 0xca, 0xe9, 0xee, 0x28, 0xdf, 0xb0, 0xaf, 0xa2, 0x11, 0xb3, 0x46, 
  0x2c, 0xe0, 0x2b, 0x02, 0x35, 0xa2, 0x14, 0x4c, 0x17, 0x57, 0xf8, 0xe6, 
  0xaa, 0x9f, 0x97, 0x58, 0xa5, 0x68, 0x19, 0xbe, 0x57, 0x52, 0x81, 0x59, 
  0xfc, 0x0f, 0xf8, 0x05, 0x2e, 0x1f, 0x27, 0x53, 0x14, 0x8c, 0xb4, 0x07, 
  0x81, 0x40, 0x41, 0x17, 0x25, 0x60, 0x78, 0xec, 0x04, 0x8e, 0xa0, 0x07, 
  0x1a, 0xcd, 0xf8, 0x3f, 0xf8, 0x10, 0xa3, 0xce, 0x89, 0xe3, 0xfd, 0x35, 
  0x44, 0xe6, 0xcf, 0xd8, 0x00, 0xae, 0x22, 0x38, 0x81, 0x17, 0xe9, 0x40, 
  0x4c, 0xdb, 0x3b, 0xfb, 0xe7, 0xe4, 0xac, 0xe2, 0xa9, 0x0d, 0xdd, 0xbc, 
  0x25, 0xdc, 0x61, 0xfa, 0x42, 0xf5, 0x36, 0x61, 0xe8, 0xdc, 0xc0, 0x58, 
  0xbd, 0x29, 0x23, 0xfd, 0x3b, 0xd6, 0x9a, 0x2f, 0xd9, 0xb3, 0xc1, 0x0b, 
  0x3b, 0x48, 0x66, 0x63, 0x4f, 0x05, 0xfe, 0xda, 0x34, 0xab, 0x32, 0x1f, 
  0xb5, 0x79, 0x01, 0xb3, 0xfc, 0xab, 0xa8, 0x25, 0x06, 0xc1, 0x9e, 0x6f, 
  0xf2, 0xdb, 0x17, 0x47, 0xff, 0x1d, 0xd3, 0x06, 0x41, 0xca, 0xef, 0xbe, 
  0xdc, 0xdc, 0x9a, 0x9d, 0x5b, 0x65, 0xea, 0x6e, 0x2f, 0xa7, 0xc6, 0x6d, 
  0x08, 0x6e, 0xca, 0x4e, 0x5a, 0x7f, 0x39, 0x1f, 0x4d, 0x11, 0xac, 0xb9, 
  0xda, 0x46, 0x81, 0x65, 0x35, 0xec, 0xff, 0xe4, 0x0d, 0x69, 0x55, 0xf5, 
  0x95, 0x1f, 0x0d, 0x53, 0x55, 0xc2, 0x06, 0x06, 0x37, 0xfc, 0x22, 0x90, 
  0xf8, 0xce, 0x3c, 0x25, 0x0f, 0xa4, 0xdd, 0xba, 0x77, 0xf1, 0xf1, 0x4b, 
  0xe2, 0x87, 0x1d, 0x29, 0x38, 0xb1, 0x25, 0x35, 0x76, 0xd7, 0x18, 0x8b, 
  0xee, 0xed, 0xed, 0x42, 0x67, 0xad, 0xea, 0x61, 0x2a, 0xfc, 0xfe, 0xc5, 
  0xbb, 0xa8, 0x07, 0x50, 0xa0, 0x68, 0x32, 0x51, 0x56, 0x11, 0xef, 0x39, 
  0x7f, 0x9b, 0x39, 0x6a, 0x61, 0x0c, 0xbf, 0xc8, 0x64, 0x50, 0xc8, 0xc5, 
  0x42, 0xd0, 0x4a, 0x48, 0xc9, 0x1b, 0xcd, 0x9b, 0xf3, 0xbf, 0x81, 0x1f, 
  0x7f, 0xe9, 0x37, 0xd6, 0x5a, 0x6a, 0x1e, 0x56, 0x7b, 0x59, 0x51, 0x28, 
  0x5a, 0x5b, 0x54, 0x6a, 0x61, 0xd0, 0x95, 0xa8, 0xcb, 0x10, 0xf2, 0x81, 
  0x66, 0xde, 0x0d, 0xe8, 0xba, 0x48, 0x0a, 0x01, 0x16, 0xb2, 0x62, 0x5e, 
  0x32, 0xe2, 0xda, 0xd0, 0xc6, 0x26, 0x1f, 0xe0, 0xf5, 0x54, 0x2e, 0xdf, 
  0x1c, 0xf1, 0x59, 0x42, 0x45, 0x3b, 0x47, 0x01, 0x26, 0xf2, 0x3f, 0x37, 
  0xe4, 0xca, 0x29, 0x3a, 0x41, 0xc2, 0x7f, 0x4a, 0xe5, 0x3d, 0x5c, 0xd4, 
  0x06, 0x39, 0x24, 0xff, 0x20, 0x33, 0x76, 0x17, 0x31, 0x26, 0x0d, 0x03, 
  0xf1, 0xd0, 0xc2, 0x67, 0xa5, 0x4f, 0x59, 0xc6, 0x47, 0x10, 0x03, 0x18, 
  0xfd, 0xee, 0x1c, 0xe4, 0x1d, 0x55, 0x0a, 0xc0, 0xe1, 0x4c, 0xdb, 0x5b, 
  0x4a, 0x51, 0x81, 0x5c, 0xc1, 0xf8, 0x0a, 0x16, 0xec, 0x0e, 0xfd, 0x9a, 
  0x44, 0x09, 0x8e, 0xea, 0x2c, 0x11, 0xb5, 0xf7, 0x32, 0xf6, 0xa4, 0x15, 
  0xe6, 0xbb, 0xb0, 0xaf, 0x0d, 0xa0, 0xc0, 0xaf, 0x1c, 0xc5, 0xf3, 0x91, 
  0xfc, 0xc6, 0xcb, 0x27, 0x94, 0xe0, 0x1e, 0xff, 0x7c, 0x10, 0xb7, 0xa5, 
  0xef, 0x12, 0xbd, 0x5b, 0x0b, 0x95, 0xfd, 0xaa, 0xbe, 0x3a, 0xae, 0x08, 
  0x81, 0x37, 0xd5, 0xcc, 0x17, 0x4c, 0x6e, 0x9d, 0xc3, 0xc9, 0x8d, 0x0c, 
  0x95, 0x36, 0x26, 0xa8, 0x54, 0x43, 0x6d, 0x4d, 0x51, 0x50, 0xcd, 0x30, 
  0x89, 0xfa, 0x86, 0xbc, 0x0e, 0xe1, 0xf4, 0xf4, 0x2b, 0x2d, 0xce, 0x60, 
  0x6e, 0xe5, 0xc9, 0x3d, 0x1d, 0x47, 0xa2, 0x4f, 0x81, 0xab, 0x1a, 0xc6, 
  0x1c, 0x19, 0x58, 0x1c, 0x18, 0x0d, 0xc5, 0x73, 0x17, 0xd8, 0xb5, 0x31, 
  0x0f, 0x6d, 0xcd, 0xed, 0x34, 0x13, 0xb7, 0x2e, 0x99, 0xd4, 0xc1, 0xb8, 
  0xe1, 0xed, 0x5c, 0x05, 0xcd, 0x01, 0xa3, 0xdc, 0xd7, 0xff, 0x3d, 0xb6, 
  0xf5, 0xfb, 0x54, 0x40, 0x29, 0x00, 0x00, 0x4a, 0xc9, 0xe5, 0x24, 0x2f, 
  0x52, 0xdc, 0xff, 0xff, 0x04, 0x00, 0x00, 0x00, 0x80, 0x00, 0x00, 0x00, 
  0x7f, 0x01, 0x00, 0x00, 0x5c, 0x00, 0x00, 0x00, 0xdc, 0x00, 0x00, 0x00, 
  0xb6, 0x01, 0x00, 0x00, 0xfd, 0x00, 0x00, 0x00, 0x34, 0x01, 0x00, 0x00, 
  0x8d, 0x00, 0x00, 0x00, 0xca, 0x01, 0x00, 0x00, 0x6f, 0x00, 0x00, 0x00, 
  0x3d, 0x01, 0x00, 0x00, 0x67, 0x01, 0x00, 0x00, 0x1e, 0x00, 0x00, 0x00, 
  0xb1, 0x01, 0x00, 0x00, 0x6c, 0x01, 0x00, 0x00, 0x50, 0x02, 0x00, 0x00, 
  0x35, 0x01, 0x00, 0x00, 0x03, 0x01, 0x00, 0x00, 0x26, 0x00, 0x00, 0x00, 
  0x33, 0x01, 0x00, 0x00, 0x60, 0x01, 0x00, 0x00, 0x30, 0x01, 0x00, 0x00, 
  0xc2, 0xff, 0xff, 0xff, 0x5d, 0x01, 0x00, 0x00, 0x94, 0x00, 0x00, 0x00, 
  0xf2, 0x00, 0x00, 0x00, 0xcf, 0x00, 0x00, 0x00, 0x05, 0x01, 0x00, 0x00, 
  0xe9, 0xff, 0xff, 0xff, 0x02, 0x01, 0x00, 0x00, 0x3b, 0x00, 0x00, 0x00, 
  0xd2, 0x00, 0x00, 0x00, 0x22, 0x01, 0x00, 0x00, 0xde, 0xdc, 0xff, 0xff, 
  0x04, 0x00, 0x00, 0x00, 0x00, 0x18, 0x00, 0x00, 0xc5, 0x55, 0x40, 0x74, 
  0x3e, 0xc2, 0x43, 0xfe, 0xb9, 0x1d, 0x55, 0x4d, 0x3c, 0x51, 0x4b, 0x01, 
  0x29, 0xb6, 0x31, 0x90, 0x08, 0x0e, 0xe3, 0x8f, 0x48, 0x2f, 0xb9, 0x62, 
  0x28, 0xe3, 0x95, 0x10, 0x43, 0x37, 0x48, 0x0c, 0xeb, 0x8c, 0xc8, 0xf2, 
  0x81, 0x07, 0x38, 0x98, 0x4e, 0x76, 0xeb, 0xc8, 0x44, 0x11, 0xf2, 0xbe, 
  0x40, 0x08, 0x2e, 0x09, 0x19, 0x08, 0xc3, 0x6a, 0x39, 0xdd, 0x0e, 0xdc, 
  0x42, 0xc6, 0x0b, 0xc3, 0x6b, 0x3c, 0x21, 0xd8, 0x89, 0x69, 0x79, 0x44, 
  0x4b, 0x2d, 0x1a, 0x59, 0x05, 0x2d, 0x1f, 0xa3, 0xfa, 0x00, 0xcb, 0xce, 
  0x23, 0x3a, 0x44, 0xd7, 0x4f, 0xc6, 0x31, 0x9c, 0x2f, 0x02, 0x17, 0x29, 
  0xcc, 0xea, 0x18, 0x8a, 0xa5, 0xea, 0xb4, 0x48, 0xf0, 0x9f, 0x15, 0xb3, 
  0xd0, 0x44, 0xf5, 0xdd, 0xba, 0xb8, 0xa9, 0xdf, 0x69, 0x59, 0x60, 0x88, 
  0x23, 0x02, 0x4f, 0xc0, 0x5e, 0x3d, 0x45, 0xae, 0x77, 0xfa, 0x03, 0xcf, 
  0x59, 0xdc, 0x38, 0x19, 0x0e, 0xeb, 0xf5, 0xba, 0xa8, 0xc6, 0xef, 0xd2, 
  0xeb, 0x7f, 0x25, 0x7f, 0x61, 0xf6, 0x55, 0xc2, 0x26, 0xec, 0x69, 0x02, 
  0xf6, 0x51, 0x0d, 0x1d, 0x74, 0x5c, 0x45, 0x94, 0x0b, 0x3c, 0x2f, 0x14, 
  0x0e, 0x98, 0x58, 0x47, 0xe5, 0xe7, 0xf5, 0xad, 0xc3, 0x65, 0x28, 0x12, 
  0xd2, 0xae, 0xfc, 0x41, 0x8c, 0x59, 0x1c, 0xc5, 0x89, 0xec, 0x55, 0x89, 
  0x16, 0x70, 0x28, 0x4a, 0x8e, 0x79, 0x89, 0x7e, 0x4d, 0xcf, 0x1d, 0xec, 
  0xb8, 0x25, 0xa0, 0xfa, 0x39, 0x59, 0x86, 0xcf, 0x98, 0x39, 0xc7, 0xff, 
  0x49, 0x6e, 0xb4, 0x4f, 0x07, 0xc9, 0x48, 0x1a, 0xe5, 0xf7, 0xf0, 0xc9, 
  0x33, 0xc8, 0x3c, 0x00, 0xde, 0xb6, 0x16, 0x98, 0xbc, 0x95, 0x2a, 0x51, 
  0xdd, 0x25, 0x9f, 0x7f, 0x38, 0xd1, 0xd4, 0x8e, 0x34, 0xc4, 0x01, 0x1e, 
  0xd0, 0xe7, 0xf5, 0xee, 0x66, 0x5e, 0xd7, 0xcd, 0x1b, 0x57, 0x1f, 0x78, 
  0x96, 0x5d, 0xef, 0x1a, 0xd2, 0xf0, 0xa4, 0x04, 0xe9, 0x73, 0xda, 0xc4, 
  0xfe, 0x3f, 0x65, 0xf2, 0x43, 0xf8, 0x5e, 0xe6, 0xc8, 0xce, 0xf8, 0x1a, 
  0xa6, 0x3b, 0xef, 0xfb, 0x0b, 0x3e, 0x54, 0xac, 0x41, 0xad, 0x33, 0x7f, 
  0xce, 0xd2, 0xc2, 0xdf, 0xe9, 0x1c, 0x25, 0xac, 0x10, 0xd1, 0xd6, 0xc0, 
  0x02, 0x54, 0xb9, 0xe4, 0x40, 0x40, 0x14, 0xb0, 0x46, 0xf7, 0x5d, 0x45, 
  0xfe, 0xc7, 0x1b, 0xf3, 0xac, 0x54, 0x1c, 0xc9, 0xb3, 0x70, 0xee, 0x2a, 
  0x44, 0x2e, 0xea, 0x2f, 0x0d, 0x2e, 0xbd, 0xf6, 0xe3, 0xb6, 0xbf, 0x69, 
  0x1b, 0x20, 0x42, 0x9f, 0x46, 0x97, 0xca, 0x10, 0x47, 0x9b, 0xf0, 0xfb, 
  0x10, 0xcb, 0xca, 0x5c, 0x9f, 0x4c, 0x55, 0xcb, 0x66, 0x4c, 0xd2, 0x3f, 
  0x09, 0x57, 0x12, 0xc8, 0xb4, 0x05, 0x1d, 0xa8, 0x0b, 0x26, 0x4b, 0xb4, 
  0x25, 0x99, 0x40, 0x1b, 0x5b, 0x8c, 0x89, 0xdd, 0xa4, 0x44, 0x2e, 0x21, 
  0x4c, 0xa9, 0xcb, 0x98, 0x89, 0xf2, 0x02, 0xe8, 0xd1, 0x85, 0xe4, 0x22, 
  0x10, 0x92, 0xce, 0x8b, 0xcf, 0xd7, 0x15, 0xdd, 0xf4, 0xcd, 0x86, 0xb0, 
  0xc8, 0xfc, 0x1a, 0x96, 0x02, 0xa9, 0xa3, 0x1b, 0x3b, 0x07, 0xfd, 0x1c, 
  0xf0, 0x4f, 0xf1, 0x4a, 0x37, 0x93, 0xc0, 0x20, 0xb0, 0x97, 0x19, 0xad, 
  0x34, 0x2e, 0x06, 0x89, 0x11, 0xde, 0x85, 0x2a, 0x12, 0xd5, 0x8d, 0xad, 
  0xa7, 0xa2, 0xc2, 0xf9, 0xb5, 0x84, 0x81, 0x55, 0x55, 0x85, 0x2c, 0xdc, 
  0x9f, 0x45, 0x93, 0x4c, 0x3f, 0x89, 0x15, 0xa3, 0xf8, 0x50, 0xc3, 0x41, 
  0x18, 0xbc, 0xc9, 0xe3, 0xe3, 0xc7, 0x58, 0x02, 0xa1, 0xc0, 0x9f, 0x32, 
  0x4f, 0xf8, 0x47, 0x1c, 0x5f, 0xdb, 0xe4, 0x00, 0x1f, 0x4e, 0x9c, 0x4a, 
  0x46, 0x4b, 0x78, 0xc3, 0x58, 0xe7, 0xf3, 0xec, 0x9b, 0x10, 0x22, 0xdc, 
  0x4e, 0x54, 0x51, 0x01, 0x3c, 0xb2, 0x3a, 0x68, 0xde, 0xee, 0xaa, 0xdb, 
  0x3f, 0xab, 0xc7, 0xbf, 0x55, 0x21, 0xea, 0x0a, 0xc6, 0xbd, 0xe4, 0xf3, 
  0xc1, 0x3a, 0x0b, 0x99, 0x91, 0xf0, 0xb2, 0xee, 0xfa, 0xaf, 0x90, 0xa9, 
  0xfa, 0xe7, 0x22, 0x2a, 0xbd, 0xcc, 0x46, 0x7f, 0xf8, 0x4d, 0xe0, 0xdd, 
  0x1f, 0x03, 0x5e, 0x1d, 0x3a, 0x25, 0x14, 0x36, 0xda, 0x25, 0xf3, 0x16, 
  0xc0, 0x6f, 0xcf, 0xfd, 0xca, 0xca, 0xc6, 0x56, 0xeb, 0xea, 0x6a, 0xf5, 
  0x0d, 0x68, 0x32, 0x7a, 0x53, 0x16, 0xac, 0x3b, 0xed, 0x53, 0x25, 0xe7, 
  0x20, 0xe1, 0x33, 0xf4, 0xfc, 0x00, 0xcd, 0xdd, 0xf6, 0xe3, 0x76, 0xe5, 
  0xc9, 0x45, 0x11, 0x73, 0xe4, 0x2d, 0xd1, 0xf1, 0x46, 0x46, 0xab, 0x5a, 
  0xfa, 0x46, 0xfe, 0xca, 0x0c, 0xbb, 0x62, 0xb7, 0xf2, 0x40, 0x66, 0xf9, 
  0x6d, 0x5f, 0x56, 0xb5, 0x37, 0xca, 0x23, 0x38, 0xd6, 0xe5, 0xea, 0x39, 
  0xef, 0xce, 0x7f, 0x21, 0xa3, 0x20, 0xa6, 0x5c, 0x46, 0x35, 0x11, 0xde, 
  0xfc, 0xcf, 0x6a, 0xab, 0xb8, 0xd3, 0xec, 0x4e, 0xf8, 0x02, 0x72, 0xe6, 
  0x03, 0x20, 0x3c, 0xde, 0x75, 0x0f, 0xc7, 0xd1, 0x01, 0x9c, 0x2e, 0x0a, 
  0x27, 0x67, 0xea, 0x4a, 0x51, 0x6f, 0xd1, 0x67, 0xff, 0xe7, 0xcb, 0x18, 
  0xdf, 0xb8, 0x19, 0x29, 0x05, 0x10, 0x65, 0x14, 0xde, 0x73, 0x33, 0xe7, 
  0xd8, 0x97, 0xc0, 0xcc, 0xc1, 0x14, 0xe2, 0x16, 0x8a, 0xf3, 0x23, 0x0c, 
  0xee, 0x43, 0x37, 0xe0, 0x14, 0xbb, 0x1f, 0xf7, 0xb3, 0x30, 0xbc, 0x5b, 
  0x62, 0x56, 0x2c, 0xe0, 0x1d, 0x0a, 0x5e, 0x1f, 0xbc, 0x48, 0xb6, 0xe8, 
  0xa7, 0x23, 0xef, 0x3a, 0xf9, 0x74, 0xd0, 0x35, 0xd6, 0x36, 0xcf, 0x48, 
  0xd7, 0xcf, 0x6b, 0xd0, 0xfa, 0x51, 0x7f, 0xd0, 0xc0, 0xc7, 0x85, 0xa2, 
  0x19, 0xcb, 0x56, 0x5a, 0x23, 0xa8, 0x08, 0x15, 0xb5, 0x26, 0x26, 0x24, 
  0xd5, 0xa1, 0xb0, 0xa5, 0x8a, 0x1f, 0x03, 0x88, 0xc0, 0x52, 0xd3, 0x19, 
  0x42, 0xee, 0xf9, 0x81, 0x41, 0x07, 0xbc, 0x20, 0xc9, 0x06, 0x63, 0xe6, 
  0x95, 0xb5, 0xbf, 0xcf, 0xbe, 0xf4, 0x46, 0x44, 0xed, 0x17, 0x8d, 0x89, 
  0x06, 0xea, 0x83, 0xc7, 0xdf, 0x4b, 0xea, 0xf6, 0x31, 0x07, 0xaa, 0xf4, 
  0x11, 0xd7, 0xf6, 0x42, 0x8f, 0x8b, 0xa1, 0x85, 0x38, 0x17, 0x86, 0xca, 
  0xda, 0x49, 0xd4, 0xc3, 0x2a, 0x0b, 0x4c, 0xbb, 0x94, 0x63, 0xf8, 0xbc, 
  0x16, 0xea, 0x0b, 0x1c, 0x1b, 0x2a, 0xec, 0x0c, 0x49, 0x2f, 0x53, 0x53, 
  0xfb, 0xa9, 0xc3, 0x0b, 0x17, 0xd1, 0x7f, 0xca, 0x59, 0xf5, 0x50, 0xe3, 
  0x10, 0xc2, 0xfd, 0x0c, 0x26, 0xe7, 0xe5, 0x43, 0x17, 0x01, 0x2a, 0x50, 
  0x25, 0x2e, 0x2e, 0xdd, 0x42, 0x28, 0xf4, 0x5c, 0xdf, 0x0a, 0x58, 0x12, 
  0x51, 0x44, 0x22, 0x11, 0x40, 0xe8, 0xd7, 0x02, 0x5a, 0xe0, 0x09, 0x15, 
  0x2c, 0x18, 0x13, 0xec, 0xe5, 0xf8, 0x37, 0x37, 0x38, 0x25, 0xe6, 0x28, 
  0xe9, 0x19, 0xbd, 0xfe, 0xc9, 0x2e, 0xd0, 0x1f, 0x44, 0xf4, 0x2e, 0xab, 
  0x63, 0x3c, 0xe0, 0x27, 0xe3, 0x30, 0xb4, 0xd0, 0xef, 0x08, 0xcc, 0xb3, 
  0x03, 0x52, 0x06, 0xd8, 0x38, 0x01, 0x21, 0x0a, 0x35, 0xad, 0xed, 0xb3, 
  0x9e, 0x1c, 0x4b, 0xc1, 0x63, 0x56, 0xbb, 0x51, 0xd8, 0x45, 0xc5, 0x2f, 
  0xfe, 0x5a, 0xff, 0xfe, 0xed, 0xe0, 0xd3, 0xab, 0x03, 0xc8, 0xa3, 0x60, 
  0x6d, 0x16, 0xf9, 0xdf, 0x7f, 0xd2, 0xc6, 0xc2, 0x42, 0xf3, 0xe5, 0x30, 
  0xb8, 0x3b, 0x0f, 0x0e, 0x19, 0xdb, 0xd6, 0xd0, 0xb6, 0x54, 0x43, 0x3a, 
  0x1e, 0xd5, 0x78, 0x31, 0x0f, 0x49, 0xde, 0xc4, 0x19, 0x33, 0xf3, 0xdc, 
  0x05, 0xad, 0x23, 0x16, 0xe0, 0x55, 0xf1, 0x4a, 0x62, 0xff, 0x10, 0xc7, 
  0x30, 0x55, 0x19, 0xec, 0xf6, 0x5a, 0x1d, 0x62, 0xd9, 0x9e, 0x17, 0xa9, 
  0xc9, 0x9e, 0x96, 0x4f, 0x61, 0x4e, 0x02, 0xde, 0xb7, 0x2e, 0xff, 0xc2, 
  0xe8, 0x9c, 0xc2, 0xb7, 0x41, 0x8f, 0xbc, 0x02, 0xa7, 0xa8, 0xe9, 0x58, 
  0xa2, 0xf8, 0x91, 0x06, 0x33, 0x16, 0x61, 0x35, 0xa5, 0x89, 0x48, 0x2d, 
  0xa2, 0xe0, 0x17, 0x61, 0x22, 0xee, 0x45, 0x35, 0x0f, 0x27, 0x8a, 0x2e, 
  0xdc, 0x81, 0x15, 0xc5, 0x29, 0x58, 0x56, 0xa2, 0xc6, 0xf9, 0xeb, 0xb9, 
  0x97, 0xdd, 0xee, 0x22, 0x10, 0xf2, 0xec, 0xd7, 0x26, 0x60, 0xcc, 0x10, 
  0x5b, 0xe5, 0xeb, 0xd6, 0xa5, 0x94, 0x57, 0x2b, 0xdd, 0x68, 0x58, 0x08, 
  0xdb, 0x8a, 0x31, 0x4a, 0xda, 0xa5, 0x54, 0x8b, 0x9c, 0x88, 0x8e, 0xaa, 
  0x2f, 0xaf, 0xec, 0x1c, 0x6e, 0x08, 0xe6, 0x89, 0x6d, 0x58, 0xbc, 0xe3, 
  0xb8, 0x8f, 0x64, 0x90, 0xf0, 0x2f, 0xe5, 0x9c, 0x40, 0xab, 0x3e, 0x74, 
  0x22, 0xe5, 0xdb, 0x67, 0xfc, 0x3a, 0x38, 0xbc, 0x66, 0x09, 0x2b, 0x96, 
  0x57, 0xfa, 0xd2, 0x15, 0xbc, 0x37, 0x68, 0x57, 0x92, 0x3b, 0xd3, 0xd1, 
  0xe9, 0x2e, 0xe7, 0x3a, 0xcf, 0xf3, 0x8e, 0xd6, 0x93, 0x18, 0xcf, 0x72, 
  0x43, 0xb0, 0x53, 0x5b, 0x64, 0x2b, 0x5a, 0x05, 0xc0, 0x9b, 0xfd, 0xb9, 
  0x5b, 0xe3, 0x67, 0xbe, 0x4d, 0xff, 0xd2, 0x48, 0xf0, 0x14, 0x9a, 0x47, 
  0x19, 0xb1, 0x9d, 0xdf, 0xca, 0x7f, 0xfe, 0x6b, 0x59, 0xa5, 0x1f, 0xe7, 
  0x1d, 0x14, 0xa4, 0x51, 0x07, 0x51, 0xac, 0xc6, 0x55, 0x0c, 0x7f, 0x06, 
  0xbe, 0x46, 0xe4, 0xee, 0xc1, 0xc5, 0x92, 0x48, 0xe7, 0x27, 0x0c, 0x41, 
  0x27, 0x64, 0xb4, 0x6f, 0x75, 0xaf, 0xfd, 0xd3, 0x44, 0xcc, 0xeb, 0x0f, 
  0x03, 0x44, 0xc9, 0x17, 0x0f, 0x33, 0xbe, 0x40, 0xb3, 0x99, 0xe0, 0xee, 
  0x39, 0xf2, 0x0d, 0xfc, 0x97, 0x02, 0x8b, 0x0d, 0xd3, 0x09, 0xf6, 0x4a, 
  0x60, 0x46, 0xea, 0xb1, 0xd4, 0x43, 0xf1, 0xf2, 0xe7, 0xc0, 0x68, 0x63, 
  0xd5, 0x16, 0xbf, 0x33, 0x8c, 0x93, 0xdc, 0xb9, 0x20, 0xba, 0x27, 0x14, 
  0x22, 0x1b, 0x31, 0x3d, 0xdd, 0x0a, 0xd0, 0x51, 0xd7, 0x13, 0x34, 0xff, 
  0x29, 0x51, 0xed, 0x33, 0x50, 0xb3, 0x2f, 0x69, 0x41, 0xc7, 0xc4, 0x00, 
  0x50, 0x44, 0xfb, 0x15, 0xcc, 0xcc, 0x5d, 0x3c, 0x7f, 0xcd, 0x0d, 0xd6, 
  0xc3, 0x26, 0xc4, 0x04, 0x0d, 0x04, 0xc7, 0x60, 0x4b, 0xf9, 0x5e, 0xf2, 
  0x54, 0x10, 0x68, 0xae, 0x2d, 0x4c, 0x68, 0x3c, 0xe4, 0x5f, 0x26, 0x69, 
  0xac, 0x7a, 0x71, 0xcd, 0xd1, 0x07, 0x0d, 0x2d, 0x04, 0x13, 0xfc, 0xf6, 
  0x0d, 0xe1, 0x02, 0xe4, 0xbe, 0xf9, 0xec, 0x5b, 0x57, 0x5e, 0x42, 0xb7, 
  0xc0, 0x14, 0xf5, 0x0d, 0x3f, 0xde, 0xde, 0x24, 0x56, 0x3b, 0xea, 0xf0, 
  0x79, 0x1c, 0x7d, 0x00, 0x0a, 0x13, 0xea, 0xa6, 0x30, 0xfb, 0xb5, 0x4e, 
  0x57, 0xc4, 0x0f, 0x0c, 0xd3, 0x28, 0x70, 0xab, 0xf3, 0xc4, 0x94, 0x78, 
  0x69, 0x00, 0x67, 0x53, 0x96, 0x76, 0x0c, 0x45, 0x0e, 0xd8, 0x6b, 0x95, 
  0xe2, 0x4d, 0xb3, 0x16, 0x3a, 0x1c, 0x63, 0xcb, 0xf3, 0x6c, 0xed, 0xdc, 
  0xc2, 0xe1, 0x72, 0x1e, 0xff, 0x13, 0xd8, 0x26, 0xa6, 0xaf, 0x7b, 0xcf, 
  0xc5, 0x57, 0x6a, 0xaf, 0x44, 0x68, 0xf2, 0x48, 0x61, 0x16, 0x89, 0x2d, 
  0x6c, 0x38, 0x19, 0x0c, 0x35, 0x7f, 0x97, 0x4d, 0xdc, 0x60, 0x79, 0xf0, 
  0xaa, 0xbd, 0xb6, 0x66, 0x21, 0x03, 0xd8, 0x07, 0x05, 0x34, 0x6d, 0x63, 
  0xc3, 0x30, 0x41, 0x24, 0x29, 0x03, 0xc8, 0xea, 0xcf, 0xaa, 0x04, 0xa6, 
  0x95, 0x4a, 0x1b, 0xc4, 0xf8, 0xc1, 0xb8, 0x52, 0x31, 0xb7, 0x57, 0x1a, 
  0xf2, 0x00, 0x62, 0x7e, 0xbc, 0xcf, 0x78, 0xd2, 0x2b, 0x1b, 0x25, 0xd5, 
  0xb2, 0x0e, 0x57, 0x2f, 0xba, 0xe9, 0x3e, 0x57, 0xef, 0xbb, 0x1d, 0x04, 
  0x0d, 0xaa, 0xaa, 0xef, 0x69, 0x0d, 0x36, 0x3d, 0x4c, 0x3c, 0xfa, 0x7f, 
  0xcc, 0x38, 0x28, 0x9b, 0x40, 0xd9, 0xb0, 0x2e, 0x25, 0xf7, 0xde, 0xe8, 
  0x51, 0x01, 0x24, 0xe1, 0x1d, 0xbc, 0xe9, 0x0d, 0xf5, 0x27, 0xa3, 0x3c, 
  0x76, 0x0d, 0x52, 0x3d, 0xb6, 0x07, 0x49, 0x21, 0x18, 0xd8, 0x17, 0xdc, 
  0x47, 0x65, 0x27, 0x10, 0x2b, 0xd6, 0xdd, 0x4a, 0xb7, 0xd6, 0xfe, 0xf4, 
  0xd0, 0x25, 0x58, 0xf6, 0x4a, 0xd8, 0x23, 0x38, 0x50, 0xcc, 0xa5, 0x32, 
  0xff, 0x70, 0x55, 0x2c, 0x9e, 0xcb, 0xcf, 0x05, 0x7f, 0x1d, 0x24, 0xed, 
  0x08, 0x0b, 0xda, 0x45, 0xb0, 0x26, 0xfd, 0xbb, 0xf9, 0xf9, 0x0f, 0x4e, 
  0x20, 0x6d, 0x35, 0xfe, 0x1b, 0xe3, 0xac, 0xd7, 0x1c, 0xca, 0xd0, 0x6a, 
  0xa7, 0x53, 0x1c, 0xba, 0x0e, 0x56, 0x63, 0x39, 0xc1, 0x2c, 0x73, 0xc7, 
  0x10, 0xef, 0x72, 0xd1, 0xc9, 0xd1, 0x52, 0xdc, 0x52, 0x60, 0x15, 0x1a, 
  0xbc, 0xd6, 0x38, 0x2a, 0x1e, 0xc2, 0xc0, 0x7f, 0xd9, 0x5e, 0x26, 0xab, 
  0x1c, 0x76, 0xd8, 0xc3, 0xe9, 0xfe, 0xda, 0x4d, 0x17, 0xc5, 0x5c, 0xf7, 
  0xdc, 0x34, 0x73, 0xea, 0xc3, 0xd8, 0x57, 0xd4, 0x66, 0x70, 0x54, 0x01, 
  0xee, 0xe3, 0xd3, 0xc4, 0x2b, 0xe4, 0x69, 0xa6, 0xd4, 0x37, 0xda, 0x3b, 
  0x2b, 0x71, 0x55, 0x07, 0x0b, 0x41, 0x0a, 0x17, 0x33, 0xcd, 0x4d, 0xcd, 
  0x29, 0xcd, 0xfa, 0x66, 0xce, 0x06, 0x17, 0xbf, 0x26, 0xfa, 0xcf, 0xcd, 
  0x53, 0xf7, 0xdc, 0xbd, 0xfc, 0xf6, 0x67, 0x35, 0x6f, 0xc9, 0x28, 0x7f, 
  0x5d, 0x9e, 0x5c, 0xd0, 0x2c, 0x49, 0xc4, 0x4e, 0xb2, 0xf6, 0x1e, 0xc3, 
  0x72, 0xc3, 0x51, 0x55, 0x31, 0xbc, 0x38, 0x00, 0x01, 0xf3, 0xb6, 0xcf, 
  0x5f, 0x02, 0xf0, 0xf4, 0xd6, 0x39, 0x40, 0x3c, 0xfb, 0x3b, 0x55, 0x4e, 
  0x20, 0xe9, 0x31, 0xe0, 0x5f, 0x33, 0x47, 0x56, 0xc6, 0x30, 0x15, 0x22, 
  0x04, 0x3f, 0xc1, 0x2f, 0xe9, 0xe9, 0xe6, 0xf3, 0x3f, 0xb6, 0x9d, 0x0e, 
  0xf7, 0x7e, 0x62, 0x33, 0x36, 0x1d, 0x26, 0xb9, 0x35, 0xf7, 0x2d, 0x42, 
  0x0c, 0xbb, 0x16, 0x11, 0x19, 0x5e, 0xca, 0xe3, 0xd7, 0xe4, 0x45, 0x0d, 
  0x6f, 0xbc, 0x1d, 0xd7, 0x9c, 0x08, 0xd9, 0xd9, 0x4c, 0x1d, 0xef, 0x30, 
  0x62, 0xbb, 0xd0, 0x6a, 0x54, 0xa2, 0x3f, 0xf2, 0xaf, 0xcb, 0xed, 0xdd, 
  0xd5, 0x01, 0xf0, 0x44, 0xa0, 0x2b, 0x01, 0xca, 0x21, 0x25, 0xa8, 0xd9, 
  0xc8, 0x3e, 0xe8, 0x2a, 0x1f, 0x6f, 0xc3, 0x6c, 0x20, 0xac, 0xd3, 0xb2, 
  0x7f, 0xff, 0x06, 0x06, 0xfc, 0xa2, 0xa6, 0x2e, 0x43, 0xe4, 0xee, 0xff, 
  0x17, 0xe4, 0x60, 0x7a, 0x01, 0x5e, 0x41, 0x50, 0xe2, 0x4a, 0x2b, 0x3f, 
  0x41, 0xf4, 0x17, 0x0f, 0x39, 0xde, 0x07, 0x02, 0xee, 0xf8, 0x03, 0x22, 
  0xcb, 0xd4, 0x2f, 0x3a, 0x4c, 0x11, 0xee, 0xef, 0xe4, 0x2a, 0xdb, 0x24, 
  0x29, 0x72, 0x24, 0x16, 0x3d, 0x36, 0xe1, 0x4a, 0x36, 0xd8, 0x1e, 0x67, 
  0xcd, 0x7f, 0x01, 0xbd, 0xc5, 0x63, 0xca, 0xbe, 0xe0, 0x09, 0x60, 0xf3, 
  0xdc, 0x03, 0x1c, 0xdd, 0x68, 0x1d, 0x64, 0x66, 0x11, 0xfb, 0xeb, 0x78, 
  0x23, 0xfa, 0x61, 0x4b, 0x49, 0xfa, 0x5e, 0xdf, 0xd7, 0x7b, 0x1a, 0x72, 
  0x43, 0xf8, 0x7d, 0x70, 0xdd, 0x42, 0xd2, 0x2a, 0x31, 0xa9, 0x41, 0xc3, 
  0x5c, 0xa9, 0x01, 0xe8, 0x0a, 0x18, 0x0a, 0x0c, 0x16, 0x19, 0x20, 0xe2, 
  0x3a, 0x04, 0xe3, 0xd0, 0x4d, 0xfb, 0x75, 0xe3, 0x56, 0x04, 0xc6, 0x26, 
  0x27, 0x58, 0x50, 0x4b, 0x76, 0xb2, 0x22, 0xb0, 0xd1, 0xc6, 0xda, 0xb6, 
  0xef, 0xe6, 0xff, 0x89, 0x7e, 0x71, 0xd0, 0xa0, 0xb0, 0x4d, 0x57, 0xdb, 
  0xd2, 0xc0, 0x37, 0xef, 0x70, 0xbb, 0xc6, 0x1e, 0xf1, 0xb3, 0x46, 0x6c, 
  0xbd, 0x0e, 0x50, 0x39, 0xce, 0x55, 0xf2, 0x2a, 0x58, 0xcb, 0x22, 0xec, 
  0x6d, 0x11, 0x39, 0x19, 0x63, 0x6b, 0x6e, 0x2c, 0x45, 0xe8, 0x3b, 0xd1, 
  0x1e, 0x03, 0x0a, 0x65, 0xab, 0x7f, 0x26, 0xc2, 0xe9, 0x1f, 0xf6, 0xba, 
  0xf9, 0xf3, 0xec, 0x26, 0x75, 0x00, 0x2d, 0x42, 0xb2, 0xcc, 0xed, 0xb8, 
  0xc3, 0x68, 0x00, 0x7f, 0x4c, 0xec, 0xf4, 0x33, 0x7e, 0xa5, 0xe3, 0x16, 
  0xa8, 0xb2, 0x79, 0x0d, 0xd6, 0x66, 0x43, 0x0c, 0xf4, 0x44, 0x64, 0xa6, 
  0xcc, 0x95, 0x9e, 0xe7, 0x26, 0xaf, 0xef, 0x7b, 0xc3, 0x08, 0x50, 0x39, 
  0xb4, 0x63, 0xe6, 0xe3, 0x65, 0xbd, 0x36, 0x35, 0x0c, 0xf3, 0xd3, 0xf5, 
  0x5e, 0xda, 0x67, 0xb4, 0xf0, 0x26, 0x04, 0x2c, 0x26, 0xf8, 0xd5, 0x2a, 
  0x34, 0xeb, 0x0b, 0xf6, 0x2e, 0x56, 0x2e, 0x77, 0x0a, 0x3d, 0xdb, 0xda, 
  0x14, 0x66, 0x58, 0x2a, 0xcd, 0xdd, 0x17, 0x6a, 0xfc, 0x12, 0x7d, 0xd5, 
  0x1a, 0xc5, 0xb9, 0x0f, 0x5e, 0x20, 0xb0, 0x11, 0xb8, 0x34, 0x92, 0x55, 
  0xb8, 0x6a, 0x20, 0x31, 0x1f, 0x00, 0x30, 0xe5, 0x7f, 0xd1, 0xd2, 0x00, 
  0xf9, 0xcd, 0x2f, 0x57, 0x1c, 0x71, 0x1a, 0xc1, 0xcd, 0xd0, 0x09, 0xe6, 
  0xed, 0x03, 0x0f, 0x4a, 0xa7, 0x35, 0xf9, 0x0e, 0x3e, 0xce, 0x05, 0x72, 
  0x64, 0xf1, 0x68, 0x11, 0x66, 0xe2, 0xbe, 0x09, 0xd3, 0x2b, 0xf5, 0x04, 
  0xd2, 0x66, 0xed, 0xef, 0x95, 0x37, 0xee, 0x3b, 0xce, 0xf6, 0xa9, 0xf4, 
  0xa2, 0x0b, 0xbc, 0x75, 0xaa, 0x2d, 0x1b, 0xea, 0x68, 0xaf, 0x5e, 0x04, 
  0x68, 0x54, 0x08, 0xa4, 0x04, 0x0d, 0xe9, 0xc7, 0xc1, 0xce, 0x1d, 0x38, 
  0x4b, 0xf0, 0xb0, 0xbb, 0x04, 0x27, 0xff, 0x1b, 0xaa, 0x12, 0xd1, 0xdc, 
  0x2e, 0x15, 0x26, 0x24, 0x4d, 0xc6, 0x4e, 0xed, 0xdc, 0x21, 0x4f, 0x19, 
  0x39, 0x03, 0x4f, 0x50, 0x35, 0x42, 0x0a, 0x0f, 0xb6, 0xdf, 0xf3, 0x1f, 
  0x0a, 0xa2, 0xd3, 0x1c, 0x07, 0x04, 0xf2, 0x6a, 0x1d, 0x7f, 0xbb, 0x24, 
  0x38, 0xe8, 0x0f, 0x16, 0x18, 0x38, 0xac, 0x37, 0xc3, 0xef, 0x35, 0x37, 
  0x65, 0x30, 0xd0, 0xc0, 0xdc, 0x33, 0x26, 0x15, 0x6d, 0xcf, 0x14, 0xce, 
  0xdd, 0x49, 0xc4, 0x0a, 0x55, 0x7c, 0xbf, 0x29, 0x19, 0x17, 0x70, 0xac, 
  0xe3, 0xa6, 0x51, 0xa0, 0xca, 0xa4, 0xec, 0xea, 0x66, 0xf7, 0x30, 0xac, 
  0x76, 0xd4, 0x15, 0xf7, 0x24, 0xe0, 0xc6, 0x30, 0x4c, 0xe7, 0x68, 0xfb, 
  0x56, 0xc7, 0xca, 0x51, 0xa7, 0x70, 0x45, 0x21, 0xe9, 0x08, 0x53, 0xfc, 
  0xc1, 0x5d, 0x02, 0xb1, 0x9b, 0xf8, 0xfb, 0xad, 0x6e, 0x5e, 0xb4, 0xd2, 
  0x38, 0x2f, 0x4e, 0xbf, 0x29, 0xa5, 0xfc, 0x7e, 0x5b, 0x3b, 0x96, 0x45, 
  0x96, 0x52, 0xd0, 0x19, 0x24, 0x25, 0x71, 0x3d, 0x40, 0xac, 0x39, 0xfd, 
  0x5c, 0x13, 0x6d, 0xe4, 0x74, 0xfd, 0xd8, 0xa3, 0x14, 0xc9, 0x81, 0xdf, 
  0xa5, 0x49, 0xd0, 0x79, 0x44, 0xbb, 0xdc, 0x4e, 0xf4, 0x48, 0xc9, 0x1b, 
  0x99, 0xdf, 0x13, 0x51, 0x36, 0x77, 0x78, 0xb8, 0xed, 0xcf, 0x47, 0x42, 
  0x08, 0x13, 0xf3, 0x76, 0xeb, 0x55, 0x64, 0x02, 0x25, 0xe6, 0x2f, 0x44, 
  0x19, 0xb3, 0xcf, 0x18, 0x1d, 0x0b, 0xdb, 0xfe, 0xc3, 0x51, 0x6a, 0x59, 
  0xf3, 0xcc, 0xef, 0xbd, 0x2d, 0xf7, 0x00, 0x39, 0x56, 0x50, 0xcd, 0x7b, 
  0x91, 0x43, 0x6c, 0xf0, 0x73, 0xfa, 0x2d, 0xdb, 0x76, 0x0d, 0xd9, 0x21, 
  0xc4, 0xf2, 0xca, 0x2d, 0x05, 0xf2, 0xe3, 0x10, 0x52, 0x07, 0xb6, 0x1d, 
  0xf1, 0xad, 0xc6, 0x5e, 0x7b, 0xe4, 0xfd, 0x5e, 0xa9, 0x06, 0x31, 0xe2, 
  0x7f, 0x65, 0x59, 0x21, 0xd7, 0x9d, 0xf6, 0x32, 0x58, 0x1e, 0x29, 0xf9, 
  0xc4, 0x4b, 0x0f, 0xdb, 0x6b, 0xf3, 0xc2, 0x15, 0x66, 0x13, 0xe2, 0x5e, 
  0xc1, 0xdc, 0x2a, 0x45, 0xee, 0x51, 0xed, 0xf9, 0xc6, 0xd5, 0x42, 0x18, 
  0xcb, 0x4c, 0xd9, 0x15, 0x29, 0x44, 0x4d, 0x45, 0x6b, 0xb7, 0x00, 0xc4, 
  0x57, 0xfb, 0xaa, 0xd7, 0x46, 0xd2, 0x6a, 0x70, 0x09, 0xb2, 0xff, 0x1f, 
  0x04, 0x1b, 0x08, 0xcd, 0xe2, 0x32, 0xfc, 0xea, 0xf5, 0x3c, 0x2b, 0xc0, 
  0x69, 0xe1, 0x46, 0xf0, 0x36, 0xb9, 0x15, 0xfb, 0xe5, 0xec, 0x33, 0x5a, 
  0x5b, 0x5c, 0x40, 0xc3, 0x4f, 0xc3, 0xc2, 0x7f, 0xdf, 0xd8, 0x6c, 0xd7, 
  0x10, 0x40, 0x22, 0x63, 0xdf, 0x43, 0xd9, 0xd7, 0xd5, 0x4a, 0x3c, 0x1b, 
  0x60, 0x4b, 0x2f, 0xfb, 0xfe, 0xf6, 0x26, 0xf3, 0xc1, 0xff, 0x2e, 0xc3, 
  0xd5, 0xd2, 0xcd, 0x07, 0xf1, 0x3e, 0x07, 0x6f, 0x32, 0x39, 0xaf, 0x81, 
  0x2b, 0x60, 0xd8, 0xba, 0x90, 0xed, 0x29, 0x5a, 0xd1, 0xdb, 0xe3, 0x8f, 
  0x9f, 0x1a, 0xbb, 0x11, 0x82, 0xde, 0x23, 0x20, 0x9b, 0x54, 0xd8, 0x58, 
  0x55, 0x1f, 0x70, 0xac, 0x2c, 0xc1, 0x73, 0xed, 0xc0, 0x5c, 0xae, 0x86, 
  0x00, 0x30, 0xdd, 0x03, 0xb1, 0x12, 0x46, 0x00, 0x70, 0xa8, 0x60, 0x4e, 
  0x60, 0x47, 0xbe, 0x28, 0x47, 0x5c, 0x69, 0x55, 0x05, 0x51, 0x0f, 0xd7, 
  0x0a, 0xb3, 0xfe, 0x90, 0xa1, 0x4d, 0x60, 0xf8, 0x3c, 0x6b, 0x55, 0x3d, 
  0xa0, 0x6f, 0xe6, 0x95, 0xbc, 0xab, 0x74, 0x46, 0x73, 0x34, 0xab, 0xc5, 
  0x1b, 0x65, 0xd9, 0x59, 0x21, 0xc0, 0xca, 0xf4, 0x53, 0x74, 0xd5, 0xbc, 
  0xe5, 0xd4, 0x86, 0x90, 0x0f, 0xeb, 0x4b, 0x4f, 0x3f, 0x09, 0x8c, 0x3c, 
  0xcc, 0xdd, 0x11, 0xa9, 0x3e, 0xd2, 0xb2, 0x38, 0x7a, 0xc5, 0x90, 0x99, 
  0xbf, 0xed, 0xcf, 0x72, 0xa2, 0x96, 0x1e, 0x8f, 0xa3, 0xc2, 0x6c, 0x1e, 
  0x24, 0x17, 0x21, 0x6c, 0x54, 0xb9, 0xd9, 0x16, 0x6f, 0xd5, 0x45, 0xa8, 
  0xd5, 0x49, 0x14, 0x92, 0xc3, 0x44, 0xb7, 0x9b, 0x4f, 0x01, 0x47, 0x0d, 
  0x7f, 0x51, 0x91, 0xd5, 0x68, 0x1b, 0xed, 0x9d, 0x08, 0xd6, 0x66, 0xc3, 
  0xeb, 0x09, 0xf3, 0x4f, 0xe7, 0xa9, 0xc9, 0x81, 0x5a, 0xe7, 0x3c, 0x67, 
  0x5d, 0x2d, 0xd0, 0x7f, 0x35, 0x6c, 0x01, 0x35, 0xf9, 0xd0, 0xda, 0x08, 
  0x67, 0xdc, 0xf9, 0xe2, 0xd9, 0xa4, 0xf4, 0x43, 0xcb, 0xec, 0x09, 0xd0, 
  0xd3, 0xff, 0x47, 0xb1, 0x53, 0xca, 0xfb, 0x58, 0xdc, 0x12, 0x1d, 0xea, 
  0x94, 0x32, 0x29, 0xdb, 0x54, 0x14, 0x32, 0x0f, 0x37, 0x43, 0xf2, 0x1a, 
  0xea, 0xdb, 0x09, 0x9d, 0x9a, 0xe0, 0x3e, 0x3c, 0x01, 0xf6, 0x49, 0xd2, 
  0x4e, 0x5c, 0xd0, 0x5d, 0x5f, 0x34, 0x09, 0x0d, 0x0a, 0x56, 0xea, 0xf2, 
  0xe5, 0x3d, 0xb3, 0xeb, 0xeb, 0xe9, 0xc4, 0xfb, 0xf8, 0x2b, 0x03, 0xfd, 
  0xed, 0xdb, 0xea, 0x73, 0x6d, 0x35, 0xce, 0xc7, 0xa4, 0xb6, 0xe9, 0xaf, 
  0xc5, 0x15, 0x41, 0x6b, 0xfa, 0x06, 0x3d, 0x59, 0x86, 0xa1, 0xa6, 0xa0, 
  0x03, 0x3e, 0x59, 0x45, 0xf6, 0x9d, 0xdd, 0xb3, 0x02, 0xb0, 0xfd, 0x0c, 
  0xab, 0xdf, 0x1f, 0xa7, 0x3c, 0xe6, 0x15, 0xed, 0xf8, 0xda, 0xce, 0x1f, 
  0xf8, 0x8b, 0x58, 0x31, 0xc8, 0x92, 0xb4, 0x90, 0x3c, 0xbb, 0xf2, 0x57, 
  0x6d, 0xaa, 0x86, 0x1a, 0xba, 0xae, 0x18, 0x27, 0xb3, 0xfc, 0xb0, 0x98, 
  0xe9, 0x36, 0x5f, 0x6e, 0xd5, 0x4f, 0xa4, 0x20, 0x71, 0x9f, 0x88, 0xbc, 
  0x6e, 0xe6, 0xf7, 0x87, 0xfb, 0x95, 0x1b, 0xf2, 0xaf, 0x20, 0x81, 0xac, 
  0x48, 0xfb, 0x96, 0x52, 0xbf, 0xf0, 0xbe, 0xa6, 0x33, 0x06, 0x11, 0x65, 
  0x12, 0x01, 0xa9, 0x07, 0x03, 0x73, 0x1c, 0xf2, 0x6a, 0x3d, 0xe9, 0xfb, 
  0x73, 0xe4, 0x63, 0x08, 0x24, 0xda, 0xb6, 0xb4, 0xd5, 0x0e, 0x35, 0x12, 
  0x6f, 0x42, 0xbb, 0xf7, 0x66, 0xbb, 0xf5, 0xd3, 0x1e, 0x16, 0x1f, 0x46, 
  0xbe, 0x2a, 0x1c, 0x26, 0x7f, 0x09, 0x0c, 0xd5, 0x25, 0x01, 0x17, 0x0c, 
  0xbb, 0xd6, 0x19, 0x23, 0x9a, 0x19, 0xca, 0xc6, 0x3d, 0xea, 0xbb, 0xb5, 
  0x01, 0x33, 0x08, 0xcd, 0x68, 0xfa, 0x1e, 0xe1, 0x44, 0x66, 0x27, 0x99, 
  0x60, 0x00, 0x19, 0xfe, 0x1d, 0xae, 0x53, 0xc3, 0x4a, 0x9e, 0x35, 0xeb, 
  0x17, 0x38, 0xcd, 0x71, 0x55, 0xe3, 0x36, 0x00, 0x5d, 0x4f, 0x70, 0x7f, 
  0x5a, 0xd3, 0x18, 0xc8, 0x56, 0xfa, 0x4c, 0xc6, 0x5e, 0x60, 0x49, 0x6c, 
  0x4f, 0xbd, 0x6c, 0x1d, 0xdd, 0x96, 0xfb, 0x25, 0xeb, 0x4a, 0x01, 0x6c, 
  0xc6, 0xe1, 0xf3, 0x3d, 0x6b, 0x42, 0xab, 0x5e, 0x27, 0x2f, 0x03, 0x73, 
  0x5b, 0x8f, 0xf1, 0xba, 0x1b, 0xcf, 0x25, 0xb5, 0x35, 0x0b, 0x20, 0x31, 
  0x0b, 0xa3, 0x54, 0x46, 0x7b, 0x13, 0x36, 0xe6, 0xdf, 0x00, 0xe6, 0xfd, 
  0xc3, 0x23, 0x5e, 0x2b, 0x91, 0xfd, 0xee, 0x4e, 0xfa, 0x8f, 0xe7, 0xba, 
  0x02, 0x05, 0x00, 0x61, 0xc6, 0x37, 0xfe, 0x2f, 0x63, 0x32, 0x64, 0xb0, 
  0x6f, 0xf3, 0xf4, 0x68, 0xfc, 0x2b, 0x36, 0x79, 0xea, 0xff, 0xb7, 0x42, 
  0xc0, 0x2a, 0xdf, 0x3e, 0x60, 0x2a, 0x06, 0x58, 0x46, 0x07, 0x2d, 0xb7, 
  0x61, 0x0f, 0x11, 0xab, 0xcb, 0x31, 0xe2, 0xaf, 0x23, 0x47, 0x20, 0xf5, 
  0x4f, 0xfb, 0xc6, 0x52, 0xd0, 0x1b, 0xed, 0x4b, 0xdd, 0xeb, 0xf9, 0x52, 
  0xb5, 0x6b, 0x7e, 0xa2, 0x04, 0x60, 0xdd, 0x3b, 0x57, 0x63, 0x33, 0x03, 
  0x1e, 0x2d, 0x61, 0x25, 0x1d, 0xd5, 0xd2, 0x6f, 0x19, 0x16, 0xb5, 0xd3, 
  0xf1, 0x38, 0x5e, 0x7f, 0x08, 0x9b, 0xc9, 0xde, 0xcf, 0x53, 0xe6, 0xa2, 
  0xdd, 0xdb, 0x20, 0xc8, 0x56, 0xf2, 0xea, 0x02, 0xbd, 0x3d, 0xc6, 0x3a, 
  0x03, 0xea, 0x4b, 0xf1, 0x52, 0xf4, 0xc9, 0x43, 0x2d, 0x39, 0x44, 0xb1, 
  0xd2, 0xeb, 0xdc, 0x18, 0x43, 0x30, 0x26, 0xd7, 0xc7, 0xc2, 0xd9, 0x31, 
  0xee, 0x13, 0x25, 0x27, 0x07, 0xb9, 0x32, 0x20, 0x09, 0x39, 0xdf, 0xe7, 
  0x0e, 0x21, 0xf1, 0x16, 0xc0, 0x04, 0x30, 0x1b, 0x19, 0xb9, 0xc5, 0xd8, 
  0xe7, 0x04, 0xa3, 0xe4, 0x22, 0x31, 0x1b, 0xcc, 0xee, 0xe9, 0x16, 0xf2, 
  0x7f, 0x1c, 0x2e, 0xe2, 0xf9, 0x33, 0xbb, 0xe2, 0x36, 0x15, 0xd4, 0xfe, 
  0xc1, 0xfd, 0xd2, 0x18, 0xb7, 0xd0, 0x02, 0x0a, 0x69, 0xb4, 0xc1, 0xe8, 
  0xee, 0xe1, 0xc8, 0xf6, 0x0b, 0x0e, 0xf1, 0x55, 0x38, 0x2e, 0x46, 0xd1, 
  0x53, 0xdb, 0x13, 0xc1, 0xd9, 0xeb, 0xc9, 0x3b, 0x38, 0x2a, 0x5a, 0xb8, 
  0x6d, 0xb4, 0xeb, 0x8e, 0xe0, 0x02, 0xf5, 0x64, 0x81, 0x90, 0x61, 0xea, 
  0x28, 0x4c, 0x27, 0x8d, 0xfd, 0x00, 0x2d, 0x30, 0x9f, 0xe8, 0xfd, 0xa7, 
  0x36, 0xc0, 0x79, 0xe2, 0x0d, 0xce, 0x4c, 0xa7, 0x26, 0x5c, 0x7f, 0x05, 
  0x1d, 0x5f, 0x40, 0x20, 0x03, 0x97, 0xff, 0xc8, 0xa1, 0xcc, 0xf4, 0x8f, 
  0x57, 0x0a, 0x9b, 0xd5, 0x3a, 0xca, 0x16, 0x58, 0xe5, 0x6e, 0x1f, 0x57, 
  0xa0, 0x92, 0x03, 0xbf, 0x3c, 0xe3, 0xa0, 0xc6, 0x5c, 0xe9, 0x1a, 0x60, 
  0x29, 0x20, 0x39, 0xde, 0xe6, 0x36, 0x37, 0xfe, 0x93, 0xcf, 0xf8, 0xfa, 
  0x03, 0x1f, 0x61, 0xe2, 0x8b, 0xfe, 0x65, 0xcd, 0xb4, 0x58, 0xdb, 0xe2, 
  0xe7, 0x9c, 0xe4, 0x4a, 0x42, 0x49, 0xa2, 0xf8, 0x47, 0xb5, 0x47, 0x72, 
  0x17, 0x22, 0x31, 0x4f, 0x28, 0xfb, 0xa6, 0x46, 0x1e, 0xe6, 0xc3, 0x0f, 
  0x0c, 0xf8, 0xc3, 0x5c, 0xc3, 0xc3, 0x00, 0x08, 0xc7, 0x15, 0xf0, 0x3e, 
  0xc2, 0x90, 0xbb, 0xe3, 0x30, 0x1d, 0x13, 0xdb, 0xd3, 0x42, 0x02, 0x20, 
  0x5a, 0x9c, 0x47, 0x05, 0xbc, 0xeb, 0xd0, 0xf3, 0x5b, 0x03, 0xbf, 0x3e, 
  0x76, 0x37, 0x73, 0xc5, 0xcd, 0xa4, 0x09, 0xab, 0x7f, 0x38, 0x38, 0x02, 
  0xb7, 0x35, 0x9c, 0x76, 0x9f, 0xeb, 0x45, 0x2e, 0x00, 0x16, 0xa5, 0x44, 
  0xfb, 0x5a, 0x09, 0x16, 0xec, 0xeb, 0x56, 0x68, 0x49, 0x45, 0x31, 0x54, 
  0xd9, 0x20, 0xd7, 0x99, 0x2e, 0x3b, 0x16, 0x59, 0x06, 0x5b, 0x94, 0xc6, 
  0xec, 0x65, 0x70, 0x13, 0x3a, 0x30, 0xaf, 0x07, 0x12, 0x44, 0xa2, 0x3e, 
  0x16, 0xc0, 0xf3, 0xaa, 0xb0, 0xe0, 0x3f, 0x1d, 0xa5, 0xc1, 0x25, 0x50, 
  0xd7, 0x0d, 0x29, 0xdb, 0x90, 0xdd, 0x38, 0xce, 0xc5, 0x14, 0xcf, 0x62, 
  0xb7, 0x32, 0xe1, 0x7d, 0x4e, 0x18, 0x3a, 0xe3, 0xc5, 0x26, 0x34, 0x66, 
  0xf5, 0xed, 0xca, 0xa7, 0xfc, 0xce, 0x18, 0xdf, 0xeb, 0x53, 0xd0, 0x07, 
  0x81, 0x41, 0xd6, 0xe2, 0x0c, 0x28, 0x2a, 0x00, 0xcd, 0xad, 0x57, 0xc2, 
  0x68, 0xc2, 0x66, 0xe1, 0x52, 0xa9, 0x06, 0x56, 0xbf, 0x8a, 0xc0, 0x62, 
  0xfe, 0x90, 0x1e, 0x05, 0x43, 0x55, 0x72, 0x21, 0xf3, 0x29, 0xd3, 0x61, 
  0x0f, 0x07, 0x21, 0x17, 0xd7, 0xbf, 0x6e, 0x3a, 0x36, 0xc5, 0x3d, 0x12, 
  0xdb, 0xbd, 0xfd, 0x72, 0xce, 0xc4, 0xac, 0x07, 0xd7, 0xe6, 0xfd, 0x09, 
  0xc5, 0x33, 0x3a, 0xfc, 0x38, 0x16, 0xc7, 0xcc, 0x2d, 0xc5, 0x0d, 0x0c, 
  0xe8, 0xc5, 0x17, 0xb6, 0x54, 0x2d, 0x1b, 0x7f, 0x02, 0xa2, 0xe0, 0x66, 
  0x25, 0xc5, 0xed, 0xb0, 0xef, 0x52, 0x0e, 0x94, 0x20, 0x65, 0x2f, 0xe3, 
  0xd7, 0x68, 0xc3, 0x08, 0xda, 0xfd, 0x5e, 0xa5, 0x52, 0x63, 0x51, 0xac, 
  0x1c, 0xa2, 0x20, 0x42, 0xe3, 0x3e, 0x23, 0xcf, 0xe2, 0x34, 0xcf, 0x13, 
  0x04, 0xf4, 0x5b, 0xf8, 0xbe, 0x13, 0x7f, 0xcd, 0x7b, 0xd1, 0x08, 0xf4, 
  0x16, 0xc6, 0xed, 0xaa, 0x20, 0x0b, 0x40, 0x5b, 0x51, 0x65, 0x42, 0xf8, 
  0x3e, 0xe9, 0x11, 0xb3, 0x28, 0xe1, 0xe4, 0x76, 0xef, 0x13, 0x3f, 0x28, 
  0xba, 0xfd, 0x09, 0x56, 0x17, 0x4c, 0x58, 0x55, 0x21, 0x13, 0xf7, 0x3e, 
  0x4b, 0x42, 0xec, 0x65, 0x12, 0x1f, 0xc7, 0xe1, 0x22, 0x50, 0x64, 0xbc, 
  0xd8, 0xe6, 0x2b, 0x56, 0x15, 0x4b, 0x3a, 0x12, 0x3d, 0xf2, 0x07, 0x05, 
  0x77, 0xd0, 0x6d, 0xe4, 0xe6, 0xbf, 0xc6, 0xb8, 0x0d, 0x62, 0xd9, 0x1f, 
  0x14, 0x4a, 0xea, 0x6d, 0xe9, 0x08, 0x45, 0xc9, 0xea, 0xa0, 0x38, 0xcd, 
  0xbe, 0x74, 0xda, 0xe1, 0xcb, 0xf9, 0xa4, 0xda, 0xaf, 0x51, 0x2d, 0x7a, 
  0x3a, 0xe1, 0xf4, 0x43, 0x16, 0xce, 0x32, 0x4f, 0x56, 0x1c, 0xf8, 0xfa, 
  0xa5, 0xf6, 0x32, 0x4f, 0x4e, 0x37, 0x70, 0x31, 0x54, 0xaf, 0x0f, 0xf0, 
  0xd9, 0xd8, 0x16, 0x7f, 0xd1, 0x98, 0xc8, 0xb1, 0x9f, 0x35, 0x56, 0x77, 
  0xf3, 0xff, 0x1f, 0x6e, 0x0a, 0x66, 0x58, 0xc6, 0xc6, 0xa5, 0x29, 0x67, 
  0x42, 0xce, 0xa4, 0x07, 0xfa, 0x3e, 0x21, 0x11, 0x1d, 0xed, 0xb6, 0x2f, 
  0xd9, 0xe5, 0x21, 0x63, 0xb2, 0xd4, 0x56, 0xce, 0x51, 0x78, 0x39, 0xc7, 
  0x5d, 0x1a, 0x25, 0x20, 0xbb, 0x51, 0x1a, 0x06, 0xff, 0x47, 0xf2, 0x4a, 
  0x1b, 0xf2, 0xd2, 0x07, 0xea, 0x0c, 0x55, 0x1d, 0xf2, 0x15, 0x46, 0x10, 
  0x56, 0x27, 0xcd, 0xcd, 0xdb, 0xca, 0xda, 0x36, 0xf0, 0x42, 0x37, 0x4a, 
  0xe7, 0xbd, 0x2b, 0x00, 0xfe, 0xf9, 0xdd, 0x58, 0xf0, 0xdc, 0xd3, 0x00, 
  0x04, 0x19, 0x53, 0xcf, 0xfc, 0x23, 0xf9, 0x00, 0x47, 0xbc, 0x1d, 0x29, 
  0xf7, 0xe2, 0x06, 0x1d, 0xd9, 0x4f, 0x0c, 0xf1, 0x37, 0x32, 0xda, 0x11, 
  0x38, 0xdb, 0xdf, 0xe9, 0x0c, 0xf7, 0xba, 0x63, 0xc7, 0x3e, 0x4a, 0xf5, 
  0x7f, 0x07, 0x02, 0xe4, 0x40, 0xbd, 0x17, 0xea, 0x04, 0xf7, 0x34, 0x21, 
  0xd8, 0x13, 0x31, 0xf5, 0x28, 0xd1, 0xe7, 0xf2, 0x0b, 0xfc, 0x1a, 0xf3, 
  0xc7, 0xba, 0xce, 0x7f, 0xf1, 0x64, 0xff, 0x23, 0x2b, 0x1d, 0x50, 0x27, 
  0xca, 0x50, 0x3f, 0x1c, 0xff, 0xbb, 0xdc, 0xcd, 0x11, 0x37, 0x17, 0xe1, 
  0x4e, 0x4d, 0x29, 0x5c, 0x08, 0x1b, 0x11, 0x32, 0xe2, 0xcb, 0x3d, 0x1b, 
  0x1a, 0x2a, 0x43, 0x2b, 0xd7, 0x1e, 0x23, 0x25, 0xf9, 0xed, 0x68, 0xbc, 
  0xed, 0xbc, 0xc9, 0x13, 0xce, 0x37, 0xe6, 0xff, 0xf5, 0xec, 0x07, 0xd4, 
  0x3a, 0xe2, 0x22, 0x71, 0x21, 0x54, 0xd1, 0x0f, 0xc5, 0x49, 0x68, 0xab, 
  0x53, 0x4f, 0xcd, 0x0b, 0xf8, 0xe4, 0x24, 0x49, 0x5f, 0xc3, 0x25, 0x22, 
  0x47, 0x0a, 0xda, 0x50, 0x60, 0xb0, 0x1f, 0xf0, 0x5b, 0xc8, 0xf9, 0x30, 
  0x12, 0x2a, 0xf4, 0xeb, 0x25, 0xac, 0x81, 0x72, 0x33, 0xf0, 0xe1, 0x33, 
  0x3d, 0xef, 0x52, 0xcf, 0xdb, 0xe3, 0xda, 0x6a, 0xe7, 0xfc, 0x4f, 0x21, 
  0x17, 0x66, 0xc0, 0x25, 0x37, 0x57, 0xe8, 0xca, 0x46, 0x56, 0x1b, 0xdf, 
  0x46, 0x2b, 0xea, 0x2d, 0x8f, 0x04, 0x3e, 0xf3, 0xa5, 0x2c, 0xa7, 0xdd, 
  0xde, 0x34, 0x14, 0x65, 0x39, 0x47, 0x3e, 0x45, 0x31, 0xbf, 0x3e, 0xb8, 
  0xb1, 0x43, 0x36, 0x25, 0xdf, 0xdd, 0x16, 0xa4, 0x73, 0x08, 0xc1, 0x77, 
  0x42, 0x31, 0x2a, 0xb1, 0x04, 0x74, 0xbb, 0x40, 0xd0, 0x19, 0x5e, 0x59, 
  0x04, 0x9f, 0xd3, 0xb9, 0x03, 0x65, 0x47, 0x26, 0x20, 0x06, 0x5f, 0x3c, 
  0x4e, 0x38, 0x56, 0xf9, 0x9f, 0x58, 0xe8, 0xee, 0xe1, 0x19, 0x5a, 0x9c, 
  0x47, 0xfc, 0x33, 0xed, 0xf5, 0x7f, 0xb8, 0xd5, 0x29, 0x5a, 0xda, 0xff, 
  0x5e, 0x08, 0x33, 0xe4, 0xec, 0x01, 0xd3, 0x10, 0x2a, 0x1c, 0xcd, 0xe2, 
  0xfd, 0x18, 0xba, 0xed, 0xee, 0x48, 0x10, 0xaa, 0xad, 0x10, 0xad, 0xed, 
  0xe8, 0x7b, 0x9e, 0xc5, 0x04, 0x11, 0xda, 0x05, 0x21, 0x0b, 0x16, 0xde, 
  0xf3, 0xef, 0x61, 0xea, 0xf8, 0xf8, 0xe5, 0xe1, 0x22, 0xb9, 0x35, 0x22, 
  0xbb, 0xf5, 0x38, 0xc8, 0xd0, 0xdd, 0x4d, 0x43, 0x56, 0xca, 0x44, 0x65, 
  0xf4, 0xec, 0x45, 0xc8, 0xd7, 0x27, 0x29, 0x0d, 0xc6, 0xa7, 0xec, 0x77, 
  0x6a, 0x0c, 0x63, 0x5d, 0x2f, 0x67, 0xde, 0xf8, 0x36, 0x7c, 0xe8, 0x24, 
  0x66, 0xed, 0xda, 0xa0, 0xb1, 0xe9, 0xc8, 0xbf, 0xf2, 0x29, 0xf7, 0x7f, 
  0xc6, 0xca, 0x19, 0x5c, 0x32, 0x4b, 0x19, 0xd9, 0xd9, 0x59, 0xc1, 0x7b, 
  0x47, 0x5e, 0x3e, 0x2d, 0xd5, 0x7d, 0x19, 0xac, 0xc4, 0xa5, 0xdc, 0xb5, 
  0x59, 0xa5, 0x5c, 0xc2, 0xa1, 0xd2, 0x27, 0xee, 0x58, 0xc1, 0x2c, 0xf6, 
  0xdc, 0x04, 0x5a, 0x7e, 0x08, 0x48, 0x5b, 0x61, 0x04, 0x6c, 0x73, 0xdf, 
  0x65, 0xd5, 0x18, 0xa7, 0x40, 0x4d, 0x14, 0x04, 0xd2, 0xd5, 0x1e, 0x1a, 
  0xfb, 0xcc, 0xf1, 0xd7, 0x6f, 0xe1, 0xc0, 0xf1, 0x3d, 0x00, 0xbc, 0xff, 
  0x02, 0x8f, 0x14, 0xe3, 0xa2, 0x40, 0x7f, 0x1c, 0x43, 0xf6, 0x24, 0xf7, 
  0xaf, 0x35, 0x0b, 0x20, 0xa8, 0xc1, 0x4a, 0xec, 0x56, 0xac, 0x30, 0x49, 
  0x31, 0xf7, 0x1e, 0xcb, 0x02, 0x56, 0xec, 0x2d, 0x33, 0xce, 0xe4, 0x37, 
  0x44, 0xbf, 0x07, 0x38, 0x5e, 0xed, 0xe7, 0x13, 0x4e, 0xcb, 0xe3, 0x95, 
  0x2a, 0x95, 0xd1, 0xfd, 0xcd, 0x54, 0x4b, 0xc6, 0x15, 0xb9, 0x18, 0x65, 
  0xea, 0xab, 0x17, 0xc2, 0x66, 0xc9, 0x0a, 0x1c, 0xa4, 0xc2, 0x32, 0xbe, 
  0x03, 0x24, 0x35, 0xb4, 0x4b, 0x19, 0xfc, 0x61, 0xed, 0x21, 0x2f, 0xc3, 
  0x62, 0x62, 0x04, 0xcc, 0xfe, 0x53, 0x0b, 0x1f, 0xe9, 0xe3, 0x33, 0xf6, 
  0xb9, 0x52, 0x4e, 0x97, 0x5e, 0x0e, 0x22, 0x1e, 0xc8, 0xb6, 0x16, 0x11, 
  0xf7, 0x69, 0xb4, 0x63, 0x5b, 0xff, 0xcb, 0xcf, 0x6c, 0x61, 0xc8, 0xab, 
  0x16, 0xc4, 0x5d, 0xf8, 0x2f, 0xeb, 0x05, 0xd6, 0xe7, 0x10, 0x0a, 0xc6, 
  0xec, 0x5a, 0x30, 0x18, 0xe7, 0x4f, 0x0f, 0x54, 0xc1, 0x3a, 0x52, 0x7f, 
  0x13, 0xec, 0xfe, 0x65, 0x48, 0x66, 0x3f, 0xb5, 0x18, 0x06, 0x60, 0x36, 
  0xc7, 0xc7, 0x4f, 0xbb, 0xbb, 0x66, 0x14, 0xf9, 0xf4, 0x57, 0x1f, 0xff, 
  0x8a, 0x2f, 0xc4, 0x2e, 0xe8, 0x54, 0x18, 0x10, 0x3d, 0xd3, 0xba, 0xe7, 
  0xed, 0x05, 0x45, 0x42, 0x1c, 0xe9, 0xec, 0xb1, 0x1b, 0xe1, 0x2b, 0xde, 
  0x86, 0x12, 0x5e, 0x2d, 0x5b, 0x40, 0x96, 0x33, 0x9b, 0x93, 0xcc, 0x29, 
  0xc0, 0x09, 0xe1, 0x10, 0x09, 0xa8, 0x61, 0x19, 0xef, 0x5d, 0xe6, 0x06, 
  0x07, 0xdd, 0xca, 0x1e, 0x08, 0x4f, 0x42, 0x1a, 0x24, 0xf4, 0x38, 0x11, 
  0x59, 0x81, 0xd4, 0x04, 0x42, 0xc6, 0x08, 0x7c, 0x06, 0x55, 0x50, 0x7f, 
  0xc7, 0x28, 0xf1, 0x2f, 0x54, 0x2e, 0x09, 0xc6, 0x1c, 0xe5, 0xf8, 0x64, 
  0xdd, 0x5d, 0xed, 0x8f, 0xd8, 0xb3, 0xad, 0xa2, 0xed, 0xf6, 0xd7, 0x2c, 
  0xd3, 0xc1, 0xb0, 0x31, 0x12, 0x65, 0x59, 0x4c, 0x21, 0x37, 0x29, 0x55, 
  0x4d, 0x2d, 0x28, 0x24, 0x9e, 0xcb, 0x02, 0x0f, 0x53, 0x3b, 0xe9, 0xfa, 
  0xa3, 0x14, 0xb2, 0x49, 0x1a, 0x32, 0x6e, 0x55, 0x16, 0x35, 0xc1, 0x41, 
  0x25, 0xfd, 0xb2, 0x30, 0xaa, 0xe9, 0xd3, 0x2d, 0x04, 0x23, 0xa2, 0xa6, 
  0x3a, 0xe9, 0xb6, 0xd5, 0x3a, 0x19, 0x5c, 0xcf, 0x23, 0x9b, 0xe7, 0x76, 
  0x81, 0xeb, 0xcb, 0x00, 0x22, 0xcf, 0xfb, 0xfa, 0xb6, 0xbd, 0xcf, 0xbb, 
  0x35, 0x5d, 0x35, 0x2e, 0x41, 0x31, 0xbb, 0xa5, 0x5b, 0x86, 0x4f, 0xbc, 
  0xd1, 0xca, 0x40, 0x6a, 0xa4, 0x14, 0x3f, 0xba, 0x21, 0xa4, 0x44, 0x5f, 
  0xd0, 0x1f, 0xbf, 0x01, 0x51, 0xbd, 0xaa, 0xa8, 0x5a, 0x56, 0xc8, 0xc4, 
  0xbe, 0x56, 0x56, 0xb7, 0x50, 0xf4, 0x45, 0xf9, 0x29, 0xf5, 0xd6, 0x04, 
  0x1c, 0x0c, 0x60, 0xfb, 0xfe, 0xca, 0x81, 0x52, 0x98, 0xf0, 0x20, 0x0f, 
  0xcb, 0x1d, 0xb8, 0x04, 0xea, 0x5e, 0xc1, 0xdb, 0x20, 0xae, 0xba, 0x12, 
  0x37, 0x20, 0x1d, 0xa9, 0xab, 0xcd, 0x04, 0x22, 0x39, 0x64, 0x59, 0x04, 
  0x11, 0x2b, 0x3a, 0x0c, 0x0a, 0x98, 0x04, 0xfd, 0x91, 0xf7, 0x48, 0x26, 
  0x42, 0x35, 0x23, 0xd4, 0xf6, 0x4f, 0xd6, 0x45, 0xc6, 0x4b, 0x2c, 0xb4, 
  0xcd, 0x30, 0xd4, 0xdf, 0x46, 0x3b, 0x5d, 0xfb, 0x35, 0xe5, 0x0d, 0xea, 
  0xd6, 0xfc, 0x40, 0xf8, 0x16, 0x23, 0xc6, 0xc8, 0xb6, 0x47, 0xdf, 0x2c, 
  0x48, 0x2d, 0xe8, 0x8e, 0xa1, 0x23, 0x33, 0xe2, 0x1e, 0x28, 0xd2, 0xa3, 
  0xd0, 0x92, 0x15, 0xf4, 0xed, 0x98, 0x2a, 0xeb, 0x17, 0x46, 0x8e, 0x1d, 
  0x99, 0x15, 0x38, 0x06, 0xba, 0x24, 0x87, 0xda, 0x4b, 0xe8, 0xeb, 0xb0, 
  0x0b, 0xa0, 0x8f, 0x69, 0xe0, 0x30, 0xf8, 0xb0, 0xba, 0x94, 0x89, 0xb9, 
  0x8e, 0x0b, 0x81, 0x0d, 0xb9, 0x70, 0x9e, 0xf5, 0xb7, 0xc1, 0xe6, 0x48, 
  0x26, 0x97, 0x90, 0x64, 0x46, 0xa6, 0x10, 0x4d, 0x53, 0xad, 0xcb, 0xa7, 
  0x56, 0x58, 0x95, 0xe6, 0xa5, 0xf2, 0x33, 0x31, 0x98, 0x91, 0x42, 0x14, 
  0xab, 0xbf, 0xb2, 0xcd, 0x4b, 0x45, 0xf4, 0xf7, 0xfc, 0x41, 0xce, 0xb7, 
  0xa7, 0xea, 0x11, 0xcd, 0xe6, 0xc5, 0x92, 0xea, 0x6a, 0x42, 0x62, 0x7f, 
  0xeb, 0x2d, 0x23, 0x56, 0xc0, 0xdf, 0x1d, 0x1c, 0xfb, 0x0a, 0x00, 0x3a, 
  0x30, 0xe1, 0x30, 0xca, 0x42, 0x01, 0x34, 0xda, 0x26, 0xb7, 0x2e, 0xf2, 
  0x65, 0x1a, 0x12, 0x3a, 0xc7, 0x0b, 0x02, 0x65, 0x23, 0x43, 0xab, 0xd3, 
  0xc8, 0xdb, 0xdd, 0xf7, 0xee, 0x4a, 0x03, 0x5d, 0x3b, 0xdd, 0x39, 0xe9, 
  0x5c, 0xa7, 0x6c, 0x9b, 0xe7, 0xf9, 0x00, 0x28, 0x44, 0xcc, 0xd0, 0xf3, 
  0xe9, 0x46, 0x31, 0x38, 0xf1, 0xd1, 0x2a, 0x0d, 0x56, 0xe9, 0x61, 0x05, 
  0x33, 0xfc, 0x51, 0xe6, 0xde, 0xdd, 0x6d, 0x52, 0x01, 0x93, 0xc5, 0x14, 
  0x5f, 0x2a, 0xde, 0x79, 0x31, 0x1a, 0x26, 0x45, 0xee, 0xca, 0xfc, 0xfd, 
  0xd3, 0xcb, 0x7b, 0xca, 0xff, 0x55, 0xe9, 0x74, 0xc9, 0x0b, 0x47, 0xab, 
  0x06, 0xf2, 0xfa, 0x5a, 0x06, 0x1b, 0xa9, 0x02, 0x19, 0x13, 0x0a, 0xf1, 
  0xb4, 0x5e, 0xee, 0xce, 0x19, 0x67, 0xca, 0x28, 0x67, 0x40, 0x15, 0xac, 
  0x21, 0x3c, 0xbe, 0xd0, 0xae, 0xc8, 0x40, 0xa5, 0x0b, 0xfc, 0xce, 0x61, 
  0xeb, 0xdc, 0xa2, 0x61, 0xcc, 0x41, 0x4c, 0x44, 0xa0, 0x2f, 0xe3, 0xba, 
  0x26, 0x02, 0x1e, 0xaa, 0x5e, 0x44, 0x3e, 0x1f, 0xa1, 0xcc, 0xd6, 0x7f, 
  0x26, 0x19, 0x6d, 0xed, 0xb7, 0x05, 0xfc, 0xc6, 0x0f, 0x04, 0x27, 0x6f, 
  0xe8, 0x0d, 0x2c, 0xd6, 0xc9, 0x26, 0x20, 0xe8, 0x43, 0xff, 0x4e, 0xc4, 
  0xc5, 0x12, 0xe2, 0xe7, 0x54, 0x1f, 0x46, 0x2f, 0xa5, 0x50, 0x06, 0xc2, 
  0x42, 0xf4, 0x2f, 0x79, 0xd6, 0xba, 0xfa, 0x08, 0x02, 0x1d, 0xf1, 0xd0, 
  0xa1, 0xe4, 0x4f, 0x67, 0xf1, 0xc0, 0x3e, 0xa4, 0x98, 0x93, 0x12, 0xdd, 
  0xf1, 0x3f, 0xfb, 0x0d, 0x0e, 0xbd, 0x23, 0x41, 0x26, 0x7f, 0x53, 0x2f, 
  0xfc, 0xd0, 0x64, 0x46, 0x28, 0xd9, 0xa8, 0x3a, 0x36, 0xc4, 0xd1, 0x4f, 
  0x57, 0x63, 0x66, 0x32, 0xd2, 0xbb, 0xa6, 0xf9, 0x15, 0x2d, 0xa8, 0xdd, 
  0x9e, 0xdb, 0x15, 0x02, 0xfa, 0x13, 0x49, 0xd3, 0x33, 0xf6, 0xd3, 0xfe, 
  0x38, 0x39, 0xc5, 0xe2, 0x49, 0xcf, 0x09, 0xb8, 0xfc, 0x42, 0x04, 0xe9, 
  0xbd, 0x3b, 0xbb, 0xbe, 0x20, 0x08, 0xa8, 0x20, 0x37, 0x28, 0x03, 0xcb, 
  0xc3, 0xbf, 0x0e, 0xd7, 0xe8, 0xc7, 0xca, 0x3b, 0x12, 0x79, 0x2b, 0xc4, 
  0x9c, 0x0a, 0x76, 0x79, 0x00, 0xf9, 0xd9, 0x18, 0x74, 0x7f, 0x76, 0x50, 
  0x30, 0xb8, 0x9e, 0x40, 0xe7, 0x09, 0x3d, 0x72, 0x29, 0x3c, 0xff, 0x39, 
  0xdc, 0x1a, 0x50, 0x72, 0x61, 0x5e, 0xdd, 0xa2, 0xd8, 0x3b, 0x2e, 0xc2, 
  0x59, 0xaf, 0x30, 0xc2, 0x1f, 0x50, 0x03, 0xe1, 0x74, 0xde, 0x8d, 0x4c, 
  0x4f, 0xf3, 0xb3, 0x70, 0x2e, 0x55, 0xda, 0xfa, 0x51, 0xda, 0x18, 0xba, 
  0x45, 0xe9, 0xd8, 0xd7, 0x28, 0x56, 0xf5, 0xc3, 0xf6, 0x40, 0x38, 0xd6, 
  0x32, 0x6c, 0x01, 0xa7, 0x1f, 0xde, 0xe5, 0x2e, 0xe5, 0xf9, 0xb2, 0x39, 
  0x2f, 0xc5, 0x54, 0x2c, 0x1a, 0x19, 0xec, 0xeb, 0xfe, 0x3e, 0xc4, 0xd9, 
  0xb0, 0xfb, 0x4d, 0xdf, 0x0c, 0x32, 0xf4, 0x1a, 0x0c, 0xc0, 0x37, 0x14, 
  0xfa, 0xff, 0xa7, 0x5d, 0xee, 0x3d, 0xc7, 0x24, 0xd3, 0xcf, 0x44, 0x3e, 
  0x7f, 0x16, 0x0f, 0x6c, 0xf3, 0x48, 0xd2, 0xc2, 0x43, 0xb7, 0x12, 0x72, 
  0x14, 0xd0, 0xda, 0x18, 0x32, 0xfe, 0xe7, 0x0f, 0x07, 0x0c, 0x97, 0x39, 
  0x0c, 0x22, 0x51, 0x3e, 0xa8, 0x2c, 0xea, 0x64, 0x07, 0xde, 0xe0, 0xbe, 
  0x78, 0xe3, 0xba, 0x3f, 0xa1, 0xac, 0xf1, 0x2d, 0xbb, 0x5d, 0x88, 0x42, 
  0x93, 0x58, 0xeb, 0xa0, 0xc9, 0x95, 0xa6, 0x28, 0xdb, 0x41, 0xf1, 0x16, 
  0x28, 0x56, 0x47, 0x88, 0xc6, 0xda, 0xd9, 0xa9, 0x90, 0x63, 0x22, 0xdc, 
  0xbf, 0xc7, 0xad, 0x1b, 0xf9, 0xf2, 0x51, 0xf0, 0x32, 0xad, 0xc6, 0x82, 
  0xf4, 0x90, 0xf1, 0x96, 0x55, 0x39, 0xad, 0x2e, 0x39, 0xea, 0x85, 0xc2, 
  0x8d, 0xe3, 0x92, 0x08, 0x47, 0x95, 0xb8, 0x08, 0xba, 0xf8, 0x09, 0x22, 
  0xfd, 0xc0, 0xd8, 0xf1, 0x36, 0xda, 0x2f, 0xf9, 0x08, 0x89, 0x2c, 0xc3, 
  0x35, 0x1c, 0xf4, 0xd5, 0xa3, 0x81, 0xe9, 0xa3, 0xce, 0xcc, 0xfc, 0xb0, 
  0x2c, 0x40, 0xcb, 0xc3, 0x85, 0x8d, 0xf1, 0x58, 0x5e, 0x0f, 0x75, 0x09, 
  0x11, 0x10, 0x42, 0x41, 0x40, 0xfe, 0x1c, 0x5b, 0xfc, 0x25, 0x4a, 0x0c, 
  0xe1, 0x46, 0x10, 0x4d, 0xb4, 0x04, 0x36, 0xa6, 0x79, 0x30, 0xa4, 0x30, 
  0xc4, 0xb1, 0xd0, 0x22, 0x2b, 0x52, 0x0d, 0x0f, 0x39, 0x32, 0xd2, 0xe1, 
  0xaf, 0x89, 0xd8, 0x12, 0x28, 0xda, 0x0f, 0x33, 0xc0, 0xd9, 0x6c, 0x3c, 
  0x72, 0xb0, 0xf6, 0x57, 0xcf, 0x37, 0xb9, 0x3d, 0xc5, 0x8b, 0xc8, 0x57, 
  0x3d, 0xb6, 0x42, 0x79, 0x2a, 0xab, 0x15, 0x63, 0x7f, 0x14, 0x3b, 0xee, 
  0x57, 0xc3, 0xdc, 0x72, 0xc6, 0x1c, 0xfd, 0x3f, 0xe6, 0xf6, 0xd3, 0xd5, 
  0x7d, 0xf6, 0xa8, 0x97, 0x38, 0xda, 0x43, 0x6b, 0x3c, 0x1a, 0x64, 0xcf, 
  0x0d, 0x64, 0xf9, 0xd1, 0x10, 0xef, 0x7f, 0x3e, 0x4d, 0x16, 0xd7, 0x23, 
  0xed, 0x07, 0xd9, 0x39, 0xb8, 0xd7, 0xf5, 0x28, 0xea, 0xe6, 0x66, 0xda, 
  0x17, 0xc7, 0xf7, 0x04, 0x1b, 0x30, 0x1b, 0x5d, 0x0e, 0x72, 0x20, 0xee, 
  0xbf, 0x51, 0x11, 0x72, 0xa8, 0xcc, 0x37, 0xdb, 0x79, 0x59, 0xac, 0x1c, 
  0xfd, 0xcf, 0xe5, 0x4c, 0x31, 0x2c, 0x35, 0x76, 0x09, 0x2d, 0x0e, 0xe4, 
  0x90, 0x98, 0xc6, 0xef, 0x6d, 0x69, 0xbb, 0xe0, 0xe3, 0xf2, 0x68, 0x51, 
  0xd0, 0xcd, 0x3c, 0x36, 0x5b, 0x15, 0x56, 0x35, 0xb4, 0x3f, 0xa2, 0x78, 
  0xc9, 0xc2, 0xb0, 0xbc, 0x4a, 0xda, 0x57, 0xad, 0x24, 0x73, 0x37, 0xd1, 
  0xb4, 0xd5, 0xf9, 0x02, 0x70, 0x91, 0xd1, 0xf7, 0xa6, 0x2c, 0xfb, 0xcb, 
  0xa7, 0xd9, 0x6d, 0x7c, 0x64, 0x15, 0xbe, 0xe2, 0x1f, 0xc9, 0x47, 0xa5, 
  0xf5, 0xf4, 0xcf, 0x17, 0x0a, 0x35, 0x06, 0x9e, 0x9a, 0xb1, 0xf9, 0xb5, 
  0xd5, 0xda, 0xa5, 0xf0, 0x2e, 0x62, 0x90, 0x4e, 0xbe, 0xdb, 0x57, 0x36, 
  0x0a, 0x29, 0x37, 0x29, 0xf6, 0x60, 0x4c, 0x0c, 0x5a, 0x17, 0x37, 0xc3, 
  0xda, 0x14, 0x5e, 0xe2, 0x00, 0x44, 0xea, 0xb3, 0x44, 0xa5, 0x1f, 0xaa, 
  0xbe, 0x5c, 0xde, 0x79, 0xf4, 0x7d, 0xee, 0x1f, 0x7f, 0x35, 0x04, 0x48, 
  0x39, 0x57, 0xb2, 0xe4, 0x22, 0x4e, 0x46, 0x7a, 0xdc, 0xf3, 0xf7, 0xec, 
  0x3e, 0xc0, 0xe8, 0x1d, 0xcc, 0xe3, 0x7d, 0xce, 0x05, 0x0d, 0x14, 0x49, 
  0x4c, 0x16, 0x0b, 0x1d, 0xc3, 0xef, 0x5a, 0x5b, 0xc9, 0xe0, 0x41, 0x6e, 
  0x3f, 0x1b, 0xcc, 0x29, 0x36, 0xc2, 0xce, 0x64, 0x64, 0x47, 0xf7, 0x6a, 
  0xdd, 0x70, 0xf8, 0xef, 0x27, 0x07, 0xe6, 0x12, 0x02, 0x01, 0x54, 0xf8, 
  0xc2, 0xeb, 0xf0, 0x1a, 0xb5, 0x01, 0x43, 0xed, 0xf1, 0x38, 0x4a, 0x09, 
  0x1d, 0x45, 0x0c, 0xe2, 0x1b, 0x3a, 0x23, 0x5b, 0xa0, 0xee, 0x3c, 0xd3, 
  0x7f, 0xec, 0x42, 0xf8, 0x3e, 0xed, 0xdf, 0xbf, 0xd1, 0x4c, 0x24, 0xe1, 
  0x27, 0x52, 0xf0, 0xed, 0x6f, 0x41, 0xd5, 0xc5, 0x36, 0xaa, 0x2c, 0xe6, 
  0x2d, 0x4d, 0x7f, 0xf9, 0xe9, 0xda, 0xcd, 0x18, 0xcd, 0xff, 0xe3, 0x18, 
  0x10, 0xc7, 0xb1, 0x34, 0xca, 0xfc, 0x24, 0x02, 0xb8, 0xf4, 0x64, 0x25, 
  0x4d, 0x26, 0xf3, 0xf2, 0x19, 0x26, 0x9b, 0x99, 0x43, 0xfc, 0x6e, 0xf3, 
  0xec, 0xc2, 0xbc, 0xbd, 0x9d, 0xae, 0x5e, 0x1f, 0xfb, 0x9e, 0xf1, 0xa6, 
  0x62, 0x62, 0x8f, 0xe8, 0x60, 0x15, 0x70, 0xeb, 0x45, 0x5c, 0x48, 0xfd, 
  0xdc, 0xd5, 0xc4, 0x3a, 0x4c, 0x56, 0x4b, 0xef, 0xdb, 0x67, 0xd4, 0x6a, 
  0x16, 0xb2, 0x16, 0xb8, 0x55, 0xc7, 0xdc, 0xd1, 0xcf, 0xbb, 0x24, 0x04, 
  0x0d, 0x39, 0xba, 0xf7, 0x90, 0x4e, 0xc3, 0xbe, 0xea, 0xf4, 0xff, 0xff, 
  0x04, 0x00, 0x00, 0x00, 0x00, 0x01, 0x00, 0x00, 0xa7, 0x02, 0x00, 0x00, 
  0xa7, 0xff, 0xff, 0xff, 0xc6, 0xfe, 0xff, 0xff, 0x0f, 0x00, 0x00, 0x00, 
  0xc4, 0xfe, 0xff, 0xff, 0xc6, 0xff, 0xff, 0xff, 0x68, 0x02, 0x00, 0x00, 
  0x11, 0x01, 0x00, 0x00, 0xd1, 0xfe, 0xff, 0xff, 0xdd, 0x02, 0x00, 0x00, 
  0x6a, 0x02, 0x00, 0x00, 0x0a, 0xff, 0xff, 0xff, 0xe4, 0x00, 0x00, 0x00, 
  0x3e, 0x01, 0x00, 0x00, 0x86, 0x03, 0x00, 0x00, 0x78, 0x00, 0x00, 0x00, 
  0x4a, 0x03, 0x00, 0x00, 0x7a, 0x03, 0x00, 0x00, 0x02, 0x03, 0x00, 0x00, 
  0xd3, 0x00, 0x00, 0x00, 0xed, 0x02, 0x00, 0x00, 0x17, 0x00, 0x00, 0x00, 
  0x9d, 0x00, 0x00, 0x00, 0x2f, 0x01, 0x00, 0x00, 0x16, 0x01, 0x00, 0x00, 
  0x3f, 0x00, 0x00, 0x00, 0x17, 0x04, 0x00, 0x00, 0x6e, 0x02, 0x00, 0x00, 
  0xf4, 0xfe, 0xff, 0xff, 0x09, 0xff, 0xff, 0xff, 0x54, 0x02, 0x00, 0x00, 
  0xe3, 0xfe, 0xff, 0xff, 0x8c, 0x02, 0x00, 0x00, 0xc4, 0x01, 0x00, 0x00, 
  0xda, 0x03, 0x00, 0x00, 0xe7, 0xff, 0xff, 0xff, 0x31, 0xff, 0xff, 0xff, 
  0x9e, 0x00, 0x00, 0x00, 0x35, 0x01, 0x00, 0x00, 0xdc, 0x00, 0x00, 0x00, 
  0x58, 0x03, 0x00, 0x00, 0xe9, 0xff, 0xff, 0xff, 0xfd, 0x02, 0x00, 0x00, 
  0x58, 0x03, 0x00, 0x00, 0x8b, 0xfe, 0xff, 0xff, 0x22, 0x01, 0x00, 0x00, 
  0xb4, 0x03, 0x00, 0x00, 0x8b, 0x02, 0x00, 0x00, 0xe4, 0x00, 0x00, 0x00, 
  0x3f, 0x00, 0x00, 0x00, 0x65, 0x00, 0x00, 0x00, 0x13, 0xfe, 0xff, 0xff, 
  0x03, 0xff, 0xff, 0xff, 0xe7, 0x02, 0x00, 0x00, 0x70, 0x01, 0x00, 0x00, 
  0xd1, 0x00, 0x00, 0x00, 0x14, 0x02, 0x00, 0x00, 0x79, 0xff, 0xff, 0xff, 
  0x7a, 0xfe, 0xff, 0xff, 0x6e, 0x02, 0x00, 0x00, 0x0d, 0x01, 0x00, 0x00, 
  0xfc, 0x02, 0x00, 0x00, 0xf1, 0x03, 0x00, 0x00, 0x86, 0x01, 0x00, 0x00, 
  0xf6, 0xf5, 0xff, 0xff, 0x04, 0x00, 0x00, 0x00, 0x00, 0x08, 0x00, 0x00, 
  0x0a, 0x32, 0xbb, 0x8e, 0xa0, 0x19, 0xf1, 0x06, 0x63, 0x67, 0xfb, 0x12, 
  0x57, 0x14, 0x46, 0x1e, 0x17, 0x69, 0x60, 0xb7, 0xa7, 0xa1, 0xb9, 0x99, 
  0x12, 0x55, 0x73, 0x56, 0xa1, 0x3f, 0x1f, 0xbb, 0x53, 0xab, 0x7f, 0xa7, 
  0x36, 0xc4, 0xd4, 0xa8, 0x2e, 0x00, 0x5d, 0x49, 0xac, 0xf3, 0xe7, 0x67, 
  0xca, 0x1f, 0x06, 0x94, 0x52, 0x18, 0x41, 0xcb, 0x05, 0x25, 0xbd, 0x1c, 
  0xd5, 0xd3, 0x59, 0x08, 0x2b, 0xba, 0xa9, 0x43, 0x1c, 0xfb, 0x14, 0x2f, 
  0xbb, 0x42, 0x54, 0x58, 0x45, 0xca, 0x66, 0x35, 0x42, 0xf5, 0xc9, 0xb2, 
  0x35, 0xb1, 0x33, 0xab, 0xa8, 0x48, 0x7f, 0x19, 0xe3, 0x6d, 0x24, 0xc6, 
  0xd6, 0xe4, 0x28, 0x3b, 0xbd, 0x04, 0x13, 0x49, 0x41, 0x10, 0x63, 0x13, 
  0x2d, 0x45, 0xe0, 0x0c, 0xe1, 0xf2, 0x44, 0xce, 0xa2, 0xbe, 0xe6, 0x28, 
  0xb7, 0x3f, 0xf7, 0xf0, 0xec, 0x2f, 0x7f, 0x58, 0x0d, 0x77, 0x3f, 0xf0, 
  0xfa, 0x83, 0xe7, 0x69, 0x33, 0x49, 0xfc, 0x6b, 0x8c, 0x17, 0xd1, 0xe9, 
  0x0c, 0x64, 0x9e, 0x0d, 0x36, 0xde, 0x87, 0x5c, 0xac, 0xff, 0x67, 0xd6, 
  0xd4, 0x0f, 0x07, 0xf2, 0xfc, 0xce, 0x47, 0x11, 0x69, 0xbf, 0x5d, 0x81, 
  0xdf, 0x4a, 0x21, 0x8f, 0x36, 0xe7, 0xc6, 0x9c, 0x62, 0x3f, 0x68, 0x4e, 
  0x74, 0x57, 0x6c, 0x9e, 0x70, 0x50, 0x06, 0x1a, 0xf7, 0x00, 0x4f, 0x27, 
  0x04, 0x10, 0xb6, 0xdb, 0xab, 0xef, 0x4b, 0x72, 0x96, 0x27, 0x5b, 0x99, 
  0xe2, 0xa7, 0xe8, 0x31, 0x15, 0xed, 0x41, 0x09, 0x91, 0x52, 0x42, 0x48, 
  0x45, 0x3f, 0xc4, 0xe4, 0x18, 0xde, 0x0f, 0xde, 0x84, 0x2d, 0x4a, 0x7f, 
  0xba, 0x2a, 0x08, 0x96, 0xac, 0xbf, 0xbb, 0xdf, 0x45, 0x9f, 0xb8, 0x25, 
  0x57, 0x5c, 0x8d, 0x56, 0xc5, 0x37, 0x21, 0x60, 0x4f, 0x5c, 0xba, 0x62, 
  0xa2, 0x0f, 0xa7, 0xcc, 0x8e, 0xdf, 0x12, 0x21, 0x2f, 0x1a, 0xc7, 0x41, 
  0xbb, 0xe1, 0x55, 0x20, 0x53, 0x2f, 0xab, 0xdc, 0xb2, 0xc5, 0x3f, 0xeb, 
  0x4f, 0xe2, 0xc5, 0x68, 0x22, 0x08, 0x30, 0xdc, 0xe8, 0xdb, 0xde, 0x00, 
  0xfb, 0xd3, 0x20, 0x7f, 0x43, 0x6e, 0x37, 0x0b, 0xc3, 0x5a, 0x28, 0x2e, 
  0xb7, 0x31, 0xf2, 0xdd, 0x1e, 0xd1, 0xa1, 0x3f, 0xf7, 0x60, 0xd5, 0xcf, 
  0x51, 0xdb, 0x21, 0x66, 0xac, 0x14, 0x0d, 0xff, 0xe6, 0x33, 0xa8, 0x39, 
  0xe3, 0xe4, 0x17, 0xe5, 0xf1, 0x1c, 0x75, 0xb8, 0xc2, 0x3c, 0xe5, 0xbe, 
  0xfe, 0x77, 0x6d, 0xc5, 0x54, 0xdd, 0x4f, 0x61, 0xc3, 0xf5, 0x0c, 0x66, 
  0x1c, 0x26, 0xe7, 0xa5, 0x53, 0x12, 0x45, 0x88, 0xd3, 0x6d, 0x41, 0x73, 
  0x3f, 0xff, 0x4f, 0x6e, 0xdc, 0x36, 0x19, 0x11, 0xdc, 0x9a, 0x3d, 0xfb, 
  0x6f, 0x7d, 0x9b, 0xf8, 0x2e, 0x97, 0xc9, 0x37, 0x0a, 0xc7, 0x5a, 0x81, 
  0x91, 0x60, 0xe0, 0x1b, 0x2e, 0x02, 0x25, 0x2d, 0x2d, 0x02, 0xf6, 0x0b, 
  0x71, 0x2d, 0xd8, 0xc4, 0xc7, 0x33, 0x59, 0x70, 0x0e, 0xfc, 0xc9, 0xf1, 
  0xd2, 0xc8, 0xf8, 0xe9, 0xc4, 0xd1, 0xb9, 0x2d, 0x1a, 0x14, 0x2f, 0x4c, 
  0xa2, 0xdd, 0xf8, 0xb7, 0x26, 0x65, 0x0d, 0xaf, 0xb3, 0x9d, 0x23, 0x9d, 
  0x1a, 0x7f, 0xb0, 0x53, 0x25, 0xf9, 0x9d, 0x5b, 0x62, 0xf1, 0xb8, 0x6f, 
  0xcf, 0x4c, 0xfc, 0xa2, 0x5c, 0x0d, 0xc7, 0xed, 0x0e, 0x28, 0x5e, 0x1b, 
  0x5f, 0xd3, 0xc6, 0xf0, 0xd3, 0xe1, 0x6b, 0x06, 0xfc, 0xf1, 0xde, 0xa2, 
  0x4a, 0xd2, 0x38, 0xfd, 0xc8, 0xae, 0xb5, 0x1b, 0xf9, 0xa7, 0xde, 0x9f, 
  0xbb, 0xa7, 0x51, 0x41, 0xb8, 0x4d, 0xdb, 0x9d, 0x5f, 0xec, 0x26, 0xcc, 
  0x66, 0x6d, 0xf3, 0xc4, 0x41, 0xbf, 0xd5, 0x0a, 0xb9, 0xb2, 0x56, 0xe7, 
  0x4a, 0x4b, 0x27, 0xc7, 0x6b, 0xe3, 0x16, 0x7f, 0x0a, 0xd9, 0xe2, 0xe6, 
  0x45, 0x4f, 0x8a, 0xd1, 0x30, 0xfd, 0x29, 0x51, 0x2e, 0xed, 0xe4, 0x71, 
  0x62, 0x6b, 0x55, 0x04, 0xeb, 0x2e, 0xc7, 0x0f, 0x3e, 0x39, 0x71, 0xf6, 
  0x42, 0x01, 0x31, 0x1c, 0xc7, 0x1d, 0xe5, 0x0f, 0xeb, 0xc2, 0x2f, 0xb9, 
  0x5a, 0x38, 0x7f, 0x25, 0xbb, 0x5f, 0x79, 0x39, 0x9d, 0xa4, 0xc5, 0xb9, 
  0x2a, 0x29, 0x98, 0xbd, 0xd1, 0xb1, 0x12, 0xe0, 0x2c, 0xb8, 0x36, 0x3b, 
  0x19, 0xd7, 0xe6, 0x9c, 0x3f, 0xac, 0x34, 0xba, 0x41, 0x6d, 0xb1, 0x62, 
  0x05, 0x2b, 0xe3, 0xd6, 0xe1, 0x77, 0x21, 0xa5, 0x18, 0x4c, 0x2c, 0x1e, 
  0x48, 0xc9, 0x08, 0xd6, 0x1d, 0x60, 0x12, 0xb7, 0x4f, 0xcf, 0x10, 0xd8, 
  0x40, 0xed, 0xaa, 0x51, 0xc6, 0xf0, 0x17, 0x50, 0x60, 0xb9, 0x68, 0xe3, 
  0xd9, 0x22, 0xd3, 0x96, 0x45, 0xc1, 0x01, 0x04, 0x03, 0xdd, 0x56, 0xca, 
  0x15, 0xc0, 0x7f, 0xe0, 0xa8, 0x64, 0xec, 0x3f, 0xca, 0x46, 0x9f, 0xd0, 
  0x6f, 0xe5, 0x24, 0xab, 0x23, 0x5e, 0x89, 0x88, 0x59, 0xc8, 0x17, 0xe5, 
  0x18, 0xf7, 0xac, 0xb5, 0xa9, 0xe8, 0x8e, 0xe7, 0x3f, 0xfb, 0xf2, 0x8b, 
  0x60, 0xdb, 0x05, 0xc6, 0x47, 0x09, 0x0a, 0x46, 0xba, 0x41, 0xc9, 0xcd, 
  0xe6, 0x96, 0xdf, 0x4e, 0x40, 0xb7, 0x4c, 0x1b, 0xbb, 0x40, 0xfe, 0xcb, 
  0x81, 0xc6, 0x18, 0xa8, 0x9f, 0x50, 0xfb, 0x18, 0xc4, 0xf1, 0xf1, 0xc3, 
  0xcc, 0x1e, 0x62, 0x6e, 0xa0, 0x13, 0x4d, 0xf6, 0x7f, 0x6f, 0x2c, 0xa6, 
  0x14, 0xa5, 0x75, 0xf9, 0x37, 0xa8, 0xb9, 0x33, 0x79, 0xc6, 0xb9, 0xcd, 
  0x14, 0x35, 0x28, 0x05, 0x96, 0xf2, 0xca, 0x77, 0x9c, 0x6f, 0xec, 0x01, 
  0x92, 0x6f, 0x13, 0xf6, 0x3d, 0x1f, 0xfe, 0x46, 0x11, 0x36, 0x36, 0xa1, 
  0xb7, 0xfb, 0x98, 0x22, 0x76, 0xc7, 0x04, 0x31, 0xec, 0x5a, 0x9c, 0xe9, 
  0xad, 0xfc, 0x39, 0x2a, 0x4a, 0x6a, 0x78, 0x50, 0x2b, 0xcc, 0x02, 0x6f, 
  0xc5, 0x9a, 0x37, 0x1e, 0xd3, 0x73, 0x44, 0x29, 0x44, 0xab, 0x3e, 0x86, 
  0x41, 0x67, 0x4c, 0x6a, 0x39, 0xaa, 0x13, 0x44, 0xdb, 0x8d, 0x8f, 0xef, 
  0x2d, 0x35, 0x11, 0xdf, 0x2b, 0x07, 0x9a, 0xe2, 0x7f, 0x24, 0xc1, 0x24, 
  0xd8, 0x01, 0xd0, 0xd8, 0x59, 0x97, 0x72, 0x8b, 0x5e, 0x20, 0x8e, 0xb6, 
  0x46, 0xe6, 0x43, 0xb4, 0xa6, 0x4c, 0x9c, 0x08, 0x9f, 0xa2, 0x4a, 0x6f, 
  0x51, 0x2c, 0xda, 0xab, 0x5f, 0x5a, 0x50, 0x99, 0x4f, 0xac, 0x04, 0xb5, 
  0xda, 0x5c, 0x3a, 0x0f, 0x7f, 0x57, 0x84, 0x39, 0x06, 0xbe, 0xba, 0x10, 
  0xa2, 0xe2, 0x0e, 0xf4, 0x54, 0xc1, 0x61, 0x3c, 0x25, 0x01, 0x2c, 0x1c, 
  0x65, 0xa4, 0xa2, 0x1d, 0x6f, 0xfb, 0xa7, 0xec, 0x7b, 0xd2, 0x01, 0x60, 
  0xa7, 0x55, 0x10, 0x38, 0x33, 0x64, 0x17, 0xab, 0x9e, 0x55, 0xaa, 0x04, 
  0xfe, 0xb6, 0xc8, 0x5f, 0x4f, 0x3b, 0xe7, 0xe0, 0xc8, 0xd2, 0xd7, 0xa9, 
  0x36, 0x5c, 0x37, 0xc6, 0x28, 0x76, 0x16, 0x56, 0x5d, 0x43, 0xf8, 0x20, 
  0xd6, 0x91, 0x93, 0x2b, 0x93, 0xd7, 0xb6, 0x3d, 0x61, 0x14, 0x1d, 0xde, 
  0xb4, 0x1a, 0xbb, 0xb7, 0xac, 0xe8, 0x07, 0x60, 0x3c, 0x5c, 0x96, 0xc3, 
  0x71, 0xf7, 0xba, 0x5c, 0xff, 0x7f, 0x40, 0x52, 0xef, 0xc6, 0x54, 0x5a, 
  0xac, 0x25, 0xc5, 0xc2, 0xe6, 0x0b, 0x0c, 0xdd, 0xbc, 0xbd, 0x7f, 0x61, 
  0x43, 0x5d, 0x32, 0xa2, 0xb5, 0xc6, 0x75, 0x3b, 0xc3, 0xf3, 0x03, 0x28, 
  0xe9, 0x66, 0xa9, 0x61, 0xbb, 0x2a, 0x9b, 0xaa, 0xa2, 0x75, 0x32, 0x3b, 
  0xba, 0xd8, 0xc0, 0xc7, 0x2e, 0x14, 0x13, 0x6f, 0xfc, 0x04, 0xb7, 0x15, 
  0x1f, 0x58, 0x22, 0x53, 0x46, 0x33, 0x16, 0x70, 0xeb, 0xc6, 0x4d, 0x47, 
  0x2b, 0xe2, 0x93, 0xb3, 0x66, 0x16, 0x1b, 0xc6, 0xbd, 0xe1, 0xa1, 0x3b, 
  0xef, 0x27, 0x14, 0xf1, 0xed, 0x51, 0xa4, 0x2a, 0x77, 0xb5, 0x0c, 0x4a, 
  0xf5, 0x28, 0xc8, 0xba, 0xc5, 0xa1, 0x23, 0xcf, 0x27, 0xbc, 0x4a, 0xf5, 
  0x34, 0x01, 0x7f, 0xbc, 0xb9, 0x51, 0x3f, 0xf2, 0xe7, 0xb3, 0xe8, 0x3c, 
  0x18, 0x51, 0x47, 0x3f, 0xb1, 0xf3, 0x5b, 0x3d, 0x27, 0x5d, 0xcf, 0xb0, 
  0xc5, 0xa6, 0xdd, 0x4d, 0x3d, 0xd8, 0x0e, 0xbe, 0xd8, 0x71, 0x32, 0x2f, 
  0xe1, 0x37, 0x7d, 0x06, 0xca, 0xb9, 0x96, 0x3a, 0xf9, 0xc3, 0xd0, 0x0f, 
  0x84, 0xe3, 0xd2, 0xe9, 0xec, 0x48, 0x3c, 0xee, 0xdb, 0x6f, 0x1e, 0x99, 
  0x5b, 0x59, 0xea, 0xf2, 0x5b, 0x02, 0x88, 0xd3, 0x7f, 0x21, 0x84, 0x49, 
  0x23, 0xe3, 0x27, 0x2b, 0x71, 0x66, 0xd1, 0xef, 0x15, 0xc5, 0x94, 0x6d, 
  0x26, 0xa3, 0x39, 0x5a, 0x0b, 0xed, 0xee, 0x55, 0x2f, 0x11, 0x2e, 0x62, 
  0x3c, 0xf2, 0xc1, 0x75, 0xdc, 0x29, 0xc7, 0x3e, 0xe3, 0x42, 0x20, 0xa0, 
  0x74, 0x7a, 0x92, 0xea, 0x05, 0xae, 0x17, 0x70, 0x46, 0xf0, 0x4d, 0x66, 
  0xa4, 0x05, 0x09, 0x6e, 0xa5, 0x32, 0x81, 0xc6, 0xe9, 0x4d, 0x58, 0xe8, 
  0xd6, 0x29, 0x5c, 0x06, 0x25, 0x6d, 0x91, 0x1b, 0x04, 0x55, 0x26, 0x20, 
  0xd3, 0xf5, 0x37, 0x2b, 0xf2, 0x90, 0xdf, 0x10, 0x2f, 0x75, 0x00, 0xf8, 
  0x9d, 0x63, 0xdf, 0xa4, 0x35, 0xe7, 0xb1, 0xb4, 0x26, 0x23, 0xea, 0x92, 
  0x96, 0x7f, 0x19, 0xd0, 0xe2, 0xa0, 0xcf, 0x38, 0x5e, 0x55, 0xca, 0x4f, 
  0x55, 0x76, 0x39, 0x99, 0xf5, 0xdc, 0xe7, 0x45, 0x3f, 0xba, 0x02, 0xcb, 
  0x3b, 0xb1, 0x7f, 0xc5, 0x26, 0xfa, 0xa1, 0x47, 0x63, 0xbb, 0xfe, 0xc2, 
  0xe9, 0xdc, 0x5a, 0x1d, 0x68, 0xa6, 0xd0, 0xe5, 0xf4, 0xfc, 0xdd, 0x03, 
  0xb7, 0x27, 0x1c, 0xf4, 0xe2, 0x23, 0x4f, 0xe7, 0xa5, 0xdc, 0xd4, 0x2d, 
  0x43, 0x6e, 0xfe, 0x01, 0x2a, 0xbd, 0xf6, 0x52, 0xda, 0x39, 0xa2, 0x98, 
  0x16, 0x2c, 0x30, 0x14, 0xf4, 0x31, 0x5a, 0x2c, 0x73, 0x1e, 0x21, 0x59, 
  0xd3, 0xb3, 0xb3, 0x40, 0xd3, 0xf9, 0xe7, 0xc2, 0xa5, 0x67, 0x5f, 0xcf, 
  0xc9, 0x1a, 0x07, 0x5c, 0x38, 0x94, 0xe1, 0x3b, 0xbf, 0x75, 0x34, 0x41, 
  0x0c, 0xb7, 0x4e, 0xa6, 0x28, 0xf0, 0xa9, 0x68, 0x4b, 0x7f, 0x99, 0x20, 
  0x83, 0x2f, 0x0d, 0x5b, 0xf4, 0x74, 0x33, 0xfc, 0x35, 0xd1, 0xfd, 0x49, 
  0x51, 0x64, 0x9a, 0xda, 0x24, 0x4c, 0xfd, 0x45, 0x23, 0x39, 0x29, 0x5e, 
  0x38, 0x2b, 0x26, 0x08, 0xe8, 0x53, 0xd7, 0xff, 0x81, 0x26, 0x12, 0x40, 
  0x43, 0x2e, 0xda, 0xc8, 0xb9, 0xf8, 0xcc, 0xe5, 0x47, 0x18, 0x0a, 0xe8, 
  0xe6, 0x7e, 0x39, 0x23, 0xa3, 0x2d, 0xb5, 0x46, 0xf2, 0x4c, 0x4f, 0xad, 
  0xc9, 0xfa, 0x22, 0xd4, 0x61, 0x44, 0xd0, 0xff, 0x96, 0xb6, 0x8a, 0xc5, 
  0x9e, 0x00, 0x53, 0x2a, 0x75, 0x38, 0x6c, 0xe3, 0xa0, 0x25, 0x65, 0x90, 
  0xf7, 0x7f, 0xc2, 0x64, 0xe0, 0x79, 0xcc, 0x3f, 0xd1, 0x02, 0xe3, 0xee, 
  0xda, 0x9f, 0x4b, 0xd0, 0x90, 0x11, 0x6f, 0x9f, 0xae, 0xaa, 0xcd, 0x9c, 
  0x6a, 0x11, 0xeb, 0x14, 0xca, 0xe2, 0xe0, 0x99, 0xaa, 0x01, 0xa7, 0x5e, 
  0x21, 0xc0, 0x59, 0xa8, 0x28, 0x8e, 0x25, 0x9a, 0x87, 0x89, 0x6d, 0x44, 
  0x0e, 0x27, 0xb6, 0x9e, 0xc0, 0x41, 0x8d, 0xae, 0xf5, 0x51, 0xdd, 0xd2, 
  0x24, 0xbe, 0xb6, 0x0c, 0xc0, 0x41, 0xcb, 0xb8, 0x3d, 0xa5, 0x84, 0x50, 
  0x14, 0x61, 0x43, 0x57, 0xcc, 0x98, 0x89, 0x2b, 0x34, 0xff, 0x1c, 0x5b, 
  0xc3, 0xee, 0x94, 0xf4, 0xba, 0x93, 0xd2, 0x81, 0x56, 0xae, 0xe5, 0xab, 
  0x39, 0xcd, 0x23, 0x06, 0xe8, 0x25, 0x3c, 0xe3, 0x26, 0x0f, 0xba, 0x01, 
  0xb2, 0x44, 0xf6, 0xdb, 0xda, 0xae, 0x75, 0x69, 0x23, 0xfd, 0x9a, 0xd0, 
  0x02, 0x15, 0xd4, 0x36, 0x18, 0x27, 0x2b, 0xad, 0x45, 0x12, 0x19, 0x09, 
  0xef, 0x4e, 0x5b, 0x97, 0xe3, 0x13, 0x10, 0x28, 0x26, 0x24, 0xb4, 0x88, 
  0x6f, 0x35, 0x4d, 0xa5, 0x56, 0x2d, 0xc4, 0xf7, 0xd5, 0x7f, 0x57, 0xc8, 
  0x15, 0x18, 0x37, 0x41, 0xa4, 0xcd, 0xd9, 0xdd, 0x0d, 0xb6, 0xa8, 0x1a, 
  0x39, 0x0b, 0x77, 0x12, 0xcd, 0x09, 0x64, 0x98, 0x11, 0x0e, 0x3e, 0x19, 
  0x4e, 0xb3, 0xb6, 0x9a, 0xd8, 0x61, 0x02, 0x57, 0xfa, 0xe0, 0x51, 0x72, 
  0xf7, 0xc2, 0x10, 0xc3, 0xa6, 0x64, 0x4b, 0x8d, 0xe3, 0xae, 0x65, 0xc1, 
  0xba, 0xaa, 0xec, 0x63, 0xa6, 0xae, 0x18, 0xf9, 0xa5, 0x81, 0xfd, 0x0a, 
  0xd5, 0x2b, 0x2f, 0xc5, 0x56, 0xcc, 0x40, 0x95, 0xb2, 0xc8, 0xfd, 0x0c, 
  0xc3, 0xbe, 0xc9, 0xdc, 0x44, 0x0b, 0x30, 0x9c, 0xf5, 0x81, 0xd5, 0x26, 
  0x30, 0xf8, 0x51, 0xa9, 0xc1, 0x64, 0xa4, 0xeb, 0xf5, 0x69, 0x92, 0xe1, 
  0x58, 0x08, 0x76, 0x6e, 0x00, 0xba, 0xd5, 0x26, 0x78, 0x9c, 0x19, 0x16, 
  0x4c, 0xb3, 0xca, 0x3b, 0x50, 0xd3, 0xb0, 0x3c, 0xf3, 0xbd, 0x76, 0x00, 
  0xfd, 0x3e, 0x9f, 0xdc, 0x06, 0xb3, 0xa7, 0x3e, 0x24, 0x54, 0x91, 0xfc, 
  0x4d, 0x92, 0x28, 0x35, 0x2f, 0xab, 0xcb, 0x5e, 0x30, 0x49, 0x10, 0x3e, 
  0x44, 0x10, 0x01, 0x15, 0xbe, 0x00, 0x25, 0x06, 0x19, 0x43, 0x4c, 0x47, 
  0x1e, 0x0c, 0x24, 0x25, 0xd9, 0x2b, 0xfc, 0x08, 0x75, 0x2c, 0x9c, 0xa1, 
  0xe2, 0x04, 0x29, 0x3b, 0xaf, 0xee, 0x1a, 0xed, 0x7f, 0x6c, 0x2c, 0xc6, 
  0xd4, 0xc3, 0xce, 0x1d, 0x67, 0xcc, 0x20, 0x2c, 0x0f, 0xfe, 0xeb, 0xfd, 
  0x30, 0x46, 0xe1, 0xc2, 0x0f, 0x54, 0x90, 0x64, 0x1e, 0xa2, 0x1a, 0x09, 
  0xa2, 0xaf, 0x12, 0xb3, 0x5d, 0x64, 0x2d, 0xfe, 0x0e, 0xf1, 0x0f, 0xb0, 
  0x1f, 0xe9, 0x6b, 0xb0, 0xc6, 0x27, 0x64, 0x68, 0xa4, 0x2e, 0xae, 0x0c, 
  0x27, 0x15, 0x31, 0xdb, 0xcd, 0x78, 0xc1, 0x3f, 0x3e, 0x37, 0x13, 0x19, 
  0xc2, 0xa5, 0x0c, 0xeb, 0xff, 0x6b, 0xd2, 0xdb, 0x50, 0x67, 0xc6, 0xbc, 
  0xdd, 0x57, 0x4b, 0x69, 0x4c, 0x92, 0x6f, 0x21, 0x4f, 0xe3, 0x06, 0x30, 
  0x64, 0xd4, 0x60, 0xda, 0x52, 0xca, 0x97, 0x7f, 0x04, 0xba, 0xdb, 0x61, 
  0x57, 0xbc, 0xfc, 0x91, 0xd0, 0x0c, 0xd9, 0x52, 0xcb, 0xab, 0x2f, 0xc9, 
  0x6b, 0xcc, 0xde, 0x20, 0x2e, 0x4e, 0xce, 0x96, 0x2a, 0xc9, 0x7f, 0x1f, 
  0x1a, 0x21, 0xf8, 0x4d, 0x16, 0x55, 0x3c, 0x01, 0xe3, 0x52, 0x59, 0x11, 
  0x1b, 0xbc, 0xf1, 0xfb, 0xfd, 0xd0, 0x6b, 0x1f, 0x17, 0xb4, 0x42, 0x23, 
  0xa5, 0xfb, 0x29, 0xce, 0xf2, 0x44, 0xdd, 0x19, 0x5a, 0xb9, 0x07, 0xa6, 
  0x2e, 0xf1, 0x10, 0xfd, 0xbd, 0xf8, 0x89, 0xd6, 0xf9, 0xfd, 0x0e, 0xe1, 
  0xfe, 0x3e, 0x45, 0x4b, 0xc5, 0xd1, 0xb1, 0x02, 0x0e, 0xf4, 0xd0, 0x68, 
  0x43, 0x61, 0x15, 0x36, 0xfb, 0xf2, 0x60, 0x69, 0x7f, 0x0e, 0x6b, 0x13, 
  0xba, 0xb7, 0xab, 0xbf, 0xbd, 0xb4, 0x20, 0x28, 0xda, 0xb9, 0xe7, 0x74, 
  0x86, 0xb9, 0x52, 0x97, 0x04, 0xfd, 0x26, 0x6e, 0x50, 0xdc, 0x6c, 0x48, 
  0x5f, 0xce, 0x62, 0x35, 0xc8, 0x30, 0x83, 0x5e, 0x3b, 0x36, 0x95, 0x9c, 
  0x38, 0xd4, 0xcc, 0xa1, 0x77, 0x34, 0xd5, 0x31, 0x0b, 0xf3, 0x3b, 0x1f, 
  0x94, 0xd6, 0xa0, 0x72, 0xb7, 0x6e, 0x81, 0x38, 0xce, 0xdb, 0x9c, 0xe0, 
  0xfc, 0x2b, 0x5f, 0x11, 0x15, 0xa6, 0x50, 0xab, 0x33, 0x15, 0x98, 0x53, 
  0x0b, 0x1b, 0x93, 0x26, 0x89, 0xbe, 0xac, 0x9d, 0xff, 0x5d, 0xe5, 0xe4, 
  0xda, 0xc1, 0x8a, 0xaa, 0x35, 0x93, 0xbb, 0x42, 0x02, 0xfe, 0xff, 0xff, 
  0x04, 0x00, 0x00, 0x00, 0x80, 0x00, 0x00, 0x00, 0xb9, 0x02, 0x00, 0x00, 
  0x85, 0x03, 0x00, 0x00, 0x69, 0xfe, 0xff, 0xff, 0xca, 0xff, 0xff, 0xff, 
  0xf0, 0x00, 0x00, 0x00, 0xdd, 0x02, 0x00, 0x00, 0x9b, 0x00, 0x00, 0x00, 
  0x8e, 0x01, 0x00, 0x00, 0xff, 0x02, 0x00, 0x00, 0x37, 0x01, 0x00, 0x00, 
  0x97, 0xfe, 0xff, 0xff, 0x54, 0x01, 0x00, 0x00, 0x1f, 0x01, 0x00, 0x00, 
  0x95, 0xff, 0xff, 0xff, 0x25, 0x01, 0x00, 0x00, 0x5d, 0x02, 0x00, 0x00, 
  0x83, 0x02, 0x00, 0x00, 0xac, 0xfd, 0xff, 0xff, 0x7f, 0xff, 0xff, 0xff, 
  0xa1, 0x03, 0x00, 0x00, 0xc4, 0xfe, 0xff, 0xff, 0x3b, 0xfe, 0xff, 0xff, 
  0x4e, 0x01, 0x00, 0x00, 0x77, 0x00, 0x00, 0x00, 0x07, 0x00, 0x00, 0x00, 
  0x9a, 0xfe, 0xff, 0xff, 0x59, 0xfe, 0xff, 0xff, 0x1e, 0x03, 0x00, 0x00, 
  0xae, 0xfe, 0xff, 0xff, 0x4f, 0x03, 0x00, 0x00, 0x0d, 0x02, 0x00, 0x00, 
  0xf2, 0xfd, 0xff, 0xff, 0x8e, 0xfe, 0xff, 0xff, 0x04, 0x00, 0x00, 0x00, 
  0x60, 0x00, 0x00, 0x00, 0x26, 0xf1, 0x5d, 0x09, 0xad, 0x8a, 0xda, 0x5d, 
  0xfb, 0x9e, 0x69, 0xc4, 0x30, 0x14, 0x0f, 0x06, 0x91, 0x60, 0x81, 0xdb, 
  0xcc, 0x0c, 0x4a, 0xa0, 0x1a, 0xbf, 0x1a, 0xb3, 0x6b, 0xa7, 0xb1, 0x33, 
  0xc5, 0xb2, 0xad, 0x6a, 0x5c, 0x3b, 0x1f, 0xf5, 0xda, 0xa6, 0x56, 0x00, 
  0x96, 0x58, 0x1a, 0x7f, 0xee, 0xe7, 0x49, 0xaf, 0x02, 0x3c, 0x92, 0x5a, 
  0x99, 0x3c, 0x3f, 0x11, 0xba, 0xc5, 0xec, 0x2d, 0x78, 0x0b, 0xdf, 0xea, 
  0x11, 0x6f, 0x88, 0xa1, 0x7f, 0x5b, 0x51, 0x85, 0xb0, 0xb0, 0xa0, 0x47, 
  0x2b, 0xe2, 0xde, 0x5b, 0x8e, 0xe5, 0x5b, 0xca, 0xd4, 0xf3, 0x16, 0x4b, 
  0xe7, 0x47, 0x6c, 0xf5, 0xfa, 0xfe, 0xff, 0xff, 0x04, 0x00, 0x00, 0x00, 
  0x0c, 0x00, 0x00, 0x00, 0x4e, 0xff, 0xff, 0xff, 0x3a, 0xff, 0xff, 0xff, 
  0x22, 0x01, 0x00, 0x00, 0x12, 0xff, 0xff, 0xff, 0x04, 0x00, 0x00, 0x00, 
  0x04, 0x00, 0x00, 0x00, 0x01, 0x00, 0x00, 0x00, 0x22, 0xff, 0xff, 0xff, 
  0x04, 0x00, 0x00, 0x00, 0x0c, 0x00, 0x00, 0x00, 0xff, 0xff, 0xff, 0xff, 
  0x5e, 0x00, 0x00, 0x00, 0x40, 0x00, 0x00, 0x00, 0x3a, 0xff, 0xff, 0xff, 
  0x04, 0x00, 0x00, 0x00, 0x0c, 0x00, 0x00, 0x00, 0xff, 0xff, 0xff, 0xff, 
  0x60, 0x00, 0x00, 0x00, 0x20, 0x00, 0x00, 0x00, 0x52, 0xff, 0xff, 0xff, 
  0x04, 0x00, 0x00, 0x00, 0x04, 0x00, 0x00, 0x00, 0xfd, 0xff, 0xff, 0xff, 
  0x98, 0xe2, 0xff, 0xff, 0x9c, 0xe2, 0xff, 0xff, 0x0f, 0x00, 0x00, 0x00, 
  0x4d, 0x4c, 0x49, 0x52, 0x20, 0x43, 0x6f, 0x6e, 0x76, 0x65, 0x72, 0x74, 
  0x65, 0x64, 0x2e, 0x00, 0x01, 0x00, 0x00, 0x00, 0x14, 0x00, 0x00, 0x00, 
  0x00, 0x00, 0x0e, 0x00, 0x18, 0x00, 0x14, 0x00, 0x10, 0x00, 0x0c, 0x00, 
  0x08, 0x00, 0x04, 0x00, 0x0e, 0x00, 0x00, 0x00, 0x14, 0x00, 0x00, 0x00, 
  0x1c, 0x00, 0x00, 0x00, 0x90, 0x02, 0x00, 0x00, 0x94, 0x02, 0x00, 0x00, 
  0x98, 0x02, 0x00, 0x00, 0x04, 0x00, 0x00, 0x00, 0x6d, 0x61, 0x69, 0x6e, 
  0x00, 0x00, 0x00, 0x00, 0x0a, 0x00, 0x00, 0x00, 0x48, 0x02, 0x00, 0x00, 
  0xe4, 0x01, 0x00, 0x00, 0xac, 0x01, 0x00, 0x00, 0x70, 0x01, 0x00, 0x00, 
  0x28, 0x01, 0x00, 0x00, 0x00, 0x01, 0x00, 0x00, 0xcc, 0x00, 0x00, 0x00, 
  0x88, 0x00, 0x00, 0x00, 0x40, 0x00, 0x00, 0x00, 0x04, 0x00, 0x00, 0x00, 
  0x92, 0xff, 0xff, 0xff, 0x1c, 0x00, 0x00, 0x00, 0x00, 0x00, 0x00, 0x09, 
  0x1c, 0x00, 0x00, 0x00, 0x20, 0x00, 0x00, 0x00, 0x05, 0x00, 0x00, 0x00, 
  0x00, 0x00, 0x06, 0x00, 0x08, 0x00, 0x04, 0x00, 0x06, 0x00, 0x00, 0x00, 
  0x00, 0x00, 0x80, 0x3f, 0x01, 0x00, 0x00, 0x00, 0x16, 0x00, 0x00, 0x00, 
  0x01, 0x00, 0x00, 0x00, 0x15, 0x00, 0x00, 0x00, 0x86, 0xfe, 0xff, 0xff, 
  0x14, 0x00, 0x00, 0x00, 0x00, 0x00, 0x00, 0x08, 0x10, 0x00, 0x00, 0x00, 
  0x14, 0x00, 0x00, 0x00, 0x04, 0x00, 0x00, 0x00, 0x6c, 0xe3, 0xff, 0xff, 
  0x01, 0x00, 0x00, 0x00, 0x15, 0x00, 0x00, 0x00, 0x03, 0x00, 0x00, 0x00, 
  0x14, 0x00, 0x00, 0x00, 0x06, 0x00, 0x00, 0x00, 0x05, 0x00, 0x00, 0x00, 
  0x00, 0x00, 0x0e, 0x00, 0x1a, 0x00, 0x14, 0x00, 0x10, 0x00, 0x0c, 0x00, 
  0x0b, 0x00, 0x04, 0x00, 0x0e, 0x00, 0x00, 0x00, 0x1c, 0x00, 0x00, 0x00, 
  0x00, 0x00, 0x00, 0x08, 0x1c, 0x00, 0x00, 0x00, 0x20, 0x00, 0x00, 0x00, 
  0x04, 0x00, 0x00, 0x00, 0x00, 0x00, 0x06, 0x00, 0x08, 0x00, 0x07, 0x00, 
  0x06, 0x00, 0x00, 0x00, 0x00, 0x00, 0x00, 0x01, 0x01, 0x00, 0x00, 0x00, 
  0x14, 0x00, 0x00, 0x00, 0x03, 0x00, 0x00, 0x00, 0x13, 0x00, 0x00, 0x00, 
  0x08, 0x00, 0x00, 0x00, 0x07, 0x00, 0x00, 0x00, 0x0a, 0xff, 0xff, 0xff, 
  0x14, 0x00, 0x00, 0x00, 0x00, 0x00, 0x00, 0x1b, 0x10, 0x00, 0x00, 0x00, 
  0x14, 0x00, 0x00, 0x00, 0x03, 0x00, 0x00, 0x00, 0xf0, 0xe3, 0xff, 0xff, 
  0x01, 0x00, 0x00, 0x00, 0x13, 0x00, 0x00, 0x00, 0x02, 0x00, 0x00, 0x00, 
  0x12, 0x00, 0x00, 0x00, 0x04, 0x00, 0x00, 0x00, 0x6a, 0xff, 0xff, 0xff, 
  0x0c, 0x00, 0x00, 0x00, 0x10, 0x00, 0x00, 0x00, 0x02, 0x00, 0x00, 0x00, 
  0x01, 0x00, 0x00, 0x00, 0x12, 0x00, 0x00, 0x00, 0x02, 0x00, 0x00, 0x00, 
  0x11, 0x00, 0x00, 0x00, 0x03, 0x00, 0x00, 0x00, 0x5e, 0xff, 0xff, 0xff, 
  0x14, 0x00, 0x00, 0x00, 0x00, 0x00, 0x00, 0x01, 0x20, 0x00, 0x00, 0x00, 
  0x24, 0x00, 0x00, 0x00, 0x01, 0x00, 0x00, 0x00, 0x50, 0xff, 0xff, 0xff, 
  0x00, 0x00, 0x00, 0x01, 0x01, 0x00, 0x00, 0x00, 0x01, 0x00, 0x00, 0x00, 
  0x00, 0x00, 0x00, 0x01, 0x01, 0x00, 0x00, 0x00, 0x11, 0x00, 0x00, 0x00, 
  0x03, 0x00, 0x00, 0x00, 0x10, 0x00, 0x00, 0x00, 0x0a, 0x00, 0x00, 0x00, 
  0x09, 0x00, 0x00, 0x00, 0x42, 0xff, 0xff, 0xff, 0x10, 0x00, 0x00, 0x00, 
  0x00, 0x00, 0x00, 0x34, 0x0c, 0x00, 0x00, 0x00, 0x10, 0x00, 0x00, 0x00, 
  0x84, 0xe4, 0xff, 0xff, 0x01, 0x00, 0x00, 0x00, 0x10, 0x00, 0x00, 0x00, 
  0x02, 0x00, 0x00, 0x00, 0x0f, 0x00, 0x00, 0x00, 0x01, 0x00, 0x00, 0x00, 
  0x00, 0x00, 0x0a, 0x00, 0x10, 0x00, 0x0c, 0x00, 0x08, 0x00, 0x04, 0x00, 
  0x0a, 0x00, 0x00, 0x00, 0x0c, 0x00, 0x00, 0x00, 0x10, 0x00, 0x00, 0x00, 
  0x02, 0x00, 0x00, 0x00, 0x01, 0x00, 0x00, 0x00, 0x0f, 0x00, 0x00, 0x00, 
  0x02, 0x00, 0x00, 0x00, 0x0e, 0x00, 0x00, 0x00, 0x02, 0x00, 0x00, 0x00, 
  0x00, 0x00, 0x0e, 0x00, 0x18, 0x00, 0x14, 0x00, 0x10, 0x00, 0x0c, 0x00, 
  0x0b, 0x00, 0x04, 0x00, 0x0e, 0x00, 0x00, 0x00, 0x20, 0x00, 0x00, 0x00, 
  0x00, 0x00, 0x00, 0x01, 0x2c, 0x00, 0x00, 0x00, 0x30, 0x00, 0x00, 0x00, 
  0x01, 0x00, 0x00, 0x00, 0x0c, 0x00, 0x14, 0x00, 0x13, 0x00, 0x0c, 0x00, 
  0x08, 0x00, 0x07, 0x00, 0x0c, 0x00, 0x00, 0x00, 0x00, 0x00, 0x00, 0x01, 
  0x01, 0x00, 0x00, 0x00, 0x01, 0x00, 0x00, 0x00, 0x00, 0x00, 0x00, 0x01, 
  0x01, 0x00, 0x00, 0x00, 0x0e, 0x00, 0x00, 0x00, 0x03, 0x00, 0x00, 0x00, 
  0x0d, 0x00, 0x00, 0x00, 0x0c, 0x00, 0x00, 0x00, 0x0b, 0x00, 0x00, 0x00, 
  0x00, 0x00, 0x0e, 0x00, 0x14, 0x00, 0x00, 0x00, 0x10, 0x00, 0x0c, 0x00, 
  0x0b, 0x00, 0x04, 0x00, 0x0e, 0x00, 0x00, 0x00, 0x10, 0x00, 0x00, 0x00, 
  0x00, 0x00, 0x00, 0x34, 0x0c, 0x00, 0x00, 0x00, 0x10, 0x00, 0x00, 0x00, 
  0x50, 0xe5, 0xff, 0xff, 0x01, 0x00, 0x00, 0x00, 0x0d, 0x00, 0x00, 0x00, 
  0x02, 0x00, 0x00, 0x00, 0x00, 0x00, 0x00, 0x00, 0x01, 0x00, 0x00, 0x00, 
  0x01, 0x00, 0x00, 0x00, 0x16, 0x00, 0x00, 0x00, 0x01, 0x00, 0x00, 0x00, 
  0x00, 0x00, 0x00, 0x00, 0x17, 0x00, 0x00, 0x00, 0xbc, 0x1a, 0x00, 0x00, 
  0x64, 0x1a, 0x00, 0x00, 0xec, 0x19, 0x00, 0x00, 0x8c, 0x19, 0x00, 0x00, 
  0x1c, 0x19, 0x00, 0x00, 0x90, 0x18, 0x00, 0x00, 0x04, 0x18, 0x00, 0x00, 
  0x00, 0x16, 0x00, 0x00, 0x14, 0x14, 0x00, 0x00, 0x18, 0x10, 0x00, 0x00, 
  0xa4, 0x0c, 0x00, 0x00, 0x28, 0x0a, 0x00, 0x00, 0x34, 0x08, 0x00, 0x00, 
  0x90, 0x07, 0x00, 0x00, 0x5c, 0x06, 0x00, 0x00, 0x5c, 0x05, 0x00, 0x00, 
  0xb4, 0x04, 0x00, 0x00, 0x80, 0x03, 0x00, 0x00, 0x80, 0x02, 0x00, 0x00, 
  0xe8, 0x01, 0x00, 0x00, 0x24, 0x01, 0x00, 0x00, 0x80, 0x00, 0x00, 0x00, 
  0x04, 0x00, 0x00, 0x00, 0xb6, 0xe5, 0xff, 0xff, 0x00, 0x00, 0x00, 0x01, 
  0x18, 0x00, 0x00, 0x00, 0x20, 0x00, 0x00, 0x00, 0x3c, 0x00, 0x00, 0x00, 
  0x17, 0x00, 0x00, 0x00, 0x00, 0x00, 0x00, 0x09, 0x50, 0x00, 0x00, 0x00, 
  0x02, 0x00, 0x00, 0x00, 0xff, 0xff, 0xff, 0xff, 0x03, 0x00, 0x00, 0x00, 
  0x9c, 0xe5, 0xff, 0xff, 0x08, 0x00, 0x00, 0x00, 0x10, 0x00, 0x00, 0x00, 
  0x01, 0x00, 0x00, 0x00, 0x80, 0xff, 0xff, 0xff, 0xff, 0xff, 0xff, 0xff, 
  0x01, 0x00, 0x00, 0x00, 0x00, 0x00, 0x80, 0x3b, 0x1b, 0x00, 0x00, 0x00, 
  0x53, 0x74, 0x61, 0x74, 0x65, 0x66, 0x75, 0x6c, 0x50, 0x61, 0x72, 0x74, 
  0x69, 0x74, 0x69, 0x6f, 0x6e, 0x65, 0x64, 0x43, 0x61, 0x6c, 0x6c, 0x5f, 
  0x31, 0x3a, 0x30, 0x00, 0x02, 0x00, 0x00, 0x00, 0x01, 0x00, 0x00, 0x00, 
  0x03, 0x00, 0x00, 0x00, 0x2e, 0xe6, 0xff, 0xff, 0x00, 0x00, 0x00, 0x01, 
  0x18, 0x00, 0x00, 0x00, 0x20, 0x00, 0x00, 0x00, 0x3c, 0x00, 0x00, 0x00, 
  0x16, 0x00, 0x00, 0x00, 0x00, 0x00, 0x00, 0x09, 0x78, 0x00, 0x00, 0x00, 
  0x02, 0x00, 0x00, 0x00, 0xff, 0xff, 0xff, 0xff, 0x03, 0x00, 0x00, 0x00, 
  0x14, 0xe6, 0xff, 0xff, 0x08, 0x00, 0x00, 0x00, 0x10, 0x00, 0x00, 0x00, 
  0x01, 0x00, 0x00, 0x00, 0xf7, 0xff, 0xff, 0xff, 0xff, 0xff, 0xff, 0xff, 
  0x01, 0x00, 0x00, 0x00, 0x2b, 0xc7, 0xec, 0x3d, 0x42, 0x00, 0x00, 0x00, 
  0x73, 0x65, 0x71, 0x75, 0x65, 0x6e, 0x74, 0x69, 0x61, 0x6c, 0x5f, 0x36, 
  0x5f, 0x31, 0x2f, 0x64, 0x65, 0x6e, 0x73, 0x65, 0x5f, 0x31, 0x33, 0x5f, 
  0x31, 0x2f, 0x4d, 0x61, 0x74, 0x4d, 0x75, 0x6c, 0x3b, 0x73, 0x65, 0x71, 
  0x75, 0x65, 0x6e, 0x74, 0x69, 0x61, 0x6c, 0x5f, 0x36, 0x5f, 0x31, 0x2f, 
  0x64, 0x65, 0x6e, 0x73, 0x65, 0x5f, 0x31, 0x33, 0x5f, 0x31, 0x2f, 0x42, 
  0x69, 0x61, 0x73, 0x41, 0x64, 0x64, 0x00, 0x00, 0x02, 0x00, 0x00, 0x00, 
  0x01, 0x00, 0x00, 0x00, 0x03, 0x00, 0x00, 0x00, 0xce, 0xe6, 0xff, 0xff, 
  0x00, 0x00, 0x00, 0x01, 0x18, 0x00, 0x00, 0x00, 0x20, 0x00, 0x00, 0x00, 
  0x3c, 0x00, 0x00, 0x00, 0x15, 0x00, 0x00, 0x00, 0x00, 0x00, 0x00, 0x09, 
  0x98, 0x00, 0x00, 0x00, 0x02, 0x00, 0x00, 0x00, 0xff, 0xff, 0xff, 0xff, 
  0x20, 0x00, 0x00, 0x00, 0xb4, 0xe6, 0xff, 0xff, 0x08, 0x00, 0x00, 0x00, 
  0x10, 0x00, 0x00, 0x00, 0x01, 0x00, 0x00, 0x00, 0x80, 0xff, 0xff, 0xff, 
  0xff, 0xff, 0xff, 0xff, 0x01, 0x00, 0x00, 0x00, 0x0a, 0x07, 0x24, 0x3d, 
  0x61, 0x00, 0x00, 0x00, 0x73, 0x65, 0x71, 0x75, 0x65, 0x6e, 0x74, 0x69, 
  0x61, 0x6c, 0x5f, 0x36, 0x5f, 0x31, 0x2f, 0x64, 0x65, 0x6e, 0x73, 0x65, 
  0x5f, 0x31, 0x32, 0x5f, 0x31, 0x2f, 0x4d, 0x61, 0x74, 0x4d, 0x75, 0x6c, 
  0x3b, 0x73, 0x65, 0x71, 0x75, 0x65, 0x6e, 0x74, 0x69, 0x61, 0x6c, 0x5f, 
  0x36, 0x5f, 0x31, 0x2f, 0x64, 0x65, 0x6e, 0x73, 0x65, 0x5f, 0x31, 0x32, 
  0x5f, 0x31, 0x2f, 0x52, 0x65, 0x6c, 0x75, 0x3b, 0x73, 0x65, 0x71, 0x75, 
  0x65, 0x6e, 0x74, 0x69, 0x61, 0x6c, 0x5f, 0x36, 0x5f, 0x31, 0x2f, 0x64, 
  0x65, 0x6e, 0x73, 0x65, 0x5f, 0x31, 0x32, 0x5f, 0x31, 0x2f, 0x42, 0x69, 
  0x61, 0x73, 0x41, 0x64, 0x64, 0x00, 0x00, 0x00, 0x02, 0x00, 0x00, 0x00, 
  0x01, 0x00, 0x00, 0x00, 0x20, 0x00, 0x00, 0x00, 0x8e, 0xe7, 0xff, 0xff, 
  0x00, 0x00, 0x00, 0x01, 0x18, 0x00, 0x00, 0x00, 0x20, 0x00, 0x00, 0x00, 
  0x40, 0x00, 0x00, 0x00, 0x14, 0x00, 0x00, 0x00, 0x00, 0x00, 0x00, 0x09, 
  0x6c, 0x00, 0x00, 0x00, 0x02, 0x00, 0x00, 0x00, 0xff, 0xff, 0xff, 0xff, 
  0x40, 0x00, 0x00, 0x00, 0x74, 0xe7, 0xff, 0xff, 0x08, 0x00, 0x00, 0x00, 
  0x14, 0x00, 0x00, 0x00, 0x01, 0x00, 0x00, 0x00, 0x80, 0xff, 0xff, 0xff, 
  0xff, 0xff, 0xff, 0xff, 0x00, 0x00, 0x00, 0x00, 0x01, 0x00, 0x00, 0x00, 
  0xde, 0xe7, 0xc1, 0x3c, 0x30, 0x00, 0x00, 0x00, 0x73, 0x65, 0x71, 0x75, 
  0x65, 0x6e, 0x74, 0x69, 0x61, 0x6c, 0x5f, 0x36, 0x5f, 0x31, 0x2f, 0x67, 
  0x6c, 0x6f, 0x62, 0x61, 0x6c, 0x5f, 0x61, 0x76, 0x65, 0x72, 0x61, 0x67, 
  0x65, 0x5f, 0x70, 0x6f, 0x6f, 0x6c, 0x69, 0x6e, 0x67, 0x31, 0x64, 0x5f, 
  0x36, 0x5f, 0x31, 0x2f, 0x4d, 0x65, 0x61, 0x6e, 0x00, 0x00, 0x00, 0x00, 
  0x02, 0x00, 0x00, 0x00, 0x01, 0x00, 0x00, 0x00, 0x40, 0x00, 0x00, 0x00, 
  0x22, 0xe8, 0xff, 0xff, 0x00, 0x00, 0x00, 0x01, 0x18, 0x00, 0x00, 0x00, 
  0x24, 0x00, 0x00, 0x00, 0x40, 0x00, 0x00, 0x00, 0x13, 0x00, 0x00, 0x00, 
  0x00, 0x00, 0x00, 0x09, 0xd0, 0x00, 0x00, 0x00, 0x03, 0x00, 0x00, 0x00, 
  0xff, 0xff, 0xff, 0xff, 0x5e, 0x00, 0x00, 0x00, 0x40, 0x00, 0x00, 0x00, 
  0x0c, 0xe8, 0xff, 0xff, 0x08, 0x00, 0x00, 0x00, 0x10, 0x00, 0x00, 0x00, 
  0x01, 0x00, 0x00, 0x00, 0x80, 0xff, 0xff, 0xff, 0xff, 0xff, 0xff, 0xff, 
  0x01, 0x00, 0x00, 0x00, 0xdf, 0x6d, 0xf4, 0x3c, 0x94, 0x00, 0x00, 0x00, 
  0x73, 0x65, 0x71, 0x75, 0x65, 0x6e, 0x74, 0x69, 0x61, 0x6c, 0x5f, 0x36, 
  0x5f, 0x31, 0x2f, 0x63, 0x6f, 0x6e, 0x76, 0x31, 0x64, 0x5f, 0x31, 0x33, 
  0x5f, 0x31, 0x2f, 0x52, 0x65, 0x6c, 0x75, 0x3b, 0x73, 0x65, 0x71, 0x75, 
  0x65, 0x6e, 0x74, 0x69, 0x61, 0x6c, 0x5f, 0x36, 0x5f, 0x31, 0x2f, 0x63, 
  0x6f, 0x6e, 0x76, 0x31, 0x64, 0x5f, 0x31, 0x33, 0x5f, 0x31, 0x2f, 0x42, 
  0x69, 0x61, 0x73, 0x41, 0x64, 0x64, 0x3b, 0x73, 0x65, 0x71, 0x75, 0x65, 
  0x6e, 0x74, 0x69, 0x61, 0x6c, 0x5f, 0x36, 0x5f, 0x31, 0x2f, 0x63, 0x6f, 
  0x6e, 0x76, 0x31, 0x64, 0x5f, 0x31, 0x33, 0x5f, 0x31, 0x2f, 0x63, 0x6f, 
  0x6e, 0x76, 0x6f, 0x6c, 0x75, 0x74, 0x69, 0x6f, 0x6e, 0x2f, 0x53, 0x71, 
  0x75, 0x65, 0x65, 0x7a, 0x65, 0x3b, 0x73, 0x65, 0x71, 0x75, 0x65, 0x6e, 
  0x74, 0x69, 0x61, 0x6c, 0x5f, 0x36, 0x5f, 0x31, 0x2f, 0x63, 0x6f, 0x6e, 
  0x76, 0x31, 0x64, 0x5f, 0x31, 0x33, 0x5f, 0x31, 0x2f, 0x53, 0x71, 0x75, 
  0x65, 0x65, 0x7a, 0x65, 0x00, 0x00, 0x00, 0x00, 0x03, 0x00, 0x00, 0x00, 
  0x01, 0x00, 0x00, 0x00, 0x5e, 0x00, 0x00, 0x00, 0x40, 0x00, 0x00, 0x00, 
  0x1e, 0xe9, 0xff, 0xff, 0x00, 0x00, 0x00, 0x01, 0x18, 0x00, 0x00, 0x00, 
  0x28, 0x00, 0x00, 0x00, 0x48, 0x00, 0x00, 0x00, 0x12, 0x00, 0x00, 0x00, 
  0x00, 0x00, 0x00, 0x09, 0x00, 0x01, 0x00, 0x00, 0x04, 0x00, 0x00, 0x00, 
  0xff, 0xff, 0xff, 0xff, 0x01, 0x00, 0x00, 0x00, 0x5e, 0x00, 0x00, 0x00, 
  0x40, 0x00, 0x00, 0x00, 0x0c, 0xe9, 0xff, 0xff, 0x08, 0x00, 0x00, 0x00, 
  0x14, 0x00, 0x00, 0x00, 0x01, 0x00, 0x00, 0x00, 0x80, 0xff, 0xff, 0xff, 
  0xff, 0xff, 0xff, 0xff, 0x00, 0x00, 0x00, 0x00, 0x01, 0x00, 0x00, 0x00, 
  0xdf, 0x6d, 0xf4, 0x3c, 0xbc, 0x00, 0x00, 0x00, 0x73, 0x65, 0x71, 0x75, 
  0x65, 0x6e, 0x74, 0x69, 0x61, 0x6c, 0x5f, 0x36, 0x5f, 0x31, 0x2f, 0x63, 
  0x6f, 0x6e, 0x76, 0x31, 0x64, 0x5f, 0x31, 0x33, 0x5f, 0x31, 0x2f, 0x52, 
  0x65, 0x6c, 0x75, 0x3b, 0x73, 0x65, 0x71, 0x75, 0x65, 0x6e, 0x74, 0x69, 
  0x61, 0x6c, 0x5f, 0x36, 0x5f, 0x31, 0x2f, 0x63, 0x6f, 0x6e, 0x76, 0x31, 
  0x64, 0x5f, 0x31, 0x33, 0x5f, 0x31, 0x2f, 0x42, 0x69, 0x61, 0x73, 0x41, 
  0x64, 0x64, 0x3b, 0x73, 0x65, 0x71, 0x75, 0x65, 0x6e, 0x74, 0x69, 0x61, 
  0x6c, 0x5f, 0x36, 0x5f, 0x31, 0x2f, 0x63, 0x6f, 0x6e, 0x76, 0x31, 0x64, 
  0x5f, 0x31, 0x33, 0x5f, 0x31, 0x2f, 0x63, 0x6f, 0x6e, 0x76, 0x6f, 0x6c, 
  0x75, 0x74, 0x69, 0x6f, 0x6e, 0x2f, 0x53, 0x71, 0x75, 0x65, 0x65, 0x7a, 
  0x65, 0x3b, 0x73, 0x65, 0x71, 0x75, 0x65, 0x6e, 0x74, 0x69, 0x61, 0x6c, 
  0x5f, 0x36, 0x5f, 0x31, 0x2f, 0x63, 0x6f, 0x6e, 0x76, 0x31, 0x64, 0x5f, 
  0x31, 0x33, 0x5f, 0x31, 0x2f, 0x53, 0x71, 0x75, 0x65, 0x65, 0x7a, 0x65, 
  0x3b, 0x73, 0x65, 0x71, 0x75, 0x65, 0x6e, 0x74, 0x69, 0x61, 0x6c, 0x5f, 
  0x36, 0x5f, 0x31, 0x2f, 0x63, 0x6f, 0x6e, 0x76, 0x31, 0x64, 0x5f, 0x31, 
  0x33, 0x5f, 0x31, 0x2f, 0x63, 0x6f, 0x6e, 0x76, 0x6f, 0x6c, 0x75, 0x74, 
  0x69, 0x6f, 0x6e, 0x31, 0x00, 0x00, 0x00, 0x00, 0x04, 0x00, 0x00, 0x00, 
  0x01, 0x00, 0x00, 0x00, 0x01, 0x00, 0x00, 0x00, 0x5e, 0x00, 0x00, 0x00, 
  0x40, 0x00, 0x00, 0x00, 0x4e, 0xea, 0xff, 0xff, 0x00, 0x00, 0x00, 0x01, 
  0x18, 0x00, 0x00, 0x00, 0x28, 0x00, 0x00, 0x00, 0x48, 0x00, 0x00, 0x00, 
  0x11, 0x00, 0x00, 0x00, 0x00, 0x00, 0x00, 0x09, 0x74, 0x00, 0x00, 0x00, 
  0x04, 0x00, 0x00, 0x00, 0xff, 0xff, 0xff, 0xff, 0x01, 0x00, 0x00, 0x00, 
  0x60, 0x00, 0x00, 0x00, 0x20, 0x00, 0x00, 0x00, 0x3c, 0xea, 0xff, 0xff, 
  0x08, 0x00, 0x00, 0x00, 0x14, 0x00, 0x00, 0x00, 0x01, 0x00, 0x00, 0x00, 
  0x80, 0xff, 0xff, 0xff, 0xff, 0xff, 0xff, 0xff, 0x00, 0x00, 0x00, 0x00, 
  0x01, 0x00, 0x00, 0x00, 0x8d, 0x59, 0x17, 0x3d, 0x31, 0x00, 0x00, 0x00, 
  0x73, 0x65, 0x71, 0x75, 0x65, 0x6e, 0x74, 0x69, 0x61, 0x6c, 0x5f, 0x36, 
  0x5f, 0x31, 0x2f, 0x63, 0x6f, 0x6e, 0x76, 0x31, 0x64, 0x5f, 0x31, 0x33, 
  0x5f, 0x31, 0x2f, 0x63, 0x6f, 0x6e, 0x76, 0x6f, 0x6c, 0x75, 0x74, 0x69, 
  0x6f, 0x6e, 0x2f, 0x45, 0x78, 0x70, 0x61, 0x6e, 0x64, 0x44, 0x69, 0x6d, 
  0x73, 0x00, 0x00, 0x00, 0x04, 0x00, 0x00, 0x00, 0x01, 0x00, 0x00, 0x00, 
  0x01, 0x00, 0x00, 0x00, 0x60, 0x00, 0x00, 0x00, 0x20, 0x00, 0x00, 0x00, 
  0xf2, 0xea, 0xff, 0xff, 0x00, 0x00, 0x00, 0x01, 0x18, 0x00, 0x00, 0x00, 
  0x24, 0x00, 0x00, 0x00, 0x40, 0x00, 0x00, 0x00, 0x10, 0x00, 0x00, 0x00, 
  0x00, 0x00, 0x00, 0x09, 0xd0, 0x00, 0x00, 0x00, 0x03, 0x00, 0x00, 0x00, 
  0xff, 0xff, 0xff, 0xff, 0x60, 0x00, 0x00, 0x00, 0x20, 0x00, 0x00, 0x00, 
  0xdc, 0xea, 0xff, 0xff, 0x08, 0x00, 0x00, 0x00, 0x10, 0x00, 0x00, 0x00, 
  0x01, 0x00, 0x00, 0x00, 0x80, 0xff, 0xff, 0xff, 0xff, 0xff, 0xff, 0xff, 
  0x01, 0x00, 0x00, 0x00, 0x8d, 0x59, 0x17, 0x3d, 0x94, 0x00, 0x00, 0x00, 
  0x73, 0x65, 0x71, 0x75, 0x65, 0x6e, 0x74, 0x69, 0x61, 0x6c, 0x5f, 0x36, 
  0x5f, 0x31, 0x2f, 0x63, 0x6f, 0x6e, 0x76, 0x31, 0x64, 0x5f, 0x31, 0x32, 
  0x5f, 0x31, 0x2f, 0x52, 0x65, 0x6c, 0x75, 0x3b, 0x73, 0x65, 0x71, 0x75, 
  0x65, 0x6e, 0x74, 0x69, 0x61, 0x6c, 0x5f, 0x36, 0x5f, 0x31, 0x2f, 0x63, 
  0x6f, 0x6e, 0x76, 0x31, 0x64, 0x5f, 0x31, 0x32, 0x5f, 0x31, 0x2f, 0x42, 
  0x69, 0x61, 0x73, 0x41, 0x64, 0x64, 0x3b, 0x73, 0x65, 0x71, 0x75, 0x65, 
  0x6e, 0x74, 0x69, 0x61, 0x6c, 0x5f, 0x36, 0x5f, 0x31, 0x2f, 0x63, 0x6f, 
  0x6e, 0x76, 0x31, 0x64, 0x5f, 0x31, 0x32, 0x5f, 0x31, 0x2f, 0x63, 0x6f, 
  0x6e, 0x76, 0x6f, 0x6c, 0x75, 0x74, 0x69, 0x6f, 0x6e, 0x2f, 0x53, 0x71, 
  0x75, 0x65, 0x65, 0x7a, 0x65, 0x3b, 0x73, 0x65, 0x71, 0x75, 0x65, 0x6e, 
  0x74, 0x69, 0x61, 0x6c, 0x5f, 0x36, 0x5f, 0x31, 0x2f, 0x63, 0x6f, 0x6e, 
  0x76, 0x31, 0x64, 0x5f, 0x31, 0x32, 0x5f, 0x31, 0x2f, 0x53, 0x71, 0x75, 
  0x65, 0x65, 0x7a, 0x65, 0x00, 0x00, 0x00, 0x00, 0x03, 0x00, 0x00, 0x00, 
  0x01, 0x00, 0x00, 0x00, 0x60, 0x00, 0x00, 0x00, 0x20, 0x00, 0x00, 0x00, 
  0xee, 0xeb, 0xff, 0xff, 0x00, 0x00, 0x00, 0x01, 0x18, 0x00, 0x00, 0x00, 
  0x28, 0x00, 0x00, 0x00, 0x48, 0x00, 0x00, 0x00, 0x0f, 0x00, 0x00, 0x00, 
  0x00, 0x00, 0x00, 0x09, 0x00, 0x01, 0x00, 0x00, 0x04, 0x00, 0x00, 0x00, 
  0xff, 0xff, 0xff, 0xff, 0x01, 0x00, 0x00, 0x00, 0x60, 0x00, 0x00, 0x00, 
  0x20, 0x00, 0x00, 0x00, 0xdc, 0xeb, 0xff, 0xff, 0x08, 0x00, 0x00, 0x00, 
  0x14, 0x00, 0x00, 0x00, 0x01, 0x00, 0x00, 0x00, 0x80, 0xff, 0xff, 0xff, 
  0xff, 0xff, 0xff, 0xff, 0x00, 0x00, 0x00, 0x00, 0x01, 0x00, 0x00, 0x00, 
  0x8d, 0x59, 0x17, 0x3d, 0xbc, 0x00, 0x00, 0x00, 0x73, 0x65, 0x71, 0x75, 
  0x65, 0x6e, 0x74, 0x69, 0x61, 0x6c, 0x5f, 0x36, 0x5f, 0x31, 0x2f, 0x63, 
  0x6f, 0x6e, 0x76, 0x31, 0x64, 0x5f, 0x31, 0x32, 0x5f, 0x31, 0x2f, 0x52, 
  0x65, 0x6c, 0x75, 0x3b, 0x73, 0x65, 0x71, 0x75, 0x65, 0x6e, 0x74, 0x69, 
  0x61, 0x6c, 0x5f, 0x36, 0x5f, 0x31, 0x2f, 0x63, 0x6f, 0x6e, 0x76, 0x31, 
  0x64, 0x5f, 0x31, 0x32, 0x5f, 0x31, 0x2f, 0x42, 0x69, 0x61, 0x73, 0x41, 
  0x64, 0x64, 0x3b, 0x73, 0x65, 0x71, 0x75, 0x65, 0x6e, 0x74, 0x69, 0x61, 
  0x6c, 0x5f, 0x36, 0x5f, 0x31, 0x2f, 0x63, 0x6f, 0x6e, 0x76, 0x31, 0x64, 
  0x5f, 0x31, 0x32, 0x5f, 0x31, 0x2f, 0x63, 0x6f, 0x6e, 0x76, 0x6f, 0x6c, 
  0x75, 0x74, 0x69, 0x6f, 0x6e, 0x2f, 0x53, 0x71, 0x75, 0x65, 0x65, 0x7a, 
  0x65, 0x3b, 0x73, 0x65, 0x71, 0x75, 0x65, 0x6e, 0x74, 0x69, 0x61, 0x6c, 
  0x5f, 0x36, 0x5f, 0x31, 0x2f, 0x63, 0x6f, 0x6e, 0x76, 0x31, 0x64, 0x5f, 
  0x31, 0x32, 0x5f, 0x31, 0x2f, 0x53, 0x71, 0x75, 0x65, 0x65, 0x7a, 0x65, 
  0x3b, 0x73, 0x65, 0x71, 0x75, 0x65, 0x6e, 0x74, 0x69, 0x61, 0x6c, 0x5f, 
  0x36, 0x5f, 0x31, 0x2f, 0x63, 0x6f, 0x6e, 0x76, 0x31, 0x64, 0x5f, 0x31, 
  0x32, 0x5f, 0x31, 0x2f, 0x63, 0x6f, 0x6e, 0x76, 0x6f, 0x6c, 0x75, 0x74, 
  0x69, 0x6f, 0x6e, 0x31, 0x00, 0x00, 0x00, 0x00, 0x04, 0x00, 0x00, 0x00, 
  0x01, 0x00, 0x00, 0x00, 0x01, 0x00, 0x00, 0x00, 0x60, 0x00, 0x00, 0x00, 
  0x20, 0x00, 0x00, 0x00, 0x1e, 0xed, 0xff, 0xff, 0x00, 0x00, 0x00, 0x01, 
  0x18, 0x00, 0x00, 0x00, 0x28, 0x00, 0x00, 0x00, 0x44, 0x00, 0x00, 0x00, 
  0x0e, 0x00, 0x00, 0x00, 0x00, 0x00, 0x00, 0x09, 0x70, 0x00, 0x00, 0x00, 
  0x04, 0x00, 0x00, 0x00, 0xff, 0xff, 0xff, 0xff, 0x01, 0x00, 0x00, 0x00, 
  0x64, 0x00, 0x00, 0x00, 0x0c, 0x00, 0x00, 0x00, 0x0c, 0xed, 0xff, 0xff, 
  0x08, 0x00, 0x00, 0x00, 0x10, 0x00, 0x00, 0x00, 0x01, 0x00, 0x00, 0x00, 
  0xfd, 0xff, 0xff, 0xff, 0xff, 0xff, 0xff, 0xff, 0x01, 0x00, 0x00, 0x00, 
  0x97, 0xdf, 0xbb, 0x3d, 0x31, 0x00, 0x00, 0x00, 0x73, 0x65, 0x71, 0x75, 
  0x65, 0x6e, 0x74, 0x69, 0x61, 0x6c, 0x5f, 0x36, 0x5f, 0x31, 0x2f, 0x63, 
  0x6f, 0x6e, 0x76, 0x31, 0x64, 0x5f, 0x31, 0x32, 0x5f, 0x31, 0x2f, 0x63, 
  0x6f, 0x6e, 0x76, 0x6f, 0x6c, 0x75, 0x74, 0x69, 0x6f, 0x6e, 0x2f, 0x45, 
  0x78, 0x70, 0x61, 0x6e, 0x64, 0x44, 0x69, 0x6d, 0x73, 0x00, 0x00, 0x00, 
  0x04, 0x00, 0x00, 0x00, 0x01, 0x00, 0x00, 0x00, 0x01, 0x00, 0x00, 0x00, 
  0x64, 0x00, 0x00, 0x00, 0x0c, 0x00, 0x00, 0x00, 0x12, 0xee, 0xff, 0xff, 
  0x00, 0x00, 0x00, 0x01, 0x14, 0x00, 0x00, 0x00, 0xa4, 0x01, 0x00, 0x00, 
  0x0d, 0x00, 0x00, 0x00, 0x00, 0x00, 0x00, 0x09, 0xc4, 0x01, 0x00, 0x00, 
  0x94, 0xed, 0xff, 0xff, 0x08, 0x00, 0x00, 0x00, 0x08, 0x01, 0x00, 0x00, 
  0x20, 0x00, 0x00, 0x00, 0x00, 0x00, 0x00, 0x00, 0x00, 0x00, 0x00, 0x00, 
  0x00, 0x00, 0x00, 0x00, 0x00, 0x00, 0x00, 0x00, 0x00, 0x00, 0x00, 0x00, 
  0x00, 0x00, 0x00, 0x00, 0x00, 0x00, 0x00, 0x00, 0x00, 0x00, 0x00, 0x00, 
  0x00, 0x00, 0x00, 0x00, 0x00, 0x00, 0x00, 0x00, 0x00, 0x00, 0x00, 0x00, 
  0x00, 0x00, 0x00, 0x00, 0x00, 0x00, 0x00, 0x00, 0x00, 0x00, 0x00, 0x00, 
  0x00, 0x00, 0x00, 0x00, 0x00, 0x00, 0x00, 0x00, 0x00, 0x00, 0x00, 0x00, 
  0x00, 0x00, 0x00, 0x00, 0x00, 0x00, 0x00, 0x00, 0x00, 0x00, 0x00, 0x00, 
  0x00, 0x00, 0x00, 0x00, 0x00, 0x00, 0x00, 0x00, 0x00, 0x00, 0x00, 0x00, 
  0x00, 0x00, 0x00, 0x00, 0x00, 0x00, 0x00, 0x00, 0x00, 0x00, 0x00, 0x00, 
  0x00, 0x00, 0x00, 0x00, 0x00, 0x00, 0x00, 0x00, 0x00, 0x00, 0x00, 0x00, 
  0x00, 0x00, 0x00, 0x00, 0x00, 0x00, 0x00, 0x00, 0x00, 0x00, 0x00, 0x00, 
  0x00, 0x00, 0x00, 0x00, 0x00, 0x00, 0x00, 0x00, 0x00, 0x00, 0x00, 0x00, 
  0x00, 0x00, 0x00, 0x00, 0x00, 0x00, 0x00, 0x00, 0x00, 0x00, 0x00, 0x00, 
  0x00, 0x00, 0x00, 0x00, 0x00, 0x00, 0x00, 0x00, 0x00, 0x00, 0x00, 0x00, 
  0x00, 0x00, 0x00, 0x00, 0x00, 0x00, 0x00, 0x00, 0x00, 0x00, 0x00, 0x00, 
  0x00, 0x00, 0x00, 0x00, 0x00, 0x00, 0x00, 0x00, 0x00, 0x00, 0x00, 0x00, 
  0x00, 0x00, 0x00, 0x00, 0x00, 0x00, 0x00, 0x00, 0x00, 0x00, 0x00, 0x00, 
  0x00, 0x00, 0x00, 0x00, 0x00, 0x00, 0x00, 0x00, 0x00, 0x00, 0x00, 0x00, 
  0x00, 0x00, 0x00, 0x00, 0x00, 0x00, 0x00, 0x00, 0x00, 0x00, 0x00, 0x00, 
  0x00, 0x00, 0x00, 0x00, 0x00, 0x00, 0x00, 0x00, 0x00, 0x00, 0x00, 0x00, 
  0x00, 0x00, 0x00, 0x00, 0x00, 0x00, 0x00, 0x00, 0x00, 0x00, 0x00, 0x00, 
  0x00, 0x00, 0x00, 0x00, 0x00, 0x00, 0x00, 0x00, 0x20, 0x00, 0x00, 0x00, 
  0x2b, 0xc4, 0xdc, 0x3a, 0xe8, 0x93, 0xd5, 0x3a, 0xc2, 0x0b, 0xcb, 0x3a, 
  0xc8, 0xef, 0xd9, 0x3a, 0xf3, 0xc2, 0xc7, 0x3a, 0xc4, 0x5c, 0xd9, 0x3a, 
  0x54, 0xef, 0xdc, 0x3a, 0xc7, 0x88, 0xe8, 0x3a, 0xdc, 0x45, 0xd6, 0x3a, 
  0x29, 0x8b, 0xdf, 0x3a, 0x2e, 0x24, 0xe6, 0x3a, 0x18, 0xd7, 0xce, 0x3a, 
  0x08, 0x09, 0xfc, 0x3a, 0x0b, 0x25, 0xe0, 0x3a, 0x92, 0x14, 0xcd, 0x3a, 
  0xb8, 0x5c, 0xfe, 0x3a, 0x13, 0xbf, 0xc2, 0x3a, 0x4d, 0x89, 0xf3, 0x3a, 
  0x23, 0xc6, 0xbd, 0x3a, 0x84, 0xb5, 0xe1, 0x3a, 0xbe, 0xc2, 0xcf, 0x3a, 
  0xe9, 0x06, 0xc8, 0x3a, 0xcf, 0x06, 0xc6, 0x3a, 0xac, 0x7c, 0xc2, 0x3a, 
  0xf0, 0x2a, 0xea, 0x3a, 0x46, 0x23, 0xcb, 0x3a, 0x8b, 0xd8, 0xc1, 0x3a, 
  0xa8, 0xc7, 0xbd, 0x3a, 0x38, 0xc8, 0xfe, 0x3a, 0xef, 0x2c, 0xc8, 0x3a, 
  0x23, 0xf3, 0xcb, 0x3a, 0xbf, 0x12, 0xe7, 0x3a, 0x26, 0x00, 0x00, 0x00, 
  0x73, 0x65, 0x71, 0x75, 0x65, 0x6e, 0x74, 0x69, 0x61, 0x6c, 0x5f, 0x36, 
  0x5f, 0x31, 0x2f, 0x63, 0x6f, 0x6e, 0x76, 0x31, 0x64, 0x5f, 0x31, 0x32, 
  0x5f, 0x31, 0x2f, 0x63, 0x6f, 0x6e, 0x76, 0x6f, 0x6c, 0x75, 0x74, 0x69, 
  0x6f, 0x6e, 0x00, 0x00, 0x04, 0x00, 0x00, 0x00, 0x20, 0x00, 0x00, 0x00, 
  0x01, 0x00, 0x00, 0x00, 0x05, 0x00, 0x00, 0x00, 0x0c, 0x00, 0x00, 0x00, 
  0x02, 0xf0, 0xff, 0xff, 0x00, 0x00, 0x00, 0x01, 0x14, 0x00, 0x00, 0x00, 
  0xa4, 0x01, 0x00, 0x00, 0x0c, 0x00, 0x00, 0x00, 0x00, 0x00, 0x00, 0x02, 
  0x58, 0x02, 0x00, 0x00, 0x84, 0xef, 0xff, 0xff, 0x08, 0x00, 0x00, 0x00, 
  0x08, 0x01, 0x00, 0x00, 0x20, 0x00, 0x00, 0x00, 0x00, 0x00, 0x00, 0x00, 
  0x00, 0x00, 0x00, 0x00, 0x00, 0x00, 0x00, 0x00, 0x00, 0x00, 0x00, 0x00, 
  0x00, 0x00, 0x00, 0x00, 0x00, 0x00, 0x00, 0x00, 0x00, 0x00, 0x00, 0x00, 
  0x00, 0x00, 0x00, 0x00, 0x00, 0x00, 0x00, 0x00, 0x00, 0x00, 0x00, 0x00, 
  0x00, 0x00, 0x00, 0x00, 0x00, 0x00, 0x00, 0x00, 0x00, 0x00, 0x00, 0x00, 
  0x00, 0x00, 0x00, 0x00, 0x00, 0x00, 0x00, 0x00, 0x00, 0x00, 0x00, 0x00, 
  0x00, 0x00, 0x00, 0x00, 0x00, 0x00, 0x00, 0x00, 0x00, 0x00, 0x00, 0x00, 
  0x00, 0x00, 0x00, 0x00, 0x00, 0x00, 0x00, 0x00, 0x00, 0x00, 0x00, 0x00, 
  0x00, 0x00, 0x00, 0x00, 0x00, 0x00, 0x00, 0x00, 0x00, 0x00, 0x00, 0x00, 
  0x00, 0x00, 0x00, 0x00, 0x00, 0x00, 0x00, 0x00, 0x00, 0x00, 0x00, 0x00, 
  0x00, 0x00, 0x00, 0x00, 0x00, 0x00, 0x00, 0x00, 0x00, 0x00, 0x00, 0x00, 
  0x00, 0x00, 0x00, 0x00, 0x00, 0x00, 0x00, 0x00, 0x00, 0x00, 0x00, 0x00, 
  0x00, 0x00, 0x00, 0x00, 0x00, 0x00, 0x00, 0x00, 0x00, 0x00, 0x00, 0x00, 
  0x00, 0x00, 0x00, 0x00, 0x00, 0x00, 0x00, 0x00, 0x00, 0x00, 0x00, 0x00, 
  0x00, 0x00, 0x00, 0x00, 0x00, 0x00, 0x00, 0x00, 0x00, 0x00, 0x00, 0x00, 
  0x00, 0x00, 0x00, 0x00, 0x00, 0x00, 0x00, 0x00, 0x00, 0x00, 0x00, 0x00, 
  0x00, 0x00, 0x00, 0x00, 0x00, 0x00, 0x00, 0x00, 0x00, 0x00, 0x00, 0x00, 
  0x00, 0x00, 0x00, 0x00, 0x00, 0x00, 0x00, 0x00, 0x00, 0x00, 0x00, 0x00, 
  0x00, 0x00, 0x00, 0x00, 0x00, 0x00, 0x00, 0x00, 0x00, 0x00, 0x00, 0x00, 
  0x00, 0x00, 0x00, 0x00, 0x00, 0x00, 0x00, 0x00, 0x00, 0x00, 0x00, 0x00, 
  0x00, 0x00, 0x00, 0x00, 0x00, 0x00, 0x00, 0x00, 0x00, 0x00, 0x00, 0x00, 
  0x00, 0x00, 0x00, 0x00, 0x00, 0x00, 0x00, 0x00, 0x00, 0x00, 0x00, 0x00, 
  0x20, 0x00, 0x00, 0x00, 0x1d, 0x04, 0x22, 0x39, 0x94, 0xbd, 0x1c, 0x39, 
  0xee, 0x02, 0x15, 0x39, 0x80, 0xf0, 0x1f, 0x39, 0xe0, 0x99, 0x12, 0x39, 
  0x9b, 0x84, 0x1f, 0x39, 0xc9, 0x23, 0x22, 0x39, 0x02, 0xa7, 0x2a, 0x39, 
  0x2d, 0x40, 0x1d, 0x39, 0xe5, 0x0d, 0x24, 0x39, 0x6f, 0xe5, 0x28, 0x39, 
  0xc6, 0xcb, 0x17, 0x39, 0xb9, 0xf6, 0x38, 0x39, 0xd4, 0x7e, 0x24, 0x39, 
  0x25, 0x81, 0x16, 0x39, 0xe3, 0xab, 0x3a, 0x39, 0xaa, 0xeb, 0x0e, 0x39, 
  0xff, 0xb9, 0x32, 0x39, 0x7b, 0x45, 0x0b, 0x39, 0xba, 0xa4, 0x25, 0x39, 
  0xb6, 0x78, 0x18, 0x39, 0xc0, 0xcb, 0x12, 0x39, 0xee, 0x53, 0x11, 0x39, 
  0xef, 0xba, 0x0e, 0x39, 0xe3, 0xd9, 0x2b, 0x39, 0x30, 0x14, 0x15, 0x39, 
  0x7c, 0x42, 0x0e, 0x39, 0x99, 0x46, 0x0b, 0x39, 0xc8, 0xfa, 0x3a, 0x39, 
  0xa8, 0xe7, 0x12, 0x39, 0xbc, 0xac, 0x15, 0x39, 0x83, 0x94, 0x29, 0x39, 
  0xbb, 0x00, 0x00, 0x00, 0x73, 0x65, 0x71, 0x75, 0x65, 0x6e, 0x74, 0x69, 
  0x61, 0x6c, 0x5f, 0x36, 0x5f, 0x31, 0x2f, 0x63, 0x6f, 0x6e, 0x76, 0x31, 
  0x64, 0x5f, 0x31, 0x32, 0x5f, 0x31, 0x2f, 0x52, 0x65, 0x6c, 0x75, 0x3b, 
  0x73, 0x65, 0x71, 0x75, 0x65, 0x6e, 0x74, 0x69, 0x61, 0x6c, 0x5f, 0x36, 
  0x5f, 0x31, 0x2f, 0x63, 0x6f, 0x6e, 0x76, 0x31, 0x64, 0x5f, 0x31, 0x32, 
  0x5f, 0x31, 0x2f, 0x42, 0x69, 0x61, 0x73, 0x41, 0x64, 0x64, 0x3b, 0x73, 
  0x65, 0x71, 0x75, 0x65, 0x6e, 0x74, 0x69, 0x61, 0x6c, 0x5f, 0x36, 0x5f, 
  0x31, 0x2f, 0x63, 0x6f, 0x6e, 0x76, 0x31, 0x64, 0x5f, 0x31, 0x32, 0x5f, 
  0x31, 0x2f, 0x63, 0x6f, 0x6e, 0x76, 0x6f, 0x6c, 0x75, 0x74, 0x69, 0x6f, 
  0x6e, 0x2f, 0x53, 0x71, 0x75, 0x65, 0x65, 0x7a, 0x65, 0x3b, 0x73, 0x65, 
  0x71, 0x75, 0x65, 0x6e, 0x74, 0x69, 0x61, 0x6c, 0x5f, 0x36, 0x5f, 0x31, 
  0x2f, 0x63, 0x6f, 0x6e, 0x76, 0x31, 0x64, 0x5f, 0x31, 0x32, 0x5f, 0x31, 
  0x2f, 0x53, 0x71, 0x75, 0x65, 0x65, 0x7a, 0x65, 0x3b, 0x73, 0x65, 0x71, 
  0x75, 0x65, 0x6e, 0x74, 0x69, 0x61, 0x6c, 0x5f, 0x36, 0x5f, 0x31, 0x2f, 
  0x63, 0x6f, 0x6e, 0x76, 0x31, 0x64, 0x5f, 0x31, 0x32, 0x5f, 0x31, 0x2f, 
  0x63, 0x6f, 0x6e, 0x76, 0x6f, 0x6c, 0x75, 0x74, 0x69, 0x6f, 0x6e, 0x00, 
  0x01, 0x00, 0x00, 0x00, 0x20, 0x00, 0x00, 0x00, 0x7a, 0xf2, 0xff, 0xff, 
  0x00, 0x00, 0x00, 0x01, 0x14, 0x00, 0x00, 0x00, 0x24, 0x03, 0x00, 0x00, 
  0x0b, 0x00, 0x00, 0x00, 0x00, 0x00, 0x00, 0x09, 0x44, 0x03, 0x00, 0x00, 
  0xfc, 0xf1, 0xff, 0xff, 0x08, 0x00, 0x00, 0x00, 0x08, 0x02, 0x00, 0x00, 
  0x40, 0x00, 0x00, 0x00, 0x00, 0x00, 0x00, 0x00, 0x00, 0x00, 0x00, 0x00, 
  0x00, 0x00, 0x00, 0x00, 0x00, 0x00, 0x00, 0x00, 0x00, 0x00, 0x00, 0x00, 
  0x00, 0x00, 0x00, 0x00, 0x00, 0x00, 0x00, 0x00, 0x00, 0x00, 0x00, 0x00, 
  0x00, 0x00, 0x00, 0x00, 0x00, 0x00, 0x00, 0x00, 0x00, 0x00, 0x00, 0x00, 
  0x00, 0x00, 0x00, 0x00, 0x00, 0x00, 0x00, 0x00, 0x00, 0x00, 0x00, 0x00, 
  0x00, 0x00, 0x00, 0x00, 0x00, 0x00, 0x00, 0x00, 0x00, 0x00, 0x00, 0x00, 
  0x00, 0x00, 0x00, 0x00, 0x00, 0x00, 0x00, 0x00, 0x00, 0x00, 0x00, 0x00, 
  0x00, 0x00, 0x00, 0x00, 0x00, 0x00, 0x00, 0x00, 0x00, 0x00, 0x00, 0x00, 
  0x00, 0x00, 0x00, 0x00, 0x00, 0x00, 0x00, 0x00, 0x00, 0x00, 0x00, 0x00, 
  0x00, 0x00, 0x00, 0x00, 0x00, 0x00, 0x00, 0x00, 0x00, 0x00, 0x00, 0x00, 
  0x00, 0x00, 0x00, 0x00, 0x00, 0x00, 0x00, 0x00, 0x00, 0x00, 0x00, 0x00, 
  0x00, 0x00, 0x00, 0x00, 0x00, 0x00, 0x00, 0x00, 0x00, 0x00, 0x00, 0x00, 
  0x00, 0x00, 0x00, 0x00, 0x00, 0x00, 0x00, 0x00, 0x00, 0x00, 0x00, 0x00, 
  0x00, 0x00, 0x00, 0x00, 0x00, 0x00, 0x00, 0x00, 0x00, 0x00, 0x00, 0x00, 
  0x00, 0x00, 0x00, 0x00, 0x00, 0x00, 0x00, 0x00, 0x00, 0x00, 0x00, 0x00, 
  0x00, 0x00, 0x00, 0x00, 0x00, 0x00, 0x00, 0x00, 0x00, 0x00, 0x00, 0x00, 
  0x00, 0x00, 0x00, 0x00, 0x00, 0x00, 0x00, 0x00, 0x00, 0x00, 0x00, 0x00, 
  0x00, 0x00, 0x00, 0x00, 0x00, 0x00, 0x00, 0x00, 0x00, 0x00, 0x00, 0x00, 
  0x00, 0x00, 0x00, 0x00, 0x00, 0x00, 0x00, 0x00, 0x00, 0x00, 0x00, 0x00, 
  0x00, 0x00, 0x00, 0x00, 0x00, 0x00, 0x00, 0x00, 0x00, 0x00, 0x00, 0x00, 
  0x00, 0x00, 0x00, 0x00, 0x00, 0x00, 0x00, 0x00, 0x00, 0x00, 0x00, 0x00, 
  0x00, 0x00, 0x00, 0x00, 0x00, 0x00, 0x00, 0x00, 0x00, 0x00, 0x00, 0x00, 
  0x00, 0x00, 0x00, 0x00, 0x00, 0x00, 0x00, 0x00, 0x00, 0x00, 0x00, 0x00, 
  0x00, 0x00, 0x00, 0x00, 0x00, 0x00, 0x00, 0x00, 0x00, 0x00, 0x00, 0x00, 
  0x00, 0x00, 0x00, 0x00, 0x00, 0x00, 0x00, 0x00, 0x00, 0x00, 0x00, 0x00, 
  0x00, 0x00, 0x00, 0x00, 0x00, 0x00, 0x00, 0x00, 0x00, 0x00, 0x00, 0x00, 
  0x00, 0x00, 0x00, 0x00, 0x00, 0x00, 0x00, 0x00, 0x00, 0x00, 0x00, 0x00, 
  0x00, 0x00, 0x00, 0x00, 0x00, 0x00, 0x00, 0x00, 0x00, 0x00, 0x00, 0x00, 
  0x00, 0x00, 0x00, 0x00, 0x00, 0x00, 0x00, 0x00, 0x00, 0x00, 0x00, 0x00, 
  0x00, 0x00, 0x00, 0x00, 0x00, 0x00, 0x00, 0x00, 0x00, 0x00, 0x00, 0x00, 
  0x00, 0x00, 0x00, 0x00, 0x00, 0x00, 0x00, 0x00, 0x00, 0x00, 0x00, 0x00, 
  0x00, 0x00, 0x00, 0x00, 0x00, 0x00, 0x00, 0x00, 0x00, 0x00, 0x00, 0x00, 
  0x00, 0x00, 0x00, 0x00, 0x00, 0x00, 0x00, 0x00, 0x00, 0x00, 0x00, 0x00, 
  0x00, 0x00, 0x00, 0x00, 0x00, 0x00, 0x00, 0x00, 0x00, 0x00, 0x00, 0x00, 
  0x00, 0x00, 0x00, 0x00, 0x00, 0x00, 0x00, 0x00, 0x00, 0x00, 0x00, 0x00, 
  0x00, 0x00, 0x00, 0x00, 0x00, 0x00, 0x00, 0x00, 0x00, 0x00, 0x00, 0x00, 
  0x00, 0x00, 0x00, 0x00, 0x00, 0x00, 0x00, 0x00, 0x00, 0x00, 0x00, 0x00, 
  0x00, 0x00, 0x00, 0x00, 0x00, 0x00, 0x00, 0x00, 0x00, 0x00, 0x00, 0x00, 
  0x00, 0x00, 0x00, 0x00, 0x00, 0x00, 0x00, 0x00, 0x00, 0x00, 0x00, 0x00, 
  0x00, 0x00, 0x00, 0x00, 0x00, 0x00, 0x00, 0x00, 0x00, 0x00, 0x00, 0x00, 
  0x00, 0x00, 0x00, 0x00, 0x00, 0x00, 0x00, 0x00, 0x00, 0x00, 0x00, 0x00, 
  0x00, 0x00, 0x00, 0x00, 0x00, 0x00, 0x00, 0x00, 0x00, 0x00, 0x00, 0x00, 
  0x00, 0x00, 0x00, 0x00, 0x00, 0x00, 0x00, 0x00, 0x00, 0x00, 0x00, 0x00, 
  0x40, 0x00, 0x00, 0x00, 0x8e, 0x00, 0xc0, 0x3a, 0x2f, 0x45, 0xa9, 0x3a, 
  0xd8, 0x60, 0xae, 0x3a, 0x23, 0x75, 0xba, 0x3a, 0x9b, 0x60, 0xa1, 0x3a, 
  0x57, 0x82, 0xb6, 0x3a, 0xd8, 0x59, 0xc7, 0x3a, 0x48, 0xd7, 0xbd, 0x3a, 
  0x9b, 0xb9, 0xa2, 0x3a, 0x79, 0x65, 0xed, 0x3a, 0x42, 0x20, 0xbb, 0x3a, 
  0x12, 0x02, 0xa0, 0x3a, 0xcd, 0x9c, 0xb1, 0x3a, 0xb4, 0x6b, 0xba, 0x3a, 
  0xd7, 0x1f, 0xbb, 0x3a, 0xd1, 0x5d, 0xa0, 0x3a, 0xed, 0xb0, 0xbc, 0x3a, 
  0xd0, 0xd4, 0xbb, 0x3a, 0x4d, 0x12, 0xbd, 0x3a, 0x3b, 0x0d, 0xca, 0x3a, 
  0x6d, 0x71, 0xbf, 0x3a, 0xb4, 0xa2, 0xa8, 0x3a, 0xdc, 0x94, 0xb8, 0x3a, 
  0x97, 0x58, 0xcc, 0x3a, 0x5c, 0xd8, 0xcc, 0x3a, 0xa6, 0x8b, 0x9b, 0x3a, 
  0xc9, 0xc8, 0xcc, 0x3a, 0xa8, 0x2a, 0xd1, 0x3a, 0x90, 0x62, 0x9a, 0x3a, 
  0xe5, 0xe0, 0x9c, 0x3a, 0x79, 0xce, 0xd1, 0x3a, 0xfc, 0x26, 0x9c, 0x3a, 
  0xe7, 0x14, 0xd2, 0x3a, 0xda, 0xf3, 0xa9, 0x3a, 0xb0, 0x8e, 0xc5, 0x3a, 
  0xf2, 0xde, 0x06, 0x3b, 0x5f, 0x0f, 0xa4, 0x3a, 0xb9, 0xd8, 0xb3, 0x3a, 
  0xe4, 0xf0, 0xaf, 0x3a, 0xfc, 0x74, 0xa3, 0x3a, 0xae, 0x69, 0xdf, 0x3a, 
  0x8d, 0x67, 0xb1, 0x3a, 0x07, 0x45, 0x00, 0x3b, 0xaf, 0x15, 0xc8, 0x3a, 
  0x7c, 0xb5, 0xbe, 0x3a, 0x6c, 0x67, 0xc6, 0x3a, 0xfc, 0xdb, 0xc7, 0x3a, 
  0x3b, 0x78, 0xb3, 0x3a, 0x3c, 0xf9, 0xc1, 0x3a, 0x05, 0xe6, 0xb0, 0x3a, 
  0x55, 0xc9, 0xaa, 0x3a, 0x73, 0x81, 0xc1, 0x3a, 0x01, 0xa0, 0xa0, 0x3a, 
  0x59, 0xbe, 0xcc, 0x3a, 0x01, 0xfc, 0xc5, 0x3a, 0x5c, 0x7d, 0xc3, 0x3a, 
  0x86, 0x96, 0xb4, 0x3a, 0x1f, 0x5e, 0xbc, 0x3a, 0xcf, 0x50, 0xa5, 0x3a, 
  0x28, 0x54, 0xb2, 0x3a, 0x67, 0x94, 0xaf, 0x3a, 0x09, 0xd0, 0xb3, 0x3a, 
  0x15, 0x25, 0xf0, 0x3a, 0x88, 0x55, 0xb6, 0x3a, 0x26, 0x00, 0x00, 0x00, 
  0x73, 0x65, 0x71, 0x75, 0x65, 0x6e, 0x74, 0x69, 0x61, 0x6c, 0x5f, 0x36, 
  0x5f, 0x31, 0x2f, 0x63, 0x6f, 0x6e, 0x76, 0x31, 0x64, 0x5f, 0x31, 0x33, 
  0x5f, 0x31, 0x2f, 0x63, 0x6f, 0x6e, 0x76, 0x6f, 0x6c, 0x75, 0x74, 0x69, 
  0x6f, 0x6e, 0x00, 0x00, 0x04, 0x00, 0x00, 0x00, 0x40, 0x00, 0x00, 0x00, 
  0x01, 0x00, 0x00, 0x00, 0x03, 0x00, 0x00, 0x00, 0x20, 0x00, 0x00, 0x00, 
  0xea, 0xf5, 0xff, 0xff, 0x00, 0x00, 0x00, 0x01, 0x14, 0x00, 0x00, 0x00, 
  0x24, 0x03, 0x00, 0x00, 0x0a, 0x00, 0x00, 0x00, 0x00, 0x00, 0x00, 0x02, 
  0xd8, 0x03, 0x00, 0x00, 0x6c, 0xf5, 0xff, 0xff, 0x08, 0x00, 0x00, 0x00, 
  0x08, 0x02, 0x00, 0x00, 0x40, 0x00, 0x00, 0x00, 0x00, 0x00, 0x00, 0x00, 
  0x00, 0x00, 0x00, 0x00, 0x00, 0x00, 0x00, 0x00, 0x00, 0x00, 0x00, 0x00, 
  0x00, 0x00, 0x00, 0x00, 0x00, 0x00, 0x00, 0x00, 0x00, 0x00, 0x00, 0x00, 
  0x00, 0x00, 0x00, 0x00, 0x00, 0x00, 0x00, 0x00, 0x00, 0x00, 0x00, 0x00, 
  0x00, 0x00, 0x00, 0x00, 0x00, 0x00, 0x00, 0x00, 0x00, 0x00, 0x00, 0x00, 
  0x00, 0x00, 0x00, 0x00, 0x00, 0x00, 0x00, 0x00, 0x00, 0x00, 0x00, 0x00, 
  0x00, 0x00, 0x00, 0x00, 0x00, 0x00, 0x00, 0x00, 0x00, 0x00, 0x00, 0x00, 
  0x00, 0x00, 0x00, 0x00, 0x00, 0x00, 0x00, 0x00, 0x00, 0x00, 0x00, 0x00, 
  0x00, 0x00, 0x00, 0x00, 0x00, 0x00, 0x00, 0x00, 0x00, 0x00, 0x00, 0x00, 
  0x00, 0x00, 0x00, 0x00, 0x00, 0x00, 0x00, 0x00, 0x00, 0x00, 0x00, 0x00, 
  0x00, 0x00, 0x00, 0x00, 0x00, 0x00, 0x00, 0x00, 0x00, 0x00, 0x00, 0x00, 
  0x00, 0x00, 0x00, 0x00, 0x00, 0x00, 0x00, 0x00, 0x00, 0x00, 0x00, 0x00, 
  0x00, 0x00, 0x00, 0x00, 0x00, 0x00, 0x00, 0x00, 0x00, 0x00, 0x00, 0x00, 
  0x00, 0x00, 0x00, 0x00, 0x00, 0x00, 0x00, 0x00, 0x00, 0x00, 0x00, 0x00, 
  0x00, 0x00, 0x00, 0x00, 0x00, 0x00, 0x00, 0x00, 0x00, 0x00, 0x00, 0x00, 
  0x00, 0x00, 0x00, 0x00, 0x00, 0x00, 0x00, 0x00, 0x00, 0x00, 0x00, 0x00, 
  0x00, 0x00, 0x00, 0x00, 0x00, 0x00, 0x00, 0x00, 0x00, 0x00, 0x00, 0x00, 
  0x00, 0x00, 0x00, 0x00, 0x00, 0x00, 0x00, 0x00, 0x00, 0x00, 0x00, 0x00, 
  0x00, 0x00, 0x00, 0x00, 0x00, 0x00, 0x00, 0x00, 0x00, 0x00, 0x00, 0x00, 
  0x00, 0x00, 0x00, 0x00, 0x00, 0x00, 0x00, 0x00, 0x00, 0x00, 0x00, 0x00, 
  0x00, 0x00, 0x00, 0x00, 0x00, 0x00, 0x00, 0x00, 0x00, 0x00, 0x00, 0x00, 
  0x00, 0x00, 0x00, 0x00, 0x00, 0x00, 0x00, 0x00, 0x00, 0x00, 0x00, 0x00, 
  0x00, 0x00, 0x00, 0x00, 0x00, 0x00, 0x00, 0x00, 0x00, 0x00, 0x00, 0x00, 
  0x00, 0x00, 0x00, 0x00, 0x00, 0x00, 0x00, 0x00, 0x00, 0x00, 0x00, 0x00, 
  0x00, 0x00, 0x00, 0x00, 0x00, 0x00, 0x00, 0x00, 0x00, 0x00, 0x00, 0x00, 
  0x00, 0x00, 0x00, 0x00, 0x00, 0x00, 0x00, 0x00, 0x00, 0x00, 0x00, 0x00, 
  0x00, 0x00, 0x00, 0x00, 0x00, 0x00, 0x00, 0x00, 0x00, 0x00, 0x00, 0x00, 
  0x00, 0x00, 0x00, 0x00, 0x00, 0x00, 0x00, 0x00, 0x00, 0x00, 0x00, 0x00, 
  0x00, 0x00, 0x00, 0x00, 0x00, 0x00, 0x00, 0x00, 0x00, 0x00, 0x00, 0x00, 
  0x00, 0x00, 0x00, 0x00, 0x00, 0x00, 0x00, 0x00, 0x00, 0x00, 0x00, 0x00, 
  0x00, 0x00, 0x00, 0x00, 0x00, 0x00, 0x00, 0x00, 0x00, 0x00, 0x00, 0x00, 
  0x00, 0x00, 0x00, 0x00, 0x00, 0x00, 0x00, 0x00, 0x00, 0x00, 0x00, 0x00, 
  0x00, 0x00, 0x00, 0x00, 0x00, 0x00, 0x00, 0x00, 0x00, 0x00, 0x00, 0x00, 
  0x00, 0x00, 0x00, 0x00, 0x00, 0x00, 0x00, 0x00, 0x00, 0x00, 0x00, 0x00, 
  0x00, 0x00, 0x00, 0x00, 0x00, 0x00, 0x00, 0x00, 0x00, 0x00, 0x00, 0x00, 
  0x00, 0x00, 0x00, 0x00, 0x00, 0x00, 0x00, 0x00, 0x00, 0x00, 0x00, 0x00, 
  0x00, 0x00, 0x00, 0x00, 0x00, 0x00, 0x00, 0x00, 0x00, 0x00, 0x00, 0x00, 
  0x00, 0x00, 0x00, 0x00, 0x00, 0x00, 0x00, 0x00, 0x00, 0x00, 0x00, 0x00, 
  0x00, 0x00, 0x00, 0x00, 0x00, 0x00, 0x00, 0x00, 0x00, 0x00, 0x00, 0x00, 
  0x00, 0x00, 0x00, 0x00, 0x00, 0x00, 0x00, 0x00, 0x00, 0x00, 0x00, 0x00, 
  0x00, 0x00, 0x00, 0x00, 0x00, 0x00, 0x00, 0x00, 0x00, 0x00, 0x00, 0x00, 
  0x00, 0x00, 0x00, 0x00, 0x00, 0x00, 0x00, 0x00, 0x00, 0x00, 0x00, 0x00, 
  0x00, 0x00, 0x00, 0x00, 0x00, 0x00, 0x00, 0x00, 0x00, 0x00, 0x00, 0x00, 
  0x00, 0x00, 0x00, 0x00, 0x40, 0x00, 0x00, 0x00, 0xfb, 0x06, 0x63, 0x38, 
  0x0a, 0x26, 0x48, 0x38, 0x3e, 0x30, 0x4e, 0x38, 0xa2, 0x78, 0x5c, 0x38, 
  0xde, 0xd0, 0x3e, 0x38, 0x72, 0xcd, 0x57, 0x38, 0x75, 0xb7, 0x6b, 0x38, 
  0xc8, 0x78, 0x60, 0x38, 0xcd, 0x68, 0x40, 0x38, 0xe5, 0x59, 0x8c, 0x38, 
  0xf8, 0x42, 0x5d, 0x38, 0x63, 0x32, 0x3d, 0x38, 0x3d, 0x03, 0x52, 0x38, 
  0x7b, 0x6d, 0x5c, 0x38, 0x7a, 0x42, 0x5d, 0x38, 0xde, 0x9e, 0x3d, 0x38, 
  0xba, 0x1c, 0x5f, 0x38, 0x76, 0x18, 0x5e, 0x38, 0xde, 0x8f, 0x5f, 0x38, 
  0xf7, 0xe8, 0x6e, 0x38, 0xbe, 0x5d, 0x62, 0x38, 0xeb, 0x65, 0x47, 0x38, 
  0xbe, 0x40, 0x5a, 0x38, 0x79, 0x9f, 0x71, 0x38, 0x8d, 0x36, 0x72, 0x38, 
  0x90, 0xeb, 0x37, 0x38, 0x22, 0x24, 0x72, 0x38, 0xa8, 0x52, 0x77, 0x38, 
  0x48, 0x8c, 0x36, 0x38, 0x0f, 0x7f, 0x39, 0x38, 0x5b, 0x14, 0x78, 0x38, 
  0x3c, 0xa3, 0x38, 0x38, 0xa2, 0x67, 0x78, 0x38, 0x92, 0xf4, 0x48, 0x38, 
  0x8a, 0x98, 0x69, 0x38, 0x5d, 0x79, 0x9f, 0x38, 0xe9, 0xfc, 0x41, 0x38, 
  0x7d, 0xa7, 0x54, 0x38, 0x44, 0x09, 0x50, 0x38, 0x5d, 0x46, 0x41, 0x38, 
  0x7c, 0x15, 0x84, 0x38, 0x46, 0xc4, 0x51, 0x38, 0x2c, 0xab, 0x97, 0x38, 
  0x90, 0x95, 0x6c, 0x38, 0x85, 0x7f, 0x61, 0x38, 0xd0, 0x98, 0x6a, 0x38, 
  0x56, 0x51, 0x6c, 0x38, 0x65, 0x35, 0x54, 0x38, 0xba, 0x5b, 0x65, 0x38, 
  0x1d, 0x2b, 0x51, 0x38, 0xfe, 0xf0, 0x49, 0x38, 0x17, 0xce, 0x64, 0x38, 
  0x21, 0xed, 0x3d, 0x38, 0xcb, 0x17, 0x72, 0x38, 0xcc, 0x19, 0x6a, 0x38, 
  0xa7, 0x26, 0x67, 0x38, 0xea, 0x87, 0x55, 0x38, 0xd2, 0xba, 0x5e, 0x38, 
  0xfc, 0x78, 0x43, 0x38, 0x0a, 0xdc, 0x52, 0x38, 0xe8, 0x9b, 0x4f, 0x38, 
  0x37, 0x9d, 0x54, 0x38, 0xe1, 0xf9, 0x8d, 0x38, 0x77, 0x98, 0x57, 0x38, 
  0xbb, 0x00, 0x00, 0x00, 0x73, 0x65, 0x71, 0x75, 0x65, 0x6e, 0x74, 0x69, 
  0x61, 0x6c, 0x5f, 0x36, 0x5f, 0x31, 0x2f, 0x63, 0x6f, 0x6e, 0x76, 0x31, 
  0x64, 0x5f, 0x31, 0x33, 0x5f, 0x31, 0x2f, 0x52, 0x65, 0x6c, 0x75, 0x3b, 
  0x73, 0x65, 0x71, 0x75, 0x65, 0x6e, 0x74, 0x69, 0x61, 0x6c, 0x5f, 0x36, 
  0x5f, 0x31, 0x2f, 0x63, 0x6f, 0x6e, 0x76, 0x31, 0x64, 0x5f, 0x31, 0x33, 
  0x5f, 0x31, 0x2f, 0x42, 0x69, 0x61, 0x73, 0x41, 0x64, 0x64, 0x3b, 0x73, 
  0x65, 0x71, 0x75, 0x65, 0x6e, 0x74, 0x69, 0x61, 0x6c, 0x5f, 0x36, 0x5f, 
  0x31, 0x2f, 0x63, 0x6f, 0x6e, 0x76, 0x31, 0x64, 0x5f, 0x31, 0x33, 0x5f, 
  0x31, 0x2f, 0x63, 0x6f, 0x6e, 0x76, 0x6f, 0x6c, 0x75, 0x74, 0x69, 0x6f, 
  0x6e, 0x2f, 0x53, 0x71, 0x75, 0x65, 0x65, 0x7a, 0x65, 0x3b, 0x73, 0x65, 
  0x71, 0x75, 0x65, 0x6e, 0x74, 0x69, 0x61, 0x6c, 0x5f, 0x36, 0x5f, 0x31, 
  0x2f, 0x63, 0x6f, 0x6e, 0x76, 0x31, 0x64, 0x5f, 0x31, 0x33, 0x5f, 0x31, 
  0x2f, 0x53, 0x71, 0x75, 0x65, 0x65, 0x7a, 0x65, 0x3b, 0x73, 0x65, 0x71, 
  0x75, 0x65, 0x6e, 0x74, 0x69, 0x61, 0x6c, 0x5f, 0x36, 0x5f, 0x31, 0x2f, 
  0x63, 0x6f, 0x6e, 0x76, 0x31, 0x64, 0x5f, 0x31, 0x33, 0x5f, 0x31, 0x2f, 
  0x63, 0x6f, 0x6e, 0x76, 0x6f, 0x6c, 0x75, 0x74, 0x69, 0x6f, 0x6e, 0x00, 
  0x01, 0x00, 0x00, 0x00, 0x40, 0x00, 0x00, 0x00, 0xe2, 0xf9, 0xff, 0xff, 
  0x00, 0x00, 0x00, 0x01, 0x14, 0x00, 0x00, 0x00, 0xa8, 0x01, 0x00, 0x00, 
  0x09, 0x00, 0x00, 0x00, 0x00, 0x00, 0x00, 0x09, 0xc4, 0x01, 0x00, 0x00, 
  0x64, 0xf9, 0xff, 0xff, 0x08, 0x00, 0x00, 0x00, 0x0c, 0x01, 0x00, 0x00, 
  0x20, 0x00, 0x00, 0x00, 0x00, 0x00, 0x00, 0x00, 0x00, 0x00, 0x00, 0x00, 
  0x00, 0x00, 0x00, 0x00, 0x00, 0x00, 0x00, 0x00, 0x00, 0x00, 0x00, 0x00, 
  0x00, 0x00, 0x00, 0x00, 0x00, 0x00, 0x00, 0x00, 0x00, 0x00, 0x00, 0x00, 
  0x00, 0x00, 0x00, 0x00, 0x00, 0x00, 0x00, 0x00, 0x00, 0x00, 0x00, 0x00, 
  0x00, 0x00, 0x00, 0x00, 0x00, 0x00, 0x00, 0x00, 0x00, 0x00, 0x00, 0x00, 
  0x00, 0x00, 0x00, 0x00, 0x00, 0x00, 0x00, 0x00, 0x00, 0x00, 0x00, 0x00, 
  0x00, 0x00, 0x00, 0x00, 0x00, 0x00, 0x00, 0x00, 0x00, 0x00, 0x00, 0x00, 
  0x00, 0x00, 0x00, 0x00, 0x00, 0x00, 0x00, 0x00, 0x00, 0x00, 0x00, 0x00, 
  0x00, 0x00, 0x00, 0x00, 0x00, 0x00, 0x00, 0x00, 0x00, 0x00, 0x00, 0x00, 
  0x00, 0x00, 0x00, 0x00, 0x00, 0x00, 0x00, 0x00, 0x00, 0x00, 0x00, 0x00, 
  0x00, 0x00, 0x00, 0x00, 0x00, 0x00, 0x00, 0x00, 0x00, 0x00, 0x00, 0x00, 
  0x00, 0x00, 0x00, 0x00, 0x00, 0x00, 0x00, 0x00, 0x00, 0x00, 0x00, 0x00, 
  0x00, 0x00, 0x00, 0x00, 0x00, 0x00, 0x00, 0x00, 0x00, 0x00, 0x00, 0x00, 
  0x00, 0x00, 0x00, 0x00, 0x00, 0x00, 0x00, 0x00, 0x00, 0x00, 0x00, 0x00, 
  0x00, 0x00, 0x00, 0x00, 0x00, 0x00, 0x00, 0x00, 0x00, 0x00, 0x00, 0x00, 
  0x00, 0x00, 0x00, 0x00, 0x00, 0x00, 0x00, 0x00, 0x00, 0x00, 0x00, 0x00, 
  0x00, 0x00, 0x00, 0x00, 0x00, 0x00, 0x00, 0x00, 0x00, 0x00, 0x00, 0x00, 
  0x00, 0x00, 0x00, 0x00, 0x00, 0x00, 0x00, 0x00, 0x00, 0x00, 0x00, 0x00, 
  0x00, 0x00, 0x00, 0x00, 0x00, 0x00, 0x00, 0x00, 0x00, 0x00, 0x00, 0x00, 
  0x00, 0x00, 0x00, 0x00, 0x00, 0x00, 0x00, 0x00, 0x00, 0x00, 0x00, 0x00, 
  0x00, 0x00, 0x00, 0x00, 0x00, 0x00, 0x00, 0x00, 0x00, 0x00, 0x00, 0x00, 
  0x00, 0x00, 0x00, 0x00, 0x00, 0x00, 0x00, 0x00, 0x00, 0x00, 0x00, 0x00, 
  0x20, 0x00, 0x00, 0x00, 0xbe, 0x92, 0x1b, 0x3b, 0x1a, 0x75, 0x39, 0x3b, 
  0x6c, 0xa2, 0x06, 0x3b, 0x9d, 0xcd, 0x14, 0x3b, 0x3c, 0x1d, 0x2e, 0x3b, 
  0x50, 0xb0, 0x0d, 0x3b, 0x57, 0xec, 0x26, 0x3b, 0x94, 0x51, 0x1c, 0x3b, 
  0x2c, 0x11, 0x26, 0x3b, 0x50, 0x20, 0x1e, 0x3b, 0x79, 0x72, 0x09, 0x3b, 
  0x61, 0x38, 0x1a, 0x3b, 0xcf, 0xd5, 0x0c, 0x3b, 0x54, 0x7c, 0x0b, 0x3b, 
  0xba, 0xe2, 0x14, 0x3b, 0x55, 0x80, 0x26, 0x3b, 0x65, 0xd0, 0x23, 0x3b, 
  0x38, 0x89, 0x0a, 0x3b, 0xcf, 0xb2, 0x16, 0x3b, 0x90, 0x9c, 0x17, 0x3b, 
  0x15, 0x22, 0x1c, 0x3b, 0x1f, 0xf1, 0x1b, 0x3b, 0x72, 0x56, 0x09, 0x3b, 
  0x77, 0xca, 0x00, 0x3b, 0x5f, 0xf5, 0x29, 0x3b, 0xaa, 0xb8, 0x05, 0x3b, 
  0xab, 0x59, 0x1a, 0x3b, 0x60, 0x4c, 0x1f, 0x3b, 0xb2, 0x22, 0x0d, 0x3b, 
  0xd4, 0x79, 0x2a, 0x3b, 0x11, 0x47, 0x0e, 0x3b, 0xd2, 0x61, 0xfe, 0x3a, 
  0x20, 0x00, 0x00, 0x00, 0x73, 0x65, 0x71, 0x75, 0x65, 0x6e, 0x74, 0x69, 
  0x61, 0x6c, 0x5f, 0x36, 0x5f, 0x31, 0x2f, 0x64, 0x65, 0x6e, 0x73, 0x65, 
  0x5f, 0x31, 0x32, 0x5f, 0x31, 0x2f, 0x4d, 0x61, 0x74, 0x4d, 0x75, 0x6c, 
  0x00, 0x00, 0x00, 0x00, 0x02, 0x00, 0x00, 0x00, 0x20, 0x00, 0x00, 0x00, 
  0x40, 0x00, 0x00, 0x00, 0xca, 0xfb, 0xff, 0xff, 0x00, 0x00, 0x00, 0x01, 
  0x14, 0x00, 0x00, 0x00, 0xa4, 0x01, 0x00, 0x00, 0x08, 0x00, 0x00, 0x00, 
  0x00, 0x00, 0x00, 0x02, 0xe0, 0x01, 0x00, 0x00, 0x4c, 0xfb, 0xff, 0xff, 
  0x08, 0x00, 0x00, 0x00, 0x08, 0x01, 0x00, 0x00, 0x20, 0x00, 0x00, 0x00, 
  0x00, 0x00, 0x00, 0x00, 0x00, 0x00, 0x00, 0x00, 0x00, 0x00, 0x00, 0x00, 
  0x00, 0x00, 0x00, 0x00, 0x00, 0x00, 0x00, 0x00, 0x00, 0x00, 0x00, 0x00, 
  0x00, 0x00, 0x00, 0x00, 0x00, 0x00, 0x00, 0x00, 0x00, 0x00, 0x00, 0x00, 
  0x00, 0x00, 0x00, 0x00, 0x00, 0x00, 0x00, 0x00, 0x00, 0x00, 0x00, 0x00, 
  0x00, 0x00, 0x00, 0x00, 0x00, 0x00, 0x00, 0x00, 0x00, 0x00, 0x00, 0x00, 
  0x00, 0x00, 0x00, 0x00, 0x00, 0x00, 0x00, 0x00, 0x00, 0x00, 0x00, 0x00, 
  0x00, 0x00, 0x00, 0x00, 0x00, 0x00, 0x00, 0x00, 0x00, 0x00, 0x00, 0x00, 
  0x00, 0x00, 0x00, 0x00, 0x00, 0x00, 0x00, 0x00, 0x00, 0x00, 0x00, 0x00, 
  0x00, 0x00, 0x00, 0x00, 0x00, 0x00, 0x00, 0x00, 0x00, 0x00, 0x00, 0x00, 
  0x00, 0x00, 0x00, 0x00, 0x00, 0x00, 0x00, 0x00, 0x00, 0x00, 0x00, 0x00, 
  0x00, 0x00, 0x00, 0x00, 0x00, 0x00, 0x00, 0x00, 0x00, 0x00, 0x00, 0x00, 
  0x00, 0x00, 0x00, 0x00, 0x00, 0x00, 0x00, 0x00, 0x00, 0x00, 0x00, 0x00, 
  0x00, 0x00, 0x00, 0x00, 0x00, 0x00, 0x00, 0x00, 0x00, 0x00, 0x00, 0x00, 
  0x00, 0x00, 0x00, 0x00, 0x00, 0x00, 0x00, 0x00, 0x00, 0x00, 0x00, 0x00, 
  0x00, 0x00, 0x00, 0x00, 0x00, 0x00, 0x00, 0x00, 0x00, 0x00, 0x00, 0x00, 
  0x00, 0x00, 0x00, 0x00, 0x00, 0x00, 0x00, 0x00, 0x00, 0x00, 0x00, 0x00, 
  0x00, 0x00, 0x00, 0x00, 0x00, 0x00, 0x00, 0x00, 0x00, 0x00, 0x00, 0x00, 
  0x00, 0x00, 0x00, 0x00, 0x00, 0x00, 0x00, 0x00, 0x00, 0x00, 0x00, 0x00, 
  0x00, 0x00, 0x00, 0x00, 0x00, 0x00, 0x00, 0x00, 0x00, 0x00, 0x00, 0x00, 
  0x00, 0x00, 0x00, 0x00, 0x00, 0x00, 0x00, 0x00, 0x00, 0x00, 0x00, 0x00, 
  0x00, 0x00, 0x00, 0x00, 0x00, 0x00, 0x00, 0x00, 0x00, 0x00, 0x00, 0x00, 
  0x00, 0x00, 0x00, 0x00, 0x20, 0x00, 0x00, 0x00, 0x13, 0xad, 0x6b, 0x38, 
  0x42, 0x79, 0x8c, 0x38, 0xc9, 0xf4, 0x4b, 0x38, 0x94, 0x6b, 0x61, 0x38, 
  0xbe, 0xe1, 0x83, 0x38, 0x83, 0xa4, 0x56, 0x38, 0xbb, 0xde, 0x7c, 0x38, 
  0x2b, 0xce, 0x6c, 0x38, 0xb7, 0x92, 0x7b, 0x38, 0x29, 0x8b, 0x6f, 0x38, 
  0x95, 0x37, 0x50, 0x38, 0x5f, 0xa0, 0x69, 0x38, 0x80, 0x59, 0x55, 0x38, 
  0x23, 0x4e, 0x53, 0x38, 0x90, 0x8b, 0x61, 0x38, 0x1d, 0x3b, 0x7c, 0x38, 
  0xf6, 0x28, 0x78, 0x38, 0xda, 0xdd, 0x51, 0x38, 0x98, 0x4a, 0x64, 0x38, 
  0xb5, 0xac, 0x65, 0x38, 0x38, 0x86, 0x6c, 0x38, 0x0c, 0x3c, 0x6c, 0x38, 
  0x20, 0x0d, 0x50, 0x38, 0x94, 0x1a, 0x43, 0x38, 0xec, 0xbb, 0x80, 0x38, 
  0xac, 0x92, 0x4a, 0x38, 0xcd, 0xd2, 0x69, 0x38, 0xb9, 0x51, 0x71, 0x38, 
  0xfa, 0xcd, 0x55, 0x38, 0x41, 0x20, 0x81, 0x38, 0xe3, 0x88, 0x57, 0x38, 
  0x26, 0xae, 0x40, 0x38, 0x40, 0x00, 0x00, 0x00, 0x73, 0x65, 0x71, 0x75, 
  0x65, 0x6e, 0x74, 0x69, 0x61, 0x6c, 0x5f, 0x36, 0x5f, 0x31, 0x2f, 0x64, 
  0x65, 0x6e, 0x73, 0x65, 0x5f, 0x31, 0x32, 0x5f, 0x31, 0x2f, 0x52, 0x65, 
  0x6c, 0x75, 0x3b, 0x73, 0x65, 0x71, 0x75, 0x65, 0x6e, 0x74, 0x69, 0x61, 
  0x6c, 0x5f, 0x36, 0x5f, 0x31, 0x2f, 0x64, 0x65, 0x6e, 0x73, 0x65, 0x5f, 
  0x31, 0x32, 0x5f, 0x31, 0x2f, 0x42, 0x69, 0x61, 0x73, 0x41, 0x64, 0x64, 
  0x00, 0x00, 0x00, 0x00, 0x01, 0x00, 0x00, 0x00, 0x20, 0x00, 0x00, 0x00, 
  0xca, 0xfd, 0xff, 0xff, 0x00, 0x00, 0x00, 0x01, 0x14, 0x00, 0x00, 0x00, 
  0x48, 0x00, 0x00, 0x00, 0x07, 0x00, 0x00, 0x00, 0x00, 0x00, 0x00, 0x09, 
  0x64, 0x00, 0x00, 0x00, 0x4c, 0xfd, 0xff, 0xff, 0x08, 0x00, 0x00, 0x00, 
  0x20, 0x00, 0x00, 0x00, 0x03, 0x00, 0x00, 0x00, 0x00, 0x00, 0x00, 0x00, 
  0x00, 0x00, 0x00, 0x00, 0x00, 0x00, 0x00, 0x00, 0x00, 0x00, 0x00, 0x00, 
  0x00, 0x00, 0x00, 0x00, 0x00, 0x00, 0x00, 0x00, 0x03, 0x00, 0x00, 0x00, 
  0xf7, 0x95, 0x6f, 0x3b, 0xc2, 0xf9, 0x6b, 0x3b, 0xd3, 0xa5, 0x80, 0x3b, 
  0x20, 0x00, 0x00, 0x00, 0x73, 0x65, 0x71, 0x75, 0x65, 0x6e, 0x74, 0x69, 
  0x61, 0x6c, 0x5f, 0x36, 0x5f, 0x31, 0x2f, 0x64, 0x65, 0x6e, 0x73, 0x65, 
  0x5f, 0x31, 0x33, 0x5f, 0x31, 0x2f, 0x4d, 0x61, 0x74, 0x4d, 0x75, 0x6c, 
  0x00, 0x00, 0x00, 0x00, 0x02, 0x00, 0x00, 0x00, 0x03, 0x00, 0x00, 0x00, 
  0x20, 0x00, 0x00, 0x00, 0x52, 0xfe, 0xff, 0xff, 0x00, 0x00, 0x00, 0x01, 
  0x14, 0x00, 0x00, 0x00, 0x4c, 0x00, 0x00, 0x00, 0x06, 0x00, 0x00, 0x00, 
  0x00, 0x00, 0x00, 0x02, 0x68, 0x00, 0x00, 0x00, 0xd4, 0xfd, 0xff, 0xff, 
  0x08, 0x00, 0x00, 0x00, 0x24, 0x00, 0x00, 0x00, 0x03, 0x00, 0x00, 0x00, 
  0x00, 0x00, 0x00, 0x00, 0x00, 0x00, 0x00, 0x00, 0x00, 0x00, 0x00, 0x00, 
  0x00, 0x00, 0x00, 0x00, 0x00, 0x00, 0x00, 0x00, 0x00, 0x00, 0x00, 0x00, 
  0x00, 0x00, 0x00, 0x00, 0x03, 0x00, 0x00, 0x00, 0xa9, 0x82, 0x19, 0x39, 
  0x7d, 0x32, 0x17, 0x39, 0x89, 0xdb, 0x24, 0x39, 0x21, 0x00, 0x00, 0x00, 
  0x73, 0x65, 0x71, 0x75, 0x65, 0x6e, 0x74, 0x69, 0x61, 0x6c, 0x5f, 0x36, 
  0x5f, 0x31, 0x2f, 0x64, 0x65, 0x6e, 0x73, 0x65, 0x5f, 0x31, 0x33, 0x5f, 
  0x31, 0x2f, 0x42, 0x69, 0x61, 0x73, 0x41, 0x64, 0x64, 0x00, 0x00, 0x00, 
  0x01, 0x00, 0x00, 0x00, 0x03, 0x00, 0x00, 0x00, 0xda, 0xfe, 0xff, 0xff, 
  0x00, 0x00, 0x00, 0x01, 0x14, 0x00, 0x00, 0x00, 0x14, 0x00, 0x00, 0x00, 
  0x05, 0x00, 0x00, 0x00, 0x00, 0x00, 0x00, 0x02, 0x50, 0x00, 0x00, 0x00, 
  0xc4, 0xfe, 0xff, 0xff, 0x42, 0x00, 0x00, 0x00, 0x73, 0x65, 0x71, 0x75, 
  0x65, 0x6e, 0x74, 0x69, 0x61, 0x6c, 0x5f, 0x36, 0x5f, 0x31, 0x2f, 0x67, 
  0x6c, 0x6f, 0x62, 0x61, 0x6c, 0x5f, 0x61, 0x76, 0x65, 0x72, 0x61, 0x67, 
  0x65, 0x5f, 0x70, 0x6f, 0x6f, 0x6c, 0x69, 0x6e, 0x67, 0x31, 0x64, 0x5f, 
  0x36, 0x5f, 0x31, 0x2f, 0x4d, 0x65, 0x61, 0x6e, 0x2f, 0x72, 0x65, 0x64, 
  0x75, 0x63, 0x74, 0x69, 0x6f, 0x6e, 0x5f, 0x69, 0x6e, 0x64, 0x69, 0x63, 
  0x65, 0x73, 0x00, 0x00, 0x00, 0x00, 0x00, 0x00, 0x46, 0xff, 0xff, 0xff, 
  0x00, 0x00, 0x00, 0x01, 0x14, 0x00, 0x00, 0x00, 0x14, 0x00, 0x00, 0x00, 
  0x04, 0x00, 0x00, 0x00, 0x00, 0x00, 0x00, 0x02, 0x3c, 0x00, 0x00, 0x00, 
  0x30, 0xff, 0xff, 0xff, 0x2e, 0x00, 0x00, 0x00, 0x73, 0x65, 0x71, 0x75, 
  0x65, 0x6e, 0x74, 0x69, 0x61, 0x6c, 0x5f, 0x36, 0x5f, 0x31, 0x2f, 0x63, 
  0x6f, 0x6e, 0x76, 0x31, 0x64, 0x5f, 0x31, 0x33, 0x5f, 0x31, 0x2f, 0x63, 
  0x6f, 0x6e, 0x76, 0x6f, 0x6c, 0x75, 0x74, 0x69, 0x6f, 0x6e, 0x2f, 0x53, 
  0x71, 0x75, 0x65, 0x65, 0x7a, 0x65, 0x00, 0x00, 0x01, 0x00, 0x00, 0x00, 
  0x03, 0x00, 0x00, 0x00, 0xa2, 0xff, 0xff, 0xff, 0x00, 0x00, 0x00, 0x01, 
  0x14, 0x00, 0x00, 0x00, 0x14, 0x00, 0x00, 0x00, 0x03, 0x00, 0x00, 0x00, 
  0x00, 0x00, 0x00, 0x02, 0x3c, 0x00, 0x00, 0x00, 0x8c, 0xff, 0xff, 0xff, 
  0x2e, 0x00, 0x00, 0x00, 0x73, 0x65, 0x71, 0x75, 0x65, 0x6e, 0x74, 0x69, 
  0x61, 0x6c, 0x5f, 0x36, 0x5f, 0x31, 0x2f, 0x63, 0x6f, 0x6e, 0x76, 0x31, 
  0x64, 0x5f, 0x31, 0x32, 0x5f, 0x31, 0x2f, 0x63, 0x6f, 0x6e, 0x76, 0x6f, 
  0x6c, 0x75, 0x74, 0x69, 0x6f, 0x6e, 0x2f, 0x53, 0x71, 0x75, 0x65, 0x65, 
  0x7a, 0x65, 0x00, 0x00, 0x01, 0x00, 0x00, 0x00, 0x03, 0x00, 0x00, 0x00, 
  0x00, 0x00, 0x16, 0x00, 0x1c, 0x00, 0x18, 0x00, 0x17, 0x00, 0x10, 0x00, 
  0x0c, 0x00, 0x08, 0x00, 0x00, 0x00, 0x00, 0x00, 0x00, 0x00, 0x07, 0x00, 
  0x16, 0x00, 0x00, 0x00, 0x00, 0x00, 0x00, 0x01, 0x18, 0x00, 0x00, 0x00, 
  0x18, 0x00, 0x00, 0x00, 0x02, 0x00, 0x00, 0x00, 0x00, 0x00, 0x00, 0x02, 
  0x20, 0x00, 0x00, 0x00, 0x04, 0x00, 0x04, 0x00, 0x04, 0x00, 0x00, 0x00, 
  0x0e, 0x00, 0x00, 0x00, 0x61, 0x72, 0x69, 0x74, 0x68, 0x2e, 0x63, 0x6f, 
  0x6e, 0x73, 0x74, 0x61, 0x6e, 0x74, 0x00, 0x00, 0x00, 0x00, 0x00, 0x00, 
  0x00, 0x00, 0x16, 0x00, 0x20, 0x00, 0x1c, 0x00, 0x1b, 0x00, 0x14, 0x00, 
  0x10, 0x00, 0x0c, 0x00, 0x00, 0x00, 0x00, 0x00, 0x08, 0x00, 0x07, 0x00, 
  0x16, 0x00, 0x00, 0x00, 0x00, 0x00, 0x00, 0x01, 0x18, 0x00, 0x00, 0x00, 
  0x30, 0x00, 0x00, 0x00, 0x50, 0x00, 0x00, 0x00, 0x01, 0x00, 0x00, 0x00, 
  0x00, 0x00, 0x00, 0x09, 0x6c, 0x00, 0x00, 0x00, 0x03, 0x00, 0x00, 0x00, 
  0xff, 0xff, 0xff, 0xff, 0x64, 0x00, 0x00, 0x00, 0x0c, 0x00, 0x00, 0x00, 
  0x0c, 0x00, 0x0c, 0x00, 0x00, 0x00, 0x00, 0x00, 0x08, 0x00, 0x04, 0x00, 
  0x0c, 0x00, 0x00, 0x00, 0x08, 0x00, 0x00, 0x00, 0x14, 0x00, 0x00, 0x00, 
  0x01, 0x00, 0x00, 0x00, 0xfd, 0xff, 0xff, 0xff, 0xff, 0xff, 0xff, 0xff, 
  0x00, 0x00, 0x00, 0x00, 0x01, 0x00, 0x00, 0x00, 0x97, 0xdf, 0xbb, 0x3d, 
  0x21, 0x00, 0x00, 0x00, 0x73, 0x65, 0x72, 0x76, 0x69, 0x6e, 0x67, 0x5f, 
  0x64, 0x65, 0x66, 0x61, 0x75, 0x6c, 0x74, 0x5f, 0x6b, 0x65, 0x72, 0x61, 
  0x73, 0x5f, 0x74, 0x65, 0x6e, 0x73, 0x6f, 0x72, 0x5f, 0x34, 0x32, 0x3a, 
  0x30, 0x00, 0x00, 0x00, 0x03, 0x00, 0x00, 0x00, 0x01, 0x00, 0x00, 0x00, 
  0x64, 0x00, 0x00, 0x00, 0x0c, 0x00, 0x00, 0x00, 0x06, 0x00, 0x00, 0x00, 
  0x7c, 0x00, 0x00, 0x00, 0x5c, 0x00, 0x00, 0x00, 0x40, 0x00, 0x00, 0x00, 
  0x2c, 0x00, 0x00, 0x00, 0x18, 0x00, 0x00, 0x00, 0x04, 0x00, 0x00, 0x00, 
  0xc4, 0xff, 0xff, 0xff, 0x19, 0x00, 0x00, 0x00, 0x02, 0x00, 0x00, 0x00, 
  0x00, 0x00, 0x00, 0x19, 0xd4, 0xff, 0xff, 0xff, 0x09, 0x00, 0x00, 0x00, 
  0x04, 0x00, 0x00, 0x00, 0x00, 0x00, 0x00, 0x09, 0xe4, 0xff, 0xff, 0xff, 
  0x28, 0x00, 0x00, 0x00, 0x02, 0x00, 0x00, 0x00, 0x00, 0x00, 0x00, 0x28, 
  0xd8, 0xff, 0xff, 0xff, 0x16, 0x00, 0x00, 0x00, 0x00, 0x00, 0x00, 0x16, 
  0x0c, 0x00, 0x10, 0x00, 0x0f, 0x00, 0x00, 0x00, 0x08, 0x00, 0x04, 0x00, 
  0x0c, 0x00, 0x00, 0x00, 0x03, 0x00, 0x00, 0x00, 0x03, 0x00, 0x00, 0x00, 
  0x00, 0x00, 0x00, 0x03, 0x0c, 0x00, 0x0c, 0x00, 0x0b, 0x00, 0x00, 0x00, 
  0x00, 0x00, 0x04, 0x00, 0x0c, 0x00, 0x00, 0x00, 0x46, 0x00, 0x00, 0x00, 
  0x00, 0x00, 0x00, 0x46, 
};

#endif
