#ifndef MODEL_FINETUNED_H
#define MODEL_FINETUNED_H

const unsigned int model_finetuned_tflite_len = 22864;
alignas(8) const unsigned char model_finetuned_tflite[] = {
  0x20, 0x00, 0x00, 0x00, 0x54, 0x46, 0x4c, 0x33, 0x00, 0x00, 0x00, 0x00, 
  0x14, 0x00, 0x20, 0x00, 0x1c, 0x00, 0x18, 0x00, 0x14, 0x00, 0x10, 0x00, 
  0x0c, 0x00, 0x00, 0x00, 0x08, 0x00, 0x04, 0x00, 0x14, 0x00, 0x00, 0x00, 
  0x1c, 0x00, 0x00, 0x00, 0x90, 0x00, 0x00, 0x00, 0xe8, 0x00, 0x00, 0x00, 
  0xc4, 0x2d, 0x00, 0x00, 0xd4, 0x2d, 0x00, 0x00, 0x58, 0x58, 0x00, 0x00, 
  0x03, 0x00, 0x00, 0x00, 0x01, 0x00, 0x00, 0x00, 0x04, 0x00, 0x00, 0x00, 
  0xe6, 0xcf, 0xff, 0xff, 0x0c, 0x00, 0x00, 0x00, 0x1c, 0x00, 0x00, 0x00, 
  0x3c, 0x00, 0x00, 0x00, 0x0f, 0x00, 0x00, 0x00, 0x73, 0x65, 0x72, 0x76, 
  0x69, 0x6e, 0x67, 0x5f, 0x64, 0x65, 0x66, 0x61, 0x75, 0x6c, 0x74, 0x00, 
  0x01, 0x00, 0x00, 0x00, 0x04, 0x00, 0x00, 0x00, 0x8c, 0xff, 0xff, 0xff, 
  0x1e, 0x00, 0x00, 0x00, 0x04, 0x00, 0x00, 0x00, 0x08, 0x00, 0x00, 0x00, 
  0x6f, 0x75, 0x74, 0x70, 0x75, 0x74, 0x5f, 0x30, 0x00, 0x00, 0x00, 0x00, 
  0x01, 0x00, 0x00, 0x00, 0x04, 0x00, 0x00, 0x00, 0xfe, 0xd1, 0xff, 0xff, 
  0x04, 0x00, 0x00, 0x00, 0x11, 0x00, 0x00, 0x00, 0x6b, 0x65, 0x72, 0x61, 
  0x73, 0x5f, 0x74, 0x65, 0x6e, 0x73, 0x6f, 0x72, 0x5f, 0x31, 0x30, 0x38, 
  0x39, 0x00, 0x00, 0x00, 0x02, 0x00, 0x00, 0x00, 0x34, 0x00, 0x00, 0x00, 
  0x04, 0x00, 0x00, 0x00, 0xdc, 0xff, 0xff, 0xff, 0x21, 0x00, 0x00, 0x00, 
  0x04, 0x00, 0x00, 0x00, 0x13, 0x00, 0x00, 0x00, 0x43, 0x4f, 0x4e, 0x56, 
  0x45, 0x52, 0x53, 0x49, 0x4f, 0x4e, 0x5f, 0x4d, 0x45, 0x54, 0x41, 0x44, 
  0x41, 0x54, 0x41, 0x00, 0x08, 0x00, 0x0c, 0x00, 0x08, 0x00, 0x04, 0x00, 
  0x08, 0x00, 0x00, 0x00, 0x20, 0x00, 0x00, 0x00, 0x04, 0x00, 0x00, 0x00, 
  0x13, 0x00, 0x00, 0x00, 0x6d, 0x69, 0x6e, 0x5f, 0x72, 0x75, 0x6e, 0x74, 
  0x69, 0x6d, 0x65, 0x5f, 0x76, 0x65, 0x72, 0x73, 0x69, 0x6f, 0x6e, 0x00, 
  0x22, 0x00, 0x00, 0x00, 0xd8, 0x2c, 0x00, 0x00, 0xd0, 0x2c, 0x00, 0x00, 
  0xbc, 0x2c, 0x00, 0x00, 0xa0, 0x2c, 0x00, 0x00, 0x84, 0x2c, 0x00, 0x00, 
  0x70, 0x2c, 0x00, 0x00, 0x54, 0x2c, 0x00, 0x00, 0xe4, 0x2b, 0x00, 0x00, 
  0x54, 0x2b, 0x00, 0x00, 0x44, 0x23, 0x00, 0x00, 0xf4, 0x22, 0x00, 0x00, 
  0xa4, 0x22, 0x00, 0x00, 0x94, 0x21, 0x00, 0x00, 0x84, 0x09, 0x00, 0x00, 
  0x54, 0x09, 0x00, 0x00, 0x24, 0x09, 0x00, 0x00, 0x94, 0x08, 0x00, 0x00, 
  0x04, 0x01, 0x00, 0x00, 0xfc, 0x00, 0x00, 0x00, 0xf4, 0x00, 0x00, 0x00, 
  0xec, 0x00, 0x00, 0x00, 0xe4, 0x00, 0x00, 0x00, 0xdc, 0x00, 0x00, 0x00, 
  0xd4, 0x00, 0x00, 0x00, 0xcc, 0x00, 0x00, 0x00, 0xc4, 0x00, 0x00, 0x00, 
  0xbc, 0x00, 0x00, 0x00, 0xb4, 0x00, 0x00, 0x00, 0xac, 0x00, 0x00, 0x00, 
  0xa4, 0x00, 0x00, 0x00, 0x9c, 0x00, 0x00, 0x00, 0x94, 0x00, 0x00, 0x00, 
  0x74, 0x00, 0x00, 0x00, 0x04, 0x00, 0x00, 0x00, 0x06, 0xd3, 0xff, 0xff, 
  0x04, 0x00, 0x00, 0x00, 0x60, 0x00, 0x00, 0x00, 0x0c, 0x00, 0x00, 0x00, 
  0x08, 0x00, 0x0e, 0x00, 0x08, 0x00, 0x04, 0x00, 0x08, 0x00, 0x00, 0x00, 
  0x10, 0x00, 0x00, 0x00, 0x28, 0x00, 0x00, 0x00, 0x00, 0x00, 0x06, 0x00, 
  0x08, 0x00, 0x04, 0x00, 0x06, 0x00, 0x00, 0x00, 0x04, 0x00, 0x00, 0x00, 
  0x01, 0x00, 0x00, 0x00, 0xeb, 0x03, 0x00, 0x00, 0x0c, 0x00, 0x18, 0x00, 
  0x14, 0x00, 0x10, 0x00, 0x0c, 0x00, 0x04, 0x00, 0x0c, 0x00, 0x00, 0x00, 
  0xb6, 0xf0, 0x57, 0x16, 0x39, 0x6d, 0x6b, 0xed, 0x02, 0x00, 0x00, 0x00, 
  0x02, 0x00, 0x00, 0x00, 0x04, 0x00, 0x00, 0x00, 0x06, 0x00, 0x00, 0x00, 
  0x32, 0x2e, 0x32, 0x31, 0x2e, 0x30, 0x00, 0x00, 0x72, 0xd3, 0xff, 0xff, 
  0x04, 0x00, 0x00, 0x00, 0x10, 0x00, 0x00, 0x00, 0x31, 0x2e, 0x31, 0x34, 
  0x2e, 0x30, 0x00, 0x00, 0x00, 0x00, 0x00, 0x00, 0x00, 0x00, 0x00, 0x00, 
  0x64, 0xaa, 0xff, 0xff, 0x68, 0xaa, 0xff, 0xff, 0x6c, 0xaa, 0xff, 0xff, 
  0x70, 0xaa, 0xff, 0xff, 0x74, 0xaa, 0xff, 0xff, 0x78, 0xaa, 0xff, 0xff, 
  0x7c, 0xaa, 0xff, 0xff, 0x80, 0xaa, 0xff, 0xff, 0x84, 0xaa, 0xff, 0xff, 
  0x88, 0xaa, 0xff, 0xff, 0x8c, 0xaa, 0xff, 0xff, 0x90, 0xaa, 0xff, 0xff, 
  0x94, 0xaa, 0xff, 0xff, 0x98, 0xaa, 0xff, 0xff, 0xc6, 0xd3, 0xff, 0xff, 
  0x04, 0x00, 0x00, 0x00, 0x80, 0x07, 0x00, 0x00, 0xe7, 0x17, 0x96, 0x37, 
  0xc9, 0x33, 0x73, 0x37, 0xf5, 0xc6, 0xd3, 0x20, 0xa4, 0xbe, 0xbc, 0xc7, 
  0x43, 0x0c, 0xed, 0x25, 0xcd, 0xe9, 0xa4, 0x02, 0x0d, 0x51, 0x99, 0xeb, 
  0xaf, 0x4d, 0xfe, 0xc3, 0xc6, 0xf7, 0x04, 0xf1, 0x25, 0xa4, 0xf6, 0xa5, 
  0x44, 0x32, 0xd3, 0xf2, 0x38, 0x42, 0x47, 0x9d, 0x81, 0xc5, 0xb1, 0xc7, 
  0xe1, 0xbe, 0xb6, 0xb9, 0xd7, 0x45, 0xeb, 0xa5, 0x7d, 0x5e, 0x4f, 0xeb, 
  0xf5, 0xa4, 0xe4, 0x1e, 0xed, 0xac, 0xa4, 0x09, 0xac, 0xdd, 0x7f, 0x21, 
  0x16, 0x05, 0x8f, 0x56, 0x22, 0xfc, 0xf3, 0xa4, 0xe4, 0xaf, 0x79, 0x1e, 
  0x3f, 0x18, 0xb0, 0x45, 0x37, 0xce, 0x09, 0x0a, 0xfd, 0xd4, 0xac, 0xca, 
  0xc8, 0x92, 0x37, 0x61, 0xf7, 0x45, 0x5c, 0x5c, 0x4b, 0x57, 0x0a, 0xb1, 
  0xc9, 0x41, 0x84, 0x03, 0x2b, 0x26, 0xdb, 0xfd, 0xef, 0x56, 0xd3, 0xae, 
  0xde, 0x20, 0xe4, 0xb4, 0x5b, 0x20, 0xd4, 0x35, 0xaf, 0x50, 0x42, 0xce, 
  0x27, 0xec, 0x20, 0x2f, 0xfa, 0xa4, 0xec, 0x15, 0x81, 0x35, 0x85, 0x42, 
  0xbe, 0xb6, 0x7b, 0x29, 0x46, 0x5d, 0xa5, 0xc4, 0xfd, 0xca, 0x8c, 0x27, 
  0x02, 0xaf, 0xd1, 0x45, 0x2b, 0xce, 0xb8, 0x1a, 0xa4, 0x2e, 0x1c, 0xc4, 
  0x23, 0x04, 0x16, 0x28, 0x33, 0xa6, 0x08, 0xf8, 0x22, 0xcd, 0x06, 0x13, 
  0xf3, 0xdb, 0xb7, 0xf4, 0x81, 0x11, 0x04, 0xdc, 0xd3, 0x2c, 0x40, 0x40, 
  0x60, 0xf2, 0xfd, 0x29, 0x07, 0xee, 0xd8, 0x4d, 0x0e, 0x01, 0xd0, 0x1a, 
  0xfd, 0x0e, 0x1b, 0x07, 0x93, 0xca, 0x1e, 0x08, 0x1e, 0xf5, 0xdd, 0xa8, 
  0xe5, 0x10, 0x0d, 0x45, 0x02, 0x11, 0x48, 0xb0, 0xb6, 0xee, 0x52, 0xec, 
  0xef, 0x4f, 0x9f, 0x37, 0xcf, 0x08, 0xc6, 0xf2, 0x0d, 0x28, 0xc2, 0xdb, 
  0xd9, 0x2b, 0x10, 0x3a, 0xe1, 0x14, 0xf2, 0xfe, 0x8f, 0x27, 0xd7, 0xff, 
  0xdc, 0xf4, 0xcc, 0xd9, 0x47, 0xda, 0xcb, 0x22, 0xa7, 0xa0, 0xd9, 0x37, 
  0x3e, 0xe8, 0xba, 0xd2, 0x16, 0xae, 0xc9, 0x3f, 0xb6, 0xea, 0x25, 0xcd, 
  0xd6, 0xd5, 0x19, 0xda, 0x05, 0xc3, 0x9d, 0x18, 0xf7, 0x3a, 0x81, 0x31, 
  0xc6, 0x14, 0xf2, 0x3b, 0x09, 0xd2, 0x25, 0x36, 0x78, 0x13, 0xe5, 0x40, 
  0x3f, 0xe2, 0x9f, 0x11, 0xba, 0xe5, 0x25, 0x67, 0x60, 0x34, 0xc4, 0x56, 
  0xd7, 0x33, 0xdb, 0x01, 0x32, 0x2a, 0xbc, 0x46, 0x49, 0x2b, 0x09, 0xf4, 
  0xde, 0xb2, 0x30, 0xa7, 0x25, 0x50, 0xcd, 0xe2, 0xf0, 0xe0, 0xea, 0x53, 
  0x6a, 0xc6, 0x35, 0x01, 0xf4, 0x2e, 0xb2, 0xfa, 0x78, 0x24, 0x49, 0xe7, 
  0x44, 0x33, 0xb9, 0xb8, 0x01, 0x43, 0xde, 0x7f, 0xa1, 0xc8, 0xe5, 0x11, 
  0x12, 0x09, 0xf2, 0x24, 0x98, 0xce, 0xea, 0xd7, 0xcd, 0x1e, 0x13, 0x02, 
  0xe0, 0xeb, 0xe9, 0xd2, 0x84, 0xf2, 0x22, 0xfe, 0xe7, 0x11, 0xfe, 0xeb, 
  0x1a, 0x2d, 0x19, 0x26, 0xbd, 0x39, 0xef, 0x05, 0xec, 0xe8, 0x1b, 0x0d, 
  0xde, 0x18, 0x22, 0xfc, 0xa5, 0xdc, 0x22, 0xf5, 0x13, 0x02, 0x19, 0x02, 
  0x0b, 0xe8, 0xd2, 0x3d, 0x81, 0x1e, 0xed, 0x3a, 0x03, 0x28, 0xdd, 0x66, 
  0xb3, 0x1b, 0xe6, 0xce, 0xf6, 0x2b, 0xfc, 0x91, 0x8c, 0xeb, 0x93, 0x4c, 
  0xba, 0x42, 0x34, 0xf4, 0xf6, 0x55, 0xd3, 0xac, 0x8d, 0x0b, 0x81, 0x38, 
  0x05, 0x20, 0x2b, 0x20, 0x3f, 0xb7, 0x44, 0xd3, 0x46, 0xce, 0xd3, 0xce, 
  0xe2, 0x70, 0xc2, 0x1e, 0x46, 0xd3, 0x95, 0x0b, 0x2c, 0xd9, 0x29, 0xe6, 
  0x05, 0xda, 0xad, 0x2d, 0xe6, 0x28, 0x25, 0xf4, 0x39, 0xc1, 0x15, 0xa1, 
  0x67, 0x34, 0xaf, 0xa4, 0x42, 0xa6, 0xd1, 0xf7, 0xe6, 0x54, 0xc5, 0x2f, 
  0x35, 0x4b, 0xaf, 0x49, 0x11, 0xa3, 0x2d, 0x36, 0xcc, 0x7b, 0x09, 0x5e, 
  0x68, 0x92, 0xf5, 0x24, 0xe3, 0xb6, 0x70, 0x52, 0xca, 0x19, 0xb1, 0xad, 
  0x13, 0x60, 0x51, 0x71, 0x51, 0x23, 0xe0, 0xac, 0xaa, 0xf8, 0xf5, 0xff, 
  0xc0, 0x81, 0xc9, 0xf9, 0x5a, 0x3b, 0x44, 0xcd, 0xee, 0x3a, 0xfc, 0xdd, 
  0xd5, 0xf5, 0x06, 0x3c, 0x81, 0x0d, 0x0b, 0xf1, 0xd7, 0xf2, 0x00, 0x1e, 
  0x29, 0xc0, 0x1d, 0xf5, 0xe3, 0xd3, 0x2f, 0xd3, 0xdd, 0x12, 0xf2, 0x34, 
  0x0a, 0xd6, 0xdd, 0x3f, 0xc5, 0x1b, 0x2a, 0x06, 0x0a, 0x2b, 0x15, 0x2c, 
  0xf8, 0x40, 0x10, 0xea, 0xc1, 0x02, 0x11, 0xb8, 0xf5, 0x21, 0xf5, 0x05, 
  0x28, 0x49, 0xba, 0xd4, 0x97, 0x3f, 0xbb, 0xef, 0x13, 0xc6, 0xb5, 0x69, 
  0x94, 0xe4, 0x1b, 0x05, 0x7f, 0xb9, 0xe8, 0xe1, 0xca, 0xcb, 0x3f, 0xf1, 
  0x04, 0xf0, 0x62, 0x90, 0x4c, 0xd8, 0x0a, 0x2d, 0xe1, 0xfd, 0x9b, 0x2e, 
  0x33, 0x6b, 0x1a, 0xf3, 0x5f, 0x5b, 0x93, 0xf6, 0xf9, 0xe5, 0xd2, 0xb7, 
  0x99, 0x12, 0xee, 0xe8, 0x76, 0x31, 0xff, 0x04, 0x2d, 0xd3, 0x8d, 0x3c, 
  0x29, 0xd1, 0xfb, 0x45, 0x14, 0xad, 0x9d, 0xeb, 0x0f, 0x24, 0xbd, 0x12, 
  0x11, 0xf9, 0x7f, 0xc1, 0x00, 0x45, 0xab, 0x4c, 0xe5, 0xf1, 0xf9, 0x3c, 
  0xda, 0x26, 0x4c, 0x13, 0xc9, 0xbf, 0xcb, 0x6f, 0xab, 0xce, 0xfd, 0x4b, 
  0xf6, 0x2f, 0x70, 0xb9, 0xdf, 0xb7, 0x58, 0xf2, 0x44, 0x58, 0x3e, 0x5b, 
  0x45, 0x10, 0x7d, 0x13, 0xdc, 0x30, 0x43, 0x63, 0x9f, 0xea, 0xe8, 0x0d, 
  0xb8, 0xfa, 0xf2, 0xf6, 0x3e, 0x1f, 0x14, 0x5a, 0xc2, 0x5c, 0xb7, 0x6b, 
  0x3c, 0x96, 0xbd, 0xf7, 0x6a, 0x0f, 0x67, 0x03, 0x73, 0xe9, 0x6a, 0x41, 
  0x14, 0x48, 0xab, 0xbf, 0x0c, 0x98, 0x58, 0xf6, 0x17, 0x54, 0xc5, 0x0a, 
  0xda, 0xd5, 0xf2, 0xd9, 0x2a, 0x0e, 0x0d, 0x11, 0xca, 0x69, 0x61, 0x62, 
  0x0e, 0xde, 0x38, 0xd2, 0x5f, 0x18, 0xed, 0x46, 0xc3, 0xc5, 0x5e, 0xe4, 
  0x7f, 0x9e, 0x58, 0x35, 0x0f, 0x37, 0x56, 0x6a, 0x7f, 0xbd, 0x3d, 0x40, 
  0x48, 0x30, 0xa8, 0x39, 0xd4, 0x2a, 0x3d, 0xa3, 0xed, 0x3a, 0x60, 0x2b, 
  0xe7, 0xfd, 0xd9, 0x9d, 0xde, 0xad, 0x3f, 0x3e, 0x75, 0xdf, 0x3b, 0x0c, 
  0x58, 0xb9, 0x11, 0x4c, 0xf4, 0x30, 0x15, 0x33, 0x3c, 0xff, 0xc6, 0x4e, 
  0xc6, 0xac, 0xf3, 0x8a, 0x2e, 0x2c, 0x10, 0xda, 0xde, 0x2b, 0xac, 0xfa, 
  0x29, 0x60, 0xf6, 0x89, 0xdb, 0x48, 0x49, 0xae, 0xd0, 0xea, 0xaf, 0xe1, 
  0x29, 0x07, 0x33, 0x47, 0xac, 0xe5, 0x39, 0xa5, 0x56, 0x95, 0xb4, 0xc3, 
  0xca, 0x42, 0x9c, 0x03, 0xf5, 0x3a, 0x70, 0xcc, 0xc8, 0x06, 0xc6, 0x24, 
  0x53, 0xd5, 0xfe, 0xe6, 0x7f, 0x9f, 0xa4, 0x8c, 0x91, 0xf7, 0x58, 0xaa, 
  0x7e, 0x00, 0x28, 0x35, 0xeb, 0xec, 0x24, 0x92, 0xfe, 0x14, 0x86, 0x11, 
  0xbf, 0xc6, 0x52, 0x36, 0x7c, 0x27, 0x6f, 0x2b, 0xe9, 0x4f, 0xe7, 0x11, 
  0xea, 0xab, 0xfd, 0x0c, 0x57, 0xab, 0xb9, 0xd2, 0x81, 0xb6, 0xd2, 0x40, 
  0xb6, 0xe3, 0xba, 0x09, 0xcd, 0xb9, 0xc5, 0xff, 0x86, 0x0b, 0x0d, 0x3c, 
  0xd3, 0x3a, 0x55, 0x10, 0x31, 0xaa, 0xc5, 0xfc, 0xf2, 0xb2, 0xa7, 0x30, 
  0xa6, 0x44, 0x47, 0x8f, 0x27, 0xc6, 0x4d, 0xc8, 0x06, 0xec, 0x03, 0xdb, 
  0xcb, 0xb8, 0x1f, 0x30, 0xaa, 0x2d, 0xab, 0x10, 0x4b, 0x1d, 0xc6, 0xca, 
  0xd2, 0x29, 0xb7, 0x38, 0xb8, 0xda, 0x0a, 0xfc, 0x05, 0xc4, 0xea, 0xc1, 
  0x57, 0x11, 0x1f, 0x8f, 0x81, 0xcc, 0xc7, 0x0a, 0x56, 0x14, 0x21, 0x48, 
  0xeb, 0x1b, 0xc9, 0xe9, 0xdb, 0x57, 0xda, 0x5e, 0xe6, 0x11, 0xee, 0xd9, 
  0xbc, 0x2c, 0x19, 0xcd, 0xcd, 0xef, 0x20, 0xf3, 0xeb, 0x1b, 0x2f, 0xc2, 
  0x31, 0x0f, 0xc8, 0x30, 0x0f, 0xb2, 0xa7, 0x41, 0x4b, 0x11, 0xd5, 0x98, 
  0x40, 0x52, 0x4b, 0x10, 0x19, 0xef, 0x99, 0xe1, 0xa9, 0xc5, 0x85, 0x35, 
  0x1e, 0x8e, 0xf1, 0xc3, 0xd7, 0x44, 0x16, 0x8e, 0x8d, 0x63, 0xad, 0x49, 
  0xa1, 0xab, 0xcf, 0x29, 0xd2, 0x44, 0xa5, 0xc2, 0x81, 0xcd, 0xc4, 0x66, 
  0x9b, 0xbd, 0xfd, 0x39, 0x28, 0xe6, 0x66, 0x0d, 0xb4, 0x0b, 0xc7, 0x42, 
  0x0d, 0x51, 0x0c, 0xd5, 0xc0, 0x83, 0xa8, 0x88, 0x05, 0x59, 0x65, 0x9f, 
  0x54, 0x36, 0x23, 0xff, 0xe2, 0x53, 0xc2, 0x2f, 0x30, 0x52, 0xd4, 0x3d, 
  0xae, 0x42, 0x81, 0x34, 0x86, 0x62, 0xfb, 0xfb, 0xe9, 0xf0, 0xbb, 0x06, 
  0x29, 0x72, 0xb5, 0x27, 0x15, 0xfb, 0xcd, 0xfb, 0xed, 0x1b, 0xd8, 0xc9, 
  0x04, 0xc8, 0xf4, 0xc6, 0x88, 0xda, 0xfe, 0xe9, 0x1b, 0x55, 0x73, 0x45, 
  0xbc, 0x35, 0x2d, 0xa9, 0x20, 0x2a, 0xb7, 0xf3, 0xde, 0x61, 0x86, 0x6c, 
  0x32, 0xcb, 0x32, 0xf4, 0x50, 0xb7, 0x2f, 0xf2, 0x06, 0x51, 0xc6, 0xde, 
  0xc3, 0x24, 0xce, 0x3f, 0xc1, 0x2c, 0x28, 0xcd, 0x2e, 0xb0, 0x81, 0x05, 
  0x52, 0xad, 0xa3, 0xcc, 0xfb, 0x4d, 0x78, 0xf7, 0x2c, 0xca, 0xa2, 0x33, 
  0x91, 0x09, 0x39, 0xa4, 0xaa, 0xc1, 0xe2, 0x63, 0x81, 0xb0, 0xbd, 0xa2, 
  0xb6, 0xf3, 0x3f, 0x49, 0x30, 0x9c, 0x3a, 0xb0, 0x27, 0xf9, 0x37, 0xc9, 
  0x12, 0xd2, 0xbd, 0x98, 0x24, 0xc0, 0x96, 0x35, 0x58, 0x8f, 0x16, 0x25, 
  0x17, 0x21, 0xdd, 0xdf, 0x1a, 0xab, 0xd8, 0xc7, 0xeb, 0x2d, 0x38, 0x81, 
  0xc8, 0x03, 0x3c, 0xf1, 0x3f, 0xbb, 0xb5, 0xfb, 0x33, 0x27, 0xc4, 0x1d, 
  0x59, 0xe6, 0xed, 0x2e, 0xc4, 0x2f, 0x91, 0xb4, 0x55, 0xa0, 0xee, 0x02, 
  0xca, 0x0a, 0xab, 0xf9, 0x53, 0xd3, 0xb4, 0xe8, 0x84, 0x29, 0x2d, 0xc7, 
  0xfb, 0x1a, 0xce, 0x08, 0x54, 0xac, 0xeb, 0x45, 0x49, 0x11, 0xb5, 0x10, 
  0x16, 0xce, 0x03, 0x03, 0xdd, 0xc1, 0x55, 0xa1, 0xff, 0xaa, 0x0f, 0x44, 
  0x1e, 0x58, 0x64, 0x36, 0x41, 0x0b, 0xf0, 0xca, 0x81, 0x2a, 0xc9, 0xcf, 
  0x42, 0x2c, 0x09, 0xbc, 0xc9, 0xa9, 0x3b, 0x2e, 0x27, 0x5e, 0xae, 0x77, 
  0xaa, 0x12, 0x5a, 0x47, 0x5b, 0xc6, 0x4f, 0xbd, 0x99, 0x04, 0x81, 0xe1, 
  0xd9, 0x0a, 0x66, 0xed, 0x49, 0xc8, 0x44, 0x33, 0x08, 0x0a, 0x24, 0x0f, 
  0x24, 0xf5, 0xba, 0x0e, 0xf9, 0xd3, 0xc9, 0x22, 0xc2, 0x2b, 0xd2, 0x16, 
  0xa3, 0x0f, 0x3f, 0xca, 0x1a, 0x32, 0x56, 0xdb, 0x95, 0xc9, 0xc5, 0xfb, 
  0x26, 0xaf, 0xc4, 0xea, 0x0c, 0x26, 0x11, 0xed, 0x8e, 0x45, 0x9c, 0x28, 
  0xe7, 0xf1, 0x2e, 0xff, 0x6f, 0x0f, 0xb3, 0xef, 0xf1, 0xab, 0x40, 0x1c, 
  0xc7, 0x47, 0xf1, 0xf0, 0x69, 0xae, 0x0a, 0x9c, 0xe6, 0xa6, 0x35, 0xf5, 
  0x27, 0x30, 0xb9, 0x4c, 0xe0, 0x12, 0xc0, 0x27, 0x1a, 0xb7, 0x04, 0x13, 
  0xc7, 0x8c, 0x73, 0x4c, 0xeb, 0x3c, 0x5e, 0x3c, 0x7f, 0xf1, 0x3b, 0x73, 
  0x43, 0x97, 0x6e, 0x27, 0x08, 0xee, 0x3d, 0x41, 0x43, 0x4f, 0xd0, 0x19, 
  0xd7, 0xfe, 0x44, 0xe3, 0xce, 0x08, 0x53, 0xd6, 0xf2, 0x46, 0xa0, 0x17, 
  0x97, 0xf8, 0x4d, 0x3e, 0x5f, 0x14, 0x1a, 0x36, 0x95, 0x11, 0xa8, 0x39, 
  0xe3, 0xf6, 0xeb, 0xb4, 0xd6, 0x47, 0x62, 0x1b, 0x1c, 0xfd, 0xc8, 0xcc, 
  0x28, 0xf9, 0x0b, 0xbb, 0x3e, 0xc8, 0x25, 0x0f, 0x94, 0x1c, 0x25, 0x5d, 
  0x16, 0x53, 0x3f, 0xf4, 0xc9, 0x4c, 0x1f, 0x61, 0xda, 0xba, 0x0c, 0xb0, 
  0x81, 0xf9, 0x15, 0x55, 0xab, 0x61, 0xe6, 0x06, 0xab, 0x0e, 0x0c, 0x02, 
  0xf1, 0xe9, 0xd5, 0x1e, 0x8e, 0x02, 0x11, 0x0c, 0xdc, 0xc4, 0xe9, 0xf8, 
  0x4e, 0x15, 0xfa, 0x18, 0x81, 0x20, 0x1e, 0xd6, 0x07, 0xcb, 0x19, 0xfc, 
  0xf6, 0x04, 0x1f, 0xf4, 0xd0, 0x0d, 0xdf, 0xe1, 0xc2, 0xe5, 0xf9, 0x07, 
  0xe0, 0xef, 0xe8, 0x15, 0x8f, 0xe8, 0x2d, 0xf8, 0xf3, 0x1b, 0x1f, 0xda, 
  0x0d, 0xfd, 0xbc, 0x19, 0x9b, 0x09, 0xeb, 0x1e, 0x0e, 0xe0, 0x3d, 0x50, 
  0x0c, 0x1d, 0x21, 0x3d, 0x74, 0x58, 0x34, 0x0b, 0x48, 0xe9, 0x01, 0xee, 
  0xf4, 0x0e, 0xd1, 0x14, 0x18, 0xd9, 0xf6, 0x43, 0x72, 0x23, 0xc5, 0x42, 
  0xe0, 0xfb, 0xee, 0x56, 0x3f, 0xd8, 0x47, 0xca, 0x6e, 0xad, 0xc1, 0x03, 
  0x1b, 0xd7, 0x1d, 0x20, 0x6d, 0xf7, 0x05, 0xdb, 0x7f, 0xd5, 0x2b, 0x0e, 
  0xdf, 0xe9, 0x36, 0xfc, 0x01, 0xdf, 0x0d, 0xc1, 0xe9, 0xc0, 0xfb, 0x7f, 
  0x82, 0x68, 0xad, 0xfc, 0xc5, 0xc9, 0xa5, 0xf4, 0xac, 0x48, 0xa8, 0x42, 
  0x82, 0x3d, 0x59, 0xe5, 0x41, 0x16, 0xea, 0xca, 0x21, 0xba, 0xce, 0x66, 
  0x1e, 0x17, 0x1f, 0x07, 0x6f, 0x4e, 0x14, 0x56, 0xf2, 0xe8, 0xfc, 0x73, 
  0xc6, 0x46, 0x01, 0x16, 0x23, 0x42, 0xa7, 0xc1, 0xca, 0xb8, 0xb9, 0x6c, 
  0x01, 0x43, 0x0b, 0xee, 0xd7, 0xe5, 0x17, 0x11, 0xdb, 0xee, 0x93, 0xa4, 
  0x04, 0x20, 0x16, 0x81, 0x02, 0xfa, 0xfc, 0x44, 0x11, 0xfe, 0x15, 0x9e, 
  0xff, 0x1a, 0xbc, 0xc0, 0x64, 0x3b, 0x2b, 0xa8, 0x24, 0x5d, 0x81, 0x0b, 
  0xeb, 0xab, 0x42, 0x05, 0x32, 0xfa, 0xfc, 0x28, 0x89, 0x2a, 0x0f, 0x2c, 
  0xa4, 0xfa, 0xdb, 0xb1, 0x35, 0x14, 0x32, 0x01, 0x14, 0x00, 0x10, 0x4f, 
  0xf2, 0xf1, 0xac, 0xd0, 0xbb, 0x29, 0xc2, 0xc6, 0x9c, 0xce, 0x12, 0x48, 
  0x02, 0xeb, 0xe6, 0x4b, 0xa1, 0xe0, 0xc5, 0xf5, 0x06, 0x0c, 0xf1, 0xe5, 
  0xd1, 0x12, 0x0e, 0x14, 0xa3, 0x31, 0x29, 0x0b, 0xdd, 0xc0, 0x20, 0xd5, 
  0x2c, 0x05, 0xeb, 0x03, 0x81, 0x15, 0x29, 0xe4, 0x14, 0x39, 0x01, 0x1c, 
  0xe8, 0x27, 0xe2, 0x1d, 0xc4, 0x0f, 0xec, 0x38, 0xb8, 0xde, 0xc7, 0xe4, 
  0x04, 0x0d, 0x0a, 0xcc, 0x92, 0xda, 0x1a, 0xe6, 0xeb, 0x4a, 0xc0, 0x3a, 
  0x08, 0xc6, 0x2a, 0x8e, 0x31, 0x56, 0x38, 0xfd, 0x02, 0x3c, 0x43, 0x5a, 
  0x43, 0xc7, 0x03, 0xa6, 0xe1, 0xad, 0xb1, 0x39, 0x7f, 0xc2, 0x35, 0x15, 
  0xc3, 0x58, 0xe7, 0x31, 0xb2, 0x3e, 0xe4, 0x4b, 0x3e, 0x9d, 0x1d, 0x66, 
  0xf3, 0xd9, 0x07, 0xc6, 0xaa, 0xa1, 0xae, 0xec, 0x36, 0xf4, 0x0a, 0xf4, 
  0xfe, 0x2a, 0xe9, 0x19, 0xeb, 0x18, 0x0f, 0x2f, 0xbb, 0x1d, 0x06, 0x07, 
  0xf4, 0xf7, 0xed, 0x34, 0xea, 0x22, 0x28, 0x26, 0xc0, 0xec, 0x26, 0xe3, 
  0x03, 0x20, 0xf5, 0xfc, 0xbe, 0xfb, 0xe8, 0x10, 0xfe, 0xe0, 0xf1, 0x23, 
  0x12, 0xf4, 0xf1, 0x02, 0x81, 0xed, 0xfd, 0x1a, 0xe0, 0x2d, 0x17, 0xf1, 
  0xc6, 0x2f, 0xe4, 0xe9, 0x8b, 0x16, 0xeb, 0xd8, 0x04, 0xe7, 0xf1, 0x13, 
  0x1b, 0xea, 0xfd, 0x2f, 0x91, 0xc7, 0xed, 0xe9, 0x52, 0xdb, 0xff, 0xff, 
  0x04, 0x00, 0x00, 0x00, 0x80, 0x00, 0x00, 0x00, 0x77, 0xfe, 0xff, 0xff, 
  0x35, 0x00, 0x00, 0x00, 0xed, 0xff, 0xff, 0xff, 0x84, 0xff, 0xff, 0xff, 
  0xc2, 0xff, 0xff, 0xff, 0x6e, 0xfe, 0xff, 0xff, 0x4d, 0xfe, 0xff, 0xff, 
  0x26, 0xfe, 0xff, 0xff, 0x8a, 0x00, 0x00, 0x00, 0xbf, 0xfe, 0xff, 0xff, 
  0x80, 0x00, 0x00, 0x00, 0x58, 0x00, 0x00, 0x00, 0x89, 0xfe, 0xff, 0xff, 
  0x1a, 0x00, 0x00, 0x00, 0xaa, 0xff, 0xff, 0xff, 0x52, 0x00, 0x00, 0x00, 
  0x64, 0x00, 0x00, 0x00, 0xdc, 0xff, 0xff, 0xff, 0x44, 0x00, 0x00, 0x00, 
  0x5a, 0x00, 0x00, 0x00, 0x57, 0x00, 0x00, 0x00, 0xc1, 0x00, 0x00, 0x00, 
  0x68, 0xfe, 0xff, 0xff, 0x8e, 0xfd, 0xff, 0xff, 0x95, 0xfe, 0xff, 0xff, 
  0x84, 0xfe, 0xff, 0xff, 0xa4, 0x00, 0x00, 0x00, 0xb6, 0xfd, 0xff, 0xff, 
  0x89, 0xfe, 0xff, 0xff, 0x91, 0xfe, 0xff, 0xff, 0x44, 0x00, 0x00, 0x00, 
  0x86, 0xfe, 0xff, 0xff, 0xde, 0xdb, 0xff, 0xff, 0x04, 0x00, 0x00, 0x00, 
  0x20, 0x00, 0x00, 0x00, 0xf3, 0x7f, 0xdd, 0x47, 0xe9, 0x0c, 0x3d, 0x02, 
  0x62, 0x14, 0xce, 0x08, 0x25, 0x2c, 0x3d, 0xe8, 0x20, 0xf8, 0x1f, 0x3a, 
  0x28, 0x3a, 0xd7, 0x3b, 0x1b, 0x15, 0x31, 0xf2, 0x03, 0x64, 0x29, 0x30, 
  0x0a, 0xdc, 0xff, 0xff, 0x04, 0x00, 0x00, 0x00, 0x20, 0x00, 0x00, 0x00, 
  0xeb, 0xb9, 0x19, 0xa8, 0x0e, 0xf4, 0x80, 0xe4, 0xda, 0xd1, 0xe2, 0xbe, 
  0xd8, 0xd8, 0xcf, 0xf6, 0xf9, 0xe3, 0xd9, 0xd9, 0xeb, 0xc4, 0x00, 0xc0, 
  0xe2, 0xad, 0x93, 0xf9, 0xd6, 0xb1, 0xf6, 0x8e, 0x36, 0xdc, 0xff, 0xff, 
  0x04, 0x00, 0x00, 0x00, 0x00, 0x18, 0x00, 0x00, 0x51, 0x17, 0x4a, 0x81, 
  0x4d, 0x08, 0x19, 0x17, 0x07, 0xae, 0xfb, 0xb4, 0x34, 0xb6, 0x66, 0x0d, 
  0x9b, 0xc2, 0x9b, 0xd0, 0x3c, 0xd5, 0xfd, 0x33, 0x4d, 0xcc, 0xd0, 0xf5, 
  0x1a, 0x28, 0x8b, 0x08, 0x1e, 0x1b, 0xd3, 0xfc, 0xa6, 0xad, 0xe3, 0xf9, 
  0xe9, 0x4f, 0xb5, 0x51, 0xc1, 0xe0, 0x53, 0xef, 0x21, 0xf1, 0xe1, 0x2f, 
  0x11, 0x48, 0x2e, 0xc1, 0xca, 0x3f, 0x2d, 0x14, 0x43, 0x38, 0xbb, 0x83, 
  0xfe, 0xa8, 0xdb, 0xb0, 0xe6, 0x34, 0xa7, 0x06, 0xe6, 0xde, 0xfd, 0x25, 
  0xd6, 0xae, 0x30, 0xce, 0xcc, 0xe1, 0x23, 0xbb, 0xaa, 0x18, 0xc3, 0x04, 
  0x4d, 0x32, 0xbc, 0x55, 0xd3, 0xc0, 0xcc, 0x10, 0x42, 0x1f, 0x3a, 0x42, 
  0xf0, 0xe2, 0x0d, 0xab, 0xfd, 0x19, 0xc8, 0x05, 0x11, 0xac, 0xe5, 0xc5, 
  0xf7, 0xd1, 0x4b, 0xc4, 0x2b, 0x47, 0xab, 0xf9, 0x1f, 0xe5, 0x0a, 0xc8, 
  0x04, 0xd5, 0x18, 0xbc, 0x9a, 0xe6, 0xae, 0xda, 0xe0, 0x7a, 0xc7, 0xeb, 
  0x03, 0xe7, 0xda, 0x0f, 0x1e, 0xe0, 0xd9, 0xec, 0x11, 0xc3, 0x2a, 0x88, 
  0xd6, 0xa6, 0xbd, 0x43, 0x38, 0xa2, 0xc4, 0xb9, 0x14, 0xe6, 0x67, 0x0c, 
  0xb7, 0xbf, 0xe5, 0x08, 0x1e, 0x4c, 0xdb, 0xac, 0xe1, 0x35, 0xc5, 0xf6, 
  0xd1, 0xd4, 0xc9, 0x0a, 0x09, 0xc3, 0x39, 0x81, 0xe6, 0x36, 0xaa, 0xb0, 
  0xfb, 0xc4, 0x49, 0x0f, 0x08, 0xa8, 0x49, 0x01, 0xc4, 0x33, 0xf3, 0xb3, 
  0x0f, 0x18, 0xe4, 0x10, 0xc6, 0x56, 0xf0, 0xd3, 0x2d, 0x20, 0x02, 0x2a, 
  0xe8, 0xd0, 0xb2, 0xbc, 0x0c, 0x3a, 0xc2, 0xdd, 0x02, 0xe2, 0x38, 0x07, 
  0xd4, 0xe2, 0xf1, 0xc7, 0x42, 0x26, 0xe7, 0xc9, 0xcf, 0xfb, 0x29, 0x37, 
  0xfa, 0xff, 0xd9, 0x3c, 0x07, 0xe2, 0x4e, 0x3c, 0xa4, 0xe5, 0xbc, 0xda, 
  0xd5, 0xc0, 0x03, 0xf4, 0x0e, 0x00, 0x0a, 0x5b, 0x2f, 0xca, 0x33, 0xba, 
  0xad, 0x06, 0x10, 0xdb, 0xf2, 0x4c, 0x8b, 0xd8, 0x22, 0xbc, 0xd4, 0xac, 
  0x0f, 0x34, 0xe2, 0xe3, 0xe6, 0x1c, 0xd1, 0x2c, 0x69, 0x4d, 0x81, 0x2c, 
  0xab, 0xc8, 0x59, 0x2e, 0xb2, 0xec, 0xf3, 0x08, 0xcb, 0xdb, 0x42, 0x1a, 
  0x1d, 0xfd, 0x32, 0xc4, 0xac, 0x38, 0xa7, 0xa2, 0xf2, 0xd0, 0xb7, 0xef, 
  0xf9, 0xeb, 0x46, 0x4c, 0x64, 0xd3, 0xdd, 0x5e, 0x8d, 0x00, 0x1f, 0xbd, 
  0x4c, 0x7f, 0x28, 0x79, 0x59, 0x08, 0xf1, 0xb7, 0x38, 0xf0, 0xdd, 0xb9, 
  0xcb, 0x4b, 0x2a, 0x16, 0xd8, 0xab, 0x9c, 0x1f, 0xbe, 0x1e, 0x31, 0x21, 
  0xf4, 0x53, 0xce, 0x69, 0xb3, 0xfe, 0xd5, 0x5b, 0xfb, 0x28, 0xec, 0x3f, 
  0x0b, 0x45, 0xac, 0x1b, 0xe8, 0xe4, 0x5f, 0x1e, 0xac, 0xfd, 0x66, 0xac, 
  0x44, 0x41, 0xb0, 0xce, 0xe3, 0xf1, 0x9d, 0xc0, 0xeb, 0xe5, 0xf4, 0x33, 
  0x0a, 0x30, 0x2a, 0xa0, 0xa2, 0x64, 0x3f, 0x20, 0x26, 0x5a, 0x29, 0x15, 
  0xab, 0xc8, 0x10, 0x01, 0x25, 0x48, 0x36, 0x2c, 0xcf, 0x00, 0x3d, 0x52, 
  0xc7, 0x99, 0x31, 0x81, 0xce, 0xc1, 0xa3, 0xeb, 0x26, 0x07, 0xb0, 0xcb, 
  0x50, 0xdb, 0xb7, 0x0a, 0x48, 0xe2, 0xee, 0x65, 0xfd, 0xeb, 0x51, 0xa3, 
  0xbf, 0x51, 0xa0, 0xd5, 0xd4, 0x2b, 0x44, 0x9c, 0x42, 0x95, 0xae, 0x3b, 
  0x3a, 0x20, 0xfa, 0x53, 0x1e, 0x2f, 0xa3, 0xab, 0xc1, 0x2a, 0x3e, 0xad, 
  0x0c, 0x4e, 0xab, 0xec, 0xf7, 0xfc, 0xc4, 0xc3, 0x46, 0x1e, 0x82, 0x3b, 
  0x09, 0x9e, 0xa5, 0x10, 0x4d, 0xd7, 0xac, 0x0e, 0xca, 0x3e, 0x87, 0xc3, 
  0x2d, 0x27, 0x1d, 0x46, 0xca, 0x36, 0x08, 0x1f, 0xfe, 0xd2, 0xe7, 0x45, 
  0xb2, 0x39, 0x13, 0xd4, 0xbd, 0x10, 0xee, 0x04, 0x41, 0xdd, 0xea, 0x0d, 
  0xb8, 0xd3, 0xe2, 0xeb, 0xc8, 0xfd, 0x08, 0x68, 0x16, 0x5a, 0x28, 0x0f, 
  0x52, 0x62, 0x0e, 0xfc, 0x32, 0xd2, 0x1a, 0x29, 0x2d, 0xdf, 0x25, 0x9e, 
  0x96, 0x08, 0x3e, 0x9f, 0xf7, 0x6e, 0xad, 0x25, 0x14, 0x09, 0x3e, 0xe4, 
  0xdf, 0xc4, 0x28, 0xdd, 0x29, 0x3f, 0x53, 0x47, 0xfa, 0xfd, 0xf4, 0x2a, 
  0xdd, 0x4e, 0xd2, 0xf9, 0xd8, 0x5a, 0x7f, 0xeb, 0x31, 0xeb, 0xfd, 0xbd, 
  0xfd, 0xc4, 0xf7, 0x51, 0x0d, 0x3f, 0x0d, 0xca, 0xc3, 0xe4, 0x42, 0x39, 
  0xd4, 0x06, 0xf1, 0xe3, 0xa1, 0x1f, 0xe8, 0x13, 0xe6, 0xac, 0x03, 0x02, 
  0x29, 0x32, 0xca, 0xe6, 0xa6, 0xcf, 0x5d, 0x25, 0x48, 0xa1, 0x43, 0x44, 
  0x15, 0xf2, 0xf8, 0xf7, 0x1c, 0x3a, 0x6a, 0xa5, 0x1b, 0xcb, 0xb0, 0x40, 
  0xaa, 0x02, 0xed, 0xb8, 0x58, 0x50, 0x40, 0x20, 0xfe, 0x4b, 0xc7, 0xc9, 
  0xc6, 0xd1, 0xb2, 0x5f, 0x42, 0x2c, 0x05, 0x17, 0x81, 0x42, 0xca, 0xdd, 
  0x0b, 0xd3, 0x4f, 0x49, 0x14, 0xc8, 0xf3, 0xa7, 0x30, 0x3d, 0xa5, 0xe5, 
  0x16, 0x09, 0xb2, 0x1a, 0xf0, 0xa5, 0x0e, 0x40, 0xfd, 0x0f, 0x66, 0xc1, 
  0x25, 0x9d, 0x44, 0xed, 0x34, 0x30, 0x09, 0x05, 0xf6, 0x11, 0x50, 0xef, 
  0xe1, 0x11, 0x3c, 0xd1, 0xb1, 0xd2, 0xc8, 0xc9, 0xcf, 0x30, 0x33, 0xcb, 
  0x3f, 0x3a, 0x53, 0x09, 0x83, 0xaa, 0x13, 0x94, 0x90, 0x40, 0x91, 0x5b, 
  0xe9, 0x33, 0xe8, 0x86, 0xb9, 0xed, 0x54, 0xd9, 0x9b, 0x52, 0x5d, 0xd8, 
  0xc8, 0x61, 0x71, 0x5c, 0xbe, 0xe8, 0x94, 0xf3, 0xdc, 0xe2, 0x40, 0x45, 
  0x91, 0xc0, 0xe4, 0x01, 0x2f, 0xa8, 0xed, 0x52, 0x36, 0x1b, 0xa1, 0x81, 
  0xac, 0xbe, 0x57, 0x27, 0x35, 0x1d, 0x46, 0x44, 0x12, 0x70, 0xd4, 0x49, 
  0xa1, 0x21, 0x36, 0x04, 0xe0, 0x0a, 0x63, 0x24, 0xaf, 0x4f, 0x50, 0xbb, 
  0x33, 0x9c, 0x22, 0x0a, 0x05, 0x03, 0x3c, 0x9f, 0xad, 0x90, 0x47, 0x18, 
  0x2f, 0x47, 0x58, 0xd2, 0x01, 0x34, 0x1e, 0x55, 0x01, 0x16, 0x09, 0x26, 
  0xdb, 0xb9, 0xf3, 0x22, 0xcb, 0xc7, 0xab, 0x36, 0x07, 0xe2, 0x2e, 0x0c, 
  0x40, 0xc4, 0x3e, 0x00, 0x45, 0x2c, 0xb0, 0x54, 0x32, 0xd2, 0x03, 0xf7, 
  0xc5, 0xc5, 0x34, 0xe2, 0xcd, 0x4d, 0x2e, 0x20, 0xaa, 0x2f, 0x1a, 0xbe, 
  0xf3, 0x07, 0xab, 0x3c, 0xc7, 0x08, 0x4e, 0x18, 0x22, 0xaa, 0xf0, 0x14, 
  0x04, 0xe9, 0xdf, 0x1e, 0xc7, 0x2d, 0xdf, 0xec, 0xaf, 0xcd, 0x26, 0xc4, 
  0x2b, 0x58, 0xdb, 0xc2, 0x0f, 0x38, 0xe0, 0x22, 0x3f, 0xff, 0x12, 0x27, 
  0xc9, 0xa4, 0x1b, 0x03, 0xfa, 0xdf, 0x15, 0xd1, 0x12, 0xc2, 0x04, 0xdc, 
  0xb4, 0xb3, 0xf0, 0x19, 0x81, 0xa6, 0xfa, 0xf8, 0xee, 0xe6, 0x2a, 0x1a, 
  0x61, 0x06, 0x7f, 0xcc, 0xf3, 0xb7, 0x47, 0x38, 0xfc, 0x15, 0xbb, 0xbc, 
  0x39, 0x4f, 0x44, 0xfe, 0x16, 0xaa, 0x3a, 0x27, 0x97, 0xfa, 0xcc, 0xf8, 
  0x00, 0x00, 0xd5, 0x5d, 0xbc, 0xed, 0x25, 0xce, 0x41, 0xb9, 0x26, 0x39, 
  0x98, 0x3b, 0xaa, 0xa5, 0xa9, 0x0b, 0x9a, 0xb2, 0x2e, 0x01, 0xb8, 0xa0, 
  0xb0, 0xd8, 0xa6, 0x15, 0xf0, 0xdb, 0x22, 0xf5, 0x05, 0x3f, 0x4b, 0xfd, 
  0x9f, 0x30, 0xd6, 0xf6, 0xd2, 0xe9, 0x07, 0xd2, 0x2e, 0xc1, 0xd8, 0x23, 
  0x3e, 0x34, 0x2a, 0xa0, 0x1d, 0xae, 0xf4, 0x25, 0x03, 0x0b, 0xeb, 0xa6, 
  0xf3, 0x5a, 0xec, 0xc2, 0xd2, 0xe0, 0xc1, 0xfa, 0xc5, 0xcc, 0x0e, 0x38, 
  0xb9, 0xfa, 0x46, 0xe4, 0x16, 0xbd, 0x3f, 0xb6, 0x4b, 0x0a, 0x27, 0x8e, 
  0xf0, 0x01, 0xbc, 0xed, 0xfc, 0x1f, 0x0a, 0x54, 0xb8, 0xd2, 0xb3, 0xe4, 
  0x48, 0x27, 0xb3, 0x13, 0x57, 0x07, 0xa6, 0xe5, 0xaa, 0x7f, 0xde, 0x40, 
  0x36, 0x3e, 0xc6, 0xf4, 0xf1, 0x10, 0xb2, 0xc9, 0x3b, 0x50, 0x56, 0x21, 
  0x32, 0x44, 0x95, 0xc5, 0x35, 0x56, 0x49, 0x3b, 0x34, 0x58, 0xe3, 0x4e, 
  0xe7, 0x01, 0xae, 0x2c, 0x46, 0x3a, 0xfb, 0x0c, 0x45, 0x54, 0xc5, 0xaa, 
  0xf1, 0xbb, 0xb3, 0xf7, 0xe9, 0xe7, 0x3e, 0xfb, 0x0c, 0xec, 0xc9, 0x3a, 
  0x02, 0x00, 0x40, 0xc2, 0xbf, 0x57, 0x35, 0x01, 0xe9, 0x3a, 0x81, 0xd1, 
  0xaa, 0x26, 0xea, 0xc2, 0xc8, 0x55, 0xa8, 0xbe, 0xc6, 0xc5, 0x23, 0x91, 
  0x18, 0xde, 0xb1, 0x2f, 0x35, 0x9f, 0xdd, 0xe1, 0x03, 0x1e, 0xf8, 0x1e, 
  0xc7, 0xe4, 0x46, 0x52, 0xdf, 0x08, 0xe5, 0xfb, 0x50, 0xdc, 0x12, 0x14, 
  0xca, 0xd5, 0xf4, 0xb9, 0xfb, 0xe7, 0xfc, 0x0a, 0x01, 0x8b, 0xea, 0x19, 
  0x37, 0x10, 0xbd, 0x3e, 0x0e, 0x6c, 0x25, 0xac, 0xa2, 0x22, 0x06, 0x27, 
  0xf5, 0xd2, 0x24, 0x33, 0xe7, 0x09, 0x7f, 0x13, 0xde, 0x56, 0x07, 0x99, 
  0xbb, 0x3b, 0x86, 0x19, 0x21, 0xea, 0x3d, 0xfa, 0xb6, 0x9f, 0x36, 0x47, 
  0xc7, 0xd1, 0x9f, 0x17, 0xc5, 0x21, 0xb1, 0x4f, 0x05, 0xe5, 0x39, 0x49, 
  0x14, 0xf5, 0x65, 0xb5, 0x29, 0xe2, 0xcf, 0x3b, 0xd6, 0xc9, 0x8a, 0x95, 
  0xca, 0x2e, 0xc8, 0xe8, 0xfa, 0xa9, 0xd9, 0x02, 0xfd, 0x6b, 0x65, 0xba, 
  0xb5, 0x19, 0x35, 0x20, 0xbc, 0xce, 0x44, 0x29, 0xe3, 0xda, 0x1f, 0x1d, 
  0x25, 0xb8, 0x1c, 0x20, 0xc4, 0x28, 0x47, 0xd9, 0x48, 0xe2, 0xe0, 0xa4, 
  0x1a, 0x31, 0xa9, 0xb3, 0x19, 0x08, 0x18, 0x26, 0xb7, 0xf2, 0x45, 0x69, 
  0xc3, 0xd6, 0xed, 0x47, 0x29, 0x58, 0x72, 0x22, 0xc6, 0x6f, 0x06, 0x1c, 
  0xed, 0x4f, 0xcf, 0x87, 0x29, 0x47, 0x10, 0x81, 0x9d, 0x3f, 0x8c, 0xbf, 
  0xb3, 0x38, 0x73, 0xd5, 0xab, 0x4a, 0xae, 0x36, 0xe6, 0x23, 0xbd, 0xf8, 
  0x26, 0xfe, 0x96, 0x9a, 0xc6, 0x15, 0x96, 0x30, 0xc7, 0xfa, 0x04, 0xcc, 
  0x5b, 0x15, 0xce, 0x95, 0x46, 0xe4, 0x1d, 0xe4, 0xd9, 0xeb, 0x30, 0xaf, 
  0x2f, 0xde, 0x0b, 0xc3, 0x0e, 0x38, 0xe2, 0x4e, 0x0c, 0x39, 0x83, 0x00, 
  0xd2, 0xd3, 0xd3, 0xfc, 0xd8, 0x45, 0xb2, 0x03, 0x2f, 0x31, 0x27, 0xa1, 
  0xc0, 0x04, 0xe3, 0xdf, 0xb6, 0x30, 0x51, 0xe4, 0xda, 0x18, 0x79, 0x42, 
  0x33, 0x1d, 0x29, 0xb8, 0xea, 0x15, 0x81, 0xa0, 0xbf, 0xeb, 0x89, 0x11, 
  0x2f, 0x52, 0xf6, 0x29, 0x1b, 0xdf, 0x2c, 0x98, 0x56, 0x1f, 0xb3, 0x1a, 
  0x9c, 0x4b, 0xbb, 0x13, 0x37, 0xdd, 0x18, 0xea, 0xfb, 0xd9, 0x15, 0x67, 
  0xec, 0xa8, 0xda, 0xc7, 0xf0, 0xbf, 0xa9, 0x03, 0xe8, 0xd1, 0xf0, 0x59, 
  0x35, 0xb7, 0xac, 0xa0, 0xb2, 0xc6, 0xb0, 0x1c, 0x04, 0x4c, 0xb9, 0x17, 
  0xfb, 0x14, 0x03, 0x7f, 0x30, 0xf5, 0xe8, 0x34, 0xba, 0xef, 0x7f, 0xe4, 
  0xbd, 0xcc, 0x40, 0x3c, 0xb6, 0xd0, 0xbd, 0xeb, 0x44, 0xee, 0x4f, 0xef, 
  0x8f, 0xb6, 0xcc, 0x54, 0x50, 0x64, 0xf5, 0x42, 0xa6, 0x37, 0xb2, 0xed, 
  0xb5, 0xfc, 0xc5, 0xea, 0xa8, 0xe3, 0x35, 0x30, 0x9f, 0xed, 0x28, 0x21, 
  0xcf, 0xea, 0x1f, 0x59, 0x25, 0x19, 0x3c, 0xf2, 0xfb, 0xcb, 0x41, 0x1d, 
  0xb1, 0xda, 0xfd, 0x3a, 0x02, 0x25, 0xba, 0x22, 0xca, 0xe8, 0x1a, 0xa7, 
  0xf8, 0x44, 0x9b, 0x1c, 0x1d, 0xce, 0x15, 0x0c, 0x14, 0x23, 0xf4, 0xd2, 
  0xa6, 0x16, 0x16, 0xe4, 0x1d, 0x54, 0x40, 0x9d, 0x53, 0xd9, 0x29, 0xec, 
  0x04, 0xd8, 0x4f, 0xec, 0x07, 0xbc, 0xfe, 0x0c, 0xcd, 0x47, 0xde, 0xcd, 
  0x23, 0x06, 0x59, 0x27, 0x35, 0xdb, 0xe7, 0xea, 0x18, 0x39, 0xe4, 0x51, 
  0xdc, 0xdf, 0x11, 0x98, 0xc7, 0xcb, 0xac, 0xf8, 0x11, 0x18, 0x1f, 0xaa, 
  0xd8, 0x8b, 0xd4, 0x81, 0x07, 0xe7, 0xdf, 0xb8, 0xee, 0x9e, 0x61, 0x18, 
  0x3b, 0xd0, 0xf2, 0xcf, 0xd9, 0xdd, 0x0a, 0xe1, 0x1f, 0x59, 0xa4, 0x30, 
  0xd5, 0xf5, 0x47, 0x11, 0x5c, 0xb9, 0xe3, 0xfa, 0x17, 0xe5, 0x9e, 0x03, 
  0x99, 0xa9, 0x46, 0x47, 0x2b, 0xea, 0xbb, 0xf6, 0xa1, 0x06, 0x3f, 0x18, 
  0x08, 0x16, 0x38, 0x23, 0x57, 0xd0, 0xa4, 0xef, 0x65, 0xbf, 0x41, 0x09, 
  0xa4, 0x54, 0x3f, 0xbd, 0xdc, 0xf7, 0x4e, 0x22, 0x1d, 0x30, 0x39, 0x82, 
  0x70, 0x2a, 0xb0, 0xc8, 0x9e, 0xd0, 0xc1, 0xaf, 0x42, 0x89, 0x0e, 0x9c, 
  0x29, 0xd8, 0x88, 0xfa, 0x62, 0x3a, 0x30, 0xff, 0x20, 0x14, 0x59, 0xb2, 
  0x4e, 0x22, 0x43, 0x44, 0xa9, 0x5b, 0x24, 0xd6, 0xfe, 0xe2, 0x4f, 0xb8, 
  0xb5, 0xd9, 0xf1, 0xdf, 0xe8, 0xba, 0x37, 0x07, 0xdb, 0x05, 0xc3, 0xb2, 
  0x39, 0xdc, 0xc3, 0xa8, 0x81, 0x3a, 0x71, 0x07, 0xf2, 0xb0, 0x33, 0xc0, 
  0xd5, 0xc3, 0x5f, 0x58, 0x49, 0x57, 0x5a, 0xfd, 0xd8, 0x16, 0x57, 0x05, 
  0xf6, 0xba, 0x2a, 0xf4, 0xae, 0x02, 0xd9, 0xad, 0x32, 0xce, 0x25, 0x1f, 
  0x4f, 0x13, 0xbb, 0x7f, 0x4a, 0xfc, 0x0d, 0x19, 0x2c, 0x54, 0x46, 0x3e, 
  0x29, 0xb9, 0xd3, 0x13, 0x25, 0xfd, 0x17, 0x20, 0x8b, 0x55, 0x2b, 0x1d, 
  0xd2, 0x55, 0x2b, 0xda, 0x01, 0xff, 0xda, 0x60, 0x58, 0x67, 0xa0, 0xe9, 
  0xf9, 0xb4, 0x22, 0x34, 0x08, 0xdc, 0x07, 0xde, 0x62, 0xbc, 0xee, 0xdb, 
  0xa4, 0x22, 0xf8, 0x04, 0x42, 0xd9, 0x4c, 0x55, 0x22, 0x75, 0xd3, 0x35, 
  0x57, 0xeb, 0xc4, 0xd8, 0xa8, 0x0a, 0xdf, 0x32, 0xfe, 0xed, 0x7f, 0x50, 
  0xf7, 0xa9, 0x43, 0xe0, 0xc8, 0xf1, 0xf7, 0xfd, 0xcc, 0x26, 0xcb, 0x54, 
  0xf6, 0xe0, 0x0e, 0xbc, 0x04, 0x54, 0x20, 0xdd, 0xf9, 0xed, 0x29, 0xfb, 
  0x19, 0xb0, 0xe9, 0xf7, 0x2f, 0xcb, 0x44, 0xdb, 0xe6, 0xac, 0xa4, 0x4f, 
  0x3c, 0x45, 0x04, 0x61, 0x3a, 0xa9, 0xb0, 0x1f, 0xa6, 0xf7, 0xd9, 0x56, 
  0x51, 0x1d, 0xc5, 0xc8, 0xd5, 0x06, 0x29, 0xc0, 0x15, 0x12, 0xb0, 0x0a, 
  0xd2, 0xc4, 0xe8, 0xd8, 0x5a, 0xf8, 0x1c, 0x1b, 0xcd, 0x05, 0x56, 0x42, 
  0x02, 0xdb, 0xd3, 0x44, 0xee, 0x20, 0xe5, 0x1f, 0xf2, 0x08, 0x59, 0x44, 
  0xc0, 0xf6, 0x0f, 0xe9, 0x46, 0xd0, 0xbf, 0xee, 0x01, 0x39, 0xcf, 0xdf, 
  0xb0, 0xf0, 0x39, 0xae, 0x1b, 0x1a, 0xc5, 0xd9, 0xe7, 0x42, 0x23, 0x1b, 
  0x16, 0xee, 0xbb, 0x24, 0x4f, 0xeb, 0xb3, 0xad, 0x81, 0x04, 0x1d, 0xfa, 
  0xaa, 0xdb, 0xfc, 0x12, 0xf7, 0x14, 0x0c, 0x52, 0xe9, 0x29, 0xf3, 0xe7, 
  0x12, 0xa7, 0xf3, 0xc2, 0xd3, 0xf3, 0x03, 0x02, 0x70, 0xf6, 0x39, 0xf5, 
  0x28, 0x1b, 0x23, 0xc1, 0xed, 0x28, 0xf0, 0x34, 0x9b, 0xe8, 0xe9, 0x35, 
  0xe3, 0xf3, 0x0f, 0xd2, 0xe9, 0xee, 0x58, 0xdd, 0xd3, 0xde, 0x0e, 0x2b, 
  0x0f, 0x30, 0x2a, 0x1a, 0x33, 0x2c, 0x29, 0xa5, 0x45, 0xa1, 0xd6, 0xc9, 
  0xab, 0xc9, 0x2e, 0xef, 0x07, 0xf3, 0xf1, 0x15, 0x1e, 0xd1, 0x0b, 0x63, 
  0x0d, 0xf1, 0x55, 0xe7, 0xb5, 0x32, 0x3c, 0xdb, 0xdd, 0x40, 0xce, 0x4b, 
  0x4a, 0x01, 0xd8, 0xc6, 0x41, 0x0a, 0xb4, 0xa3, 0xad, 0x77, 0x9c, 0xed, 
  0xea, 0xe5, 0x57, 0xdd, 0xa9, 0xc7, 0xb3, 0x0e, 0x32, 0x48, 0x0e, 0x97, 
  0xd8, 0xa3, 0xcf, 0xc7, 0x86, 0xfc, 0x47, 0xf6, 0x7a, 0xdd, 0x7f, 0x0d, 
  0xf0, 0x17, 0x19, 0xed, 0x3b, 0xc4, 0xa0, 0x57, 0x24, 0xbc, 0x0d, 0x14, 
  0x3a, 0x41, 0xe5, 0xdb, 0x4b, 0xec, 0x62, 0xc5, 0xe7, 0xef, 0x08, 0xb0, 
  0xa6, 0x14, 0xe7, 0x50, 0x43, 0xc2, 0xe3, 0xaf, 0x4b, 0x1c, 0xf4, 0x92, 
  0x53, 0xd3, 0xef, 0x12, 0x45, 0x09, 0x37, 0x17, 0xf9, 0x17, 0x23, 0xfc, 
  0xcf, 0xf8, 0x0e, 0xab, 0xce, 0xb1, 0xcc, 0x4d, 0xbf, 0xde, 0x50, 0x20, 
  0x27, 0xd3, 0x13, 0xf2, 0x31, 0xef, 0xb4, 0x3a, 0x35, 0xf1, 0xf5, 0x1a, 
  0xff, 0xb0, 0xfc, 0xf1, 0x2c, 0xbe, 0x9d, 0x8d, 0xa9, 0x53, 0xec, 0x2d, 
  0xe2, 0xae, 0x0b, 0xe5, 0x30, 0xd3, 0x05, 0x01, 0x71, 0xe5, 0x22, 0xc2, 
  0xe1, 0x07, 0xce, 0x15, 0xce, 0xc4, 0xfc, 0x38, 0xe9, 0x26, 0x39, 0x03, 
  0xa9, 0xe4, 0xfb, 0xd2, 0x11, 0x32, 0xdd, 0xcf, 0xbc, 0xf8, 0xed, 0xf7, 
  0xd3, 0x02, 0xc3, 0xc8, 0x36, 0x95, 0xca, 0xbf, 0xef, 0xca, 0x81, 0x10, 
  0xc1, 0xdf, 0x45, 0x17, 0x1f, 0x2a, 0x30, 0x1e, 0xfc, 0xd0, 0x99, 0x27, 
  0xf2, 0x4a, 0xd7, 0x0d, 0x3b, 0xd1, 0xf2, 0x2c, 0x12, 0x4d, 0xeb, 0x15, 
  0xe5, 0xea, 0x2e, 0xa0, 0x4a, 0x07, 0xb4, 0x31, 0x26, 0xe5, 0x37, 0x39, 
  0x10, 0xaf, 0xd1, 0x81, 0xad, 0xb3, 0x95, 0xd7, 0x90, 0x38, 0x04, 0x31, 
  0xc6, 0xb4, 0x8a, 0xdf, 0x68, 0x2b, 0x39, 0xb2, 0x48, 0xf0, 0x51, 0x30, 
  0xe6, 0x05, 0xbd, 0xb5, 0xf2, 0x0e, 0x4c, 0x1c, 0xe5, 0xb9, 0x29, 0xf5, 
  0xda, 0xff, 0xa3, 0x1e, 0x21, 0xe4, 0xb0, 0x0e, 0xa1, 0xef, 0x34, 0x4b, 
  0x01, 0x46, 0x40, 0xa7, 0x64, 0xcd, 0xe2, 0x9b, 0x1b, 0x07, 0x1e, 0xd4, 
  0xcc, 0x1e, 0x44, 0x35, 0xfc, 0x86, 0xd1, 0xc1, 0x17, 0x2a, 0xe4, 0xf3, 
  0x15, 0x32, 0x81, 0xf5, 0x31, 0xc6, 0xbe, 0x18, 0x0d, 0x0a, 0x21, 0xc9, 
  0x3e, 0x08, 0x23, 0xb6, 0xf8, 0xac, 0xf8, 0xf0, 0xe9, 0xee, 0x21, 0x01, 
  0xdf, 0x9c, 0x5d, 0xd9, 0xeb, 0x2d, 0xc2, 0x1a, 0xe3, 0x1f, 0xe5, 0x0d, 
  0xc4, 0x1e, 0xf6, 0xef, 0x2e, 0xf9, 0x2f, 0xf3, 0xef, 0x29, 0x13, 0x39, 
  0x1d, 0x21, 0x11, 0x3b, 0xf6, 0xeb, 0xd5, 0xdf, 0xba, 0xd1, 0xd7, 0x98, 
  0xed, 0xc4, 0x10, 0xc5, 0xea, 0x0d, 0x97, 0xc7, 0x1f, 0xc6, 0xee, 0xed, 
  0x02, 0x2a, 0xc3, 0x24, 0x25, 0xe3, 0xcd, 0xfb, 0x03, 0x0f, 0xd1, 0xf9, 
  0xcc, 0xcb, 0x07, 0x20, 0xda, 0xa3, 0xdc, 0xe6, 0x45, 0xff, 0xf7, 0x46, 
  0x96, 0x54, 0x60, 0xdb, 0x37, 0x25, 0x1b, 0x8f, 0xf4, 0xc3, 0xe7, 0xb0, 
  0x57, 0xc7, 0x3a, 0x54, 0xd9, 0x34, 0x0f, 0x19, 0x81, 0x0c, 0x50, 0xfc, 
  0xd5, 0x3e, 0x1d, 0x3e, 0xac, 0xae, 0xfe, 0xdb, 0x48, 0x57, 0x21, 0xc7, 
  0x25, 0xad, 0x3e, 0x25, 0xb0, 0xfc, 0x25, 0xe9, 0x9d, 0x23, 0x30, 0x14, 
  0xf9, 0xbe, 0xb1, 0x21, 0xca, 0x0b, 0xea, 0x2f, 0xd4, 0x47, 0xee, 0xde, 
  0x14, 0x71, 0x49, 0xab, 0x8c, 0xa6, 0x6b, 0x24, 0x2a, 0x14, 0xaf, 0x9a, 
  0x9b, 0xc6, 0xda, 0x43, 0xfd, 0x4b, 0xff, 0x4f, 0x66, 0x16, 0xee, 0xec, 
  0x3b, 0x7f, 0xd9, 0x1f, 0x23, 0x32, 0xc2, 0x16, 0xb5, 0x22, 0x28, 0x05, 
  0x2c, 0x99, 0x2a, 0x21, 0xbb, 0x12, 0x07, 0x35, 0xb3, 0x8e, 0x13, 0x34, 
  0x9f, 0x27, 0xfd, 0x5a, 0xd3, 0x58, 0x66, 0xea, 0x13, 0x14, 0xae, 0x43, 
  0x4b, 0x0a, 0x81, 0x40, 0x63, 0x40, 0xd4, 0xa1, 0x09, 0x06, 0x1a, 0x02, 
  0x26, 0xf9, 0xd8, 0x0b, 0xaa, 0x44, 0xaa, 0x1e, 0x01, 0x5f, 0x11, 0xd4, 
  0xbd, 0xfa, 0x10, 0x89, 0x3a, 0xaa, 0xf4, 0x0d, 0x4c, 0xf9, 0xc0, 0x00, 
  0x1d, 0xf1, 0x17, 0xb0, 0x28, 0xff, 0x78, 0xe4, 0xac, 0x54, 0x00, 0xe5, 
  0x8e, 0x9a, 0xe8, 0xb8, 0xe6, 0xbd, 0xb0, 0xf3, 0xe7, 0xe1, 0xff, 0x07, 
  0x5b, 0xdd, 0x8e, 0xf1, 0xd2, 0x1b, 0xa5, 0x4a, 0xbe, 0x05, 0x26, 0xa4, 
  0xe7, 0x03, 0xef, 0xbb, 0xcd, 0x1f, 0xfa, 0x32, 0xee, 0xc6, 0x0d, 0x03, 
  0x00, 0xc1, 0xaa, 0xd7, 0x03, 0x40, 0xb8, 0x41, 0xe6, 0xb5, 0xe6, 0x3d, 
  0xc9, 0x10, 0xd7, 0xde, 0xf1, 0xf9, 0xcd, 0xa0, 0xe4, 0x2b, 0x03, 0xfc, 
  0xbd, 0xd6, 0x28, 0x2c, 0x17, 0x23, 0x29, 0xc7, 0x0a, 0xb3, 0xee, 0x03, 
  0xe5, 0xec, 0x2d, 0xd5, 0x37, 0xe1, 0xec, 0xdf, 0x1c, 0xa2, 0xd5, 0xab, 
  0xe1, 0xaa, 0x08, 0x04, 0x25, 0x26, 0x81, 0x05, 0xeb, 0x08, 0x10, 0x4f, 
  0x1a, 0x30, 0xf6, 0x43, 0xfb, 0xb2, 0x12, 0x03, 0xfe, 0xff, 0x36, 0xf1, 
  0xe1, 0x04, 0x14, 0xce, 0xfd, 0x08, 0x3d, 0xd1, 0xde, 0xba, 0xf8, 0xcc, 
  0xf8, 0x2c, 0x89, 0x2a, 0x12, 0xcc, 0xf4, 0x36, 0x13, 0x17, 0x44, 0x1e, 
  0x10, 0x3b, 0xad, 0x34, 0x0b, 0x1a, 0xc6, 0x4f, 0xf9, 0x07, 0x1a, 0xeb, 
  0x3f, 0xbf, 0x27, 0x85, 0xb9, 0x14, 0x02, 0x9d, 0x33, 0xee, 0xcd, 0xff, 
  0xb5, 0xca, 0x21, 0x3b, 0xe2, 0xd1, 0x11, 0xdf, 0xb8, 0xf8, 0x03, 0xa4, 
  0xe4, 0x33, 0x03, 0x4b, 0xf9, 0xd5, 0x07, 0x03, 0x0c, 0xc0, 0x54, 0x81, 
  0xbb, 0xec, 0xc2, 0xc5, 0xdf, 0xed, 0x07, 0x26, 0xe1, 0xe9, 0xa7, 0xd1, 
  0xf3, 0xf0, 0xe9, 0xc0, 0x2d, 0xed, 0xdc, 0x0b, 0x1b, 0x18, 0xc1, 0x14, 
  0x0c, 0xfd, 0x0c, 0xf5, 0x17, 0x04, 0x11, 0xdd, 0x4b, 0x57, 0x12, 0xc4, 
  0x2b, 0x40, 0x60, 0xf5, 0xb4, 0xfe, 0x12, 0x06, 0xac, 0xe2, 0xd4, 0xba, 
  0x73, 0xeb, 0xd6, 0xb7, 0xb1, 0x34, 0x3b, 0xdf, 0xa5, 0xce, 0x4f, 0xb9, 
  0xe3, 0x18, 0x5e, 0x35, 0xa4, 0x1b, 0x0e, 0xa9, 0xb1, 0xc0, 0x2f, 0xff, 
  0xcc, 0xc0, 0x91, 0xbe, 0x56, 0x10, 0xf4, 0xc6, 0xc9, 0x5a, 0xd7, 0x30, 
  0xbd, 0x83, 0x3e, 0xb8, 0xcf, 0xe1, 0xab, 0x31, 0xc3, 0x11, 0x69, 0x65, 
  0xbd, 0xa3, 0xa5, 0xbb, 0xdf, 0xec, 0x13, 0xc1, 0xa2, 0x18, 0xd9, 0xe6, 
  0xf1, 0x24, 0xf6, 0xa0, 0x3c, 0x1f, 0x4b, 0x10, 0x45, 0x84, 0xd9, 0x32, 
  0x13, 0x6d, 0x9a, 0xc1, 0xb6, 0x66, 0x0a, 0x7f, 0xe6, 0xf2, 0x0e, 0xda, 
  0xed, 0xfc, 0x39, 0xfe, 0x0e, 0xe7, 0x27, 0xe2, 0xd5, 0x21, 0xd9, 0xec, 
  0x24, 0x22, 0xff, 0xfb, 0xd3, 0xd2, 0x58, 0x20, 0x39, 0x33, 0xc9, 0xf0, 
  0x09, 0x29, 0xc0, 0xfb, 0x06, 0xe3, 0x12, 0x19, 0x26, 0x4e, 0x38, 0x26, 
  0xf6, 0xd9, 0xfd, 0xbe, 0x41, 0x2b, 0xdc, 0xf4, 0xdc, 0x16, 0x3d, 0x53, 
  0xe0, 0x09, 0x2d, 0x01, 0x00, 0x2a, 0x81, 0xf0, 0x53, 0xee, 0xea, 0xcc, 
  0xcf, 0x2d, 0x38, 0xd3, 0xe6, 0x13, 0xd0, 0x0a, 0xd4, 0x2a, 0x57, 0xd3, 
  0xce, 0xbd, 0x18, 0xfb, 0xf9, 0xd2, 0x23, 0x16, 0xe7, 0xf7, 0x56, 0x0f, 
  0x32, 0xd2, 0x8c, 0x49, 0xf5, 0x2c, 0xdb, 0xd0, 0xcb, 0xee, 0xad, 0xc4, 
  0xce, 0x11, 0x50, 0xbe, 0xfa, 0xec, 0xb1, 0x84, 0xdc, 0x17, 0x9f, 0xf6, 
  0x10, 0x92, 0xdd, 0x9c, 0x1e, 0x0e, 0x13, 0xf4, 0xf0, 0x4b, 0xfe, 0x23, 
  0xd5, 0x56, 0x15, 0x1c, 0xee, 0xcd, 0x39, 0xdc, 0x41, 0xfc, 0x49, 0xe1, 
  0xa8, 0x18, 0x51, 0xcb, 0xe6, 0xee, 0xbc, 0x0d, 0xbc, 0x45, 0xbe, 0xa8, 
  0x5e, 0xe5, 0x3b, 0x9b, 0x0a, 0x4a, 0xa1, 0x4b, 0x94, 0xb7, 0xdd, 0x02, 
  0xd7, 0xba, 0x46, 0x24, 0xee, 0x37, 0x6a, 0xf3, 0xbf, 0x3d, 0x81, 0xb9, 
  0xa1, 0x0a, 0x24, 0xd8, 0x18, 0xbf, 0x3b, 0x2b, 0x23, 0xc3, 0x14, 0xfb, 
  0x06, 0x73, 0xc4, 0x3f, 0xbb, 0xd1, 0x40, 0x05, 0xbe, 0xc0, 0x36, 0x32, 
  0x59, 0x21, 0x61, 0x0c, 0x20, 0x4f, 0x24, 0x37, 0x37, 0xfb, 0xca, 0x30, 
  0xc7, 0x17, 0x4d, 0xf2, 0xbe, 0xc1, 0x61, 0xae, 0x7f, 0x2f, 0xa0, 0x06, 
  0xff, 0xb5, 0x1b, 0x2a, 0x47, 0xef, 0x0c, 0x2d, 0xf6, 0xe1, 0xfd, 0xf3, 
  0xc2, 0x21, 0xca, 0xb3, 0x0c, 0xd1, 0xfc, 0x51, 0xc0, 0xcb, 0xdc, 0xbf, 
  0xa7, 0x40, 0x42, 0x4b, 0x4d, 0x0e, 0xe1, 0xbc, 0xab, 0xcf, 0x07, 0xfd, 
  0xc8, 0x18, 0xc5, 0xa9, 0xfc, 0xd9, 0x2f, 0x27, 0x25, 0x33, 0xe5, 0x44, 
  0x9c, 0x3a, 0xb7, 0x58, 0xd1, 0xf3, 0x50, 0x34, 0x3f, 0x2d, 0x3e, 0x3b, 
  0xe3, 0x60, 0xb4, 0x24, 0x2a, 0x23, 0xc6, 0xea, 0xf3, 0xaf, 0x43, 0x0f, 
  0x57, 0xee, 0x3a, 0x34, 0xce, 0xd9, 0x32, 0x19, 0xd4, 0xe4, 0xca, 0xed, 
  0xc0, 0x4e, 0xee, 0xef, 0x4c, 0xe9, 0x06, 0x54, 0x32, 0x2f, 0x1f, 0xdb, 
  0xb2, 0xdd, 0x40, 0x09, 0x3b, 0x30, 0x08, 0x3b, 0xc9, 0xbd, 0x35, 0xc3, 
  0xe6, 0x4d, 0x22, 0x2d, 0xbb, 0x0e, 0x98, 0xe2, 0x4c, 0xf6, 0xbc, 0x92, 
  0xbc, 0xd6, 0x04, 0xdf, 0xd2, 0x15, 0x20, 0x15, 0xa8, 0x0c, 0xcc, 0x73, 
  0xe8, 0x09, 0xa9, 0xb5, 0xc6, 0x29, 0x7f, 0x38, 0xda, 0xdd, 0xca, 0xe1, 
  0x1f, 0x40, 0x0a, 0x45, 0x50, 0xf2, 0x27, 0x23, 0xbf, 0xa8, 0xc0, 0x27, 
  0xed, 0xd1, 0x02, 0xf9, 0xa5, 0xfa, 0xd1, 0x6b, 0xb7, 0xce, 0xcb, 0xfb, 
  0xfa, 0xf1, 0xee, 0xba, 0xea, 0x16, 0xde, 0xcc, 0x35, 0x05, 0x97, 0xc0, 
  0xe5, 0xe1, 0x0f, 0x45, 0xcc, 0xc2, 0xcf, 0x4e, 0x36, 0x49, 0x3a, 0xf3, 
  0xe7, 0xf2, 0xd6, 0x4e, 0xaa, 0x24, 0x1e, 0x19, 0x51, 0x0a, 0x7f, 0xc4, 
  0x2c, 0x2a, 0x21, 0xc7, 0x10, 0x26, 0x25, 0x57, 0xc4, 0xaa, 0xee, 0x3c, 
  0x56, 0xea, 0xfc, 0xe8, 0xd4, 0x23, 0x01, 0xae, 0xf9, 0x2d, 0xe5, 0xdb, 
  0x4c, 0xc6, 0xdd, 0x11, 0x56, 0x29, 0x6d, 0xc5, 0x22, 0x38, 0x4d, 0x2d, 
  0x98, 0xc2, 0x22, 0x00, 0x04, 0xe4, 0xe5, 0xd7, 0x12, 0x4a, 0xa2, 0x2b, 
  0xf6, 0xe4, 0x30, 0x05, 0xf8, 0x25, 0xf4, 0x44, 0x54, 0xd7, 0xf0, 0xa9, 
  0xf1, 0x3b, 0xf9, 0x32, 0xe0, 0xd3, 0xbd, 0x04, 0x33, 0xf8, 0xe6, 0xa6, 
  0x3e, 0xd2, 0xa2, 0x4e, 0x83, 0x40, 0x54, 0xea, 0xd6, 0x86, 0xa0, 0x99, 
  0xda, 0x07, 0x33, 0xac, 0xe1, 0x21, 0xed, 0xfc, 0x3d, 0xac, 0xb1, 0x31, 
  0x28, 0xa9, 0xaa, 0x32, 0x25, 0xd8, 0x54, 0xe3, 0x2e, 0xc6, 0xbe, 0x4c, 
  0xd2, 0x47, 0x24, 0xdd, 0xe9, 0x19, 0x43, 0x46, 0x52, 0x1c, 0xe3, 0x13, 
  0x41, 0x20, 0x2f, 0x81, 0xa7, 0xbf, 0xac, 0x13, 0x53, 0x06, 0xfc, 0x2b, 
  0x4a, 0x01, 0x23, 0x4d, 0x9d, 0x22, 0x40, 0xeb, 0x10, 0xfd, 0xc4, 0x4b, 
  0x6e, 0x84, 0xde, 0x49, 0x17, 0xd5, 0xcf, 0xe4, 0xd9, 0x8b, 0x33, 0x01, 
  0xaf, 0x12, 0x0c, 0x3c, 0xaa, 0xfa, 0xe0, 0xf2, 0xc8, 0x7d, 0x26, 0xec, 
  0xcb, 0x0d, 0xc7, 0x9b, 0xb3, 0x03, 0x8b, 0xbb, 0xd4, 0xa7, 0xda, 0xb6, 
  0x73, 0xe0, 0x19, 0x4f, 0x08, 0xab, 0x8e, 0xe9, 0x52, 0x7f, 0x18, 0xa5, 
  0x49, 0xd6, 0x41, 0x05, 0xf1, 0x46, 0x0a, 0xa7, 0x45, 0xbb, 0x41, 0x3f, 
  0x57, 0x24, 0xd8, 0x2e, 0x2d, 0x9c, 0x3b, 0x06, 0x41, 0x73, 0x6f, 0xc3, 
  0xb3, 0x9c, 0x1b, 0x2c, 0xa8, 0xcf, 0x46, 0x34, 0xe2, 0x24, 0xf6, 0xbb, 
  0x29, 0x35, 0x14, 0x8b, 0xc7, 0xd5, 0x58, 0xbd, 0x44, 0xa2, 0xc9, 0xb2, 
  0xc0, 0x9d, 0xfa, 0xae, 0xc1, 0x37, 0x74, 0x49, 0xe0, 0xfd, 0xda, 0x3b, 
  0x19, 0xcd, 0x9e, 0x04, 0x02, 0xd2, 0xef, 0xd2, 0xe3, 0xbc, 0x43, 0x58, 
  0xe6, 0xdb, 0x2d, 0xdd, 0x5d, 0x37, 0x03, 0x45, 0xb3, 0x25, 0x3f, 0xed, 
  0x95, 0xc1, 0xb2, 0xfc, 0x0a, 0x4a, 0x3a, 0x37, 0xa9, 0x0c, 0xa7, 0x1b, 
  0xd8, 0xa5, 0x47, 0xe2, 0xa2, 0x30, 0xdf, 0xae, 0xd7, 0xf1, 0x24, 0x0d, 
  0xf4, 0x9d, 0x38, 0xdb, 0xfe, 0x06, 0x09, 0xb1, 0xfd, 0x14, 0xbc, 0xb4, 
  0xd3, 0x6f, 0x92, 0xfd, 0x98, 0xd2, 0xd8, 0x2f, 0xe0, 0xd8, 0x33, 0x0d, 
  0x44, 0xee, 0x2e, 0x38, 0x5f, 0x38, 0xef, 0x2f, 0xcd, 0x17, 0x0e, 0x28, 
  0x9b, 0xff, 0x7f, 0xd5, 0xed, 0xcb, 0xe2, 0xe6, 0xa2, 0x4e, 0x86, 0x19, 
  0x56, 0xa2, 0xe2, 0x7f, 0xd9, 0x42, 0xcc, 0xe5, 0x96, 0x42, 0xc5, 0x59, 
  0xe4, 0x08, 0xce, 0x4b, 0x30, 0x3b, 0x67, 0xb6, 0x15, 0xdf, 0xb6, 0xca, 
  0x10, 0x40, 0xa8, 0x30, 0x39, 0x51, 0xed, 0x67, 0x14, 0xba, 0x22, 0x1c, 
  0xd2, 0xd0, 0x56, 0xd0, 0x9e, 0xda, 0xb8, 0x68, 0xf9, 0x48, 0xa3, 0x6c, 
  0x90, 0xea, 0xb3, 0x45, 0xe1, 0xcb, 0xaf, 0x65, 0xcb, 0x68, 0xe0, 0xbd, 
  0xb3, 0x3c, 0x53, 0x0a, 0x21, 0x11, 0xe8, 0xd0, 0xf2, 0x58, 0x05, 0x3c, 
  0x2d, 0xd5, 0xe3, 0xc4, 0xde, 0xa1, 0x22, 0xcb, 0xfb, 0x34, 0x50, 0xc4, 
  0x53, 0xbb, 0xd6, 0x3d, 0xf0, 0x7c, 0x9c, 0xbe, 0x03, 0xe5, 0xcf, 0xea, 
  0x31, 0x1c, 0x20, 0x68, 0xba, 0xf2, 0xe9, 0xeb, 0xab, 0xd0, 0xe4, 0x52, 
  0x32, 0x7f, 0x36, 0x3c, 0xf4, 0xc1, 0xca, 0xac, 0x2b, 0xce, 0xc8, 0xc6, 
  0x68, 0x26, 0xed, 0x0c, 0x49, 0xeb, 0xe6, 0xee, 0xea, 0xc5, 0x10, 0x4a, 
  0x1f, 0x46, 0xdb, 0x2a, 0xbc, 0x20, 0xc0, 0x48, 0xa7, 0x15, 0x20, 0xd1, 
  0xab, 0x3c, 0xe4, 0x20, 0x22, 0xf9, 0xb2, 0xce, 0x30, 0x41, 0xfc, 0x07, 
  0xc8, 0xc8, 0xdb, 0xbb, 0x06, 0xbb, 0x3f, 0x53, 0xed, 0xe9, 0xdd, 0xf2, 
  0xac, 0x42, 0x18, 0x59, 0x29, 0x1f, 0xe7, 0x08, 0xcb, 0x4b, 0x02, 0xda, 
  0xed, 0x41, 0xaa, 0x4b, 0x60, 0x2c, 0x36, 0x53, 0x61, 0xcf, 0x58, 0x28, 
  0xff, 0xe9, 0x1f, 0x03, 0x1c, 0x5e, 0x25, 0xe0, 0xef, 0xb9, 0xb8, 0xae, 
  0x09, 0x1f, 0x30, 0x3d, 0xce, 0xc0, 0x2e, 0x3a, 0x65, 0x35, 0x0c, 0x37, 
  0x3b, 0xc2, 0xb3, 0x73, 0xe2, 0xb9, 0xdb, 0x1d, 0x71, 0xf7, 0x02, 0x7f, 
  0x3b, 0x51, 0xc8, 0x15, 0xb2, 0xf6, 0xe8, 0x50, 0x3d, 0xe4, 0xe7, 0xc5, 
  0xd2, 0xcc, 0x6c, 0xb5, 0x05, 0xf6, 0x0e, 0xb4, 0xcd, 0x45, 0x2a, 0x40, 
  0x34, 0xcc, 0x36, 0xad, 0xf4, 0xc7, 0x30, 0xc8, 0x4a, 0x5f, 0x61, 0x2d, 
  0xc3, 0x9e, 0x22, 0xf6, 0x9d, 0x6e, 0x56, 0xd5, 0x15, 0x55, 0xcd, 0x29, 
  0x65, 0xd0, 0xd5, 0x59, 0xe0, 0x4f, 0x24, 0x3a, 0x52, 0x50, 0xf9, 0x68, 
  0x3a, 0x46, 0x36, 0xbd, 0x17, 0xb7, 0x14, 0xbe, 0xfd, 0xdb, 0x2a, 0x3c, 
  0x9f, 0x55, 0x7f, 0xd2, 0x0f, 0x58, 0xef, 0xc1, 0x08, 0x4e, 0xc3, 0xa1, 
  0x97, 0xef, 0xbe, 0x4a, 0xff, 0xea, 0x41, 0xf5, 0xe2, 0xc6, 0x56, 0xe5, 
  0x4f, 0xf1, 0x1e, 0xa0, 0xaa, 0x03, 0x87, 0xb5, 0xfd, 0xd5, 0x68, 0x4c, 
  0x2d, 0xf0, 0xd6, 0x3a, 0xbb, 0xca, 0x9d, 0xf4, 0x48, 0x39, 0xb0, 0xb4, 
  0xea, 0xcd, 0x33, 0x3f, 0x0e, 0xcb, 0x77, 0xbf, 0xde, 0x4b, 0xd4, 0xf5, 
  0xd9, 0x55, 0x09, 0xc2, 0x3e, 0x63, 0xe6, 0x48, 0xc7, 0xe2, 0xed, 0xa2, 
  0xdb, 0xd7, 0x2e, 0x1e, 0xc7, 0xcb, 0x0a, 0x6d, 0x43, 0x88, 0x61, 0x1f, 
  0xea, 0x1e, 0xe4, 0x2c, 0x92, 0xd9, 0x6e, 0xb8, 0xb7, 0xa8, 0x2f, 0xb8, 
  0x1a, 0xc9, 0x1b, 0xf1, 0xdf, 0x11, 0xc5, 0xa0, 0xaf, 0x8f, 0x7f, 0x5f, 
  0xc5, 0x93, 0xb4, 0x87, 0x39, 0xae, 0x28, 0x28, 0x45, 0xb2, 0x40, 0xd6, 
  0x53, 0x33, 0x52, 0x69, 0x2f, 0x91, 0xc1, 0x52, 0xa9, 0x1d, 0x93, 0x42, 
  0x96, 0x6d, 0xef, 0x8d, 0xc3, 0x36, 0x18, 0x40, 0x75, 0x46, 0xa0, 0xbe, 
  0xe5, 0xc8, 0xa9, 0x22, 0xf7, 0x10, 0x92, 0x06, 0xbd, 0x15, 0xde, 0x10, 
  0x0a, 0xdb, 0x4e, 0xb1, 0x89, 0xe9, 0xcc, 0x35, 0xaa, 0x1b, 0x5d, 0xea, 
  0x46, 0xeb, 0xad, 0x67, 0xda, 0x2c, 0xb6, 0x3d, 0xec, 0x29, 0x13, 0xe9, 
  0x19, 0xdc, 0x3b, 0xcd, 0x08, 0xf0, 0xf4, 0xf5, 0xcd, 0x8c, 0xbb, 0x21, 
  0x28, 0x18, 0xe4, 0xb7, 0xe0, 0xf8, 0xd2, 0xf4, 0xd1, 0x28, 0x1a, 0xf5, 
  0x0e, 0x21, 0xb0, 0x13, 0xca, 0xd0, 0xf4, 0xcb, 0x37, 0xdc, 0x38, 0x17, 
  0x1a, 0xbb, 0x36, 0x36, 0x10, 0xd7, 0x17, 0x3b, 0x21, 0xea, 0xea, 0x6d, 
  0x11, 0x22, 0xfe, 0xe8, 0x28, 0xcc, 0xe1, 0xb0, 0x64, 0xe0, 0xf8, 0xf3, 
  0xbf, 0xea, 0x65, 0x23, 0x59, 0xc3, 0x08, 0x3b, 0x1e, 0xd0, 0xcf, 0x1a, 
  0xb4, 0x9b, 0x21, 0x5e, 0x2a, 0xbc, 0xe6, 0x41, 0xb6, 0x5f, 0x3b, 0x25, 
  0x42, 0xf7, 0x81, 0xe5, 0x3e, 0xd8, 0x3e, 0xdf, 0xef, 0xc4, 0x17, 0xcf, 
  0xea, 0xd4, 0xc3, 0x2a, 0x28, 0xd1, 0xbd, 0xde, 0x41, 0xd6, 0xcf, 0x52, 
  0x0a, 0x21, 0xbb, 0xcb, 0x02, 0xf5, 0x40, 0xec, 0xeb, 0x1f, 0x0a, 0x0b, 
  0xdf, 0x8a, 0xc8, 0xc3, 0xf3, 0x3d, 0xc4, 0xb6, 0xd0, 0x1d, 0xaa, 0xdd, 
  0x3b, 0xf2, 0xd2, 0x46, 0x4e, 0xc8, 0x14, 0xeb, 0xe0, 0x3c, 0x11, 0x48, 
  0x32, 0x10, 0xd3, 0xf5, 0x40, 0xdb, 0xf9, 0x1d, 0x00, 0xb0, 0xcb, 0x9b, 
  0x1e, 0x3f, 0x0f, 0x26, 0xe7, 0xb4, 0x81, 0x20, 0x0c, 0xfe, 0xbd, 0xb8, 
  0xc8, 0xda, 0x1a, 0xc8, 0xd1, 0xd2, 0xfd, 0xfc, 0x02, 0xe6, 0xcd, 0x18, 
  0xd7, 0x0d, 0x4e, 0xc1, 0xbb, 0x91, 0x2b, 0xaa, 0x23, 0x23, 0xfa, 0x58, 
  0x4d, 0xa9, 0x18, 0xbf, 0xe8, 0x11, 0xd0, 0xff, 0x3d, 0x42, 0x0e, 0xf4, 
  0x05, 0xf8, 0xe9, 0x2b, 0xfd, 0x1e, 0x44, 0x22, 0x2b, 0x60, 0x45, 0xd3, 
  0xdc, 0x53, 0x44, 0x41, 0x1b, 0xd3, 0xd2, 0x3a, 0xfd, 0xe8, 0x79, 0x27, 
  0xe9, 0xea, 0x25, 0xc7, 0x21, 0xf8, 0xaa, 0x24, 0xde, 0xcc, 0x15, 0x32, 
  0xbe, 0x15, 0xd9, 0x26, 0xe2, 0xf8, 0xb4, 0xfe, 0x04, 0x69, 0xcb, 0x3e, 
  0x26, 0xdd, 0x26, 0xf6, 0x3f, 0xa0, 0xee, 0xe7, 0x09, 0x06, 0x47, 0x1e, 
  0x2f, 0x0c, 0x30, 0x08, 0xc6, 0xfc, 0x24, 0x26, 0x1a, 0x26, 0xe5, 0xf7, 
  0xea, 0x0c, 0xea, 0xc3, 0xea, 0x42, 0xb0, 0x7f, 0xa2, 0xe7, 0xfc, 0xec, 
  0xbb, 0xa3, 0xeb, 0xbc, 0x35, 0xcb, 0xaf, 0xc4, 0x1a, 0x51, 0xb9, 0x07, 
  0x63, 0x0f, 0x30, 0x39, 0x28, 0x90, 0xae, 0x55, 0x07, 0x7e, 0xe4, 0x99, 
  0xc6, 0xd6, 0x5c, 0x6e, 0xdc, 0xd7, 0xf8, 0xb5, 0xbc, 0xb7, 0x1c, 0x17, 
  0x25, 0x5b, 0x0f, 0xa2, 0xf4, 0x17, 0x4e, 0x2d, 0xe7, 0xb4, 0xf1, 0xc0, 
  0xc9, 0xda, 0x59, 0xd0, 0xc8, 0x4f, 0x36, 0xf9, 0xa9, 0x19, 0x46, 0x69, 
  0x0f, 0xa1, 0x21, 0xea, 0x52, 0x0f, 0x44, 0x22, 0xb1, 0xf2, 0xab, 0x8e, 
  0xe4, 0xca, 0xef, 0x12, 0x03, 0xe2, 0x12, 0x25, 0x37, 0xd3, 0xd2, 0x00, 
  0x4e, 0x7f, 0x11, 0x92, 0xa0, 0xd9, 0xaf, 0x73, 0x32, 0x48, 0xfd, 0x02, 
  0xf4, 0x49, 0xb9, 0xb7, 0x2c, 0x05, 0xcb, 0x13, 0x02, 0xb5, 0xc9, 0x10, 
  0x27, 0xd0, 0xe9, 0xc1, 0xdf, 0x1e, 0x42, 0x0c, 0x41, 0xfe, 0x0b, 0x00, 
  0xfe, 0xcc, 0xfb, 0x8f, 0x32, 0x28, 0xf0, 0xd3, 0x2f, 0xd6, 0xd1, 0x35, 
  0xd6, 0x44, 0x04, 0xdb, 0xe5, 0x2f, 0x20, 0xdb, 0xf2, 0x2a, 0x07, 0xf7, 
  0xe9, 0xe2, 0x0e, 0x41, 0xd3, 0xd7, 0x60, 0xe1, 0x2c, 0xa3, 0xf4, 0xbb, 
  0xbb, 0xe0, 0xf9, 0x01, 0xe2, 0xe4, 0xc5, 0xd2, 0xc8, 0xdc, 0xda, 0x38, 
  0xdf, 0xc3, 0x30, 0x32, 0xd8, 0x2c, 0xcc, 0xd5, 0x0f, 0x15, 0xda, 0xdf, 
  0xf7, 0x1b, 0xff, 0x32, 0xf5, 0x10, 0x00, 0x81, 0x50, 0xbe, 0x5d, 0x96, 
  0x6e, 0xae, 0x13, 0x32, 0x27, 0xe6, 0xe4, 0x5f, 0x3a, 0xbd, 0xd4, 0xfb, 
  0xa0, 0x26, 0x41, 0xc0, 0xb3, 0xf5, 0xa8, 0xa7, 0xc2, 0xc0, 0x25, 0x27, 
  0x4e, 0xc0, 0x02, 0x0d, 0x3a, 0x10, 0x08, 0x12, 0xbc, 0xb2, 0x06, 0x2e, 
  0x21, 0x4c, 0x34, 0xb6, 0xe1, 0xe5, 0xfb, 0x58, 0xc7, 0x06, 0x0d, 0x0e, 
  0x68, 0xd5, 0xf2, 0x20, 0xc2, 0x56, 0x07, 0x5b, 0xbd, 0x4f, 0xc3, 0x9a, 
  0xed, 0x41, 0x26, 0x6a, 0x23, 0x9f, 0x2c, 0x34, 0x6e, 0x3a, 0x16, 0x54, 
  0x52, 0x61, 0xb2, 0x30, 0x90, 0x60, 0x8a, 0x53, 0x53, 0xf3, 0x1d, 0x8e, 
  0x3a, 0x3d, 0xdd, 0xb3, 0x05, 0x42, 0x97, 0x81, 0xec, 0x0e, 0x26, 0xce, 
  0x0c, 0x4e, 0xec, 0xbe, 0xeb, 0xdf, 0xa9, 0xce, 0xfd, 0x3f, 0x0d, 0xb7, 
  0xed, 0x0b, 0x2c, 0xf5, 0x3d, 0xc8, 0x1e, 0xcc, 0x2e, 0xc0, 0xc8, 0xe2, 
  0xca, 0xee, 0x01, 0xa8, 0xf1, 0x16, 0xe4, 0x08, 0xb4, 0xeb, 0x81, 0x12, 
  0xd5, 0xac, 0xea, 0x43, 0x3d, 0xc8, 0xdd, 0x0a, 0xe7, 0x08, 0xea, 0xf6, 
  0x23, 0x05, 0xbf, 0x22, 0x0c, 0xf8, 0x3a, 0xfd, 0xdd, 0x00, 0xe6, 0xff, 
  0x05, 0x07, 0x16, 0x03, 0x1c, 0xfb, 0xfc, 0x3c, 0x17, 0x35, 0xed, 0xc1, 
  0xc4, 0xcd, 0x20, 0xe1, 0xe1, 0xf6, 0xc5, 0xb8, 0xda, 0x07, 0xa4, 0x3c, 
  0xf1, 0x11, 0xf8, 0xb1, 0x2b, 0xe0, 0x2a, 0xaf, 0x2d, 0x11, 0xfe, 0x39, 
  0xca, 0x12, 0x0f, 0x4b, 0x72, 0x4c, 0x3c, 0xe1, 0x16, 0x58, 0xe5, 0x6b, 
  0x18, 0xfd, 0xb5, 0x62, 0x15, 0xd4, 0x02, 0xff, 0x22, 0x33, 0x1d, 0x72, 
  0x2f, 0x12, 0x11, 0x13, 0x74, 0xe6, 0xed, 0x26, 0x31, 0xc3, 0xdf, 0x25, 
  0xea, 0xe1, 0x4d, 0xd6, 0x38, 0xbd, 0xef, 0x30, 0xbc, 0x7f, 0x23, 0xf1, 
  0x10, 0xc4, 0xfa, 0xef, 0x45, 0xcd, 0xe3, 0x0a, 0x6b, 0xde, 0xd1, 0xf9, 
  0x03, 0x38, 0x06, 0x1b, 0xfe, 0x11, 0xc3, 0x52, 0x0b, 0xd0, 0xe5, 0x3b, 
  0x49, 0xb3, 0x1b, 0xeb, 0x28, 0x3e, 0xdc, 0xf6, 0x3c, 0x1f, 0xf4, 0xe2, 
  0x4d, 0xdf, 0xca, 0xdb, 0x34, 0xee, 0x12, 0x2d, 0xfb, 0x3f, 0x42, 0xc6, 
  0xe3, 0x9b, 0x27, 0x19, 0x3a, 0x64, 0x37, 0x34, 0x33, 0xe0, 0x26, 0x33, 
  0xc2, 0xd8, 0xdb, 0x2c, 0x81, 0xed, 0x0e, 0xb6, 0x0d, 0x3b, 0xed, 0xee, 
  0xd4, 0x1f, 0xb7, 0xd4, 0xbd, 0xdb, 0x1d, 0xea, 0x43, 0xfb, 0x67, 0xc8, 
  0x37, 0xc3, 0xc0, 0xd4, 0xda, 0xee, 0x33, 0xca, 0xde, 0xda, 0x37, 0x41, 
  0xf4, 0x22, 0xf2, 0xd6, 0x37, 0x50, 0xf1, 0xe4, 0x5b, 0x21, 0xd9, 0x10, 
  0x16, 0x1c, 0xab, 0xc9, 0x36, 0x9c, 0x46, 0x5c, 0xe5, 0xd5, 0x42, 0xb7, 
  0xf7, 0x18, 0x9f, 0xab, 0x15, 0xfc, 0xdb, 0x1b, 0xc0, 0x0c, 0x20, 0x26, 
  0x58, 0x26, 0xb5, 0xe1, 0x3b, 0x59, 0x22, 0x03, 0x5b, 0xf0, 0xba, 0x0e, 
  0x8d, 0x5c, 0x6f, 0x23, 0xe4, 0x62, 0x29, 0xb0, 0x24, 0xe2, 0xb6, 0x12, 
  0x78, 0x15, 0x38, 0xf9, 0x4a, 0x0c, 0xb1, 0x82, 0x27, 0x53, 0x0e, 0x02, 
  0x04, 0xed, 0x7a, 0x13, 0x9a, 0x3f, 0x24, 0x6b, 0x2b, 0x03, 0x62, 0xd1, 
  0x82, 0xc6, 0xb9, 0x81, 0xf1, 0x42, 0x2c, 0x45, 0x34, 0x58, 0x7a, 0x3a, 
  0x34, 0xde, 0x8f, 0x5f, 0x4f, 0xc1, 0x22, 0xf4, 0x0d, 0x4e, 0xc1, 0xe1, 
  0xfe, 0x4a, 0x5b, 0xe1, 0x05, 0x33, 0x71, 0xb9, 0xf9, 0xcb, 0x53, 0x1b, 
  0x38, 0x55, 0x07, 0xec, 0xa8, 0x8e, 0x26, 0x51, 0x30, 0xe2, 0xe8, 0x18, 
  0x4f, 0x13, 0xec, 0xae, 0x56, 0x50, 0x00, 0x44, 0x22, 0xec, 0xe8, 0x81, 
  0xd8, 0x2f, 0x2c, 0x2c, 0xb5, 0xb4, 0x3a, 0x23, 0x0e, 0x47, 0xf3, 0xc1, 
  0x07, 0xd8, 0x04, 0x18, 0xd6, 0x59, 0x30, 0x00, 0xd4, 0xb1, 0x97, 0x1b, 
  0x23, 0xa6, 0x2d, 0xb7, 0x38, 0xf0, 0xb7, 0xc6, 0xfd, 0xdc, 0x0b, 0x51, 
  0xd4, 0x19, 0x49, 0x50, 0x15, 0x48, 0x15, 0xda, 0x1f, 0xd0, 0x47, 0xda, 
  0xfa, 0xad, 0xd7, 0x9a, 0x5f, 0x00, 0x8c, 0x25, 0x6b, 0x0e, 0xc6, 0x07, 
  0x98, 0x35, 0x1e, 0xba, 0xb6, 0x49, 0x10, 0x08, 0x24, 0x91, 0x49, 0x37, 
  0xfe, 0x12, 0xc6, 0x49, 0x8b, 0xb0, 0x98, 0xc3, 0x01, 0xe1, 0xb4, 0xd2, 
  0x33, 0x9f, 0x94, 0xc4, 0x5d, 0x13, 0x3b, 0xa7, 0x01, 0xb2, 0x08, 0x31, 
  0xf6, 0xea, 0xd0, 0xcb, 0xf3, 0x3b, 0x15, 0xef, 0xc2, 0x52, 0xf5, 0xdc, 
  0xbb, 0xe1, 0xb2, 0xfe, 0x37, 0x03, 0x43, 0x36, 0x58, 0xca, 0xca, 0xc2, 
  0xc8, 0xa7, 0xb2, 0xe6, 0x0e, 0x4b, 0xad, 0xaa, 0xe5, 0x38, 0x85, 0xf3, 
  0xbe, 0x39, 0xfb, 0x4e, 0xf4, 0x62, 0xff, 0xfb, 0xca, 0x34, 0xa6, 0x42, 
  0x32, 0x1b, 0x41, 0x1f, 0xd1, 0x81, 0x3e, 0xf6, 0x5a, 0xe4, 0xd8, 0xef, 
  0xab, 0xee, 0xe8, 0xff, 0xf8, 0x28, 0xce, 0x52, 0x2c, 0x23, 0x5e, 0x35, 
  0x3c, 0xf9, 0x02, 0x57, 0xa1, 0x20, 0xed, 0x1e, 0x49, 0x13, 0xc7, 0xaa, 
  0xd1, 0xbe, 0x5d, 0x0b, 0xb7, 0xf7, 0x43, 0xa5, 0x36, 0xbf, 0xca, 0xe4, 
  0xf0, 0xee, 0x71, 0xde, 0x08, 0x12, 0x38, 0xca, 0xc4, 0xaf, 0xf4, 0xe3, 
  0x00, 0x51, 0x99, 0xf7, 0xcf, 0x39, 0x7d, 0xcd, 0x6a, 0x42, 0x81, 0x5b, 
  0x2a, 0xe6, 0x31, 0xc2, 0x4c, 0xdd, 0xbe, 0x4b, 0x75, 0xd4, 0xfb, 0x0a, 
  0x12, 0xe9, 0x04, 0xde, 0x3d, 0xfa, 0x3b, 0x10, 0x20, 0x5c, 0xd6, 0x57, 
  0x25, 0x16, 0x16, 0x1e, 0xd4, 0x13, 0xaa, 0xe0, 0xf0, 0x09, 0xa2, 0x0a, 
  0xe2, 0x04, 0xd1, 0x97, 0x51, 0xf6, 0x41, 0xda, 0xff, 0x00, 0x00, 0x1b, 
  0xd8, 0x31, 0x59, 0x32, 0xf9, 0x19, 0xa7, 0x0e, 0xaf, 0x66, 0x3b, 0x8f, 
  0x5d, 0xcb, 0xfc, 0x42, 0xcd, 0x6a, 0x8e, 0x69, 0xe5, 0x14, 0xf6, 0x46, 
  0xd3, 0x9b, 0x7f, 0x2b, 0x38, 0xf8, 0xc9, 0xc6, 0xf7, 0x25, 0x17, 0xc0, 
  0x08, 0xa8, 0xc1, 0x08, 0x3a, 0xef, 0x09, 0xd4, 0xad, 0x33, 0x1f, 0x12, 
  0x27, 0x3c, 0x28, 0x57, 0xfd, 0xbf, 0xd7, 0x06, 0xef, 0xb0, 0x31, 0xb7, 
  0x20, 0x2e, 0xac, 0xe4, 0xb4, 0x1b, 0xb2, 0xd0, 0xe0, 0x26, 0xc5, 0x0a, 
  0x36, 0xf7, 0x2a, 0x15, 0x23, 0x17, 0x2f, 0x26, 0x17, 0x35, 0x48, 0xf2, 
  0xfa, 0xbd, 0x1c, 0x3b, 0x3a, 0x0b, 0x33, 0xd5, 0xc9, 0xfc, 0xf3, 0xed, 
  0xfe, 0x34, 0x14, 0xfb, 0x58, 0xcd, 0xb8, 0xb8, 0x19, 0xf5, 0x0f, 0xdc, 
  0xdf, 0x1b, 0x36, 0xa0, 0xe8, 0x11, 0x44, 0xf7, 0x23, 0xdb, 0x2e, 0xf4, 
  0xe3, 0xe5, 0xb5, 0xe3, 0xae, 0x03, 0xe8, 0x15, 0x2e, 0x27, 0x38, 0xc0, 
  0xca, 0xfc, 0xfd, 0x19, 0xd2, 0x22, 0xb9, 0x35, 0x4d, 0x09, 0xe8, 0x3e, 
  0x94, 0xd0, 0x05, 0x24, 0x01, 0xe4, 0x98, 0xe4, 0xb3, 0xd8, 0x17, 0x8f, 
  0xb9, 0x3c, 0x9d, 0xa4, 0x36, 0x7a, 0xcd, 0xde, 0x5e, 0xad, 0x1b, 0x27, 
  0xd7, 0xdf, 0xce, 0xda, 0x47, 0x2f, 0x6a, 0x39, 0xa5, 0x44, 0x39, 0xe3, 
  0xb1, 0x3c, 0x4e, 0x53, 0xd9, 0x34, 0x81, 0x3c, 0x4f, 0x23, 0xd7, 0x4b, 
  0x2b, 0x26, 0xb6, 0xa1, 0x5b, 0xcc, 0xab, 0xb4, 0xfe, 0x5e, 0xf7, 0x73, 
  0x26, 0xb5, 0x30, 0x97, 0x98, 0xb8, 0xcb, 0xcf, 0x1e, 0x28, 0x37, 0xd7, 
  0x2a, 0x2d, 0x3a, 0x3c, 0x58, 0x2a, 0xb1, 0x28, 0xde, 0xcc, 0x4a, 0x21, 
  0x0e, 0x21, 0x0b, 0xd9, 0x00, 0x7f, 0x60, 0xc9, 0xd6, 0x19, 0x2d, 0x10, 
  0x2b, 0x0f, 0x21, 0x00, 0x20, 0x0e, 0xf6, 0x32, 0xe7, 0x15, 0xfd, 0x61, 
  0x1f, 0xc0, 0x25, 0xba, 0xb3, 0xaa, 0xf6, 0x62, 0x10, 0xdd, 0xba, 0x10, 
  0xbe, 0xed, 0x4a, 0x0d, 0xce, 0x0c, 0xb8, 0x0c, 0xd8, 0x13, 0xfa, 0x3e, 
  0xcc, 0xd3, 0x4a, 0xe0, 0x78, 0xed, 0x2d, 0xdc, 0x4d, 0xe5, 0xe8, 0x11, 
  0xb0, 0xf3, 0x63, 0x1d, 0xdd, 0xd2, 0xe9, 0xd6, 0xa5, 0x09, 0x54, 0x2a, 
  0x2d, 0xe2, 0xf7, 0x1e, 0xef, 0x4a, 0xec, 0xf5, 0x42, 0x27, 0x39, 0xbe, 
  0x30, 0x1d, 0x6e, 0x37, 0x03, 0xf7, 0x04, 0x22, 0xef, 0x32, 0x07, 0xdb, 
  0xcc, 0x56, 0x30, 0x04, 0x10, 0x14, 0x14, 0xdf, 0xfe, 0xdf, 0xa6, 0x00, 
  0x1b, 0xda, 0x26, 0x0b, 0x04, 0x1b, 0xe9, 0x3d, 0x0b, 0xf3, 0x5c, 0x10, 
  0x31, 0xd6, 0xdb, 0x16, 0xbd, 0xd6, 0xc6, 0x23, 0xc1, 0x18, 0xc0, 0x2d, 
  0x21, 0x31, 0x3b, 0x0d, 0x3f, 0xf0, 0xba, 0xc6, 0x07, 0xcc, 0x33, 0x32, 
  0xee, 0xb5, 0x3b, 0xe5, 0x4a, 0x81, 0x58, 0x33, 0xc1, 0x36, 0xb8, 0x2c, 
  0xa7, 0xf2, 0xd3, 0x0d, 0x21, 0xc9, 0xc1, 0x3e, 0x20, 0x2f, 0x16, 0xb0, 
  0x2b, 0xe3, 0x9f, 0xd9, 0xd0, 0xf6, 0x1b, 0xfc, 0xc5, 0x09, 0xaa, 0x5d, 
  0xff, 0x45, 0x69, 0x17, 0x3e, 0xd1, 0x60, 0x9b, 0xb1, 0xb5, 0x53, 0x0a, 
  0xd5, 0xc5, 0x18, 0xd7, 0xb4, 0x46, 0xfa, 0xb1, 0x88, 0x36, 0x9f, 0xad, 
  0x09, 0xeb, 0x04, 0x37, 0xe5, 0x00, 0x07, 0xae, 0xcf, 0x4c, 0x05, 0xde, 
  0x38, 0x42, 0x15, 0xe1, 0x45, 0x29, 0xb7, 0x5c, 0x24, 0xd6, 0xee, 0xdc, 
  0x71, 0xf3, 0x5e, 0x7f, 0xe8, 0xd2, 0x01, 0x86, 0xfa, 0x04, 0x23, 0x68, 
  0xd8, 0x36, 0xa1, 0x73, 0xce, 0xa3, 0x14, 0xd3, 0x30, 0x4c, 0xba, 0x99, 
  0x48, 0x33, 0x91, 0xd1, 0xcb, 0xd0, 0x22, 0x14, 0x45, 0xf4, 0x37, 0xce, 
  0x1d, 0xe6, 0x24, 0xd1, 0x47, 0x71, 0xa4, 0x48, 0x39, 0xc5, 0xf5, 0xb1, 
  0x0a, 0x05, 0xc2, 0xd0, 0x21, 0xe0, 0x02, 0xcd, 0x2a, 0x23, 0xde, 0xea, 
  0xa6, 0xa6, 0xae, 0x2b, 0x31, 0x22, 0x44, 0x2e, 0xff, 0xdc, 0x29, 0xc8, 
  0x46, 0xa2, 0xd2, 0xb1, 0xc8, 0xe8, 0x1f, 0x11, 0x1c, 0x4a, 0x81, 0x23, 
  0x04, 0xcb, 0x0c, 0xea, 0x29, 0xda, 0xf3, 0xbd, 0xba, 0xc3, 0xae, 0xb1, 
  0xd7, 0x24, 0xc6, 0xf9, 0xec, 0xd0, 0x29, 0x3e, 0xd7, 0xa3, 0x2d, 0xeb, 
  0x31, 0xd9, 0x28, 0xc1, 0x1c, 0x0d, 0xf7, 0x05, 0xbd, 0x25, 0x15, 0xfb, 
  0xfe, 0xcd, 0xf3, 0xd5, 0x20, 0x19, 0xf1, 0xe6, 0x11, 0xfb, 0xfb, 0x3a, 
  0xd2, 0xd5, 0x36, 0x16, 0x39, 0x07, 0x45, 0xc4, 0xfa, 0xcc, 0x2e, 0xce, 
  0xc5, 0x59, 0xa5, 0xdb, 0xb9, 0x41, 0x26, 0xa2, 0x69, 0xcb, 0x13, 0x07, 
  0x45, 0x2a, 0xbe, 0xcf, 0x2a, 0x1e, 0x0e, 0x17, 0x3d, 0x42, 0xe8, 0xcd, 
  0xb9, 0x0c, 0x46, 0xd2, 0xf5, 0x17, 0xf2, 0xd3, 0xb9, 0xe0, 0xb6, 0x58, 
  0x42, 0x0e, 0xdf, 0xbe, 0xcb, 0x63, 0x1e, 0xa8, 0x42, 0xa4, 0x16, 0xf9, 
  0x58, 0x09, 0xab, 0xad, 0xd5, 0xa3, 0x22, 0xa4, 0x0e, 0xca, 0xfe, 0x81, 
  0xd8, 0xe2, 0x00, 0x1c, 0xc0, 0x08, 0x9c, 0xaa, 0x9e, 0x9d, 0x2e, 0xef, 
  0xda, 0x1d, 0x1d, 0x52, 0x46, 0x4e, 0xf7, 0xa4, 0xad, 0xbc, 0xe9, 0x2f, 
  0x46, 0x11, 0x12, 0x2e, 0x65, 0xf3, 0x13, 0x89, 0x2d, 0x1f, 0x37, 0xee, 
  0x52, 0x2b, 0x0a, 0xe7, 0x42, 0x0b, 0x05, 0xee, 0xbd, 0xda, 0x00, 0x40, 
  0xdf, 0xd9, 0xf4, 0x49, 0xe0, 0xd9, 0x3e, 0x9c, 0xcd, 0xed, 0x1b, 0x04, 
  0x08, 0xe5, 0xc4, 0x2f, 0x63, 0xb9, 0xf9, 0xff, 0x02, 0xe9, 0x78, 0x21, 
  0x17, 0xd3, 0x39, 0x29, 0x40, 0xd9, 0x71, 0x58, 0x0c, 0x69, 0xd8, 0x35, 
  0xec, 0xef, 0x4b, 0xf8, 0x0f, 0x41, 0x1d, 0x37, 0xbb, 0x2a, 0x96, 0xeb, 
  0xb6, 0x3e, 0xd1, 0xd7, 0x49, 0xaf, 0xd4, 0xe9, 0x3d, 0xf3, 0x17, 0xf5, 
  0x1c, 0xf7, 0x20, 0x05, 0xf1, 0xc2, 0xce, 0xd5, 0x81, 0xfd, 0xce, 0x00, 
  0x2b, 0x66, 0xa5, 0x24, 0x65, 0x61, 0xfe, 0x70, 0x23, 0x06, 0xff, 0x0d, 
  0x0c, 0xcc, 0x9e, 0xed, 0x2a, 0x0c, 0xef, 0xf0, 0x23, 0xfa, 0xd3, 0xdd, 
  0xbc, 0xd0, 0x16, 0xe5, 0x17, 0xdd, 0xf3, 0xd9, 0x21, 0xdb, 0x19, 0xcc, 
  0x12, 0xc4, 0xe3, 0xc1, 0xf0, 0x0d, 0x0f, 0x16, 0xbf, 0xc9, 0xd3, 0xc9, 
  0xcf, 0xe8, 0x29, 0x09, 0xec, 0xd8, 0xe9, 0x01, 0x10, 0x20, 0x14, 0x16, 
  0x05, 0x0d, 0xd7, 0x0f, 0xfb, 0x2e, 0x34, 0xf4, 0xcf, 0xf3, 0x02, 0xa6, 
  0xed, 0xdd, 0x18, 0xdb, 0xfe, 0x01, 0x81, 0x11, 0x2d, 0xea, 0x29, 0x35, 
  0xfa, 0xdf, 0x31, 0xcf, 0x2e, 0x0d, 0xee, 0x28, 0x0a, 0xc1, 0xfd, 0x43, 
  0x2a, 0xd8, 0xdc, 0xf0, 0x32, 0x20, 0xcd, 0xb5, 0x42, 0xf4, 0xff, 0xff, 
  0x04, 0x00, 0x00, 0x00, 0x00, 0x01, 0x00, 0x00, 0x69, 0x00, 0x00, 0x00, 
  0xdc, 0xff, 0xff, 0xff, 0x38, 0xff, 0xff, 0xff, 0x46, 0x00, 0x00, 0x00, 
  0xea, 0x01, 0x00, 0x00, 0x16, 0x01, 0x00, 0x00, 0x30, 0xff, 0xff, 0xff, 
  0x36, 0x03, 0x00, 0x00, 0xa9, 0x01, 0x00, 0x00, 0xb0, 0x01, 0x00, 0x00, 
  0x1f, 0x01, 0x00, 0x00, 0x14, 0x03, 0x00, 0x00, 0x53, 0x04, 0x00, 0x00, 
  0xc6, 0x01, 0x00, 0x00, 0xf7, 0x02, 0x00, 0x00, 0x10, 0xfe, 0xff, 0xff, 
  0x96, 0x02, 0x00, 0x00, 0x02, 0x01, 0x00, 0x00, 0xee, 0xff, 0xff, 0xff, 
  0x49, 0x04, 0x00, 0x00, 0x5c, 0x02, 0x00, 0x00, 0xc1, 0x00, 0x00, 0x00, 
  0xeb, 0xfd, 0xff, 0xff, 0x4e, 0x01, 0x00, 0x00, 0x1d, 0x01, 0x00, 0x00, 
  0x8e, 0x03, 0x00, 0x00, 0xa8, 0x01, 0x00, 0x00, 0x76, 0x01, 0x00, 0x00, 
  0xd8, 0x05, 0x00, 0x00, 0xf8, 0x03, 0x00, 0x00, 0xa5, 0x03, 0x00, 0x00, 
  0xfc, 0x00, 0x00, 0x00, 0x89, 0x02, 0x00, 0x00, 0x0d, 0x01, 0x00, 0x00, 
  0x12, 0xff, 0xff, 0xff, 0x0f, 0x03, 0x00, 0x00, 0x13, 0xfd, 0xff, 0xff, 
  0x3e, 0xff, 0xff, 0xff, 0xb8, 0x00, 0x00, 0x00, 0xf3, 0xff, 0xff, 0xff, 
  0x57, 0xff, 0xff, 0xff, 0x0e, 0x01, 0x00, 0x00, 0xaa, 0x00, 0x00, 0x00, 
  0x81, 0x00, 0x00, 0x00, 0x96, 0x02, 0x00, 0x00, 0xfa, 0x00, 0x00, 0x00, 
  0x43, 0xff, 0xff, 0xff, 0x81, 0x00, 0x00, 0x00, 0x35, 0xff, 0xff, 0xff, 
  0x70, 0xfe, 0xff, 0xff, 0xf6, 0x02, 0x00, 0x00, 0x29, 0x02, 0x00, 0x00, 
  0x6b, 0x01, 0x00, 0x00, 0x96, 0xff, 0xff, 0xff, 0xb8, 0x01, 0x00, 0x00, 
  0x79, 0x02, 0x00, 0x00, 0x72, 0xfe, 0xff, 0xff, 0xcb, 0xfe, 0xff, 0xff, 
  0xd6, 0x00, 0x00, 0x00, 0x67, 0x03, 0x00, 0x00, 0xf0, 0x00, 0x00, 0x00, 
  0x1c, 0xff, 0xff, 0xff, 0xb0, 0xff, 0xff, 0xff, 0xa4, 0xff, 0xff, 0xff, 
  0x4e, 0xf5, 0xff, 0xff, 0x04, 0x00, 0x00, 0x00, 0x40, 0x00, 0x00, 0x00, 
  0x77, 0x42, 0x4b, 0x31, 0x58, 0x4a, 0x32, 0x1d, 0x78, 0x48, 0x3c, 0x02, 
  0x0d, 0x29, 0x1f, 0x46, 0x64, 0x1f, 0x2b, 0x1b, 0x10, 0x47, 0x38, 0x40, 
  0x2a, 0x3f, 0x1e, 0x10, 0x0d, 0x1e, 0x2c, 0x53, 0x53, 0x4a, 0x35, 0x43, 
  0x64, 0x4f, 0x25, 0x1a, 0x34, 0x32, 0x07, 0x39, 0x15, 0x13, 0x7f, 0x13, 
  0x5e, 0xef, 0x49, 0x16, 0x33, 0x59, 0x00, 0x0e, 0x4a, 0xf3, 0x08, 0x2f, 
  0x17, 0x53, 0x2c, 0x47, 0x9a, 0xf5, 0xff, 0xff, 0x04, 0x00, 0x00, 0x00, 
  0x40, 0x00, 0x00, 0x00, 0xb6, 0xa6, 0xe2, 0xd5, 0xf4, 0xde, 0xc0, 0xc8, 
  0xd8, 0xc5, 0xef, 0xc1, 0xbb, 0xe4, 0xeb, 0xb9, 0xdb, 0xfe, 0x09, 0xdb, 
  0xe7, 0xb2, 0xdc, 0xaf, 0xe3, 0xbd, 0xc1, 0xc5, 0xcc, 0xfe, 0xb4, 0xd8, 
  0xbc, 0xe7, 0xe0, 0xd6, 0xf4, 0x03, 0xd0, 0xfb, 0xec, 0xda, 0x03, 0xa3, 
  0xeb, 0xd2, 0x80, 0x04, 0xde, 0x15, 0xb8, 0xf5, 0xe3, 0xd1, 0xe2, 0xd5, 
  0xd5, 0x09, 0xf8, 0xef, 0xaa, 0xd9, 0xec, 0xbb, 0xe6, 0xf5, 0xff, 0xff, 
  0x04, 0x00, 0x00, 0x00, 0x00, 0x08, 0x00, 0x00, 0x02, 0x2c, 0x09, 0xc8, 
  0x1a, 0xa0, 0x1a, 0xb2, 0x6f, 0xce, 0xd1, 0xd6, 0xd1, 0x0b, 0xd1, 0xf8, 
  0x1d, 0xde, 0xf9, 0xfb, 0xd3, 0x3d, 0x1c, 0x3f, 0xd2, 0xd3, 0x16, 0x42, 
  0xc1, 0xc8, 0xbd, 0xb0, 0xd3, 0xd6, 0x05, 0xcf, 0x41, 0xd5, 0xc9, 0xe8, 
  0xd3, 0xe1, 0x00, 0x6c, 0xc5, 0xde, 0x7f, 0xf9, 0x3b, 0xee, 0xd8, 0xca, 
  0xfe, 0x29, 0xbe, 0xc6, 0x38, 0xda, 0xf3, 0xc3, 0x0e, 0x38, 0xb5, 0x6e, 
  0xc6, 0x68, 0x0f, 0x0b, 0xe0, 0xc1, 0xd8, 0xc8, 0x02, 0x06, 0xf0, 0xb5, 
  0x03, 0x4a, 0x0b, 0x3d, 0xce, 0x30, 0x32, 0xc8, 0x10, 0x47, 0x42, 0x7f, 
  0xdc, 0x99, 0xef, 0xf0, 0xc5, 0x05, 0xbb, 0xdf, 0x2a, 0xda, 0xb8, 0x00, 
  0x3a, 0x15, 0xe0, 0xe8, 0xfb, 0x1d, 0xea, 0x43, 0xae, 0xa7, 0xf0, 0x03, 
  0x3a, 0x1c, 0xbb, 0xec, 0x5b, 0x52, 0xc3, 0xc8, 0xdf, 0xfa, 0xdd, 0x0d, 
  0xf4, 0xfd, 0xd4, 0xdf, 0xa7, 0xf7, 0xef, 0x00, 0x13, 0x37, 0x9d, 0x7f, 
  0xab, 0x44, 0x31, 0x33, 0x01, 0x2f, 0x51, 0x1f, 0x56, 0xfa, 0x41, 0x52, 
  0x5d, 0xd1, 0xbc, 0xfc, 0x45, 0x4e, 0xb6, 0xc3, 0x37, 0x45, 0x2e, 0x5a, 
  0x65, 0x39, 0xcd, 0x40, 0xa8, 0x20, 0x08, 0x05, 0x0a, 0xd6, 0x30, 0xaa, 
  0x62, 0x53, 0xd9, 0x29, 0xff, 0xe6, 0xd9, 0x72, 0xd2, 0xfd, 0x39, 0x57, 
  0xa5, 0xe8, 0x37, 0x16, 0xe0, 0x8c, 0x36, 0xb4, 0xac, 0xdc, 0xc1, 0x70, 
  0xd1, 0x38, 0x81, 0x02, 0xfc, 0x67, 0xe2, 0x60, 0xe8, 0xa5, 0x52, 0x83, 
  0x19, 0xb8, 0xed, 0xfa, 0x4e, 0x0b, 0xe2, 0xb6, 0x0d, 0xc1, 0xa5, 0xb4, 
  0x63, 0xc5, 0xd1, 0x53, 0x4a, 0x44, 0x26, 0x0b, 0xaf, 0xe1, 0xc9, 0x43, 
  0xf4, 0xb8, 0x2f, 0xce, 0x50, 0x58, 0xe9, 0x37, 0xc6, 0xd1, 0xca, 0x06, 
  0xca, 0x04, 0xff, 0x5d, 0x99, 0x48, 0x1a, 0x51, 0xe7, 0x1e, 0x13, 0xb2, 
  0xf8, 0xae, 0xf3, 0x40, 0x2c, 0x5c, 0xeb, 0x5e, 0xf0, 0x3a, 0x0a, 0x0b, 
  0x04, 0x34, 0x2a, 0xb7, 0xd4, 0x07, 0xb6, 0xc4, 0x1b, 0xcc, 0xbb, 0xdb, 
  0x0b, 0xd5, 0xba, 0xd3, 0x40, 0x41, 0xe7, 0xdb, 0x40, 0x44, 0xb4, 0x10, 
  0x0d, 0xf9, 0x14, 0xd3, 0x58, 0x1f, 0xb9, 0x81, 0x01, 0x5e, 0xbd, 0x1d, 
  0xf6, 0xbc, 0xe6, 0xe2, 0xdc, 0x14, 0xd9, 0x4b, 0x21, 0xfb, 0xb5, 0x3d, 
  0xc6, 0xc1, 0x2d, 0x1c, 0xf0, 0xfe, 0xf8, 0x48, 0x1a, 0x3a, 0x8f, 0x7a, 
  0xf1, 0x31, 0x0f, 0x27, 0x74, 0x0b, 0x3a, 0x9c, 0x2b, 0xea, 0x10, 0x5e, 
  0x45, 0x16, 0xa7, 0x92, 0x07, 0x2c, 0xfe, 0xaa, 0x12, 0x25, 0x70, 0xf2, 
  0x3d, 0x0f, 0xf8, 0xe6, 0x08, 0xec, 0xb9, 0x26, 0xf2, 0xc2, 0xd5, 0x81, 
  0x56, 0x29, 0xb2, 0xf2, 0xd6, 0xf5, 0x1d, 0x0a, 0xf0, 0xb6, 0x13, 0x35, 
  0xb2, 0xd6, 0xf6, 0x57, 0x89, 0xcd, 0xdd, 0xa4, 0x6b, 0xb5, 0xeb, 0xec, 
  0x19, 0xb8, 0x3f, 0xcf, 0x2e, 0x16, 0xe3, 0xf0, 0xd7, 0xab, 0x3a, 0x44, 
  0x28, 0xf2, 0x58, 0xdf, 0xc3, 0xea, 0xda, 0xef, 0xf9, 0x62, 0xdd, 0x38, 
  0xdc, 0x2e, 0xcb, 0x45, 0xe1, 0xf6, 0x24, 0x09, 0xe7, 0x28, 0xf6, 0x3b, 
  0xbb, 0x7f, 0x13, 0x09, 0xf6, 0xb6, 0xe7, 0x1e, 0x2a, 0x37, 0x35, 0xbe, 
  0x0d, 0xcc, 0x13, 0xc8, 0xf8, 0x49, 0x73, 0xc5, 0x06, 0x1a, 0x28, 0x1d, 
  0x10, 0xd6, 0xcd, 0x13, 0x0a, 0x37, 0xaa, 0x53, 0x17, 0x19, 0x12, 0xfe, 
  0x04, 0xf3, 0xf4, 0xdf, 0x41, 0xf4, 0xfd, 0x3e, 0x01, 0xd0, 0xde, 0xc7, 
  0x3d, 0xf8, 0xba, 0xbb, 0x0f, 0x0a, 0x4a, 0x16, 0x69, 0x34, 0xe6, 0x1c, 
  0x0b, 0xda, 0x00, 0x1e, 0x53, 0xec, 0xfc, 0xe1, 0x08, 0xfc, 0x81, 0xd6, 
  0xce, 0xf0, 0xf6, 0x44, 0xf2, 0xbb, 0x33, 0x38, 0xeb, 0x07, 0x14, 0x3c, 
  0xcd, 0xca, 0x16, 0x95, 0x17, 0x69, 0x21, 0xa7, 0x5d, 0xb5, 0xf5, 0xa9, 
  0x1c, 0xb7, 0x60, 0xbc, 0x0a, 0x63, 0xde, 0xfd, 0x55, 0xba, 0xd1, 0x3a, 
  0x6b, 0x0c, 0x07, 0x25, 0xcb, 0x81, 0xd3, 0x1b, 0x41, 0xb6, 0x43, 0xdf, 
  0xd2, 0x38, 0x28, 0x2c, 0x63, 0xad, 0x0e, 0x0f, 0x47, 0x28, 0xe2, 0xdc, 
  0x38, 0xd8, 0x7e, 0xfc, 0x06, 0xa4, 0xe9, 0x1d, 0xe7, 0x2e, 0xe7, 0xc8, 
  0x08, 0xe9, 0xac, 0x1d, 0x6c, 0x7a, 0x1e, 0x02, 0x7d, 0x63, 0xe6, 0x41, 
  0x91, 0x05, 0xf6, 0xe0, 0x60, 0xa7, 0x2e, 0x81, 0xd0, 0xe1, 0xc7, 0x54, 
  0x4c, 0x7a, 0xf7, 0xde, 0x13, 0x3a, 0xe1, 0x1c, 0xa8, 0x6f, 0xf5, 0x32, 
  0xb7, 0x49, 0xca, 0xa5, 0xff, 0xad, 0x44, 0xb2, 0x1a, 0x6b, 0x56, 0x39, 
  0xd3, 0x54, 0x59, 0x50, 0xca, 0x30, 0x2e, 0x7c, 0xd1, 0x6b, 0xd4, 0xc9, 
  0x0e, 0x11, 0x20, 0x1e, 0xf2, 0xf8, 0x06, 0x06, 0x4d, 0x69, 0x4c, 0x6b, 
  0x1e, 0x5b, 0x3f, 0xb9, 0x0b, 0xf5, 0x1f, 0xac, 0x30, 0xb8, 0xab, 0xb6, 
  0x96, 0x2c, 0xc9, 0xcf, 0xb9, 0x4b, 0x76, 0xc3, 0xd9, 0xf6, 0xe9, 0x2c, 
  0xa5, 0xd2, 0x17, 0x4d, 0x8b, 0x2c, 0x81, 0xce, 0x84, 0xd5, 0x73, 0xfb, 
  0x33, 0x3c, 0x3d, 0x4b, 0xaf, 0x54, 0xfb, 0x5d, 0xe5, 0x99, 0x2d, 0xf1, 
  0xf5, 0x67, 0x23, 0xbe, 0x71, 0x2d, 0xd2, 0xba, 0xb8, 0x48, 0xea, 0x16, 
  0x02, 0x5a, 0x49, 0x68, 0x01, 0x20, 0xee, 0xad, 0x51, 0xe4, 0xb3, 0xd0, 
  0x09, 0xde, 0x17, 0x31, 0xd4, 0x0e, 0x16, 0xec, 0x58, 0xa1, 0xe9, 0x05, 
  0xd4, 0xe5, 0x6a, 0x7a, 0xac, 0x9e, 0xfc, 0x39, 0x2c, 0x49, 0x07, 0x8d, 
  0x01, 0x15, 0x2b, 0xd9, 0x66, 0xae, 0x0b, 0xb4, 0x54, 0xc1, 0xb6, 0x4c, 
  0x98, 0xaf, 0xf7, 0xd2, 0x4f, 0xb5, 0xbe, 0x43, 0x00, 0x0b, 0xff, 0xcd, 
  0xca, 0xe6, 0x01, 0xd5, 0x53, 0x7f, 0xfa, 0x33, 0x4e, 0x7f, 0xea, 0x9b, 
  0x35, 0xc6, 0xb6, 0xe5, 0x22, 0x17, 0x35, 0xaf, 0xbc, 0x09, 0xcc, 0x39, 
  0x46, 0x1d, 0xcd, 0x29, 0x54, 0x22, 0x48, 0x7d, 0xd5, 0xac, 0x58, 0xf8, 
  0x0b, 0xae, 0x06, 0xd2, 0xdf, 0xfd, 0xcd, 0xff, 0x03, 0x9a, 0xcb, 0x1d, 
  0xa1, 0x2a, 0x10, 0x2f, 0xbf, 0xd6, 0x61, 0x02, 0x4a, 0x32, 0xb6, 0xba, 
  0x4c, 0xcb, 0xfb, 0x0f, 0x0d, 0x29, 0x0e, 0xf6, 0x28, 0x49, 0xbd, 0xcc, 
  0x63, 0x10, 0xe6, 0xf8, 0x11, 0xc0, 0x55, 0x08, 0xd5, 0xe1, 0xb6, 0xdb, 
  0xb4, 0xc4, 0xab, 0x4d, 0xa1, 0xcd, 0x1f, 0xb0, 0x0e, 0x81, 0xc4, 0xf2, 
  0x0c, 0x25, 0x10, 0xed, 0xac, 0x1c, 0x33, 0x5c, 0x15, 0x24, 0x71, 0xc6, 
  0x38, 0xfd, 0x4a, 0x5a, 0x1a, 0x6d, 0x57, 0x25, 0xbb, 0x08, 0xe1, 0x47, 
  0x4e, 0x14, 0xfb, 0x0d, 0x76, 0x40, 0x6b, 0xd7, 0xba, 0x27, 0x11, 0xf5, 
  0x36, 0xe0, 0x72, 0xb8, 0xf3, 0xa7, 0xf4, 0x27, 0x04, 0x33, 0xa5, 0x4d, 
  0xf8, 0x25, 0xfd, 0x22, 0x0c, 0xef, 0x17, 0xda, 0x54, 0x34, 0xdc, 0x4b, 
  0x1f, 0xbd, 0xd2, 0xaf, 0x69, 0xee, 0xd8, 0xa9, 0x4a, 0x36, 0x43, 0x0a, 
  0x19, 0x03, 0xca, 0x24, 0x2b, 0x45, 0xd8, 0x00, 0x08, 0xd6, 0xbc, 0xbb, 
  0x1d, 0x34, 0x81, 0x40, 0x01, 0xdc, 0xe7, 0x28, 0xaf, 0xe9, 0xda, 0x36, 
  0xce, 0xfe, 0x1b, 0x55, 0xb7, 0xcd, 0xd1, 0xe0, 0x5a, 0x81, 0xf3, 0xdf, 
  0xb3, 0xf3, 0x28, 0xd4, 0xf5, 0xc2, 0xc4, 0xdb, 0xe2, 0xf5, 0x1b, 0x51, 
  0x14, 0x20, 0x7c, 0xc1, 0x17, 0x91, 0xd1, 0x15, 0xf1, 0x3f, 0xf7, 0xe5, 
  0xe4, 0x51, 0x91, 0x3e, 0xd7, 0xda, 0x2f, 0xc2, 0xe2, 0x19, 0x4a, 0xd9, 
  0xad, 0x71, 0x0c, 0x08, 0xca, 0x06, 0x3c, 0xff, 0x3f, 0x17, 0x27, 0xeb, 
  0x5e, 0x32, 0x56, 0xd4, 0x18, 0xf1, 0x0d, 0xc9, 0x31, 0xd2, 0x06, 0xc6, 
  0x39, 0x90, 0xc4, 0x20, 0xb4, 0xda, 0x0e, 0xdf, 0xe7, 0xf8, 0x18, 0x19, 
  0x13, 0x02, 0xe4, 0xcf, 0x1c, 0x63, 0x45, 0xc5, 0xd2, 0x87, 0xc6, 0xe1, 
  0xb7, 0x7f, 0x23, 0xee, 0xc8, 0x44, 0xb9, 0xee, 0xbf, 0xb9, 0x59, 0xb7, 
  0x30, 0x51, 0x22, 0x1e, 0x09, 0x28, 0x01, 0x3e, 0x31, 0x06, 0x19, 0x64, 
  0xb3, 0x0b, 0x08, 0xd0, 0x4a, 0x1a, 0x14, 0xca, 0xbd, 0xf3, 0x54, 0xfe, 
  0x1b, 0x17, 0x39, 0x0e, 0x1d, 0xd8, 0xf2, 0xed, 0x14, 0xf5, 0x25, 0xd8, 
  0xfe, 0xdd, 0xea, 0x04, 0xf4, 0xbd, 0xe9, 0x1f, 0xc8, 0x2a, 0x03, 0x0b, 
  0xca, 0xd6, 0xe4, 0xab, 0xdd, 0x69, 0xfc, 0x04, 0xe0, 0x39, 0xd9, 0x16, 
  0xd1, 0xd5, 0x37, 0xc2, 0xd9, 0x22, 0x50, 0x2b, 0x15, 0x7f, 0x4a, 0xd1, 
  0x12, 0xe6, 0xfb, 0x2f, 0xe8, 0x3e, 0x5e, 0x1b, 0x0d, 0x16, 0x2d, 0xed, 
  0xd8, 0x14, 0x27, 0xe4, 0xde, 0xbf, 0x44, 0x37, 0xf3, 0xd9, 0xb5, 0xd6, 
  0x2b, 0xcf, 0xc0, 0xb6, 0x30, 0x4c, 0x06, 0x1d, 0x29, 0x67, 0xd0, 0xe3, 
  0x5a, 0x96, 0x36, 0x34, 0xd3, 0x2c, 0xe5, 0x5c, 0xdc, 0xd6, 0x3e, 0x27, 
  0xe1, 0xb9, 0x1f, 0x13, 0x0d, 0x1a, 0xed, 0x07, 0x2e, 0xe0, 0xae, 0xcf, 
  0x04, 0x1d, 0x29, 0xeb, 0xe0, 0x24, 0x01, 0xb0, 0x59, 0xe2, 0x2b, 0x08, 
  0x98, 0x3a, 0x81, 0xe5, 0x67, 0xb1, 0xae, 0xc8, 0x08, 0x4c, 0xb2, 0x68, 
  0xd6, 0x49, 0x46, 0xd9, 0x39, 0xd0, 0x04, 0xeb, 0x4b, 0x12, 0x1e, 0xc3, 
  0xcd, 0x6d, 0xd0, 0x3a, 0xe5, 0xab, 0xd0, 0x2c, 0x1d, 0x36, 0x43, 0x6e, 
  0x18, 0xa4, 0x4d, 0x11, 0x1e, 0xe0, 0xdb, 0x9a, 0xc8, 0xca, 0xff, 0x02, 
  0xe9, 0xb0, 0xa2, 0xbe, 0xad, 0xc1, 0x04, 0x77, 0x9c, 0xeb, 0x54, 0x01, 
  0x25, 0xe8, 0x9d, 0x1e, 0x25, 0x57, 0xec, 0xf4, 0x34, 0xce, 0xcc, 0xe4, 
  0x3e, 0x7f, 0xbb, 0x68, 0xbb, 0x2a, 0x47, 0x08, 0xe9, 0xa2, 0xe9, 0xc8, 
  0x52, 0xe1, 0xc2, 0xf8, 0xb7, 0xff, 0xb8, 0x44, 0x5e, 0xb0, 0x29, 0x67, 
  0x14, 0x07, 0xf5, 0x7f, 0x2a, 0xdf, 0xef, 0x2a, 0xb7, 0x09, 0xb7, 0xde, 
  0x23, 0xf8, 0x03, 0xcd, 0x5d, 0x27, 0x14, 0x1d, 0x33, 0x09, 0x06, 0x5a, 
  0x0a, 0xc9, 0x4d, 0x0e, 0xf2, 0x08, 0x23, 0xdb, 0x07, 0x5c, 0xcc, 0xd8, 
  0x4d, 0x18, 0x03, 0x06, 0xff, 0x04, 0xeb, 0x48, 0xbe, 0xdb, 0xd1, 0x53, 
  0x24, 0x22, 0x22, 0x5f, 0x01, 0x43, 0x1f, 0x2c, 0xdc, 0x3a, 0xf2, 0xa8, 
  0x67, 0x31, 0xca, 0x28, 0x15, 0xfe, 0xed, 0x21, 0xdc, 0xe1, 0x18, 0x2a, 
  0x75, 0x2d, 0x1e, 0x62, 0x46, 0x35, 0xf6, 0xe4, 0xae, 0x27, 0x30, 0x4c, 
  0xde, 0xd6, 0x29, 0x81, 0x54, 0xda, 0xad, 0xc3, 0xd4, 0xc0, 0x55, 0x6e, 
  0xd5, 0x1d, 0xf3, 0xc9, 0x9c, 0xe2, 0xad, 0x11, 0xb2, 0x98, 0x2d, 0x92, 
  0x02, 0x91, 0x46, 0xc5, 0xfa, 0xca, 0x69, 0xfd, 0x0f, 0xe4, 0xd4, 0xfe, 
  0xee, 0xc0, 0x3b, 0x53, 0x11, 0x30, 0x0d, 0xfd, 0x95, 0x81, 0xe0, 0xf7, 
  0xc2, 0x62, 0x00, 0x10, 0x14, 0x4b, 0xf5, 0x0e, 0x03, 0xc4, 0x71, 0xa7, 
  0xd8, 0x17, 0xe6, 0x51, 0xe4, 0x6f, 0x6a, 0xc5, 0xc8, 0xd3, 0x5f, 0x6a, 
  0x16, 0x4a, 0x54, 0xc3, 0x50, 0x26, 0x4e, 0xca, 0xcb, 0x1d, 0x5f, 0xdf, 
  0xea, 0xcd, 0x58, 0x06, 0x9e, 0x0a, 0xce, 0x4f, 0x63, 0x5b, 0xb1, 0xf6, 
  0xc6, 0x62, 0x3e, 0x4e, 0xda, 0xc9, 0x16, 0xc2, 0x4e, 0xec, 0xfa, 0x1e, 
  0xdd, 0xfa, 0xe9, 0x00, 0x2a, 0xbd, 0xd1, 0x34, 0x66, 0xde, 0xd8, 0xe6, 
  0x7f, 0xfa, 0x22, 0x4c, 0xc6, 0xbb, 0x82, 0x09, 0x36, 0xac, 0xba, 0xb2, 
  0x45, 0x20, 0xd0, 0xc9, 0x28, 0x21, 0x42, 0x47, 0xaa, 0x2f, 0xad, 0x11, 
  0x67, 0xcf, 0xdf, 0x5d, 0xee, 0xf4, 0xf4, 0x1a, 0xb9, 0x4d, 0x02, 0x32, 
  0x14, 0xd0, 0xd9, 0xb1, 0x7f, 0xd1, 0xee, 0x19, 0xd6, 0x24, 0x39, 0x17, 
  0xbb, 0xe5, 0x39, 0x69, 0xf5, 0x3f, 0x45, 0x50, 0xe0, 0xd5, 0xf7, 0x0c, 
  0x3d, 0x24, 0xa4, 0xd8, 0xb2, 0x01, 0xa9, 0x40, 0x74, 0xa3, 0x12, 0xa3, 
  0xe0, 0x9d, 0x2b, 0x7c, 0xe8, 0x0d, 0x27, 0xbf, 0x61, 0x26, 0xcf, 0x1d, 
  0xa7, 0x47, 0x9e, 0xbb, 0xed, 0xb2, 0xcb, 0xcc, 0x13, 0x0e, 0x9a, 0x6f, 
  0x49, 0xae, 0xdd, 0xc7, 0xde, 0xfa, 0xf8, 0xdb, 0xf2, 0x11, 0xc9, 0xd4, 
  0xff, 0xbd, 0xd7, 0x0e, 0xd7, 0x28, 0x4d, 0xf0, 0x0e, 0xa8, 0xe7, 0x16, 
  0xb6, 0x37, 0x2b, 0xe5, 0x12, 0x4a, 0x03, 0x2f, 0xe6, 0xda, 0x52, 0xab, 
  0x24, 0x5b, 0x65, 0x35, 0xf0, 0x61, 0x19, 0x22, 0xee, 0x0f, 0x1b, 0x38, 
  0xd8, 0x07, 0x3d, 0x1f, 0x57, 0x24, 0x7f, 0xe0, 0xd6, 0x34, 0x38, 0x03, 
  0xf6, 0xfd, 0x21, 0x32, 0xc0, 0xaf, 0xfe, 0x32, 0x41, 0x3b, 0x98, 0x2f, 
  0xfc, 0x01, 0x49, 0x17, 0x1e, 0xc6, 0x0d, 0xa9, 0x39, 0x3c, 0xde, 0x59, 
  0xf9, 0x03, 0xd3, 0xa8, 0xec, 0x1f, 0xab, 0x0a, 0x5a, 0xde, 0x65, 0xfc, 
  0x3a, 0x0a, 0x2a, 0xf7, 0xc0, 0x0f, 0xc6, 0xe1, 0x39, 0xea, 0x29, 0xc0, 
  0x04, 0x1d, 0x81, 0xb9, 0x16, 0x06, 0xca, 0xd6, 0xb8, 0xee, 0xf6, 0x24, 
  0xbb, 0xff, 0x19, 0x03, 0xc0, 0xd2, 0x13, 0xad, 0xae, 0x2a, 0x29, 0xc3, 
  0x0a, 0xe5, 0xd2, 0xa9, 0x53, 0xf2, 0xeb, 0xf3, 0xf6, 0x53, 0xe7, 0x10, 
  0xf8, 0xa2, 0xf8, 0x2d, 0xf4, 0x6b, 0x58, 0x7a, 0xf5, 0x81, 0x01, 0xf1, 
  0xff, 0xbf, 0xc6, 0xc1, 0xe3, 0xfd, 0x20, 0x4d, 0x2a, 0xf9, 0xaa, 0xb9, 
  0xf2, 0x8b, 0xc7, 0x5a, 0xb8, 0xe2, 0x22, 0xd7, 0x32, 0xdb, 0x9b, 0x06, 
  0x06, 0x31, 0xa7, 0xfe, 0x48, 0xc9, 0xa9, 0x1c, 0x26, 0x1e, 0xa0, 0x49, 
  0x76, 0xc2, 0xd0, 0x11, 0xe1, 0x12, 0x1c, 0xf0, 0x03, 0x07, 0x0d, 0x23, 
  0xee, 0xb9, 0xfa, 0xf3, 0x0d, 0x58, 0x36, 0x11, 0xed, 0xe2, 0xac, 0xfd, 
  0xdb, 0x7f, 0xdf, 0xf5, 0xd0, 0x57, 0xfe, 0x03, 0xd5, 0x0b, 0x3d, 0xab, 
  0x15, 0x0b, 0x31, 0x40, 0xca, 0x33, 0x53, 0x15, 0xda, 0xda, 0x1a, 0x0c, 
  0xf2, 0x44, 0x5d, 0x01, 0x52, 0x25, 0x59, 0xd6, 0xb8, 0x1c, 0x22, 0xe9, 
  0x27, 0x02, 0x66, 0x06, 0xdd, 0x75, 0x3a, 0xd0, 0xf1, 0xc0, 0xd7, 0xfe, 
  0x3f, 0xd9, 0xeb, 0x27, 0xd5, 0x69, 0xff, 0xf7, 0x51, 0xc9, 0xb7, 0x5b, 
  0xe9, 0xda, 0x4e, 0x21, 0xf4, 0xab, 0xfc, 0x01, 0xeb, 0xaa, 0xbc, 0x98, 
  0x0e, 0xf2, 0x49, 0xf7, 0x0d, 0x20, 0x81, 0x08, 0x52, 0xbc, 0xac, 0x01, 
  0xc2, 0x1c, 0x2d, 0x23, 0x09, 0xae, 0xf8, 0x42, 0xbc, 0x4b, 0x22, 0xcc, 
  0x67, 0xb8, 0xf6, 0xeb, 0x05, 0x31, 0xe4, 0x11, 0x5c, 0xff, 0xf0, 0xee, 
  0xaa, 0x0a, 0x34, 0xcb, 0xe2, 0x17, 0x07, 0x15, 0xe6, 0xa7, 0xe5, 0xda, 
  0xbd, 0xf9, 0x18, 0x20, 0xcf, 0x9a, 0xb4, 0x07, 0xea, 0x7f, 0x21, 0xc4, 
  0xfc, 0x1a, 0x0e, 0x16, 0xd1, 0xbf, 0xe0, 0xce, 0x09, 0x00, 0xf0, 0x43, 
  0xcc, 0x12, 0x45, 0xfd, 0x16, 0xe1, 0x4a, 0x2d, 0xa7, 0x38, 0x27, 0xf5, 
  0x0c, 0xcd, 0x64, 0xf1, 0x17, 0x0c, 0x1c, 0x06, 0x28, 0xf1, 0x4c, 0xdf, 
  0xee, 0xad, 0xe2, 0x31, 0x54, 0x37, 0xbd, 0x3e, 0xa1, 0x4a, 0x05, 0x0c, 
  0x1d, 0xfd, 0x0f, 0xf0, 0xfc, 0x24, 0xec, 0x1c, 0x01, 0xc2, 0xd8, 0x8c, 
  0xed, 0x4a, 0xaa, 0xce, 0xff, 0x22, 0x16, 0x29, 0x38, 0x48, 0xdc, 0x03, 
  0xc2, 0x1b, 0xe1, 0x29, 0xe1, 0x2e, 0xe4, 0x81, 0x23, 0x29, 0x8f, 0xe9, 
  0xd0, 0x28, 0x0a, 0x15, 0x23, 0xa6, 0xf8, 0x13, 0xdb, 0x0e, 0x1e, 0x2b, 
  0xd9, 0x87, 0x1c, 0xb1, 0xf2, 0xfd, 0xff, 0xff, 0x04, 0x00, 0x00, 0x00, 
  0x80, 0x00, 0x00, 0x00, 0x05, 0x16, 0x00, 0x00, 0x84, 0x07, 0x00, 0x00, 
  0x11, 0x0f, 0x00, 0x00, 0x57, 0x0b, 0x00, 0x00, 0x9b, 0x04, 0x00, 0x00, 
  0x4f, 0x11, 0x00, 0x00, 0x65, 0xfc, 0xff, 0xff, 0x3c, 0x0f, 0x00, 0x00, 
  0xce, 0xfc, 0xff, 0xff, 0x4d, 0x03, 0x00, 0x00, 0x8a, 0x14, 0x00, 0x00, 
  0xf2, 0x01, 0x00, 0x00, 0x21, 0x08, 0x00, 0x00, 0x17, 0xf8, 0xff, 0xff, 
  0x0a, 0x1e, 0x00, 0x00, 0xa3, 0xff, 0xff, 0xff, 0x74, 0xfd, 0xff, 0xff, 
  0xf2, 0x01, 0x00, 0x00, 0xd9, 0x03, 0x00, 0x00, 0xbf, 0x0d, 0x00, 0x00, 
  0x11, 0x00, 0x00, 0x00, 0x1e, 0x06, 0x00, 0x00, 0xb0, 0xf2, 0xff, 0xff, 
  0x5c, 0x19, 0x00, 0x00, 0x55, 0x07, 0x00, 0x00, 0xb0, 0xf7, 0xff, 0xff, 
  0xd3, 0x06, 0x00, 0x00, 0x1e, 0x0a, 0x00, 0x00, 0x75, 0xfe, 0xff, 0xff, 
  0xb7, 0x01, 0x00, 0x00, 0x2c, 0xf8, 0xff, 0xff, 0x91, 0x1f, 0x00, 0x00, 
  0x7e, 0xfe, 0xff, 0xff, 0x04, 0x00, 0x00, 0x00, 0x60, 0x00, 0x00, 0x00, 
  0xa4, 0x99, 0xe6, 0x81, 0xa2, 0x9b, 0x2f, 0xce, 0xc5, 0x3f, 0xf9, 0xd4, 
  0x97, 0x64, 0x8a, 0x61, 0x5f, 0x45, 0xb3, 0xb9, 0x10, 0xfc, 0x35, 0xb5, 
  0x8e, 0x50, 0xb5, 0xca, 0x2b, 0x88, 0x67, 0xd6, 0xc7, 0xdf, 0x51, 0x35, 
  0x54, 0x2e, 0xa1, 0x56, 0xaa, 0xb8, 0x81, 0xa0, 0x11, 0xce, 0x14, 0xa8, 
  0xce, 0x1c, 0x20, 0xa4, 0x9e, 0x72, 0xbe, 0x78, 0xaa, 0xf0, 0x36, 0xcf, 
  0xe8, 0xaa, 0xf9, 0x0c, 0x05, 0x3f, 0xcf, 0xb5, 0xc7, 0xbd, 0xd5, 0xf3, 
  0x49, 0x2b, 0x01, 0x34, 0x48, 0xe8, 0xe7, 0x09, 0x0e, 0xe9, 0x60, 0x0b, 
  0x48, 0xc1, 0xe1, 0x2e, 0xf8, 0xef, 0xae, 0x2d, 0xbf, 0x26, 0xf6, 0x81, 
  0xea, 0xfe, 0xff, 0xff, 0x04, 0x00, 0x00, 0x00, 0x0c, 0x00, 0x00, 0x00, 
  0x8f, 0xfa, 0xff, 0xff, 0x1b, 0x06, 0x00, 0x00, 0xc7, 0xfe, 0xff, 0xff, 
  0x02, 0xff, 0xff, 0xff, 0x04, 0x00, 0x00, 0x00, 0x04, 0x00, 0x00, 0x00, 
  0x01, 0x00, 0x00, 0x00, 0x12, 0xff, 0xff, 0xff, 0x04, 0x00, 0x00, 0x00, 
  0x0c, 0x00, 0x00, 0x00, 0xff, 0xff, 0xff, 0xff, 0x5e, 0x00, 0x00, 0x00, 
  0x40, 0x00, 0x00, 0x00, 0x2a, 0xff, 0xff, 0xff, 0x04, 0x00, 0x00, 0x00, 
  0x0c, 0x00, 0x00, 0x00, 0xff, 0xff, 0xff, 0xff, 0x60, 0x00, 0x00, 0x00, 
  0x20, 0x00, 0x00, 0x00, 0x42, 0xff, 0xff, 0xff, 0x04, 0x00, 0x00, 0x00, 
  0x04, 0x00, 0x00, 0x00, 0xfd, 0xff, 0xff, 0xff, 0x28, 0xd6, 0xff, 0xff, 
  0x2c, 0xd6, 0xff, 0xff, 0x0f, 0x00, 0x00, 0x00, 0x4d, 0x4c, 0x49, 0x52, 
  0x20, 0x43, 0x6f, 0x6e, 0x76, 0x65, 0x72, 0x74, 0x65, 0x64, 0x2e, 0x00, 
  0x01, 0x00, 0x00, 0x00, 0x14, 0x00, 0x00, 0x00, 0x00, 0x00, 0x0e, 0x00, 
  0x18, 0x00, 0x14, 0x00, 0x10, 0x00, 0x0c, 0x00, 0x08, 0x00, 0x04, 0x00, 
  0x0e, 0x00, 0x00, 0x00, 0x14, 0x00, 0x00, 0x00, 0x1c, 0x00, 0x00, 0x00, 
  0x60, 0x03, 0x00, 0x00, 0x64, 0x03, 0x00, 0x00, 0x68, 0x03, 0x00, 0x00, 
  0x04, 0x00, 0x00, 0x00, 0x6d, 0x61, 0x69, 0x6e, 0x00, 0x00, 0x00, 0x00, 
  0x0e, 0x00, 0x00, 0x00, 0x18, 0x03, 0x00, 0x00, 0xb4, 0x02, 0x00, 0x00, 
  0x70, 0x02, 0x00, 0x00, 0x3c, 0x02, 0x00, 0x00, 0x14, 0x02, 0x00, 0x00, 
  0xd8, 0x01, 0x00, 0x00, 0x90, 0x01, 0x00, 0x00, 0x5c, 0x01, 0x00, 0x00, 
  0x28, 0x01, 0x00, 0x00, 0x00, 0x01, 0x00, 0x00, 0xcc, 0x00, 0x00, 0x00, 
  0x88, 0x00, 0x00, 0x00, 0x40, 0x00, 0x00, 0x00, 0x04, 0x00, 0x00, 0x00, 
  0x92, 0xff, 0xff, 0xff, 0x1c, 0x00, 0x00, 0x00, 0x00, 0x00, 0x00, 0x09, 
  0x1c, 0x00, 0x00, 0x00, 0x20, 0x00, 0x00, 0x00, 0x07, 0x00, 0x00, 0x00, 
  0x00, 0x00, 0x06, 0x00, 0x08, 0x00, 0x04, 0x00, 0x06, 0x00, 0x00, 0x00, 
  0x00, 0x00, 0x80, 0x3f, 0x01, 0x00, 0x00, 0x00, 0x1e, 0x00, 0x00, 0x00, 
  0x01, 0x00, 0x00, 0x00, 0x1d, 0x00, 0x00, 0x00, 0xc6, 0xfd, 0xff, 0xff, 
  0x14, 0x00, 0x00, 0x00, 0x00, 0x00, 0x00, 0x08, 0x10, 0x00, 0x00, 0x00, 
  0x14, 0x00, 0x00, 0x00, 0x06, 0x00, 0x00, 0x00, 0x0c, 0xd7, 0xff, 0xff, 
  0x01, 0x00, 0x00, 0x00, 0x1d, 0x00, 0x00, 0x00, 0x03, 0x00, 0x00, 0x00, 
  0x1c, 0x00, 0x00, 0x00, 0x06, 0x00, 0x00, 0x00, 0x05, 0x00, 0x00, 0x00, 
  0x00, 0x00, 0x0e, 0x00, 0x1a, 0x00, 0x14, 0x00, 0x10, 0x00, 0x0c, 0x00, 
  0x0b, 0x00, 0x04, 0x00, 0x0e, 0x00, 0x00, 0x00, 0x1c, 0x00, 0x00, 0x00, 
  0x00, 0x00, 0x00, 0x08, 0x1c, 0x00, 0x00, 0x00, 0x20, 0x00, 0x00, 0x00, 
  0x06, 0x00, 0x00, 0x00, 0x00, 0x00, 0x06, 0x00, 0x08, 0x00, 0x07, 0x00, 
  0x06, 0x00, 0x00, 0x00, 0x00, 0x00, 0x00, 0x01, 0x01, 0x00, 0x00, 0x00, 
  0x1c, 0x00, 0x00, 0x00, 0x03, 0x00, 0x00, 0x00, 0x1b, 0x00, 0x00, 0x00, 
  0x08, 0x00, 0x00, 0x00, 0x07, 0x00, 0x00, 0x00, 0x4a, 0xfe, 0xff, 0xff, 
  0x14, 0x00, 0x00, 0x00, 0x00, 0x00, 0x00, 0x1b, 0x10, 0x00, 0x00, 0x00, 
  0x14, 0x00, 0x00, 0x00, 0x05, 0x00, 0x00, 0x00, 0x90, 0xd7, 0xff, 0xff, 
  0x01, 0x00, 0x00, 0x00, 0x1b, 0x00, 0x00, 0x00, 0x02, 0x00, 0x00, 0x00, 
  0x1a, 0x00, 0x00, 0x00, 0x04, 0x00, 0x00, 0x00, 0x0a, 0xff, 0xff, 0xff, 
  0x0c, 0x00, 0x00, 0x00, 0x10, 0x00, 0x00, 0x00, 0x04, 0x00, 0x00, 0x00, 
  0x01, 0x00, 0x00, 0x00, 0x1a, 0x00, 0x00, 0x00, 0x02, 0x00, 0x00, 0x00, 
  0x19, 0x00, 0x00, 0x00, 0x03, 0x00, 0x00, 0x00, 0x9e, 0xfe, 0xff, 0xff, 
  0x14, 0x00, 0x00, 0x00, 0x00, 0x00, 0x00, 0x0b, 0x10, 0x00, 0x00, 0x00, 
  0x14, 0x00, 0x00, 0x00, 0x03, 0x00, 0x00, 0x00, 0xe4, 0xd7, 0xff, 0xff, 
  0x01, 0x00, 0x00, 0x00, 0x19, 0x00, 0x00, 0x00, 0x02, 0x00, 0x00, 0x00, 
  0x18, 0x00, 0x00, 0x00, 0x09, 0x00, 0x00, 0x00, 0xce, 0xfe, 0xff, 0xff, 
  0x14, 0x00, 0x00, 0x00, 0x00, 0x00, 0x00, 0x15, 0x10, 0x00, 0x00, 0x00, 
  0x14, 0x00, 0x00, 0x00, 0x02, 0x00, 0x00, 0x00, 0x14, 0xd8, 0xff, 0xff, 
  0x01, 0x00, 0x00, 0x00, 0x18, 0x00, 0x00, 0x00, 0x02, 0x00, 0x00, 0x00, 
  0x17, 0x00, 0x00, 0x00, 0x0a, 0x00, 0x00, 0x00, 0xfe, 0xfe, 0xff, 0xff, 
  0x14, 0x00, 0x00, 0x00, 0x00, 0x00, 0x00, 0x01, 0x20, 0x00, 0x00, 0x00, 
  0x24, 0x00, 0x00, 0x00, 0x01, 0x00, 0x00, 0x00, 0xf0, 0xfe, 0xff, 0xff, 
  0x00, 0x00, 0x00, 0x01, 0x01, 0x00, 0x00, 0x00, 0x01, 0x00, 0x00, 0x00, 
  0x00, 0x00, 0x00, 0x01, 0x01, 0x00, 0x00, 0x00, 0x17, 0x00, 0x00, 0x00, 
  0x03, 0x00, 0x00, 0x00, 0x16, 0x00, 0x00, 0x00, 0x0c, 0x00, 0x00, 0x00, 
  0x0b, 0x00, 0x00, 0x00, 0xe2, 0xfe, 0xff, 0xff, 0x10, 0x00, 0x00, 0x00, 
  0x00, 0x00, 0x00, 0x34, 0x0c, 0x00, 0x00, 0x00, 0x10, 0x00, 0x00, 0x00, 
  0x84, 0xd8, 0xff, 0xff, 0x01, 0x00, 0x00, 0x00, 0x16, 0x00, 0x00, 0x00, 
  0x02, 0x00, 0x00, 0x00, 0x15, 0x00, 0x00, 0x00, 0x01, 0x00, 0x00, 0x00, 
  0x00, 0x00, 0x0a, 0x00, 0x10, 0x00, 0x0c, 0x00, 0x08, 0x00, 0x04, 0x00, 
  0x0a, 0x00, 0x00, 0x00, 0x0c, 0x00, 0x00, 0x00, 0x10, 0x00, 0x00, 0x00, 
  0x04, 0x00, 0x00, 0x00, 0x01, 0x00, 0x00, 0x00, 0x15, 0x00, 0x00, 0x00, 
  0x02, 0x00, 0x00, 0x00, 0x14, 0x00, 0x00, 0x00, 0x02, 0x00, 0x00, 0x00, 
  0x9e, 0xff, 0xff, 0xff, 0x14, 0x00, 0x00, 0x00, 0x00, 0x00, 0x00, 0x0b, 
  0x10, 0x00, 0x00, 0x00, 0x14, 0x00, 0x00, 0x00, 0x03, 0x00, 0x00, 0x00, 
  0xe4, 0xd8, 0xff, 0xff, 0x01, 0x00, 0x00, 0x00, 0x14, 0x00, 0x00, 0x00, 
  0x02, 0x00, 0x00, 0x00, 0x13, 0x00, 0x00, 0x00, 0x0d, 0x00, 0x00, 0x00, 
  0xce, 0xff, 0xff, 0xff, 0x14, 0x00, 0x00, 0x00, 0x00, 0x00, 0x00, 0x15, 
  0x10, 0x00, 0x00, 0x00, 0x14, 0x00, 0x00, 0x00, 0x02, 0x00, 0x00, 0x00, 
  0x14, 0xd9, 0xff, 0xff, 0x01, 0x00, 0x00, 0x00, 0x13, 0x00, 0x00, 0x00, 
  0x02, 0x00, 0x00, 0x00, 0x12, 0x00, 0x00, 0x00, 0x0e, 0x00, 0x00, 0x00, 
  0x00, 0x00, 0x0e, 0x00, 0x18, 0x00, 0x14, 0x00, 0x10, 0x00, 0x0c, 0x00, 
  0x0b, 0x00, 0x04, 0x00, 0x0e, 0x00, 0x00, 0x00, 0x20, 0x00, 0x00, 0x00, 
  0x00, 0x00, 0x00, 0x01, 0x2c, 0x00, 0x00, 0x00, 0x30, 0x00, 0x00, 0x00, 
  0x01, 0x00, 0x00, 0x00, 0x0c, 0x00, 0x14, 0x00, 0x13, 0x00, 0x0c, 0x00, 
  0x08, 0x00, 0x07, 0x00, 0x0c, 0x00, 0x00, 0x00, 0x00, 0x00, 0x00, 0x01, 
  0x01, 0x00, 0x00, 0x00, 0x01, 0x00, 0x00, 0x00, 0x00, 0x00, 0x00, 0x01, 
  0x01, 0x00, 0x00, 0x00, 0x12, 0x00, 0x00, 0x00, 0x03, 0x00, 0x00, 0x00, 
  0x11, 0x00, 0x00, 0x00, 0x10, 0x00, 0x00, 0x00, 0x0f, 0x00, 0x00, 0x00, 
  0x00, 0x00, 0x0e, 0x00, 0x14, 0x00, 0x00, 0x00, 0x10, 0x00, 0x0c, 0x00, 
  0x0b, 0x00, 0x04, 0x00, 0x0e, 0x00, 0x00, 0x00, 0x10, 0x00, 0x00, 0x00, 
  0x00, 0x00, 0x00, 0x34, 0x0c, 0x00, 0x00, 0x00, 0x10, 0x00, 0x00, 0x00, 
  0xb0, 0xd9, 0xff, 0xff, 0x01, 0x00, 0x00, 0x00, 0x11, 0x00, 0x00, 0x00, 
  0x02, 0x00, 0x00, 0x00, 0x00, 0x00, 0x00, 0x00, 0x01, 0x00, 0x00, 0x00, 
  0x01, 0x00, 0x00, 0x00, 0x1e, 0x00, 0x00, 0x00, 0x01, 0x00, 0x00, 0x00, 
  0x00, 0x00, 0x00, 0x00, 0x1f, 0x00, 0x00, 0x00, 0x5c, 0x26, 0x00, 0x00, 
  0x04, 0x26, 0x00, 0x00, 0x88, 0x25, 0x00, 0x00, 0x24, 0x25, 0x00, 0x00, 
  0xb0, 0x24, 0x00, 0x00, 0x20, 0x24, 0x00, 0x00, 0x94, 0x23, 0x00, 0x00, 
  0x88, 0x21, 0x00, 0x00, 0x9c, 0x1f, 0x00, 0x00, 0x10, 0x1f, 0x00, 0x00, 
  0x84, 0x1e, 0x00, 0x00, 0x78, 0x1a, 0x00, 0x00, 0xfc, 0x16, 0x00, 0x00, 
  0x70, 0x16, 0x00, 0x00, 0xe4, 0x15, 0x00, 0x00, 0x58, 0x13, 0x00, 0x00, 
  0x5c, 0x11, 0x00, 0x00, 0xb0, 0x10, 0x00, 0x00, 0x74, 0x0f, 0x00, 0x00, 
  0xe8, 0x0d, 0x00, 0x00, 0xec, 0x0b, 0x00, 0x00, 0xf4, 0x09, 0x00, 0x00, 
  0x4c, 0x09, 0x00, 0x00, 0x10, 0x08, 0x00, 0x00, 0x84, 0x06, 0x00, 0x00, 
  0x88, 0x04, 0x00, 0x00, 0x90, 0x02, 0x00, 0x00, 0xf8, 0x01, 0x00, 0x00, 
  0x2c, 0x01, 0x00, 0x00, 0x80, 0x00, 0x00, 0x00, 0x04, 0x00, 0x00, 0x00, 
  0x36, 0xda, 0xff, 0xff, 0x00, 0x00, 0x00, 0x01, 0x18, 0x00, 0x00, 0x00, 
  0x20, 0x00, 0x00, 0x00, 0x3c, 0x00, 0x00, 0x00, 0x1f, 0x00, 0x00, 0x00, 
  0x00, 0x00, 0x00, 0x09, 0x50, 0x00, 0x00, 0x00, 0x02, 0x00, 0x00, 0x00, 
  0xff, 0xff, 0xff, 0xff, 0x03, 0x00, 0x00, 0x00, 0x1c, 0xda, 0xff, 0xff, 
  0x08, 0x00, 0x00, 0x00, 0x10, 0x00, 0x00, 0x00, 0x01, 0x00, 0x00, 0x00, 
  0x80, 0xff, 0xff, 0xff, 0xff, 0xff, 0xff, 0xff, 0x01, 0x00, 0x00, 0x00, 
  0x00, 0x00, 0x80, 0x3b, 0x1b, 0x00, 0x00, 0x00, 0x53, 0x74, 0x61, 0x74, 
  0x65, 0x66, 0x75, 0x6c, 0x50, 0x61, 0x72, 0x74, 0x69, 0x74, 0x69, 0x6f, 
  0x6e, 0x65, 0x64, 0x43, 0x61, 0x6c, 0x6c, 0x5f, 0x31, 0x3a, 0x30, 0x00, 
  0x02, 0x00, 0x00, 0x00, 0x01, 0x00, 0x00, 0x00, 0x03, 0x00, 0x00, 0x00, 
  0xae, 0xda, 0xff, 0xff, 0x00, 0x00, 0x00, 0x01, 0x18, 0x00, 0x00, 0x00, 
  0x20, 0x00, 0x00, 0x00, 0x3c, 0x00, 0x00, 0x00, 0x1e, 0x00, 0x00, 0x00, 
  0x00, 0x00, 0x00, 0x09, 0x80, 0x00, 0x00, 0x00, 0x02, 0x00, 0x00, 0x00, 
  0xff, 0xff, 0xff, 0xff, 0x03, 0x00, 0x00, 0x00, 0x94, 0xda, 0xff, 0xff, 
  0x08, 0x00, 0x00, 0x00, 0x10, 0x00, 0x00, 0x00, 0x01, 0x00, 0x00, 0x00, 
  0xf8, 0xff, 0xff, 0xff, 0xff, 0xff, 0xff, 0xff, 0x01, 0x00, 0x00, 0x00, 
  0xe4, 0x05, 0xf6, 0x3d, 0x48, 0x00, 0x00, 0x00, 0x73, 0x65, 0x71, 0x75, 
  0x65, 0x6e, 0x74, 0x69, 0x61, 0x6c, 0x5f, 0x31, 0x30, 0x37, 0x5f, 0x31, 
  0x2f, 0x64, 0x65, 0x6e, 0x73, 0x65, 0x5f, 0x32, 0x31, 0x35, 0x5f, 0x31, 
  0x2f, 0x4d, 0x61, 0x74, 0x4d, 0x75, 0x6c, 0x3b, 0x73, 0x65, 0x71, 0x75, 
  0x65, 0x6e, 0x74, 0x69, 0x61, 0x6c, 0x5f, 0x31, 0x30, 0x37, 0x5f, 0x31, 
  0x2f, 0x64, 0x65, 0x6e, 0x73, 0x65, 0x5f, 0x32, 0x31, 0x35, 0x5f, 0x31, 
  0x2f, 0x42, 0x69, 0x61, 0x73, 0x41, 0x64, 0x64, 0x00, 0x00, 0x00, 0x00, 
  0x02, 0x00, 0x00, 0x00, 0x01, 0x00, 0x00, 0x00, 0x03, 0x00, 0x00, 0x00, 
  0x56, 0xdb, 0xff, 0xff, 0x00, 0x00, 0x00, 0x01, 0x18, 0x00, 0x00, 0x00, 
  0x20, 0x00, 0x00, 0x00, 0x3c, 0x00, 0x00, 0x00, 0x1d, 0x00, 0x00, 0x00, 
  0x00, 0x00, 0x00, 0x09, 0xa0, 0x00, 0x00, 0x00, 0x02, 0x00, 0x00, 0x00, 
  0xff, 0xff, 0xff, 0xff, 0x20, 0x00, 0x00, 0x00, 0x3c, 0xdb, 0xff, 0xff, 
  0x08, 0x00, 0x00, 0x00, 0x10, 0x00, 0x00, 0x00, 0x01, 0x00, 0x00, 0x00, 
  0x80, 0xff, 0xff, 0xff, 0xff, 0xff, 0xff, 0xff, 0x01, 0x00, 0x00, 0x00, 
  0x27, 0x18, 0xcd, 0x3c, 0x6a, 0x00, 0x00, 0x00, 0x73, 0x65, 0x71, 0x75, 
  0x65, 0x6e, 0x74, 0x69, 0x61, 0x6c, 0x5f, 0x31, 0x30, 0x37, 0x5f, 0x31, 
  0x2f, 0x64, 0x65, 0x6e, 0x73, 0x65, 0x5f, 0x32, 0x31, 0x34, 0x5f, 0x31, 
  0x2f, 0x4d, 0x61, 0x74, 0x4d, 0x75, 0x6c, 0x3b, 0x73, 0x65, 0x71, 0x75, 
  0x65, 0x6e, 0x74, 0x69, 0x61, 0x6c, 0x5f, 0x31, 0x30, 0x37, 0x5f, 0x31, 
  0x2f, 0x64, 0x65, 0x6e, 0x73, 0x65, 0x5f, 0x32, 0x31, 0x34, 0x5f, 0x31, 
  0x2f, 0x52, 0x65, 0x6c, 0x75, 0x3b, 0x73, 0x65, 0x71, 0x75, 0x65, 0x6e, 
  0x74, 0x69, 0x61, 0x6c, 0x5f, 0x31, 0x30, 0x37, 0x5f, 0x31, 0x2f, 0x64, 
  0x65, 0x6e, 0x73, 0x65, 0x5f, 0x32, 0x31, 0x34, 0x5f, 0x31, 0x2f, 0x42, 
  0x69, 0x61, 0x73, 0x41, 0x64, 0x64, 0x00, 0x00, 0x02, 0x00, 0x00, 0x00, 
  0x01, 0x00, 0x00, 0x00, 0x20, 0x00, 0x00, 0x00, 0x1e, 0xdc, 0xff, 0xff, 
  0x00, 0x00, 0x00, 0x01, 0x18, 0x00, 0x00, 0x00, 0x20, 0x00, 0x00, 0x00, 
  0x3c, 0x00, 0x00, 0x00, 0x1c, 0x00, 0x00, 0x00, 0x00, 0x00, 0x00, 0x09, 
  0x6c, 0x00, 0x00, 0x00, 0x02, 0x00, 0x00, 0x00, 0xff, 0xff, 0xff, 0xff, 
  0x40, 0x00, 0x00, 0x00, 0x04, 0xdc, 0xff, 0xff, 0x08, 0x00, 0x00, 0x00, 
  0x10, 0x00, 0x00, 0x00, 0x01, 0x00, 0x00, 0x00, 0xb3, 0xff, 0xff, 0xff, 
  0xff, 0xff, 0xff, 0xff, 0x01, 0x00, 0x00, 0x00, 0xb6, 0x51, 0xc5, 0x3c, 
  0x34, 0x00, 0x00, 0x00, 0x73, 0x65, 0x71, 0x75, 0x65, 0x6e, 0x74, 0x69, 
  0x61, 0x6c, 0x5f, 0x31, 0x30, 0x37, 0x5f, 0x31, 0x2f, 0x67, 0x6c, 0x6f, 
  0x62, 0x61, 0x6c, 0x5f, 0x61, 0x76, 0x65, 0x72, 0x61, 0x67, 0x65, 0x5f, 
  0x70, 0x6f, 0x6f, 0x6c, 0x69, 0x6e, 0x67, 0x31, 0x64, 0x5f, 0x31, 0x30, 
  0x37, 0x5f, 0x31, 0x2f, 0x4d, 0x65, 0x61, 0x6e, 0x00, 0x00, 0x00, 0x00, 
  0x02, 0x00, 0x00, 0x00, 0x01, 0x00, 0x00, 0x00, 0x40, 0x00, 0x00, 0x00, 
  0xb2, 0xdc, 0xff, 0xff, 0x00, 0x00, 0x00, 0x01, 0x18, 0x00, 0x00, 0x00, 
  0x24, 0x00, 0x00, 0x00, 0x44, 0x00, 0x00, 0x00, 0x1b, 0x00, 0x00, 0x00, 
  0x00, 0x00, 0x00, 0x09, 0xc8, 0x01, 0x00, 0x00, 0x03, 0x00, 0x00, 0x00, 
  0xff, 0xff, 0xff, 0xff, 0x5e, 0x00, 0x00, 0x00, 0x40, 0x00, 0x00, 0x00, 
  0x9c, 0xdc, 0xff, 0xff, 0x08, 0x00, 0x00, 0x00, 0x14, 0x00, 0x00, 0x00, 
  0x01, 0x00, 0x00, 0x00, 0x9d, 0xff, 0xff, 0xff, 0xff, 0xff, 0xff, 0xff, 
  0x00, 0x00, 0x00, 0x00, 0x01, 0x00, 0x00, 0x00, 0x11, 0x65, 0x2b, 0x3d, 
  0x89, 0x01, 0x00, 0x00, 0x73, 0x65, 0x71, 0x75, 0x65, 0x6e, 0x74, 0x69, 
  0x61, 0x6c, 0x5f, 0x31, 0x30, 0x37, 0x5f, 0x31, 0x2f, 0x62, 0x61, 0x74, 
  0x63, 0x68, 0x5f, 0x6e, 0x6f, 0x72, 0x6d, 0x61, 0x6c, 0x69, 0x7a, 0x61, 
  0x74, 0x69, 0x6f, 0x6e, 0x5f, 0x31, 0x38, 0x31, 0x5f, 0x31, 0x2f, 0x62, 
  0x61, 0x74, 0x63, 0x68, 0x6e, 0x6f, 0x72, 0x6d, 0x2f, 0x61, 0x64, 0x64, 
  0x5f, 0x31, 0x3b, 0x73, 0x65, 0x71, 0x75, 0x65, 0x6e, 0x74, 0x69, 0x61, 
  0x6c, 0x5f, 0x31, 0x30, 0x37, 0x5f, 0x31, 0x2f, 0x63, 0x6f, 0x6e, 0x76, 
  0x31, 0x64, 0x5f, 0x32, 0x31, 0x35, 0x5f, 0x31, 0x2f, 0x63, 0x6f, 0x6e, 
  0x76, 0x6f, 0x6c, 0x75, 0x74, 0x69, 0x6f, 0x6e, 0x2f, 0x53, 0x71, 0x75, 
  0x65, 0x65, 0x7a, 0x65, 0x3b, 0x73, 0x65, 0x71, 0x75, 0x65, 0x6e, 0x74, 
  0x69, 0x61, 0x6c, 0x5f, 0x31, 0x30, 0x37, 0x5f, 0x31, 0x2f, 0x62, 0x61, 
  0x74, 0x63, 0x68, 0x5f, 0x6e, 0x6f, 0x72, 0x6d, 0x61, 0x6c, 0x69, 0x7a, 
  0x61, 0x74, 0x69, 0x6f, 0x6e, 0x5f, 0x31, 0x38, 0x31, 0x5f, 0x31, 0x2f, 
  0x62, 0x61, 0x74, 0x63, 0x68, 0x6e, 0x6f, 0x72, 0x6d, 0x2f, 0x6d, 0x75, 
  0x6c, 0x5f, 0x31, 0x3b, 0x73, 0x65, 0x71, 0x75, 0x65, 0x6e, 0x74, 0x69, 
  0x61, 0x6c, 0x5f, 0x31, 0x30, 0x37, 0x5f, 0x31, 0x2f, 0x63, 0x6f, 0x6e, 
  0x76, 0x31, 0x64, 0x5f, 0x32, 0x31, 0x35, 0x5f, 0x31, 0x2f, 0x52, 0x65, 
  0x6c, 0x75, 0x3b, 0x73, 0x65, 0x71, 0x75, 0x65, 0x6e, 0x74, 0x69, 0x61, 
  0x6c, 0x5f, 0x31, 0x30, 0x37, 0x5f, 0x31, 0x2f, 0x63, 0x6f, 0x6e, 0x76, 
  0x31, 0x64, 0x5f, 0x32, 0x31, 0x35, 0x5f, 0x31, 0x2f, 0x42, 0x69, 0x61, 
  0x73, 0x41, 0x64, 0x64, 0x3b, 0x73, 0x65, 0x71, 0x75, 0x65, 0x6e, 0x74, 
  0x69, 0x61, 0x6c, 0x5f, 0x31, 0x30, 0x37, 0x5f, 0x31, 0x2f, 0x63, 0x6f, 
  0x6e, 0x76, 0x31, 0x64, 0x5f, 0x32, 0x31, 0x35, 0x5f, 0x31, 0x2f, 0x53, 
  0x71, 0x75, 0x65, 0x65, 0x7a, 0x65, 0x3b, 0x73, 0x65, 0x71, 0x75, 0x65, 
  0x6e, 0x74, 0x69, 0x61, 0x6c, 0x5f, 0x31, 0x30, 0x37, 0x5f, 0x31, 0x2f, 
  0x62, 0x61, 0x74, 0x63, 0x68, 0x5f, 0x6e, 0x6f, 0x72, 0x6d, 0x61, 0x6c, 
  0x69, 0x7a, 0x61, 0x74, 0x69, 0x6f, 0x6e, 0x5f, 0x31, 0x38, 0x31, 0x5f, 
  0x31, 0x2f, 0x62, 0x61, 0x74, 0x63, 0x68, 0x6e, 0x6f, 0x72, 0x6d, 0x2f, 
  0x6d, 0x75, 0x6c, 0x3b, 0x73, 0x65, 0x71, 0x75, 0x65, 0x6e, 0x74, 0x69, 
  0x61, 0x6c, 0x5f, 0x31, 0x30, 0x37, 0x5f, 0x31, 0x2f, 0x62, 0x61, 0x74, 
  0x63, 0x68, 0x5f, 0x6e, 0x6f, 0x72, 0x6d, 0x61, 0x6c, 0x69, 0x7a, 0x61, 
  0x74, 0x69, 0x6f, 0x6e, 0x5f, 0x31, 0x38, 0x31, 0x5f, 0x31, 0x2f, 0x62, 
  0x61, 0x74, 0x63, 0x68, 0x6e, 0x6f, 0x72, 0x6d, 0x2f, 0x73, 0x75, 0x62, 
  0x31, 0x00, 0x00, 0x00, 0x03, 0x00, 0x00, 0x00, 0x01, 0x00, 0x00, 0x00, 
  0x5e, 0x00, 0x00, 0x00, 0x40, 0x00, 0x00, 0x00, 0xa6, 0xde, 0xff, 0xff, 
  0x00, 0x00, 0x00, 0x01, 0x18, 0x00, 0x00, 0x00, 0x28, 0x00, 0x00, 0x00, 
  0x44, 0x00, 0x00, 0x00, 0x1a, 0x00, 0x00, 0x00, 0x00, 0x00, 0x00, 0x09, 
  0xc8, 0x01, 0x00, 0x00, 0x04, 0x00, 0x00, 0x00, 0xff, 0xff, 0xff, 0xff, 
  0x01, 0x00, 0x00, 0x00, 0x5e, 0x00, 0x00, 0x00, 0x40, 0x00, 0x00, 0x00, 
  0x94, 0xde, 0xff, 0xff, 0x08, 0x00, 0x00, 0x00, 0x10, 0x00, 0x00, 0x00, 
  0x01, 0x00, 0x00, 0x00, 0x9d, 0xff, 0xff, 0xff, 0xff, 0xff, 0xff, 0xff, 
  0x01, 0x00, 0x00, 0x00, 0x11, 0x65, 0x2b, 0x3d, 0x88, 0x01, 0x00, 0x00, 
  0x73, 0x65, 0x71, 0x75, 0x65, 0x6e, 0x74, 0x69, 0x61, 0x6c, 0x5f, 0x31, 
  0x30, 0x37, 0x5f, 0x31, 0x2f, 0x62, 0x61, 0x74, 0x63, 0x68, 0x5f, 0x6e, 
  0x6f, 0x72, 0x6d, 0x61, 0x6c, 0x69, 0x7a, 0x61, 0x74, 0x69, 0x6f, 0x6e, 
  0x5f, 0x31, 0x38, 0x31, 0x5f, 0x31, 0x2f, 0x62, 0x61, 0x74, 0x63, 0x68, 
  0x6e, 0x6f, 0x72, 0x6d, 0x2f, 0x61, 0x64, 0x64, 0x5f, 0x31, 0x3b, 0x73, 
  0x65, 0x71, 0x75, 0x65, 0x6e, 0x74, 0x69, 0x61, 0x6c, 0x5f, 0x31, 0x30, 
  0x37, 0x5f, 0x31, 0x2f, 0x63, 0x6f, 0x6e, 0x76, 0x31, 0x64, 0x5f, 0x32, 
  0x31, 0x35, 0x5f, 0x31, 0x2f, 0x63, 0x6f, 0x6e, 0x76, 0x6f, 0x6c, 0x75, 
  0x74, 0x69, 0x6f, 0x6e, 0x2f, 0x53, 0x71, 0x75, 0x65, 0x65, 0x7a, 0x65, 
  0x3b, 0x73, 0x65, 0x71, 0x75, 0x65, 0x6e, 0x74, 0x69, 0x61, 0x6c, 0x5f, 
  0x31, 0x30, 0x37, 0x5f, 0x31, 0x2f, 0x62, 0x61, 0x74, 0x63, 0x68, 0x5f, 
  0x6e, 0x6f, 0x72, 0x6d, 0x61, 0x6c, 0x69, 0x7a, 0x61, 0x74, 0x69, 0x6f, 
  0x6e, 0x5f, 0x31, 0x38, 0x31, 0x5f, 0x31, 0x2f, 0x62, 0x61, 0x74, 0x63, 
  0x68, 0x6e, 0x6f, 0x72, 0x6d, 0x2f, 0x6d, 0x75, 0x6c, 0x5f, 0x31, 0x3b, 
  0x73, 0x65, 0x71, 0x75, 0x65, 0x6e, 0x74, 0x69, 0x61, 0x6c, 0x5f, 0x31, 
  0x30, 0x37, 0x5f, 0x31, 0x2f, 0x63, 0x6f, 0x6e, 0x76, 0x31, 0x64, 0x5f, 
  0x32, 0x31, 0x35, 0x5f, 0x31, 0x2f, 0x52, 0x65, 0x6c, 0x75, 0x3b, 0x73, 
  0x65, 0x71, 0x75, 0x65, 0x6e, 0x74, 0x69, 0x61, 0x6c, 0x5f, 0x31, 0x30, 
  0x37, 0x5f, 0x31, 0x2f, 0x63, 0x6f, 0x6e, 0x76, 0x31, 0x64, 0x5f, 0x32, 
  0x31, 0x35, 0x5f, 0x31, 0x2f, 0x42, 0x69, 0x61, 0x73, 0x41, 0x64, 0x64, 
  0x3b, 0x73, 0x65, 0x71, 0x75, 0x65, 0x6e, 0x74, 0x69, 0x61, 0x6c, 0x5f, 
  0x31, 0x30, 0x37, 0x5f, 0x31, 0x2f, 0x63, 0x6f, 0x6e, 0x76, 0x31, 0x64, 
  0x5f, 0x32, 0x31, 0x35, 0x5f, 0x31, 0x2f, 0x53, 0x71, 0x75, 0x65, 0x65, 
  0x7a, 0x65, 0x3b, 0x73, 0x65, 0x71, 0x75, 0x65, 0x6e, 0x74, 0x69, 0x61, 
  0x6c, 0x5f, 0x31, 0x30, 0x37, 0x5f, 0x31, 0x2f, 0x62, 0x61, 0x74, 0x63, 
  0x68, 0x5f, 0x6e, 0x6f, 0x72, 0x6d, 0x61, 0x6c, 0x69, 0x7a, 0x61, 0x74, 
  0x69, 0x6f, 0x6e, 0x5f, 0x31, 0x38, 0x31, 0x5f, 0x31, 0x2f, 0x62, 0x61, 
  0x74, 0x63, 0x68, 0x6e, 0x6f, 0x72, 0x6d, 0x2f, 0x6d, 0x75, 0x6c, 0x3b, 
  0x73, 0x65, 0x71, 0x75, 0x65, 0x6e, 0x74, 0x69, 0x61, 0x6c, 0x5f, 0x31, 
  0x30, 0x37, 0x5f, 0x31, 0x2f, 0x62, 0x61, 0x74, 0x63, 0x68, 0x5f, 0x6e, 
  0x6f, 0x72, 0x6d, 0x61, 0x6c, 0x69, 0x7a, 0x61, 0x74, 0x69, 0x6f, 0x6e, 
  0x5f, 0x31, 0x38, 0x31, 0x5f, 0x31, 0x2f, 0x62, 0x61, 0x74, 0x63, 0x68, 
  0x6e, 0x6f, 0x72, 0x6d, 0x2f, 0x73, 0x75, 0x62, 0x00, 0x00, 0x00, 0x00, 
  0x04, 0x00, 0x00, 0x00, 0x01, 0x00, 0x00, 0x00, 0x01, 0x00, 0x00, 0x00, 
  0x5e, 0x00, 0x00, 0x00, 0x40, 0x00, 0x00, 0x00, 0x9e, 0xe0, 0xff, 0xff, 
  0x00, 0x00, 0x00, 0x01, 0x18, 0x00, 0x00, 0x00, 0x28, 0x00, 0x00, 0x00, 
  0x48, 0x00, 0x00, 0x00, 0x19, 0x00, 0x00, 0x00, 0x00, 0x00, 0x00, 0x09, 
  0x58, 0x01, 0x00, 0x00, 0x04, 0x00, 0x00, 0x00, 0xff, 0xff, 0xff, 0xff, 
  0x01, 0x00, 0x00, 0x00, 0x5e, 0x00, 0x00, 0x00, 0x40, 0x00, 0x00, 0x00, 
  0x8c, 0xe0, 0xff, 0xff, 0x08, 0x00, 0x00, 0x00, 0x14, 0x00, 0x00, 0x00, 
  0x01, 0x00, 0x00, 0x00, 0x9c, 0xff, 0xff, 0xff, 0xff, 0xff, 0xff, 0xff, 
  0x00, 0x00, 0x00, 0x00, 0x01, 0x00, 0x00, 0x00, 0x1f, 0xff, 0x34, 0x3d, 
  0x14, 0x01, 0x00, 0x00, 0x73, 0x65, 0x71, 0x75, 0x65, 0x6e, 0x74, 0x69, 
  0x61, 0x6c, 0x5f, 0x31, 0x30, 0x37, 0x5f, 0x31, 0x2f, 0x62, 0x61, 0x74, 
  0x63, 0x68, 0x5f, 0x6e, 0x6f, 0x72, 0x6d, 0x61, 0x6c, 0x69, 0x7a, 0x61, 
  0x74, 0x69, 0x6f, 0x6e, 0x5f, 0x31, 0x38, 0x31, 0x5f, 0x31, 0x2f, 0x62, 
  0x61, 0x74, 0x63, 0x68, 0x6e, 0x6f, 0x72, 0x6d, 0x2f, 0x6d, 0x75, 0x6c, 
  0x5f, 0x31, 0x3b, 0x73, 0x65, 0x71, 0x75, 0x65, 0x6e, 0x74, 0x69, 0x61, 
  0x6c, 0x5f, 0x31, 0x30, 0x37, 0x5f, 0x31, 0x2f, 0x63, 0x6f, 0x6e, 0x76, 
  0x31, 0x64, 0x5f, 0x32, 0x31, 0x35, 0x5f, 0x31, 0x2f, 0x63, 0x6f, 0x6e, 
  0x76, 0x6f, 0x6c, 0x75, 0x74, 0x69, 0x6f, 0x6e, 0x2f, 0x53, 0x71, 0x75, 
  0x65, 0x65, 0x7a, 0x65, 0x3b, 0x73, 0x65, 0x71, 0x75, 0x65, 0x6e, 0x74, 
  0x69, 0x61, 0x6c, 0x5f, 0x31, 0x30, 0x37, 0x5f, 0x31, 0x2f, 0x63, 0x6f, 
  0x6e, 0x76, 0x31, 0x64, 0x5f, 0x32, 0x31, 0x35, 0x5f, 0x31, 0x2f, 0x52, 
  0x65, 0x6c, 0x75, 0x3b, 0x73, 0x65, 0x71, 0x75, 0x65, 0x6e, 0x74, 0x69, 
  0x61, 0x6c, 0x5f, 0x31, 0x30, 0x37, 0x5f, 0x31, 0x2f, 0x63, 0x6f, 0x6e, 
  0x76, 0x31, 0x64, 0x5f, 0x32, 0x31, 0x35, 0x5f, 0x31, 0x2f, 0x42, 0x69, 
  0x61, 0x73, 0x41, 0x64, 0x64, 0x3b, 0x73, 0x65, 0x71, 0x75, 0x65, 0x6e, 
  0x74, 0x69, 0x61, 0x6c, 0x5f, 0x31, 0x30, 0x37, 0x5f, 0x31, 0x2f, 0x63, 
  0x6f, 0x6e, 0x76, 0x31, 0x64, 0x5f, 0x32, 0x31, 0x35, 0x5f, 0x31, 0x2f, 
  0x53, 0x71, 0x75, 0x65, 0x65, 0x7a, 0x65, 0x3b, 0x73, 0x65, 0x71, 0x75, 
  0x65, 0x6e, 0x74, 0x69, 0x61, 0x6c, 0x5f, 0x31, 0x30, 0x37, 0x5f, 0x31, 
  0x2f, 0x62, 0x61, 0x74, 0x63, 0x68, 0x5f, 0x6e, 0x6f, 0x72, 0x6d, 0x61, 
  0x6c, 0x69, 0x7a, 0x61, 0x74, 0x69, 0x6f, 0x6e, 0x5f, 0x31, 0x38, 0x31, 
  0x5f, 0x31, 0x2f, 0x62, 0x61, 0x74, 0x63, 0x68, 0x6e, 0x6f, 0x72, 0x6d, 
  0x2f, 0x6d, 0x75, 0x6c, 0x00, 0x00, 0x00, 0x00, 0x04, 0x00, 0x00, 0x00, 
  0x01, 0x00, 0x00, 0x00, 0x01, 0x00, 0x00, 0x00, 0x5e, 0x00, 0x00, 0x00, 
  0x40, 0x00, 0x00, 0x00, 0x26, 0xe2, 0xff, 0xff, 0x00, 0x00, 0x00, 0x01, 
  0x18, 0x00, 0x00, 0x00, 0x28, 0x00, 0x00, 0x00, 0x44, 0x00, 0x00, 0x00, 
  0x18, 0x00, 0x00, 0x00, 0x00, 0x00, 0x00, 0x09, 0x08, 0x01, 0x00, 0x00, 
  0x04, 0x00, 0x00, 0x00, 0xff, 0xff, 0xff, 0xff, 0x01, 0x00, 0x00, 0x00, 
  0x5e, 0x00, 0x00, 0x00, 0x40, 0x00, 0x00, 0x00, 0x14, 0xe2, 0xff, 0xff, 
  0x08, 0x00, 0x00, 0x00, 0x10, 0x00, 0x00, 0x00, 0x01, 0x00, 0x00, 0x00, 
  0x80, 0xff, 0xff, 0xff, 0xff, 0xff, 0xff, 0xff, 0x01, 0x00, 0x00, 0x00, 
  0xd3, 0x34, 0x21, 0x3d, 0xcb, 0x00, 0x00, 0x00, 0x73, 0x65, 0x71, 0x75, 
  0x65, 0x6e, 0x74, 0x69, 0x61, 0x6c, 0x5f, 0x31, 0x30, 0x37, 0x5f, 0x31, 
  0x2f, 0x63, 0x6f, 0x6e, 0x76, 0x31, 0x64, 0x5f, 0x32, 0x31, 0x35, 0x5f, 
  0x31, 0x2f, 0x52, 0x65, 0x6c, 0x75, 0x3b, 0x73, 0x65, 0x71, 0x75, 0x65, 
  0x6e, 0x74, 0x69, 0x61, 0x6c, 0x5f, 0x31, 0x30, 0x37, 0x5f, 0x31, 0x2f, 
  0x63, 0x6f, 0x6e, 0x76, 0x31, 0x64, 0x5f, 0x32, 0x31, 0x35, 0x5f, 0x31, 
  0x2f, 0x42, 0x69, 0x61, 0x73, 0x41, 0x64, 0x64, 0x3b, 0x73, 0x65, 0x71, 
  0x75, 0x65, 0x6e, 0x74, 0x69, 0x61, 0x6c, 0x5f, 0x31, 0x30, 0x37, 0x5f, 
  0x31, 0x2f, 0x63, 0x6f, 0x6e, 0x76, 0x31, 0x64, 0x5f, 0x32, 0x31, 0x35, 
  0x5f, 0x31, 0x2f, 0x63, 0x6f, 0x6e, 0x76, 0x6f, 0x6c, 0x75, 0x74, 0x69, 
  0x6f, 0x6e, 0x2f, 0x53, 0x71, 0x75, 0x65, 0x65, 0x7a, 0x65, 0x3b, 0x73, 
  0x65, 0x71, 0x75, 0x65, 0x6e, 0x74, 0x69, 0x61, 0x6c, 0x5f, 0x31, 0x30, 
  0x37, 0x5f, 0x31, 0x2f, 0x63, 0x6f, 0x6e, 0x76, 0x31, 0x64, 0x5f, 0x32, 
  0x31, 0x35, 0x5f, 0x31, 0x2f, 0x53, 0x71, 0x75, 0x65, 0x65, 0x7a, 0x65, 
  0x3b, 0x73, 0x65, 0x71, 0x75, 0x65, 0x6e, 0x74, 0x69, 0x61, 0x6c, 0x5f, 
  0x31, 0x30, 0x37, 0x5f, 0x31, 0x2f, 0x63, 0x6f, 0x6e, 0x76, 0x31, 0x64, 
  0x5f, 0x32, 0x31, 0x35, 0x5f, 0x31, 0x2f, 0x63, 0x6f, 0x6e, 0x76, 0x6f, 
  0x6c, 0x75, 0x74, 0x69, 0x6f, 0x6e, 0x31, 0x00, 0x04, 0x00, 0x00, 0x00, 
  0x01, 0x00, 0x00, 0x00, 0x01, 0x00, 0x00, 0x00, 0x5e, 0x00, 0x00, 0x00, 
  0x40, 0x00, 0x00, 0x00, 0x5e, 0xe3, 0xff, 0xff, 0x00, 0x00, 0x00, 0x01, 
  0x18, 0x00, 0x00, 0x00, 0x28, 0x00, 0x00, 0x00, 0x44, 0x00, 0x00, 0x00, 
  0x17, 0x00, 0x00, 0x00, 0x00, 0x00, 0x00, 0x09, 0x74, 0x00, 0x00, 0x00, 
  0x04, 0x00, 0x00, 0x00, 0xff, 0xff, 0xff, 0xff, 0x01, 0x00, 0x00, 0x00, 
  0x60, 0x00, 0x00, 0x00, 0x20, 0x00, 0x00, 0x00, 0x4c, 0xe3, 0xff, 0xff, 
  0x08, 0x00, 0x00, 0x00, 0x10, 0x00, 0x00, 0x00, 0x01, 0x00, 0x00, 0x00, 
  0x92, 0xff, 0xff, 0xff, 0xff, 0xff, 0xff, 0xff, 0x01, 0x00, 0x00, 0x00, 
  0xed, 0x5e, 0x62, 0x3d, 0x34, 0x00, 0x00, 0x00, 0x73, 0x65, 0x71, 0x75, 
  0x65, 0x6e, 0x74, 0x69, 0x61, 0x6c, 0x5f, 0x31, 0x30, 0x37, 0x5f, 0x31, 
  0x2f, 0x63, 0x6f, 0x6e, 0x76, 0x31, 0x64, 0x5f, 0x32, 0x31, 0x35, 0x5f, 
  0x31, 0x2f, 0x63, 0x6f, 0x6e, 0x76, 0x6f, 0x6c, 0x75, 0x74, 0x69, 0x6f, 
  0x6e, 0x2f, 0x45, 0x78, 0x70, 0x61, 0x6e, 0x64, 0x44, 0x69, 0x6d, 0x73, 
  0x00, 0x00, 0x00, 0x00, 0x04, 0x00, 0x00, 0x00, 0x01, 0x00, 0x00, 0x00, 
  0x01, 0x00, 0x00, 0x00, 0x60, 0x00, 0x00, 0x00, 0x20, 0x00, 0x00, 0x00, 
  0x02, 0xe4, 0xff, 0xff, 0x00, 0x00, 0x00, 0x01, 0x18, 0x00, 0x00, 0x00, 
  0x24, 0x00, 0x00, 0x00, 0x44, 0x00, 0x00, 0x00, 0x16, 0x00, 0x00, 0x00, 
  0x00, 0x00, 0x00, 0x09, 0xc8, 0x01, 0x00, 0x00, 0x03, 0x00, 0x00, 0x00, 
  0xff, 0xff, 0xff, 0xff, 0x60, 0x00, 0x00, 0x00, 0x20, 0x00, 0x00, 0x00, 
  0xec, 0xe3, 0xff, 0xff, 0x08, 0x00, 0x00, 0x00, 0x14, 0x00, 0x00, 0x00, 
  0x01, 0x00, 0x00, 0x00, 0x92, 0xff, 0xff, 0xff, 0xff, 0xff, 0xff, 0xff, 
  0x00, 0x00, 0x00, 0x00, 0x01, 0x00, 0x00, 0x00, 0xed, 0x5e, 0x62, 0x3d, 
  0x89, 0x01, 0x00, 0x00, 0x73, 0x65, 0x71, 0x75, 0x65, 0x6e, 0x74, 0x69, 
  0x61, 0x6c, 0x5f, 0x31, 0x30, 0x37, 0x5f, 0x31, 0x2f, 0x62, 0x61, 0x74, 
  0x63, 0x68, 0x5f, 0x6e, 0x6f, 0x72, 0x6d, 0x61, 0x6c, 0x69, 0x7a, 0x61, 
  0x74, 0x69, 0x6f, 0x6e, 0x5f, 0x31, 0x38, 0x30, 0x5f, 0x31, 0x2f, 0x62, 
  0x61, 0x74, 0x63, 0x68, 0x6e, 0x6f, 0x72, 0x6d, 0x2f, 0x61, 0x64, 0x64, 
  0x5f, 0x31, 0x3b, 0x73, 0x65, 0x71, 0x75, 0x65, 0x6e, 0x74, 0x69, 0x61, 
  0x6c, 0x5f, 0x31, 0x30, 0x37, 0x5f, 0x31, 0x2f, 0x63, 0x6f, 0x6e, 0x76, 
  0x31, 0x64, 0x5f, 0x32, 0x31, 0x34, 0x5f, 0x31, 0x2f, 0x63, 0x6f, 0x6e, 
  0x76, 0x6f, 0x6c, 0x75, 0x74, 0x69, 0x6f, 0x6e, 0x2f, 0x53, 0x71, 0x75, 
  0x65, 0x65, 0x7a, 0x65, 0x3b, 0x73, 0x65, 0x71, 0x75, 0x65, 0x6e, 0x74, 
  0x69, 0x61, 0x6c, 0x5f, 0x31, 0x30, 0x37, 0x5f, 0x31, 0x2f, 0x62, 0x61, 
  0x74, 0x63, 0x68, 0x5f, 0x6e, 0x6f, 0x72, 0x6d, 0x61, 0x6c, 0x69, 0x7a, 
  0x61, 0x74, 0x69, 0x6f, 0x6e, 0x5f, 0x31, 0x38, 0x30, 0x5f, 0x31, 0x2f, 
  0x62, 0x61, 0x74, 0x63, 0x68, 0x6e, 0x6f, 0x72, 0x6d, 0x2f, 0x6d, 0x75, 
  0x6c, 0x5f, 0x31, 0x3b, 0x73, 0x65, 0x71, 0x75, 0x65, 0x6e, 0x74, 0x69, 
  0x61, 0x6c, 0x5f, 0x31, 0x30, 0x37, 0x5f, 0x31, 0x2f, 0x63, 0x6f, 0x6e, 
  0x76, 0x31, 0x64, 0x5f, 0x32, 0x31, 0x34, 0x5f, 0x31, 0x2f, 0x52, 0x65, 
  0x6c, 0x75, 0x3b, 0x73, 0x65, 0x71, 0x75, 0x65, 0x6e, 0x74, 0x69, 0x61, 
  0x6c, 0x5f, 0x31, 0x30, 0x37, 0x5f, 0x31, 0x2f, 0x63, 0x6f, 0x6e, 0x76, 
  0x31, 0x64, 0x5f, 0x32, 0x31, 0x34, 0x5f, 0x31, 0x2f, 0x42, 0x69, 0x61, 
  0x73, 0x41, 0x64, 0x64, 0x3b, 0x73, 0x65, 0x71, 0x75, 0x65, 0x6e, 0x74, 
  0x69, 0x61, 0x6c, 0x5f, 0x31, 0x30, 0x37, 0x5f, 0x31, 0x2f, 0x63, 0x6f, 
  0x6e, 0x76, 0x31, 0x64, 0x5f, 0x32, 0x31, 0x34, 0x5f, 0x31, 0x2f, 0x53, 
  0x71, 0x75, 0x65, 0x65, 0x7a, 0x65, 0x3b, 0x73, 0x65, 0x71, 0x75, 0x65, 
  0x6e, 0x74, 0x69, 0x61, 0x6c, 0x5f, 0x31, 0x30, 0x37, 0x5f, 0x31, 0x2f, 
  0x62, 0x61, 0x74, 0x63, 0x68, 0x5f, 0x6e, 0x6f, 0x72, 0x6d, 0x61, 0x6c, 
  0x69, 0x7a, 0x61, 0x74, 0x69, 0x6f, 0x6e, 0x5f, 0x31, 0x38, 0x30, 0x5f, 
  0x31, 0x2f, 0x62, 0x61, 0x74, 0x63, 0x68, 0x6e, 0x6f, 0x72, 0x6d, 0x2f, 
  0x6d, 0x75, 0x6c, 0x3b, 0x73, 0x65, 0x71, 0x75, 0x65, 0x6e, 0x74, 0x69, 
  0x61, 0x6c, 0x5f, 0x31, 0x30, 0x37, 0x5f, 0x31, 0x2f, 0x62, 0x61, 0x74, 
  0x63, 0x68, 0x5f, 0x6e, 0x6f, 0x72, 0x6d, 0x61, 0x6c, 0x69, 0x7a, 0x61, 
  0x74, 0x69, 0x6f, 0x6e, 0x5f, 0x31, 0x38, 0x30, 0x5f, 0x31, 0x2f, 0x62, 
  0x61, 0x74, 0x63, 0x68, 0x6e, 0x6f, 0x72, 0x6d, 0x2f, 0x73, 0x75, 0x62, 
  0x31, 0x00, 0x00, 0x00, 0x03, 0x00, 0x00, 0x00, 0x01, 0x00, 0x00, 0x00, 
  0x60, 0x00, 0x00, 0x00, 0x20, 0x00, 0x00, 0x00, 0xf6, 0xe5, 0xff, 0xff, 
  0x00, 0x00, 0x00, 0x01, 0x18, 0x00, 0x00, 0x00, 0x28, 0x00, 0x00, 0x00, 
  0x44, 0x00, 0x00, 0x00, 0x15, 0x00, 0x00, 0x00, 0x00, 0x00, 0x00, 0x09, 
  0xc8, 0x01, 0x00, 0x00, 0x04, 0x00, 0x00, 0x00, 0xff, 0xff, 0xff, 0xff, 
  0x01, 0x00, 0x00, 0x00, 0x60, 0x00, 0x00, 0x00, 0x20, 0x00, 0x00, 0x00, 
  0xe4, 0xe5, 0xff, 0xff, 0x08, 0x00, 0x00, 0x00, 0x10, 0x00, 0x00, 0x00, 
  0x01, 0x00, 0x00, 0x00, 0x92, 0xff, 0xff, 0xff, 0xff, 0xff, 0xff, 0xff, 
  0x01, 0x00, 0x00, 0x00, 0xed, 0x5e, 0x62, 0x3d, 0x88, 0x01, 0x00, 0x00, 
  0x73, 0x65, 0x71, 0x75, 0x65, 0x6e, 0x74, 0x69, 0x61, 0x6c, 0x5f, 0x31, 
  0x30, 0x37, 0x5f, 0x31, 0x2f, 0x62, 0x61, 0x74, 0x63, 0x68, 0x5f, 0x6e, 
  0x6f, 0x72, 0x6d, 0x61, 0x6c, 0x69, 0x7a, 0x61, 0x74, 0x69, 0x6f, 0x6e, 
  0x5f, 0x31, 0x38, 0x30, 0x5f, 0x31, 0x2f, 0x62, 0x61, 0x74, 0x63, 0x68, 
  0x6e, 0x6f, 0x72, 0x6d, 0x2f, 0x61, 0x64, 0x64, 0x5f, 0x31, 0x3b, 0x73, 
  0x65, 0x71, 0x75, 0x65, 0x6e, 0x74, 0x69, 0x61, 0x6c, 0x5f, 0x31, 0x30, 
  0x37, 0x5f, 0x31, 0x2f, 0x63, 0x6f, 0x6e, 0x76, 0x31, 0x64, 0x5f, 0x32, 
  0x31, 0x34, 0x5f, 0x31, 0x2f, 0x63, 0x6f, 0x6e, 0x76, 0x6f, 0x6c, 0x75, 
  0x74, 0x69, 0x6f, 0x6e, 0x2f, 0x53, 0x71, 0x75, 0x65, 0x65, 0x7a, 0x65, 
  0x3b, 0x73, 0x65, 0x71, 0x75, 0x65, 0x6e, 0x74, 0x69, 0x61, 0x6c, 0x5f, 
  0x31, 0x30, 0x37, 0x5f, 0x31, 0x2f, 0x62, 0x61, 0x74, 0x63, 0x68, 0x5f, 
  0x6e, 0x6f, 0x72, 0x6d, 0x61, 0x6c, 0x69, 0x7a, 0x61, 0x74, 0x69, 0x6f, 
  0x6e, 0x5f, 0x31, 0x38, 0x30, 0x5f, 0x31, 0x2f, 0x62, 0x61, 0x74, 0x63, 
  0x68, 0x6e, 0x6f, 0x72, 0x6d, 0x2f, 0x6d, 0x75, 0x6c, 0x5f, 0x31, 0x3b, 
  0x73, 0x65, 0x71, 0x75, 0x65, 0x6e, 0x74, 0x69, 0x61, 0x6c, 0x5f, 0x31, 
  0x30, 0x37, 0x5f, 0x31, 0x2f, 0x63, 0x6f, 0x6e, 0x76, 0x31, 0x64, 0x5f, 
  0x32, 0x31, 0x34, 0x5f, 0x31, 0x2f, 0x52, 0x65, 0x6c, 0x75, 0x3b, 0x73, 
  0x65, 0x71, 0x75, 0x65, 0x6e, 0x74, 0x69, 0x61, 0x6c, 0x5f, 0x31, 0x30, 
  0x37, 0x5f, 0x31, 0x2f, 0x63, 0x6f, 0x6e, 0x76, 0x31, 0x64, 0x5f, 0x32, 
  0x31, 0x34, 0x5f, 0x31, 0x2f, 0x42, 0x69, 0x61, 0x73, 0x41, 0x64, 0x64, 
  0x3b, 0x73, 0x65, 0x71, 0x75, 0x65, 0x6e, 0x74, 0x69, 0x61, 0x6c, 0x5f, 
  0x31, 0x30, 0x37, 0x5f, 0x31, 0x2f, 0x63, 0x6f, 0x6e, 0x76, 0x31, 0x64, 
  0x5f, 0x32, 0x31, 0x34, 0x5f, 0x31, 0x2f, 0x53, 0x71, 0x75, 0x65, 0x65, 
  0x7a, 0x65, 0x3b, 0x73, 0x65, 0x71, 0x75, 0x65, 0x6e, 0x74, 0x69, 0x61, 
  0x6c, 0x5f, 0x31, 0x30, 0x37, 0x5f, 0x31, 0x2f, 0x62, 0x61, 0x74, 0x63, 
  0x68, 0x5f, 0x6e, 0x6f, 0x72, 0x6d, 0x61, 0x6c, 0x69, 0x7a, 0x61, 0x74, 
  0x69, 0x6f, 0x6e, 0x5f, 0x31, 0x38, 0x30, 0x5f, 0x31, 0x2f, 0x62, 0x61, 
  0x74, 0x63, 0x68, 0x6e, 0x6f, 0x72, 0x6d, 0x2f, 0x6d, 0x75, 0x6c, 0x3b, 
  0x73, 0x65, 0x71, 0x75, 0x65, 0x6e, 0x74, 0x69, 0x61, 0x6c, 0x5f, 0x31, 
  0x30, 0x37, 0x5f, 0x31, 0x2f, 0x62, 0x61, 0x74, 0x63, 0x68, 0x5f, 0x6e, 
  0x6f, 0x72, 0x6d, 0x61, 0x6c, 0x69, 0x7a, 0x61, 0x74, 0x69, 0x6f, 0x6e, 
  0x5f, 0x31, 0x38, 0x30, 0x5f, 0x31, 0x2f, 0x62, 0x61, 0x74, 0x63, 0x68, 
  0x6e, 0x6f, 0x72, 0x6d, 0x2f, 0x73, 0x75, 0x62, 0x00, 0x00, 0x00, 0x00, 
  0x04, 0x00, 0x00, 0x00, 0x01, 0x00, 0x00, 0x00, 0x01, 0x00, 0x00, 0x00, 
  0x60, 0x00, 0x00, 0x00, 0x20, 0x00, 0x00, 0x00, 0xee, 0xe7, 0xff, 0xff, 
  0x00, 0x00, 0x00, 0x01, 0x18, 0x00, 0x00, 0x00, 0x28, 0x00, 0x00, 0x00, 
  0x48, 0x00, 0x00, 0x00, 0x14, 0x00, 0x00, 0x00, 0x00, 0x00, 0x00, 0x09, 
  0x58, 0x01, 0x00, 0x00, 0x04, 0x00, 0x00, 0x00, 0xff, 0xff, 0xff, 0xff, 
  0x01, 0x00, 0x00, 0x00, 0x60, 0x00, 0x00, 0x00, 0x20, 0x00, 0x00, 0x00, 
  0xdc, 0xe7, 0xff, 0xff, 0x08, 0x00, 0x00, 0x00, 0x14, 0x00, 0x00, 0x00, 
  0x01, 0x00, 0x00, 0x00, 0x91, 0xff, 0xff, 0xff, 0xff, 0xff, 0xff, 0xff, 
  0x00, 0x00, 0x00, 0x00, 0x01, 0x00, 0x00, 0x00, 0x4a, 0xd8, 0x6c, 0x3d, 
  0x14, 0x01, 0x00, 0x00, 0x73, 0x65, 0x71, 0x75, 0x65, 0x6e, 0x74, 0x69, 
  0x61, 0x6c, 0x5f, 0x31, 0x30, 0x37, 0x5f, 0x31, 0x2f, 0x62, 0x61, 0x74, 
  0x63, 0x68, 0x5f, 0x6e, 0x6f, 0x72, 0x6d, 0x61, 0x6c, 0x69, 0x7a, 0x61, 
  0x74, 0x69, 0x6f, 0x6e, 0x5f, 0x31, 0x38, 0x30, 0x5f, 0x31, 0x2f, 0x62, 
  0x61, 0x74, 0x63, 0x68, 0x6e, 0x6f, 0x72, 0x6d, 0x2f, 0x6d, 0x75, 0x6c, 
  0x5f, 0x31, 0x3b, 0x73, 0x65, 0x71, 0x75, 0x65, 0x6e, 0x74, 0x69, 0x61, 
  0x6c, 0x5f, 0x31, 0x30, 0x37, 0x5f, 0x31, 0x2f, 0x63, 0x6f, 0x6e, 0x76, 
  0x31, 0x64, 0x5f, 0x32, 0x31, 0x34, 0x5f, 0x31, 0x2f, 0x63, 0x6f, 0x6e, 
  0x76, 0x6f, 0x6c, 0x75, 0x74, 0x69, 0x6f, 0x6e, 0x2f, 0x53, 0x71, 0x75, 
  0x65, 0x65, 0x7a, 0x65, 0x3b, 0x73, 0x65, 0x71, 0x75, 0x65, 0x6e, 0x74, 
  0x69, 0x61, 0x6c, 0x5f, 0x31, 0x30, 0x37, 0x5f, 0x31, 0x2f, 0x63, 0x6f, 
  0x6e, 0x76, 0x31, 0x64, 0x5f, 0x32, 0x31, 0x34, 0x5f, 0x31, 0x2f, 0x52, 
  0x65, 0x6c, 0x75, 0x3b, 0x73, 0x65, 0x71, 0x75, 0x65, 0x6e, 0x74, 0x69, 
  0x61, 0x6c, 0x5f, 0x31, 0x30, 0x37, 0x5f, 0x31, 0x2f, 0x63, 0x6f, 0x6e, 
  0x76, 0x31, 0x64, 0x5f, 0x32, 0x31, 0x34, 0x5f, 0x31, 0x2f, 0x42, 0x69, 
  0x61, 0x73, 0x41, 0x64, 0x64, 0x3b, 0x73, 0x65, 0x71, 0x75, 0x65, 0x6e, 
  0x74, 0x69, 0x61, 0x6c, 0x5f, 0x31, 0x30, 0x37, 0x5f, 0x31, 0x2f, 0x63, 
  0x6f, 0x6e, 0x76, 0x31, 0x64, 0x5f, 0x32, 0x31, 0x34, 0x5f, 0x31, 0x2f, 
  0x53, 0x71, 0x75, 0x65, 0x65, 0x7a, 0x65, 0x3b, 0x73, 0x65, 0x71, 0x75, 
  0x65, 0x6e, 0x74, 0x69, 0x61, 0x6c, 0x5f, 0x31, 0x30, 0x37, 0x5f, 0x31, 
  0x2f, 0x62, 0x61, 0x74, 0x63, 0x68, 0x5f, 0x6e, 0x6f, 0x72, 0x6d, 0x61, 
  0x6c, 0x69, 0x7a, 0x61, 0x74, 0x69, 0x6f, 0x6e, 0x5f, 0x31, 0x38, 0x30, 
  0x5f, 0x31, 0x2f, 0x62, 0x61, 0x74, 0x63, 0x68, 0x6e, 0x6f, 0x72, 0x6d, 
  0x2f, 0x6d, 0x75, 0x6c, 0x00, 0x00, 0x00, 0x00, 0x04, 0x00, 0x00, 0x00, 
  0x01, 0x00, 0x00, 0x00, 0x01, 0x00, 0x00, 0x00, 0x60, 0x00, 0x00, 0x00, 
  0x20, 0x00, 0x00, 0x00, 0x76, 0xe9, 0xff, 0xff, 0x00, 0x00, 0x00, 0x01, 
  0x18, 0x00, 0x00, 0x00, 0x28, 0x00, 0x00, 0x00, 0x44, 0x00, 0x00, 0x00, 
  0x13, 0x00, 0x00, 0x00, 0x00, 0x00, 0x00, 0x09, 0x08, 0x01, 0x00, 0x00, 
  0x04, 0x00, 0x00, 0x00, 0xff, 0xff, 0xff, 0xff, 0x01, 0x00, 0x00, 0x00, 
  0x60, 0x00, 0x00, 0x00, 0x20, 0x00, 0x00, 0x00, 0x64, 0xe9, 0xff, 0xff, 
  0x08, 0x00, 0x00, 0x00, 0x10, 0x00, 0x00, 0x00, 0x01, 0x00, 0x00, 0x00, 
  0x80, 0xff, 0xff, 0xff, 0xff, 0xff, 0xff, 0xff, 0x01, 0x00, 0x00, 0x00, 
  0x82, 0xe4, 0x5c, 0x3d, 0xcb, 0x00, 0x00, 0x00, 0x73, 0x65, 0x71, 0x75, 
  0x65, 0x6e, 0x74, 0x69, 0x61, 0x6c, 0x5f, 0x31, 0x30, 0x37, 0x5f, 0x31, 
  0x2f, 0x63, 0x6f, 0x6e, 0x76, 0x31, 0x64, 0x5f, 0x32, 0x31, 0x34, 0x5f, 
  0x31, 0x2f, 0x52, 0x65, 0x6c, 0x75, 0x3b, 0x73, 0x65, 0x71, 0x75, 0x65, 
  0x6e, 0x74, 0x69, 0x61, 0x6c, 0x5f, 0x31, 0x30, 0x37, 0x5f, 0x31, 0x2f, 
  0x63, 0x6f, 0x6e, 0x76, 0x31, 0x64, 0x5f, 0x32, 0x31, 0x34, 0x5f, 0x31, 
  0x2f, 0x42, 0x69, 0x61, 0x73, 0x41, 0x64, 0x64, 0x3b, 0x73, 0x65, 0x71, 
  0x75, 0x65, 0x6e, 0x74, 0x69, 0x61, 0x6c, 0x5f, 0x31, 0x30, 0x37, 0x5f, 
  0x31, 0x2f, 0x63, 0x6f, 0x6e, 0x76, 0x31, 0x64, 0x5f, 0x32, 0x31, 0x34, 
  0x5f, 0x31, 0x2f, 0x63, 0x6f, 0x6e, 0x76, 0x6f, 0x6c, 0x75, 0x74, 0x69, 
  0x6f, 0x6e, 0x2f, 0x53, 0x71, 0x75, 0x65, 0x65, 0x7a, 0x65, 0x3b, 0x73, 
  0x65, 0x71, 0x75, 0x65, 0x6e, 0x74, 0x69, 0x61, 0x6c, 0x5f, 0x31, 0x30, 
  0x37, 0x5f, 0x31, 0x2f, 0x63, 0x6f, 0x6e, 0x76, 0x31, 0x64, 0x5f, 0x32, 
  0x31, 0x34, 0x5f, 0x31, 0x2f, 0x53, 0x71, 0x75, 0x65, 0x65, 0x7a, 0x65, 
  0x3b, 0x73, 0x65, 0x71, 0x75, 0x65, 0x6e, 0x74, 0x69, 0x61, 0x6c, 0x5f, 
  0x31, 0x30, 0x37, 0x5f, 0x31, 0x2f, 0x63, 0x6f, 0x6e, 0x76, 0x31, 0x64, 
  0x5f, 0x32, 0x31, 0x34, 0x5f, 0x31, 0x2f, 0x63, 0x6f, 0x6e, 0x76, 0x6f, 
  0x6c, 0x75, 0x74, 0x69, 0x6f, 0x6e, 0x31, 0x00, 0x04, 0x00, 0x00, 0x00, 
  0x01, 0x00, 0x00, 0x00, 0x01, 0x00, 0x00, 0x00, 0x60, 0x00, 0x00, 0x00, 
  0x20, 0x00, 0x00, 0x00, 0xae, 0xea, 0xff, 0xff, 0x00, 0x00, 0x00, 0x01, 
  0x18, 0x00, 0x00, 0x00, 0x28, 0x00, 0x00, 0x00, 0x48, 0x00, 0x00, 0x00, 
  0x12, 0x00, 0x00, 0x00, 0x00, 0x00, 0x00, 0x09, 0x78, 0x00, 0x00, 0x00, 
  0x04, 0x00, 0x00, 0x00, 0xff, 0xff, 0xff, 0xff, 0x01, 0x00, 0x00, 0x00, 
  0x64, 0x00, 0x00, 0x00, 0x0c, 0x00, 0x00, 0x00, 0x9c, 0xea, 0xff, 0xff, 
  0x08, 0x00, 0x00, 0x00, 0x14, 0x00, 0x00, 0x00, 0x01, 0x00, 0x00, 0x00, 
  0xfd, 0xff, 0xff, 0xff, 0xff, 0xff, 0xff, 0xff, 0x00, 0x00, 0x00, 0x00, 
  0x01, 0x00, 0x00, 0x00, 0x97, 0xdf, 0xbb, 0x3d, 0x34, 0x00, 0x00, 0x00, 
  0x73, 0x65, 0x71, 0x75, 0x65, 0x6e, 0x74, 0x69, 0x61, 0x6c, 0x5f, 0x31, 
  0x30, 0x37, 0x5f, 0x31, 0x2f, 0x63, 0x6f, 0x6e, 0x76, 0x31, 0x64, 0x5f, 
  0x32, 0x31, 0x34, 0x5f, 0x31, 0x2f, 0x63, 0x6f, 0x6e, 0x76, 0x6f, 0x6c, 
  0x75, 0x74, 0x69, 0x6f, 0x6e, 0x2f, 0x45, 0x78, 0x70, 0x61, 0x6e, 0x64, 
  0x44, 0x69, 0x6d, 0x73, 0x00, 0x00, 0x00, 0x00, 0x04, 0x00, 0x00, 0x00, 
  0x01, 0x00, 0x00, 0x00, 0x01, 0x00, 0x00, 0x00, 0x64, 0x00, 0x00, 0x00, 
  0x0c, 0x00, 0x00, 0x00, 0xaa, 0xeb, 0xff, 0xff, 0x00, 0x00, 0x00, 0x01, 
  0x14, 0x00, 0x00, 0x00, 0xa8, 0x01, 0x00, 0x00, 0x11, 0x00, 0x00, 0x00, 
  0x00, 0x00, 0x00, 0x09, 0xcc, 0x01, 0x00, 0x00, 0x2c, 0xeb, 0xff, 0xff, 
  0x08, 0x00, 0x00, 0x00, 0x0c, 0x01, 0x00, 0x00, 0x20, 0x00, 0x00, 0x00, 
  0x00, 0x00, 0x00, 0x00, 0x00, 0x00, 0x00, 0x00, 0x00, 0x00, 0x00, 0x00, 
  0x00, 0x00, 0x00, 0x00, 0x00, 0x00, 0x00, 0x00, 0x00, 0x00, 0x00, 0x00, 
  0x00, 0x00, 0x00, 0x00, 0x00, 0x00, 0x00, 0x00, 0x00, 0x00, 0x00, 0x00, 
  0x00, 0x00, 0x00, 0x00, 0x00, 0x00, 0x00, 0x00, 0x00, 0x00, 0x00, 0x00, 
  0x00, 0x00, 0x00, 0x00, 0x00, 0x00, 0x00, 0x00, 0x00, 0x00, 0x00, 0x00, 
  0x00, 0x00, 0x00, 0x00, 0x00, 0x00, 0x00, 0x00, 0x00, 0x00, 0x00, 0x00, 
  0x00, 0x00, 0x00, 0x00, 0x00, 0x00, 0x00, 0x00, 0x00, 0x00, 0x00, 0x00, 
  0x00, 0x00, 0x00, 0x00, 0x00, 0x00, 0x00, 0x00, 0x00, 0x00, 0x00, 0x00, 
  0x00, 0x00, 0x00, 0x00, 0x00, 0x00, 0x00, 0x00, 0x00, 0x00, 0x00, 0x00, 
  0x00, 0x00, 0x00, 0x00, 0x00, 0x00, 0x00, 0x00, 0x00, 0x00, 0x00, 0x00, 
  0x00, 0x00, 0x00, 0x00, 0x00, 0x00, 0x00, 0x00, 0x00, 0x00, 0x00, 0x00, 
  0x00, 0x00, 0x00, 0x00, 0x00, 0x00, 0x00, 0x00, 0x00, 0x00, 0x00, 0x00, 
  0x00, 0x00, 0x00, 0x00, 0x00, 0x00, 0x00, 0x00, 0x00, 0x00, 0x00, 0x00, 
  0x00, 0x00, 0x00, 0x00, 0x00, 0x00, 0x00, 0x00, 0x00, 0x00, 0x00, 0x00, 
  0x00, 0x00, 0x00, 0x00, 0x00, 0x00, 0x00, 0x00, 0x00, 0x00, 0x00, 0x00, 
  0x00, 0x00, 0x00, 0x00, 0x00, 0x00, 0x00, 0x00, 0x00, 0x00, 0x00, 0x00, 
  0x00, 0x00, 0x00, 0x00, 0x00, 0x00, 0x00, 0x00, 0x00, 0x00, 0x00, 0x00, 
  0x00, 0x00, 0x00, 0x00, 0x00, 0x00, 0x00, 0x00, 0x00, 0x00, 0x00, 0x00, 
  0x00, 0x00, 0x00, 0x00, 0x00, 0x00, 0x00, 0x00, 0x00, 0x00, 0x00, 0x00, 
  0x00, 0x00, 0x00, 0x00, 0x00, 0x00, 0x00, 0x00, 0x00, 0x00, 0x00, 0x00, 
  0x00, 0x00, 0x00, 0x00, 0x00, 0x00, 0x00, 0x00, 0x00, 0x00, 0x00, 0x00, 
  0x00, 0x00, 0x00, 0x00, 0x00, 0x00, 0x00, 0x00, 0x20, 0x00, 0x00, 0x00, 
  0x1b, 0x9a, 0xd4, 0x3a, 0xa3, 0xef, 0xc1, 0x3a, 0xa4, 0xf6, 0xdb, 0x3a, 
  0xf4, 0x91, 0x03, 0x3b, 0xcf, 0xc4, 0xe8, 0x3a, 0xe8, 0x19, 0xed, 0x3a, 
  0x18, 0x77, 0x38, 0x3b, 0x84, 0xfa, 0xc7, 0x3a, 0x1b, 0xf7, 0xbb, 0x3a, 
  0x8e, 0xb6, 0x18, 0x3b, 0x9b, 0x18, 0xe3, 0x3a, 0x0f, 0xb2, 0xd7, 0x3a, 
  0xcd, 0xea, 0xce, 0x3a, 0xfa, 0xd0, 0xbd, 0x3a, 0x08, 0xeb, 0xb5, 0x3a, 
  0x57, 0x59, 0xee, 0x3a, 0x71, 0xa6, 0xf6, 0x3a, 0x9d, 0x76, 0xb1, 0x3a, 
  0x3e, 0x3c, 0xd4, 0x3a, 0x86, 0x89, 0xd0, 0x3a, 0xb7, 0xeb, 0xdc, 0x3a, 
  0x31, 0xcf, 0xcf, 0x3a, 0xd4, 0x9a, 0xd1, 0x3a, 0xb1, 0x00, 0xd6, 0x3a, 
  0x90, 0x8b, 0xcf, 0x3a, 0x8a, 0x17, 0x38, 0x3b, 0xbb, 0xf8, 0x0c, 0x3b, 
  0x05, 0x0b, 0xcc, 0x3a, 0x1e, 0x04, 0xd8, 0x3a, 0x2a, 0xb3, 0x1f, 0x3b, 
  0x9d, 0x88, 0xde, 0x3a, 0x5e, 0x08, 0x47, 0x3b, 0x29, 0x00, 0x00, 0x00, 
  0x73, 0x65, 0x71, 0x75, 0x65, 0x6e, 0x74, 0x69, 0x61, 0x6c, 0x5f, 0x31, 
  0x30, 0x37, 0x5f, 0x31, 0x2f, 0x63, 0x6f, 0x6e, 0x76, 0x31, 0x64, 0x5f, 
  0x32, 0x31, 0x34, 0x5f, 0x31, 0x2f, 0x63, 0x6f, 0x6e, 0x76, 0x6f, 0x6c, 
  0x75, 0x74, 0x69, 0x6f, 0x6e, 0x00, 0x00, 0x00, 0x04, 0x00, 0x00, 0x00, 
  0x20, 0x00, 0x00, 0x00, 0x01, 0x00, 0x00, 0x00, 0x05, 0x00, 0x00, 0x00, 
  0x0c, 0x00, 0x00, 0x00, 0xa2, 0xed, 0xff, 0xff, 0x00, 0x00, 0x00, 0x01, 
  0x14, 0x00, 0x00, 0x00, 0xa4, 0x01, 0x00, 0x00, 0x10, 0x00, 0x00, 0x00, 
  0x00, 0x00, 0x00, 0x02, 0x68, 0x02, 0x00, 0x00, 0x24, 0xed, 0xff, 0xff, 
  0x08, 0x00, 0x00, 0x00, 0x08, 0x01, 0x00, 0x00, 0x20, 0x00, 0x00, 0x00, 
  0x00, 0x00, 0x00, 0x00, 0x00, 0x00, 0x00, 0x00, 0x00, 0x00, 0x00, 0x00, 
  0x00, 0x00, 0x00, 0x00, 0x00, 0x00, 0x00, 0x00, 0x00, 0x00, 0x00, 0x00, 
  0x00, 0x00, 0x00, 0x00, 0x00, 0x00, 0x00, 0x00, 0x00, 0x00, 0x00, 0x00, 
  0x00, 0x00, 0x00, 0x00, 0x00, 0x00, 0x00, 0x00, 0x00, 0x00, 0x00, 0x00, 
  0x00, 0x00, 0x00, 0x00, 0x00, 0x00, 0x00, 0x00, 0x00, 0x00, 0x00, 0x00, 
  0x00, 0x00, 0x00, 0x00, 0x00, 0x00, 0x00, 0x00, 0x00, 0x00, 0x00, 0x00, 
  0x00, 0x00, 0x00, 0x00, 0x00, 0x00, 0x00, 0x00, 0x00, 0x00, 0x00, 0x00, 
  0x00, 0x00, 0x00, 0x00, 0x00, 0x00, 0x00, 0x00, 0x00, 0x00, 0x00, 0x00, 
  0x00, 0x00, 0x00, 0x00, 0x00, 0x00, 0x00, 0x00, 0x00, 0x00, 0x00, 0x00, 
  0x00, 0x00, 0x00, 0x00, 0x00, 0x00, 0x00, 0x00, 0x00, 0x00, 0x00, 0x00, 
  0x00, 0x00, 0x00, 0x00, 0x00, 0x00, 0x00, 0x00, 0x00, 0x00, 0x00, 0x00, 
  0x00, 0x00, 0x00, 0x00, 0x00, 0x00, 0x00, 0x00, 0x00, 0x00, 0x00, 0x00, 
  0x00, 0x00, 0x00, 0x00, 0x00, 0x00, 0x00, 0x00, 0x00, 0x00, 0x00, 0x00, 
  0x00, 0x00, 0x00, 0x00, 0x00, 0x00, 0x00, 0x00, 0x00, 0x00, 0x00, 0x00, 
  0x00, 0x00, 0x00, 0x00, 0x00, 0x00, 0x00, 0x00, 0x00, 0x00, 0x00, 0x00, 
  0x00, 0x00, 0x00, 0x00, 0x00, 0x00, 0x00, 0x00, 0x00, 0x00, 0x00, 0x00, 
  0x00, 0x00, 0x00, 0x00, 0x00, 0x00, 0x00, 0x00, 0x00, 0x00, 0x00, 0x00, 
  0x00, 0x00, 0x00, 0x00, 0x00, 0x00, 0x00, 0x00, 0x00, 0x00, 0x00, 0x00, 
  0x00, 0x00, 0x00, 0x00, 0x00, 0x00, 0x00, 0x00, 0x00, 0x00, 0x00, 0x00, 
  0x00, 0x00, 0x00, 0x00, 0x00, 0x00, 0x00, 0x00, 0x00, 0x00, 0x00, 0x00, 
  0x00, 0x00, 0x00, 0x00, 0x00, 0x00, 0x00, 0x00, 0x00, 0x00, 0x00, 0x00, 
  0x00, 0x00, 0x00, 0x00, 0x20, 0x00, 0x00, 0x00, 0x41, 0x06, 0x1c, 0x39, 
  0x6e, 0x53, 0x0e, 0x39, 0x47, 0x6d, 0x21, 0x39, 0x0e, 0x1d, 0x41, 0x39, 
  0x10, 0xd3, 0x2a, 0x39, 0x02, 0x01, 0x2e, 0x39, 0x1b, 0x60, 0x87, 0x39, 
  0xa8, 0xc2, 0x12, 0x39, 0xac, 0xf1, 0x09, 0x39, 0x76, 0x25, 0x60, 0x39, 
  0x52, 0xa9, 0x26, 0x39, 0x74, 0x4b, 0x1e, 0x39, 0x3c, 0xda, 0x17, 0x39, 
  0x70, 0x4d, 0x0b, 0x39, 0x92, 0x81, 0x05, 0x39, 0x6f, 0xeb, 0x2e, 0x39, 
  0x01, 0x03, 0x35, 0x39, 0xa4, 0x3c, 0x02, 0x39, 0x5f, 0xc1, 0x1b, 0x39, 
  0x98, 0x0a, 0x19, 0x39, 0x22, 0x21, 0x22, 0x39, 0xd9, 0x81, 0x18, 0x39, 
  0x2a, 0xd3, 0x19, 0x39, 0x6a, 0x0d, 0x1d, 0x39, 0x37, 0x50, 0x18, 0x39, 
  0xfb, 0x19, 0x87, 0x39, 0xa1, 0xe9, 0x4e, 0x39, 0x43, 0xbe, 0x15, 0x39, 
  0xad, 0x87, 0x1e, 0x39, 0xb6, 0x66, 0x6a, 0x39, 0x27, 0x50, 0x23, 0x39, 
  0xf2, 0x10, 0x92, 0x39, 0xca, 0x00, 0x00, 0x00, 0x73, 0x65, 0x71, 0x75, 
  0x65, 0x6e, 0x74, 0x69, 0x61, 0x6c, 0x5f, 0x31, 0x30, 0x37, 0x5f, 0x31, 
  0x2f, 0x63, 0x6f, 0x6e, 0x76, 0x31, 0x64, 0x5f, 0x32, 0x31, 0x34, 0x5f, 
  0x31, 0x2f, 0x52, 0x65, 0x6c, 0x75, 0x3b, 0x73, 0x65, 0x71, 0x75, 0x65, 
  0x6e, 0x74, 0x69, 0x61, 0x6c, 0x5f, 0x31, 0x30, 0x37, 0x5f, 0x31, 0x2f, 
  0x63, 0x6f, 0x6e, 0x76, 0x31, 0x64, 0x5f, 0x32, 0x31, 0x34, 0x5f, 0x31, 
  0x2f, 0x42, 0x69, 0x61, 0x73, 0x41, 0x64, 0x64, 0x3b, 0x73, 0x65, 0x71, 
  0x75, 0x65, 0x6e, 0x74, 0x69, 0x61, 0x6c, 0x5f, 0x31, 0x30, 0x37, 0x5f, 
  0x31, 0x2f, 0x63, 0x6f, 0x6e, 0x76, 0x31, 0x64, 0x5f, 0x32, 0x31, 0x34, 
  0x5f, 0x31, 0x2f, 0x63, 0x6f, 0x6e, 0x76, 0x6f, 0x6c, 0x75, 0x74, 0x69, 
  0x6f, 0x6e, 0x2f, 0x53, 0x71, 0x75, 0x65, 0x65, 0x7a, 0x65, 0x3b, 0x73, 
  0x65, 0x71, 0x75, 0x65, 0x6e, 0x74, 0x69, 0x61, 0x6c, 0x5f, 0x31, 0x30, 
  0x37, 0x5f, 0x31, 0x2f, 0x63, 0x6f, 0x6e, 0x76, 0x31, 0x64, 0x5f, 0x32, 
  0x31, 0x34, 0x5f, 0x31, 0x2f, 0x53, 0x71, 0x75, 0x65, 0x65, 0x7a, 0x65, 
  0x3b, 0x73, 0x65, 0x71, 0x75, 0x65, 0x6e, 0x74, 0x69, 0x61, 0x6c, 0x5f, 
  0x31, 0x30, 0x37, 0x5f, 0x31, 0x2f, 0x63, 0x6f, 0x6e, 0x76, 0x31, 0x64, 
  0x5f, 0x32, 0x31, 0x34, 0x5f, 0x31, 0x2f, 0x63, 0x6f, 0x6e, 0x76, 0x6f, 
  0x6c, 0x75, 0x74, 0x69, 0x6f, 0x6e, 0x00, 0x00, 0x01, 0x00, 0x00, 0x00, 
  0x20, 0x00, 0x00, 0x00, 0x2a, 0xf0, 0xff, 0xff, 0x00, 0x00, 0x00, 0x01, 
  0x14, 0x00, 0x00, 0x00, 0x34, 0x00, 0x00, 0x00, 0x0f, 0x00, 0x00, 0x00, 
  0x00, 0x00, 0x00, 0x09, 0x68, 0x00, 0x00, 0x00, 0xac, 0xef, 0xff, 0xff, 
  0x08, 0x00, 0x00, 0x00, 0x14, 0x00, 0x00, 0x00, 0x01, 0x00, 0x00, 0x00, 
  0x80, 0xff, 0xff, 0xff, 0xff, 0xff, 0xff, 0xff, 0x00, 0x00, 0x00, 0x00, 
  0x01, 0x00, 0x00, 0x00, 0x0d, 0xf5, 0x3c, 0x3c, 0x38, 0x00, 0x00, 0x00, 
  0x73, 0x65, 0x71, 0x75, 0x65, 0x6e, 0x74, 0x69, 0x61, 0x6c, 0x5f, 0x31, 
  0x30, 0x37, 0x5f, 0x31, 0x2f, 0x62, 0x61, 0x74, 0x63, 0x68, 0x5f, 0x6e, 
  0x6f, 0x72, 0x6d, 0x61, 0x6c, 0x69, 0x7a, 0x61, 0x74, 0x69, 0x6f, 0x6e, 
  0x5f, 0x31, 0x38, 0x30, 0x5f, 0x31, 0x2f, 0x62, 0x61, 0x74, 0x63, 0x68, 
  0x6e, 0x6f, 0x72, 0x6d, 0x2f, 0x6d, 0x75, 0x6c, 0x00, 0x00, 0x00, 0x00, 
  0x01, 0x00, 0x00, 0x00, 0x20, 0x00, 0x00, 0x00, 0xb2, 0xf0, 0xff, 0xff, 
  0x00, 0x00, 0x00, 0x01, 0x14, 0x00, 0x00, 0x00, 0x34, 0x00, 0x00, 0x00, 
  0x0e, 0x00, 0x00, 0x00, 0x00, 0x00, 0x00, 0x09, 0x68, 0x00, 0x00, 0x00, 
  0x34, 0xf0, 0xff, 0xff, 0x08, 0x00, 0x00, 0x00, 0x14, 0x00, 0x00, 0x00, 
  0x01, 0x00, 0x00, 0x00, 0x7f, 0x00, 0x00, 0x00, 0x00, 0x00, 0x00, 0x00, 
  0x00, 0x00, 0x00, 0x00, 0x01, 0x00, 0x00, 0x00, 0x86, 0x3c, 0x7f, 0x3b, 
  0x38, 0x00, 0x00, 0x00, 0x73, 0x65, 0x71, 0x75, 0x65, 0x6e, 0x74, 0x69, 
  0x61, 0x6c, 0x5f, 0x31, 0x30, 0x37, 0x5f, 0x31, 0x2f, 0x62, 0x61, 0x74, 
  0x63, 0x68, 0x5f, 0x6e, 0x6f, 0x72, 0x6d, 0x61, 0x6c, 0x69, 0x7a, 0x61, 
  0x74, 0x69, 0x6f, 0x6e, 0x5f, 0x31, 0x38, 0x30, 0x5f, 0x31, 0x2f, 0x62, 
  0x61, 0x74, 0x63, 0x68, 0x6e, 0x6f, 0x72, 0x6d, 0x2f, 0x73, 0x75, 0x62, 
  0x00, 0x00, 0x00, 0x00, 0x01, 0x00, 0x00, 0x00, 0x20, 0x00, 0x00, 0x00, 
  0x3a, 0xf1, 0xff, 0xff, 0x00, 0x00, 0x00, 0x01, 0x14, 0x00, 0x00, 0x00, 
  0x28, 0x03, 0x00, 0x00, 0x0d, 0x00, 0x00, 0x00, 0x00, 0x00, 0x00, 0x09, 
  0x4c, 0x03, 0x00, 0x00, 0xbc, 0xf0, 0xff, 0xff, 0x08, 0x00, 0x00, 0x00, 
  0x0c, 0x02, 0x00, 0x00, 0x40, 0x00, 0x00, 0x00, 0x00, 0x00, 0x00, 0x00, 
  0x00, 0x00, 0x00, 0x00, 0x00, 0x00, 0x00, 0x00, 0x00, 0x00, 0x00, 0x00, 
  0x00, 0x00, 0x00, 0x00, 0x00, 0x00, 0x00, 0x00, 0x00, 0x00, 0x00, 0x00, 
  0x00, 0x00, 0x00, 0x00, 0x00, 0x00, 0x00, 0x00, 0x00, 0x00, 0x00, 0x00, 
  0x00, 0x00, 0x00, 0x00, 0x00, 0x00, 0x00, 0x00, 0x00, 0x00, 0x00, 0x00, 
  0x00, 0x00, 0x00, 0x00, 0x00, 0x00, 0x00, 0x00, 0x00, 0x00, 0x00, 0x00, 
  0x00, 0x00, 0x00, 0x00, 0x00, 0x00, 0x00, 0x00, 0x00, 0x00, 0x00, 0x00, 
  0x00, 0x00, 0x00, 0x00, 0x00, 0x00, 0x00, 0x00, 0x00, 0x00, 0x00, 0x00, 
  0x00, 0x00, 0x00, 0x00, 0x00, 0x00, 0x00, 0x00, 0x00, 0x00, 0x00, 0x00, 
  0x00, 0x00, 0x00, 0x00, 0x00, 0x00, 0x00, 0x00, 0x00, 0x00, 0x00, 0x00, 
  0x00, 0x00, 0x00, 0x00, 0x00, 0x00, 0x00, 0x00, 0x00, 0x00, 0x00, 0x00, 
  0x00, 0x00, 0x00, 0x00, 0x00, 0x00, 0x00, 0x00, 0x00, 0x00, 0x00, 0x00, 
  0x00, 0x00, 0x00, 0x00, 0x00, 0x00, 0x00, 0x00, 0x00, 0x00, 0x00, 0x00, 
  0x00, 0x00, 0x00, 0x00, 0x00, 0x00, 0x00, 0x00, 0x00, 0x00, 0x00, 0x00, 
  0x00, 0x00, 0x00, 0x00, 0x00, 0x00, 0x00, 0x00, 0x00, 0x00, 0x00, 0x00, 
  0x00, 0x00, 0x00, 0x00, 0x00, 0x00, 0x00, 0x00, 0x00, 0x00, 0x00, 0x00, 
  0x00, 0x00, 0x00, 0x00, 0x00, 0x00, 0x00, 0x00, 0x00, 0x00, 0x00, 0x00, 
  0x00, 0x00, 0x00, 0x00, 0x00, 0x00, 0x00, 0x00, 0x00, 0x00, 0x00, 0x00, 
  0x00, 0x00, 0x00, 0x00, 0x00, 0x00, 0x00, 0x00, 0x00, 0x00, 0x00, 0x00, 
  0x00, 0x00, 0x00, 0x00, 0x00, 0x00, 0x00, 0x00, 0x00, 0x00, 0x00, 0x00, 
  0x00, 0x00, 0x00, 0x00, 0x00, 0x00, 0x00, 0x00, 0x00, 0x00, 0x00, 0x00, 
  0x00, 0x00, 0x00, 0x00, 0x00, 0x00, 0x00, 0x00, 0x00, 0x00, 0x00, 0x00, 
  0x00, 0x00, 0x00, 0x00, 0x00, 0x00, 0x00, 0x00, 0x00, 0x00, 0x00, 0x00, 
  0x00, 0x00, 0x00, 0x00, 0x00, 0x00, 0x00, 0x00, 0x00, 0x00, 0x00, 0x00, 
  0x00, 0x00, 0x00, 0x00, 0x00, 0x00, 0x00, 0x00, 0x00, 0x00, 0x00, 0x00, 
  0x00, 0x00, 0x00, 0x00, 0x00, 0x00, 0x00, 0x00, 0x00, 0x00, 0x00, 0x00, 
  0x00, 0x00, 0x00, 0x00, 0x00, 0x00, 0x00, 0x00, 0x00, 0x00, 0x00, 0x00, 
  0x00, 0x00, 0x00, 0x00, 0x00, 0x00, 0x00, 0x00, 0x00, 0x00, 0x00, 0x00, 
  0x00, 0x00, 0x00, 0x00, 0x00, 0x00, 0x00, 0x00, 0x00, 0x00, 0x00, 0x00, 
  0x00, 0x00, 0x00, 0x00, 0x00, 0x00, 0x00, 0x00, 0x00, 0x00, 0x00, 0x00, 
  0x00, 0x00, 0x00, 0x00, 0x00, 0x00, 0x00, 0x00, 0x00, 0x00, 0x00, 0x00, 
  0x00, 0x00, 0x00, 0x00, 0x00, 0x00, 0x00, 0x00, 0x00, 0x00, 0x00, 0x00, 
  0x00, 0x00, 0x00, 0x00, 0x00, 0x00, 0x00, 0x00, 0x00, 0x00, 0x00, 0x00, 
  0x00, 0x00, 0x00, 0x00, 0x00, 0x00, 0x00, 0x00, 0x00, 0x00, 0x00, 0x00, 
  0x00, 0x00, 0x00, 0x00, 0x00, 0x00, 0x00, 0x00, 0x00, 0x00, 0x00, 0x00, 
  0x00, 0x00, 0x00, 0x00, 0x00, 0x00, 0x00, 0x00, 0x00, 0x00, 0x00, 0x00, 
  0x00, 0x00, 0x00, 0x00, 0x00, 0x00, 0x00, 0x00, 0x00, 0x00, 0x00, 0x00, 
  0x00, 0x00, 0x00, 0x00, 0x00, 0x00, 0x00, 0x00, 0x00, 0x00, 0x00, 0x00, 
  0x00, 0x00, 0x00, 0x00, 0x00, 0x00, 0x00, 0x00, 0x00, 0x00, 0x00, 0x00, 
  0x00, 0x00, 0x00, 0x00, 0x00, 0x00, 0x00, 0x00, 0x00, 0x00, 0x00, 0x00, 
  0x00, 0x00, 0x00, 0x00, 0x00, 0x00, 0x00, 0x00, 0x00, 0x00, 0x00, 0x00, 
  0x00, 0x00, 0x00, 0x00, 0x00, 0x00, 0x00, 0x00, 0x00, 0x00, 0x00, 0x00, 
  0x00, 0x00, 0x00, 0x00, 0x00, 0x00, 0x00, 0x00, 0x00, 0x00, 0x00, 0x00, 
  0x00, 0x00, 0x00, 0x00, 0x00, 0x00, 0x00, 0x00, 0x40, 0x00, 0x00, 0x00, 
  0xe8, 0x90, 0xce, 0x3a, 0x67, 0xa6, 0xd7, 0x3a, 0x0d, 0x7d, 0xd3, 0x3a, 
  0xcb, 0x14, 0xaa, 0x3a, 0xbb, 0xd0, 0xb1, 0x3a, 0x1e, 0xe8, 0xc8, 0x3a, 
  0xd8, 0x5b, 0xc7, 0x3a, 0x3a, 0xea, 0xbb, 0x3a, 0xee, 0xc3, 0xf4, 0x3a, 
  0xdd, 0xbf, 0xcb, 0x3a, 0x5b, 0x3e, 0xc8, 0x3a, 0x60, 0xbd, 0xca, 0x3a, 
  0x79, 0xc8, 0xb4, 0x3a, 0xb4, 0x45, 0xda, 0x3a, 0x09, 0x3c, 0xc2, 0x3a, 
  0x1a, 0x9c, 0xca, 0x3a, 0xa9, 0x6a, 0xaa, 0x3a, 0xf3, 0x1f, 0xbc, 0x3a, 
  0x0e, 0xf7, 0xbf, 0x3a, 0x6a, 0x36, 0xea, 0x3a, 0x2c, 0x1e, 0xbd, 0x3a, 
  0x42, 0x2c, 0xea, 0x3a, 0xae, 0x9d, 0xc3, 0x3a, 0x9b, 0x1e, 0x06, 0x3b, 
  0x2f, 0xca, 0xb9, 0x3a, 0x34, 0x51, 0xbb, 0x3a, 0x01, 0x87, 0x08, 0x3b, 
  0x24, 0x4e, 0xfb, 0x3a, 0x98, 0x28, 0xb1, 0x3a, 0xef, 0x4e, 0x0a, 0x3b, 
  0xf2, 0xf3, 0xab, 0x3a, 0xbc, 0x41, 0xde, 0x3a, 0x50, 0xf0, 0xd6, 0x3a, 
  0x6f, 0x74, 0xd0, 0x3a, 0xaa, 0x93, 0xba, 0x3a, 0xb1, 0xf4, 0xac, 0x3a, 
  0x14, 0xd3, 0xcf, 0x3a, 0xd6, 0x37, 0xb1, 0x3a, 0x8a, 0x9d, 0xc9, 0x3a, 
  0x66, 0x4f, 0xc1, 0x3a, 0x7c, 0xe9, 0xa7, 0x3a, 0xcc, 0x75, 0xb2, 0x3a, 
  0xb5, 0xd8, 0xca, 0x3a, 0x8a, 0x74, 0xf5, 0x3a, 0x89, 0x5d, 0xe9, 0x3a, 
  0xa1, 0xb1, 0xb9, 0x3a, 0xfa, 0x60, 0xf6, 0x3a, 0x63, 0x05, 0xaf, 0x3a, 
  0x86, 0x97, 0x06, 0x3b, 0xae, 0x43, 0xd2, 0x3a, 0x51, 0x54, 0xdf, 0x3a, 
  0x05, 0xb8, 0xaa, 0x3a, 0x62, 0xfd, 0xc7, 0x3a, 0xaf, 0x8f, 0xc1, 0x3a, 
  0xb1, 0x8c, 0xc2, 0x3a, 0xe0, 0x01, 0xec, 0x3a, 0x4a, 0xcf, 0xbb, 0x3a, 
  0xd9, 0x9a, 0xec, 0x3a, 0x8a, 0xfa, 0xef, 0x3a, 0x0e, 0x0b, 0xa5, 0x3a, 
  0x7e, 0x21, 0xff, 0x3a, 0xb8, 0x1b, 0xcd, 0x3a, 0x3e, 0xad, 0xd3, 0x3a, 
  0xd0, 0x11, 0x1f, 0x3b, 0x29, 0x00, 0x00, 0x00, 0x73, 0x65, 0x71, 0x75, 
  0x65, 0x6e, 0x74, 0x69, 0x61, 0x6c, 0x5f, 0x31, 0x30, 0x37, 0x5f, 0x31, 
  0x2f, 0x63, 0x6f, 0x6e, 0x76, 0x31, 0x64, 0x5f, 0x32, 0x31, 0x35, 0x5f, 
  0x31, 0x2f, 0x63, 0x6f, 0x6e, 0x76, 0x6f, 0x6c, 0x75, 0x74, 0x69, 0x6f, 
  0x6e, 0x00, 0x00, 0x00, 0x04, 0x00, 0x00, 0x00, 0x40, 0x00, 0x00, 0x00, 
  0x01, 0x00, 0x00, 0x00, 0x03, 0x00, 0x00, 0x00, 0x20, 0x00, 0x00, 0x00, 
  0xb2, 0xf4, 0xff, 0xff, 0x00, 0x00, 0x00, 0x01, 0x14, 0x00, 0x00, 0x00, 
  0x24, 0x03, 0x00, 0x00, 0x0c, 0x00, 0x00, 0x00, 0x00, 0x00, 0x00, 0x02, 
  0xe8, 0x03, 0x00, 0x00, 0x34, 0xf4, 0xff, 0xff, 0x08, 0x00, 0x00, 0x00, 
  0x08, 0x02, 0x00, 0x00, 0x40, 0x00, 0x00, 0x00, 0x00, 0x00, 0x00, 0x00, 
  0x00, 0x00, 0x00, 0x00, 0x00, 0x00, 0x00, 0x00, 0x00, 0x00, 0x00, 0x00, 
  0x00, 0x00, 0x00, 0x00, 0x00, 0x00, 0x00, 0x00, 0x00, 0x00, 0x00, 0x00, 
  0x00, 0x00, 0x00, 0x00, 0x00, 0x00, 0x00, 0x00, 0x00, 0x00, 0x00, 0x00, 
  0x00, 0x00, 0x00, 0x00, 0x00, 0x00, 0x00, 0x00, 0x00, 0x00, 0x00, 0x00, 
  0x00, 0x00, 0x00, 0x00, 0x00, 0x00, 0x00, 0x00, 0x00, 0x00, 0x00, 0x00, 
  0x00, 0x00, 0x00, 0x00, 0x00, 0x00, 0x00, 0x00, 0x00, 0x00, 0x00, 0x00, 
  0x00, 0x00, 0x00, 0x00, 0x00, 0x00, 0x00, 0x00, 0x00, 0x00, 0x00, 0x00, 
  0x00, 0x00, 0x00, 0x00, 0x00, 0x00, 0x00, 0x00, 0x00, 0x00, 0x00, 0x00, 
  0x00, 0x00, 0x00, 0x00, 0x00, 0x00, 0x00, 0x00, 0x00, 0x00, 0x00, 0x00, 
  0x00, 0x00, 0x00, 0x00, 0x00, 0x00, 0x00, 0x00, 0x00, 0x00, 0x00, 0x00, 
  0x00, 0x00, 0x00, 0x00, 0x00, 0x00, 0x00, 0x00, 0x00, 0x00, 0x00, 0x00, 
  0x00, 0x00, 0x00, 0x00, 0x00, 0x00, 0x00, 0x00, 0x00, 0x00, 0x00, 0x00, 
  0x00, 0x00, 0x00, 0x00, 0x00, 0x00, 0x00, 0x00, 0x00, 0x00, 0x00, 0x00, 
  0x00, 0x00, 0x00, 0x00, 0x00, 0x00, 0x00, 0x00, 0x00, 0x00, 0x00, 0x00, 
  0x00, 0x00, 0x00, 0x00, 0x00, 0x00, 0x00, 0x00, 0x00, 0x00, 0x00, 0x00, 
  0x00, 0x00, 0x00, 0x00, 0x00, 0x00, 0x00, 0x00, 0x00, 0x00, 0x00, 0x00, 
  0x00, 0x00, 0x00, 0x00, 0x00, 0x00, 0x00, 0x00, 0x00, 0x00, 0x00, 0x00, 
  0x00, 0x00, 0x00, 0x00, 0x00, 0x00, 0x00, 0x00, 0x00, 0x00, 0x00, 0x00, 
  0x00, 0x00, 0x00, 0x00, 0x00, 0x00, 0x00, 0x00, 0x00, 0x00, 0x00, 0x00, 
  0x00, 0x00, 0x00, 0x00, 0x00, 0x00, 0x00, 0x00, 0x00, 0x00, 0x00, 0x00, 
  0x00, 0x00, 0x00, 0x00, 0x00, 0x00, 0x00, 0x00, 0x00, 0x00, 0x00, 0x00, 
  0x00, 0x00, 0x00, 0x00, 0x00, 0x00, 0x00, 0x00, 0x00, 0x00, 0x00, 0x00, 
  0x00, 0x00, 0x00, 0x00, 0x00, 0x00, 0x00, 0x00, 0x00, 0x00, 0x00, 0x00, 
  0x00, 0x00, 0x00, 0x00, 0x00, 0x00, 0x00, 0x00, 0x00, 0x00, 0x00, 0x00, 
  0x00, 0x00, 0x00, 0x00, 0x00, 0x00, 0x00, 0x00, 0x00, 0x00, 0x00, 0x00, 
  0x00, 0x00, 0x00, 0x00, 0x00, 0x00, 0x00, 0x00, 0x00, 0x00, 0x00, 0x00, 
  0x00, 0x00, 0x00, 0x00, 0x00, 0x00, 0x00, 0x00, 0x00, 0x00, 0x00, 0x00, 
  0x00, 0x00, 0x00, 0x00, 0x00, 0x00, 0x00, 0x00, 0x00, 0x00, 0x00, 0x00, 
  0x00, 0x00, 0x00, 0x00, 0x00, 0x00, 0x00, 0x00, 0x00, 0x00, 0x00, 0x00, 
  0x00, 0x00, 0x00, 0x00, 0x00, 0x00, 0x00, 0x00, 0x00, 0x00, 0x00, 0x00, 
  0x00, 0x00, 0x00, 0x00, 0x00, 0x00, 0x00, 0x00, 0x00, 0x00, 0x00, 0x00, 
  0x00, 0x00, 0x00, 0x00, 0x00, 0x00, 0x00, 0x00, 0x00, 0x00, 0x00, 0x00, 
  0x00, 0x00, 0x00, 0x00, 0x00, 0x00, 0x00, 0x00, 0x00, 0x00, 0x00, 0x00, 
  0x00, 0x00, 0x00, 0x00, 0x00, 0x00, 0x00, 0x00, 0x00, 0x00, 0x00, 0x00, 
  0x00, 0x00, 0x00, 0x00, 0x00, 0x00, 0x00, 0x00, 0x00, 0x00, 0x00, 0x00, 
  0x00, 0x00, 0x00, 0x00, 0x00, 0x00, 0x00, 0x00, 0x00, 0x00, 0x00, 0x00, 
  0x00, 0x00, 0x00, 0x00, 0x00, 0x00, 0x00, 0x00, 0x00, 0x00, 0x00, 0x00, 
  0x00, 0x00, 0x00, 0x00, 0x00, 0x00, 0x00, 0x00, 0x00, 0x00, 0x00, 0x00, 
  0x00, 0x00, 0x00, 0x00, 0x00, 0x00, 0x00, 0x00, 0x00, 0x00, 0x00, 0x00, 
  0x00, 0x00, 0x00, 0x00, 0x00, 0x00, 0x00, 0x00, 0x00, 0x00, 0x00, 0x00, 
  0x00, 0x00, 0x00, 0x00, 0x00, 0x00, 0x00, 0x00, 0x00, 0x00, 0x00, 0x00, 
  0x00, 0x00, 0x00, 0x00, 0x00, 0x00, 0x00, 0x00, 0x00, 0x00, 0x00, 0x00, 
  0x00, 0x00, 0x00, 0x00, 0x40, 0x00, 0x00, 0x00, 0x85, 0xa8, 0xb6, 0x38, 
  0xde, 0xb0, 0xbe, 0x38, 0xd1, 0x02, 0xbb, 0x38, 0x6c, 0x65, 0x96, 0x38, 
  0x34, 0x3c, 0x9d, 0x38, 0x6a, 0xa7, 0xb1, 0x38, 0x01, 0x49, 0xb0, 0x38, 
  0x75, 0x2a, 0xa6, 0x38, 0xbb, 0x6f, 0xd8, 0x38, 0xee, 0x2a, 0xb4, 0x38, 
  0x4d, 0x11, 0xb1, 0x38, 0x5c, 0x46, 0xb3, 0x38, 0x04, 0xdc, 0x9f, 0x38, 
  0x79, 0x02, 0xc1, 0x38, 0x06, 0xc1, 0xab, 0x38, 0xf0, 0x28, 0xb3, 0x38, 
  0x5a, 0xb1, 0x96, 0x38, 0xf6, 0x59, 0xa6, 0x38, 0x49, 0xbf, 0xa9, 0x38, 
  0xe2, 0x1a, 0xcf, 0x38, 0xc3, 0x3a, 0xa7, 0x38, 0xe7, 0x11, 0xcf, 0x38, 
  0xbd, 0xf9, 0xac, 0x38, 0x80, 0x31, 0xed, 0x38, 0x62, 0x49, 0xa4, 0x38, 
  0x25, 0xa3, 0xa5, 0x38, 0x9e, 0x73, 0xf1, 0x38, 0x2b, 0x38, 0xde, 0x38, 
  0x87, 0xa7, 0x9c, 0x38, 0xf0, 0x99, 0xf4, 0x38, 0x1e, 0x0d, 0x98, 0x38, 
  0x72, 0x88, 0xc4, 0x38, 0xda, 0x0f, 0xbe, 0x38, 0x16, 0x54, 0xb8, 0x38, 
  0x8b, 0xfb, 0xa4, 0x38, 0x26, 0xf0, 0x98, 0x38, 0x68, 0xc5, 0xb7, 0x38, 
  0x01, 0xb5, 0x9c, 0x38, 0xd6, 0x47, 0xb2, 0x38, 0xc6, 0xef, 0xaa, 0x38, 
  0x63, 0x7a, 0x94, 0x38, 0x2b, 0xce, 0x9d, 0x38, 0x87, 0x5e, 0xb3, 0x38, 
  0xe6, 0x0b, 0xd9, 0x38, 0x1b, 0x5b, 0xce, 0x38, 0xab, 0x33, 0xa4, 0x38, 
  0xf8, 0xdc, 0xd9, 0x38, 0xa7, 0xc3, 0x9a, 0x38, 0x59, 0x07, 0xee, 0x38, 
  0xb7, 0xed, 0xb9, 0x38, 0x3f, 0x7b, 0xc5, 0x38, 0xc2, 0xf5, 0x96, 0x38, 
  0xd9, 0xd7, 0xb0, 0x38, 0x9e, 0x28, 0xab, 0x38, 0x58, 0x08, 0xac, 0x38, 
  0x2b, 0xb1, 0xd0, 0x38, 0xa3, 0x12, 0xa6, 0x38, 0x6f, 0x38, 0xd1, 0x38, 
  0x2a, 0x34, 0xd4, 0x38, 0xf5, 0xf0, 0x91, 0x38, 0x2c, 0x9a, 0xe1, 0x38, 
  0x87, 0x5e, 0xb5, 0x38, 0x6e, 0x2d, 0xbb, 0x38, 0xb5, 0xa8, 0x0c, 0x39, 
  0xca, 0x00, 0x00, 0x00, 0x73, 0x65, 0x71, 0x75, 0x65, 0x6e, 0x74, 0x69, 
  0x61, 0x6c, 0x5f, 0x31, 0x30, 0x37, 0x5f, 0x31, 0x2f, 0x63, 0x6f, 0x6e, 
  0x76, 0x31, 0x64, 0x5f, 0x32, 0x31, 0x35, 0x5f, 0x31, 0x2f, 0x52, 0x65, 
  0x6c, 0x75, 0x3b, 0x73, 0x65, 0x71, 0x75, 0x65, 0x6e, 0x74, 0x69, 0x61, 
  0x6c, 0x5f, 0x31, 0x30, 0x37, 0x5f, 0x31, 0x2f, 0x63, 0x6f, 0x6e, 0x76, 
  0x31, 0x64, 0x5f, 0x32, 0x31, 0x35, 0x5f, 0x31, 0x2f, 0x42, 0x69, 0x61, 
  0x73, 0x41, 0x64, 0x64, 0x3b, 0x73, 0x65, 0x71, 0x75, 0x65, 0x6e, 0x74, 
  0x69, 0x61, 0x6c, 0x5f, 0x31, 0x30, 0x37, 0x5f, 0x31, 0x2f, 0x63, 0x6f, 
  0x6e, 0x76, 0x31, 0x64, 0x5f, 0x32, 0x31, 0x35, 0x5f, 0x31, 0x2f, 0x63, 
  0x6f, 0x6e, 0x76, 0x6f, 0x6c, 0x75, 0x74, 0x69, 0x6f, 0x6e, 0x2f, 0x53, 
  0x71, 0x75, 0x65, 0x65, 0x7a, 0x65, 0x3b, 0x73, 0x65, 0x71, 0x75, 0x65, 
  0x6e, 0x74, 0x69, 0x61, 0x6c, 0x5f, 0x31, 0x30, 0x37, 0x5f, 0x31, 0x2f, 
  0x63, 0x6f, 0x6e, 0x76, 0x31, 0x64, 0x5f, 0x32, 0x31, 0x35, 0x5f, 0x31, 
  0x2f, 0x53, 0x71, 0x75, 0x65, 0x65, 0x7a, 0x65, 0x3b, 0x73, 0x65, 0x71, 
  0x75, 0x65, 0x6e, 0x74, 0x69, 0x61, 0x6c, 0x5f, 0x31, 0x30, 0x37, 0x5f, 
  0x31, 0x2f, 0x63, 0x6f, 0x6e, 0x76, 0x31, 0x64, 0x5f, 0x32, 0x31, 0x35, 
  0x5f, 0x31, 0x2f, 0x63, 0x6f, 0x6e, 0x76, 0x6f, 0x6c, 0x75, 0x74, 0x69, 
  0x6f, 0x6e, 0x00, 0x00, 0x01, 0x00, 0x00, 0x00, 0x40, 0x00, 0x00, 0x00, 
  0xba, 0xf8, 0xff, 0xff, 0x00, 0x00, 0x00, 0x01, 0x14, 0x00, 0x00, 0x00, 
  0x34, 0x00, 0x00, 0x00, 0x0b, 0x00, 0x00, 0x00, 0x00, 0x00, 0x00, 0x09, 
  0x68, 0x00, 0x00, 0x00, 0x3c, 0xf8, 0xff, 0xff, 0x08, 0x00, 0x00, 0x00, 
  0x14, 0x00, 0x00, 0x00, 0x01, 0x00, 0x00, 0x00, 0x80, 0xff, 0xff, 0xff, 
  0xff, 0xff, 0xff, 0xff, 0x00, 0x00, 0x00, 0x00, 0x01, 0x00, 0x00, 0x00, 
  0xb3, 0x1f, 0xf5, 0x3b, 0x38, 0x00, 0x00, 0x00, 0x73, 0x65, 0x71, 0x75, 
  0x65, 0x6e, 0x74, 0x69, 0x61, 0x6c, 0x5f, 0x31, 0x30, 0x37, 0x5f, 0x31, 
  0x2f, 0x62, 0x61, 0x74, 0x63, 0x68, 0x5f, 0x6e, 0x6f, 0x72, 0x6d, 0x61, 
  0x6c, 0x69, 0x7a, 0x61, 0x74, 0x69, 0x6f, 0x6e, 0x5f, 0x31, 0x38, 0x31, 
  0x5f, 0x31, 0x2f, 0x62, 0x61, 0x74, 0x63, 0x68, 0x6e, 0x6f, 0x72, 0x6d, 
  0x2f, 0x6d, 0x75, 0x6c, 0x00, 0x00, 0x00, 0x00, 0x01, 0x00, 0x00, 0x00, 
  0x40, 0x00, 0x00, 0x00, 0x42, 0xf9, 0xff, 0xff, 0x00, 0x00, 0x00, 0x01, 
  0x14, 0x00, 0x00, 0x00, 0x34, 0x00, 0x00, 0x00, 0x0a, 0x00, 0x00, 0x00, 
  0x00, 0x00, 0x00, 0x09, 0x68, 0x00, 0x00, 0x00, 0xc4, 0xf8, 0xff, 0xff, 
  0x08, 0x00, 0x00, 0x00, 0x14, 0x00, 0x00, 0x00, 0x01, 0x00, 0x00, 0x00, 
  0x7f, 0x00, 0x00, 0x00, 0x00, 0x00, 0x00, 0x00, 0x00, 0x00, 0x00, 0x00, 
  0x01, 0x00, 0x00, 0x00, 0x62, 0x52, 0x9e, 0x3b, 0x38, 0x00, 0x00, 0x00, 
  0x73, 0x65, 0x71, 0x75, 0x65, 0x6e, 0x74, 0x69, 0x61, 0x6c, 0x5f, 0x31, 
  0x30, 0x37, 0x5f, 0x31, 0x2f, 0x62, 0x61, 0x74, 0x63, 0x68, 0x5f, 0x6e, 
  0x6f, 0x72, 0x6d, 0x61, 0x6c, 0x69, 0x7a, 0x61, 0x74, 0x69, 0x6f, 0x6e, 
  0x5f, 0x31, 0x38, 0x31, 0x5f, 0x31, 0x2f, 0x62, 0x61, 0x74, 0x63, 0x68, 
  0x6e, 0x6f, 0x72, 0x6d, 0x2f, 0x73, 0x75, 0x62, 0x00, 0x00, 0x00, 0x00, 
  0x01, 0x00, 0x00, 0x00, 0x40, 0x00, 0x00, 0x00, 0xca, 0xf9, 0xff, 0xff, 
  0x00, 0x00, 0x00, 0x01, 0x14, 0x00, 0x00, 0x00, 0xa8, 0x01, 0x00, 0x00, 
  0x09, 0x00, 0x00, 0x00, 0x00, 0x00, 0x00, 0x09, 0xc4, 0x01, 0x00, 0x00, 
  0x4c, 0xf9, 0xff, 0xff, 0x08, 0x00, 0x00, 0x00, 0x0c, 0x01, 0x00, 0x00, 
  0x20, 0x00, 0x00, 0x00, 0x00, 0x00, 0x00, 0x00, 0x00, 0x00, 0x00, 0x00, 
  0x00, 0x00, 0x00, 0x00, 0x00, 0x00, 0x00, 0x00, 0x00, 0x00, 0x00, 0x00, 
  0x00, 0x00, 0x00, 0x00, 0x00, 0x00, 0x00, 0x00, 0x00, 0x00, 0x00, 0x00, 
  0x00, 0x00, 0x00, 0x00, 0x00, 0x00, 0x00, 0x00, 0x00, 0x00, 0x00, 0x00, 
  0x00, 0x00, 0x00, 0x00, 0x00, 0x00, 0x00, 0x00, 0x00, 0x00, 0x00, 0x00, 
  0x00, 0x00, 0x00, 0x00, 0x00, 0x00, 0x00, 0x00, 0x00, 0x00, 0x00, 0x00, 
  0x00, 0x00, 0x00, 0x00, 0x00, 0x00, 0x00, 0x00, 0x00, 0x00, 0x00, 0x00, 
  0x00, 0x00, 0x00, 0x00, 0x00, 0x00, 0x00, 0x00, 0x00, 0x00, 0x00, 0x00, 
  0x00, 0x00, 0x00, 0x00, 0x00, 0x00, 0x00, 0x00, 0x00, 0x00, 0x00, 0x00, 
  0x00, 0x00, 0x00, 0x00, 0x00, 0x00, 0x00, 0x00, 0x00, 0x00, 0x00, 0x00, 
  0x00, 0x00, 0x00, 0x00, 0x00, 0x00, 0x00, 0x00, 0x00, 0x00, 0x00, 0x00, 
  0x00, 0x00, 0x00, 0x00, 0x00, 0x00, 0x00, 0x00, 0x00, 0x00, 0x00, 0x00, 
  0x00, 0x00, 0x00, 0x00, 0x00, 0x00, 0x00, 0x00, 0x00, 0x00, 0x00, 0x00, 
  0x00, 0x00, 0x00, 0x00, 0x00, 0x00, 0x00, 0x00, 0x00, 0x00, 0x00, 0x00, 
  0x00, 0x00, 0x00, 0x00, 0x00, 0x00, 0x00, 0x00, 0x00, 0x00, 0x00, 0x00, 
  0x00, 0x00, 0x00, 0x00, 0x00, 0x00, 0x00, 0x00, 0x00, 0x00, 0x00, 0x00, 
  0x00, 0x00, 0x00, 0x00, 0x00, 0x00, 0x00, 0x00, 0x00, 0x00, 0x00, 0x00, 
  0x00, 0x00, 0x00, 0x00, 0x00, 0x00, 0x00, 0x00, 0x00, 0x00, 0x00, 0x00, 
  0x00, 0x00, 0x00, 0x00, 0x00, 0x00, 0x00, 0x00, 0x00, 0x00, 0x00, 0x00, 
  0x00, 0x00, 0x00, 0x00, 0x00, 0x00, 0x00, 0x00, 0x00, 0x00, 0x00, 0x00, 
  0x00, 0x00, 0x00, 0x00, 0x00, 0x00, 0x00, 0x00, 0x00, 0x00, 0x00, 0x00, 
  0x00, 0x00, 0x00, 0x00, 0x00, 0x00, 0x00, 0x00, 0x00, 0x00, 0x00, 0x00, 
  0x20, 0x00, 0x00, 0x00, 0x0e, 0x01, 0x7a, 0x3a, 0x3f, 0xfb, 0xd5, 0x3a, 
  0xb3, 0x9c, 0x8f, 0x3a, 0x95, 0x64, 0xab, 0x3a, 0xf4, 0x96, 0xda, 0x3a, 
  0x5e, 0xb8, 0xac, 0x3a, 0x8d, 0x46, 0xcd, 0x3a, 0x9d, 0xb3, 0xba, 0x3a, 
  0x1e, 0xbd, 0xc1, 0x3a, 0xb5, 0x7a, 0x8b, 0x3a, 0x50, 0x8d, 0x4a, 0x3a, 
  0x38, 0xeb, 0xc5, 0x3a, 0xd1, 0xb9, 0xb4, 0x3a, 0xb7, 0x8c, 0x9e, 0x3a, 
  0x56, 0x46, 0x95, 0x3a, 0x0c, 0x0a, 0xb4, 0x3a, 0x5b, 0x2e, 0x9a, 0x3a, 
  0x9f, 0xfb, 0x93, 0x3a, 0x60, 0xd1, 0xbd, 0x3a, 0x3c, 0x2f, 0x8b, 0x3a, 
  0x94, 0x43, 0xc3, 0x3a, 0x5f, 0xbb, 0xd6, 0x3a, 0x61, 0xd6, 0x80, 0x3a, 
  0x94, 0xc3, 0xa0, 0x3a, 0x60, 0xb7, 0x81, 0x3a, 0x30, 0xe3, 0xa8, 0x3a, 
  0x41, 0x8c, 0xd2, 0x3a, 0x02, 0xb1, 0x92, 0x3a, 0x18, 0xa5, 0xb0, 0x3a, 
  0x9e, 0x57, 0xd2, 0x3a, 0x2b, 0xa6, 0x9c, 0x3a, 0x58, 0xe3, 0xb0, 0x3a, 
  0x23, 0x00, 0x00, 0x00, 0x73, 0x65, 0x71, 0x75, 0x65, 0x6e, 0x74, 0x69, 
  0x61, 0x6c, 0x5f, 0x31, 0x30, 0x37, 0x5f, 0x31, 0x2f, 0x64, 0x65, 0x6e, 
  0x73, 0x65, 0x5f, 0x32, 0x31, 0x34, 0x5f, 0x31, 0x2f, 0x4d, 0x61, 0x74, 
  0x4d, 0x75, 0x6c, 0x00, 0x02, 0x00, 0x00, 0x00, 0x20, 0x00, 0x00, 0x00, 
  0x40, 0x00, 0x00, 0x00, 0xb2, 0xfb, 0xff, 0xff, 0x00, 0x00, 0x00, 0x01, 
  0x14, 0x00, 0x00, 0x00, 0xa8, 0x01, 0x00, 0x00, 0x08, 0x00, 0x00, 0x00, 
  0x00, 0x00, 0x00, 0x02, 0xe8, 0x01, 0x00, 0x00, 0x34, 0xfb, 0xff, 0xff, 
  0x08, 0x00, 0x00, 0x00, 0x0c, 0x01, 0x00, 0x00, 0x20, 0x00, 0x00, 0x00, 
  0x00, 0x00, 0x00, 0x00, 0x00, 0x00, 0x00, 0x00, 0x00, 0x00, 0x00, 0x00, 
  0x00, 0x00, 0x00, 0x00, 0x00, 0x00, 0x00, 0x00, 0x00, 0x00, 0x00, 0x00, 
  0x00, 0x00, 0x00, 0x00, 0x00, 0x00, 0x00, 0x00, 0x00, 0x00, 0x00, 0x00, 
  0x00, 0x00, 0x00, 0x00, 0x00, 0x00, 0x00, 0x00, 0x00, 0x00, 0x00, 0x00, 
  0x00, 0x00, 0x00, 0x00, 0x00, 0x00, 0x00, 0x00, 0x00, 0x00, 0x00, 0x00, 
  0x00, 0x00, 0x00, 0x00, 0x00, 0x00, 0x00, 0x00, 0x00, 0x00, 0x00, 0x00, 
  0x00, 0x00, 0x00, 0x00, 0x00, 0x00, 0x00, 0x00, 0x00, 0x00, 0x00, 0x00, 
  0x00, 0x00, 0x00, 0x00, 0x00, 0x00, 0x00, 0x00, 0x00, 0x00, 0x00, 0x00, 
  0x00, 0x00, 0x00, 0x00, 0x00, 0x00, 0x00, 0x00, 0x00, 0x00, 0x00, 0x00, 
  0x00, 0x00, 0x00, 0x00, 0x00, 0x00, 0x00, 0x00, 0x00, 0x00, 0x00, 0x00, 
  0x00, 0x00, 0x00, 0x00, 0x00, 0x00, 0x00, 0x00, 0x00, 0x00, 0x00, 0x00, 
  0x00, 0x00, 0x00, 0x00, 0x00, 0x00, 0x00, 0x00, 0x00, 0x00, 0x00, 0x00, 
  0x00, 0x00, 0x00, 0x00, 0x00, 0x00, 0x00, 0x00, 0x00, 0x00, 0x00, 0x00, 
  0x00, 0x00, 0x00, 0x00, 0x00, 0x00, 0x00, 0x00, 0x00, 0x00, 0x00, 0x00, 
  0x00, 0x00, 0x00, 0x00, 0x00, 0x00, 0x00, 0x00, 0x00, 0x00, 0x00, 0x00, 
  0x00, 0x00, 0x00, 0x00, 0x00, 0x00, 0x00, 0x00, 0x00, 0x00, 0x00, 0x00, 
  0x00, 0x00, 0x00, 0x00, 0x00, 0x00, 0x00, 0x00, 0x00, 0x00, 0x00, 0x00, 
  0x00, 0x00, 0x00, 0x00, 0x00, 0x00, 0x00, 0x00, 0x00, 0x00, 0x00, 0x00, 
  0x00, 0x00, 0x00, 0x00, 0x00, 0x00, 0x00, 0x00, 0x00, 0x00, 0x00, 0x00, 
  0x00, 0x00, 0x00, 0x00, 0x00, 0x00, 0x00, 0x00, 0x00, 0x00, 0x00, 0x00, 
  0x00, 0x00, 0x00, 0x00, 0x00, 0x00, 0x00, 0x00, 0x00, 0x00, 0x00, 0x00, 
  0x00, 0x00, 0x00, 0x00, 0x00, 0x00, 0x00, 0x00, 0x20, 0x00, 0x00, 0x00, 
  0x9c, 0xb2, 0xc0, 0x37, 0xa4, 0xee, 0x24, 0x38, 0xd9, 0x62, 0xdd, 0x37, 
  0x1b, 0x1b, 0x04, 0x38, 0xef, 0x7b, 0x28, 0x38, 0x01, 0x21, 0x05, 0x38, 
  0xd0, 0x38, 0x1e, 0x38, 0xcf, 0xe7, 0x0f, 0x38, 0x5f, 0x54, 0x15, 0x38, 
  0xe5, 0x03, 0xd7, 0x37, 0x65, 0x1f, 0x9c, 0x37, 0x2e, 0x8d, 0x18, 0x38, 
  0xad, 0x4c, 0x0b, 0x38, 0xc8, 0x69, 0xf4, 0x37, 0x8b, 0x1d, 0xe6, 0x37, 
  0x32, 0xc5, 0x0a, 0x38, 0xc5, 0xad, 0xed, 0x37, 0xba, 0x1f, 0xe4, 0x37, 
  0xb5, 0x4e, 0x12, 0x38, 0x8c, 0x8f, 0xd6, 0x37, 0x54, 0x81, 0x16, 0x38, 
  0xba, 0x82, 0x25, 0x38, 0x30, 0x9c, 0xc6, 0x37, 0xa2, 0xd3, 0xf7, 0x37, 
  0x08, 0xf7, 0xc7, 0x37, 0xbc, 0x2c, 0x02, 0x38, 0x22, 0x49, 0x22, 0x38, 
  0x12, 0x22, 0xe2, 0x37, 0x6d, 0x27, 0x08, 0x38, 0x90, 0x20, 0x22, 0x38, 
  0xbe, 0x7b, 0xf1, 0x37, 0x68, 0x57, 0x08, 0x38, 0x46, 0x00, 0x00, 0x00, 
  0x73, 0x65, 0x71, 0x75, 0x65, 0x6e, 0x74, 0x69, 0x61, 0x6c, 0x5f, 0x31, 
  0x30, 0x37, 0x5f, 0x31, 0x2f, 0x64, 0x65, 0x6e, 0x73, 0x65, 0x5f, 0x32, 
  0x31, 0x34, 0x5f, 0x31, 0x2f, 0x52, 0x65, 0x6c, 0x75, 0x3b, 0x73, 0x65, 
  0x71, 0x75, 0x65, 0x6e, 0x74, 0x69, 0x61, 0x6c, 0x5f, 0x31, 0x30, 0x37, 
  0x5f, 0x31, 0x2f, 0x64, 0x65, 0x6e, 0x73, 0x65, 0x5f, 0x32, 0x31, 0x34, 
  0x5f, 0x31, 0x2f, 0x42, 0x69, 0x61, 0x73, 0x41, 0x64, 0x64, 0x00, 0x00, 
  0x01, 0x00, 0x00, 0x00, 0x20, 0x00, 0x00, 0x00, 0xba, 0xfd, 0xff, 0xff, 
  0x00, 0x00, 0x00, 0x01, 0x14, 0x00, 0x00, 0x00, 0x48, 0x00, 0x00, 0x00, 
  0x07, 0x00, 0x00, 0x00, 0x00, 0x00, 0x00, 0x09, 0x64, 0x00, 0x00, 0x00, 
  0x3c, 0xfd, 0xff, 0xff, 0x08, 0x00, 0x00, 0x00, 0x20, 0x00, 0x00, 0x00, 
  0x03, 0x00, 0x00, 0x00, 0x00, 0x00, 0x00, 0x00, 0x00, 0x00, 0x00, 0x00, 
  0x00, 0x00, 0x00, 0x00, 0x00, 0x00, 0x00, 0x00, 0x00, 0x00, 0x00, 0x00, 
  0x00, 0x00, 0x00, 0x00, 0x03, 0x00, 0x00, 0x00, 0xf0, 0x1b, 0x91, 0x3b, 
  0x48, 0xb8, 0x89, 0x3b, 0xfe, 0x05, 0xa0, 0x3b, 0x23, 0x00, 0x00, 0x00, 
  0x73, 0x65, 0x71, 0x75, 0x65, 0x6e, 0x74, 0x69, 0x61, 0x6c, 0x5f, 0x31, 
  0x30, 0x37, 0x5f, 0x31, 0x2f, 0x64, 0x65, 0x6e, 0x73, 0x65, 0x5f, 0x32, 
  0x31, 0x35, 0x5f, 0x31, 0x2f, 0x4d, 0x61, 0x74, 0x4d, 0x75, 0x6c, 0x00, 
  0x02, 0x00, 0x00, 0x00, 0x03, 0x00, 0x00, 0x00, 0x20, 0x00, 0x00, 0x00, 
  0x42, 0xfe, 0xff, 0xff, 0x00, 0x00, 0x00, 0x01, 0x14, 0x00, 0x00, 0x00, 
  0x4c, 0x00, 0x00, 0x00, 0x06, 0x00, 0x00, 0x00, 0x00, 0x00, 0x00, 0x02, 
  0x6c, 0x00, 0x00, 0x00, 0xc4, 0xfd, 0xff, 0xff, 0x08, 0x00, 0x00, 0x00, 
  0x24, 0x00, 0x00, 0x00, 0x03, 0x00, 0x00, 0x00, 0x00, 0x00, 0x00, 0x00, 
  0x00, 0x00, 0x00, 0x00, 0x00, 0x00, 0x00, 0x00, 0x00, 0x00, 0x00, 0x00, 
  0x00, 0x00, 0x00, 0x00, 0x00, 0x00, 0x00, 0x00, 0x00, 0x00, 0x00, 0x00, 
  0x03, 0x00, 0x00, 0x00, 0x20, 0x82, 0xe8, 0x38, 0x20, 0xab, 0xdc, 0x38, 
  0xe5, 0x33, 0x00, 0x39, 0x24, 0x00, 0x00, 0x00, 0x73, 0x65, 0x71, 0x75, 
  0x65, 0x6e, 0x74, 0x69, 0x61, 0x6c, 0x5f, 0x31, 0x30, 0x37, 0x5f, 0x31, 
  0x2f, 0x64, 0x65, 0x6e, 0x73, 0x65, 0x5f, 0x32, 0x31, 0x35, 0x5f, 0x31, 
  0x2f, 0x42, 0x69, 0x61, 0x73, 0x41, 0x64, 0x64, 0x00, 0x00, 0x00, 0x00, 
  0x01, 0x00, 0x00, 0x00, 0x03, 0x00, 0x00, 0x00, 0xce, 0xfe, 0xff, 0xff, 
  0x00, 0x00, 0x00, 0x01, 0x14, 0x00, 0x00, 0x00, 0x14, 0x00, 0x00, 0x00, 
  0x05, 0x00, 0x00, 0x00, 0x00, 0x00, 0x00, 0x02, 0x54, 0x00, 0x00, 0x00, 
  0xb8, 0xfe, 0xff, 0xff, 0x46, 0x00, 0x00, 0x00, 0x73, 0x65, 0x71, 0x75, 
  0x65, 0x6e, 0x74, 0x69, 0x61, 0x6c, 0x5f, 0x31, 0x30, 0x37, 0x5f, 0x31, 
  0x2f, 0x67, 0x6c, 0x6f, 0x62, 0x61, 0x6c, 0x5f, 0x61, 0x76, 0x65, 0x72, 
  0x61, 0x67, 0x65, 0x5f, 0x70, 0x6f, 0x6f, 0x6c, 0x69, 0x6e, 0x67, 0x31, 
  0x64, 0x5f, 0x31, 0x30, 0x37, 0x5f, 0x31, 0x2f, 0x4d, 0x65, 0x61, 0x6e, 
  0x2f, 0x72, 0x65, 0x64, 0x75, 0x63, 0x74, 0x69, 0x6f, 0x6e, 0x5f, 0x69, 
  0x6e, 0x64, 0x69, 0x63, 0x65, 0x73, 0x00, 0x00, 0x00, 0x00, 0x00, 0x00, 
  0x3e, 0xff, 0xff, 0xff, 0x00, 0x00, 0x00, 0x01, 0x14, 0x00, 0x00, 0x00, 
  0x14, 0x00, 0x00, 0x00, 0x04, 0x00, 0x00, 0x00, 0x00, 0x00, 0x00, 0x02, 
  0x40, 0x00, 0x00, 0x00, 0x28, 0xff, 0xff, 0xff, 0x31, 0x00, 0x00, 0x00, 
  0x73, 0x65, 0x71, 0x75, 0x65, 0x6e, 0x74, 0x69, 0x61, 0x6c, 0x5f, 0x31, 
  0x30, 0x37, 0x5f, 0x31, 0x2f, 0x63, 0x6f, 0x6e, 0x76, 0x31, 0x64, 0x5f, 
  0x32, 0x31, 0x35, 0x5f, 0x31, 0x2f, 0x63, 0x6f, 0x6e, 0x76, 0x6f, 0x6c, 
  0x75, 0x74, 0x69, 0x6f, 0x6e, 0x2f, 0x53, 0x71, 0x75, 0x65, 0x65, 0x7a, 
  0x65, 0x00, 0x00, 0x00, 0x01, 0x00, 0x00, 0x00, 0x03, 0x00, 0x00, 0x00, 
  0x9e, 0xff, 0xff, 0xff, 0x00, 0x00, 0x00, 0x01, 0x14, 0x00, 0x00, 0x00, 
  0x14, 0x00, 0x00, 0x00, 0x03, 0x00, 0x00, 0x00, 0x00, 0x00, 0x00, 0x02, 
  0x40, 0x00, 0x00, 0x00, 0x88, 0xff, 0xff, 0xff, 0x31, 0x00, 0x00, 0x00, 
  0x73, 0x65, 0x71, 0x75, 0x65, 0x6e, 0x74, 0x69, 0x61, 0x6c, 0x5f, 0x31, 
  0x30, 0x37, 0x5f, 0x31, 0x2f, 0x63, 0x6f, 0x6e, 0x76, 0x31, 0x64, 0x5f, 
  0x32, 0x31, 0x34, 0x5f, 0x31, 0x2f, 0x63, 0x6f, 0x6e, 0x76, 0x6f, 0x6c, 
  0x75, 0x74, 0x69, 0x6f, 0x6e, 0x2f, 0x53, 0x71, 0x75, 0x65, 0x65, 0x7a, 
  0x65, 0x00, 0x00, 0x00, 0x01, 0x00, 0x00, 0x00, 0x03, 0x00, 0x00, 0x00, 
  0x00, 0x00, 0x16, 0x00, 0x1c, 0x00, 0x18, 0x00, 0x17, 0x00, 0x10, 0x00, 
  0x0c, 0x00, 0x08, 0x00, 0x00, 0x00, 0x00, 0x00, 0x00, 0x00, 0x07, 0x00, 
  0x16, 0x00, 0x00, 0x00, 0x00, 0x00, 0x00, 0x01, 0x18, 0x00, 0x00, 0x00, 
  0x18, 0x00, 0x00, 0x00, 0x02, 0x00, 0x00, 0x00, 0x00, 0x00, 0x00, 0x02, 
  0x20, 0x00, 0x00, 0x00, 0x04, 0x00, 0x04, 0x00, 0x04, 0x00, 0x00, 0x00, 
  0x0e, 0x00, 0x00, 0x00, 0x61, 0x72, 0x69, 0x74, 0x68, 0x2e, 0x63, 0x6f, 
  0x6e, 0x73, 0x74, 0x61, 0x6e, 0x74, 0x00, 0x00, 0x00, 0x00, 0x00, 0x00, 
  0x00, 0x00, 0x16, 0x00, 0x20, 0x00, 0x1c, 0x00, 0x1b, 0x00, 0x14, 0x00, 
  0x10, 0x00, 0x0c, 0x00, 0x00, 0x00, 0x00, 0x00, 0x08, 0x00, 0x07, 0x00, 
  0x16, 0x00, 0x00, 0x00, 0x00, 0x00, 0x00, 0x01, 0x18, 0x00, 0x00, 0x00, 
  0x30, 0x00, 0x00, 0x00, 0x4c, 0x00, 0x00, 0x00, 0x01, 0x00, 0x00, 0x00, 
  0x00, 0x00, 0x00, 0x09, 0x68, 0x00, 0x00, 0x00, 0x03, 0x00, 0x00, 0x00, 
  0xff, 0xff, 0xff, 0xff, 0x64, 0x00, 0x00, 0x00, 0x0c, 0x00, 0x00, 0x00, 
  0x0c, 0x00, 0x0c, 0x00, 0x00, 0x00, 0x00, 0x00, 0x08, 0x00, 0x04, 0x00, 
  0x0c, 0x00, 0x00, 0x00, 0x08, 0x00, 0x00, 0x00, 0x10, 0x00, 0x00, 0x00, 
  0x01, 0x00, 0x00, 0x00, 0xfd, 0xff, 0xff, 0xff, 0xff, 0xff, 0xff, 0xff, 
  0x01, 0x00, 0x00, 0x00, 0x97, 0xdf, 0xbb, 0x3d, 0x23, 0x00, 0x00, 0x00, 
  0x73, 0x65, 0x72, 0x76, 0x69, 0x6e, 0x67, 0x5f, 0x64, 0x65, 0x66, 0x61, 
  0x75, 0x6c, 0x74, 0x5f, 0x6b, 0x65, 0x72, 0x61, 0x73, 0x5f, 0x74, 0x65, 
  0x6e, 0x73, 0x6f, 0x72, 0x5f, 0x31, 0x30, 0x38, 0x39, 0x3a, 0x30, 0x00, 
  0x03, 0x00, 0x00, 0x00, 0x01, 0x00, 0x00, 0x00, 0x64, 0x00, 0x00, 0x00, 
  0x0c, 0x00, 0x00, 0x00, 0x08, 0x00, 0x00, 0x00, 0xb0, 0x00, 0x00, 0x00, 
  0x90, 0x00, 0x00, 0x00, 0x70, 0x00, 0x00, 0x00, 0x64, 0x00, 0x00, 0x00, 
  0x4c, 0x00, 0x00, 0x00, 0x2c, 0x00, 0x00, 0x00, 0x18, 0x00, 0x00, 0x00, 
  0x04, 0x00, 0x00, 0x00, 0x98, 0xff, 0xff, 0xff, 0x19, 0x00, 0x00, 0x00, 
  0x02, 0x00, 0x00, 0x00, 0x00, 0x00, 0x00, 0x19, 0xa8, 0xff, 0xff, 0xff, 
  0x09, 0x00, 0x00, 0x00, 0x04, 0x00, 0x00, 0x00, 0x00, 0x00, 0x00, 0x09, 
  0xb8, 0xff, 0xff, 0xff, 0x28, 0x00, 0x00, 0x00, 0x02, 0x00, 0x00, 0x00, 
  0x00, 0x00, 0x00, 0x28, 0x0c, 0x00, 0x0a, 0x00, 0x09, 0x00, 0x00, 0x00, 
  0x00, 0x00, 0x04, 0x00, 0x0c, 0x00, 0x00, 0x00, 0x16, 0x00, 0x00, 0x00, 
  0x00, 0x16, 0x0a, 0x00, 0x08, 0x00, 0x00, 0x00, 0x00, 0x00, 0x04, 0x00, 
  0x0a, 0x00, 0x00, 0x00, 0x02, 0x00, 0x00, 0x00, 0xf0, 0xff, 0xff, 0xff, 
  0x12, 0x00, 0x00, 0x00, 0x02, 0x00, 0x00, 0x00, 0x00, 0x00, 0x00, 0x12, 
  0x0c, 0x00, 0x10, 0x00, 0x0f, 0x00, 0x00, 0x00, 0x08, 0x00, 0x04, 0x00, 
  0x0c, 0x00, 0x00, 0x00, 0x03, 0x00, 0x00, 0x00, 0x03, 0x00, 0x00, 0x00, 
  0x00, 0x00, 0x00, 0x03, 0x0c, 0x00, 0x0c, 0x00, 0x0b, 0x00, 0x00, 0x00, 
  0x00, 0x00, 0x04, 0x00, 0x0c, 0x00, 0x00, 0x00, 0x46, 0x00, 0x00, 0x00, 
  0x00, 0x00, 0x00, 0x46, 
};

#endif
